solid ASCII
  facet normal 6.344132e-17 1.000000e+00 0.000000e+00
    outer loop
      vertex   5.950000e+01 3.500000e+00 2.400000e+01
      vertex   6.650000e+01 3.500000e+00 2.400000e+01
      vertex   5.950000e+01 3.500000e+00 2.200000e+01
    endloop
  endfacet
  facet normal 6.344132e-17 1.000000e+00 0.000000e+00
    outer loop
      vertex   5.950000e+01 3.500000e+00 2.200000e+01
      vertex   6.650000e+01 3.500000e+00 2.400000e+01
      vertex   6.650000e+01 3.500000e+00 2.200000e+01
    endloop
  endfacet
  facet normal -0.000000e+00 -1.000000e+00 -0.000000e+00
    outer loop
      vertex   6.650000e+01 4.500000e+00 2.400000e+01
      vertex   5.950000e+01 4.500000e+00 2.400000e+01
      vertex   6.650000e+01 4.500000e+00 2.200000e+01
    endloop
  endfacet
  facet normal 0.000000e+00 -1.000000e+00 0.000000e+00
    outer loop
      vertex   6.650000e+01 4.500000e+00 2.200000e+01
      vertex   5.950000e+01 4.500000e+00 2.400000e+01
      vertex   5.950000e+01 4.500000e+00 2.200000e+01
    endloop
  endfacet
  facet normal -1.000000e+00 0.000000e+00 0.000000e+00
    outer loop
      vertex   6.650000e+01 4.500000e+00 2.200000e+01
      vertex   6.650000e+01 3.500000e+00 2.200000e+01
      vertex   6.650000e+01 4.500000e+00 2.400000e+01
    endloop
  endfacet
  facet normal -1.000000e+00 -0.000000e+00 0.000000e+00
    outer loop
      vertex   6.650000e+01 4.500000e+00 2.400000e+01
      vertex   6.650000e+01 3.500000e+00 2.200000e+01
      vertex   6.650000e+01 3.500000e+00 2.400000e+01
    endloop
  endfacet
  facet normal -1.588610e-01 -9.788545e-01 1.288686e-01
    outer loop
      vertex   -1.000000e+00 2.346593e+01 1.674118e+01
      vertex   -1.000000e+00 2.350000e+01 1.700000e+01
      vertex   -1.258819e+00 2.351836e+01 1.682043e+01
    endloop
  endfacet
  facet normal -1.300379e-01 -9.877360e-01 8.641571e-02
    outer loop
      vertex   -1.258819e+00 2.351836e+01 1.682043e+01
      vertex   -1.000000e+00 2.350000e+01 1.700000e+01
      vertex   -1.258819e+00 2.353407e+01 1.700000e+01
    endloop
  endfacet
  facet normal -3.814394e-01 -9.208762e-01 8.056623e-02
    outer loop
      vertex   -1.258819e+00 2.351836e+01 1.682043e+01
      vertex   -1.258819e+00 2.353407e+01 1.700000e+01
      vertex   -1.500000e+00 2.363397e+01 1.700000e+01
    endloop
  endfacet
  facet normal -3.814394e-01 -9.208762e-01 8.056623e-02
    outer loop
      vertex   -1.258819e+00 2.351836e+01 1.682043e+01
      vertex   -1.500000e+00 2.363397e+01 1.700000e+01
      vertex   -1.500000e+00 2.361675e+01 1.680309e+01
    endloop
  endfacet
  facet normal -6.073003e-01 -7.914492e-01 6.924283e-02
    outer loop
      vertex   -1.500000e+00 2.361675e+01 1.680309e+01
      vertex   -1.500000e+00 2.363397e+01 1.700000e+01
      vertex   -1.707107e+00 2.379289e+01 1.700000e+01
    endloop
  endfacet
  facet normal -6.073003e-01 -7.914492e-01 6.924283e-02
    outer loop
      vertex   -1.500000e+00 2.361675e+01 1.680309e+01
      vertex   -1.707107e+00 2.379289e+01 1.700000e+01
      vertex   -1.707107e+00 2.377325e+01 1.677549e+01
    endloop
  endfacet
  facet normal -7.922305e-01 -6.078999e-01 5.318435e-02
    outer loop
      vertex   -1.707107e+00 2.377325e+01 1.677549e+01
      vertex   -1.707107e+00 2.379289e+01 1.700000e+01
      vertex   -1.866025e+00 2.400000e+01 1.700000e+01
    endloop
  endfacet
  facet normal -7.922305e-01 -6.078999e-01 5.318435e-02
    outer loop
      vertex   -1.707107e+00 2.377325e+01 1.677549e+01
      vertex   -1.866025e+00 2.400000e+01 1.700000e+01
      vertex   -1.866025e+00 2.397721e+01 1.673953e+01
    endloop
  endfacet
  facet normal -9.233622e-01 -3.824691e-01 3.346171e-02
    outer loop
      vertex   -1.866025e+00 2.397721e+01 1.673953e+01
      vertex   -1.866025e+00 2.400000e+01 1.700000e+01
      vertex   -1.965926e+00 2.424118e+01 1.700000e+01
    endloop
  endfacet
  facet normal -9.233622e-01 -3.824691e-01 3.346171e-02
    outer loop
      vertex   -1.866025e+00 2.397721e+01 1.673953e+01
      vertex   -1.965926e+00 2.424118e+01 1.700000e+01
      vertex   -1.965926e+00 2.421473e+01 1.669765e+01
    endloop
  endfacet
  facet normal -9.913802e-01 -1.305177e-01 1.141882e-02
    outer loop
      vertex   -1.965926e+00 2.421473e+01 1.669765e+01
      vertex   -1.965926e+00 2.424118e+01 1.700000e+01
      vertex   -2.000000e+00 2.450000e+01 1.700000e+01
    endloop
  endfacet
  facet normal -9.908119e-01 -1.343969e-01 1.514289e-02
    outer loop
      vertex   -1.965926e+00 2.421473e+01 1.669765e+01
      vertex   -2.000000e+00 2.450000e+01 1.700000e+01
      vertex   -2.000000e+00 2.444986e+01 1.655496e+01
    endloop
  endfacet
  facet normal -9.917761e-01 -1.236240e-01 3.312496e-02
    outer loop
      vertex   -1.965926e+00 2.421473e+01 1.669765e+01
      vertex   -2.000000e+00 2.444986e+01 1.655496e+01
      vertex   -1.965926e+00 2.413618e+01 1.640448e+01
    endloop
  endfacet
  facet normal -9.905716e-01 -1.293083e-01 4.524691e-02
    outer loop
      vertex   -1.965926e+00 2.413618e+01 1.640448e+01
      vertex   -2.000000e+00 2.444986e+01 1.655496e+01
      vertex   -2.000000e+00 2.430194e+01 1.613223e+01
    endloop
  endfacet
  facet normal -9.918521e-01 -1.154591e-01 5.383946e-02
    outer loop
      vertex   -1.965926e+00 2.413618e+01 1.640448e+01
      vertex   -2.000000e+00 2.430194e+01 1.613223e+01
      vertex   -1.965926e+00 2.400791e+01 1.612941e+01
    endloop
  endfacet
  facet normal -9.906527e-01 -1.155000e-01 7.257344e-02
    outer loop
      vertex   -1.965926e+00 2.400791e+01 1.612941e+01
      vertex   -2.000000e+00 2.430194e+01 1.613223e+01
      vertex   -2.000000e+00 2.406366e+01 1.575302e+01
    endloop
  endfacet
  facet normal -9.916210e-01 -1.058189e-01 7.409519e-02
    outer loop
      vertex   -1.965926e+00 2.400791e+01 1.612941e+01
      vertex   -2.000000e+00 2.406366e+01 1.575302e+01
      vertex   -1.965926e+00 2.383382e+01 1.588079e+01
    endloop
  endfacet
  facet normal -9.910430e-01 -9.442933e-02 9.442933e-02
    outer loop
      vertex   -1.965926e+00 2.383382e+01 1.588079e+01
      vertex   -2.000000e+00 2.406366e+01 1.575302e+01
      vertex   -2.000000e+00 2.374698e+01 1.543634e+01
    endloop
  endfacet
  facet normal -9.910430e-01 -9.442933e-02 9.442933e-02
    outer loop
      vertex   -1.965926e+00 2.383382e+01 1.588079e+01
      vertex   -2.000000e+00 2.374698e+01 1.543634e+01
      vertex   -1.965926e+00 2.361921e+01 1.566618e+01
    endloop
  endfacet
  facet normal -9.916210e-01 -7.409519e-02 1.058189e-01
    outer loop
      vertex   -1.965926e+00 2.361921e+01 1.566618e+01
      vertex   -2.000000e+00 2.374698e+01 1.543634e+01
      vertex   -1.965926e+00 2.337059e+01 1.549209e+01
    endloop
  endfacet
  facet normal -9.233622e-01 -2.202133e-01 3.144971e-01
    outer loop
      vertex   -1.965926e+00 2.361921e+01 1.566618e+01
      vertex   -1.965926e+00 2.337059e+01 1.549209e+01
      vertex   -1.866025e+00 2.325000e+01 1.570096e+01
    endloop
  endfacet
  facet normal -9.233622e-01 -1.622559e-01 3.479588e-01
    outer loop
      vertex   -1.866025e+00 2.325000e+01 1.570096e+01
      vertex   -1.965926e+00 2.337059e+01 1.549209e+01
      vertex   -1.866025e+00 2.301303e+01 1.559046e+01
    endloop
  endfacet
  facet normal -7.922305e-01 -2.578909e-01 5.530489e-01
    outer loop
      vertex   -1.866025e+00 2.325000e+01 1.570096e+01
      vertex   -1.866025e+00 2.301303e+01 1.559046e+01
      vertex   -1.707107e+00 2.294220e+01 1.578508e+01
    endloop
  endfacet
  facet normal -7.922305e-01 -1.579371e-01 5.894291e-01
    outer loop
      vertex   -1.707107e+00 2.294220e+01 1.578508e+01
      vertex   -1.866025e+00 2.301303e+01 1.559046e+01
      vertex   -1.707107e+00 2.272451e+01 1.572675e+01
    endloop
  endfacet
  facet normal -6.073003e-01 -2.056246e-01 7.674014e-01
    outer loop
      vertex   -1.707107e+00 2.294220e+01 1.578508e+01
      vertex   -1.707107e+00 2.272451e+01 1.572675e+01
      vertex   -1.500000e+00 2.269691e+01 1.588325e+01
    endloop
  endfacet
  facet normal -6.073003e-01 -6.924283e-02 7.914492e-01
    outer loop
      vertex   -1.500000e+00 2.269691e+01 1.588325e+01
      vertex   -1.707107e+00 2.272451e+01 1.572675e+01
      vertex   -1.500000e+00 2.250000e+01 1.586603e+01
    endloop
  endfacet
  facet normal -3.814394e-01 -8.056623e-02 9.208762e-01
    outer loop
      vertex   -1.500000e+00 2.269691e+01 1.588325e+01
      vertex   -1.500000e+00 2.250000e+01 1.586603e+01
      vertex   -1.258819e+00 2.250000e+01 1.596593e+01
    endloop
  endfacet
  facet normal -9.906527e-01 -7.257344e-02 1.155000e-01
    outer loop
      vertex   -2.000000e+00 2.374698e+01 1.543634e+01
      vertex   -2.000000e+00 2.336777e+01 1.519806e+01
      vertex   -1.965926e+00 2.337059e+01 1.549209e+01
    endloop
  endfacet
  facet normal -9.918521e-01 -5.383946e-02 1.154591e-01
    outer loop
      vertex   -1.965926e+00 2.337059e+01 1.549209e+01
      vertex   -2.000000e+00 2.336777e+01 1.519806e+01
      vertex   -1.965926e+00 2.309552e+01 1.536383e+01
    endloop
  endfacet
  facet normal -9.233622e-01 -1.622559e-01 3.479588e-01
    outer loop
      vertex   -1.965926e+00 2.337059e+01 1.549209e+01
      vertex   -1.965926e+00 2.309552e+01 1.536383e+01
      vertex   -1.866025e+00 2.301303e+01 1.559046e+01
    endloop
  endfacet
  facet normal -9.233622e-01 -9.936842e-02 3.708480e-01
    outer loop
      vertex   -1.866025e+00 2.301303e+01 1.559046e+01
      vertex   -1.965926e+00 2.309552e+01 1.536383e+01
      vertex   -1.866025e+00 2.276047e+01 1.552279e+01
    endloop
  endfacet
  facet normal -7.922305e-01 -1.579371e-01 5.894291e-01
    outer loop
      vertex   -1.866025e+00 2.301303e+01 1.559046e+01
      vertex   -1.866025e+00 2.276047e+01 1.552279e+01
      vertex   -1.707107e+00 2.272451e+01 1.572675e+01
    endloop
  endfacet
  facet normal -7.922305e-01 -5.318435e-02 6.078999e-01
    outer loop
      vertex   -1.707107e+00 2.272451e+01 1.572675e+01
      vertex   -1.866025e+00 2.276047e+01 1.552279e+01
      vertex   -1.707107e+00 2.250000e+01 1.570711e+01
    endloop
  endfacet
  facet normal -6.073003e-01 -6.924283e-02 7.914492e-01
    outer loop
      vertex   -1.707107e+00 2.272451e+01 1.572675e+01
      vertex   -1.707107e+00 2.250000e+01 1.570711e+01
      vertex   -1.500000e+00 2.250000e+01 1.586603e+01
    endloop
  endfacet
  facet normal -9.905716e-01 -4.524691e-02 1.293083e-01
    outer loop
      vertex   -2.000000e+00 2.336777e+01 1.519806e+01
      vertex   -2.000000e+00 2.294504e+01 1.505014e+01
      vertex   -1.965926e+00 2.309552e+01 1.536383e+01
    endloop
  endfacet
  facet normal -9.917761e-01 -3.312496e-02 1.236240e-01
    outer loop
      vertex   -1.965926e+00 2.309552e+01 1.536383e+01
      vertex   -2.000000e+00 2.294504e+01 1.505014e+01
      vertex   -1.965926e+00 2.280235e+01 1.528527e+01
    endloop
  endfacet
  facet normal -9.233622e-01 -9.936842e-02 3.708480e-01
    outer loop
      vertex   -1.965926e+00 2.309552e+01 1.536383e+01
      vertex   -1.965926e+00 2.280235e+01 1.528527e+01
      vertex   -1.866025e+00 2.276047e+01 1.552279e+01
    endloop
  endfacet
  facet normal -9.233622e-01 -3.346171e-02 3.824691e-01
    outer loop
      vertex   -1.866025e+00 2.276047e+01 1.552279e+01
      vertex   -1.965926e+00 2.280235e+01 1.528527e+01
      vertex   -1.866025e+00 2.250000e+01 1.550000e+01
    endloop
  endfacet
  facet normal -7.922305e-01 -5.318435e-02 6.078999e-01
    outer loop
      vertex   -1.866025e+00 2.276047e+01 1.552279e+01
      vertex   -1.866025e+00 2.250000e+01 1.550000e+01
      vertex   -1.707107e+00 2.250000e+01 1.570711e+01
    endloop
  endfacet
  facet normal -9.908119e-01 -1.514289e-02 1.343969e-01
    outer loop
      vertex   -2.000000e+00 2.294504e+01 1.505014e+01
      vertex   -2.000000e+00 2.250000e+01 1.500000e+01
      vertex   -1.965926e+00 2.280235e+01 1.528527e+01
    endloop
  endfacet
  facet normal -9.913802e-01 -1.141882e-02 1.305177e-01
    outer loop
      vertex   -1.965926e+00 2.280235e+01 1.528527e+01
      vertex   -2.000000e+00 2.250000e+01 1.500000e+01
      vertex   -1.965926e+00 2.250000e+01 1.525882e+01
    endloop
  endfacet
  facet normal -9.233622e-01 -3.346171e-02 3.824691e-01
    outer loop
      vertex   -1.965926e+00 2.280235e+01 1.528527e+01
      vertex   -1.965926e+00 2.250000e+01 1.525882e+01
      vertex   -1.866025e+00 2.250000e+01 1.550000e+01
    endloop
  endfacet
  facet normal -3.814394e-01 -8.056623e-02 9.208762e-01
    outer loop
      vertex   -1.500000e+00 2.269691e+01 1.588325e+01
      vertex   -1.258819e+00 2.250000e+01 1.596593e+01
      vertex   -1.258819e+00 2.267957e+01 1.598164e+01
    endloop
  endfacet
  facet normal -1.300379e-01 -8.641571e-02 9.877360e-01
    outer loop
      vertex   -1.258819e+00 2.267957e+01 1.598164e+01
      vertex   -1.258819e+00 2.250000e+01 1.596593e+01
      vertex   -1.000000e+00 2.250000e+01 1.600000e+01
    endloop
  endfacet
  facet normal -1.588610e-01 -1.288686e-01 9.788545e-01
    outer loop
      vertex   -1.258819e+00 2.267957e+01 1.598164e+01
      vertex   -1.000000e+00 2.250000e+01 1.600000e+01
      vertex   -1.000000e+00 2.275882e+01 1.603407e+01
    endloop
  endfacet
  facet normal -1.156674e-01 -2.570819e-01 9.594425e-01
    outer loop
      vertex   -1.258819e+00 2.267957e+01 1.598164e+01
      vertex   -1.000000e+00 2.275882e+01 1.603407e+01
      vertex   -1.258819e+00 2.285367e+01 1.602829e+01
    endloop
  endfacet
  facet normal -1.588610e-01 -3.778237e-01 9.121471e-01
    outer loop
      vertex   -1.258819e+00 2.285367e+01 1.602829e+01
      vertex   -1.000000e+00 2.275882e+01 1.603407e+01
      vertex   -1.000000e+00 2.300000e+01 1.613397e+01
    endloop
  endfacet
  facet normal -1.300379e-01 -4.190298e-01 8.986123e-01
    outer loop
      vertex   -1.258819e+00 2.285367e+01 1.602829e+01
      vertex   -1.000000e+00 2.300000e+01 1.613397e+01
      vertex   -1.258819e+00 2.301704e+01 1.610447e+01
    endloop
  endfacet
  facet normal -1.300379e-01 -5.687062e-01 8.121966e-01
    outer loop
      vertex   -1.258819e+00 2.301704e+01 1.610447e+01
      vertex   -1.000000e+00 2.300000e+01 1.613397e+01
      vertex   -1.258819e+00 2.316469e+01 1.620785e+01
    endloop
  endfacet
  facet normal -3.814394e-01 -5.302105e-01 7.572191e-01
    outer loop
      vertex   -1.258819e+00 2.301704e+01 1.610447e+01
      vertex   -1.258819e+00 2.316469e+01 1.620785e+01
      vertex   -1.500000e+00 2.322891e+01 1.613133e+01
    endloop
  endfacet
  facet normal -3.814394e-01 -6.536451e-01 6.536451e-01
    outer loop
      vertex   -1.500000e+00 2.322891e+01 1.613133e+01
      vertex   -1.258819e+00 2.316469e+01 1.620785e+01
      vertex   -1.500000e+00 2.336868e+01 1.627110e+01
    endloop
  endfacet
  facet normal -6.073003e-01 -5.617768e-01 5.617768e-01
    outer loop
      vertex   -1.500000e+00 2.322891e+01 1.613133e+01
      vertex   -1.500000e+00 2.336868e+01 1.627110e+01
      vertex   -1.707107e+00 2.349041e+01 1.616894e+01
    endloop
  endfacet
  facet normal -6.073003e-01 -6.507937e-01 4.556906e-01
    outer loop
      vertex   -1.707107e+00 2.349041e+01 1.616894e+01
      vertex   -1.500000e+00 2.336868e+01 1.627110e+01
      vertex   -1.707107e+00 2.361968e+01 1.635355e+01
    endloop
  endfacet
  facet normal -7.922305e-01 -4.998645e-01 3.500089e-01
    outer loop
      vertex   -1.707107e+00 2.349041e+01 1.616894e+01
      vertex   -1.707107e+00 2.361968e+01 1.635355e+01
      vertex   -1.866025e+00 2.379904e+01 1.625000e+01
    endloop
  endfacet
  facet normal -7.922305e-01 -5.530489e-01 2.578909e-01
    outer loop
      vertex   -1.866025e+00 2.379904e+01 1.625000e+01
      vertex   -1.707107e+00 2.361968e+01 1.635355e+01
      vertex   -1.866025e+00 2.390954e+01 1.648697e+01
    endloop
  endfacet
  facet normal -9.233622e-01 -3.479588e-01 1.622559e-01
    outer loop
      vertex   -1.866025e+00 2.379904e+01 1.625000e+01
      vertex   -1.866025e+00 2.390954e+01 1.648697e+01
      vertex   -1.965926e+00 2.413618e+01 1.640448e+01
    endloop
  endfacet
  facet normal -9.233622e-01 -3.708480e-01 9.936842e-02
    outer loop
      vertex   -1.965926e+00 2.413618e+01 1.640448e+01
      vertex   -1.866025e+00 2.390954e+01 1.648697e+01
      vertex   -1.965926e+00 2.421473e+01 1.669765e+01
    endloop
  endfacet
  facet normal -1.588610e-01 -6.010307e-01 7.832785e-01
    outer loop
      vertex   -1.000000e+00 2.300000e+01 1.613397e+01
      vertex   -1.000000e+00 2.320711e+01 1.629289e+01
      vertex   -1.258819e+00 2.316469e+01 1.620785e+01
    endloop
  endfacet
  facet normal -1.156674e-01 -7.023607e-01 7.023607e-01
    outer loop
      vertex   -1.258819e+00 2.316469e+01 1.620785e+01
      vertex   -1.000000e+00 2.320711e+01 1.629289e+01
      vertex   -1.258819e+00 2.329215e+01 1.633531e+01
    endloop
  endfacet
  facet normal -3.814394e-01 -6.536451e-01 6.536451e-01
    outer loop
      vertex   -1.258819e+00 2.316469e+01 1.620785e+01
      vertex   -1.258819e+00 2.329215e+01 1.633531e+01
      vertex   -1.500000e+00 2.336868e+01 1.627110e+01
    endloop
  endfacet
  facet normal -3.814394e-01 -7.572191e-01 5.302105e-01
    outer loop
      vertex   -1.500000e+00 2.336868e+01 1.627110e+01
      vertex   -1.258819e+00 2.329215e+01 1.633531e+01
      vertex   -1.500000e+00 2.348205e+01 1.643301e+01
    endloop
  endfacet
  facet normal -6.073003e-01 -6.507937e-01 4.556906e-01
    outer loop
      vertex   -1.500000e+00 2.336868e+01 1.627110e+01
      vertex   -1.500000e+00 2.348205e+01 1.643301e+01
      vertex   -1.707107e+00 2.361968e+01 1.635355e+01
    endloop
  endfacet
  facet normal -6.073003e-01 -7.200365e-01 3.357585e-01
    outer loop
      vertex   -1.707107e+00 2.361968e+01 1.635355e+01
      vertex   -1.500000e+00 2.348205e+01 1.643301e+01
      vertex   -1.707107e+00 2.371492e+01 1.655780e+01
    endloop
  endfacet
  facet normal -7.922305e-01 -5.530489e-01 2.578909e-01
    outer loop
      vertex   -1.707107e+00 2.361968e+01 1.635355e+01
      vertex   -1.707107e+00 2.371492e+01 1.655780e+01
      vertex   -1.866025e+00 2.390954e+01 1.648697e+01
    endloop
  endfacet
  facet normal -7.922305e-01 -5.894291e-01 1.579371e-01
    outer loop
      vertex   -1.866025e+00 2.390954e+01 1.648697e+01
      vertex   -1.707107e+00 2.371492e+01 1.655780e+01
      vertex   -1.866025e+00 2.397721e+01 1.673953e+01
    endloop
  endfacet
  facet normal -9.233622e-01 -3.708480e-01 9.936842e-02
    outer loop
      vertex   -1.866025e+00 2.390954e+01 1.648697e+01
      vertex   -1.866025e+00 2.397721e+01 1.673953e+01
      vertex   -1.965926e+00 2.421473e+01 1.669765e+01
    endloop
  endfacet
  facet normal -1.588610e-01 -7.832785e-01 6.010307e-01
    outer loop
      vertex   -1.000000e+00 2.320711e+01 1.629289e+01
      vertex   -1.000000e+00 2.336603e+01 1.650000e+01
      vertex   -1.258819e+00 2.329215e+01 1.633531e+01
    endloop
  endfacet
  facet normal -1.300379e-01 -8.121966e-01 5.687062e-01
    outer loop
      vertex   -1.258819e+00 2.329215e+01 1.633531e+01
      vertex   -1.000000e+00 2.336603e+01 1.650000e+01
      vertex   -1.258819e+00 2.339553e+01 1.648296e+01
    endloop
  endfacet
  facet normal -3.814394e-01 -7.572191e-01 5.302105e-01
    outer loop
      vertex   -1.258819e+00 2.329215e+01 1.633531e+01
      vertex   -1.258819e+00 2.339553e+01 1.648296e+01
      vertex   -1.500000e+00 2.348205e+01 1.643301e+01
    endloop
  endfacet
  facet normal -3.814394e-01 -8.377853e-01 3.906657e-01
    outer loop
      vertex   -1.500000e+00 2.348205e+01 1.643301e+01
      vertex   -1.258819e+00 2.339553e+01 1.648296e+01
      vertex   -1.500000e+00 2.356559e+01 1.661216e+01
    endloop
  endfacet
  facet normal -6.073003e-01 -7.200365e-01 3.357585e-01
    outer loop
      vertex   -1.500000e+00 2.348205e+01 1.643301e+01
      vertex   -1.500000e+00 2.356559e+01 1.661216e+01
      vertex   -1.707107e+00 2.371492e+01 1.655780e+01
    endloop
  endfacet
  facet normal -6.073003e-01 -7.674014e-01 2.056246e-01
    outer loop
      vertex   -1.707107e+00 2.371492e+01 1.655780e+01
      vertex   -1.500000e+00 2.356559e+01 1.661216e+01
      vertex   -1.707107e+00 2.377325e+01 1.677549e+01
    endloop
  endfacet
  facet normal -7.922305e-01 -5.894291e-01 1.579371e-01
    outer loop
      vertex   -1.707107e+00 2.371492e+01 1.655780e+01
      vertex   -1.707107e+00 2.377325e+01 1.677549e+01
      vertex   -1.866025e+00 2.397721e+01 1.673953e+01
    endloop
  endfacet
  facet normal -1.300379e-01 -8.986123e-01 4.190298e-01
    outer loop
      vertex   -1.258819e+00 2.339553e+01 1.648296e+01
      vertex   -1.000000e+00 2.336603e+01 1.650000e+01
      vertex   -1.258819e+00 2.347171e+01 1.664633e+01
    endloop
  endfacet
  facet normal -1.588610e-01 -9.121471e-01 3.778237e-01
    outer loop
      vertex   -1.258819e+00 2.347171e+01 1.664633e+01
      vertex   -1.000000e+00 2.336603e+01 1.650000e+01
      vertex   -1.000000e+00 2.346593e+01 1.674118e+01
    endloop
  endfacet
  facet normal -1.156674e-01 -9.594425e-01 2.570819e-01
    outer loop
      vertex   -1.258819e+00 2.347171e+01 1.664633e+01
      vertex   -1.000000e+00 2.346593e+01 1.674118e+01
      vertex   -1.258819e+00 2.351836e+01 1.682043e+01
    endloop
  endfacet
  facet normal -3.814394e-01 -8.928959e-01 2.392507e-01
    outer loop
      vertex   -1.258819e+00 2.347171e+01 1.664633e+01
      vertex   -1.258819e+00 2.351836e+01 1.682043e+01
      vertex   -1.500000e+00 2.361675e+01 1.680309e+01
    endloop
  endfacet
  facet normal -3.814394e-01 -8.928959e-01 2.392507e-01
    outer loop
      vertex   -1.258819e+00 2.347171e+01 1.664633e+01
      vertex   -1.500000e+00 2.361675e+01 1.680309e+01
      vertex   -1.500000e+00 2.356559e+01 1.661216e+01
    endloop
  endfacet
  facet normal -6.073003e-01 -7.674014e-01 2.056246e-01
    outer loop
      vertex   -1.500000e+00 2.356559e+01 1.661216e+01
      vertex   -1.500000e+00 2.361675e+01 1.680309e+01
      vertex   -1.707107e+00 2.377325e+01 1.677549e+01
    endloop
  endfacet
  facet normal -3.814394e-01 -8.377853e-01 3.906657e-01
    outer loop
      vertex   -1.258819e+00 2.339553e+01 1.648296e+01
      vertex   -1.258819e+00 2.347171e+01 1.664633e+01
      vertex   -1.500000e+00 2.356559e+01 1.661216e+01
    endloop
  endfacet
  facet normal -9.233622e-01 -3.479588e-01 1.622559e-01
    outer loop
      vertex   -1.965926e+00 2.413618e+01 1.640448e+01
      vertex   -1.965926e+00 2.400791e+01 1.612941e+01
      vertex   -1.866025e+00 2.379904e+01 1.625000e+01
    endloop
  endfacet
  facet normal -9.233622e-01 -3.144971e-01 2.202133e-01
    outer loop
      vertex   -1.866025e+00 2.379904e+01 1.625000e+01
      vertex   -1.965926e+00 2.400791e+01 1.612941e+01
      vertex   -1.866025e+00 2.364907e+01 1.603582e+01
    endloop
  endfacet
  facet normal -7.922305e-01 -4.998645e-01 3.500089e-01
    outer loop
      vertex   -1.866025e+00 2.379904e+01 1.625000e+01
      vertex   -1.866025e+00 2.364907e+01 1.603582e+01
      vertex   -1.707107e+00 2.349041e+01 1.616894e+01
    endloop
  endfacet
  facet normal -7.922305e-01 -4.314921e-01 4.314921e-01
    outer loop
      vertex   -1.707107e+00 2.349041e+01 1.616894e+01
      vertex   -1.866025e+00 2.364907e+01 1.603582e+01
      vertex   -1.707107e+00 2.333106e+01 1.600959e+01
    endloop
  endfacet
  facet normal -6.073003e-01 -5.617768e-01 5.617768e-01
    outer loop
      vertex   -1.707107e+00 2.349041e+01 1.616894e+01
      vertex   -1.707107e+00 2.333106e+01 1.600959e+01
      vertex   -1.500000e+00 2.322891e+01 1.613133e+01
    endloop
  endfacet
  facet normal -6.073003e-01 -4.556906e-01 6.507937e-01
    outer loop
      vertex   -1.500000e+00 2.322891e+01 1.613133e+01
      vertex   -1.707107e+00 2.333106e+01 1.600959e+01
      vertex   -1.500000e+00 2.306699e+01 1.601795e+01
    endloop
  endfacet
  facet normal -3.814394e-01 -5.302105e-01 7.572191e-01
    outer loop
      vertex   -1.500000e+00 2.322891e+01 1.613133e+01
      vertex   -1.500000e+00 2.306699e+01 1.601795e+01
      vertex   -1.258819e+00 2.301704e+01 1.610447e+01
    endloop
  endfacet
  facet normal -3.814394e-01 -3.906657e-01 8.377853e-01
    outer loop
      vertex   -1.258819e+00 2.301704e+01 1.610447e+01
      vertex   -1.500000e+00 2.306699e+01 1.601795e+01
      vertex   -1.258819e+00 2.285367e+01 1.602829e+01
    endloop
  endfacet
  facet normal -9.233622e-01 -3.144971e-01 2.202133e-01
    outer loop
      vertex   -1.965926e+00 2.400791e+01 1.612941e+01
      vertex   -1.965926e+00 2.383382e+01 1.588079e+01
      vertex   -1.866025e+00 2.364907e+01 1.603582e+01
    endloop
  endfacet
  facet normal -9.233622e-01 -2.714796e-01 2.714796e-01
    outer loop
      vertex   -1.866025e+00 2.364907e+01 1.603582e+01
      vertex   -1.965926e+00 2.383382e+01 1.588079e+01
      vertex   -1.866025e+00 2.346418e+01 1.585093e+01
    endloop
  endfacet
  facet normal -7.922305e-01 -4.314921e-01 4.314921e-01
    outer loop
      vertex   -1.866025e+00 2.364907e+01 1.603582e+01
      vertex   -1.866025e+00 2.346418e+01 1.585093e+01
      vertex   -1.707107e+00 2.333106e+01 1.600959e+01
    endloop
  endfacet
  facet normal -7.922305e-01 -3.500089e-01 4.998645e-01
    outer loop
      vertex   -1.707107e+00 2.333106e+01 1.600959e+01
      vertex   -1.866025e+00 2.346418e+01 1.585093e+01
      vertex   -1.707107e+00 2.314645e+01 1.588032e+01
    endloop
  endfacet
  facet normal -6.073003e-01 -4.556906e-01 6.507937e-01
    outer loop
      vertex   -1.707107e+00 2.333106e+01 1.600959e+01
      vertex   -1.707107e+00 2.314645e+01 1.588032e+01
      vertex   -1.500000e+00 2.306699e+01 1.601795e+01
    endloop
  endfacet
  facet normal -6.073003e-01 -3.357585e-01 7.200365e-01
    outer loop
      vertex   -1.500000e+00 2.306699e+01 1.601795e+01
      vertex   -1.707107e+00 2.314645e+01 1.588032e+01
      vertex   -1.500000e+00 2.288784e+01 1.593441e+01
    endloop
  endfacet
  facet normal -3.814394e-01 -3.906657e-01 8.377853e-01
    outer loop
      vertex   -1.500000e+00 2.306699e+01 1.601795e+01
      vertex   -1.500000e+00 2.288784e+01 1.593441e+01
      vertex   -1.258819e+00 2.285367e+01 1.602829e+01
    endloop
  endfacet
  facet normal -3.814394e-01 -2.392507e-01 8.928959e-01
    outer loop
      vertex   -1.258819e+00 2.285367e+01 1.602829e+01
      vertex   -1.500000e+00 2.288784e+01 1.593441e+01
      vertex   -1.258819e+00 2.267957e+01 1.598164e+01
    endloop
  endfacet
  facet normal -9.233622e-01 -2.202133e-01 3.144971e-01
    outer loop
      vertex   -1.965926e+00 2.361921e+01 1.566618e+01
      vertex   -1.866025e+00 2.325000e+01 1.570096e+01
      vertex   -1.866025e+00 2.346418e+01 1.585093e+01
    endloop
  endfacet
  facet normal -7.922305e-01 -3.500089e-01 4.998645e-01
    outer loop
      vertex   -1.866025e+00 2.346418e+01 1.585093e+01
      vertex   -1.866025e+00 2.325000e+01 1.570096e+01
      vertex   -1.707107e+00 2.314645e+01 1.588032e+01
    endloop
  endfacet
  facet normal -6.073003e-01 -3.357585e-01 7.200365e-01
    outer loop
      vertex   -1.500000e+00 2.288784e+01 1.593441e+01
      vertex   -1.707107e+00 2.314645e+01 1.588032e+01
      vertex   -1.707107e+00 2.294220e+01 1.578508e+01
    endloop
  endfacet
  facet normal -7.922305e-01 -2.578909e-01 5.530489e-01
    outer loop
      vertex   -1.707107e+00 2.294220e+01 1.578508e+01
      vertex   -1.707107e+00 2.314645e+01 1.588032e+01
      vertex   -1.866025e+00 2.325000e+01 1.570096e+01
    endloop
  endfacet
  facet normal -9.233622e-01 -2.714796e-01 2.714796e-01
    outer loop
      vertex   -1.965926e+00 2.383382e+01 1.588079e+01
      vertex   -1.965926e+00 2.361921e+01 1.566618e+01
      vertex   -1.866025e+00 2.346418e+01 1.585093e+01
    endloop
  endfacet
  facet normal -3.814394e-01 -2.392507e-01 8.928959e-01
    outer loop
      vertex   -1.258819e+00 2.267957e+01 1.598164e+01
      vertex   -1.500000e+00 2.288784e+01 1.593441e+01
      vertex   -1.500000e+00 2.269691e+01 1.588325e+01
    endloop
  endfacet
  facet normal -6.073003e-01 -2.056246e-01 7.674014e-01
    outer loop
      vertex   -1.500000e+00 2.269691e+01 1.588325e+01
      vertex   -1.500000e+00 2.288784e+01 1.593441e+01
      vertex   -1.707107e+00 2.294220e+01 1.578508e+01
    endloop
  endfacet
  facet normal -9.914449e-01 0.000000e+00 1.305262e-01
    outer loop
      vertex   -2.000000e+00 2.250000e+01 1.500000e+01
      vertex   -2.000000e+00 1.250000e+01 1.500000e+01
      vertex   -1.965926e+00 1.750000e+01 1.525882e+01
    endloop
  endfacet
  facet normal -9.914449e-01 0.000000e+00 1.305262e-01
    outer loop
      vertex   -1.965926e+00 1.750000e+01 1.525882e+01
      vertex   -2.000000e+00 1.250000e+01 1.500000e+01
      vertex   -1.965926e+00 1.250000e+01 1.525882e+01
    endloop
  endfacet
  facet normal -9.238795e-01 0.000000e+00 3.826834e-01
    outer loop
      vertex   -1.965926e+00 1.750000e+01 1.525882e+01
      vertex   -1.965926e+00 1.250000e+01 1.525882e+01
      vertex   -1.866025e+00 1.750000e+01 1.550000e+01
    endloop
  endfacet
  facet normal -9.238795e-01 0.000000e+00 3.826834e-01
    outer loop
      vertex   -1.866025e+00 1.750000e+01 1.550000e+01
      vertex   -1.965926e+00 1.250000e+01 1.525882e+01
      vertex   -1.866025e+00 1.250000e+01 1.550000e+01
    endloop
  endfacet
  facet normal -7.933533e-01 0.000000e+00 6.087614e-01
    outer loop
      vertex   -1.866025e+00 1.750000e+01 1.550000e+01
      vertex   -1.866025e+00 1.250000e+01 1.550000e+01
      vertex   -1.707107e+00 1.750000e+01 1.570711e+01
    endloop
  endfacet
  facet normal -7.933533e-01 3.523197e-17 6.087614e-01
    outer loop
      vertex   -1.707107e+00 1.750000e+01 1.570711e+01
      vertex   -1.866025e+00 1.250000e+01 1.550000e+01
      vertex   -1.707107e+00 1.250000e+01 1.570711e+01
    endloop
  endfacet
  facet normal -6.087614e-01 2.703444e-17 7.933533e-01
    outer loop
      vertex   -1.707107e+00 1.750000e+01 1.570711e+01
      vertex   -1.707107e+00 1.250000e+01 1.570711e+01
      vertex   -1.500000e+00 1.750000e+01 1.586603e+01
    endloop
  endfacet
  facet normal -6.087614e-01 0.000000e+00 7.933533e-01
    outer loop
      vertex   -1.500000e+00 1.750000e+01 1.586603e+01
      vertex   -1.707107e+00 1.250000e+01 1.570711e+01
      vertex   -1.500000e+00 1.250000e+01 1.586603e+01
    endloop
  endfacet
  facet normal -3.826834e-01 0.000000e+00 9.238795e-01
    outer loop
      vertex   -1.500000e+00 1.750000e+01 1.586603e+01
      vertex   -1.500000e+00 1.250000e+01 1.586603e+01
      vertex   -1.258819e+00 1.750000e+01 1.596593e+01
    endloop
  endfacet
  facet normal -3.826834e-01 0.000000e+00 9.238795e-01
    outer loop
      vertex   -1.258819e+00 1.750000e+01 1.596593e+01
      vertex   -1.500000e+00 1.250000e+01 1.586603e+01
      vertex   -1.258819e+00 1.250000e+01 1.596593e+01
    endloop
  endfacet
  facet normal -1.305262e-01 0.000000e+00 9.914449e-01
    outer loop
      vertex   -1.258819e+00 1.750000e+01 1.596593e+01
      vertex   -1.258819e+00 1.250000e+01 1.596593e+01
      vertex   -1.000000e+00 1.250000e+01 1.600000e+01
    endloop
  endfacet
  facet normal -1.305262e-01 2.898264e-18 9.914449e-01
    outer loop
      vertex   -1.000000e+00 1.250000e+01 1.600000e+01
      vertex   -1.000000e+00 2.250000e+01 1.600000e+01
      vertex   -1.258819e+00 1.750000e+01 1.596593e+01
    endloop
  endfacet
  facet normal -1.305262e-01 0.000000e+00 9.914449e-01
    outer loop
      vertex   -1.258819e+00 1.750000e+01 1.596593e+01
      vertex   -1.000000e+00 2.250000e+01 1.600000e+01
      vertex   -1.258819e+00 2.250000e+01 1.596593e+01
    endloop
  endfacet
  facet normal -3.826834e-01 0.000000e+00 9.238795e-01
    outer loop
      vertex   -1.258819e+00 1.750000e+01 1.596593e+01
      vertex   -1.258819e+00 2.250000e+01 1.596593e+01
      vertex   -1.500000e+00 1.750000e+01 1.586603e+01
    endloop
  endfacet
  facet normal -3.826834e-01 0.000000e+00 9.238795e-01
    outer loop
      vertex   -1.500000e+00 1.750000e+01 1.586603e+01
      vertex   -1.258819e+00 2.250000e+01 1.596593e+01
      vertex   -1.500000e+00 2.250000e+01 1.586603e+01
    endloop
  endfacet
  facet normal -6.087614e-01 0.000000e+00 7.933533e-01
    outer loop
      vertex   -1.500000e+00 1.750000e+01 1.586603e+01
      vertex   -1.500000e+00 2.250000e+01 1.586603e+01
      vertex   -1.707107e+00 1.750000e+01 1.570711e+01
    endloop
  endfacet
  facet normal -6.087614e-01 -2.703444e-17 7.933533e-01
    outer loop
      vertex   -1.707107e+00 1.750000e+01 1.570711e+01
      vertex   -1.500000e+00 2.250000e+01 1.586603e+01
      vertex   -1.707107e+00 2.250000e+01 1.570711e+01
    endloop
  endfacet
  facet normal -7.933533e-01 -3.523197e-17 6.087614e-01
    outer loop
      vertex   -1.707107e+00 1.750000e+01 1.570711e+01
      vertex   -1.707107e+00 2.250000e+01 1.570711e+01
      vertex   -1.866025e+00 1.750000e+01 1.550000e+01
    endloop
  endfacet
  facet normal -7.933533e-01 0.000000e+00 6.087614e-01
    outer loop
      vertex   -1.866025e+00 1.750000e+01 1.550000e+01
      vertex   -1.707107e+00 2.250000e+01 1.570711e+01
      vertex   -1.866025e+00 2.250000e+01 1.550000e+01
    endloop
  endfacet
  facet normal -9.238795e-01 0.000000e+00 3.826834e-01
    outer loop
      vertex   -1.866025e+00 1.750000e+01 1.550000e+01
      vertex   -1.866025e+00 2.250000e+01 1.550000e+01
      vertex   -1.965926e+00 1.750000e+01 1.525882e+01
    endloop
  endfacet
  facet normal -9.238795e-01 0.000000e+00 3.826834e-01
    outer loop
      vertex   -1.965926e+00 1.750000e+01 1.525882e+01
      vertex   -1.866025e+00 2.250000e+01 1.550000e+01
      vertex   -1.965926e+00 2.250000e+01 1.525882e+01
    endloop
  endfacet
  facet normal -9.914449e-01 0.000000e+00 1.305262e-01
    outer loop
      vertex   -1.965926e+00 1.750000e+01 1.525882e+01
      vertex   -1.965926e+00 2.250000e+01 1.525882e+01
      vertex   -2.000000e+00 2.250000e+01 1.500000e+01
    endloop
  endfacet
  facet normal -9.908119e-01 1.343969e-01 1.514289e-02
    outer loop
      vertex   -2.000000e+00 1.055014e+01 1.655496e+01
      vertex   -2.000000e+00 1.050000e+01 1.700000e+01
      vertex   -1.965926e+00 1.078527e+01 1.669765e+01
    endloop
  endfacet
  facet normal -9.913802e-01 1.305177e-01 1.141882e-02
    outer loop
      vertex   -1.965926e+00 1.078527e+01 1.669765e+01
      vertex   -2.000000e+00 1.050000e+01 1.700000e+01
      vertex   -1.965926e+00 1.075882e+01 1.700000e+01
    endloop
  endfacet
  facet normal -9.233622e-01 3.824691e-01 3.346171e-02
    outer loop
      vertex   -1.965926e+00 1.078527e+01 1.669765e+01
      vertex   -1.965926e+00 1.075882e+01 1.700000e+01
      vertex   -1.866025e+00 1.100000e+01 1.700000e+01
    endloop
  endfacet
  facet normal -9.233622e-01 3.824691e-01 3.346171e-02
    outer loop
      vertex   -1.965926e+00 1.078527e+01 1.669765e+01
      vertex   -1.866025e+00 1.100000e+01 1.700000e+01
      vertex   -1.866025e+00 1.102279e+01 1.673953e+01
    endloop
  endfacet
  facet normal -7.922305e-01 6.078999e-01 5.318435e-02
    outer loop
      vertex   -1.866025e+00 1.102279e+01 1.673953e+01
      vertex   -1.866025e+00 1.100000e+01 1.700000e+01
      vertex   -1.707107e+00 1.120711e+01 1.700000e+01
    endloop
  endfacet
  facet normal -7.922305e-01 6.078999e-01 5.318435e-02
    outer loop
      vertex   -1.866025e+00 1.102279e+01 1.673953e+01
      vertex   -1.707107e+00 1.120711e+01 1.700000e+01
      vertex   -1.707107e+00 1.122675e+01 1.677549e+01
    endloop
  endfacet
  facet normal -6.073003e-01 7.914492e-01 6.924283e-02
    outer loop
      vertex   -1.707107e+00 1.122675e+01 1.677549e+01
      vertex   -1.707107e+00 1.120711e+01 1.700000e+01
      vertex   -1.500000e+00 1.136603e+01 1.700000e+01
    endloop
  endfacet
  facet normal -6.073003e-01 7.914492e-01 6.924283e-02
    outer loop
      vertex   -1.707107e+00 1.122675e+01 1.677549e+01
      vertex   -1.500000e+00 1.136603e+01 1.700000e+01
      vertex   -1.500000e+00 1.138325e+01 1.680309e+01
    endloop
  endfacet
  facet normal -3.814394e-01 9.208762e-01 8.056623e-02
    outer loop
      vertex   -1.500000e+00 1.138325e+01 1.680309e+01
      vertex   -1.500000e+00 1.136603e+01 1.700000e+01
      vertex   -1.258819e+00 1.146593e+01 1.700000e+01
    endloop
  endfacet
  facet normal -3.814394e-01 9.208762e-01 8.056623e-02
    outer loop
      vertex   -1.500000e+00 1.138325e+01 1.680309e+01
      vertex   -1.258819e+00 1.146593e+01 1.700000e+01
      vertex   -1.258819e+00 1.148164e+01 1.682043e+01
    endloop
  endfacet
  facet normal -1.300379e-01 9.877360e-01 8.641571e-02
    outer loop
      vertex   -1.258819e+00 1.148164e+01 1.682043e+01
      vertex   -1.258819e+00 1.146593e+01 1.700000e+01
      vertex   -1.000000e+00 1.150000e+01 1.700000e+01
    endloop
  endfacet
  facet normal -1.588610e-01 9.788545e-01 1.288686e-01
    outer loop
      vertex   -1.258819e+00 1.148164e+01 1.682043e+01
      vertex   -1.000000e+00 1.150000e+01 1.700000e+01
      vertex   -1.000000e+00 1.153407e+01 1.674118e+01
    endloop
  endfacet
  facet normal -1.156674e-01 9.594425e-01 2.570819e-01
    outer loop
      vertex   -1.258819e+00 1.148164e+01 1.682043e+01
      vertex   -1.000000e+00 1.153407e+01 1.674118e+01
      vertex   -1.258819e+00 1.152829e+01 1.664633e+01
    endloop
  endfacet
  facet normal -1.588610e-01 9.121471e-01 3.778237e-01
    outer loop
      vertex   -1.258819e+00 1.152829e+01 1.664633e+01
      vertex   -1.000000e+00 1.153407e+01 1.674118e+01
      vertex   -1.000000e+00 1.163397e+01 1.650000e+01
    endloop
  endfacet
  facet normal -1.300379e-01 8.986123e-01 4.190298e-01
    outer loop
      vertex   -1.258819e+00 1.152829e+01 1.664633e+01
      vertex   -1.000000e+00 1.163397e+01 1.650000e+01
      vertex   -1.258819e+00 1.160447e+01 1.648296e+01
    endloop
  endfacet
  facet normal -1.300379e-01 8.121966e-01 5.687062e-01
    outer loop
      vertex   -1.258819e+00 1.160447e+01 1.648296e+01
      vertex   -1.000000e+00 1.163397e+01 1.650000e+01
      vertex   -1.258819e+00 1.170785e+01 1.633531e+01
    endloop
  endfacet
  facet normal -3.814394e-01 7.572191e-01 5.302105e-01
    outer loop
      vertex   -1.258819e+00 1.160447e+01 1.648296e+01
      vertex   -1.258819e+00 1.170785e+01 1.633531e+01
      vertex   -1.500000e+00 1.163133e+01 1.627110e+01
    endloop
  endfacet
  facet normal -3.814394e-01 6.536451e-01 6.536451e-01
    outer loop
      vertex   -1.500000e+00 1.163133e+01 1.627110e+01
      vertex   -1.258819e+00 1.170785e+01 1.633531e+01
      vertex   -1.500000e+00 1.177110e+01 1.613133e+01
    endloop
  endfacet
  facet normal -6.073003e-01 5.617768e-01 5.617768e-01
    outer loop
      vertex   -1.500000e+00 1.163133e+01 1.627110e+01
      vertex   -1.500000e+00 1.177110e+01 1.613133e+01
      vertex   -1.707107e+00 1.166894e+01 1.600959e+01
    endloop
  endfacet
  facet normal -6.073003e-01 4.556906e-01 6.507937e-01
    outer loop
      vertex   -1.707107e+00 1.166894e+01 1.600959e+01
      vertex   -1.500000e+00 1.177110e+01 1.613133e+01
      vertex   -1.707107e+00 1.185355e+01 1.588032e+01
    endloop
  endfacet
  facet normal -7.922305e-01 3.500089e-01 4.998645e-01
    outer loop
      vertex   -1.707107e+00 1.166894e+01 1.600959e+01
      vertex   -1.707107e+00 1.185355e+01 1.588032e+01
      vertex   -1.866025e+00 1.175000e+01 1.570096e+01
    endloop
  endfacet
  facet normal -7.922305e-01 2.578909e-01 5.530489e-01
    outer loop
      vertex   -1.866025e+00 1.175000e+01 1.570096e+01
      vertex   -1.707107e+00 1.185355e+01 1.588032e+01
      vertex   -1.866025e+00 1.198697e+01 1.559046e+01
    endloop
  endfacet
  facet normal -9.233622e-01 1.622559e-01 3.479588e-01
    outer loop
      vertex   -1.866025e+00 1.175000e+01 1.570096e+01
      vertex   -1.866025e+00 1.198697e+01 1.559046e+01
      vertex   -1.965926e+00 1.190448e+01 1.536383e+01
    endloop
  endfacet
  facet normal -9.233622e-01 9.936842e-02 3.708480e-01
    outer loop
      vertex   -1.965926e+00 1.190448e+01 1.536383e+01
      vertex   -1.866025e+00 1.198697e+01 1.559046e+01
      vertex   -1.965926e+00 1.219765e+01 1.528527e+01
    endloop
  endfacet
  facet normal -9.917761e-01 3.312496e-02 1.236240e-01
    outer loop
      vertex   -1.965926e+00 1.190448e+01 1.536383e+01
      vertex   -1.965926e+00 1.219765e+01 1.528527e+01
      vertex   -2.000000e+00 1.205496e+01 1.505014e+01
    endloop
  endfacet
  facet normal -9.908119e-01 1.514289e-02 1.343969e-01
    outer loop
      vertex   -2.000000e+00 1.205496e+01 1.505014e+01
      vertex   -1.965926e+00 1.219765e+01 1.528527e+01
      vertex   -2.000000e+00 1.250000e+01 1.500000e+01
    endloop
  endfacet
  facet normal -9.913802e-01 1.141882e-02 1.305177e-01
    outer loop
      vertex   -2.000000e+00 1.250000e+01 1.500000e+01
      vertex   -1.965926e+00 1.219765e+01 1.528527e+01
      vertex   -1.965926e+00 1.250000e+01 1.525882e+01
    endloop
  endfacet
  facet normal -9.233622e-01 3.346171e-02 3.824691e-01
    outer loop
      vertex   -1.965926e+00 1.250000e+01 1.525882e+01
      vertex   -1.965926e+00 1.219765e+01 1.528527e+01
      vertex   -1.866025e+00 1.223953e+01 1.552279e+01
    endloop
  endfacet
  facet normal -9.233622e-01 3.346171e-02 3.824691e-01
    outer loop
      vertex   -1.965926e+00 1.250000e+01 1.525882e+01
      vertex   -1.866025e+00 1.223953e+01 1.552279e+01
      vertex   -1.866025e+00 1.250000e+01 1.550000e+01
    endloop
  endfacet
  facet normal -7.922305e-01 5.318435e-02 6.078999e-01
    outer loop
      vertex   -1.866025e+00 1.250000e+01 1.550000e+01
      vertex   -1.866025e+00 1.223953e+01 1.552279e+01
      vertex   -1.707107e+00 1.227549e+01 1.572675e+01
    endloop
  endfacet
  facet normal -7.922305e-01 5.318435e-02 6.078999e-01
    outer loop
      vertex   -1.866025e+00 1.250000e+01 1.550000e+01
      vertex   -1.707107e+00 1.227549e+01 1.572675e+01
      vertex   -1.707107e+00 1.250000e+01 1.570711e+01
    endloop
  endfacet
  facet normal -6.073003e-01 6.924283e-02 7.914492e-01
    outer loop
      vertex   -1.707107e+00 1.250000e+01 1.570711e+01
      vertex   -1.707107e+00 1.227549e+01 1.572675e+01
      vertex   -1.500000e+00 1.230309e+01 1.588325e+01
    endloop
  endfacet
  facet normal -6.073003e-01 6.924283e-02 7.914492e-01
    outer loop
      vertex   -1.707107e+00 1.250000e+01 1.570711e+01
      vertex   -1.500000e+00 1.230309e+01 1.588325e+01
      vertex   -1.500000e+00 1.250000e+01 1.586603e+01
    endloop
  endfacet
  facet normal -3.814394e-01 8.056623e-02 9.208762e-01
    outer loop
      vertex   -1.500000e+00 1.250000e+01 1.586603e+01
      vertex   -1.500000e+00 1.230309e+01 1.588325e+01
      vertex   -1.258819e+00 1.232044e+01 1.598164e+01
    endloop
  endfacet
  facet normal -3.814394e-01 8.056623e-02 9.208762e-01
    outer loop
      vertex   -1.500000e+00 1.250000e+01 1.586603e+01
      vertex   -1.258819e+00 1.232044e+01 1.598164e+01
      vertex   -1.258819e+00 1.250000e+01 1.596593e+01
    endloop
  endfacet
  facet normal -1.300379e-01 8.641571e-02 9.877360e-01
    outer loop
      vertex   -1.258819e+00 1.250000e+01 1.596593e+01
      vertex   -1.258819e+00 1.232044e+01 1.598164e+01
      vertex   -1.000000e+00 1.250000e+01 1.600000e+01
    endloop
  endfacet
  facet normal -1.588610e-01 1.288686e-01 9.788545e-01
    outer loop
      vertex   -1.000000e+00 1.250000e+01 1.600000e+01
      vertex   -1.258819e+00 1.232044e+01 1.598164e+01
      vertex   -1.000000e+00 1.224118e+01 1.603407e+01
    endloop
  endfacet
  facet normal -1.156674e-01 2.570819e-01 9.594425e-01
    outer loop
      vertex   -1.000000e+00 1.224118e+01 1.603407e+01
      vertex   -1.258819e+00 1.232044e+01 1.598164e+01
      vertex   -1.258819e+00 1.214633e+01 1.602829e+01
    endloop
  endfacet
  facet normal -1.588610e-01 3.778237e-01 9.121471e-01
    outer loop
      vertex   -1.000000e+00 1.224118e+01 1.603407e+01
      vertex   -1.258819e+00 1.214633e+01 1.602829e+01
      vertex   -1.000000e+00 1.200000e+01 1.613397e+01
    endloop
  endfacet
  facet normal -1.300379e-01 4.190298e-01 8.986123e-01
    outer loop
      vertex   -1.000000e+00 1.200000e+01 1.613397e+01
      vertex   -1.258819e+00 1.214633e+01 1.602829e+01
      vertex   -1.258819e+00 1.198296e+01 1.610447e+01
    endloop
  endfacet
  facet normal -1.300379e-01 5.687062e-01 8.121966e-01
    outer loop
      vertex   -1.000000e+00 1.200000e+01 1.613397e+01
      vertex   -1.258819e+00 1.198296e+01 1.610447e+01
      vertex   -1.258819e+00 1.183531e+01 1.620785e+01
    endloop
  endfacet
  facet normal -3.814394e-01 5.302105e-01 7.572191e-01
    outer loop
      vertex   -1.258819e+00 1.183531e+01 1.620785e+01
      vertex   -1.258819e+00 1.198296e+01 1.610447e+01
      vertex   -1.500000e+00 1.193301e+01 1.601795e+01
    endloop
  endfacet
  facet normal -3.814394e-01 5.302105e-01 7.572191e-01
    outer loop
      vertex   -1.258819e+00 1.183531e+01 1.620785e+01
      vertex   -1.500000e+00 1.193301e+01 1.601795e+01
      vertex   -1.500000e+00 1.177110e+01 1.613133e+01
    endloop
  endfacet
  facet normal -6.073003e-01 4.556906e-01 6.507937e-01
    outer loop
      vertex   -1.500000e+00 1.177110e+01 1.613133e+01
      vertex   -1.500000e+00 1.193301e+01 1.601795e+01
      vertex   -1.707107e+00 1.185355e+01 1.588032e+01
    endloop
  endfacet
  facet normal -1.588610e-01 7.832785e-01 6.010307e-01
    outer loop
      vertex   -1.000000e+00 1.163397e+01 1.650000e+01
      vertex   -1.000000e+00 1.179289e+01 1.629289e+01
      vertex   -1.258819e+00 1.170785e+01 1.633531e+01
    endloop
  endfacet
  facet normal -1.156674e-01 7.023607e-01 7.023607e-01
    outer loop
      vertex   -1.258819e+00 1.170785e+01 1.633531e+01
      vertex   -1.000000e+00 1.179289e+01 1.629289e+01
      vertex   -1.258819e+00 1.183531e+01 1.620785e+01
    endloop
  endfacet
  facet normal -3.814394e-01 6.536451e-01 6.536451e-01
    outer loop
      vertex   -1.258819e+00 1.170785e+01 1.633531e+01
      vertex   -1.258819e+00 1.183531e+01 1.620785e+01
      vertex   -1.500000e+00 1.177110e+01 1.613133e+01
    endloop
  endfacet
  facet normal -1.588610e-01 6.010307e-01 7.832785e-01
    outer loop
      vertex   -1.000000e+00 1.179289e+01 1.629289e+01
      vertex   -1.000000e+00 1.200000e+01 1.613397e+01
      vertex   -1.258819e+00 1.183531e+01 1.620785e+01
    endloop
  endfacet
  facet normal -9.905716e-01 4.524691e-02 1.293083e-01
    outer loop
      vertex   -2.000000e+00 1.205496e+01 1.505014e+01
      vertex   -2.000000e+00 1.163223e+01 1.519806e+01
      vertex   -1.965926e+00 1.190448e+01 1.536383e+01
    endloop
  endfacet
  facet normal -9.918521e-01 5.383946e-02 1.154591e-01
    outer loop
      vertex   -1.965926e+00 1.190448e+01 1.536383e+01
      vertex   -2.000000e+00 1.163223e+01 1.519806e+01
      vertex   -1.965926e+00 1.162941e+01 1.549209e+01
    endloop
  endfacet
  facet normal -9.233622e-01 1.622559e-01 3.479588e-01
    outer loop
      vertex   -1.965926e+00 1.190448e+01 1.536383e+01
      vertex   -1.965926e+00 1.162941e+01 1.549209e+01
      vertex   -1.866025e+00 1.175000e+01 1.570096e+01
    endloop
  endfacet
  facet normal -9.233622e-01 2.202133e-01 3.144971e-01
    outer loop
      vertex   -1.866025e+00 1.175000e+01 1.570096e+01
      vertex   -1.965926e+00 1.162941e+01 1.549209e+01
      vertex   -1.866025e+00 1.153582e+01 1.585093e+01
    endloop
  endfacet
  facet normal -7.922305e-01 3.500089e-01 4.998645e-01
    outer loop
      vertex   -1.866025e+00 1.175000e+01 1.570096e+01
      vertex   -1.866025e+00 1.153582e+01 1.585093e+01
      vertex   -1.707107e+00 1.166894e+01 1.600959e+01
    endloop
  endfacet
  facet normal -7.922305e-01 4.314921e-01 4.314921e-01
    outer loop
      vertex   -1.707107e+00 1.166894e+01 1.600959e+01
      vertex   -1.866025e+00 1.153582e+01 1.585093e+01
      vertex   -1.707107e+00 1.150959e+01 1.616894e+01
    endloop
  endfacet
  facet normal -6.073003e-01 5.617768e-01 5.617768e-01
    outer loop
      vertex   -1.707107e+00 1.166894e+01 1.600959e+01
      vertex   -1.707107e+00 1.150959e+01 1.616894e+01
      vertex   -1.500000e+00 1.163133e+01 1.627110e+01
    endloop
  endfacet
  facet normal -6.073003e-01 6.507937e-01 4.556906e-01
    outer loop
      vertex   -1.500000e+00 1.163133e+01 1.627110e+01
      vertex   -1.707107e+00 1.150959e+01 1.616894e+01
      vertex   -1.500000e+00 1.151795e+01 1.643301e+01
    endloop
  endfacet
  facet normal -3.814394e-01 7.572191e-01 5.302105e-01
    outer loop
      vertex   -1.500000e+00 1.163133e+01 1.627110e+01
      vertex   -1.500000e+00 1.151795e+01 1.643301e+01
      vertex   -1.258819e+00 1.160447e+01 1.648296e+01
    endloop
  endfacet
  facet normal -3.814394e-01 8.377853e-01 3.906657e-01
    outer loop
      vertex   -1.258819e+00 1.160447e+01 1.648296e+01
      vertex   -1.500000e+00 1.151795e+01 1.643301e+01
      vertex   -1.258819e+00 1.152829e+01 1.664633e+01
    endloop
  endfacet
  facet normal -9.906527e-01 7.257344e-02 1.155000e-01
    outer loop
      vertex   -2.000000e+00 1.163223e+01 1.519806e+01
      vertex   -2.000000e+00 1.125302e+01 1.543634e+01
      vertex   -1.965926e+00 1.162941e+01 1.549209e+01
    endloop
  endfacet
  facet normal -9.916210e-01 7.409519e-02 1.058189e-01
    outer loop
      vertex   -1.965926e+00 1.162941e+01 1.549209e+01
      vertex   -2.000000e+00 1.125302e+01 1.543634e+01
      vertex   -1.965926e+00 1.138079e+01 1.566618e+01
    endloop
  endfacet
  facet normal -9.233622e-01 2.202133e-01 3.144971e-01
    outer loop
      vertex   -1.965926e+00 1.162941e+01 1.549209e+01
      vertex   -1.965926e+00 1.138079e+01 1.566618e+01
      vertex   -1.866025e+00 1.153582e+01 1.585093e+01
    endloop
  endfacet
  facet normal -9.233622e-01 2.714796e-01 2.714796e-01
    outer loop
      vertex   -1.866025e+00 1.153582e+01 1.585093e+01
      vertex   -1.965926e+00 1.138079e+01 1.566618e+01
      vertex   -1.866025e+00 1.135093e+01 1.603582e+01
    endloop
  endfacet
  facet normal -7.922305e-01 4.314921e-01 4.314921e-01
    outer loop
      vertex   -1.866025e+00 1.153582e+01 1.585093e+01
      vertex   -1.866025e+00 1.135093e+01 1.603582e+01
      vertex   -1.707107e+00 1.150959e+01 1.616894e+01
    endloop
  endfacet
  facet normal -7.922305e-01 4.998645e-01 3.500089e-01
    outer loop
      vertex   -1.707107e+00 1.150959e+01 1.616894e+01
      vertex   -1.866025e+00 1.135093e+01 1.603582e+01
      vertex   -1.707107e+00 1.138032e+01 1.635355e+01
    endloop
  endfacet
  facet normal -6.073003e-01 6.507937e-01 4.556906e-01
    outer loop
      vertex   -1.707107e+00 1.150959e+01 1.616894e+01
      vertex   -1.707107e+00 1.138032e+01 1.635355e+01
      vertex   -1.500000e+00 1.151795e+01 1.643301e+01
    endloop
  endfacet
  facet normal -6.073003e-01 7.200365e-01 3.357585e-01
    outer loop
      vertex   -1.500000e+00 1.151795e+01 1.643301e+01
      vertex   -1.707107e+00 1.138032e+01 1.635355e+01
      vertex   -1.500000e+00 1.143441e+01 1.661216e+01
    endloop
  endfacet
  facet normal -3.814394e-01 8.377853e-01 3.906657e-01
    outer loop
      vertex   -1.500000e+00 1.151795e+01 1.643301e+01
      vertex   -1.500000e+00 1.143441e+01 1.661216e+01
      vertex   -1.258819e+00 1.152829e+01 1.664633e+01
    endloop
  endfacet
  facet normal -3.814394e-01 8.928959e-01 2.392507e-01
    outer loop
      vertex   -1.258819e+00 1.152829e+01 1.664633e+01
      vertex   -1.500000e+00 1.143441e+01 1.661216e+01
      vertex   -1.258819e+00 1.148164e+01 1.682043e+01
    endloop
  endfacet
  facet normal -9.910430e-01 9.442933e-02 9.442933e-02
    outer loop
      vertex   -2.000000e+00 1.125302e+01 1.543634e+01
      vertex   -2.000000e+00 1.093634e+01 1.575302e+01
      vertex   -1.965926e+00 1.138079e+01 1.566618e+01
    endloop
  endfacet
  facet normal -9.910430e-01 9.442933e-02 9.442933e-02
    outer loop
      vertex   -1.965926e+00 1.138079e+01 1.566618e+01
      vertex   -2.000000e+00 1.093634e+01 1.575302e+01
      vertex   -1.965926e+00 1.116618e+01 1.588079e+01
    endloop
  endfacet
  facet normal -9.233622e-01 2.714796e-01 2.714796e-01
    outer loop
      vertex   -1.965926e+00 1.138079e+01 1.566618e+01
      vertex   -1.965926e+00 1.116618e+01 1.588079e+01
      vertex   -1.866025e+00 1.135093e+01 1.603582e+01
    endloop
  endfacet
  facet normal -9.233622e-01 3.144971e-01 2.202133e-01
    outer loop
      vertex   -1.866025e+00 1.135093e+01 1.603582e+01
      vertex   -1.965926e+00 1.116618e+01 1.588079e+01
      vertex   -1.866025e+00 1.120096e+01 1.625000e+01
    endloop
  endfacet
  facet normal -7.922305e-01 4.998645e-01 3.500089e-01
    outer loop
      vertex   -1.866025e+00 1.135093e+01 1.603582e+01
      vertex   -1.866025e+00 1.120096e+01 1.625000e+01
      vertex   -1.707107e+00 1.138032e+01 1.635355e+01
    endloop
  endfacet
  facet normal -7.922305e-01 5.530489e-01 2.578909e-01
    outer loop
      vertex   -1.707107e+00 1.138032e+01 1.635355e+01
      vertex   -1.866025e+00 1.120096e+01 1.625000e+01
      vertex   -1.707107e+00 1.128508e+01 1.655780e+01
    endloop
  endfacet
  facet normal -6.073003e-01 7.200365e-01 3.357585e-01
    outer loop
      vertex   -1.707107e+00 1.138032e+01 1.635355e+01
      vertex   -1.707107e+00 1.128508e+01 1.655780e+01
      vertex   -1.500000e+00 1.143441e+01 1.661216e+01
    endloop
  endfacet
  facet normal -6.073003e-01 7.674014e-01 2.056246e-01
    outer loop
      vertex   -1.500000e+00 1.143441e+01 1.661216e+01
      vertex   -1.707107e+00 1.128508e+01 1.655780e+01
      vertex   -1.500000e+00 1.138325e+01 1.680309e+01
    endloop
  endfacet
  facet normal -3.814394e-01 8.928959e-01 2.392507e-01
    outer loop
      vertex   -1.500000e+00 1.143441e+01 1.661216e+01
      vertex   -1.500000e+00 1.138325e+01 1.680309e+01
      vertex   -1.258819e+00 1.148164e+01 1.682043e+01
    endloop
  endfacet
  facet normal -9.916210e-01 1.058189e-01 7.409519e-02
    outer loop
      vertex   -1.965926e+00 1.116618e+01 1.588079e+01
      vertex   -2.000000e+00 1.093634e+01 1.575302e+01
      vertex   -1.965926e+00 1.099209e+01 1.612941e+01
    endloop
  endfacet
  facet normal -9.906527e-01 1.155000e-01 7.257344e-02
    outer loop
      vertex   -1.965926e+00 1.099209e+01 1.612941e+01
      vertex   -2.000000e+00 1.093634e+01 1.575302e+01
      vertex   -2.000000e+00 1.069806e+01 1.613223e+01
    endloop
  endfacet
  facet normal -9.918521e-01 1.154591e-01 5.383946e-02
    outer loop
      vertex   -1.965926e+00 1.099209e+01 1.612941e+01
      vertex   -2.000000e+00 1.069806e+01 1.613223e+01
      vertex   -1.965926e+00 1.086383e+01 1.640448e+01
    endloop
  endfacet
  facet normal -9.905716e-01 1.293083e-01 4.524691e-02
    outer loop
      vertex   -1.965926e+00 1.086383e+01 1.640448e+01
      vertex   -2.000000e+00 1.069806e+01 1.613223e+01
      vertex   -2.000000e+00 1.055014e+01 1.655496e+01
    endloop
  endfacet
  facet normal -9.917761e-01 1.236240e-01 3.312496e-02
    outer loop
      vertex   -1.965926e+00 1.086383e+01 1.640448e+01
      vertex   -2.000000e+00 1.055014e+01 1.655496e+01
      vertex   -1.965926e+00 1.078527e+01 1.669765e+01
    endloop
  endfacet
  facet normal -6.073003e-01 7.674014e-01 2.056246e-01
    outer loop
      vertex   -1.500000e+00 1.138325e+01 1.680309e+01
      vertex   -1.707107e+00 1.128508e+01 1.655780e+01
      vertex   -1.707107e+00 1.122675e+01 1.677549e+01
    endloop
  endfacet
  facet normal -7.922305e-01 5.894291e-01 1.579371e-01
    outer loop
      vertex   -1.707107e+00 1.122675e+01 1.677549e+01
      vertex   -1.707107e+00 1.128508e+01 1.655780e+01
      vertex   -1.866025e+00 1.109046e+01 1.648697e+01
    endloop
  endfacet
  facet normal -7.922305e-01 5.894291e-01 1.579371e-01
    outer loop
      vertex   -1.707107e+00 1.122675e+01 1.677549e+01
      vertex   -1.866025e+00 1.109046e+01 1.648697e+01
      vertex   -1.866025e+00 1.102279e+01 1.673953e+01
    endloop
  endfacet
  facet normal -9.233622e-01 3.708480e-01 9.936842e-02
    outer loop
      vertex   -1.866025e+00 1.102279e+01 1.673953e+01
      vertex   -1.866025e+00 1.109046e+01 1.648697e+01
      vertex   -1.965926e+00 1.086383e+01 1.640448e+01
    endloop
  endfacet
  facet normal -9.233622e-01 3.708480e-01 9.936842e-02
    outer loop
      vertex   -1.866025e+00 1.102279e+01 1.673953e+01
      vertex   -1.965926e+00 1.086383e+01 1.640448e+01
      vertex   -1.965926e+00 1.078527e+01 1.669765e+01
    endloop
  endfacet
  facet normal -9.233622e-01 3.479588e-01 1.622559e-01
    outer loop
      vertex   -1.965926e+00 1.099209e+01 1.612941e+01
      vertex   -1.965926e+00 1.086383e+01 1.640448e+01
      vertex   -1.866025e+00 1.109046e+01 1.648697e+01
    endloop
  endfacet
  facet normal -9.233622e-01 3.479588e-01 1.622559e-01
    outer loop
      vertex   -1.965926e+00 1.099209e+01 1.612941e+01
      vertex   -1.866025e+00 1.109046e+01 1.648697e+01
      vertex   -1.866025e+00 1.120096e+01 1.625000e+01
    endloop
  endfacet
  facet normal -7.922305e-01 5.530489e-01 2.578909e-01
    outer loop
      vertex   -1.866025e+00 1.120096e+01 1.625000e+01
      vertex   -1.866025e+00 1.109046e+01 1.648697e+01
      vertex   -1.707107e+00 1.128508e+01 1.655780e+01
    endloop
  endfacet
  facet normal -9.233622e-01 3.144971e-01 2.202133e-01
    outer loop
      vertex   -1.965926e+00 1.099209e+01 1.612941e+01
      vertex   -1.866025e+00 1.120096e+01 1.625000e+01
      vertex   -1.965926e+00 1.116618e+01 1.588079e+01
    endloop
  endfacet
  facet normal -3.814394e-01 3.906657e-01 8.377853e-01
    outer loop
      vertex   -1.500000e+00 1.193301e+01 1.601795e+01
      vertex   -1.258819e+00 1.198296e+01 1.610447e+01
      vertex   -1.500000e+00 1.211216e+01 1.593441e+01
    endloop
  endfacet
  facet normal -3.814394e-01 3.906657e-01 8.377853e-01
    outer loop
      vertex   -1.500000e+00 1.211216e+01 1.593441e+01
      vertex   -1.258819e+00 1.198296e+01 1.610447e+01
      vertex   -1.258819e+00 1.214633e+01 1.602829e+01
    endloop
  endfacet
  facet normal -3.814394e-01 2.392507e-01 8.928959e-01
    outer loop
      vertex   -1.500000e+00 1.211216e+01 1.593441e+01
      vertex   -1.258819e+00 1.214633e+01 1.602829e+01
      vertex   -1.500000e+00 1.230309e+01 1.588325e+01
    endloop
  endfacet
  facet normal -3.814394e-01 2.392507e-01 8.928959e-01
    outer loop
      vertex   -1.500000e+00 1.230309e+01 1.588325e+01
      vertex   -1.258819e+00 1.214633e+01 1.602829e+01
      vertex   -1.258819e+00 1.232044e+01 1.598164e+01
    endloop
  endfacet
  facet normal -6.073003e-01 3.357585e-01 7.200365e-01
    outer loop
      vertex   -1.707107e+00 1.185355e+01 1.588032e+01
      vertex   -1.500000e+00 1.193301e+01 1.601795e+01
      vertex   -1.707107e+00 1.205780e+01 1.578508e+01
    endloop
  endfacet
  facet normal -6.073003e-01 3.357585e-01 7.200365e-01
    outer loop
      vertex   -1.707107e+00 1.205780e+01 1.578508e+01
      vertex   -1.500000e+00 1.193301e+01 1.601795e+01
      vertex   -1.500000e+00 1.211216e+01 1.593441e+01
    endloop
  endfacet
  facet normal -6.073003e-01 2.056246e-01 7.674014e-01
    outer loop
      vertex   -1.707107e+00 1.205780e+01 1.578508e+01
      vertex   -1.500000e+00 1.211216e+01 1.593441e+01
      vertex   -1.707107e+00 1.227549e+01 1.572675e+01
    endloop
  endfacet
  facet normal -6.073003e-01 2.056246e-01 7.674014e-01
    outer loop
      vertex   -1.707107e+00 1.227549e+01 1.572675e+01
      vertex   -1.500000e+00 1.211216e+01 1.593441e+01
      vertex   -1.500000e+00 1.230309e+01 1.588325e+01
    endloop
  endfacet
  facet normal -7.922305e-01 2.578909e-01 5.530489e-01
    outer loop
      vertex   -1.707107e+00 1.185355e+01 1.588032e+01
      vertex   -1.707107e+00 1.205780e+01 1.578508e+01
      vertex   -1.866025e+00 1.198697e+01 1.559046e+01
    endloop
  endfacet
  facet normal -7.922305e-01 1.579371e-01 5.894291e-01
    outer loop
      vertex   -1.866025e+00 1.198697e+01 1.559046e+01
      vertex   -1.707107e+00 1.205780e+01 1.578508e+01
      vertex   -1.866025e+00 1.223953e+01 1.552279e+01
    endloop
  endfacet
  facet normal -9.233622e-01 9.936842e-02 3.708480e-01
    outer loop
      vertex   -1.866025e+00 1.198697e+01 1.559046e+01
      vertex   -1.866025e+00 1.223953e+01 1.552279e+01
      vertex   -1.965926e+00 1.219765e+01 1.528527e+01
    endloop
  endfacet
  facet normal -7.922305e-01 1.579371e-01 5.894291e-01
    outer loop
      vertex   -1.866025e+00 1.223953e+01 1.552279e+01
      vertex   -1.707107e+00 1.205780e+01 1.578508e+01
      vertex   -1.707107e+00 1.227549e+01 1.572675e+01
    endloop
  endfacet
  facet normal -9.914449e-01 1.305262e-01 5.796527e-17
    outer loop
      vertex   -2.000000e+00 1.050000e+01 1.700000e+01
      vertex   -2.000000e+00 1.050000e+01 2.100000e+01
      vertex   -1.965926e+00 1.075882e+01 1.700000e+01
    endloop
  endfacet
  facet normal -9.914449e-01 1.305262e-01 5.796527e-17
    outer loop
      vertex   -1.965926e+00 1.075882e+01 1.700000e+01
      vertex   -2.000000e+00 1.050000e+01 2.100000e+01
      vertex   -1.965926e+00 1.075882e+01 2.100000e+01
    endloop
  endfacet
  facet normal -9.238795e-01 3.826834e-01 1.699456e-16
    outer loop
      vertex   -1.965926e+00 1.075882e+01 1.700000e+01
      vertex   -1.965926e+00 1.075882e+01 2.100000e+01
      vertex   -1.866025e+00 1.100000e+01 1.700000e+01
    endloop
  endfacet
  facet normal -9.238795e-01 3.826834e-01 1.186600e-16
    outer loop
      vertex   -1.866025e+00 1.100000e+01 1.700000e+01
      vertex   -1.965926e+00 1.075882e+01 2.100000e+01
      vertex   -1.866025e+00 1.100000e+01 2.100000e+01
    endloop
  endfacet
  facet normal -7.933533e-01 6.087614e-01 2.263044e-16
    outer loop
      vertex   -1.866025e+00 1.100000e+01 1.700000e+01
      vertex   -1.866025e+00 1.100000e+01 2.100000e+01
      vertex   -1.707107e+00 1.120711e+01 1.700000e+01
    endloop
  endfacet
  facet normal -7.933533e-01 6.087614e-01 4.526088e-16
    outer loop
      vertex   -1.707107e+00 1.120711e+01 1.700000e+01
      vertex   -1.866025e+00 1.100000e+01 2.100000e+01
      vertex   -1.707107e+00 1.120711e+01 2.100000e+01
    endloop
  endfacet
  facet normal -6.087614e-01 7.933533e-01 6.370532e-16
    outer loop
      vertex   -1.707107e+00 1.120711e+01 1.700000e+01
      vertex   -1.707107e+00 1.120711e+01 2.100000e+01
      vertex   -1.500000e+00 1.136603e+01 1.700000e+01
    endloop
  endfacet
  facet normal -6.087614e-01 7.933533e-01 3.185266e-16
    outer loop
      vertex   -1.500000e+00 1.136603e+01 1.700000e+01
      vertex   -1.707107e+00 1.120711e+01 2.100000e+01
      vertex   -1.500000e+00 1.136603e+01 2.100000e+01
    endloop
  endfacet
  facet normal -3.826834e-01 9.238795e-01 3.890417e-16
    outer loop
      vertex   -1.500000e+00 1.136603e+01 1.700000e+01
      vertex   -1.500000e+00 1.136603e+01 2.100000e+01
      vertex   -1.258819e+00 1.146593e+01 1.700000e+01
    endloop
  endfacet
  facet normal -3.826834e-01 9.238795e-01 3.677985e-16
    outer loop
      vertex   -1.258819e+00 1.146593e+01 1.700000e+01
      vertex   -1.500000e+00 1.136603e+01 2.100000e+01
      vertex   -1.258819e+00 1.146593e+01 2.100000e+01
    endloop
  endfacet
  facet normal -1.305262e-01 9.914449e-01 4.257986e-16
    outer loop
      vertex   -1.258819e+00 1.146593e+01 1.700000e+01
      vertex   -1.258819e+00 1.146593e+01 2.100000e+01
      vertex   -1.000000e+00 1.150000e+01 1.700000e+01
    endloop
  endfacet
  facet normal -1.305262e-01 9.914449e-01 -2.898264e-17
    outer loop
      vertex   -1.000000e+00 1.150000e+01 1.700000e+01
      vertex   -1.258819e+00 1.146593e+01 2.100000e+01
      vertex   -1.000000e+00 1.150000e+01 2.100000e+01
    endloop
  endfacet
  facet normal -9.908119e-01 1.514289e-02 -1.343969e-01
    outer loop
      vertex   -2.000000e+00 1.205496e+01 2.294986e+01
      vertex   -2.000000e+00 1.250000e+01 2.300000e+01
      vertex   -1.965926e+00 1.219765e+01 2.271473e+01
    endloop
  endfacet
  facet normal -9.913802e-01 1.141882e-02 -1.305177e-01
    outer loop
      vertex   -1.965926e+00 1.219765e+01 2.271473e+01
      vertex   -2.000000e+00 1.250000e+01 2.300000e+01
      vertex   -1.965926e+00 1.250000e+01 2.274118e+01
    endloop
  endfacet
  facet normal -9.233622e-01 3.346171e-02 -3.824691e-01
    outer loop
      vertex   -1.965926e+00 1.219765e+01 2.271473e+01
      vertex   -1.965926e+00 1.250000e+01 2.274118e+01
      vertex   -1.866025e+00 1.250000e+01 2.250000e+01
    endloop
  endfacet
  facet normal -9.233622e-01 3.346171e-02 -3.824691e-01
    outer loop
      vertex   -1.965926e+00 1.219765e+01 2.271473e+01
      vertex   -1.866025e+00 1.250000e+01 2.250000e+01
      vertex   -1.866025e+00 1.223953e+01 2.247721e+01
    endloop
  endfacet
  facet normal -7.922305e-01 5.318435e-02 -6.078999e-01
    outer loop
      vertex   -1.866025e+00 1.223953e+01 2.247721e+01
      vertex   -1.866025e+00 1.250000e+01 2.250000e+01
      vertex   -1.707107e+00 1.250000e+01 2.229289e+01
    endloop
  endfacet
  facet normal -7.922305e-01 5.318435e-02 -6.078999e-01
    outer loop
      vertex   -1.866025e+00 1.223953e+01 2.247721e+01
      vertex   -1.707107e+00 1.250000e+01 2.229289e+01
      vertex   -1.707107e+00 1.227549e+01 2.227325e+01
    endloop
  endfacet
  facet normal -6.073003e-01 6.924283e-02 -7.914492e-01
    outer loop
      vertex   -1.707107e+00 1.227549e+01 2.227325e+01
      vertex   -1.707107e+00 1.250000e+01 2.229289e+01
      vertex   -1.500000e+00 1.250000e+01 2.213397e+01
    endloop
  endfacet
  facet normal -6.073003e-01 6.924283e-02 -7.914492e-01
    outer loop
      vertex   -1.707107e+00 1.227549e+01 2.227325e+01
      vertex   -1.500000e+00 1.250000e+01 2.213397e+01
      vertex   -1.500000e+00 1.230309e+01 2.211675e+01
    endloop
  endfacet
  facet normal -3.814394e-01 8.056623e-02 -9.208762e-01
    outer loop
      vertex   -1.500000e+00 1.230309e+01 2.211675e+01
      vertex   -1.500000e+00 1.250000e+01 2.213397e+01
      vertex   -1.258819e+00 1.250000e+01 2.203407e+01
    endloop
  endfacet
  facet normal -3.814394e-01 8.056623e-02 -9.208762e-01
    outer loop
      vertex   -1.500000e+00 1.230309e+01 2.211675e+01
      vertex   -1.258819e+00 1.250000e+01 2.203407e+01
      vertex   -1.258819e+00 1.232044e+01 2.201836e+01
    endloop
  endfacet
  facet normal -1.300379e-01 8.641571e-02 -9.877360e-01
    outer loop
      vertex   -1.258819e+00 1.232044e+01 2.201836e+01
      vertex   -1.258819e+00 1.250000e+01 2.203407e+01
      vertex   -1.000000e+00 1.250000e+01 2.200000e+01
    endloop
  endfacet
  facet normal -1.588610e-01 1.288686e-01 -9.788545e-01
    outer loop
      vertex   -1.258819e+00 1.232044e+01 2.201836e+01
      vertex   -1.000000e+00 1.250000e+01 2.200000e+01
      vertex   -1.000000e+00 1.224118e+01 2.196593e+01
    endloop
  endfacet
  facet normal -1.156674e-01 2.570819e-01 -9.594425e-01
    outer loop
      vertex   -1.258819e+00 1.232044e+01 2.201836e+01
      vertex   -1.000000e+00 1.224118e+01 2.196593e+01
      vertex   -1.258819e+00 1.214633e+01 2.197171e+01
    endloop
  endfacet
  facet normal -1.588610e-01 3.778237e-01 -9.121471e-01
    outer loop
      vertex   -1.258819e+00 1.214633e+01 2.197171e+01
      vertex   -1.000000e+00 1.224118e+01 2.196593e+01
      vertex   -1.000000e+00 1.200000e+01 2.186603e+01
    endloop
  endfacet
  facet normal -1.300379e-01 4.190298e-01 -8.986123e-01
    outer loop
      vertex   -1.258819e+00 1.214633e+01 2.197171e+01
      vertex   -1.000000e+00 1.200000e+01 2.186603e+01
      vertex   -1.258819e+00 1.198296e+01 2.189553e+01
    endloop
  endfacet
  facet normal -1.300379e-01 5.687062e-01 -8.121966e-01
    outer loop
      vertex   -1.258819e+00 1.198296e+01 2.189553e+01
      vertex   -1.000000e+00 1.200000e+01 2.186603e+01
      vertex   -1.258819e+00 1.183531e+01 2.179215e+01
    endloop
  endfacet
  facet normal -3.814394e-01 5.302105e-01 -7.572191e-01
    outer loop
      vertex   -1.258819e+00 1.198296e+01 2.189553e+01
      vertex   -1.258819e+00 1.183531e+01 2.179215e+01
      vertex   -1.500000e+00 1.177110e+01 2.186867e+01
    endloop
  endfacet
  facet normal -3.814394e-01 6.536451e-01 -6.536451e-01
    outer loop
      vertex   -1.500000e+00 1.177110e+01 2.186867e+01
      vertex   -1.258819e+00 1.183531e+01 2.179215e+01
      vertex   -1.500000e+00 1.163133e+01 2.172890e+01
    endloop
  endfacet
  facet normal -6.073003e-01 5.617768e-01 -5.617768e-01
    outer loop
      vertex   -1.500000e+00 1.177110e+01 2.186867e+01
      vertex   -1.500000e+00 1.163133e+01 2.172890e+01
      vertex   -1.707107e+00 1.150959e+01 2.183106e+01
    endloop
  endfacet
  facet normal -6.073003e-01 6.507937e-01 -4.556906e-01
    outer loop
      vertex   -1.707107e+00 1.150959e+01 2.183106e+01
      vertex   -1.500000e+00 1.163133e+01 2.172890e+01
      vertex   -1.707107e+00 1.138032e+01 2.164645e+01
    endloop
  endfacet
  facet normal -7.922305e-01 4.998645e-01 -3.500089e-01
    outer loop
      vertex   -1.707107e+00 1.150959e+01 2.183106e+01
      vertex   -1.707107e+00 1.138032e+01 2.164645e+01
      vertex   -1.866025e+00 1.120096e+01 2.175000e+01
    endloop
  endfacet
  facet normal -7.922305e-01 5.530489e-01 -2.578909e-01
    outer loop
      vertex   -1.866025e+00 1.120096e+01 2.175000e+01
      vertex   -1.707107e+00 1.138032e+01 2.164645e+01
      vertex   -1.866025e+00 1.109046e+01 2.151303e+01
    endloop
  endfacet
  facet normal -9.233622e-01 3.479588e-01 -1.622559e-01
    outer loop
      vertex   -1.866025e+00 1.120096e+01 2.175000e+01
      vertex   -1.866025e+00 1.109046e+01 2.151303e+01
      vertex   -1.965926e+00 1.086383e+01 2.159552e+01
    endloop
  endfacet
  facet normal -9.233622e-01 3.708480e-01 -9.936842e-02
    outer loop
      vertex   -1.965926e+00 1.086383e+01 2.159552e+01
      vertex   -1.866025e+00 1.109046e+01 2.151303e+01
      vertex   -1.965926e+00 1.078527e+01 2.130235e+01
    endloop
  endfacet
  facet normal -9.917761e-01 1.236240e-01 -3.312496e-02
    outer loop
      vertex   -1.965926e+00 1.086383e+01 2.159552e+01
      vertex   -1.965926e+00 1.078527e+01 2.130235e+01
      vertex   -2.000000e+00 1.055014e+01 2.144504e+01
    endloop
  endfacet
  facet normal -9.908119e-01 1.343969e-01 -1.514289e-02
    outer loop
      vertex   -2.000000e+00 1.055014e+01 2.144504e+01
      vertex   -1.965926e+00 1.078527e+01 2.130235e+01
      vertex   -2.000000e+00 1.050000e+01 2.100000e+01
    endloop
  endfacet
  facet normal -9.913802e-01 1.305177e-01 -1.141882e-02
    outer loop
      vertex   -2.000000e+00 1.050000e+01 2.100000e+01
      vertex   -1.965926e+00 1.078527e+01 2.130235e+01
      vertex   -1.965926e+00 1.075882e+01 2.100000e+01
    endloop
  endfacet
  facet normal -9.233622e-01 3.824691e-01 -3.346171e-02
    outer loop
      vertex   -1.965926e+00 1.075882e+01 2.100000e+01
      vertex   -1.965926e+00 1.078527e+01 2.130235e+01
      vertex   -1.866025e+00 1.102279e+01 2.126047e+01
    endloop
  endfacet
  facet normal -9.233622e-01 3.824691e-01 -3.346171e-02
    outer loop
      vertex   -1.965926e+00 1.075882e+01 2.100000e+01
      vertex   -1.866025e+00 1.102279e+01 2.126047e+01
      vertex   -1.866025e+00 1.100000e+01 2.100000e+01
    endloop
  endfacet
  facet normal -7.922305e-01 6.078999e-01 -5.318435e-02
    outer loop
      vertex   -1.866025e+00 1.100000e+01 2.100000e+01
      vertex   -1.866025e+00 1.102279e+01 2.126047e+01
      vertex   -1.707107e+00 1.122675e+01 2.122451e+01
    endloop
  endfacet
  facet normal -7.922305e-01 6.078999e-01 -5.318435e-02
    outer loop
      vertex   -1.866025e+00 1.100000e+01 2.100000e+01
      vertex   -1.707107e+00 1.122675e+01 2.122451e+01
      vertex   -1.707107e+00 1.120711e+01 2.100000e+01
    endloop
  endfacet
  facet normal -6.073003e-01 7.914492e-01 -6.924283e-02
    outer loop
      vertex   -1.707107e+00 1.120711e+01 2.100000e+01
      vertex   -1.707107e+00 1.122675e+01 2.122451e+01
      vertex   -1.500000e+00 1.138325e+01 2.119691e+01
    endloop
  endfacet
  facet normal -6.073003e-01 7.914492e-01 -6.924283e-02
    outer loop
      vertex   -1.707107e+00 1.120711e+01 2.100000e+01
      vertex   -1.500000e+00 1.138325e+01 2.119691e+01
      vertex   -1.500000e+00 1.136603e+01 2.100000e+01
    endloop
  endfacet
  facet normal -3.814394e-01 9.208762e-01 -8.056623e-02
    outer loop
      vertex   -1.500000e+00 1.136603e+01 2.100000e+01
      vertex   -1.500000e+00 1.138325e+01 2.119691e+01
      vertex   -1.258819e+00 1.148164e+01 2.117957e+01
    endloop
  endfacet
  facet normal -3.814394e-01 9.208762e-01 -8.056623e-02
    outer loop
      vertex   -1.500000e+00 1.136603e+01 2.100000e+01
      vertex   -1.258819e+00 1.148164e+01 2.117957e+01
      vertex   -1.258819e+00 1.146593e+01 2.100000e+01
    endloop
  endfacet
  facet normal -1.300379e-01 9.877360e-01 -8.641571e-02
    outer loop
      vertex   -1.258819e+00 1.146593e+01 2.100000e+01
      vertex   -1.258819e+00 1.148164e+01 2.117957e+01
      vertex   -1.000000e+00 1.150000e+01 2.100000e+01
    endloop
  endfacet
  facet normal -1.588610e-01 9.788545e-01 -1.288686e-01
    outer loop
      vertex   -1.000000e+00 1.150000e+01 2.100000e+01
      vertex   -1.258819e+00 1.148164e+01 2.117957e+01
      vertex   -1.000000e+00 1.153407e+01 2.125882e+01
    endloop
  endfacet
  facet normal -1.156674e-01 9.594425e-01 -2.570819e-01
    outer loop
      vertex   -1.000000e+00 1.153407e+01 2.125882e+01
      vertex   -1.258819e+00 1.148164e+01 2.117957e+01
      vertex   -1.258819e+00 1.152829e+01 2.135367e+01
    endloop
  endfacet
  facet normal -1.588610e-01 9.121471e-01 -3.778237e-01
    outer loop
      vertex   -1.000000e+00 1.153407e+01 2.125882e+01
      vertex   -1.258819e+00 1.152829e+01 2.135367e+01
      vertex   -1.000000e+00 1.163397e+01 2.150000e+01
    endloop
  endfacet
  facet normal -1.300379e-01 8.986123e-01 -4.190298e-01
    outer loop
      vertex   -1.000000e+00 1.163397e+01 2.150000e+01
      vertex   -1.258819e+00 1.152829e+01 2.135367e+01
      vertex   -1.258819e+00 1.160447e+01 2.151704e+01
    endloop
  endfacet
  facet normal -1.300379e-01 8.121966e-01 -5.687062e-01
    outer loop
      vertex   -1.000000e+00 1.163397e+01 2.150000e+01
      vertex   -1.258819e+00 1.160447e+01 2.151704e+01
      vertex   -1.258819e+00 1.170785e+01 2.166469e+01
    endloop
  endfacet
  facet normal -3.814394e-01 7.572191e-01 -5.302105e-01
    outer loop
      vertex   -1.258819e+00 1.170785e+01 2.166469e+01
      vertex   -1.258819e+00 1.160447e+01 2.151704e+01
      vertex   -1.500000e+00 1.151795e+01 2.156699e+01
    endloop
  endfacet
  facet normal -3.814394e-01 7.572191e-01 -5.302105e-01
    outer loop
      vertex   -1.258819e+00 1.170785e+01 2.166469e+01
      vertex   -1.500000e+00 1.151795e+01 2.156699e+01
      vertex   -1.500000e+00 1.163133e+01 2.172890e+01
    endloop
  endfacet
  facet normal -6.073003e-01 6.507937e-01 -4.556906e-01
    outer loop
      vertex   -1.500000e+00 1.163133e+01 2.172890e+01
      vertex   -1.500000e+00 1.151795e+01 2.156699e+01
      vertex   -1.707107e+00 1.138032e+01 2.164645e+01
    endloop
  endfacet
  facet normal -1.588610e-01 6.010307e-01 -7.832785e-01
    outer loop
      vertex   -1.000000e+00 1.200000e+01 2.186603e+01
      vertex   -1.000000e+00 1.179289e+01 2.170711e+01
      vertex   -1.258819e+00 1.183531e+01 2.179215e+01
    endloop
  endfacet
  facet normal -1.156674e-01 7.023607e-01 -7.023607e-01
    outer loop
      vertex   -1.258819e+00 1.183531e+01 2.179215e+01
      vertex   -1.000000e+00 1.179289e+01 2.170711e+01
      vertex   -1.258819e+00 1.170785e+01 2.166469e+01
    endloop
  endfacet
  facet normal -3.814394e-01 6.536451e-01 -6.536451e-01
    outer loop
      vertex   -1.258819e+00 1.183531e+01 2.179215e+01
      vertex   -1.258819e+00 1.170785e+01 2.166469e+01
      vertex   -1.500000e+00 1.163133e+01 2.172890e+01
    endloop
  endfacet
  facet normal -1.588610e-01 7.832785e-01 -6.010307e-01
    outer loop
      vertex   -1.000000e+00 1.179289e+01 2.170711e+01
      vertex   -1.000000e+00 1.163397e+01 2.150000e+01
      vertex   -1.258819e+00 1.170785e+01 2.166469e+01
    endloop
  endfacet
  facet normal -9.905716e-01 1.293083e-01 -4.524691e-02
    outer loop
      vertex   -2.000000e+00 1.055014e+01 2.144504e+01
      vertex   -2.000000e+00 1.069806e+01 2.186777e+01
      vertex   -1.965926e+00 1.086383e+01 2.159552e+01
    endloop
  endfacet
  facet normal -9.918521e-01 1.154591e-01 -5.383946e-02
    outer loop
      vertex   -1.965926e+00 1.086383e+01 2.159552e+01
      vertex   -2.000000e+00 1.069806e+01 2.186777e+01
      vertex   -1.965926e+00 1.099209e+01 2.187059e+01
    endloop
  endfacet
  facet normal -9.233622e-01 3.479588e-01 -1.622559e-01
    outer loop
      vertex   -1.965926e+00 1.086383e+01 2.159552e+01
      vertex   -1.965926e+00 1.099209e+01 2.187059e+01
      vertex   -1.866025e+00 1.120096e+01 2.175000e+01
    endloop
  endfacet
  facet normal -9.233622e-01 3.144971e-01 -2.202133e-01
    outer loop
      vertex   -1.866025e+00 1.120096e+01 2.175000e+01
      vertex   -1.965926e+00 1.099209e+01 2.187059e+01
      vertex   -1.866025e+00 1.135093e+01 2.196418e+01
    endloop
  endfacet
  facet normal -7.922305e-01 4.998645e-01 -3.500089e-01
    outer loop
      vertex   -1.866025e+00 1.120096e+01 2.175000e+01
      vertex   -1.866025e+00 1.135093e+01 2.196418e+01
      vertex   -1.707107e+00 1.150959e+01 2.183106e+01
    endloop
  endfacet
  facet normal -7.922305e-01 4.314921e-01 -4.314921e-01
    outer loop
      vertex   -1.707107e+00 1.150959e+01 2.183106e+01
      vertex   -1.866025e+00 1.135093e+01 2.196418e+01
      vertex   -1.707107e+00 1.166894e+01 2.199041e+01
    endloop
  endfacet
  facet normal -6.073003e-01 5.617768e-01 -5.617768e-01
    outer loop
      vertex   -1.707107e+00 1.150959e+01 2.183106e+01
      vertex   -1.707107e+00 1.166894e+01 2.199041e+01
      vertex   -1.500000e+00 1.177110e+01 2.186867e+01
    endloop
  endfacet
  facet normal -6.073003e-01 4.556906e-01 -6.507937e-01
    outer loop
      vertex   -1.500000e+00 1.177110e+01 2.186867e+01
      vertex   -1.707107e+00 1.166894e+01 2.199041e+01
      vertex   -1.500000e+00 1.193301e+01 2.198205e+01
    endloop
  endfacet
  facet normal -3.814394e-01 5.302105e-01 -7.572191e-01
    outer loop
      vertex   -1.500000e+00 1.177110e+01 2.186867e+01
      vertex   -1.500000e+00 1.193301e+01 2.198205e+01
      vertex   -1.258819e+00 1.198296e+01 2.189553e+01
    endloop
  endfacet
  facet normal -3.814394e-01 3.906657e-01 -8.377853e-01
    outer loop
      vertex   -1.258819e+00 1.198296e+01 2.189553e+01
      vertex   -1.500000e+00 1.193301e+01 2.198205e+01
      vertex   -1.258819e+00 1.214633e+01 2.197171e+01
    endloop
  endfacet
  facet normal -9.906527e-01 1.155000e-01 -7.257344e-02
    outer loop
      vertex   -2.000000e+00 1.069806e+01 2.186777e+01
      vertex   -2.000000e+00 1.093634e+01 2.224698e+01
      vertex   -1.965926e+00 1.099209e+01 2.187059e+01
    endloop
  endfacet
  facet normal -9.916210e-01 1.058189e-01 -7.409519e-02
    outer loop
      vertex   -1.965926e+00 1.099209e+01 2.187059e+01
      vertex   -2.000000e+00 1.093634e+01 2.224698e+01
      vertex   -1.965926e+00 1.116618e+01 2.211921e+01
    endloop
  endfacet
  facet normal -9.233622e-01 3.144971e-01 -2.202133e-01
    outer loop
      vertex   -1.965926e+00 1.099209e+01 2.187059e+01
      vertex   -1.965926e+00 1.116618e+01 2.211921e+01
      vertex   -1.866025e+00 1.135093e+01 2.196418e+01
    endloop
  endfacet
  facet normal -9.233622e-01 2.714796e-01 -2.714796e-01
    outer loop
      vertex   -1.866025e+00 1.135093e+01 2.196418e+01
      vertex   -1.965926e+00 1.116618e+01 2.211921e+01
      vertex   -1.866025e+00 1.153582e+01 2.214907e+01
    endloop
  endfacet
  facet normal -7.922305e-01 4.314921e-01 -4.314921e-01
    outer loop
      vertex   -1.866025e+00 1.135093e+01 2.196418e+01
      vertex   -1.866025e+00 1.153582e+01 2.214907e+01
      vertex   -1.707107e+00 1.166894e+01 2.199041e+01
    endloop
  endfacet
  facet normal -7.922305e-01 3.500089e-01 -4.998645e-01
    outer loop
      vertex   -1.707107e+00 1.166894e+01 2.199041e+01
      vertex   -1.866025e+00 1.153582e+01 2.214907e+01
      vertex   -1.707107e+00 1.185355e+01 2.211968e+01
    endloop
  endfacet
  facet normal -6.073003e-01 4.556906e-01 -6.507937e-01
    outer loop
      vertex   -1.707107e+00 1.166894e+01 2.199041e+01
      vertex   -1.707107e+00 1.185355e+01 2.211968e+01
      vertex   -1.500000e+00 1.193301e+01 2.198205e+01
    endloop
  endfacet
  facet normal -6.073003e-01 3.357585e-01 -7.200365e-01
    outer loop
      vertex   -1.500000e+00 1.193301e+01 2.198205e+01
      vertex   -1.707107e+00 1.185355e+01 2.211968e+01
      vertex   -1.500000e+00 1.211216e+01 2.206559e+01
    endloop
  endfacet
  facet normal -3.814394e-01 3.906657e-01 -8.377853e-01
    outer loop
      vertex   -1.500000e+00 1.193301e+01 2.198205e+01
      vertex   -1.500000e+00 1.211216e+01 2.206559e+01
      vertex   -1.258819e+00 1.214633e+01 2.197171e+01
    endloop
  endfacet
  facet normal -3.814394e-01 2.392507e-01 -8.928959e-01
    outer loop
      vertex   -1.258819e+00 1.214633e+01 2.197171e+01
      vertex   -1.500000e+00 1.211216e+01 2.206559e+01
      vertex   -1.258819e+00 1.232044e+01 2.201836e+01
    endloop
  endfacet
  facet normal -9.910430e-01 9.442933e-02 -9.442933e-02
    outer loop
      vertex   -2.000000e+00 1.093634e+01 2.224698e+01
      vertex   -2.000000e+00 1.125302e+01 2.256366e+01
      vertex   -1.965926e+00 1.116618e+01 2.211921e+01
    endloop
  endfacet
  facet normal -9.910430e-01 9.442933e-02 -9.442933e-02
    outer loop
      vertex   -1.965926e+00 1.116618e+01 2.211921e+01
      vertex   -2.000000e+00 1.125302e+01 2.256366e+01
      vertex   -1.965926e+00 1.138079e+01 2.233382e+01
    endloop
  endfacet
  facet normal -9.233622e-01 2.714796e-01 -2.714796e-01
    outer loop
      vertex   -1.965926e+00 1.116618e+01 2.211921e+01
      vertex   -1.965926e+00 1.138079e+01 2.233382e+01
      vertex   -1.866025e+00 1.153582e+01 2.214907e+01
    endloop
  endfacet
  facet normal -9.233622e-01 2.202133e-01 -3.144971e-01
    outer loop
      vertex   -1.866025e+00 1.153582e+01 2.214907e+01
      vertex   -1.965926e+00 1.138079e+01 2.233382e+01
      vertex   -1.866025e+00 1.175000e+01 2.229904e+01
    endloop
  endfacet
  facet normal -7.922305e-01 3.500089e-01 -4.998645e-01
    outer loop
      vertex   -1.866025e+00 1.153582e+01 2.214907e+01
      vertex   -1.866025e+00 1.175000e+01 2.229904e+01
      vertex   -1.707107e+00 1.185355e+01 2.211968e+01
    endloop
  endfacet
  facet normal -7.922305e-01 2.578909e-01 -5.530489e-01
    outer loop
      vertex   -1.707107e+00 1.185355e+01 2.211968e+01
      vertex   -1.866025e+00 1.175000e+01 2.229904e+01
      vertex   -1.707107e+00 1.205780e+01 2.221492e+01
    endloop
  endfacet
  facet normal -6.073003e-01 3.357585e-01 -7.200365e-01
    outer loop
      vertex   -1.707107e+00 1.185355e+01 2.211968e+01
      vertex   -1.707107e+00 1.205780e+01 2.221492e+01
      vertex   -1.500000e+00 1.211216e+01 2.206559e+01
    endloop
  endfacet
  facet normal -6.073003e-01 2.056246e-01 -7.674014e-01
    outer loop
      vertex   -1.500000e+00 1.211216e+01 2.206559e+01
      vertex   -1.707107e+00 1.205780e+01 2.221492e+01
      vertex   -1.500000e+00 1.230309e+01 2.211675e+01
    endloop
  endfacet
  facet normal -3.814394e-01 2.392507e-01 -8.928959e-01
    outer loop
      vertex   -1.500000e+00 1.211216e+01 2.206559e+01
      vertex   -1.500000e+00 1.230309e+01 2.211675e+01
      vertex   -1.258819e+00 1.232044e+01 2.201836e+01
    endloop
  endfacet
  facet normal -9.916210e-01 7.409519e-02 -1.058189e-01
    outer loop
      vertex   -1.965926e+00 1.138079e+01 2.233382e+01
      vertex   -2.000000e+00 1.125302e+01 2.256366e+01
      vertex   -1.965926e+00 1.162941e+01 2.250791e+01
    endloop
  endfacet
  facet normal -9.906527e-01 7.257344e-02 -1.155000e-01
    outer loop
      vertex   -1.965926e+00 1.162941e+01 2.250791e+01
      vertex   -2.000000e+00 1.125302e+01 2.256366e+01
      vertex   -2.000000e+00 1.163223e+01 2.280194e+01
    endloop
  endfacet
  facet normal -9.918521e-01 5.383946e-02 -1.154591e-01
    outer loop
      vertex   -1.965926e+00 1.162941e+01 2.250791e+01
      vertex   -2.000000e+00 1.163223e+01 2.280194e+01
      vertex   -1.965926e+00 1.190448e+01 2.263617e+01
    endloop
  endfacet
  facet normal -9.905716e-01 4.524691e-02 -1.293083e-01
    outer loop
      vertex   -1.965926e+00 1.190448e+01 2.263617e+01
      vertex   -2.000000e+00 1.163223e+01 2.280194e+01
      vertex   -2.000000e+00 1.205496e+01 2.294986e+01
    endloop
  endfacet
  facet normal -9.917761e-01 3.312496e-02 -1.236240e-01
    outer loop
      vertex   -1.965926e+00 1.190448e+01 2.263617e+01
      vertex   -2.000000e+00 1.205496e+01 2.294986e+01
      vertex   -1.965926e+00 1.219765e+01 2.271473e+01
    endloop
  endfacet
  facet normal -6.073003e-01 2.056246e-01 -7.674014e-01
    outer loop
      vertex   -1.500000e+00 1.230309e+01 2.211675e+01
      vertex   -1.707107e+00 1.205780e+01 2.221492e+01
      vertex   -1.707107e+00 1.227549e+01 2.227325e+01
    endloop
  endfacet
  facet normal -7.922305e-01 1.579371e-01 -5.894291e-01
    outer loop
      vertex   -1.707107e+00 1.227549e+01 2.227325e+01
      vertex   -1.707107e+00 1.205780e+01 2.221492e+01
      vertex   -1.866025e+00 1.198697e+01 2.240954e+01
    endloop
  endfacet
  facet normal -7.922305e-01 1.579371e-01 -5.894291e-01
    outer loop
      vertex   -1.707107e+00 1.227549e+01 2.227325e+01
      vertex   -1.866025e+00 1.198697e+01 2.240954e+01
      vertex   -1.866025e+00 1.223953e+01 2.247721e+01
    endloop
  endfacet
  facet normal -9.233622e-01 9.936842e-02 -3.708480e-01
    outer loop
      vertex   -1.866025e+00 1.223953e+01 2.247721e+01
      vertex   -1.866025e+00 1.198697e+01 2.240954e+01
      vertex   -1.965926e+00 1.190448e+01 2.263617e+01
    endloop
  endfacet
  facet normal -9.233622e-01 9.936842e-02 -3.708480e-01
    outer loop
      vertex   -1.866025e+00 1.223953e+01 2.247721e+01
      vertex   -1.965926e+00 1.190448e+01 2.263617e+01
      vertex   -1.965926e+00 1.219765e+01 2.271473e+01
    endloop
  endfacet
  facet normal -9.233622e-01 1.622559e-01 -3.479588e-01
    outer loop
      vertex   -1.965926e+00 1.162941e+01 2.250791e+01
      vertex   -1.965926e+00 1.190448e+01 2.263617e+01
      vertex   -1.866025e+00 1.198697e+01 2.240954e+01
    endloop
  endfacet
  facet normal -9.233622e-01 1.622559e-01 -3.479588e-01
    outer loop
      vertex   -1.965926e+00 1.162941e+01 2.250791e+01
      vertex   -1.866025e+00 1.198697e+01 2.240954e+01
      vertex   -1.866025e+00 1.175000e+01 2.229904e+01
    endloop
  endfacet
  facet normal -7.922305e-01 2.578909e-01 -5.530489e-01
    outer loop
      vertex   -1.866025e+00 1.175000e+01 2.229904e+01
      vertex   -1.866025e+00 1.198697e+01 2.240954e+01
      vertex   -1.707107e+00 1.205780e+01 2.221492e+01
    endloop
  endfacet
  facet normal -9.233622e-01 2.202133e-01 -3.144971e-01
    outer loop
      vertex   -1.965926e+00 1.162941e+01 2.250791e+01
      vertex   -1.866025e+00 1.175000e+01 2.229904e+01
      vertex   -1.965926e+00 1.138079e+01 2.233382e+01
    endloop
  endfacet
  facet normal -3.814394e-01 8.377853e-01 -3.906657e-01
    outer loop
      vertex   -1.500000e+00 1.151795e+01 2.156699e+01
      vertex   -1.258819e+00 1.160447e+01 2.151704e+01
      vertex   -1.500000e+00 1.143441e+01 2.138784e+01
    endloop
  endfacet
  facet normal -3.814394e-01 8.377853e-01 -3.906657e-01
    outer loop
      vertex   -1.500000e+00 1.143441e+01 2.138784e+01
      vertex   -1.258819e+00 1.160447e+01 2.151704e+01
      vertex   -1.258819e+00 1.152829e+01 2.135367e+01
    endloop
  endfacet
  facet normal -3.814394e-01 8.928959e-01 -2.392507e-01
    outer loop
      vertex   -1.500000e+00 1.143441e+01 2.138784e+01
      vertex   -1.258819e+00 1.152829e+01 2.135367e+01
      vertex   -1.500000e+00 1.138325e+01 2.119691e+01
    endloop
  endfacet
  facet normal -3.814394e-01 8.928959e-01 -2.392507e-01
    outer loop
      vertex   -1.500000e+00 1.138325e+01 2.119691e+01
      vertex   -1.258819e+00 1.152829e+01 2.135367e+01
      vertex   -1.258819e+00 1.148164e+01 2.117957e+01
    endloop
  endfacet
  facet normal -6.073003e-01 7.200365e-01 -3.357585e-01
    outer loop
      vertex   -1.707107e+00 1.138032e+01 2.164645e+01
      vertex   -1.500000e+00 1.151795e+01 2.156699e+01
      vertex   -1.707107e+00 1.128508e+01 2.144220e+01
    endloop
  endfacet
  facet normal -6.073003e-01 7.200365e-01 -3.357585e-01
    outer loop
      vertex   -1.707107e+00 1.128508e+01 2.144220e+01
      vertex   -1.500000e+00 1.151795e+01 2.156699e+01
      vertex   -1.500000e+00 1.143441e+01 2.138784e+01
    endloop
  endfacet
  facet normal -6.073003e-01 7.674014e-01 -2.056246e-01
    outer loop
      vertex   -1.707107e+00 1.128508e+01 2.144220e+01
      vertex   -1.500000e+00 1.143441e+01 2.138784e+01
      vertex   -1.707107e+00 1.122675e+01 2.122451e+01
    endloop
  endfacet
  facet normal -6.073003e-01 7.674014e-01 -2.056246e-01
    outer loop
      vertex   -1.707107e+00 1.122675e+01 2.122451e+01
      vertex   -1.500000e+00 1.143441e+01 2.138784e+01
      vertex   -1.500000e+00 1.138325e+01 2.119691e+01
    endloop
  endfacet
  facet normal -7.922305e-01 5.530489e-01 -2.578909e-01
    outer loop
      vertex   -1.707107e+00 1.138032e+01 2.164645e+01
      vertex   -1.707107e+00 1.128508e+01 2.144220e+01
      vertex   -1.866025e+00 1.109046e+01 2.151303e+01
    endloop
  endfacet
  facet normal -7.922305e-01 5.894291e-01 -1.579371e-01
    outer loop
      vertex   -1.866025e+00 1.109046e+01 2.151303e+01
      vertex   -1.707107e+00 1.128508e+01 2.144220e+01
      vertex   -1.866025e+00 1.102279e+01 2.126047e+01
    endloop
  endfacet
  facet normal -9.233622e-01 3.708480e-01 -9.936842e-02
    outer loop
      vertex   -1.866025e+00 1.109046e+01 2.151303e+01
      vertex   -1.866025e+00 1.102279e+01 2.126047e+01
      vertex   -1.965926e+00 1.078527e+01 2.130235e+01
    endloop
  endfacet
  facet normal -7.922305e-01 5.894291e-01 -1.579371e-01
    outer loop
      vertex   -1.866025e+00 1.102279e+01 2.126047e+01
      vertex   -1.707107e+00 1.128508e+01 2.144220e+01
      vertex   -1.707107e+00 1.122675e+01 2.122451e+01
    endloop
  endfacet
  facet normal -9.908119e-01 -1.343969e-01 -1.514289e-02
    outer loop
      vertex   -2.000000e+00 2.444986e+01 2.144504e+01
      vertex   -2.000000e+00 2.450000e+01 2.100000e+01
      vertex   -1.965926e+00 2.421473e+01 2.130235e+01
    endloop
  endfacet
  facet normal -9.913802e-01 -1.305177e-01 -1.141882e-02
    outer loop
      vertex   -1.965926e+00 2.421473e+01 2.130235e+01
      vertex   -2.000000e+00 2.450000e+01 2.100000e+01
      vertex   -1.965926e+00 2.424118e+01 2.100000e+01
    endloop
  endfacet
  facet normal -9.233622e-01 -3.824691e-01 -3.346171e-02
    outer loop
      vertex   -1.965926e+00 2.421473e+01 2.130235e+01
      vertex   -1.965926e+00 2.424118e+01 2.100000e+01
      vertex   -1.866025e+00 2.400000e+01 2.100000e+01
    endloop
  endfacet
  facet normal -9.233622e-01 -3.824691e-01 -3.346171e-02
    outer loop
      vertex   -1.965926e+00 2.421473e+01 2.130235e+01
      vertex   -1.866025e+00 2.400000e+01 2.100000e+01
      vertex   -1.866025e+00 2.397721e+01 2.126047e+01
    endloop
  endfacet
  facet normal -7.922305e-01 -6.078999e-01 -5.318435e-02
    outer loop
      vertex   -1.866025e+00 2.397721e+01 2.126047e+01
      vertex   -1.866025e+00 2.400000e+01 2.100000e+01
      vertex   -1.707107e+00 2.379289e+01 2.100000e+01
    endloop
  endfacet
  facet normal -7.922305e-01 -6.078999e-01 -5.318435e-02
    outer loop
      vertex   -1.866025e+00 2.397721e+01 2.126047e+01
      vertex   -1.707107e+00 2.379289e+01 2.100000e+01
      vertex   -1.707107e+00 2.377325e+01 2.122451e+01
    endloop
  endfacet
  facet normal -6.073003e-01 -7.914492e-01 -6.924283e-02
    outer loop
      vertex   -1.707107e+00 2.377325e+01 2.122451e+01
      vertex   -1.707107e+00 2.379289e+01 2.100000e+01
      vertex   -1.500000e+00 2.363397e+01 2.100000e+01
    endloop
  endfacet
  facet normal -6.073003e-01 -7.914492e-01 -6.924283e-02
    outer loop
      vertex   -1.707107e+00 2.377325e+01 2.122451e+01
      vertex   -1.500000e+00 2.363397e+01 2.100000e+01
      vertex   -1.500000e+00 2.361675e+01 2.119691e+01
    endloop
  endfacet
  facet normal -3.814394e-01 -9.208762e-01 -8.056623e-02
    outer loop
      vertex   -1.500000e+00 2.361675e+01 2.119691e+01
      vertex   -1.500000e+00 2.363397e+01 2.100000e+01
      vertex   -1.258819e+00 2.353407e+01 2.100000e+01
    endloop
  endfacet
  facet normal -3.814394e-01 -9.208762e-01 -8.056623e-02
    outer loop
      vertex   -1.500000e+00 2.361675e+01 2.119691e+01
      vertex   -1.258819e+00 2.353407e+01 2.100000e+01
      vertex   -1.258819e+00 2.351836e+01 2.117957e+01
    endloop
  endfacet
  facet normal -1.300379e-01 -9.877360e-01 -8.641571e-02
    outer loop
      vertex   -1.258819e+00 2.351836e+01 2.117957e+01
      vertex   -1.258819e+00 2.353407e+01 2.100000e+01
      vertex   -1.000000e+00 2.350000e+01 2.100000e+01
    endloop
  endfacet
  facet normal -1.588610e-01 -9.788545e-01 -1.288686e-01
    outer loop
      vertex   -1.258819e+00 2.351836e+01 2.117957e+01
      vertex   -1.000000e+00 2.350000e+01 2.100000e+01
      vertex   -1.000000e+00 2.346593e+01 2.125882e+01
    endloop
  endfacet
  facet normal -1.156674e-01 -9.594425e-01 -2.570819e-01
    outer loop
      vertex   -1.258819e+00 2.351836e+01 2.117957e+01
      vertex   -1.000000e+00 2.346593e+01 2.125882e+01
      vertex   -1.258819e+00 2.347171e+01 2.135367e+01
    endloop
  endfacet
  facet normal -1.588610e-01 -9.121471e-01 -3.778237e-01
    outer loop
      vertex   -1.258819e+00 2.347171e+01 2.135367e+01
      vertex   -1.000000e+00 2.346593e+01 2.125882e+01
      vertex   -1.000000e+00 2.336603e+01 2.150000e+01
    endloop
  endfacet
  facet normal -1.300379e-01 -8.986123e-01 -4.190298e-01
    outer loop
      vertex   -1.258819e+00 2.347171e+01 2.135367e+01
      vertex   -1.000000e+00 2.336603e+01 2.150000e+01
      vertex   -1.258819e+00 2.339553e+01 2.151704e+01
    endloop
  endfacet
  facet normal -1.300379e-01 -8.121966e-01 -5.687062e-01
    outer loop
      vertex   -1.258819e+00 2.339553e+01 2.151704e+01
      vertex   -1.000000e+00 2.336603e+01 2.150000e+01
      vertex   -1.258819e+00 2.329215e+01 2.166469e+01
    endloop
  endfacet
  facet normal -3.814394e-01 -7.572191e-01 -5.302105e-01
    outer loop
      vertex   -1.258819e+00 2.339553e+01 2.151704e+01
      vertex   -1.258819e+00 2.329215e+01 2.166469e+01
      vertex   -1.500000e+00 2.336868e+01 2.172890e+01
    endloop
  endfacet
  facet normal -3.814394e-01 -6.536451e-01 -6.536451e-01
    outer loop
      vertex   -1.500000e+00 2.336868e+01 2.172890e+01
      vertex   -1.258819e+00 2.329215e+01 2.166469e+01
      vertex   -1.500000e+00 2.322891e+01 2.186867e+01
    endloop
  endfacet
  facet normal -6.073003e-01 -5.617768e-01 -5.617768e-01
    outer loop
      vertex   -1.500000e+00 2.336868e+01 2.172890e+01
      vertex   -1.500000e+00 2.322891e+01 2.186867e+01
      vertex   -1.707107e+00 2.333106e+01 2.199041e+01
    endloop
  endfacet
  facet normal -6.073003e-01 -4.556906e-01 -6.507937e-01
    outer loop
      vertex   -1.707107e+00 2.333106e+01 2.199041e+01
      vertex   -1.500000e+00 2.322891e+01 2.186867e+01
      vertex   -1.707107e+00 2.314645e+01 2.211968e+01
    endloop
  endfacet
  facet normal -7.922305e-01 -3.500089e-01 -4.998645e-01
    outer loop
      vertex   -1.707107e+00 2.333106e+01 2.199041e+01
      vertex   -1.707107e+00 2.314645e+01 2.211968e+01
      vertex   -1.866025e+00 2.325000e+01 2.229904e+01
    endloop
  endfacet
  facet normal -7.922305e-01 -2.578909e-01 -5.530489e-01
    outer loop
      vertex   -1.866025e+00 2.325000e+01 2.229904e+01
      vertex   -1.707107e+00 2.314645e+01 2.211968e+01
      vertex   -1.866025e+00 2.301303e+01 2.240954e+01
    endloop
  endfacet
  facet normal -9.233622e-01 -1.622559e-01 -3.479588e-01
    outer loop
      vertex   -1.866025e+00 2.325000e+01 2.229904e+01
      vertex   -1.866025e+00 2.301303e+01 2.240954e+01
      vertex   -1.965926e+00 2.309552e+01 2.263617e+01
    endloop
  endfacet
  facet normal -9.233622e-01 -9.936842e-02 -3.708480e-01
    outer loop
      vertex   -1.965926e+00 2.309552e+01 2.263617e+01
      vertex   -1.866025e+00 2.301303e+01 2.240954e+01
      vertex   -1.965926e+00 2.280235e+01 2.271473e+01
    endloop
  endfacet
  facet normal -9.917761e-01 -3.312496e-02 -1.236240e-01
    outer loop
      vertex   -1.965926e+00 2.309552e+01 2.263617e+01
      vertex   -1.965926e+00 2.280235e+01 2.271473e+01
      vertex   -2.000000e+00 2.294504e+01 2.294986e+01
    endloop
  endfacet
  facet normal -9.908119e-01 -1.514289e-02 -1.343969e-01
    outer loop
      vertex   -2.000000e+00 2.294504e+01 2.294986e+01
      vertex   -1.965926e+00 2.280235e+01 2.271473e+01
      vertex   -2.000000e+00 2.250000e+01 2.300000e+01
    endloop
  endfacet
  facet normal -9.913802e-01 -1.141882e-02 -1.305177e-01
    outer loop
      vertex   -2.000000e+00 2.250000e+01 2.300000e+01
      vertex   -1.965926e+00 2.280235e+01 2.271473e+01
      vertex   -1.965926e+00 2.250000e+01 2.274118e+01
    endloop
  endfacet
  facet normal -9.233622e-01 -3.346171e-02 -3.824691e-01
    outer loop
      vertex   -1.965926e+00 2.250000e+01 2.274118e+01
      vertex   -1.965926e+00 2.280235e+01 2.271473e+01
      vertex   -1.866025e+00 2.276047e+01 2.247721e+01
    endloop
  endfacet
  facet normal -9.233622e-01 -3.346171e-02 -3.824691e-01
    outer loop
      vertex   -1.965926e+00 2.250000e+01 2.274118e+01
      vertex   -1.866025e+00 2.276047e+01 2.247721e+01
      vertex   -1.866025e+00 2.250000e+01 2.250000e+01
    endloop
  endfacet
  facet normal -7.922305e-01 -5.318435e-02 -6.078999e-01
    outer loop
      vertex   -1.866025e+00 2.250000e+01 2.250000e+01
      vertex   -1.866025e+00 2.276047e+01 2.247721e+01
      vertex   -1.707107e+00 2.272451e+01 2.227325e+01
    endloop
  endfacet
  facet normal -7.922305e-01 -5.318435e-02 -6.078999e-01
    outer loop
      vertex   -1.866025e+00 2.250000e+01 2.250000e+01
      vertex   -1.707107e+00 2.272451e+01 2.227325e+01
      vertex   -1.707107e+00 2.250000e+01 2.229289e+01
    endloop
  endfacet
  facet normal -6.073003e-01 -6.924283e-02 -7.914492e-01
    outer loop
      vertex   -1.707107e+00 2.250000e+01 2.229289e+01
      vertex   -1.707107e+00 2.272451e+01 2.227325e+01
      vertex   -1.500000e+00 2.269691e+01 2.211675e+01
    endloop
  endfacet
  facet normal -6.073003e-01 -6.924283e-02 -7.914492e-01
    outer loop
      vertex   -1.707107e+00 2.250000e+01 2.229289e+01
      vertex   -1.500000e+00 2.269691e+01 2.211675e+01
      vertex   -1.500000e+00 2.250000e+01 2.213397e+01
    endloop
  endfacet
  facet normal -3.814394e-01 -8.056623e-02 -9.208762e-01
    outer loop
      vertex   -1.500000e+00 2.250000e+01 2.213397e+01
      vertex   -1.500000e+00 2.269691e+01 2.211675e+01
      vertex   -1.258819e+00 2.267957e+01 2.201836e+01
    endloop
  endfacet
  facet normal -3.814394e-01 -8.056623e-02 -9.208762e-01
    outer loop
      vertex   -1.500000e+00 2.250000e+01 2.213397e+01
      vertex   -1.258819e+00 2.267957e+01 2.201836e+01
      vertex   -1.258819e+00 2.250000e+01 2.203407e+01
    endloop
  endfacet
  facet normal -1.300379e-01 -8.641571e-02 -9.877360e-01
    outer loop
      vertex   -1.258819e+00 2.250000e+01 2.203407e+01
      vertex   -1.258819e+00 2.267957e+01 2.201836e+01
      vertex   -1.000000e+00 2.250000e+01 2.200000e+01
    endloop
  endfacet
  facet normal -1.588610e-01 -1.288686e-01 -9.788545e-01
    outer loop
      vertex   -1.000000e+00 2.250000e+01 2.200000e+01
      vertex   -1.258819e+00 2.267957e+01 2.201836e+01
      vertex   -1.000000e+00 2.275882e+01 2.196593e+01
    endloop
  endfacet
  facet normal -1.156674e-01 -2.570819e-01 -9.594425e-01
    outer loop
      vertex   -1.000000e+00 2.275882e+01 2.196593e+01
      vertex   -1.258819e+00 2.267957e+01 2.201836e+01
      vertex   -1.258819e+00 2.285367e+01 2.197171e+01
    endloop
  endfacet
  facet normal -1.588610e-01 -3.778237e-01 -9.121471e-01
    outer loop
      vertex   -1.000000e+00 2.275882e+01 2.196593e+01
      vertex   -1.258819e+00 2.285367e+01 2.197171e+01
      vertex   -1.000000e+00 2.300000e+01 2.186603e+01
    endloop
  endfacet
  facet normal -1.300379e-01 -4.190298e-01 -8.986123e-01
    outer loop
      vertex   -1.000000e+00 2.300000e+01 2.186603e+01
      vertex   -1.258819e+00 2.285367e+01 2.197171e+01
      vertex   -1.258819e+00 2.301704e+01 2.189553e+01
    endloop
  endfacet
  facet normal -1.300379e-01 -5.687062e-01 -8.121966e-01
    outer loop
      vertex   -1.000000e+00 2.300000e+01 2.186603e+01
      vertex   -1.258819e+00 2.301704e+01 2.189553e+01
      vertex   -1.258819e+00 2.316469e+01 2.179215e+01
    endloop
  endfacet
  facet normal -3.814394e-01 -5.302105e-01 -7.572191e-01
    outer loop
      vertex   -1.258819e+00 2.316469e+01 2.179215e+01
      vertex   -1.258819e+00 2.301704e+01 2.189553e+01
      vertex   -1.500000e+00 2.306699e+01 2.198205e+01
    endloop
  endfacet
  facet normal -3.814394e-01 -5.302105e-01 -7.572191e-01
    outer loop
      vertex   -1.258819e+00 2.316469e+01 2.179215e+01
      vertex   -1.500000e+00 2.306699e+01 2.198205e+01
      vertex   -1.500000e+00 2.322891e+01 2.186867e+01
    endloop
  endfacet
  facet normal -6.073003e-01 -4.556906e-01 -6.507937e-01
    outer loop
      vertex   -1.500000e+00 2.322891e+01 2.186867e+01
      vertex   -1.500000e+00 2.306699e+01 2.198205e+01
      vertex   -1.707107e+00 2.314645e+01 2.211968e+01
    endloop
  endfacet
  facet normal -1.588610e-01 -7.832785e-01 -6.010307e-01
    outer loop
      vertex   -1.000000e+00 2.336603e+01 2.150000e+01
      vertex   -1.000000e+00 2.320711e+01 2.170711e+01
      vertex   -1.258819e+00 2.329215e+01 2.166469e+01
    endloop
  endfacet
  facet normal -1.156674e-01 -7.023607e-01 -7.023607e-01
    outer loop
      vertex   -1.258819e+00 2.329215e+01 2.166469e+01
      vertex   -1.000000e+00 2.320711e+01 2.170711e+01
      vertex   -1.258819e+00 2.316469e+01 2.179215e+01
    endloop
  endfacet
  facet normal -3.814394e-01 -6.536451e-01 -6.536451e-01
    outer loop
      vertex   -1.258819e+00 2.329215e+01 2.166469e+01
      vertex   -1.258819e+00 2.316469e+01 2.179215e+01
      vertex   -1.500000e+00 2.322891e+01 2.186867e+01
    endloop
  endfacet
  facet normal -1.588610e-01 -6.010307e-01 -7.832785e-01
    outer loop
      vertex   -1.000000e+00 2.320711e+01 2.170711e+01
      vertex   -1.000000e+00 2.300000e+01 2.186603e+01
      vertex   -1.258819e+00 2.316469e+01 2.179215e+01
    endloop
  endfacet
  facet normal -9.905716e-01 -4.524691e-02 -1.293083e-01
    outer loop
      vertex   -2.000000e+00 2.294504e+01 2.294986e+01
      vertex   -2.000000e+00 2.336777e+01 2.280194e+01
      vertex   -1.965926e+00 2.309552e+01 2.263617e+01
    endloop
  endfacet
  facet normal -9.918521e-01 -5.383946e-02 -1.154591e-01
    outer loop
      vertex   -1.965926e+00 2.309552e+01 2.263617e+01
      vertex   -2.000000e+00 2.336777e+01 2.280194e+01
      vertex   -1.965926e+00 2.337059e+01 2.250791e+01
    endloop
  endfacet
  facet normal -9.233622e-01 -1.622559e-01 -3.479588e-01
    outer loop
      vertex   -1.965926e+00 2.309552e+01 2.263617e+01
      vertex   -1.965926e+00 2.337059e+01 2.250791e+01
      vertex   -1.866025e+00 2.325000e+01 2.229904e+01
    endloop
  endfacet
  facet normal -9.233622e-01 -2.202133e-01 -3.144971e-01
    outer loop
      vertex   -1.866025e+00 2.325000e+01 2.229904e+01
      vertex   -1.965926e+00 2.337059e+01 2.250791e+01
      vertex   -1.866025e+00 2.346418e+01 2.214907e+01
    endloop
  endfacet
  facet normal -7.922305e-01 -3.500089e-01 -4.998645e-01
    outer loop
      vertex   -1.866025e+00 2.325000e+01 2.229904e+01
      vertex   -1.866025e+00 2.346418e+01 2.214907e+01
      vertex   -1.707107e+00 2.333106e+01 2.199041e+01
    endloop
  endfacet
  facet normal -7.922305e-01 -4.314921e-01 -4.314921e-01
    outer loop
      vertex   -1.707107e+00 2.333106e+01 2.199041e+01
      vertex   -1.866025e+00 2.346418e+01 2.214907e+01
      vertex   -1.707107e+00 2.349041e+01 2.183106e+01
    endloop
  endfacet
  facet normal -6.073003e-01 -5.617768e-01 -5.617768e-01
    outer loop
      vertex   -1.707107e+00 2.333106e+01 2.199041e+01
      vertex   -1.707107e+00 2.349041e+01 2.183106e+01
      vertex   -1.500000e+00 2.336868e+01 2.172890e+01
    endloop
  endfacet
  facet normal -6.073003e-01 -6.507937e-01 -4.556906e-01
    outer loop
      vertex   -1.500000e+00 2.336868e+01 2.172890e+01
      vertex   -1.707107e+00 2.349041e+01 2.183106e+01
      vertex   -1.500000e+00 2.348205e+01 2.156699e+01
    endloop
  endfacet
  facet normal -3.814394e-01 -7.572191e-01 -5.302105e-01
    outer loop
      vertex   -1.500000e+00 2.336868e+01 2.172890e+01
      vertex   -1.500000e+00 2.348205e+01 2.156699e+01
      vertex   -1.258819e+00 2.339553e+01 2.151704e+01
    endloop
  endfacet
  facet normal -3.814394e-01 -8.377853e-01 -3.906657e-01
    outer loop
      vertex   -1.258819e+00 2.339553e+01 2.151704e+01
      vertex   -1.500000e+00 2.348205e+01 2.156699e+01
      vertex   -1.258819e+00 2.347171e+01 2.135367e+01
    endloop
  endfacet
  facet normal -9.906527e-01 -7.257344e-02 -1.155000e-01
    outer loop
      vertex   -2.000000e+00 2.336777e+01 2.280194e+01
      vertex   -2.000000e+00 2.374698e+01 2.256366e+01
      vertex   -1.965926e+00 2.337059e+01 2.250791e+01
    endloop
  endfacet
  facet normal -9.916210e-01 -7.409519e-02 -1.058189e-01
    outer loop
      vertex   -1.965926e+00 2.337059e+01 2.250791e+01
      vertex   -2.000000e+00 2.374698e+01 2.256366e+01
      vertex   -1.965926e+00 2.361921e+01 2.233382e+01
    endloop
  endfacet
  facet normal -9.233622e-01 -2.202133e-01 -3.144971e-01
    outer loop
      vertex   -1.965926e+00 2.337059e+01 2.250791e+01
      vertex   -1.965926e+00 2.361921e+01 2.233382e+01
      vertex   -1.866025e+00 2.346418e+01 2.214907e+01
    endloop
  endfacet
  facet normal -9.233622e-01 -2.714796e-01 -2.714796e-01
    outer loop
      vertex   -1.866025e+00 2.346418e+01 2.214907e+01
      vertex   -1.965926e+00 2.361921e+01 2.233382e+01
      vertex   -1.866025e+00 2.364907e+01 2.196418e+01
    endloop
  endfacet
  facet normal -7.922305e-01 -4.314921e-01 -4.314921e-01
    outer loop
      vertex   -1.866025e+00 2.346418e+01 2.214907e+01
      vertex   -1.866025e+00 2.364907e+01 2.196418e+01
      vertex   -1.707107e+00 2.349041e+01 2.183106e+01
    endloop
  endfacet
  facet normal -7.922305e-01 -4.998645e-01 -3.500089e-01
    outer loop
      vertex   -1.707107e+00 2.349041e+01 2.183106e+01
      vertex   -1.866025e+00 2.364907e+01 2.196418e+01
      vertex   -1.707107e+00 2.361968e+01 2.164645e+01
    endloop
  endfacet
  facet normal -6.073003e-01 -6.507937e-01 -4.556906e-01
    outer loop
      vertex   -1.707107e+00 2.349041e+01 2.183106e+01
      vertex   -1.707107e+00 2.361968e+01 2.164645e+01
      vertex   -1.500000e+00 2.348205e+01 2.156699e+01
    endloop
  endfacet
  facet normal -6.073003e-01 -7.200365e-01 -3.357585e-01
    outer loop
      vertex   -1.500000e+00 2.348205e+01 2.156699e+01
      vertex   -1.707107e+00 2.361968e+01 2.164645e+01
      vertex   -1.500000e+00 2.356559e+01 2.138784e+01
    endloop
  endfacet
  facet normal -3.814394e-01 -8.377853e-01 -3.906657e-01
    outer loop
      vertex   -1.500000e+00 2.348205e+01 2.156699e+01
      vertex   -1.500000e+00 2.356559e+01 2.138784e+01
      vertex   -1.258819e+00 2.347171e+01 2.135367e+01
    endloop
  endfacet
  facet normal -3.814394e-01 -8.928959e-01 -2.392507e-01
    outer loop
      vertex   -1.258819e+00 2.347171e+01 2.135367e+01
      vertex   -1.500000e+00 2.356559e+01 2.138784e+01
      vertex   -1.258819e+00 2.351836e+01 2.117957e+01
    endloop
  endfacet
  facet normal -9.910430e-01 -9.442933e-02 -9.442933e-02
    outer loop
      vertex   -2.000000e+00 2.374698e+01 2.256366e+01
      vertex   -2.000000e+00 2.406366e+01 2.224698e+01
      vertex   -1.965926e+00 2.361921e+01 2.233382e+01
    endloop
  endfacet
  facet normal -9.910430e-01 -9.442933e-02 -9.442933e-02
    outer loop
      vertex   -1.965926e+00 2.361921e+01 2.233382e+01
      vertex   -2.000000e+00 2.406366e+01 2.224698e+01
      vertex   -1.965926e+00 2.383382e+01 2.211921e+01
    endloop
  endfacet
  facet normal -9.233622e-01 -2.714796e-01 -2.714796e-01
    outer loop
      vertex   -1.965926e+00 2.361921e+01 2.233382e+01
      vertex   -1.965926e+00 2.383382e+01 2.211921e+01
      vertex   -1.866025e+00 2.364907e+01 2.196418e+01
    endloop
  endfacet
  facet normal -9.233622e-01 -3.144971e-01 -2.202133e-01
    outer loop
      vertex   -1.866025e+00 2.364907e+01 2.196418e+01
      vertex   -1.965926e+00 2.383382e+01 2.211921e+01
      vertex   -1.866025e+00 2.379904e+01 2.175000e+01
    endloop
  endfacet
  facet normal -7.922305e-01 -4.998645e-01 -3.500089e-01
    outer loop
      vertex   -1.866025e+00 2.364907e+01 2.196418e+01
      vertex   -1.866025e+00 2.379904e+01 2.175000e+01
      vertex   -1.707107e+00 2.361968e+01 2.164645e+01
    endloop
  endfacet
  facet normal -7.922305e-01 -5.530489e-01 -2.578909e-01
    outer loop
      vertex   -1.707107e+00 2.361968e+01 2.164645e+01
      vertex   -1.866025e+00 2.379904e+01 2.175000e+01
      vertex   -1.707107e+00 2.371492e+01 2.144220e+01
    endloop
  endfacet
  facet normal -6.073003e-01 -7.200365e-01 -3.357585e-01
    outer loop
      vertex   -1.707107e+00 2.361968e+01 2.164645e+01
      vertex   -1.707107e+00 2.371492e+01 2.144220e+01
      vertex   -1.500000e+00 2.356559e+01 2.138784e+01
    endloop
  endfacet
  facet normal -6.073003e-01 -7.674014e-01 -2.056246e-01
    outer loop
      vertex   -1.500000e+00 2.356559e+01 2.138784e+01
      vertex   -1.707107e+00 2.371492e+01 2.144220e+01
      vertex   -1.500000e+00 2.361675e+01 2.119691e+01
    endloop
  endfacet
  facet normal -3.814394e-01 -8.928959e-01 -2.392507e-01
    outer loop
      vertex   -1.500000e+00 2.356559e+01 2.138784e+01
      vertex   -1.500000e+00 2.361675e+01 2.119691e+01
      vertex   -1.258819e+00 2.351836e+01 2.117957e+01
    endloop
  endfacet
  facet normal -9.916210e-01 -1.058189e-01 -7.409519e-02
    outer loop
      vertex   -1.965926e+00 2.383382e+01 2.211921e+01
      vertex   -2.000000e+00 2.406366e+01 2.224698e+01
      vertex   -1.965926e+00 2.400791e+01 2.187059e+01
    endloop
  endfacet
  facet normal -9.906527e-01 -1.155000e-01 -7.257344e-02
    outer loop
      vertex   -1.965926e+00 2.400791e+01 2.187059e+01
      vertex   -2.000000e+00 2.406366e+01 2.224698e+01
      vertex   -2.000000e+00 2.430194e+01 2.186777e+01
    endloop
  endfacet
  facet normal -9.918521e-01 -1.154591e-01 -5.383946e-02
    outer loop
      vertex   -1.965926e+00 2.400791e+01 2.187059e+01
      vertex   -2.000000e+00 2.430194e+01 2.186777e+01
      vertex   -1.965926e+00 2.413618e+01 2.159552e+01
    endloop
  endfacet
  facet normal -9.905716e-01 -1.293083e-01 -4.524691e-02
    outer loop
      vertex   -1.965926e+00 2.413618e+01 2.159552e+01
      vertex   -2.000000e+00 2.430194e+01 2.186777e+01
      vertex   -2.000000e+00 2.444986e+01 2.144504e+01
    endloop
  endfacet
  facet normal -9.917761e-01 -1.236240e-01 -3.312496e-02
    outer loop
      vertex   -1.965926e+00 2.413618e+01 2.159552e+01
      vertex   -2.000000e+00 2.444986e+01 2.144504e+01
      vertex   -1.965926e+00 2.421473e+01 2.130235e+01
    endloop
  endfacet
  facet normal -6.073003e-01 -7.674014e-01 -2.056246e-01
    outer loop
      vertex   -1.500000e+00 2.361675e+01 2.119691e+01
      vertex   -1.707107e+00 2.371492e+01 2.144220e+01
      vertex   -1.707107e+00 2.377325e+01 2.122451e+01
    endloop
  endfacet
  facet normal -7.922305e-01 -5.894291e-01 -1.579371e-01
    outer loop
      vertex   -1.707107e+00 2.377325e+01 2.122451e+01
      vertex   -1.707107e+00 2.371492e+01 2.144220e+01
      vertex   -1.866025e+00 2.390954e+01 2.151303e+01
    endloop
  endfacet
  facet normal -7.922305e-01 -5.894291e-01 -1.579371e-01
    outer loop
      vertex   -1.707107e+00 2.377325e+01 2.122451e+01
      vertex   -1.866025e+00 2.390954e+01 2.151303e+01
      vertex   -1.866025e+00 2.397721e+01 2.126047e+01
    endloop
  endfacet
  facet normal -9.233622e-01 -3.708480e-01 -9.936842e-02
    outer loop
      vertex   -1.866025e+00 2.397721e+01 2.126047e+01
      vertex   -1.866025e+00 2.390954e+01 2.151303e+01
      vertex   -1.965926e+00 2.413618e+01 2.159552e+01
    endloop
  endfacet
  facet normal -9.233622e-01 -3.708480e-01 -9.936842e-02
    outer loop
      vertex   -1.866025e+00 2.397721e+01 2.126047e+01
      vertex   -1.965926e+00 2.413618e+01 2.159552e+01
      vertex   -1.965926e+00 2.421473e+01 2.130235e+01
    endloop
  endfacet
  facet normal -9.233622e-01 -3.479588e-01 -1.622559e-01
    outer loop
      vertex   -1.965926e+00 2.400791e+01 2.187059e+01
      vertex   -1.965926e+00 2.413618e+01 2.159552e+01
      vertex   -1.866025e+00 2.390954e+01 2.151303e+01
    endloop
  endfacet
  facet normal -9.233622e-01 -3.479588e-01 -1.622559e-01
    outer loop
      vertex   -1.965926e+00 2.400791e+01 2.187059e+01
      vertex   -1.866025e+00 2.390954e+01 2.151303e+01
      vertex   -1.866025e+00 2.379904e+01 2.175000e+01
    endloop
  endfacet
  facet normal -7.922305e-01 -5.530489e-01 -2.578909e-01
    outer loop
      vertex   -1.866025e+00 2.379904e+01 2.175000e+01
      vertex   -1.866025e+00 2.390954e+01 2.151303e+01
      vertex   -1.707107e+00 2.371492e+01 2.144220e+01
    endloop
  endfacet
  facet normal -9.233622e-01 -3.144971e-01 -2.202133e-01
    outer loop
      vertex   -1.965926e+00 2.400791e+01 2.187059e+01
      vertex   -1.866025e+00 2.379904e+01 2.175000e+01
      vertex   -1.965926e+00 2.383382e+01 2.211921e+01
    endloop
  endfacet
  facet normal -3.814394e-01 -3.906657e-01 -8.377853e-01
    outer loop
      vertex   -1.500000e+00 2.306699e+01 2.198205e+01
      vertex   -1.258819e+00 2.301704e+01 2.189553e+01
      vertex   -1.500000e+00 2.288784e+01 2.206559e+01
    endloop
  endfacet
  facet normal -3.814394e-01 -3.906657e-01 -8.377853e-01
    outer loop
      vertex   -1.500000e+00 2.288784e+01 2.206559e+01
      vertex   -1.258819e+00 2.301704e+01 2.189553e+01
      vertex   -1.258819e+00 2.285367e+01 2.197171e+01
    endloop
  endfacet
  facet normal -3.814394e-01 -2.392507e-01 -8.928959e-01
    outer loop
      vertex   -1.500000e+00 2.288784e+01 2.206559e+01
      vertex   -1.258819e+00 2.285367e+01 2.197171e+01
      vertex   -1.500000e+00 2.269691e+01 2.211675e+01
    endloop
  endfacet
  facet normal -3.814394e-01 -2.392507e-01 -8.928959e-01
    outer loop
      vertex   -1.500000e+00 2.269691e+01 2.211675e+01
      vertex   -1.258819e+00 2.285367e+01 2.197171e+01
      vertex   -1.258819e+00 2.267957e+01 2.201836e+01
    endloop
  endfacet
  facet normal -6.073003e-01 -3.357585e-01 -7.200365e-01
    outer loop
      vertex   -1.707107e+00 2.314645e+01 2.211968e+01
      vertex   -1.500000e+00 2.306699e+01 2.198205e+01
      vertex   -1.707107e+00 2.294220e+01 2.221492e+01
    endloop
  endfacet
  facet normal -6.073003e-01 -3.357585e-01 -7.200365e-01
    outer loop
      vertex   -1.707107e+00 2.294220e+01 2.221492e+01
      vertex   -1.500000e+00 2.306699e+01 2.198205e+01
      vertex   -1.500000e+00 2.288784e+01 2.206559e+01
    endloop
  endfacet
  facet normal -6.073003e-01 -2.056246e-01 -7.674014e-01
    outer loop
      vertex   -1.707107e+00 2.294220e+01 2.221492e+01
      vertex   -1.500000e+00 2.288784e+01 2.206559e+01
      vertex   -1.707107e+00 2.272451e+01 2.227325e+01
    endloop
  endfacet
  facet normal -6.073003e-01 -2.056246e-01 -7.674014e-01
    outer loop
      vertex   -1.707107e+00 2.272451e+01 2.227325e+01
      vertex   -1.500000e+00 2.288784e+01 2.206559e+01
      vertex   -1.500000e+00 2.269691e+01 2.211675e+01
    endloop
  endfacet
  facet normal -7.922305e-01 -2.578909e-01 -5.530489e-01
    outer loop
      vertex   -1.707107e+00 2.314645e+01 2.211968e+01
      vertex   -1.707107e+00 2.294220e+01 2.221492e+01
      vertex   -1.866025e+00 2.301303e+01 2.240954e+01
    endloop
  endfacet
  facet normal -7.922305e-01 -1.579371e-01 -5.894291e-01
    outer loop
      vertex   -1.866025e+00 2.301303e+01 2.240954e+01
      vertex   -1.707107e+00 2.294220e+01 2.221492e+01
      vertex   -1.866025e+00 2.276047e+01 2.247721e+01
    endloop
  endfacet
  facet normal -9.233622e-01 -9.936842e-02 -3.708480e-01
    outer loop
      vertex   -1.866025e+00 2.301303e+01 2.240954e+01
      vertex   -1.866025e+00 2.276047e+01 2.247721e+01
      vertex   -1.965926e+00 2.280235e+01 2.271473e+01
    endloop
  endfacet
  facet normal -7.922305e-01 -1.579371e-01 -5.894291e-01
    outer loop
      vertex   -1.866025e+00 2.276047e+01 2.247721e+01
      vertex   -1.707107e+00 2.294220e+01 2.221492e+01
      vertex   -1.707107e+00 2.272451e+01 2.227325e+01
    endloop
  endfacet
  facet normal -1.305262e-01 -9.914449e-01 -2.898264e-17
    outer loop
      vertex   -1.000000e+00 2.350000e+01 1.700000e+01
      vertex   -1.000000e+00 2.350000e+01 2.100000e+01
      vertex   -1.258819e+00 2.353407e+01 1.700000e+01
    endloop
  endfacet
  facet normal -1.305262e-01 -9.914449e-01 -1.449132e-17
    outer loop
      vertex   -1.258819e+00 2.353407e+01 1.700000e+01
      vertex   -1.000000e+00 2.350000e+01 2.100000e+01
      vertex   -1.258819e+00 2.353407e+01 2.100000e+01
    endloop
  endfacet
  facet normal -3.826834e-01 -9.238795e-01 -4.248640e-17
    outer loop
      vertex   -1.258819e+00 2.353407e+01 1.700000e+01
      vertex   -1.258819e+00 2.353407e+01 2.100000e+01
      vertex   -1.500000e+00 2.363397e+01 1.700000e+01
    endloop
  endfacet
  facet normal -3.826834e-01 -9.238795e-01 -8.630563e-16
    outer loop
      vertex   -1.500000e+00 2.363397e+01 1.700000e+01
      vertex   -1.258819e+00 2.353407e+01 2.100000e+01
      vertex   -1.500000e+00 2.363397e+01 2.100000e+01
    endloop
  endfacet
  facet normal -6.087614e-01 -7.933533e-01 -7.722254e-16
    outer loop
      vertex   -1.500000e+00 2.363397e+01 1.700000e+01
      vertex   -1.500000e+00 2.363397e+01 2.100000e+01
      vertex   -1.707107e+00 2.379289e+01 1.700000e+01
    endloop
  endfacet
  facet normal -6.087614e-01 -7.933533e-01 -6.708463e-16
    outer loop
      vertex   -1.707107e+00 2.379289e+01 1.700000e+01
      vertex   -1.500000e+00 2.363397e+01 2.100000e+01
      vertex   -1.707107e+00 2.379289e+01 2.100000e+01
    endloop
  endfacet
  facet normal -7.933533e-01 -6.087614e-01 -4.966488e-16
    outer loop
      vertex   -1.707107e+00 2.379289e+01 1.700000e+01
      vertex   -1.707107e+00 2.379289e+01 2.100000e+01
      vertex   -1.866025e+00 2.400000e+01 1.700000e+01
    endloop
  endfacet
  facet normal -7.933533e-01 -6.087614e-01 4.403996e-17
    outer loop
      vertex   -1.866025e+00 2.400000e+01 1.700000e+01
      vertex   -1.707107e+00 2.379289e+01 2.100000e+01
      vertex   -1.866025e+00 2.400000e+01 2.100000e+01
    endloop
  endfacet
  facet normal -9.238795e-01 -3.826834e-01 5.128562e-17
    outer loop
      vertex   -1.866025e+00 2.400000e+01 1.700000e+01
      vertex   -1.866025e+00 2.400000e+01 2.100000e+01
      vertex   -1.965926e+00 2.424118e+01 1.700000e+01
    endloop
  endfacet
  facet normal -9.238795e-01 -3.826834e-01 -1.347487e-16
    outer loop
      vertex   -1.965926e+00 2.424118e+01 1.700000e+01
      vertex   -1.866025e+00 2.400000e+01 2.100000e+01
      vertex   -1.965926e+00 2.424118e+01 2.100000e+01
    endloop
  endfacet
  facet normal -9.914449e-01 -1.305262e-01 1.042144e-16
    outer loop
      vertex   -1.965926e+00 2.424118e+01 1.700000e+01
      vertex   -1.965926e+00 2.424118e+01 2.100000e+01
      vertex   -2.000000e+00 2.450000e+01 1.700000e+01
    endloop
  endfacet
  facet normal -9.914449e-01 -1.305262e-01 -1.159305e-16
    outer loop
      vertex   -2.000000e+00 2.450000e+01 1.700000e+01
      vertex   -1.965926e+00 2.424118e+01 2.100000e+01
      vertex   -2.000000e+00 2.450000e+01 2.100000e+01
    endloop
  endfacet
  facet normal 0.000000e+00 0.000000e+00 -1.000000e+00
    outer loop
      vertex   4.100000e+01 2.300000e+01 2.200000e+01
      vertex   7.100000e+01 3.100000e+01 2.200000e+01
      vertex   4.100000e+01 1.200000e+01 2.200000e+01
    endloop
  endfacet
  facet normal 0.000000e+00 0.000000e+00 -1.000000e+00
    outer loop
      vertex   4.100000e+01 1.200000e+01 2.200000e+01
      vertex   7.100000e+01 3.100000e+01 2.200000e+01
      vertex   6.650000e+01 4.500000e+00 2.200000e+01
    endloop
  endfacet
  facet normal 0.000000e+00 0.000000e+00 -1.000000e+00
    outer loop
      vertex   4.100000e+01 1.200000e+01 2.200000e+01
      vertex   6.650000e+01 4.500000e+00 2.200000e+01
      vertex   5.950000e+01 4.500000e+00 2.200000e+01
    endloop
  endfacet
  facet normal 0.000000e+00 0.000000e+00 -1.000000e+00
    outer loop
      vertex   4.100000e+01 2.300000e+01 2.200000e+01
      vertex   4.096593e+01 2.325882e+01 2.200000e+01
      vertex   7.100000e+01 3.100000e+01 2.200000e+01
    endloop
  endfacet
  facet normal 0.000000e+00 0.000000e+00 -1.000000e+00
    outer loop
      vertex   7.100000e+01 3.100000e+01 2.200000e+01
      vertex   4.096593e+01 2.325882e+01 2.200000e+01
      vertex   4.086603e+01 2.350000e+01 2.200000e+01
    endloop
  endfacet
  facet normal 0.000000e+00 0.000000e+00 -1.000000e+00
    outer loop
      vertex   7.100000e+01 3.100000e+01 2.200000e+01
      vertex   4.086603e+01 2.350000e+01 2.200000e+01
      vertex   4.070711e+01 2.370711e+01 2.200000e+01
    endloop
  endfacet
  facet normal 0.000000e+00 0.000000e+00 -1.000000e+00
    outer loop
      vertex   4.070711e+01 2.370711e+01 2.200000e+01
      vertex   4.050000e+01 2.386603e+01 2.200000e+01
      vertex   7.100000e+01 3.100000e+01 2.200000e+01
    endloop
  endfacet
  facet normal 0.000000e+00 0.000000e+00 -1.000000e+00
    outer loop
      vertex   7.100000e+01 3.100000e+01 2.200000e+01
      vertex   4.050000e+01 2.386603e+01 2.200000e+01
      vertex   4.025882e+01 2.396593e+01 2.200000e+01
    endloop
  endfacet
  facet normal 0.000000e+00 0.000000e+00 -1.000000e+00
    outer loop
      vertex   7.100000e+01 3.100000e+01 2.200000e+01
      vertex   4.025882e+01 2.396593e+01 2.200000e+01
      vertex   4.000000e+01 2.400000e+01 2.200000e+01
    endloop
  endfacet
  facet normal -0.000000e+00 0.000000e+00 -1.000000e+00
    outer loop
      vertex   7.100000e+01 3.100000e+01 2.200000e+01
      vertex   4.000000e+01 2.400000e+01 2.200000e+01
      vertex   0.000000e+00 3.100000e+01 2.200000e+01
    endloop
  endfacet
  facet normal 0.000000e+00 0.000000e+00 -1.000000e+00
    outer loop
      vertex   0.000000e+00 3.100000e+01 2.200000e+01
      vertex   4.000000e+01 2.400000e+01 2.200000e+01
      vertex   1.700000e+01 2.400000e+01 2.200000e+01
    endloop
  endfacet
  facet normal 0.000000e+00 0.000000e+00 -1.000000e+00
    outer loop
      vertex   0.000000e+00 3.100000e+01 2.200000e+01
      vertex   1.700000e+01 2.400000e+01 2.200000e+01
      vertex   1.674118e+01 2.396593e+01 2.200000e+01
    endloop
  endfacet
  facet normal -0.000000e+00 0.000000e+00 -1.000000e+00
    outer loop
      vertex   1.674118e+01 2.396593e+01 2.200000e+01
      vertex   1.650000e+01 2.386603e+01 2.200000e+01
      vertex   0.000000e+00 3.100000e+01 2.200000e+01
    endloop
  endfacet
  facet normal 0.000000e+00 0.000000e+00 -1.000000e+00
    outer loop
      vertex   0.000000e+00 3.100000e+01 2.200000e+01
      vertex   1.650000e+01 2.386603e+01 2.200000e+01
      vertex   0.000000e+00 2.250000e+01 2.200000e+01
    endloop
  endfacet
  facet normal 0.000000e+00 0.000000e+00 -1.000000e+00
    outer loop
      vertex   0.000000e+00 2.250000e+01 2.200000e+01
      vertex   1.650000e+01 2.386603e+01 2.200000e+01
      vertex   1.629289e+01 2.370711e+01 2.200000e+01
    endloop
  endfacet
  facet normal 0.000000e+00 0.000000e+00 -1.000000e+00
    outer loop
      vertex   0.000000e+00 2.250000e+01 2.200000e+01
      vertex   1.629289e+01 2.370711e+01 2.200000e+01
      vertex   1.613397e+01 2.350000e+01 2.200000e+01
    endloop
  endfacet
  facet normal 0.000000e+00 0.000000e+00 -1.000000e+00
    outer loop
      vertex   1.613397e+01 2.350000e+01 2.200000e+01
      vertex   1.603407e+01 2.325882e+01 2.200000e+01
      vertex   0.000000e+00 2.250000e+01 2.200000e+01
    endloop
  endfacet
  facet normal 0.000000e+00 0.000000e+00 -1.000000e+00
    outer loop
      vertex   0.000000e+00 2.250000e+01 2.200000e+01
      vertex   1.603407e+01 2.325882e+01 2.200000e+01
      vertex   1.600000e+01 2.300000e+01 2.200000e+01
    endloop
  endfacet
  facet normal 0.000000e+00 0.000000e+00 -1.000000e+00
    outer loop
      vertex   0.000000e+00 2.250000e+01 2.200000e+01
      vertex   1.600000e+01 2.300000e+01 2.200000e+01
      vertex   0.000000e+00 1.250000e+01 2.200000e+01
    endloop
  endfacet
  facet normal 0.000000e+00 0.000000e+00 -1.000000e+00
    outer loop
      vertex   0.000000e+00 1.250000e+01 2.200000e+01
      vertex   1.600000e+01 2.300000e+01 2.200000e+01
      vertex   1.600000e+01 1.200000e+01 2.200000e+01
    endloop
  endfacet
  facet normal 0.000000e+00 0.000000e+00 -1.000000e+00
    outer loop
      vertex   0.000000e+00 1.250000e+01 2.200000e+01
      vertex   1.600000e+01 1.200000e+01 2.200000e+01
      vertex   1.603407e+01 1.174118e+01 2.200000e+01
    endloop
  endfacet
  facet normal -0.000000e+00 -0.000000e+00 -1.000000e+00
    outer loop
      vertex   1.603407e+01 1.174118e+01 2.200000e+01
      vertex   1.613397e+01 1.150000e+01 2.200000e+01
      vertex   0.000000e+00 1.250000e+01 2.200000e+01
    endloop
  endfacet
  facet normal 0.000000e+00 0.000000e+00 -1.000000e+00
    outer loop
      vertex   0.000000e+00 1.250000e+01 2.200000e+01
      vertex   1.613397e+01 1.150000e+01 2.200000e+01
      vertex   1.629289e+01 1.129289e+01 2.200000e+01
    endloop
  endfacet
  facet normal 0.000000e+00 0.000000e+00 -1.000000e+00
    outer loop
      vertex   0.000000e+00 1.250000e+01 2.200000e+01
      vertex   1.629289e+01 1.129289e+01 2.200000e+01
      vertex   1.650000e+01 1.113397e+01 2.200000e+01
    endloop
  endfacet
  facet normal 0.000000e+00 0.000000e+00 -1.000000e+00
    outer loop
      vertex   0.000000e+00 1.250000e+01 2.200000e+01
      vertex   1.650000e+01 1.113397e+01 2.200000e+01
      vertex   0.000000e+00 0.000000e+00 2.200000e+01
    endloop
  endfacet
  facet normal 0.000000e+00 0.000000e+00 -1.000000e+00
    outer loop
      vertex   0.000000e+00 0.000000e+00 2.200000e+01
      vertex   1.650000e+01 1.113397e+01 2.200000e+01
      vertex   1.674118e+01 1.103407e+01 2.200000e+01
    endloop
  endfacet
  facet normal 0.000000e+00 0.000000e+00 -1.000000e+00
    outer loop
      vertex   0.000000e+00 0.000000e+00 2.200000e+01
      vertex   1.674118e+01 1.103407e+01 2.200000e+01
      vertex   1.700000e+01 1.100000e+01 2.200000e+01
    endloop
  endfacet
  facet normal 0.000000e+00 -0.000000e+00 -1.000000e+00
    outer loop
      vertex   1.700000e+01 1.100000e+01 2.200000e+01
      vertex   4.000000e+01 1.100000e+01 2.200000e+01
      vertex   0.000000e+00 0.000000e+00 2.200000e+01
    endloop
  endfacet
  facet normal 0.000000e+00 0.000000e+00 -1.000000e+00
    outer loop
      vertex   0.000000e+00 0.000000e+00 2.200000e+01
      vertex   4.000000e+01 1.100000e+01 2.200000e+01
      vertex   5.950000e+01 3.500000e+00 2.200000e+01
    endloop
  endfacet
  facet normal 0.000000e+00 0.000000e+00 -1.000000e+00
    outer loop
      vertex   0.000000e+00 0.000000e+00 2.200000e+01
      vertex   5.950000e+01 3.500000e+00 2.200000e+01
      vertex   7.100000e+01 0.000000e+00 2.200000e+01
    endloop
  endfacet
  facet normal 0.000000e+00 0.000000e+00 -1.000000e+00
    outer loop
      vertex   7.100000e+01 0.000000e+00 2.200000e+01
      vertex   5.950000e+01 3.500000e+00 2.200000e+01
      vertex   6.650000e+01 3.500000e+00 2.200000e+01
    endloop
  endfacet
  facet normal 0.000000e+00 0.000000e+00 -1.000000e+00
    outer loop
      vertex   7.100000e+01 0.000000e+00 2.200000e+01
      vertex   6.650000e+01 3.500000e+00 2.200000e+01
      vertex   6.650000e+01 4.500000e+00 2.200000e+01
    endloop
  endfacet
  facet normal 0.000000e+00 0.000000e+00 -1.000000e+00
    outer loop
      vertex   5.950000e+01 3.500000e+00 2.200000e+01
      vertex   4.000000e+01 1.100000e+01 2.200000e+01
      vertex   5.950000e+01 4.500000e+00 2.200000e+01
    endloop
  endfacet
  facet normal 0.000000e+00 0.000000e+00 -1.000000e+00
    outer loop
      vertex   5.950000e+01 4.500000e+00 2.200000e+01
      vertex   4.000000e+01 1.100000e+01 2.200000e+01
      vertex   4.025882e+01 1.103407e+01 2.200000e+01
    endloop
  endfacet
  facet normal 0.000000e+00 0.000000e+00 -1.000000e+00
    outer loop
      vertex   5.950000e+01 4.500000e+00 2.200000e+01
      vertex   4.025882e+01 1.103407e+01 2.200000e+01
      vertex   4.050000e+01 1.113397e+01 2.200000e+01
    endloop
  endfacet
  facet normal 0.000000e+00 0.000000e+00 -1.000000e+00
    outer loop
      vertex   4.050000e+01 1.113397e+01 2.200000e+01
      vertex   4.070711e+01 1.129289e+01 2.200000e+01
      vertex   5.950000e+01 4.500000e+00 2.200000e+01
    endloop
  endfacet
  facet normal 0.000000e+00 0.000000e+00 -1.000000e+00
    outer loop
      vertex   5.950000e+01 4.500000e+00 2.200000e+01
      vertex   4.070711e+01 1.129289e+01 2.200000e+01
      vertex   4.086603e+01 1.150000e+01 2.200000e+01
    endloop
  endfacet
  facet normal 0.000000e+00 0.000000e+00 -1.000000e+00
    outer loop
      vertex   5.950000e+01 4.500000e+00 2.200000e+01
      vertex   4.086603e+01 1.150000e+01 2.200000e+01
      vertex   4.096593e+01 1.174118e+01 2.200000e+01
    endloop
  endfacet
  facet normal 0.000000e+00 0.000000e+00 -1.000000e+00
    outer loop
      vertex   4.096593e+01 1.174118e+01 2.200000e+01
      vertex   4.100000e+01 1.200000e+01 2.200000e+01
      vertex   5.950000e+01 4.500000e+00 2.200000e+01
    endloop
  endfacet
  facet normal 0.000000e+00 0.000000e+00 -1.000000e+00
    outer loop
      vertex   -1.000000e+00 2.250000e+01 2.200000e+01
      vertex   0.000000e+00 2.250000e+01 2.200000e+01
      vertex   -1.000000e+00 1.250000e+01 2.200000e+01
    endloop
  endfacet
  facet normal 0.000000e+00 0.000000e+00 -1.000000e+00
    outer loop
      vertex   -1.000000e+00 1.250000e+01 2.200000e+01
      vertex   0.000000e+00 2.250000e+01 2.200000e+01
      vertex   0.000000e+00 1.250000e+01 2.200000e+01
    endloop
  endfacet
  facet normal 0.000000e+00 -0.000000e+00 -1.000000e+00
    outer loop
      vertex   7.100000e+01 3.100000e+01 2.200000e+01
      vertex   7.100000e+01 0.000000e+00 2.200000e+01
      vertex   6.650000e+01 4.500000e+00 2.200000e+01
    endloop
  endfacet
  facet normal -0.000000e+00 -1.305262e-01 -9.914449e-01
    outer loop
      vertex   0.000000e+00 2.250000e+01 2.200000e+01
      vertex   -1.000000e+00 2.250000e+01 2.200000e+01
      vertex   0.000000e+00 2.275882e+01 2.196593e+01
    endloop
  endfacet
  facet normal -0.000000e+00 -1.305262e-01 -9.914449e-01
    outer loop
      vertex   0.000000e+00 2.275882e+01 2.196593e+01
      vertex   -1.000000e+00 2.250000e+01 2.200000e+01
      vertex   -1.000000e+00 2.275882e+01 2.196593e+01
    endloop
  endfacet
  facet normal -0.000000e+00 -3.826834e-01 -9.238795e-01
    outer loop
      vertex   0.000000e+00 2.275882e+01 2.196593e+01
      vertex   -1.000000e+00 2.275882e+01 2.196593e+01
      vertex   0.000000e+00 2.300000e+01 2.186603e+01
    endloop
  endfacet
  facet normal -0.000000e+00 -3.826834e-01 -9.238795e-01
    outer loop
      vertex   0.000000e+00 2.300000e+01 2.186603e+01
      vertex   -1.000000e+00 2.275882e+01 2.196593e+01
      vertex   -1.000000e+00 2.300000e+01 2.186603e+01
    endloop
  endfacet
  facet normal -0.000000e+00 -6.087614e-01 -7.933533e-01
    outer loop
      vertex   0.000000e+00 2.300000e+01 2.186603e+01
      vertex   -1.000000e+00 2.300000e+01 2.186603e+01
      vertex   0.000000e+00 2.320711e+01 2.170711e+01
    endloop
  endfacet
  facet normal -0.000000e+00 -6.087614e-01 -7.933533e-01
    outer loop
      vertex   0.000000e+00 2.320711e+01 2.170711e+01
      vertex   -1.000000e+00 2.300000e+01 2.186603e+01
      vertex   -1.000000e+00 2.320711e+01 2.170711e+01
    endloop
  endfacet
  facet normal -0.000000e+00 -7.933533e-01 -6.087614e-01
    outer loop
      vertex   0.000000e+00 2.320711e+01 2.170711e+01
      vertex   -1.000000e+00 2.320711e+01 2.170711e+01
      vertex   0.000000e+00 2.336603e+01 2.150000e+01
    endloop
  endfacet
  facet normal -0.000000e+00 -7.933533e-01 -6.087614e-01
    outer loop
      vertex   0.000000e+00 2.336603e+01 2.150000e+01
      vertex   -1.000000e+00 2.320711e+01 2.170711e+01
      vertex   -1.000000e+00 2.336603e+01 2.150000e+01
    endloop
  endfacet
  facet normal -0.000000e+00 -9.238795e-01 -3.826834e-01
    outer loop
      vertex   0.000000e+00 2.336603e+01 2.150000e+01
      vertex   -1.000000e+00 2.336603e+01 2.150000e+01
      vertex   0.000000e+00 2.346593e+01 2.125882e+01
    endloop
  endfacet
  facet normal -0.000000e+00 -9.238795e-01 -3.826834e-01
    outer loop
      vertex   0.000000e+00 2.346593e+01 2.125882e+01
      vertex   -1.000000e+00 2.336603e+01 2.150000e+01
      vertex   -1.000000e+00 2.346593e+01 2.125882e+01
    endloop
  endfacet
  facet normal -0.000000e+00 -9.914449e-01 -1.305262e-01
    outer loop
      vertex   0.000000e+00 2.346593e+01 2.125882e+01
      vertex   -1.000000e+00 2.346593e+01 2.125882e+01
      vertex   0.000000e+00 2.350000e+01 2.100000e+01
    endloop
  endfacet
  facet normal -0.000000e+00 -9.914449e-01 -1.305262e-01
    outer loop
      vertex   0.000000e+00 2.350000e+01 2.100000e+01
      vertex   -1.000000e+00 2.346593e+01 2.125882e+01
      vertex   -1.000000e+00 2.350000e+01 2.100000e+01
    endloop
  endfacet
  facet normal 0.000000e+00 -1.000000e+00 0.000000e+00
    outer loop
      vertex   -1.000000e+00 2.350000e+01 2.100000e+01
      vertex   -1.000000e+00 2.350000e+01 1.700000e+01
      vertex   0.000000e+00 2.350000e+01 2.100000e+01
    endloop
  endfacet
  facet normal 0.000000e+00 -1.000000e+00 -0.000000e+00
    outer loop
      vertex   0.000000e+00 2.350000e+01 2.100000e+01
      vertex   -1.000000e+00 2.350000e+01 1.700000e+01
      vertex   0.000000e+00 2.350000e+01 1.700000e+01
    endloop
  endfacet
  facet normal 0.000000e+00 -9.914449e-01 1.305262e-01
    outer loop
      vertex   0.000000e+00 2.350000e+01 1.700000e+01
      vertex   -1.000000e+00 2.350000e+01 1.700000e+01
      vertex   0.000000e+00 2.346593e+01 1.674118e+01
    endloop
  endfacet
  facet normal 7.044639e-15 -9.914449e-01 1.305262e-01
    outer loop
      vertex   0.000000e+00 2.346593e+01 1.674118e+01
      vertex   -1.000000e+00 2.350000e+01 1.700000e+01
      vertex   -1.000000e+00 2.346593e+01 1.674118e+01
    endloop
  endfacet
  facet normal 6.564559e-15 -9.238795e-01 3.826834e-01
    outer loop
      vertex   0.000000e+00 2.346593e+01 1.674118e+01
      vertex   -1.000000e+00 2.346593e+01 1.674118e+01
      vertex   0.000000e+00 2.336603e+01 1.650000e+01
    endloop
  endfacet
  facet normal 0.000000e+00 -9.238795e-01 3.826834e-01
    outer loop
      vertex   0.000000e+00 2.336603e+01 1.650000e+01
      vertex   -1.000000e+00 2.346593e+01 1.674118e+01
      vertex   -1.000000e+00 2.336603e+01 1.650000e+01
    endloop
  endfacet
  facet normal 0.000000e+00 -7.933533e-01 6.087614e-01
    outer loop
      vertex   0.000000e+00 2.336603e+01 1.650000e+01
      vertex   -1.000000e+00 2.336603e+01 1.650000e+01
      vertex   0.000000e+00 2.320711e+01 1.629289e+01
    endloop
  endfacet
  facet normal 0.000000e+00 -7.933533e-01 6.087614e-01
    outer loop
      vertex   0.000000e+00 2.320711e+01 1.629289e+01
      vertex   -1.000000e+00 2.336603e+01 1.650000e+01
      vertex   -1.000000e+00 2.320711e+01 1.629289e+01
    endloop
  endfacet
  facet normal 0.000000e+00 -6.087614e-01 7.933533e-01
    outer loop
      vertex   0.000000e+00 2.320711e+01 1.629289e+01
      vertex   -1.000000e+00 2.320711e+01 1.629289e+01
      vertex   0.000000e+00 2.300000e+01 1.613397e+01
    endloop
  endfacet
  facet normal 0.000000e+00 -6.087614e-01 7.933533e-01
    outer loop
      vertex   0.000000e+00 2.300000e+01 1.613397e+01
      vertex   -1.000000e+00 2.320711e+01 1.629289e+01
      vertex   -1.000000e+00 2.300000e+01 1.613397e+01
    endloop
  endfacet
  facet normal 0.000000e+00 -3.826834e-01 9.238795e-01
    outer loop
      vertex   0.000000e+00 2.300000e+01 1.613397e+01
      vertex   -1.000000e+00 2.300000e+01 1.613397e+01
      vertex   0.000000e+00 2.275882e+01 1.603407e+01
    endloop
  endfacet
  facet normal 0.000000e+00 -3.826834e-01 9.238795e-01
    outer loop
      vertex   0.000000e+00 2.275882e+01 1.603407e+01
      vertex   -1.000000e+00 2.300000e+01 1.613397e+01
      vertex   -1.000000e+00 2.275882e+01 1.603407e+01
    endloop
  endfacet
  facet normal 0.000000e+00 -1.305262e-01 9.914449e-01
    outer loop
      vertex   0.000000e+00 2.275882e+01 1.603407e+01
      vertex   -1.000000e+00 2.275882e+01 1.603407e+01
      vertex   0.000000e+00 2.250000e+01 1.600000e+01
    endloop
  endfacet
  facet normal 0.000000e+00 -1.305262e-01 9.914449e-01
    outer loop
      vertex   0.000000e+00 2.250000e+01 1.600000e+01
      vertex   -1.000000e+00 2.275882e+01 1.603407e+01
      vertex   -1.000000e+00 2.250000e+01 1.600000e+01
    endloop
  endfacet
  facet normal -1.000000e+00 -0.000000e+00 0.000000e+00
    outer loop
      vertex   -2.000000e+00 1.250000e+01 2.300000e+01
      vertex   -2.000000e+00 1.205496e+01 2.294986e+01
      vertex   -2.000000e+00 -1.000000e+00 2.300000e+01
    endloop
  endfacet
  facet normal -1.000000e+00 0.000000e+00 0.000000e+00
    outer loop
      vertex   -2.000000e+00 -1.000000e+00 2.300000e+01
      vertex   -2.000000e+00 1.205496e+01 2.294986e+01
      vertex   -2.000000e+00 1.163223e+01 2.280194e+01
    endloop
  endfacet
  facet normal -1.000000e+00 0.000000e+00 0.000000e+00
    outer loop
      vertex   -2.000000e+00 -1.000000e+00 2.300000e+01
      vertex   -2.000000e+00 1.163223e+01 2.280194e+01
      vertex   -2.000000e+00 1.125302e+01 2.256366e+01
    endloop
  endfacet
  facet normal -1.000000e+00 -0.000000e+00 0.000000e+00
    outer loop
      vertex   -2.000000e+00 1.125302e+01 2.256366e+01
      vertex   -2.000000e+00 1.093634e+01 2.224698e+01
      vertex   -2.000000e+00 -1.000000e+00 2.300000e+01
    endloop
  endfacet
  facet normal -1.000000e+00 0.000000e+00 0.000000e+00
    outer loop
      vertex   -2.000000e+00 -1.000000e+00 2.300000e+01
      vertex   -2.000000e+00 1.093634e+01 2.224698e+01
      vertex   -2.000000e+00 1.069806e+01 2.186777e+01
    endloop
  endfacet
  facet normal -1.000000e+00 0.000000e+00 0.000000e+00
    outer loop
      vertex   -2.000000e+00 -1.000000e+00 2.300000e+01
      vertex   -2.000000e+00 1.069806e+01 2.186777e+01
      vertex   -2.000000e+00 1.055014e+01 2.144504e+01
    endloop
  endfacet
  facet normal -1.000000e+00 -0.000000e+00 0.000000e+00
    outer loop
      vertex   -2.000000e+00 1.055014e+01 2.144504e+01
      vertex   -2.000000e+00 1.050000e+01 2.100000e+01
      vertex   -2.000000e+00 -1.000000e+00 2.300000e+01
    endloop
  endfacet
  facet normal -1.000000e+00 0.000000e+00 0.000000e+00
    outer loop
      vertex   -2.000000e+00 -1.000000e+00 2.300000e+01
      vertex   -2.000000e+00 1.050000e+01 2.100000e+01
      vertex   -2.000000e+00 1.050000e+01 1.700000e+01
    endloop
  endfacet
  facet normal -1.000000e+00 0.000000e+00 0.000000e+00
    outer loop
      vertex   -2.000000e+00 -1.000000e+00 2.300000e+01
      vertex   -2.000000e+00 1.050000e+01 1.700000e+01
      vertex   -2.000000e+00 1.055014e+01 1.655496e+01
    endloop
  endfacet
  facet normal -1.000000e+00 -0.000000e+00 -0.000000e+00
    outer loop
      vertex   -2.000000e+00 1.055014e+01 1.655496e+01
      vertex   -2.000000e+00 1.069806e+01 1.613223e+01
      vertex   -2.000000e+00 -1.000000e+00 2.300000e+01
    endloop
  endfacet
  facet normal -1.000000e+00 0.000000e+00 0.000000e+00
    outer loop
      vertex   -2.000000e+00 -1.000000e+00 2.300000e+01
      vertex   -2.000000e+00 1.069806e+01 1.613223e+01
      vertex   -2.000000e+00 -1.000000e+00 0.000000e+00
    endloop
  endfacet
  facet normal -1.000000e+00 0.000000e+00 0.000000e+00
    outer loop
      vertex   -2.000000e+00 -1.000000e+00 0.000000e+00
      vertex   -2.000000e+00 1.069806e+01 1.613223e+01
      vertex   -2.000000e+00 1.093634e+01 1.575302e+01
    endloop
  endfacet
  facet normal -1.000000e+00 0.000000e+00 0.000000e+00
    outer loop
      vertex   -2.000000e+00 -1.000000e+00 0.000000e+00
      vertex   -2.000000e+00 1.093634e+01 1.575302e+01
      vertex   -2.000000e+00 1.125302e+01 1.543634e+01
    endloop
  endfacet
  facet normal -1.000000e+00 0.000000e+00 -0.000000e+00
    outer loop
      vertex   -2.000000e+00 1.125302e+01 1.543634e+01
      vertex   -2.000000e+00 1.163223e+01 1.519806e+01
      vertex   -2.000000e+00 -1.000000e+00 0.000000e+00
    endloop
  endfacet
  facet normal -1.000000e+00 0.000000e+00 0.000000e+00
    outer loop
      vertex   -2.000000e+00 -1.000000e+00 0.000000e+00
      vertex   -2.000000e+00 1.163223e+01 1.519806e+01
      vertex   -2.000000e+00 1.205496e+01 1.505014e+01
    endloop
  endfacet
  facet normal -1.000000e+00 0.000000e+00 0.000000e+00
    outer loop
      vertex   -2.000000e+00 -1.000000e+00 0.000000e+00
      vertex   -2.000000e+00 1.205496e+01 1.505014e+01
      vertex   -2.000000e+00 1.250000e+01 1.500000e+01
    endloop
  endfacet
  facet normal -1.000000e+00 0.000000e+00 0.000000e+00
    outer loop
      vertex   -2.000000e+00 -1.000000e+00 0.000000e+00
      vertex   -2.000000e+00 1.250000e+01 1.500000e+01
      vertex   -2.000000e+00 3.200000e+01 0.000000e+00
    endloop
  endfacet
  facet normal -1.000000e+00 0.000000e+00 0.000000e+00
    outer loop
      vertex   -2.000000e+00 3.200000e+01 0.000000e+00
      vertex   -2.000000e+00 1.250000e+01 1.500000e+01
      vertex   -2.000000e+00 2.250000e+01 1.500000e+01
    endloop
  endfacet
  facet normal -1.000000e+00 0.000000e+00 0.000000e+00
    outer loop
      vertex   -2.000000e+00 3.200000e+01 0.000000e+00
      vertex   -2.000000e+00 2.250000e+01 1.500000e+01
      vertex   -2.000000e+00 2.294504e+01 1.505014e+01
    endloop
  endfacet
  facet normal -1.000000e+00 0.000000e+00 0.000000e+00
    outer loop
      vertex   -2.000000e+00 2.294504e+01 1.505014e+01
      vertex   -2.000000e+00 2.336777e+01 1.519806e+01
      vertex   -2.000000e+00 3.200000e+01 0.000000e+00
    endloop
  endfacet
  facet normal -1.000000e+00 0.000000e+00 0.000000e+00
    outer loop
      vertex   -2.000000e+00 3.200000e+01 0.000000e+00
      vertex   -2.000000e+00 2.336777e+01 1.519806e+01
      vertex   -2.000000e+00 2.374698e+01 1.543634e+01
    endloop
  endfacet
  facet normal -1.000000e+00 0.000000e+00 0.000000e+00
    outer loop
      vertex   -2.000000e+00 3.200000e+01 0.000000e+00
      vertex   -2.000000e+00 2.374698e+01 1.543634e+01
      vertex   -2.000000e+00 2.406366e+01 1.575302e+01
    endloop
  endfacet
  facet normal -1.000000e+00 0.000000e+00 0.000000e+00
    outer loop
      vertex   -2.000000e+00 2.406366e+01 1.575302e+01
      vertex   -2.000000e+00 2.430194e+01 1.613223e+01
      vertex   -2.000000e+00 3.200000e+01 0.000000e+00
    endloop
  endfacet
  facet normal -1.000000e+00 0.000000e+00 0.000000e+00
    outer loop
      vertex   -2.000000e+00 3.200000e+01 0.000000e+00
      vertex   -2.000000e+00 2.430194e+01 1.613223e+01
      vertex   -2.000000e+00 3.200000e+01 2.300000e+01
    endloop
  endfacet
  facet normal -1.000000e+00 0.000000e+00 0.000000e+00
    outer loop
      vertex   -2.000000e+00 3.200000e+01 2.300000e+01
      vertex   -2.000000e+00 2.430194e+01 1.613223e+01
      vertex   -2.000000e+00 2.444986e+01 1.655496e+01
    endloop
  endfacet
  facet normal -1.000000e+00 0.000000e+00 0.000000e+00
    outer loop
      vertex   -2.000000e+00 3.200000e+01 2.300000e+01
      vertex   -2.000000e+00 2.444986e+01 1.655496e+01
      vertex   -2.000000e+00 2.450000e+01 1.700000e+01
    endloop
  endfacet
  facet normal -1.000000e+00 0.000000e+00 0.000000e+00
    outer loop
      vertex   -2.000000e+00 2.450000e+01 1.700000e+01
      vertex   -2.000000e+00 2.450000e+01 2.100000e+01
      vertex   -2.000000e+00 3.200000e+01 2.300000e+01
    endloop
  endfacet
  facet normal -1.000000e+00 0.000000e+00 0.000000e+00
    outer loop
      vertex   -2.000000e+00 3.200000e+01 2.300000e+01
      vertex   -2.000000e+00 2.450000e+01 2.100000e+01
      vertex   -2.000000e+00 2.444986e+01 2.144504e+01
    endloop
  endfacet
  facet normal -1.000000e+00 0.000000e+00 0.000000e+00
    outer loop
      vertex   -2.000000e+00 3.200000e+01 2.300000e+01
      vertex   -2.000000e+00 2.444986e+01 2.144504e+01
      vertex   -2.000000e+00 2.430194e+01 2.186777e+01
    endloop
  endfacet
  facet normal -1.000000e+00 0.000000e+00 0.000000e+00
    outer loop
      vertex   -2.000000e+00 2.430194e+01 2.186777e+01
      vertex   -2.000000e+00 2.406366e+01 2.224698e+01
      vertex   -2.000000e+00 3.200000e+01 2.300000e+01
    endloop
  endfacet
  facet normal -1.000000e+00 0.000000e+00 0.000000e+00
    outer loop
      vertex   -2.000000e+00 3.200000e+01 2.300000e+01
      vertex   -2.000000e+00 2.406366e+01 2.224698e+01
      vertex   -2.000000e+00 2.374698e+01 2.256366e+01
    endloop
  endfacet
  facet normal -1.000000e+00 0.000000e+00 0.000000e+00
    outer loop
      vertex   -2.000000e+00 3.200000e+01 2.300000e+01
      vertex   -2.000000e+00 2.374698e+01 2.256366e+01
      vertex   -2.000000e+00 2.336777e+01 2.280194e+01
    endloop
  endfacet
  facet normal -1.000000e+00 0.000000e+00 0.000000e+00
    outer loop
      vertex   -2.000000e+00 2.336777e+01 2.280194e+01
      vertex   -2.000000e+00 2.294504e+01 2.294986e+01
      vertex   -2.000000e+00 3.200000e+01 2.300000e+01
    endloop
  endfacet
  facet normal -1.000000e+00 -0.000000e+00 0.000000e+00
    outer loop
      vertex   -2.000000e+00 3.200000e+01 2.300000e+01
      vertex   -2.000000e+00 2.294504e+01 2.294986e+01
      vertex   -2.000000e+00 2.250000e+01 2.300000e+01
    endloop
  endfacet
  facet normal 0.000000e+00 1.305262e-01 9.914449e-01
    outer loop
      vertex   0.000000e+00 1.250000e+01 1.600000e+01
      vertex   -1.000000e+00 1.250000e+01 1.600000e+01
      vertex   0.000000e+00 1.224118e+01 1.603407e+01
    endloop
  endfacet
  facet normal 0.000000e+00 1.305262e-01 9.914449e-01
    outer loop
      vertex   0.000000e+00 1.224118e+01 1.603407e+01
      vertex   -1.000000e+00 1.250000e+01 1.600000e+01
      vertex   -1.000000e+00 1.224118e+01 1.603407e+01
    endloop
  endfacet
  facet normal 0.000000e+00 3.826834e-01 9.238795e-01
    outer loop
      vertex   0.000000e+00 1.224118e+01 1.603407e+01
      vertex   -1.000000e+00 1.224118e+01 1.603407e+01
      vertex   0.000000e+00 1.200000e+01 1.613397e+01
    endloop
  endfacet
  facet normal -6.797823e-16 3.826834e-01 9.238795e-01
    outer loop
      vertex   0.000000e+00 1.200000e+01 1.613397e+01
      vertex   -1.000000e+00 1.224118e+01 1.603407e+01
      vertex   -1.000000e+00 1.200000e+01 1.613397e+01
    endloop
  endfacet
  facet normal -1.081378e-15 6.087614e-01 7.933533e-01
    outer loop
      vertex   0.000000e+00 1.200000e+01 1.613397e+01
      vertex   -1.000000e+00 1.200000e+01 1.613397e+01
      vertex   0.000000e+00 1.179289e+01 1.629289e+01
    endloop
  endfacet
  facet normal 0.000000e+00 6.087614e-01 7.933533e-01
    outer loop
      vertex   0.000000e+00 1.179289e+01 1.629289e+01
      vertex   -1.000000e+00 1.200000e+01 1.613397e+01
      vertex   -1.000000e+00 1.179289e+01 1.629289e+01
    endloop
  endfacet
  facet normal 0.000000e+00 7.933533e-01 6.087614e-01
    outer loop
      vertex   0.000000e+00 1.179289e+01 1.629289e+01
      vertex   -1.000000e+00 1.179289e+01 1.629289e+01
      vertex   0.000000e+00 1.163397e+01 1.650000e+01
    endloop
  endfacet
  facet normal -3.572034e-15 7.933533e-01 6.087614e-01
    outer loop
      vertex   0.000000e+00 1.163397e+01 1.650000e+01
      vertex   -1.000000e+00 1.179289e+01 1.629289e+01
      vertex   -1.000000e+00 1.163397e+01 1.650000e+01
    endloop
  endfacet
  facet normal -3.000704e-15 9.238795e-01 3.826834e-01
    outer loop
      vertex   0.000000e+00 1.163397e+01 1.650000e+01
      vertex   -1.000000e+00 1.163397e+01 1.650000e+01
      vertex   0.000000e+00 1.153407e+01 1.674118e+01
    endloop
  endfacet
  facet normal 0.000000e+00 9.238795e-01 3.826834e-01
    outer loop
      vertex   0.000000e+00 1.153407e+01 1.674118e+01
      vertex   -1.000000e+00 1.163397e+01 1.650000e+01
      vertex   -1.000000e+00 1.153407e+01 1.674118e+01
    endloop
  endfacet
  facet normal 0.000000e+00 9.914449e-01 1.305262e-01
    outer loop
      vertex   0.000000e+00 1.153407e+01 1.674118e+01
      vertex   -1.000000e+00 1.153407e+01 1.674118e+01
      vertex   0.000000e+00 1.150000e+01 1.700000e+01
    endloop
  endfacet
  facet normal 0.000000e+00 9.914449e-01 1.305262e-01
    outer loop
      vertex   0.000000e+00 1.150000e+01 1.700000e+01
      vertex   -1.000000e+00 1.153407e+01 1.674118e+01
      vertex   -1.000000e+00 1.150000e+01 1.700000e+01
    endloop
  endfacet
  facet normal 0.000000e+00 1.000000e+00 -0.000000e+00
    outer loop
      vertex   -1.000000e+00 1.150000e+01 1.700000e+01
      vertex   -1.000000e+00 1.150000e+01 2.100000e+01
      vertex   0.000000e+00 1.150000e+01 1.700000e+01
    endloop
  endfacet
  facet normal 0.000000e+00 1.000000e+00 -0.000000e+00
    outer loop
      vertex   0.000000e+00 1.150000e+01 1.700000e+01
      vertex   -1.000000e+00 1.150000e+01 2.100000e+01
      vertex   0.000000e+00 1.150000e+01 2.100000e+01
    endloop
  endfacet
  facet normal 0.000000e+00 9.914449e-01 -1.305262e-01
    outer loop
      vertex   0.000000e+00 1.150000e+01 2.100000e+01
      vertex   -1.000000e+00 1.150000e+01 2.100000e+01
      vertex   0.000000e+00 1.153407e+01 2.125882e+01
    endloop
  endfacet
  facet normal -1.761160e-15 9.914449e-01 -1.305262e-01
    outer loop
      vertex   0.000000e+00 1.153407e+01 2.125882e+01
      vertex   -1.000000e+00 1.150000e+01 2.100000e+01
      vertex   -1.000000e+00 1.153407e+01 2.125882e+01
    endloop
  endfacet
  facet normal -1.641140e-15 9.238795e-01 -3.826834e-01
    outer loop
      vertex   0.000000e+00 1.153407e+01 2.125882e+01
      vertex   -1.000000e+00 1.153407e+01 2.125882e+01
      vertex   0.000000e+00 1.163397e+01 2.150000e+01
    endloop
  endfacet
  facet normal 2.815751e-16 9.238795e-01 -3.826834e-01
    outer loop
      vertex   0.000000e+00 1.163397e+01 2.150000e+01
      vertex   -1.000000e+00 1.153407e+01 2.125882e+01
      vertex   -1.000000e+00 1.163397e+01 2.150000e+01
    endloop
  endfacet
  facet normal -7.534764e-16 7.933533e-01 -6.087614e-01
    outer loop
      vertex   0.000000e+00 1.163397e+01 2.150000e+01
      vertex   -1.000000e+00 1.163397e+01 2.150000e+01
      vertex   0.000000e+00 1.179289e+01 2.170711e+01
    endloop
  endfacet
  facet normal 2.818557e-15 7.933533e-01 -6.087614e-01
    outer loop
      vertex   0.000000e+00 1.179289e+01 2.170711e+01
      vertex   -1.000000e+00 1.163397e+01 2.150000e+01
      vertex   -1.000000e+00 1.179289e+01 2.170711e+01
    endloop
  endfacet
  facet normal 2.162755e-15 6.087614e-01 -7.933533e-01
    outer loop
      vertex   0.000000e+00 1.179289e+01 2.170711e+01
      vertex   -1.000000e+00 1.179289e+01 2.170711e+01
      vertex   0.000000e+00 1.200000e+01 2.186603e+01
    endloop
  endfacet
  facet normal 0.000000e+00 6.087614e-01 -7.933533e-01
    outer loop
      vertex   0.000000e+00 1.200000e+01 2.186603e+01
      vertex   -1.000000e+00 1.179289e+01 2.170711e+01
      vertex   -1.000000e+00 1.200000e+01 2.186603e+01
    endloop
  endfacet
  facet normal 0.000000e+00 3.826834e-01 -9.238795e-01
    outer loop
      vertex   0.000000e+00 1.200000e+01 2.186603e+01
      vertex   -1.000000e+00 1.200000e+01 2.186603e+01
      vertex   0.000000e+00 1.224118e+01 2.196593e+01
    endloop
  endfacet
  facet normal 0.000000e+00 3.826834e-01 -9.238795e-01
    outer loop
      vertex   0.000000e+00 1.224118e+01 2.196593e+01
      vertex   -1.000000e+00 1.200000e+01 2.186603e+01
      vertex   -1.000000e+00 1.224118e+01 2.196593e+01
    endloop
  endfacet
  facet normal 0.000000e+00 1.305262e-01 -9.914449e-01
    outer loop
      vertex   0.000000e+00 1.224118e+01 2.196593e+01
      vertex   -1.000000e+00 1.224118e+01 2.196593e+01
      vertex   0.000000e+00 1.250000e+01 2.200000e+01
    endloop
  endfacet
  facet normal 0.000000e+00 1.305262e-01 -9.914449e-01
    outer loop
      vertex   0.000000e+00 1.250000e+01 2.200000e+01
      vertex   -1.000000e+00 1.224118e+01 2.196593e+01
      vertex   -1.000000e+00 1.250000e+01 2.200000e+01
    endloop
  endfacet
  facet normal -0.000000e+00 0.000000e+00 1.000000e+00
    outer loop
      vertex   -1.000000e+00 2.250000e+01 1.600000e+01
      vertex   -1.000000e+00 1.250000e+01 1.600000e+01
      vertex   0.000000e+00 2.250000e+01 1.600000e+01
    endloop
  endfacet
  facet normal 0.000000e+00 0.000000e+00 1.000000e+00
    outer loop
      vertex   0.000000e+00 2.250000e+01 1.600000e+01
      vertex   -1.000000e+00 1.250000e+01 1.600000e+01
      vertex   0.000000e+00 1.250000e+01 1.600000e+01
    endloop
  endfacet
  facet normal 1.000000e+00 -0.000000e+00 0.000000e+00
    outer loop
      vertex   0.000000e+00 2.346593e+01 2.125882e+01
      vertex   0.000000e+00 2.350000e+01 2.100000e+01
      vertex   0.000000e+00 3.100000e+01 2.200000e+01
    endloop
  endfacet
  facet normal 1.000000e+00 0.000000e+00 0.000000e+00
    outer loop
      vertex   0.000000e+00 3.100000e+01 2.200000e+01
      vertex   0.000000e+00 2.350000e+01 2.100000e+01
      vertex   0.000000e+00 2.350000e+01 1.700000e+01
    endloop
  endfacet
  facet normal 1.000000e+00 0.000000e+00 0.000000e+00
    outer loop
      vertex   0.000000e+00 3.100000e+01 2.200000e+01
      vertex   0.000000e+00 2.350000e+01 1.700000e+01
      vertex   0.000000e+00 2.346593e+01 1.674118e+01
    endloop
  endfacet
  facet normal 1.000000e+00 -0.000000e+00 0.000000e+00
    outer loop
      vertex   0.000000e+00 2.346593e+01 1.674118e+01
      vertex   0.000000e+00 2.336603e+01 1.650000e+01
      vertex   0.000000e+00 3.100000e+01 2.200000e+01
    endloop
  endfacet
  facet normal 1.000000e+00 0.000000e+00 0.000000e+00
    outer loop
      vertex   0.000000e+00 3.100000e+01 2.200000e+01
      vertex   0.000000e+00 2.336603e+01 1.650000e+01
      vertex   0.000000e+00 3.100000e+01 5.000000e+00
    endloop
  endfacet
  facet normal 1.000000e+00 0.000000e+00 0.000000e+00
    outer loop
      vertex   0.000000e+00 3.100000e+01 5.000000e+00
      vertex   0.000000e+00 2.336603e+01 1.650000e+01
      vertex   0.000000e+00 2.320711e+01 1.629289e+01
    endloop
  endfacet
  facet normal 1.000000e+00 0.000000e+00 0.000000e+00
    outer loop
      vertex   0.000000e+00 3.100000e+01 5.000000e+00
      vertex   0.000000e+00 2.320711e+01 1.629289e+01
      vertex   0.000000e+00 2.300000e+01 1.613397e+01
    endloop
  endfacet
  facet normal 1.000000e+00 0.000000e+00 0.000000e+00
    outer loop
      vertex   0.000000e+00 2.300000e+01 1.613397e+01
      vertex   0.000000e+00 2.275882e+01 1.603407e+01
      vertex   0.000000e+00 3.100000e+01 5.000000e+00
    endloop
  endfacet
  facet normal 1.000000e+00 0.000000e+00 0.000000e+00
    outer loop
      vertex   0.000000e+00 3.100000e+01 5.000000e+00
      vertex   0.000000e+00 2.275882e+01 1.603407e+01
      vertex   0.000000e+00 2.411252e+01 5.000000e+00
    endloop
  endfacet
  facet normal 1.000000e+00 0.000000e+00 0.000000e+00
    outer loop
      vertex   0.000000e+00 2.411252e+01 5.000000e+00
      vertex   0.000000e+00 2.275882e+01 1.603407e+01
      vertex   0.000000e+00 2.250000e+01 1.600000e+01
    endloop
  endfacet
  facet normal 1.000000e+00 0.000000e+00 0.000000e+00
    outer loop
      vertex   0.000000e+00 2.411252e+01 5.000000e+00
      vertex   0.000000e+00 2.250000e+01 1.600000e+01
      vertex   0.000000e+00 1.250000e+01 1.600000e+01
    endloop
  endfacet
  facet normal 1.000000e+00 0.000000e+00 0.000000e+00
    outer loop
      vertex   0.000000e+00 2.411252e+01 5.000000e+00
      vertex   0.000000e+00 1.250000e+01 1.600000e+01
      vertex   0.000000e+00 6.887482e+00 5.000000e+00
    endloop
  endfacet
  facet normal 1.000000e+00 0.000000e+00 0.000000e+00
    outer loop
      vertex   0.000000e+00 6.887482e+00 5.000000e+00
      vertex   0.000000e+00 1.250000e+01 1.600000e+01
      vertex   0.000000e+00 1.224118e+01 1.603407e+01
    endloop
  endfacet
  facet normal 1.000000e+00 0.000000e+00 0.000000e+00
    outer loop
      vertex   0.000000e+00 6.887482e+00 5.000000e+00
      vertex   0.000000e+00 1.224118e+01 1.603407e+01
      vertex   0.000000e+00 1.200000e+01 1.613397e+01
    endloop
  endfacet
  facet normal 1.000000e+00 0.000000e+00 0.000000e+00
    outer loop
      vertex   0.000000e+00 1.200000e+01 1.613397e+01
      vertex   0.000000e+00 1.179289e+01 1.629289e+01
      vertex   0.000000e+00 6.887482e+00 5.000000e+00
    endloop
  endfacet
  facet normal 1.000000e+00 0.000000e+00 -0.000000e+00
    outer loop
      vertex   0.000000e+00 6.887482e+00 5.000000e+00
      vertex   0.000000e+00 1.179289e+01 1.629289e+01
      vertex   0.000000e+00 0.000000e+00 5.000000e+00
    endloop
  endfacet
  facet normal 1.000000e+00 0.000000e+00 0.000000e+00
    outer loop
      vertex   0.000000e+00 0.000000e+00 5.000000e+00
      vertex   0.000000e+00 1.179289e+01 1.629289e+01
      vertex   0.000000e+00 1.163397e+01 1.650000e+01
    endloop
  endfacet
  facet normal 1.000000e+00 0.000000e+00 0.000000e+00
    outer loop
      vertex   0.000000e+00 0.000000e+00 5.000000e+00
      vertex   0.000000e+00 1.163397e+01 1.650000e+01
      vertex   0.000000e+00 0.000000e+00 2.200000e+01
    endloop
  endfacet
  facet normal 1.000000e+00 0.000000e+00 0.000000e+00
    outer loop
      vertex   0.000000e+00 0.000000e+00 2.200000e+01
      vertex   0.000000e+00 1.163397e+01 1.650000e+01
      vertex   0.000000e+00 1.153407e+01 1.674118e+01
    endloop
  endfacet
  facet normal 1.000000e+00 0.000000e+00 0.000000e+00
    outer loop
      vertex   0.000000e+00 0.000000e+00 2.200000e+01
      vertex   0.000000e+00 1.153407e+01 1.674118e+01
      vertex   0.000000e+00 1.150000e+01 1.700000e+01
    endloop
  endfacet
  facet normal 1.000000e+00 0.000000e+00 -0.000000e+00
    outer loop
      vertex   0.000000e+00 1.150000e+01 1.700000e+01
      vertex   0.000000e+00 1.150000e+01 2.100000e+01
      vertex   0.000000e+00 0.000000e+00 2.200000e+01
    endloop
  endfacet
  facet normal 1.000000e+00 0.000000e+00 0.000000e+00
    outer loop
      vertex   0.000000e+00 0.000000e+00 2.200000e+01
      vertex   0.000000e+00 1.150000e+01 2.100000e+01
      vertex   0.000000e+00 1.153407e+01 2.125882e+01
    endloop
  endfacet
  facet normal 1.000000e+00 0.000000e+00 0.000000e+00
    outer loop
      vertex   0.000000e+00 0.000000e+00 2.200000e+01
      vertex   0.000000e+00 1.153407e+01 2.125882e+01
      vertex   0.000000e+00 1.163397e+01 2.150000e+01
    endloop
  endfacet
  facet normal 1.000000e+00 0.000000e+00 -0.000000e+00
    outer loop
      vertex   0.000000e+00 1.163397e+01 2.150000e+01
      vertex   0.000000e+00 1.179289e+01 2.170711e+01
      vertex   0.000000e+00 0.000000e+00 2.200000e+01
    endloop
  endfacet
  facet normal 1.000000e+00 0.000000e+00 0.000000e+00
    outer loop
      vertex   0.000000e+00 0.000000e+00 2.200000e+01
      vertex   0.000000e+00 1.179289e+01 2.170711e+01
      vertex   0.000000e+00 1.200000e+01 2.186603e+01
    endloop
  endfacet
  facet normal 1.000000e+00 0.000000e+00 0.000000e+00
    outer loop
      vertex   0.000000e+00 0.000000e+00 2.200000e+01
      vertex   0.000000e+00 1.200000e+01 2.186603e+01
      vertex   0.000000e+00 1.224118e+01 2.196593e+01
    endloop
  endfacet
  facet normal 1.000000e+00 0.000000e+00 -0.000000e+00
    outer loop
      vertex   0.000000e+00 1.224118e+01 2.196593e+01
      vertex   0.000000e+00 1.250000e+01 2.200000e+01
      vertex   0.000000e+00 0.000000e+00 2.200000e+01
    endloop
  endfacet
  facet normal 1.000000e+00 0.000000e+00 0.000000e+00
    outer loop
      vertex   0.000000e+00 6.887482e+00 2.000000e+00
      vertex   0.000000e+00 2.411252e+01 2.000000e+00
      vertex   0.000000e+00 6.887482e+00 5.000000e+00
    endloop
  endfacet
  facet normal 1.000000e+00 -0.000000e+00 0.000000e+00
    outer loop
      vertex   0.000000e+00 6.887482e+00 5.000000e+00
      vertex   0.000000e+00 2.411252e+01 2.000000e+00
      vertex   0.000000e+00 2.411252e+01 5.000000e+00
    endloop
  endfacet
  facet normal 1.000000e+00 -0.000000e+00 0.000000e+00
    outer loop
      vertex   0.000000e+00 2.250000e+01 2.200000e+01
      vertex   0.000000e+00 2.275882e+01 2.196593e+01
      vertex   0.000000e+00 3.100000e+01 2.200000e+01
    endloop
  endfacet
  facet normal 1.000000e+00 0.000000e+00 0.000000e+00
    outer loop
      vertex   0.000000e+00 3.100000e+01 2.200000e+01
      vertex   0.000000e+00 2.275882e+01 2.196593e+01
      vertex   0.000000e+00 2.300000e+01 2.186603e+01
    endloop
  endfacet
  facet normal 1.000000e+00 0.000000e+00 0.000000e+00
    outer loop
      vertex   0.000000e+00 3.100000e+01 2.200000e+01
      vertex   0.000000e+00 2.300000e+01 2.186603e+01
      vertex   0.000000e+00 2.320711e+01 2.170711e+01
    endloop
  endfacet
  facet normal 1.000000e+00 -0.000000e+00 0.000000e+00
    outer loop
      vertex   0.000000e+00 2.320711e+01 2.170711e+01
      vertex   0.000000e+00 2.336603e+01 2.150000e+01
      vertex   0.000000e+00 3.100000e+01 2.200000e+01
    endloop
  endfacet
  facet normal 1.000000e+00 0.000000e+00 0.000000e+00
    outer loop
      vertex   0.000000e+00 3.100000e+01 2.200000e+01
      vertex   0.000000e+00 2.336603e+01 2.150000e+01
      vertex   0.000000e+00 2.346593e+01 2.125882e+01
    endloop
  endfacet
  facet normal 1.304564e-01 -3.268886e-02 9.909150e-01
    outer loop
      vertex   7.225882e+01 -1.000000e+00 2.396593e+01
      vertex   7.200000e+01 -1.000000e+00 2.400000e+01
      vertex   7.218574e+01 -1.153913e+00 2.397047e+01
    endloop
  endfacet
  facet normal 4.940940e-02 -1.303668e-01 9.902339e-01
    outer loop
      vertex   7.218574e+01 -1.153913e+00 2.397047e+01
      vertex   7.200000e+01 -1.000000e+00 2.400000e+01
      vertex   7.200000e+01 -1.258819e+00 2.396593e+01
    endloop
  endfacet
  facet normal 1.298391e-01 -2.711922e-01 9.537278e-01
    outer loop
      vertex   7.218574e+01 -1.153913e+00 2.397047e+01
      vertex   7.200000e+01 -1.258819e+00 2.396593e+01
      vertex   7.208453e+01 -1.388644e+00 2.391750e+01
    endloop
  endfacet
  facet normal -5.839280e-02 -3.820305e-01 9.223031e-01
    outer loop
      vertex   7.208453e+01 -1.388644e+00 2.391750e+01
      vertex   7.200000e+01 -1.258819e+00 2.396593e+01
      vertex   7.200000e+01 -1.500000e+00 2.386603e+01
    endloop
  endfacet
  facet normal 1.588805e-01 -5.110938e-01 8.447130e-01
    outer loop
      vertex   7.208453e+01 -1.388644e+00 2.391750e+01
      vertex   7.200000e+01 -1.500000e+00 2.386603e+01
      vertex   7.231041e+01 -1.459042e+00 2.383242e+01
    endloop
  endfacet
  facet normal 1.607312e-01 -5.407082e-01 8.257119e-01
    outer loop
      vertex   7.231041e+01 -1.459042e+00 2.383242e+01
      vertex   7.200000e+01 -1.500000e+00 2.386603e+01
      vertex   7.220112e+01 -1.666568e+00 2.371780e+01
    endloop
  endfacet
  facet normal 3.657544e-01 -5.901245e-01 7.197061e-01
    outer loop
      vertex   7.231041e+01 -1.459042e+00 2.383242e+01
      vertex   7.220112e+01 -1.666568e+00 2.371780e+01
      vertex   7.251888e+01 -1.495400e+00 2.369666e+01
    endloop
  endfacet
  facet normal 3.657544e-01 -5.901245e-01 7.197061e-01
    outer loop
      vertex   7.251888e+01 -1.495400e+00 2.369666e+01
      vertex   7.220112e+01 -1.666568e+00 2.371780e+01
      vertex   7.240746e+01 -1.702554e+00 2.358343e+01
    endloop
  endfacet
  facet normal 5.611197e-01 -6.085140e-01 5.611197e-01
    outer loop
      vertex   7.251888e+01 -1.495400e+00 2.369666e+01
      vertex   7.240746e+01 -1.702554e+00 2.358343e+01
      vertex   7.269666e+01 -1.495400e+00 2.351888e+01
    endloop
  endfacet
  facet normal 5.611197e-01 -6.085140e-01 5.611197e-01
    outer loop
      vertex   7.269666e+01 -1.495400e+00 2.351888e+01
      vertex   7.240746e+01 -1.702554e+00 2.358343e+01
      vertex   7.258343e+01 -1.702554e+00 2.340746e+01
    endloop
  endfacet
  facet normal 7.197061e-01 -5.901245e-01 3.657544e-01
    outer loop
      vertex   7.269666e+01 -1.495400e+00 2.351888e+01
      vertex   7.258343e+01 -1.702554e+00 2.340746e+01
      vertex   7.283242e+01 -1.459042e+00 2.331041e+01
    endloop
  endfacet
  facet normal 7.197061e-01 -5.901245e-01 3.657544e-01
    outer loop
      vertex   7.283242e+01 -1.459042e+00 2.331041e+01
      vertex   7.258343e+01 -1.702554e+00 2.340746e+01
      vertex   7.271780e+01 -1.666568e+00 2.320112e+01
    endloop
  endfacet
  facet normal 8.257119e-01 -5.407082e-01 1.607312e-01
    outer loop
      vertex   7.283242e+01 -1.459042e+00 2.331041e+01
      vertex   7.271780e+01 -1.666568e+00 2.320112e+01
      vertex   7.286603e+01 -1.500000e+00 2.300000e+01
    endloop
  endfacet
  facet normal 7.907938e-01 -6.067974e-01 8.026201e-02
    outer loop
      vertex   7.286603e+01 -1.500000e+00 2.300000e+01
      vertex   7.271780e+01 -1.666568e+00 2.320112e+01
      vertex   7.270711e+01 -1.707107e+00 2.300000e+01
    endloop
  endfacet
  facet normal 6.538873e-01 -7.476569e-01 1.159338e-01
    outer loop
      vertex   7.270711e+01 -1.707107e+00 2.300000e+01
      vertex   7.271780e+01 -1.666568e+00 2.320112e+01
      vertex   7.255426e+01 -1.828668e+00 2.307813e+01
    endloop
  endfacet
  facet normal 6.081878e-01 -7.926058e-01 -4.340169e-02
    outer loop
      vertex   7.270711e+01 -1.707107e+00 2.300000e+01
      vertex   7.255426e+01 -1.828668e+00 2.307813e+01
      vertex   7.250000e+01 -1.866025e+00 2.300000e+01
    endloop
  endfacet
  facet normal 4.328324e-01 -8.925984e-01 1.261909e-01
    outer loop
      vertex   7.250000e+01 -1.866025e+00 2.300000e+01
      vertex   7.255426e+01 -1.828668e+00 2.307813e+01
      vertex   7.243044e+01 -1.861830e+00 2.326828e+01
    endloop
  endfacet
  facet normal 3.995626e-01 -9.091026e-01 1.178222e-01
    outer loop
      vertex   7.250000e+01 -1.866025e+00 2.300000e+01
      vertex   7.243044e+01 -1.861830e+00 2.326828e+01
      vertex   7.224811e+01 -1.962374e+00 2.311081e+01
    endloop
  endfacet
  facet normal 2.729599e-01 -9.224889e-01 2.729599e-01
    outer loop
      vertex   7.224811e+01 -1.962374e+00 2.311081e+01
      vertex   7.243044e+01 -1.861830e+00 2.326828e+01
      vertex   7.211081e+01 -1.962374e+00 2.324811e+01
    endloop
  endfacet
  facet normal 1.036987e-01 -9.891881e-01 1.036987e-01
    outer loop
      vertex   7.224811e+01 -1.962374e+00 2.311081e+01
      vertex   7.211081e+01 -1.962374e+00 2.324811e+01
      vertex   7.200000e+01 -2.000000e+00 2.300000e+01
    endloop
  endfacet
  facet normal 4.435481e-02 -9.904691e-01 1.303977e-01
    outer loop
      vertex   7.200000e+01 -2.000000e+00 2.300000e+01
      vertex   7.211081e+01 -1.962374e+00 2.324811e+01
      vertex   7.200000e+01 -1.965926e+00 2.325882e+01
    endloop
  endfacet
  facet normal 6.645835e-02 -9.218370e-01 3.818374e-01
    outer loop
      vertex   7.200000e+01 -1.965926e+00 2.325882e+01
      vertex   7.211081e+01 -1.962374e+00 2.324811e+01
      vertex   7.200000e+01 -1.866025e+00 2.350000e+01
    endloop
  endfacet
  facet normal 1.178222e-01 -9.091026e-01 3.995626e-01
    outer loop
      vertex   7.200000e+01 -1.866025e+00 2.350000e+01
      vertex   7.211081e+01 -1.962374e+00 2.324811e+01
      vertex   7.226828e+01 -1.861830e+00 2.343044e+01
    endloop
  endfacet
  facet normal 1.261909e-01 -8.925984e-01 4.328324e-01
    outer loop
      vertex   7.200000e+01 -1.866025e+00 2.350000e+01
      vertex   7.226828e+01 -1.861830e+00 2.343044e+01
      vertex   7.207813e+01 -1.828668e+00 2.355426e+01
    endloop
  endfacet
  facet normal 2.448663e-01 -7.743828e-01 5.834139e-01
    outer loop
      vertex   7.207813e+01 -1.828668e+00 2.355426e+01
      vertex   7.226828e+01 -1.861830e+00 2.343044e+01
      vertex   7.240746e+01 -1.702554e+00 2.358343e+01
    endloop
  endfacet
  facet normal 2.448663e-01 -7.743828e-01 5.834139e-01
    outer loop
      vertex   7.207813e+01 -1.828668e+00 2.355426e+01
      vertex   7.240746e+01 -1.702554e+00 2.358343e+01
      vertex   7.220112e+01 -1.666568e+00 2.371780e+01
    endloop
  endfacet
  facet normal 8.026201e-02 -6.067974e-01 7.907938e-01
    outer loop
      vertex   7.200000e+01 -1.500000e+00 2.386603e+01
      vertex   7.200000e+01 -1.707107e+00 2.370711e+01
      vertex   7.220112e+01 -1.666568e+00 2.371780e+01
    endloop
  endfacet
  facet normal 1.159338e-01 -7.476569e-01 6.538873e-01
    outer loop
      vertex   7.220112e+01 -1.666568e+00 2.371780e+01
      vertex   7.200000e+01 -1.707107e+00 2.370711e+01
      vertex   7.207813e+01 -1.828668e+00 2.355426e+01
    endloop
  endfacet
  facet normal -4.340169e-02 -7.926058e-01 6.081878e-01
    outer loop
      vertex   7.200000e+01 -1.707107e+00 2.370711e+01
      vertex   7.200000e+01 -1.866025e+00 2.350000e+01
      vertex   7.207813e+01 -1.828668e+00 2.355426e+01
    endloop
  endfacet
  facet normal 1.303977e-01 -9.904691e-01 4.435481e-02
    outer loop
      vertex   7.200000e+01 -2.000000e+00 2.300000e+01
      vertex   7.225882e+01 -1.965926e+00 2.300000e+01
      vertex   7.224811e+01 -1.962374e+00 2.311081e+01
    endloop
  endfacet
  facet normal 3.818374e-01 -9.218370e-01 6.645835e-02
    outer loop
      vertex   7.224811e+01 -1.962374e+00 2.311081e+01
      vertex   7.225882e+01 -1.965926e+00 2.300000e+01
      vertex   7.250000e+01 -1.866025e+00 2.300000e+01
    endloop
  endfacet
  facet normal 8.447130e-01 -5.110938e-01 1.588805e-01
    outer loop
      vertex   7.283242e+01 -1.459042e+00 2.331041e+01
      vertex   7.286603e+01 -1.500000e+00 2.300000e+01
      vertex   7.291750e+01 -1.388644e+00 2.308453e+01
    endloop
  endfacet
  facet normal 9.223031e-01 -3.820305e-01 -5.839280e-02
    outer loop
      vertex   7.291750e+01 -1.388644e+00 2.308453e+01
      vertex   7.286603e+01 -1.500000e+00 2.300000e+01
      vertex   7.296593e+01 -1.258819e+00 2.300000e+01
    endloop
  endfacet
  facet normal 9.537278e-01 -2.711922e-01 1.298391e-01
    outer loop
      vertex   7.291750e+01 -1.388644e+00 2.308453e+01
      vertex   7.296593e+01 -1.258819e+00 2.300000e+01
      vertex   7.297047e+01 -1.153913e+00 2.318574e+01
    endloop
  endfacet
  facet normal 9.902339e-01 -1.303668e-01 4.940940e-02
    outer loop
      vertex   7.297047e+01 -1.153913e+00 2.318574e+01
      vertex   7.296593e+01 -1.258819e+00 2.300000e+01
      vertex   7.300000e+01 -1.000000e+00 2.300000e+01
    endloop
  endfacet
  facet normal 9.909150e-01 -3.268886e-02 1.304564e-01
    outer loop
      vertex   7.297047e+01 -1.153913e+00 2.318574e+01
      vertex   7.300000e+01 -1.000000e+00 2.300000e+01
      vertex   7.296593e+01 -1.000000e+00 2.325882e+01
    endloop
  endfacet
  facet normal 9.407634e-01 -1.223638e-01 3.162140e-01
    outer loop
      vertex   7.297047e+01 -1.153913e+00 2.318574e+01
      vertex   7.296593e+01 -1.000000e+00 2.325882e+01
      vertex   7.289032e+01 -1.220234e+00 2.339854e+01
    endloop
  endfacet
  facet normal 9.213332e-01 -7.419375e-02 3.816287e-01
    outer loop
      vertex   7.289032e+01 -1.220234e+00 2.339854e+01
      vertex   7.296593e+01 -1.000000e+00 2.325882e+01
      vertex   7.286603e+01 -1.000000e+00 2.350000e+01
    endloop
  endfacet
  facet normal 8.403810e-01 -1.475718e-01 5.215192e-01
    outer loop
      vertex   7.289032e+01 -1.220234e+00 2.339854e+01
      vertex   7.286603e+01 -1.000000e+00 2.350000e+01
      vertex   7.276242e+01 -1.254486e+00 2.359494e+01
    endloop
  endfacet
  facet normal 7.897316e-01 -9.544300e-02 6.059824e-01
    outer loop
      vertex   7.276242e+01 -1.254486e+00 2.359494e+01
      vertex   7.286603e+01 -1.000000e+00 2.350000e+01
      vertex   7.270711e+01 -1.000000e+00 2.370711e+01
    endloop
  endfacet
  facet normal 6.984452e-01 -1.560404e-01 6.984452e-01
    outer loop
      vertex   7.276242e+01 -1.254486e+00 2.359494e+01
      vertex   7.270711e+01 -1.000000e+00 2.370711e+01
      vertex   7.259494e+01 -1.254486e+00 2.376242e+01
    endloop
  endfacet
  facet normal 6.059824e-01 -9.544300e-02 7.897316e-01
    outer loop
      vertex   7.259494e+01 -1.254486e+00 2.376242e+01
      vertex   7.270711e+01 -1.000000e+00 2.370711e+01
      vertex   7.250000e+01 -1.000000e+00 2.386603e+01
    endloop
  endfacet
  facet normal 5.215192e-01 -1.475718e-01 8.403810e-01
    outer loop
      vertex   7.259494e+01 -1.254486e+00 2.376242e+01
      vertex   7.250000e+01 -1.000000e+00 2.386603e+01
      vertex   7.239854e+01 -1.220234e+00 2.389032e+01
    endloop
  endfacet
  facet normal 3.816287e-01 -7.419375e-02 9.213332e-01
    outer loop
      vertex   7.239854e+01 -1.220234e+00 2.389032e+01
      vertex   7.250000e+01 -1.000000e+00 2.386603e+01
      vertex   7.225882e+01 -1.000000e+00 2.396593e+01
    endloop
  endfacet
  facet normal 3.162140e-01 -1.223638e-01 9.407634e-01
    outer loop
      vertex   7.239854e+01 -1.220234e+00 2.389032e+01
      vertex   7.225882e+01 -1.000000e+00 2.396593e+01
      vertex   7.218574e+01 -1.153913e+00 2.397047e+01
    endloop
  endfacet
  facet normal 2.475550e-01 -3.135991e-01 9.167181e-01
    outer loop
      vertex   7.239854e+01 -1.220234e+00 2.389032e+01
      vertex   7.218574e+01 -1.153913e+00 2.397047e+01
      vertex   7.208453e+01 -1.388644e+00 2.391750e+01
    endloop
  endfacet
  facet normal 4.620595e-01 -3.663208e-01 8.076571e-01
    outer loop
      vertex   7.259494e+01 -1.254486e+00 2.376242e+01
      vertex   7.239854e+01 -1.220234e+00 2.389032e+01
      vertex   7.231041e+01 -1.459042e+00 2.383242e+01
    endloop
  endfacet
  facet normal 2.475550e-01 -3.135991e-01 9.167181e-01
    outer loop
      vertex   7.231041e+01 -1.459042e+00 2.383242e+01
      vertex   7.239854e+01 -1.220234e+00 2.389032e+01
      vertex   7.208453e+01 -1.388644e+00 2.391750e+01
    endloop
  endfacet
  facet normal 4.620595e-01 -3.663208e-01 8.076571e-01
    outer loop
      vertex   7.259494e+01 -1.254486e+00 2.376242e+01
      vertex   7.231041e+01 -1.459042e+00 2.383242e+01
      vertex   7.251888e+01 -1.495400e+00 2.369666e+01
    endloop
  endfacet
  facet normal 4.317293e-01 -7.919720e-01 4.317293e-01
    outer loop
      vertex   7.258343e+01 -1.702554e+00 2.340746e+01
      vertex   7.240746e+01 -1.702554e+00 2.358343e+01
      vertex   7.226828e+01 -1.861830e+00 2.343044e+01
    endloop
  endfacet
  facet normal 4.317293e-01 -7.919720e-01 4.317293e-01
    outer loop
      vertex   7.258343e+01 -1.702554e+00 2.340746e+01
      vertex   7.226828e+01 -1.861830e+00 2.343044e+01
      vertex   7.243044e+01 -1.861830e+00 2.326828e+01
    endloop
  endfacet
  facet normal 2.729599e-01 -9.224889e-01 2.729599e-01
    outer loop
      vertex   7.243044e+01 -1.861830e+00 2.326828e+01
      vertex   7.226828e+01 -1.861830e+00 2.343044e+01
      vertex   7.211081e+01 -1.962374e+00 2.324811e+01
    endloop
  endfacet
  facet normal 6.528138e-01 -3.842763e-01 6.528138e-01
    outer loop
      vertex   7.276242e+01 -1.254486e+00 2.359494e+01
      vertex   7.259494e+01 -1.254486e+00 2.376242e+01
      vertex   7.251888e+01 -1.495400e+00 2.369666e+01
    endloop
  endfacet
  facet normal 6.528138e-01 -3.842763e-01 6.528138e-01
    outer loop
      vertex   7.276242e+01 -1.254486e+00 2.359494e+01
      vertex   7.251888e+01 -1.495400e+00 2.369666e+01
      vertex   7.269666e+01 -1.495400e+00 2.351888e+01
    endloop
  endfacet
  facet normal 5.834139e-01 -7.743828e-01 2.448663e-01
    outer loop
      vertex   7.271780e+01 -1.666568e+00 2.320112e+01
      vertex   7.258343e+01 -1.702554e+00 2.340746e+01
      vertex   7.243044e+01 -1.861830e+00 2.326828e+01
    endloop
  endfacet
  facet normal 5.834139e-01 -7.743828e-01 2.448663e-01
    outer loop
      vertex   7.255426e+01 -1.828668e+00 2.307813e+01
      vertex   7.271780e+01 -1.666568e+00 2.320112e+01
      vertex   7.243044e+01 -1.861830e+00 2.326828e+01
    endloop
  endfacet
  facet normal 8.076571e-01 -3.663208e-01 4.620595e-01
    outer loop
      vertex   7.289032e+01 -1.220234e+00 2.339854e+01
      vertex   7.276242e+01 -1.254486e+00 2.359494e+01
      vertex   7.269666e+01 -1.495400e+00 2.351888e+01
    endloop
  endfacet
  facet normal 8.076571e-01 -3.663208e-01 4.620595e-01
    outer loop
      vertex   7.289032e+01 -1.220234e+00 2.339854e+01
      vertex   7.269666e+01 -1.495400e+00 2.351888e+01
      vertex   7.283242e+01 -1.459042e+00 2.331041e+01
    endloop
  endfacet
  facet normal 9.167181e-01 -3.135991e-01 2.475550e-01
    outer loop
      vertex   7.297047e+01 -1.153913e+00 2.318574e+01
      vertex   7.289032e+01 -1.220234e+00 2.339854e+01
      vertex   7.283242e+01 -1.459042e+00 2.331041e+01
    endloop
  endfacet
  facet normal 9.167181e-01 -3.135991e-01 2.475550e-01
    outer loop
      vertex   7.291750e+01 -1.388644e+00 2.308453e+01
      vertex   7.297047e+01 -1.153913e+00 2.318574e+01
      vertex   7.283242e+01 -1.459042e+00 2.331041e+01
    endloop
  endfacet
  facet normal 1.305262e-01 -9.914449e-01 7.657217e-17
    outer loop
      vertex   7.225882e+01 -1.965926e+00 0.000000e+00
      vertex   7.225882e+01 -1.965926e+00 5.750000e+00
      vertex   7.200000e+01 -2.000000e+00 0.000000e+00
    endloop
  endfacet
  facet normal 1.305262e-01 -9.914449e-01 -7.627438e-17
    outer loop
      vertex   7.200000e+01 -2.000000e+00 0.000000e+00
      vertex   7.225882e+01 -1.965926e+00 5.750000e+00
      vertex   7.225882e+01 -1.965926e+00 1.150000e+01
    endloop
  endfacet
  facet normal 1.305262e-01 -9.914449e-01 0.000000e+00
    outer loop
      vertex   7.200000e+01 -2.000000e+00 0.000000e+00
      vertex   7.225882e+01 -1.965926e+00 1.150000e+01
      vertex   7.200000e+01 -2.000000e+00 2.300000e+01
    endloop
  endfacet
  facet normal 1.305262e-01 -9.914449e-01 2.461582e-16
    outer loop
      vertex   7.200000e+01 -2.000000e+00 2.300000e+01
      vertex   7.225882e+01 -1.965926e+00 1.150000e+01
      vertex   7.225882e+01 -1.965926e+00 1.725000e+01
    endloop
  endfacet
  facet normal 1.305262e-01 -9.914449e-01 6.506436e-16
    outer loop
      vertex   7.200000e+01 -2.000000e+00 2.300000e+01
      vertex   7.225882e+01 -1.965926e+00 1.725000e+01
      vertex   7.225882e+01 -1.965926e+00 2.300000e+01
    endloop
  endfacet
  facet normal 3.826834e-01 -9.238795e-01 6.065082e-16
    outer loop
      vertex   7.225882e+01 -1.965926e+00 2.300000e+01
      vertex   7.225882e+01 -1.965926e+00 1.725000e+01
      vertex   7.250000e+01 -1.866025e+00 2.300000e+01
    endloop
  endfacet
  facet normal 3.826834e-01 -9.238795e-01 5.708312e-16
    outer loop
      vertex   7.250000e+01 -1.866025e+00 2.300000e+01
      vertex   7.225882e+01 -1.965926e+00 1.725000e+01
      vertex   7.250000e+01 -1.866025e+00 1.725000e+01
    endloop
  endfacet
  facet normal 6.087614e-01 -7.933533e-01 4.901839e-16
    outer loop
      vertex   7.250000e+01 -1.866025e+00 2.300000e+01
      vertex   7.250000e+01 -1.866025e+00 1.725000e+01
      vertex   7.270711e+01 -1.707107e+00 2.300000e+01
    endloop
  endfacet
  facet normal 6.087614e-01 -7.933533e-01 3.063649e-16
    outer loop
      vertex   7.270711e+01 -1.707107e+00 2.300000e+01
      vertex   7.250000e+01 -1.866025e+00 1.725000e+01
      vertex   7.270711e+01 -1.707107e+00 1.725000e+01
    endloop
  endfacet
  facet normal 7.933533e-01 -6.087614e-01 2.350821e-16
    outer loop
      vertex   7.270711e+01 -1.707107e+00 2.300000e+01
      vertex   7.270711e+01 -1.707107e+00 1.725000e+01
      vertex   7.286603e+01 -1.500000e+00 2.300000e+01
    endloop
  endfacet
  facet normal 7.933533e-01 -6.087614e-01 2.125293e-15
    outer loop
      vertex   7.286603e+01 -1.500000e+00 2.300000e+01
      vertex   7.270711e+01 -1.707107e+00 1.725000e+01
      vertex   7.286603e+01 -1.500000e+00 1.725000e+01
    endloop
  endfacet
  facet normal 9.238795e-01 -3.826834e-01 2.386770e-15
    outer loop
      vertex   7.286603e+01 -1.500000e+00 2.300000e+01
      vertex   7.286603e+01 -1.500000e+00 1.725000e+01
      vertex   7.296593e+01 -1.258819e+00 2.300000e+01
    endloop
  endfacet
  facet normal 9.238795e-01 -3.826834e-01 1.182230e-16
    outer loop
      vertex   7.296593e+01 -1.258819e+00 2.300000e+01
      vertex   7.286603e+01 -1.500000e+00 1.725000e+01
      vertex   7.296593e+01 -1.258819e+00 1.725000e+01
    endloop
  endfacet
  facet normal 9.914449e-01 -1.305262e-01 4.032367e-17
    outer loop
      vertex   7.296593e+01 -1.258819e+00 2.300000e+01
      vertex   7.296593e+01 -1.258819e+00 1.725000e+01
      vertex   7.300000e+01 -1.000000e+00 2.300000e+01
    endloop
  endfacet
  facet normal 9.914449e-01 -1.305262e-01 5.778362e-18
    outer loop
      vertex   7.300000e+01 -1.000000e+00 2.300000e+01
      vertex   7.296593e+01 -1.258819e+00 1.725000e+01
      vertex   7.296593e+01 -1.258819e+00 1.150000e+01
    endloop
  endfacet
  facet normal 9.914449e-01 -1.305262e-01 -1.260115e-18
    outer loop
      vertex   7.300000e+01 -1.000000e+00 2.300000e+01
      vertex   7.296593e+01 -1.258819e+00 1.150000e+01
      vertex   7.300000e+01 -1.000000e+00 0.000000e+00
    endloop
  endfacet
  facet normal 9.914449e-01 -1.305262e-01 4.622690e-18
    outer loop
      vertex   7.300000e+01 -1.000000e+00 0.000000e+00
      vertex   7.296593e+01 -1.258819e+00 1.150000e+01
      vertex   7.296593e+01 -1.258819e+00 5.750000e+00
    endloop
  endfacet
  facet normal 9.914449e-01 -1.305262e-01 -3.004748e-17
    outer loop
      vertex   7.300000e+01 -1.000000e+00 0.000000e+00
      vertex   7.296593e+01 -1.258819e+00 5.750000e+00
      vertex   7.296593e+01 -1.258819e+00 0.000000e+00
    endloop
  endfacet
  facet normal 9.238795e-01 -3.826834e-01 -8.866726e-17
    outer loop
      vertex   7.296593e+01 -1.258819e+00 0.000000e+00
      vertex   7.296593e+01 -1.258819e+00 5.750000e+00
      vertex   7.286603e+01 -1.500000e+00 0.000000e+00
    endloop
  endfacet
  facet normal 9.238795e-01 -3.826834e-01 5.911151e-17
    outer loop
      vertex   7.286603e+01 -1.500000e+00 0.000000e+00
      vertex   7.296593e+01 -1.258819e+00 5.750000e+00
      vertex   7.286603e+01 -1.500000e+00 5.750000e+00
    endloop
  endfacet
  facet normal 7.933533e-01 -6.087614e-01 9.403283e-17
    outer loop
      vertex   7.286603e+01 -1.500000e+00 0.000000e+00
      vertex   7.286603e+01 -1.500000e+00 5.750000e+00
      vertex   7.270711e+01 -1.707107e+00 0.000000e+00
    endloop
  endfacet
  facet normal 7.933533e-01 -6.087614e-01 -4.701641e-17
    outer loop
      vertex   7.270711e+01 -1.707107e+00 0.000000e+00
      vertex   7.286603e+01 -1.500000e+00 5.750000e+00
      vertex   7.270711e+01 -1.707107e+00 5.750000e+00
    endloop
  endfacet
  facet normal 6.087614e-01 -7.933533e-01 -6.127298e-17
    outer loop
      vertex   7.270711e+01 -1.707107e+00 0.000000e+00
      vertex   7.270711e+01 -1.707107e+00 5.750000e+00
      vertex   7.250000e+01 -1.866025e+00 0.000000e+00
    endloop
  endfacet
  facet normal 6.087614e-01 -7.933533e-01 -9.190948e-17
    outer loop
      vertex   7.250000e+01 -1.866025e+00 0.000000e+00
      vertex   7.270711e+01 -1.707107e+00 5.750000e+00
      vertex   7.250000e+01 -1.866025e+00 5.750000e+00
    endloop
  endfacet
  facet normal 3.826834e-01 -9.238795e-01 -1.070309e-16
    outer loop
      vertex   7.250000e+01 -1.866025e+00 0.000000e+00
      vertex   7.250000e+01 -1.866025e+00 5.750000e+00
      vertex   7.225882e+01 -1.965926e+00 0.000000e+00
    endloop
  endfacet
  facet normal 3.826834e-01 -9.238795e-01 7.135390e-17
    outer loop
      vertex   7.225882e+01 -1.965926e+00 0.000000e+00
      vertex   7.250000e+01 -1.866025e+00 5.750000e+00
      vertex   7.225882e+01 -1.965926e+00 5.750000e+00
    endloop
  endfacet
  facet normal 3.826834e-01 -9.238795e-01 8.736883e-16
    outer loop
      vertex   7.250000e+01 -1.866025e+00 1.725000e+01
      vertex   7.225882e+01 -1.965926e+00 1.725000e+01
      vertex   7.225882e+01 -1.965926e+00 1.150000e+01
    endloop
  endfacet
  facet normal 3.826834e-01 -9.238795e-01 -7.135390e-17
    outer loop
      vertex   7.225882e+01 -1.965926e+00 1.150000e+01
      vertex   7.225882e+01 -1.965926e+00 5.750000e+00
      vertex   7.250000e+01 -1.866025e+00 1.150000e+01
    endloop
  endfacet
  facet normal 3.826834e-01 -9.238795e-01 0.000000e+00
    outer loop
      vertex   7.250000e+01 -1.866025e+00 1.150000e+01
      vertex   7.225882e+01 -1.965926e+00 5.750000e+00
      vertex   7.250000e+01 -1.866025e+00 5.750000e+00
    endloop
  endfacet
  facet normal 6.087614e-01 -7.933533e-01 0.000000e+00
    outer loop
      vertex   7.250000e+01 -1.866025e+00 1.150000e+01
      vertex   7.250000e+01 -1.866025e+00 5.750000e+00
      vertex   7.270711e+01 -1.707107e+00 1.150000e+01
    endloop
  endfacet
  facet normal 6.087614e-01 -7.933533e-01 3.063649e-17
    outer loop
      vertex   7.270711e+01 -1.707107e+00 1.150000e+01
      vertex   7.250000e+01 -1.866025e+00 5.750000e+00
      vertex   7.270711e+01 -1.707107e+00 5.750000e+00
    endloop
  endfacet
  facet normal 7.933533e-01 -6.087614e-01 2.350821e-17
    outer loop
      vertex   7.270711e+01 -1.707107e+00 1.150000e+01
      vertex   7.270711e+01 -1.707107e+00 5.750000e+00
      vertex   7.286603e+01 -1.500000e+00 1.150000e+01
    endloop
  endfacet
  facet normal 7.933533e-01 -6.087614e-01 -4.701641e-17
    outer loop
      vertex   7.286603e+01 -1.500000e+00 1.150000e+01
      vertex   7.270711e+01 -1.707107e+00 5.750000e+00
      vertex   7.286603e+01 -1.500000e+00 5.750000e+00
    endloop
  endfacet
  facet normal 9.238795e-01 -3.826834e-01 -2.955575e-17
    outer loop
      vertex   7.286603e+01 -1.500000e+00 1.150000e+01
      vertex   7.286603e+01 -1.500000e+00 5.750000e+00
      vertex   7.296593e+01 -1.258819e+00 1.150000e+01
    endloop
  endfacet
  facet normal 9.238795e-01 -3.826834e-01 1.477788e-17
    outer loop
      vertex   7.296593e+01 -1.258819e+00 1.150000e+01
      vertex   7.286603e+01 -1.500000e+00 5.750000e+00
      vertex   7.296593e+01 -1.258819e+00 5.750000e+00
    endloop
  endfacet
  facet normal 6.087614e-01 -7.933533e-01 0.000000e+00
    outer loop
      vertex   7.270711e+01 -1.707107e+00 1.725000e+01
      vertex   7.250000e+01 -1.866025e+00 1.725000e+01
      vertex   7.250000e+01 -1.866025e+00 1.150000e+01
    endloop
  endfacet
  facet normal 3.826834e-01 -9.238795e-01 0.000000e+00
    outer loop
      vertex   7.250000e+01 -1.866025e+00 1.150000e+01
      vertex   7.250000e+01 -1.866025e+00 1.725000e+01
      vertex   7.225882e+01 -1.965926e+00 1.150000e+01
    endloop
  endfacet
  facet normal 6.087614e-01 -7.933533e-01 3.063649e-17
    outer loop
      vertex   7.270711e+01 -1.707107e+00 1.725000e+01
      vertex   7.250000e+01 -1.866025e+00 1.150000e+01
      vertex   7.270711e+01 -1.707107e+00 1.150000e+01
    endloop
  endfacet
  facet normal 7.933533e-01 -6.087614e-01 2.311345e-17
    outer loop
      vertex   7.286603e+01 -1.500000e+00 1.725000e+01
      vertex   7.270711e+01 -1.707107e+00 1.725000e+01
      vertex   7.270711e+01 -1.707107e+00 1.150000e+01
    endloop
  endfacet
  facet normal 7.933533e-01 -6.087614e-01 -4.701641e-17
    outer loop
      vertex   7.286603e+01 -1.500000e+00 1.725000e+01
      vertex   7.270711e+01 -1.707107e+00 1.150000e+01
      vertex   7.286603e+01 -1.500000e+00 1.150000e+01
    endloop
  endfacet
  facet normal 9.238795e-01 -3.826834e-01 -3.004748e-17
    outer loop
      vertex   7.296593e+01 -1.258819e+00 1.725000e+01
      vertex   7.286603e+01 -1.500000e+00 1.725000e+01
      vertex   7.286603e+01 -1.500000e+00 1.150000e+01
    endloop
  endfacet
  facet normal 9.238795e-01 -3.826834e-01 1.477788e-17
    outer loop
      vertex   7.296593e+01 -1.258819e+00 1.725000e+01
      vertex   7.286603e+01 -1.500000e+00 1.150000e+01
      vertex   7.296593e+01 -1.258819e+00 1.150000e+01
    endloop
  endfacet
  facet normal 4.940940e-02 1.303668e-01 9.902339e-01
    outer loop
      vertex   7.200000e+01 3.225882e+01 2.396593e+01
      vertex   7.200000e+01 3.200000e+01 2.400000e+01
      vertex   7.218574e+01 3.215391e+01 2.397047e+01
    endloop
  endfacet
  facet normal 1.304564e-01 3.268886e-02 9.909150e-01
    outer loop
      vertex   7.218574e+01 3.215391e+01 2.397047e+01
      vertex   7.200000e+01 3.200000e+01 2.400000e+01
      vertex   7.225882e+01 3.200000e+01 2.396593e+01
    endloop
  endfacet
  facet normal 3.162140e-01 1.223638e-01 9.407634e-01
    outer loop
      vertex   7.218574e+01 3.215391e+01 2.397047e+01
      vertex   7.225882e+01 3.200000e+01 2.396593e+01
      vertex   7.239854e+01 3.222023e+01 2.389032e+01
    endloop
  endfacet
  facet normal 3.816287e-01 7.419375e-02 9.213332e-01
    outer loop
      vertex   7.239854e+01 3.222023e+01 2.389032e+01
      vertex   7.225882e+01 3.200000e+01 2.396593e+01
      vertex   7.250000e+01 3.200000e+01 2.386603e+01
    endloop
  endfacet
  facet normal 5.215192e-01 1.475718e-01 8.403810e-01
    outer loop
      vertex   7.239854e+01 3.222023e+01 2.389032e+01
      vertex   7.250000e+01 3.200000e+01 2.386603e+01
      vertex   7.259494e+01 3.225449e+01 2.376242e+01
    endloop
  endfacet
  facet normal 6.059824e-01 9.544300e-02 7.897316e-01
    outer loop
      vertex   7.259494e+01 3.225449e+01 2.376242e+01
      vertex   7.250000e+01 3.200000e+01 2.386603e+01
      vertex   7.270711e+01 3.200000e+01 2.370711e+01
    endloop
  endfacet
  facet normal 6.984452e-01 1.560404e-01 6.984452e-01
    outer loop
      vertex   7.259494e+01 3.225449e+01 2.376242e+01
      vertex   7.270711e+01 3.200000e+01 2.370711e+01
      vertex   7.276242e+01 3.225449e+01 2.359494e+01
    endloop
  endfacet
  facet normal 7.897316e-01 9.544300e-02 6.059824e-01
    outer loop
      vertex   7.276242e+01 3.225449e+01 2.359494e+01
      vertex   7.270711e+01 3.200000e+01 2.370711e+01
      vertex   7.286603e+01 3.200000e+01 2.350000e+01
    endloop
  endfacet
  facet normal 8.403810e-01 1.475718e-01 5.215192e-01
    outer loop
      vertex   7.276242e+01 3.225449e+01 2.359494e+01
      vertex   7.286603e+01 3.200000e+01 2.350000e+01
      vertex   7.289032e+01 3.222023e+01 2.339854e+01
    endloop
  endfacet
  facet normal 9.213332e-01 7.419375e-02 3.816287e-01
    outer loop
      vertex   7.289032e+01 3.222023e+01 2.339854e+01
      vertex   7.286603e+01 3.200000e+01 2.350000e+01
      vertex   7.296593e+01 3.200000e+01 2.325882e+01
    endloop
  endfacet
  facet normal 9.407634e-01 1.223638e-01 3.162140e-01
    outer loop
      vertex   7.289032e+01 3.222023e+01 2.339854e+01
      vertex   7.296593e+01 3.200000e+01 2.325882e+01
      vertex   7.297047e+01 3.215391e+01 2.318574e+01
    endloop
  endfacet
  facet normal 9.909150e-01 3.268886e-02 1.304564e-01
    outer loop
      vertex   7.297047e+01 3.215391e+01 2.318574e+01
      vertex   7.296593e+01 3.200000e+01 2.325882e+01
      vertex   7.300000e+01 3.200000e+01 2.300000e+01
    endloop
  endfacet
  facet normal 9.902339e-01 1.303668e-01 4.940940e-02
    outer loop
      vertex   7.297047e+01 3.215391e+01 2.318574e+01
      vertex   7.300000e+01 3.200000e+01 2.300000e+01
      vertex   7.296593e+01 3.225882e+01 2.300000e+01
    endloop
  endfacet
  facet normal 9.537278e-01 2.711922e-01 1.298391e-01
    outer loop
      vertex   7.297047e+01 3.215391e+01 2.318574e+01
      vertex   7.296593e+01 3.225882e+01 2.300000e+01
      vertex   7.291750e+01 3.238864e+01 2.308453e+01
    endloop
  endfacet
  facet normal 9.223031e-01 3.820305e-01 -5.839280e-02
    outer loop
      vertex   7.291750e+01 3.238864e+01 2.308453e+01
      vertex   7.296593e+01 3.225882e+01 2.300000e+01
      vertex   7.286603e+01 3.250000e+01 2.300000e+01
    endloop
  endfacet
  facet normal 8.447130e-01 5.110938e-01 1.588805e-01
    outer loop
      vertex   7.291750e+01 3.238864e+01 2.308453e+01
      vertex   7.286603e+01 3.250000e+01 2.300000e+01
      vertex   7.283242e+01 3.245904e+01 2.331041e+01
    endloop
  endfacet
  facet normal 8.257119e-01 5.407082e-01 1.607312e-01
    outer loop
      vertex   7.283242e+01 3.245904e+01 2.331041e+01
      vertex   7.286603e+01 3.250000e+01 2.300000e+01
      vertex   7.271780e+01 3.266657e+01 2.320112e+01
    endloop
  endfacet
  facet normal 7.197061e-01 5.901245e-01 3.657544e-01
    outer loop
      vertex   7.283242e+01 3.245904e+01 2.331041e+01
      vertex   7.271780e+01 3.266657e+01 2.320112e+01
      vertex   7.269666e+01 3.249540e+01 2.351888e+01
    endloop
  endfacet
  facet normal 7.197061e-01 5.901245e-01 3.657544e-01
    outer loop
      vertex   7.269666e+01 3.249540e+01 2.351888e+01
      vertex   7.271780e+01 3.266657e+01 2.320112e+01
      vertex   7.258343e+01 3.270255e+01 2.340746e+01
    endloop
  endfacet
  facet normal 5.611197e-01 6.085140e-01 5.611197e-01
    outer loop
      vertex   7.269666e+01 3.249540e+01 2.351888e+01
      vertex   7.258343e+01 3.270255e+01 2.340746e+01
      vertex   7.251888e+01 3.249540e+01 2.369666e+01
    endloop
  endfacet
  facet normal 5.611197e-01 6.085140e-01 5.611197e-01
    outer loop
      vertex   7.251888e+01 3.249540e+01 2.369666e+01
      vertex   7.258343e+01 3.270255e+01 2.340746e+01
      vertex   7.240746e+01 3.270255e+01 2.358343e+01
    endloop
  endfacet
  facet normal 3.657544e-01 5.901245e-01 7.197061e-01
    outer loop
      vertex   7.251888e+01 3.249540e+01 2.369666e+01
      vertex   7.240746e+01 3.270255e+01 2.358343e+01
      vertex   7.231041e+01 3.245904e+01 2.383242e+01
    endloop
  endfacet
  facet normal 3.657544e-01 5.901245e-01 7.197061e-01
    outer loop
      vertex   7.231041e+01 3.245904e+01 2.383242e+01
      vertex   7.240746e+01 3.270255e+01 2.358343e+01
      vertex   7.220112e+01 3.266657e+01 2.371780e+01
    endloop
  endfacet
  facet normal 1.607312e-01 5.407082e-01 8.257119e-01
    outer loop
      vertex   7.231041e+01 3.245904e+01 2.383242e+01
      vertex   7.220112e+01 3.266657e+01 2.371780e+01
      vertex   7.200000e+01 3.250000e+01 2.386603e+01
    endloop
  endfacet
  facet normal 8.026201e-02 6.067974e-01 7.907938e-01
    outer loop
      vertex   7.200000e+01 3.250000e+01 2.386603e+01
      vertex   7.220112e+01 3.266657e+01 2.371780e+01
      vertex   7.200000e+01 3.270711e+01 2.370711e+01
    endloop
  endfacet
  facet normal 1.159338e-01 7.476569e-01 6.538873e-01
    outer loop
      vertex   7.200000e+01 3.270711e+01 2.370711e+01
      vertex   7.220112e+01 3.266657e+01 2.371780e+01
      vertex   7.207813e+01 3.282867e+01 2.355426e+01
    endloop
  endfacet
  facet normal -4.340169e-02 7.926058e-01 6.081878e-01
    outer loop
      vertex   7.200000e+01 3.270711e+01 2.370711e+01
      vertex   7.207813e+01 3.282867e+01 2.355426e+01
      vertex   7.200000e+01 3.286603e+01 2.350000e+01
    endloop
  endfacet
  facet normal 1.261909e-01 8.925984e-01 4.328324e-01
    outer loop
      vertex   7.200000e+01 3.286603e+01 2.350000e+01
      vertex   7.207813e+01 3.282867e+01 2.355426e+01
      vertex   7.226828e+01 3.286183e+01 2.343044e+01
    endloop
  endfacet
  facet normal 1.178222e-01 9.091026e-01 3.995626e-01
    outer loop
      vertex   7.200000e+01 3.286603e+01 2.350000e+01
      vertex   7.226828e+01 3.286183e+01 2.343044e+01
      vertex   7.211081e+01 3.296237e+01 2.324811e+01
    endloop
  endfacet
  facet normal 2.729599e-01 9.224889e-01 2.729599e-01
    outer loop
      vertex   7.211081e+01 3.296237e+01 2.324811e+01
      vertex   7.226828e+01 3.286183e+01 2.343044e+01
      vertex   7.224811e+01 3.296237e+01 2.311081e+01
    endloop
  endfacet
  facet normal 1.036987e-01 9.891881e-01 1.036987e-01
    outer loop
      vertex   7.211081e+01 3.296237e+01 2.324811e+01
      vertex   7.224811e+01 3.296237e+01 2.311081e+01
      vertex   7.200000e+01 3.300000e+01 2.300000e+01
    endloop
  endfacet
  facet normal 1.303977e-01 9.904691e-01 4.435481e-02
    outer loop
      vertex   7.200000e+01 3.300000e+01 2.300000e+01
      vertex   7.224811e+01 3.296237e+01 2.311081e+01
      vertex   7.225882e+01 3.296593e+01 2.300000e+01
    endloop
  endfacet
  facet normal 3.818374e-01 9.218370e-01 6.645835e-02
    outer loop
      vertex   7.225882e+01 3.296593e+01 2.300000e+01
      vertex   7.224811e+01 3.296237e+01 2.311081e+01
      vertex   7.250000e+01 3.286603e+01 2.300000e+01
    endloop
  endfacet
  facet normal 3.995626e-01 9.091026e-01 1.178222e-01
    outer loop
      vertex   7.250000e+01 3.286603e+01 2.300000e+01
      vertex   7.224811e+01 3.296237e+01 2.311081e+01
      vertex   7.243044e+01 3.286183e+01 2.326828e+01
    endloop
  endfacet
  facet normal 4.328324e-01 8.925984e-01 1.261909e-01
    outer loop
      vertex   7.250000e+01 3.286603e+01 2.300000e+01
      vertex   7.243044e+01 3.286183e+01 2.326828e+01
      vertex   7.255426e+01 3.282867e+01 2.307813e+01
    endloop
  endfacet
  facet normal 5.834139e-01 7.743828e-01 2.448663e-01
    outer loop
      vertex   7.255426e+01 3.282867e+01 2.307813e+01
      vertex   7.243044e+01 3.286183e+01 2.326828e+01
      vertex   7.258343e+01 3.270255e+01 2.340746e+01
    endloop
  endfacet
  facet normal 5.834139e-01 7.743828e-01 2.448663e-01
    outer loop
      vertex   7.255426e+01 3.282867e+01 2.307813e+01
      vertex   7.258343e+01 3.270255e+01 2.340746e+01
      vertex   7.271780e+01 3.266657e+01 2.320112e+01
    endloop
  endfacet
  facet normal 7.907938e-01 6.067974e-01 8.026201e-02
    outer loop
      vertex   7.286603e+01 3.250000e+01 2.300000e+01
      vertex   7.270711e+01 3.270711e+01 2.300000e+01
      vertex   7.271780e+01 3.266657e+01 2.320112e+01
    endloop
  endfacet
  facet normal 6.538873e-01 7.476569e-01 1.159338e-01
    outer loop
      vertex   7.271780e+01 3.266657e+01 2.320112e+01
      vertex   7.270711e+01 3.270711e+01 2.300000e+01
      vertex   7.255426e+01 3.282867e+01 2.307813e+01
    endloop
  endfacet
  facet normal 6.081878e-01 7.926058e-01 -4.340169e-02
    outer loop
      vertex   7.270711e+01 3.270711e+01 2.300000e+01
      vertex   7.250000e+01 3.286603e+01 2.300000e+01
      vertex   7.255426e+01 3.282867e+01 2.307813e+01
    endloop
  endfacet
  facet normal 4.435481e-02 9.904691e-01 1.303977e-01
    outer loop
      vertex   7.200000e+01 3.300000e+01 2.300000e+01
      vertex   7.200000e+01 3.296593e+01 2.325882e+01
      vertex   7.211081e+01 3.296237e+01 2.324811e+01
    endloop
  endfacet
  facet normal 6.645835e-02 9.218370e-01 3.818374e-01
    outer loop
      vertex   7.211081e+01 3.296237e+01 2.324811e+01
      vertex   7.200000e+01 3.296593e+01 2.325882e+01
      vertex   7.200000e+01 3.286603e+01 2.350000e+01
    endloop
  endfacet
  facet normal 1.588805e-01 5.110938e-01 8.447130e-01
    outer loop
      vertex   7.231041e+01 3.245904e+01 2.383242e+01
      vertex   7.200000e+01 3.250000e+01 2.386603e+01
      vertex   7.208453e+01 3.238864e+01 2.391750e+01
    endloop
  endfacet
  facet normal -5.839280e-02 3.820305e-01 9.223031e-01
    outer loop
      vertex   7.208453e+01 3.238864e+01 2.391750e+01
      vertex   7.200000e+01 3.250000e+01 2.386603e+01
      vertex   7.200000e+01 3.225882e+01 2.396593e+01
    endloop
  endfacet
  facet normal 1.298391e-01 2.711922e-01 9.537278e-01
    outer loop
      vertex   7.208453e+01 3.238864e+01 2.391750e+01
      vertex   7.200000e+01 3.225882e+01 2.396593e+01
      vertex   7.218574e+01 3.215391e+01 2.397047e+01
    endloop
  endfacet
  facet normal 2.475550e-01 3.135991e-01 9.167181e-01
    outer loop
      vertex   7.231041e+01 3.245904e+01 2.383242e+01
      vertex   7.208453e+01 3.238864e+01 2.391750e+01
      vertex   7.218574e+01 3.215391e+01 2.397047e+01
    endloop
  endfacet
  facet normal 4.620595e-01 3.663208e-01 8.076571e-01
    outer loop
      vertex   7.251888e+01 3.249540e+01 2.369666e+01
      vertex   7.231041e+01 3.245904e+01 2.383242e+01
      vertex   7.239854e+01 3.222023e+01 2.389032e+01
    endloop
  endfacet
  facet normal 2.475550e-01 3.135991e-01 9.167181e-01
    outer loop
      vertex   7.239854e+01 3.222023e+01 2.389032e+01
      vertex   7.231041e+01 3.245904e+01 2.383242e+01
      vertex   7.218574e+01 3.215391e+01 2.397047e+01
    endloop
  endfacet
  facet normal 2.448663e-01 7.743828e-01 5.834139e-01
    outer loop
      vertex   7.226828e+01 3.286183e+01 2.343044e+01
      vertex   7.207813e+01 3.282867e+01 2.355426e+01
      vertex   7.220112e+01 3.266657e+01 2.371780e+01
    endloop
  endfacet
  facet normal 2.448663e-01 7.743828e-01 5.834139e-01
    outer loop
      vertex   7.226828e+01 3.286183e+01 2.343044e+01
      vertex   7.220112e+01 3.266657e+01 2.371780e+01
      vertex   7.240746e+01 3.270255e+01 2.358343e+01
    endloop
  endfacet
  facet normal 6.528138e-01 3.842763e-01 6.528138e-01
    outer loop
      vertex   7.269666e+01 3.249540e+01 2.351888e+01
      vertex   7.251888e+01 3.249540e+01 2.369666e+01
      vertex   7.259494e+01 3.225449e+01 2.376242e+01
    endloop
  endfacet
  facet normal 4.620595e-01 3.663208e-01 8.076571e-01
    outer loop
      vertex   7.259494e+01 3.225449e+01 2.376242e+01
      vertex   7.251888e+01 3.249540e+01 2.369666e+01
      vertex   7.239854e+01 3.222023e+01 2.389032e+01
    endloop
  endfacet
  facet normal 4.317293e-01 7.919720e-01 4.317293e-01
    outer loop
      vertex   7.258343e+01 3.270255e+01 2.340746e+01
      vertex   7.243044e+01 3.286183e+01 2.326828e+01
      vertex   7.240746e+01 3.270255e+01 2.358343e+01
    endloop
  endfacet
  facet normal 4.317293e-01 7.919720e-01 4.317293e-01
    outer loop
      vertex   7.240746e+01 3.270255e+01 2.358343e+01
      vertex   7.243044e+01 3.286183e+01 2.326828e+01
      vertex   7.226828e+01 3.286183e+01 2.343044e+01
    endloop
  endfacet
  facet normal 2.729599e-01 9.224889e-01 2.729599e-01
    outer loop
      vertex   7.243044e+01 3.286183e+01 2.326828e+01
      vertex   7.224811e+01 3.296237e+01 2.311081e+01
      vertex   7.226828e+01 3.286183e+01 2.343044e+01
    endloop
  endfacet
  facet normal 8.076571e-01 3.663208e-01 4.620595e-01
    outer loop
      vertex   7.283242e+01 3.245904e+01 2.331041e+01
      vertex   7.269666e+01 3.249540e+01 2.351888e+01
      vertex   7.276242e+01 3.225449e+01 2.359494e+01
    endloop
  endfacet
  facet normal 6.528138e-01 3.842763e-01 6.528138e-01
    outer loop
      vertex   7.276242e+01 3.225449e+01 2.359494e+01
      vertex   7.269666e+01 3.249540e+01 2.351888e+01
      vertex   7.259494e+01 3.225449e+01 2.376242e+01
    endloop
  endfacet
  facet normal 9.167181e-01 3.135991e-01 2.475550e-01
    outer loop
      vertex   7.291750e+01 3.238864e+01 2.308453e+01
      vertex   7.283242e+01 3.245904e+01 2.331041e+01
      vertex   7.289032e+01 3.222023e+01 2.339854e+01
    endloop
  endfacet
  facet normal 8.076571e-01 3.663208e-01 4.620595e-01
    outer loop
      vertex   7.289032e+01 3.222023e+01 2.339854e+01
      vertex   7.283242e+01 3.245904e+01 2.331041e+01
      vertex   7.276242e+01 3.225449e+01 2.359494e+01
    endloop
  endfacet
  facet normal 9.167181e-01 3.135991e-01 2.475550e-01
    outer loop
      vertex   7.297047e+01 3.215391e+01 2.318574e+01
      vertex   7.291750e+01 3.238864e+01 2.308453e+01
      vertex   7.289032e+01 3.222023e+01 2.339854e+01
    endloop
  endfacet
  facet normal 9.914449e-01 1.305262e-01 -0.000000e+00
    outer loop
      vertex   7.296593e+01 3.225882e+01 0.000000e+00
      vertex   7.296593e+01 3.225882e+01 5.750000e+00
      vertex   7.300000e+01 3.200000e+01 0.000000e+00
    endloop
  endfacet
  facet normal 9.914449e-01 1.305262e-01 0.000000e+00
    outer loop
      vertex   7.300000e+01 3.200000e+01 0.000000e+00
      vertex   7.296593e+01 3.225882e+01 5.750000e+00
      vertex   7.296593e+01 3.225882e+01 1.150000e+01
    endloop
  endfacet
  facet normal 9.914449e-01 1.305262e-01 -0.000000e+00
    outer loop
      vertex   7.300000e+01 3.200000e+01 0.000000e+00
      vertex   7.296593e+01 3.225882e+01 1.150000e+01
      vertex   7.300000e+01 3.200000e+01 2.300000e+01
    endloop
  endfacet
  facet normal 9.914449e-01 1.305262e-01 0.000000e+00
    outer loop
      vertex   7.300000e+01 3.200000e+01 2.300000e+01
      vertex   7.296593e+01 3.225882e+01 1.150000e+01
      vertex   7.296593e+01 3.225882e+01 1.725000e+01
    endloop
  endfacet
  facet normal 9.914449e-01 1.305262e-01 0.000000e+00
    outer loop
      vertex   7.300000e+01 3.200000e+01 2.300000e+01
      vertex   7.296593e+01 3.225882e+01 1.725000e+01
      vertex   7.296593e+01 3.225882e+01 2.300000e+01
    endloop
  endfacet
  facet normal 9.238795e-01 3.826834e-01 0.000000e+00
    outer loop
      vertex   7.296593e+01 3.225882e+01 2.300000e+01
      vertex   7.296593e+01 3.225882e+01 1.725000e+01
      vertex   7.286603e+01 3.250000e+01 2.300000e+01
    endloop
  endfacet
  facet normal 9.238795e-01 3.826834e-01 0.000000e+00
    outer loop
      vertex   7.286603e+01 3.250000e+01 2.300000e+01
      vertex   7.296593e+01 3.225882e+01 1.725000e+01
      vertex   7.286603e+01 3.250000e+01 1.725000e+01
    endloop
  endfacet
  facet normal 7.933533e-01 6.087614e-01 0.000000e+00
    outer loop
      vertex   7.286603e+01 3.250000e+01 2.300000e+01
      vertex   7.286603e+01 3.250000e+01 1.725000e+01
      vertex   7.270711e+01 3.270711e+01 2.300000e+01
    endloop
  endfacet
  facet normal 7.933533e-01 6.087614e-01 0.000000e+00
    outer loop
      vertex   7.270711e+01 3.270711e+01 2.300000e+01
      vertex   7.286603e+01 3.250000e+01 1.725000e+01
      vertex   7.270711e+01 3.270711e+01 1.725000e+01
    endloop
  endfacet
  facet normal 6.087614e-01 7.933533e-01 0.000000e+00
    outer loop
      vertex   7.270711e+01 3.270711e+01 2.300000e+01
      vertex   7.270711e+01 3.270711e+01 1.725000e+01
      vertex   7.250000e+01 3.286603e+01 2.300000e+01
    endloop
  endfacet
  facet normal 6.087614e-01 7.933533e-01 0.000000e+00
    outer loop
      vertex   7.250000e+01 3.286603e+01 2.300000e+01
      vertex   7.270711e+01 3.270711e+01 1.725000e+01
      vertex   7.250000e+01 3.286603e+01 1.725000e+01
    endloop
  endfacet
  facet normal 3.826834e-01 9.238795e-01 0.000000e+00
    outer loop
      vertex   7.250000e+01 3.286603e+01 2.300000e+01
      vertex   7.250000e+01 3.286603e+01 1.725000e+01
      vertex   7.225882e+01 3.296593e+01 2.300000e+01
    endloop
  endfacet
  facet normal 3.826834e-01 9.238795e-01 -1.141662e-15
    outer loop
      vertex   7.225882e+01 3.296593e+01 2.300000e+01
      vertex   7.250000e+01 3.286603e+01 1.725000e+01
      vertex   7.225882e+01 3.296593e+01 1.725000e+01
    endloop
  endfacet
  facet normal 1.305262e-01 9.914449e-01 -1.225155e-15
    outer loop
      vertex   7.225882e+01 3.296593e+01 2.300000e+01
      vertex   7.225882e+01 3.296593e+01 1.725000e+01
      vertex   7.200000e+01 3.300000e+01 2.300000e+01
    endloop
  endfacet
  facet normal 1.305262e-01 9.914449e-01 -3.224326e-16
    outer loop
      vertex   7.200000e+01 3.300000e+01 2.300000e+01
      vertex   7.225882e+01 3.296593e+01 1.725000e+01
      vertex   7.225882e+01 3.296593e+01 1.150000e+01
    endloop
  endfacet
  facet normal 1.305262e-01 9.914449e-01 0.000000e+00
    outer loop
      vertex   7.200000e+01 3.300000e+01 2.300000e+01
      vertex   7.225882e+01 3.296593e+01 1.150000e+01
      vertex   7.200000e+01 3.300000e+01 0.000000e+00
    endloop
  endfacet
  facet normal 1.305262e-01 9.914449e-01 0.000000e+00
    outer loop
      vertex   7.200000e+01 3.300000e+01 0.000000e+00
      vertex   7.225882e+01 3.296593e+01 1.150000e+01
      vertex   7.225882e+01 3.296593e+01 5.750000e+00
    endloop
  endfacet
  facet normal 1.305262e-01 9.914449e-01 0.000000e+00
    outer loop
      vertex   7.200000e+01 3.300000e+01 0.000000e+00
      vertex   7.225882e+01 3.296593e+01 5.750000e+00
      vertex   7.225882e+01 3.296593e+01 0.000000e+00
    endloop
  endfacet
  facet normal 3.826834e-01 9.238795e-01 -0.000000e+00
    outer loop
      vertex   7.225882e+01 3.296593e+01 0.000000e+00
      vertex   7.225882e+01 3.296593e+01 5.750000e+00
      vertex   7.250000e+01 3.286603e+01 0.000000e+00
    endloop
  endfacet
  facet normal 3.826834e-01 9.238795e-01 -0.000000e+00
    outer loop
      vertex   7.250000e+01 3.286603e+01 0.000000e+00
      vertex   7.225882e+01 3.296593e+01 5.750000e+00
      vertex   7.250000e+01 3.286603e+01 5.750000e+00
    endloop
  endfacet
  facet normal 6.087614e-01 7.933533e-01 -0.000000e+00
    outer loop
      vertex   7.250000e+01 3.286603e+01 0.000000e+00
      vertex   7.250000e+01 3.286603e+01 5.750000e+00
      vertex   7.270711e+01 3.270711e+01 0.000000e+00
    endloop
  endfacet
  facet normal 6.087614e-01 7.933533e-01 -0.000000e+00
    outer loop
      vertex   7.270711e+01 3.270711e+01 0.000000e+00
      vertex   7.250000e+01 3.286603e+01 5.750000e+00
      vertex   7.270711e+01 3.270711e+01 5.750000e+00
    endloop
  endfacet
  facet normal 7.933533e-01 6.087614e-01 -0.000000e+00
    outer loop
      vertex   7.270711e+01 3.270711e+01 0.000000e+00
      vertex   7.270711e+01 3.270711e+01 5.750000e+00
      vertex   7.286603e+01 3.250000e+01 0.000000e+00
    endloop
  endfacet
  facet normal 7.933533e-01 6.087614e-01 -1.960735e-15
    outer loop
      vertex   7.286603e+01 3.250000e+01 0.000000e+00
      vertex   7.270711e+01 3.270711e+01 5.750000e+00
      vertex   7.286603e+01 3.250000e+01 5.750000e+00
    endloop
  endfacet
  facet normal 9.238795e-01 3.826834e-01 -2.283325e-15
    outer loop
      vertex   7.286603e+01 3.250000e+01 0.000000e+00
      vertex   7.286603e+01 3.250000e+01 5.750000e+00
      vertex   7.296593e+01 3.225882e+01 0.000000e+00
    endloop
  endfacet
  facet normal 9.238795e-01 3.826834e-01 -0.000000e+00
    outer loop
      vertex   7.296593e+01 3.225882e+01 0.000000e+00
      vertex   7.286603e+01 3.250000e+01 5.750000e+00
      vertex   7.296593e+01 3.225882e+01 5.750000e+00
    endloop
  endfacet
  facet normal 9.238795e-01 3.826834e-01 0.000000e+00
    outer loop
      vertex   7.286603e+01 3.250000e+01 1.725000e+01
      vertex   7.296593e+01 3.225882e+01 1.725000e+01
      vertex   7.296593e+01 3.225882e+01 1.150000e+01
    endloop
  endfacet
  facet normal 9.238795e-01 3.826834e-01 0.000000e+00
    outer loop
      vertex   7.296593e+01 3.225882e+01 1.150000e+01
      vertex   7.296593e+01 3.225882e+01 5.750000e+00
      vertex   7.286603e+01 3.250000e+01 1.150000e+01
    endloop
  endfacet
  facet normal 9.238795e-01 3.826834e-01 0.000000e+00
    outer loop
      vertex   7.286603e+01 3.250000e+01 1.150000e+01
      vertex   7.296593e+01 3.225882e+01 5.750000e+00
      vertex   7.286603e+01 3.250000e+01 5.750000e+00
    endloop
  endfacet
  facet normal 7.933533e-01 6.087614e-01 0.000000e+00
    outer loop
      vertex   7.286603e+01 3.250000e+01 1.150000e+01
      vertex   7.286603e+01 3.250000e+01 5.750000e+00
      vertex   7.270711e+01 3.270711e+01 1.150000e+01
    endloop
  endfacet
  facet normal 7.933533e-01 6.087614e-01 0.000000e+00
    outer loop
      vertex   7.270711e+01 3.270711e+01 1.150000e+01
      vertex   7.286603e+01 3.250000e+01 5.750000e+00
      vertex   7.270711e+01 3.270711e+01 5.750000e+00
    endloop
  endfacet
  facet normal 6.087614e-01 7.933533e-01 0.000000e+00
    outer loop
      vertex   7.270711e+01 3.270711e+01 1.150000e+01
      vertex   7.270711e+01 3.270711e+01 5.750000e+00
      vertex   7.250000e+01 3.286603e+01 1.150000e+01
    endloop
  endfacet
  facet normal 6.087614e-01 7.933533e-01 1.504525e-15
    outer loop
      vertex   7.250000e+01 3.286603e+01 1.150000e+01
      vertex   7.270711e+01 3.270711e+01 5.750000e+00
      vertex   7.250000e+01 3.286603e+01 5.750000e+00
    endloop
  endfacet
  facet normal 3.826834e-01 9.238795e-01 9.457841e-16
    outer loop
      vertex   7.250000e+01 3.286603e+01 1.150000e+01
      vertex   7.250000e+01 3.286603e+01 5.750000e+00
      vertex   7.225882e+01 3.296593e+01 1.150000e+01
    endloop
  endfacet
  facet normal 3.826834e-01 9.238795e-01 0.000000e+00
    outer loop
      vertex   7.225882e+01 3.296593e+01 1.150000e+01
      vertex   7.250000e+01 3.286603e+01 5.750000e+00
      vertex   7.225882e+01 3.296593e+01 5.750000e+00
    endloop
  endfacet
  facet normal 7.933533e-01 6.087614e-01 0.000000e+00
    outer loop
      vertex   7.270711e+01 3.270711e+01 1.725000e+01
      vertex   7.286603e+01 3.250000e+01 1.725000e+01
      vertex   7.286603e+01 3.250000e+01 1.150000e+01
    endloop
  endfacet
  facet normal 9.238795e-01 3.826834e-01 -0.000000e+00
    outer loop
      vertex   7.286603e+01 3.250000e+01 1.150000e+01
      vertex   7.286603e+01 3.250000e+01 1.725000e+01
      vertex   7.296593e+01 3.225882e+01 1.150000e+01
    endloop
  endfacet
  facet normal 7.933533e-01 6.087614e-01 0.000000e+00
    outer loop
      vertex   7.270711e+01 3.270711e+01 1.725000e+01
      vertex   7.286603e+01 3.250000e+01 1.150000e+01
      vertex   7.270711e+01 3.270711e+01 1.150000e+01
    endloop
  endfacet
  facet normal 6.087614e-01 7.933533e-01 0.000000e+00
    outer loop
      vertex   7.250000e+01 3.286603e+01 1.725000e+01
      vertex   7.270711e+01 3.270711e+01 1.725000e+01
      vertex   7.270711e+01 3.270711e+01 1.150000e+01
    endloop
  endfacet
  facet normal 6.087614e-01 7.933533e-01 0.000000e+00
    outer loop
      vertex   7.250000e+01 3.286603e+01 1.725000e+01
      vertex   7.270711e+01 3.270711e+01 1.150000e+01
      vertex   7.250000e+01 3.286603e+01 1.150000e+01
    endloop
  endfacet
  facet normal 3.826834e-01 9.238795e-01 0.000000e+00
    outer loop
      vertex   7.225882e+01 3.296593e+01 1.725000e+01
      vertex   7.250000e+01 3.286603e+01 1.725000e+01
      vertex   7.250000e+01 3.286603e+01 1.150000e+01
    endloop
  endfacet
  facet normal 3.826834e-01 9.238795e-01 -9.457841e-16
    outer loop
      vertex   7.225882e+01 3.296593e+01 1.725000e+01
      vertex   7.250000e+01 3.286603e+01 1.150000e+01
      vertex   7.225882e+01 3.296593e+01 1.150000e+01
    endloop
  endfacet
  facet normal -1.303977e-01 -4.435481e-02 9.904691e-01
    outer loop
      vertex   -1.258819e+00 -1.000000e+00 2.396593e+01
      vertex   -1.248108e+00 -1.110813e+00 2.396237e+01
      vertex   -1.000000e+00 -1.000000e+00 2.400000e+01
    endloop
  endfacet
  facet normal -1.036987e-01 -1.036987e-01 9.891881e-01
    outer loop
      vertex   -1.000000e+00 -1.000000e+00 2.400000e+01
      vertex   -1.248108e+00 -1.110813e+00 2.396237e+01
      vertex   -1.110813e+00 -1.248108e+00 2.396237e+01
    endloop
  endfacet
  facet normal -4.435481e-02 -1.303977e-01 9.904691e-01
    outer loop
      vertex   -1.000000e+00 -1.000000e+00 2.400000e+01
      vertex   -1.110813e+00 -1.248108e+00 2.396237e+01
      vertex   -1.000000e+00 -1.258819e+00 2.396593e+01
    endloop
  endfacet
  facet normal -6.645835e-02 -3.818374e-01 9.218370e-01
    outer loop
      vertex   -1.000000e+00 -1.258819e+00 2.396593e+01
      vertex   -1.110813e+00 -1.248108e+00 2.396237e+01
      vertex   -1.000000e+00 -1.500000e+00 2.386603e+01
    endloop
  endfacet
  facet normal -1.178222e-01 -3.995626e-01 9.091026e-01
    outer loop
      vertex   -1.000000e+00 -1.500000e+00 2.386603e+01
      vertex   -1.110813e+00 -1.248108e+00 2.396237e+01
      vertex   -1.268280e+00 -1.430436e+00 2.386183e+01
    endloop
  endfacet
  facet normal -1.261909e-01 -4.328324e-01 8.925984e-01
    outer loop
      vertex   -1.000000e+00 -1.500000e+00 2.386603e+01
      vertex   -1.268280e+00 -1.430436e+00 2.386183e+01
      vertex   -1.078131e+00 -1.554261e+00 2.382867e+01
    endloop
  endfacet
  facet normal -2.448663e-01 -5.834139e-01 7.743828e-01
    outer loop
      vertex   -1.078131e+00 -1.554261e+00 2.382867e+01
      vertex   -1.268280e+00 -1.430436e+00 2.386183e+01
      vertex   -1.407464e+00 -1.583430e+00 2.370255e+01
    endloop
  endfacet
  facet normal -2.448663e-01 -5.834139e-01 7.743828e-01
    outer loop
      vertex   -1.078131e+00 -1.554261e+00 2.382867e+01
      vertex   -1.407464e+00 -1.583430e+00 2.370255e+01
      vertex   -1.201121e+00 -1.717801e+00 2.366657e+01
    endloop
  endfacet
  facet normal -3.657544e-01 -7.197061e-01 5.901245e-01
    outer loop
      vertex   -1.201121e+00 -1.717801e+00 2.366657e+01
      vertex   -1.407464e+00 -1.583430e+00 2.370255e+01
      vertex   -1.518881e+00 -1.696665e+00 2.349540e+01
    endloop
  endfacet
  facet normal -3.657544e-01 -7.197061e-01 5.901245e-01
    outer loop
      vertex   -1.201121e+00 -1.717801e+00 2.366657e+01
      vertex   -1.518881e+00 -1.696665e+00 2.349540e+01
      vertex   -1.310406e+00 -1.832423e+00 2.345904e+01
    endloop
  endfacet
  facet normal -4.620595e-01 -8.076571e-01 3.663208e-01
    outer loop
      vertex   -1.310406e+00 -1.832423e+00 2.345904e+01
      vertex   -1.518881e+00 -1.696665e+00 2.349540e+01
      vertex   -1.594936e+00 -1.762422e+00 2.325449e+01
    endloop
  endfacet
  facet normal -4.620595e-01 -8.076571e-01 3.663208e-01
    outer loop
      vertex   -1.310406e+00 -1.832423e+00 2.345904e+01
      vertex   -1.594936e+00 -1.762422e+00 2.325449e+01
      vertex   -1.398536e+00 -1.890318e+00 2.322023e+01
    endloop
  endfacet
  facet normal -5.215192e-01 -8.403810e-01 1.475718e-01
    outer loop
      vertex   -1.398536e+00 -1.890318e+00 2.322023e+01
      vertex   -1.594936e+00 -1.762422e+00 2.325449e+01
      vertex   -1.500000e+00 -1.866025e+00 2.300000e+01
    endloop
  endfacet
  facet normal -3.816287e-01 -9.213332e-01 7.419375e-02
    outer loop
      vertex   -1.398536e+00 -1.890318e+00 2.322023e+01
      vertex   -1.500000e+00 -1.866025e+00 2.300000e+01
      vertex   -1.258819e+00 -1.965926e+00 2.300000e+01
    endloop
  endfacet
  facet normal -3.818374e-01 -6.645835e-02 9.218370e-01
    outer loop
      vertex   -1.258819e+00 -1.000000e+00 2.396593e+01
      vertex   -1.500000e+00 -1.000000e+00 2.386603e+01
      vertex   -1.248108e+00 -1.110813e+00 2.396237e+01
    endloop
  endfacet
  facet normal -3.995626e-01 -1.178222e-01 9.091026e-01
    outer loop
      vertex   -1.248108e+00 -1.110813e+00 2.396237e+01
      vertex   -1.500000e+00 -1.000000e+00 2.386603e+01
      vertex   -1.430436e+00 -1.268280e+00 2.386183e+01
    endloop
  endfacet
  facet normal -2.729599e-01 -2.729599e-01 9.224889e-01
    outer loop
      vertex   -1.248108e+00 -1.110813e+00 2.396237e+01
      vertex   -1.430436e+00 -1.268280e+00 2.386183e+01
      vertex   -1.110813e+00 -1.248108e+00 2.396237e+01
    endloop
  endfacet
  facet normal -2.729599e-01 -2.729599e-01 9.224889e-01
    outer loop
      vertex   -1.110813e+00 -1.248108e+00 2.396237e+01
      vertex   -1.430436e+00 -1.268280e+00 2.386183e+01
      vertex   -1.268280e+00 -1.430436e+00 2.386183e+01
    endloop
  endfacet
  facet normal -4.328324e-01 -1.261909e-01 8.925984e-01
    outer loop
      vertex   -1.430436e+00 -1.268280e+00 2.386183e+01
      vertex   -1.500000e+00 -1.000000e+00 2.386603e+01
      vertex   -1.554261e+00 -1.078131e+00 2.382867e+01
    endloop
  endfacet
  facet normal -6.081878e-01 4.340169e-02 7.926058e-01
    outer loop
      vertex   -1.554261e+00 -1.078131e+00 2.382867e+01
      vertex   -1.500000e+00 -1.000000e+00 2.386603e+01
      vertex   -1.707107e+00 -1.000000e+00 2.370711e+01
    endloop
  endfacet
  facet normal -6.538873e-01 -1.159338e-01 7.476569e-01
    outer loop
      vertex   -1.554261e+00 -1.078131e+00 2.382867e+01
      vertex   -1.707107e+00 -1.000000e+00 2.370711e+01
      vertex   -1.717801e+00 -1.201121e+00 2.366657e+01
    endloop
  endfacet
  facet normal -7.907938e-01 -8.026201e-02 6.067974e-01
    outer loop
      vertex   -1.717801e+00 -1.201121e+00 2.366657e+01
      vertex   -1.707107e+00 -1.000000e+00 2.370711e+01
      vertex   -1.866025e+00 -1.000000e+00 2.350000e+01
    endloop
  endfacet
  facet normal -8.257119e-01 -1.607312e-01 5.407082e-01
    outer loop
      vertex   -1.717801e+00 -1.201121e+00 2.366657e+01
      vertex   -1.866025e+00 -1.000000e+00 2.350000e+01
      vertex   -1.832423e+00 -1.310406e+00 2.345904e+01
    endloop
  endfacet
  facet normal -8.447130e-01 -1.588805e-01 5.110938e-01
    outer loop
      vertex   -1.832423e+00 -1.310406e+00 2.345904e+01
      vertex   -1.866025e+00 -1.000000e+00 2.350000e+01
      vertex   -1.917502e+00 -1.084530e+00 2.338864e+01
    endloop
  endfacet
  facet normal -9.167181e-01 -2.475550e-01 3.135991e-01
    outer loop
      vertex   -1.832423e+00 -1.310406e+00 2.345904e+01
      vertex   -1.917502e+00 -1.084530e+00 2.338864e+01
      vertex   -1.970469e+00 -1.185744e+00 2.315391e+01
    endloop
  endfacet
  facet normal -9.537278e-01 -1.298391e-01 2.711922e-01
    outer loop
      vertex   -1.970469e+00 -1.185744e+00 2.315391e+01
      vertex   -1.917502e+00 -1.084530e+00 2.338864e+01
      vertex   -1.965926e+00 -1.000000e+00 2.325882e+01
    endloop
  endfacet
  facet normal -9.902339e-01 -4.940940e-02 1.303668e-01
    outer loop
      vertex   -1.970469e+00 -1.185744e+00 2.315391e+01
      vertex   -1.965926e+00 -1.000000e+00 2.325882e+01
      vertex   -2.000000e+00 -1.000000e+00 2.300000e+01
    endloop
  endfacet
  facet normal -9.223031e-01 5.839280e-02 3.820305e-01
    outer loop
      vertex   -1.866025e+00 -1.000000e+00 2.350000e+01
      vertex   -1.965926e+00 -1.000000e+00 2.325882e+01
      vertex   -1.917502e+00 -1.084530e+00 2.338864e+01
    endloop
  endfacet
  facet normal -9.909150e-01 -1.304564e-01 3.268886e-02
    outer loop
      vertex   -2.000000e+00 -1.000000e+00 2.300000e+01
      vertex   -1.965926e+00 -1.258819e+00 2.300000e+01
      vertex   -1.970469e+00 -1.185744e+00 2.315391e+01
    endloop
  endfacet
  facet normal -9.407634e-01 -3.162140e-01 1.223638e-01
    outer loop
      vertex   -1.970469e+00 -1.185744e+00 2.315391e+01
      vertex   -1.965926e+00 -1.258819e+00 2.300000e+01
      vertex   -1.890318e+00 -1.398536e+00 2.322023e+01
    endloop
  endfacet
  facet normal -9.167181e-01 -2.475550e-01 3.135991e-01
    outer loop
      vertex   -1.970469e+00 -1.185744e+00 2.315391e+01
      vertex   -1.890318e+00 -1.398536e+00 2.322023e+01
      vertex   -1.832423e+00 -1.310406e+00 2.345904e+01
    endloop
  endfacet
  facet normal -8.076571e-01 -4.620595e-01 3.663208e-01
    outer loop
      vertex   -1.832423e+00 -1.310406e+00 2.345904e+01
      vertex   -1.890318e+00 -1.398536e+00 2.322023e+01
      vertex   -1.696665e+00 -1.518881e+00 2.349540e+01
    endloop
  endfacet
  facet normal -7.197061e-01 -3.657544e-01 5.901245e-01
    outer loop
      vertex   -1.832423e+00 -1.310406e+00 2.345904e+01
      vertex   -1.696665e+00 -1.518881e+00 2.349540e+01
      vertex   -1.583430e+00 -1.407464e+00 2.370255e+01
    endloop
  endfacet
  facet normal -5.611197e-01 -5.611197e-01 6.085140e-01
    outer loop
      vertex   -1.583430e+00 -1.407464e+00 2.370255e+01
      vertex   -1.696665e+00 -1.518881e+00 2.349540e+01
      vertex   -1.407464e+00 -1.583430e+00 2.370255e+01
    endloop
  endfacet
  facet normal -4.317293e-01 -4.317293e-01 7.919720e-01
    outer loop
      vertex   -1.583430e+00 -1.407464e+00 2.370255e+01
      vertex   -1.407464e+00 -1.583430e+00 2.370255e+01
      vertex   -1.268280e+00 -1.430436e+00 2.386183e+01
    endloop
  endfacet
  facet normal -9.213332e-01 -3.816287e-01 7.419375e-02
    outer loop
      vertex   -1.965926e+00 -1.258819e+00 2.300000e+01
      vertex   -1.866025e+00 -1.500000e+00 2.300000e+01
      vertex   -1.890318e+00 -1.398536e+00 2.322023e+01
    endloop
  endfacet
  facet normal -8.403810e-01 -5.215192e-01 1.475718e-01
    outer loop
      vertex   -1.890318e+00 -1.398536e+00 2.322023e+01
      vertex   -1.866025e+00 -1.500000e+00 2.300000e+01
      vertex   -1.762422e+00 -1.594936e+00 2.325449e+01
    endloop
  endfacet
  facet normal -8.076571e-01 -4.620595e-01 3.663208e-01
    outer loop
      vertex   -1.890318e+00 -1.398536e+00 2.322023e+01
      vertex   -1.762422e+00 -1.594936e+00 2.325449e+01
      vertex   -1.696665e+00 -1.518881e+00 2.349540e+01
    endloop
  endfacet
  facet normal -6.528138e-01 -6.528138e-01 3.842763e-01
    outer loop
      vertex   -1.696665e+00 -1.518881e+00 2.349540e+01
      vertex   -1.762422e+00 -1.594936e+00 2.325449e+01
      vertex   -1.518881e+00 -1.696665e+00 2.349540e+01
    endloop
  endfacet
  facet normal -5.611197e-01 -5.611197e-01 6.085140e-01
    outer loop
      vertex   -1.696665e+00 -1.518881e+00 2.349540e+01
      vertex   -1.518881e+00 -1.696665e+00 2.349540e+01
      vertex   -1.407464e+00 -1.583430e+00 2.370255e+01
    endloop
  endfacet
  facet normal -7.897316e-01 -6.059824e-01 9.544300e-02
    outer loop
      vertex   -1.866025e+00 -1.500000e+00 2.300000e+01
      vertex   -1.707107e+00 -1.707107e+00 2.300000e+01
      vertex   -1.762422e+00 -1.594936e+00 2.325449e+01
    endloop
  endfacet
  facet normal -6.984452e-01 -6.984452e-01 1.560404e-01
    outer loop
      vertex   -1.762422e+00 -1.594936e+00 2.325449e+01
      vertex   -1.707107e+00 -1.707107e+00 2.300000e+01
      vertex   -1.594936e+00 -1.762422e+00 2.325449e+01
    endloop
  endfacet
  facet normal -6.528138e-01 -6.528138e-01 3.842763e-01
    outer loop
      vertex   -1.762422e+00 -1.594936e+00 2.325449e+01
      vertex   -1.594936e+00 -1.762422e+00 2.325449e+01
      vertex   -1.518881e+00 -1.696665e+00 2.349540e+01
    endloop
  endfacet
  facet normal -6.059824e-01 -7.897316e-01 9.544300e-02
    outer loop
      vertex   -1.707107e+00 -1.707107e+00 2.300000e+01
      vertex   -1.500000e+00 -1.866025e+00 2.300000e+01
      vertex   -1.594936e+00 -1.762422e+00 2.325449e+01
    endloop
  endfacet
  facet normal -3.162140e-01 -9.407634e-01 1.223638e-01
    outer loop
      vertex   -1.398536e+00 -1.890318e+00 2.322023e+01
      vertex   -1.258819e+00 -1.965926e+00 2.300000e+01
      vertex   -1.185744e+00 -1.970469e+00 2.315391e+01
    endloop
  endfacet
  facet normal -1.304564e-01 -9.909150e-01 3.268886e-02
    outer loop
      vertex   -1.185744e+00 -1.970469e+00 2.315391e+01
      vertex   -1.258819e+00 -1.965926e+00 2.300000e+01
      vertex   -1.000000e+00 -2.000000e+00 2.300000e+01
    endloop
  endfacet
  facet normal -4.940940e-02 -9.902339e-01 1.303668e-01
    outer loop
      vertex   -1.185744e+00 -1.970469e+00 2.315391e+01
      vertex   -1.000000e+00 -2.000000e+00 2.300000e+01
      vertex   -1.000000e+00 -1.965926e+00 2.325882e+01
    endloop
  endfacet
  facet normal -1.298391e-01 -9.537278e-01 2.711922e-01
    outer loop
      vertex   -1.185744e+00 -1.970469e+00 2.315391e+01
      vertex   -1.000000e+00 -1.965926e+00 2.325882e+01
      vertex   -1.084530e+00 -1.917502e+00 2.338864e+01
    endloop
  endfacet
  facet normal 5.839280e-02 -9.223031e-01 3.820305e-01
    outer loop
      vertex   -1.084530e+00 -1.917502e+00 2.338864e+01
      vertex   -1.000000e+00 -1.965926e+00 2.325882e+01
      vertex   -1.000000e+00 -1.866025e+00 2.350000e+01
    endloop
  endfacet
  facet normal -1.588805e-01 -8.447130e-01 5.110938e-01
    outer loop
      vertex   -1.084530e+00 -1.917502e+00 2.338864e+01
      vertex   -1.000000e+00 -1.866025e+00 2.350000e+01
      vertex   -1.310406e+00 -1.832423e+00 2.345904e+01
    endloop
  endfacet
  facet normal -1.607312e-01 -8.257119e-01 5.407082e-01
    outer loop
      vertex   -1.310406e+00 -1.832423e+00 2.345904e+01
      vertex   -1.000000e+00 -1.866025e+00 2.350000e+01
      vertex   -1.201121e+00 -1.717801e+00 2.366657e+01
    endloop
  endfacet
  facet normal -8.026201e-02 -7.907938e-01 6.067974e-01
    outer loop
      vertex   -1.000000e+00 -1.866025e+00 2.350000e+01
      vertex   -1.000000e+00 -1.707107e+00 2.370711e+01
      vertex   -1.201121e+00 -1.717801e+00 2.366657e+01
    endloop
  endfacet
  facet normal -1.159338e-01 -6.538873e-01 7.476569e-01
    outer loop
      vertex   -1.201121e+00 -1.717801e+00 2.366657e+01
      vertex   -1.000000e+00 -1.707107e+00 2.370711e+01
      vertex   -1.078131e+00 -1.554261e+00 2.382867e+01
    endloop
  endfacet
  facet normal 4.340169e-02 -6.081878e-01 7.926058e-01
    outer loop
      vertex   -1.000000e+00 -1.707107e+00 2.370711e+01
      vertex   -1.000000e+00 -1.500000e+00 2.386603e+01
      vertex   -1.078131e+00 -1.554261e+00 2.382867e+01
    endloop
  endfacet
  facet normal -4.317293e-01 -4.317293e-01 7.919720e-01
    outer loop
      vertex   -1.583430e+00 -1.407464e+00 2.370255e+01
      vertex   -1.268280e+00 -1.430436e+00 2.386183e+01
      vertex   -1.430436e+00 -1.268280e+00 2.386183e+01
    endloop
  endfacet
  facet normal -5.834139e-01 -2.448663e-01 7.743828e-01
    outer loop
      vertex   -1.554261e+00 -1.078131e+00 2.382867e+01
      vertex   -1.717801e+00 -1.201121e+00 2.366657e+01
      vertex   -1.430436e+00 -1.268280e+00 2.386183e+01
    endloop
  endfacet
  facet normal -5.834139e-01 -2.448663e-01 7.743828e-01
    outer loop
      vertex   -1.430436e+00 -1.268280e+00 2.386183e+01
      vertex   -1.717801e+00 -1.201121e+00 2.366657e+01
      vertex   -1.583430e+00 -1.407464e+00 2.370255e+01
    endloop
  endfacet
  facet normal -7.197061e-01 -3.657544e-01 5.901245e-01
    outer loop
      vertex   -1.717801e+00 -1.201121e+00 2.366657e+01
      vertex   -1.832423e+00 -1.310406e+00 2.345904e+01
      vertex   -1.583430e+00 -1.407464e+00 2.370255e+01
    endloop
  endfacet
  facet normal -2.475550e-01 -9.167181e-01 3.135991e-01
    outer loop
      vertex   -1.084530e+00 -1.917502e+00 2.338864e+01
      vertex   -1.310406e+00 -1.832423e+00 2.345904e+01
      vertex   -1.398536e+00 -1.890318e+00 2.322023e+01
    endloop
  endfacet
  facet normal -2.475550e-01 -9.167181e-01 3.135991e-01
    outer loop
      vertex   -1.185744e+00 -1.970469e+00 2.315391e+01
      vertex   -1.084530e+00 -1.917502e+00 2.338864e+01
      vertex   -1.398536e+00 -1.890318e+00 2.322023e+01
    endloop
  endfacet
  facet normal -9.914449e-01 -1.305262e-01 -7.657217e-17
    outer loop
      vertex   -1.965926e+00 -1.258819e+00 0.000000e+00
      vertex   -1.965926e+00 -1.258819e+00 5.750000e+00
      vertex   -2.000000e+00 -1.000000e+00 0.000000e+00
    endloop
  endfacet
  facet normal -9.914449e-01 -1.305262e-01 0.000000e+00
    outer loop
      vertex   -2.000000e+00 -1.000000e+00 0.000000e+00
      vertex   -1.965926e+00 -1.258819e+00 5.750000e+00
      vertex   -1.965926e+00 -1.258819e+00 1.150000e+01
    endloop
  endfacet
  facet normal -9.914449e-01 -1.305262e-01 0.000000e+00
    outer loop
      vertex   -2.000000e+00 -1.000000e+00 0.000000e+00
      vertex   -1.965926e+00 -1.258819e+00 1.150000e+01
      vertex   -2.000000e+00 -1.000000e+00 2.300000e+01
    endloop
  endfacet
  facet normal -9.914449e-01 -1.305262e-01 0.000000e+00
    outer loop
      vertex   -2.000000e+00 -1.000000e+00 2.300000e+01
      vertex   -1.965926e+00 -1.258819e+00 1.150000e+01
      vertex   -1.965926e+00 -1.258819e+00 1.725000e+01
    endloop
  endfacet
  facet normal -9.914449e-01 -1.305262e-01 -1.583271e-16
    outer loop
      vertex   -2.000000e+00 -1.000000e+00 2.300000e+01
      vertex   -1.965926e+00 -1.258819e+00 1.725000e+01
      vertex   -1.965926e+00 -1.258819e+00 2.300000e+01
    endloop
  endfacet
  facet normal -9.238795e-01 -3.826834e-01 -1.574857e-16
    outer loop
      vertex   -1.965926e+00 -1.258819e+00 2.300000e+01
      vertex   -1.965926e+00 -1.258819e+00 1.725000e+01
      vertex   -1.866025e+00 -1.500000e+00 2.300000e+01
    endloop
  endfacet
  facet normal -9.238795e-01 -3.826834e-01 -1.722636e-16
    outer loop
      vertex   -1.866025e+00 -1.500000e+00 2.300000e+01
      vertex   -1.965926e+00 -1.258819e+00 1.725000e+01
      vertex   -1.866025e+00 -1.500000e+00 1.725000e+01
    endloop
  endfacet
  facet normal -7.933533e-01 -6.087614e-01 -1.695624e-16
    outer loop
      vertex   -1.866025e+00 -1.500000e+00 2.300000e+01
      vertex   -1.866025e+00 -1.500000e+00 1.725000e+01
      vertex   -1.707107e+00 -1.707107e+00 2.300000e+01
    endloop
  endfacet
  facet normal -7.933533e-01 -6.087614e-01 -1.624341e-16
    outer loop
      vertex   -1.707107e+00 -1.707107e+00 2.300000e+01
      vertex   -1.866025e+00 -1.500000e+00 1.725000e+01
      vertex   -1.707107e+00 -1.707107e+00 1.725000e+01
    endloop
  endfacet
  facet normal -6.087614e-01 -7.933533e-01 -1.624341e-16
    outer loop
      vertex   -1.707107e+00 -1.707107e+00 2.300000e+01
      vertex   -1.707107e+00 -1.707107e+00 1.725000e+01
      vertex   -1.500000e+00 -1.866025e+00 2.300000e+01
    endloop
  endfacet
  facet normal -6.087614e-01 -7.933533e-01 -1.460542e-16
    outer loop
      vertex   -1.500000e+00 -1.866025e+00 2.300000e+01
      vertex   -1.707107e+00 -1.707107e+00 1.725000e+01
      vertex   -1.500000e+00 -1.866025e+00 1.725000e+01
    endloop
  endfacet
  facet normal -3.826834e-01 -9.238795e-01 -1.574857e-16
    outer loop
      vertex   -1.500000e+00 -1.866025e+00 2.300000e+01
      vertex   -1.500000e+00 -1.866025e+00 1.725000e+01
      vertex   -1.258819e+00 -1.965926e+00 2.300000e+01
    endloop
  endfacet
  facet normal -3.826834e-01 -9.238795e-01 -1.574857e-16
    outer loop
      vertex   -1.258819e+00 -1.965926e+00 2.300000e+01
      vertex   -1.500000e+00 -1.866025e+00 1.725000e+01
      vertex   -1.258819e+00 -1.965926e+00 1.725000e+01
    endloop
  endfacet
  facet normal -1.305262e-01 -9.914449e-01 -1.581848e-16
    outer loop
      vertex   -1.258819e+00 -1.965926e+00 2.300000e+01
      vertex   -1.258819e+00 -1.965926e+00 1.725000e+01
      vertex   -1.000000e+00 -2.000000e+00 2.300000e+01
    endloop
  endfacet
  facet normal -1.305262e-01 -9.914449e-01 7.165169e-17
    outer loop
      vertex   -1.000000e+00 -2.000000e+00 2.300000e+01
      vertex   -1.258819e+00 -1.965926e+00 1.725000e+01
      vertex   -1.258819e+00 -1.965926e+00 1.150000e+01
    endloop
  endfacet
  facet normal -1.305262e-01 -9.914449e-01 -3.780344e-18
    outer loop
      vertex   -1.000000e+00 -2.000000e+00 2.300000e+01
      vertex   -1.258819e+00 -1.965926e+00 1.150000e+01
      vertex   -1.000000e+00 -2.000000e+00 0.000000e+00
    endloop
  endfacet
  facet normal -1.305262e-01 -9.914449e-01 -7.627438e-17
    outer loop
      vertex   -1.000000e+00 -2.000000e+00 0.000000e+00
      vertex   -1.258819e+00 -1.965926e+00 1.150000e+01
      vertex   -1.258819e+00 -1.965926e+00 5.750000e+00
    endloop
  endfacet
  facet normal -1.305262e-01 -9.914449e-01 7.627438e-17
    outer loop
      vertex   -1.000000e+00 -2.000000e+00 0.000000e+00
      vertex   -1.258819e+00 -1.965926e+00 5.750000e+00
      vertex   -1.258819e+00 -1.965926e+00 0.000000e+00
    endloop
  endfacet
  facet normal -3.826834e-01 -9.238795e-01 7.135390e-17
    outer loop
      vertex   -1.258819e+00 -1.965926e+00 0.000000e+00
      vertex   -1.258819e+00 -1.965926e+00 5.750000e+00
      vertex   -1.500000e+00 -1.866025e+00 0.000000e+00
    endloop
  endfacet
  facet normal -3.826834e-01 -9.238795e-01 0.000000e+00
    outer loop
      vertex   -1.500000e+00 -1.866025e+00 0.000000e+00
      vertex   -1.258819e+00 -1.965926e+00 5.750000e+00
      vertex   -1.500000e+00 -1.866025e+00 5.750000e+00
    endloop
  endfacet
  facet normal -6.087614e-01 -7.933533e-01 0.000000e+00
    outer loop
      vertex   -1.500000e+00 -1.866025e+00 0.000000e+00
      vertex   -1.500000e+00 -1.866025e+00 5.750000e+00
      vertex   -1.707107e+00 -1.707107e+00 0.000000e+00
    endloop
  endfacet
  facet normal -6.087614e-01 -7.933533e-01 0.000000e+00
    outer loop
      vertex   -1.707107e+00 -1.707107e+00 0.000000e+00
      vertex   -1.500000e+00 -1.866025e+00 5.750000e+00
      vertex   -1.707107e+00 -1.707107e+00 5.750000e+00
    endloop
  endfacet
  facet normal -7.933533e-01 -6.087614e-01 0.000000e+00
    outer loop
      vertex   -1.707107e+00 -1.707107e+00 0.000000e+00
      vertex   -1.707107e+00 -1.707107e+00 5.750000e+00
      vertex   -1.866025e+00 -1.500000e+00 0.000000e+00
    endloop
  endfacet
  facet normal -7.933533e-01 -6.087614e-01 3.063649e-17
    outer loop
      vertex   -1.866025e+00 -1.500000e+00 0.000000e+00
      vertex   -1.707107e+00 -1.707107e+00 5.750000e+00
      vertex   -1.866025e+00 -1.500000e+00 5.750000e+00
    endloop
  endfacet
  facet normal -9.238795e-01 -3.826834e-01 3.567695e-17
    outer loop
      vertex   -1.866025e+00 -1.500000e+00 0.000000e+00
      vertex   -1.866025e+00 -1.500000e+00 5.750000e+00
      vertex   -1.965926e+00 -1.258819e+00 0.000000e+00
    endloop
  endfacet
  facet normal -9.238795e-01 -3.826834e-01 -7.135390e-17
    outer loop
      vertex   -1.965926e+00 -1.258819e+00 0.000000e+00
      vertex   -1.866025e+00 -1.500000e+00 5.750000e+00
      vertex   -1.965926e+00 -1.258819e+00 5.750000e+00
    endloop
  endfacet
  facet normal -9.238795e-01 -3.826834e-01 0.000000e+00
    outer loop
      vertex   -1.866025e+00 -1.500000e+00 1.725000e+01
      vertex   -1.965926e+00 -1.258819e+00 1.725000e+01
      vertex   -1.965926e+00 -1.258819e+00 1.150000e+01
    endloop
  endfacet
  facet normal -9.238795e-01 -3.826834e-01 -0.000000e+00
    outer loop
      vertex   -1.965926e+00 -1.258819e+00 1.150000e+01
      vertex   -1.965926e+00 -1.258819e+00 5.750000e+00
      vertex   -1.866025e+00 -1.500000e+00 1.150000e+01
    endloop
  endfacet
  facet normal -9.238795e-01 -3.826834e-01 -0.000000e+00
    outer loop
      vertex   -1.866025e+00 -1.500000e+00 1.150000e+01
      vertex   -1.965926e+00 -1.258819e+00 5.750000e+00
      vertex   -1.866025e+00 -1.500000e+00 5.750000e+00
    endloop
  endfacet
  facet normal -7.933533e-01 -6.087614e-01 -0.000000e+00
    outer loop
      vertex   -1.866025e+00 -1.500000e+00 1.150000e+01
      vertex   -1.866025e+00 -1.500000e+00 5.750000e+00
      vertex   -1.707107e+00 -1.707107e+00 1.150000e+01
    endloop
  endfacet
  facet normal -7.933533e-01 -6.087614e-01 -7.128285e-18
    outer loop
      vertex   -1.707107e+00 -1.707107e+00 1.150000e+01
      vertex   -1.866025e+00 -1.500000e+00 5.750000e+00
      vertex   -1.707107e+00 -1.707107e+00 5.750000e+00
    endloop
  endfacet
  facet normal -6.087614e-01 -7.933533e-01 7.128285e-18
    outer loop
      vertex   -1.707107e+00 -1.707107e+00 1.150000e+01
      vertex   -1.707107e+00 -1.707107e+00 5.750000e+00
      vertex   -1.500000e+00 -1.866025e+00 1.150000e+01
    endloop
  endfacet
  facet normal -6.087614e-01 -7.933533e-01 -0.000000e+00
    outer loop
      vertex   -1.500000e+00 -1.866025e+00 1.150000e+01
      vertex   -1.707107e+00 -1.707107e+00 5.750000e+00
      vertex   -1.500000e+00 -1.866025e+00 5.750000e+00
    endloop
  endfacet
  facet normal -3.826834e-01 -9.238795e-01 -0.000000e+00
    outer loop
      vertex   -1.500000e+00 -1.866025e+00 1.150000e+01
      vertex   -1.500000e+00 -1.866025e+00 5.750000e+00
      vertex   -1.258819e+00 -1.965926e+00 1.150000e+01
    endloop
  endfacet
  facet normal -3.826834e-01 -9.238795e-01 -7.135390e-17
    outer loop
      vertex   -1.258819e+00 -1.965926e+00 1.150000e+01
      vertex   -1.500000e+00 -1.866025e+00 5.750000e+00
      vertex   -1.258819e+00 -1.965926e+00 5.750000e+00
    endloop
  endfacet
  facet normal -7.933533e-01 -6.087614e-01 0.000000e+00
    outer loop
      vertex   -1.707107e+00 -1.707107e+00 1.725000e+01
      vertex   -1.866025e+00 -1.500000e+00 1.725000e+01
      vertex   -1.866025e+00 -1.500000e+00 1.150000e+01
    endloop
  endfacet
  facet normal -9.238795e-01 -3.826834e-01 0.000000e+00
    outer loop
      vertex   -1.866025e+00 -1.500000e+00 1.150000e+01
      vertex   -1.866025e+00 -1.500000e+00 1.725000e+01
      vertex   -1.965926e+00 -1.258819e+00 1.150000e+01
    endloop
  endfacet
  facet normal -7.933533e-01 -6.087614e-01 -0.000000e+00
    outer loop
      vertex   -1.707107e+00 -1.707107e+00 1.725000e+01
      vertex   -1.866025e+00 -1.500000e+00 1.150000e+01
      vertex   -1.707107e+00 -1.707107e+00 1.150000e+01
    endloop
  endfacet
  facet normal -6.087614e-01 -7.933533e-01 0.000000e+00
    outer loop
      vertex   -1.500000e+00 -1.866025e+00 1.725000e+01
      vertex   -1.707107e+00 -1.707107e+00 1.725000e+01
      vertex   -1.707107e+00 -1.707107e+00 1.150000e+01
    endloop
  endfacet
  facet normal -6.087614e-01 -7.933533e-01 -3.988813e-17
    outer loop
      vertex   -1.500000e+00 -1.866025e+00 1.725000e+01
      vertex   -1.707107e+00 -1.707107e+00 1.150000e+01
      vertex   -1.500000e+00 -1.866025e+00 1.150000e+01
    endloop
  endfacet
  facet normal -3.826834e-01 -9.238795e-01 -6.934034e-18
    outer loop
      vertex   -1.258819e+00 -1.965926e+00 1.725000e+01
      vertex   -1.500000e+00 -1.866025e+00 1.725000e+01
      vertex   -1.500000e+00 -1.866025e+00 1.150000e+01
    endloop
  endfacet
  facet normal -3.826834e-01 -9.238795e-01 5.657602e-17
    outer loop
      vertex   -1.258819e+00 -1.965926e+00 1.725000e+01
      vertex   -1.500000e+00 -1.866025e+00 1.150000e+01
      vertex   -1.258819e+00 -1.965926e+00 1.150000e+01
    endloop
  endfacet
  facet normal 3.920390e-17 -9.914449e-01 1.305262e-01
    outer loop
      vertex   7.200000e+01 -1.965926e+00 2.325882e+01
      vertex   6.638462e+01 -1.965926e+00 2.325882e+01
      vertex   7.200000e+01 -2.000000e+00 2.300000e+01
    endloop
  endfacet
  facet normal 0.000000e+00 -9.914449e-01 1.305262e-01
    outer loop
      vertex   7.200000e+01 -2.000000e+00 2.300000e+01
      vertex   6.638462e+01 -1.965926e+00 2.325882e+01
      vertex   6.076923e+01 -1.965926e+00 2.325882e+01
    endloop
  endfacet
  facet normal 0.000000e+00 -9.914449e-01 1.305262e-01
    outer loop
      vertex   7.200000e+01 -2.000000e+00 2.300000e+01
      vertex   6.076923e+01 -1.965926e+00 2.325882e+01
      vertex   5.515385e+01 -1.965926e+00 2.325882e+01
    endloop
  endfacet
  facet normal 0.000000e+00 -9.238795e-01 3.826834e-01
    outer loop
      vertex   5.515385e+01 -1.965926e+00 2.325882e+01
      vertex   6.076923e+01 -1.965926e+00 2.325882e+01
      vertex   5.515385e+01 -1.866025e+00 2.350000e+01
    endloop
  endfacet
  facet normal 0.000000e+00 -9.238795e-01 3.826834e-01
    outer loop
      vertex   5.515385e+01 -1.965926e+00 2.325882e+01
      vertex   5.515385e+01 -1.866025e+00 2.350000e+01
      vertex   4.953846e+01 -1.866025e+00 2.350000e+01
    endloop
  endfacet
  facet normal 0.000000e+00 -7.933533e-01 6.087614e-01
    outer loop
      vertex   4.953846e+01 -1.866025e+00 2.350000e+01
      vertex   5.515385e+01 -1.866025e+00 2.350000e+01
      vertex   4.953846e+01 -1.707107e+00 2.370711e+01
    endloop
  endfacet
  facet normal 0.000000e+00 -7.933533e-01 6.087614e-01
    outer loop
      vertex   4.953846e+01 -1.866025e+00 2.350000e+01
      vertex   4.953846e+01 -1.707107e+00 2.370711e+01
      vertex   4.392308e+01 -1.707107e+00 2.370711e+01
    endloop
  endfacet
  facet normal 0.000000e+00 -6.087614e-01 7.933533e-01
    outer loop
      vertex   4.392308e+01 -1.707107e+00 2.370711e+01
      vertex   4.953846e+01 -1.707107e+00 2.370711e+01
      vertex   4.392308e+01 -1.500000e+00 2.386603e+01
    endloop
  endfacet
  facet normal 2.840105e-17 -6.087614e-01 7.933533e-01
    outer loop
      vertex   4.392308e+01 -1.707107e+00 2.370711e+01
      vertex   4.392308e+01 -1.500000e+00 2.386603e+01
      vertex   3.830769e+01 -1.500000e+00 2.386603e+01
    endloop
  endfacet
  facet normal 1.513214e-17 -3.826834e-01 9.238795e-01
    outer loop
      vertex   3.830769e+01 -1.500000e+00 2.386603e+01
      vertex   4.392308e+01 -1.500000e+00 2.386603e+01
      vertex   3.830769e+01 -1.258819e+00 2.396593e+01
    endloop
  endfacet
  facet normal 0.000000e+00 -3.826834e-01 9.238795e-01
    outer loop
      vertex   3.830769e+01 -1.500000e+00 2.386603e+01
      vertex   3.830769e+01 -1.258819e+00 2.396593e+01
      vertex   3.269231e+01 -1.258819e+00 2.396593e+01
    endloop
  endfacet
  facet normal 0.000000e+00 -1.305262e-01 9.914449e-01
    outer loop
      vertex   3.269231e+01 -1.258819e+00 2.396593e+01
      vertex   3.830769e+01 -1.258819e+00 2.396593e+01
      vertex   -1.000000e+00 -1.000000e+00 2.400000e+01
    endloop
  endfacet
  facet normal 0.000000e+00 -1.305262e-01 9.914449e-01
    outer loop
      vertex   3.269231e+01 -1.258819e+00 2.396593e+01
      vertex   -1.000000e+00 -1.000000e+00 2.400000e+01
      vertex   2.707692e+01 -1.258819e+00 2.396593e+01
    endloop
  endfacet
  facet normal -5.161291e-18 -1.305262e-01 9.914449e-01
    outer loop
      vertex   2.707692e+01 -1.258819e+00 2.396593e+01
      vertex   -1.000000e+00 -1.000000e+00 2.400000e+01
      vertex   2.146154e+01 -1.258819e+00 2.396593e+01
    endloop
  endfacet
  facet normal -1.513214e-17 -3.826834e-01 9.238795e-01
    outer loop
      vertex   2.707692e+01 -1.258819e+00 2.396593e+01
      vertex   2.146154e+01 -1.258819e+00 2.396593e+01
      vertex   2.707692e+01 -1.500000e+00 2.386603e+01
    endloop
  endfacet
  facet normal 0.000000e+00 -3.826834e-01 9.238795e-01
    outer loop
      vertex   2.707692e+01 -1.500000e+00 2.386603e+01
      vertex   2.146154e+01 -1.258819e+00 2.396593e+01
      vertex   2.146154e+01 -1.500000e+00 2.386603e+01
    endloop
  endfacet
  facet normal 0.000000e+00 -6.087614e-01 7.933533e-01
    outer loop
      vertex   2.707692e+01 -1.500000e+00 2.386603e+01
      vertex   2.146154e+01 -1.500000e+00 2.386603e+01
      vertex   2.707692e+01 -1.707107e+00 2.370711e+01
    endloop
  endfacet
  facet normal 0.000000e+00 -6.087614e-01 7.933533e-01
    outer loop
      vertex   2.707692e+01 -1.707107e+00 2.370711e+01
      vertex   2.146154e+01 -1.500000e+00 2.386603e+01
      vertex   2.146154e+01 -1.707107e+00 2.370711e+01
    endloop
  endfacet
  facet normal 0.000000e+00 -7.933533e-01 6.087614e-01
    outer loop
      vertex   2.707692e+01 -1.707107e+00 2.370711e+01
      vertex   2.146154e+01 -1.707107e+00 2.370711e+01
      vertex   2.707692e+01 -1.866025e+00 2.350000e+01
    endloop
  endfacet
  facet normal 0.000000e+00 -7.933533e-01 6.087614e-01
    outer loop
      vertex   2.707692e+01 -1.866025e+00 2.350000e+01
      vertex   2.146154e+01 -1.707107e+00 2.370711e+01
      vertex   2.146154e+01 -1.866025e+00 2.350000e+01
    endloop
  endfacet
  facet normal 0.000000e+00 -9.238795e-01 3.826834e-01
    outer loop
      vertex   2.707692e+01 -1.866025e+00 2.350000e+01
      vertex   2.146154e+01 -1.866025e+00 2.350000e+01
      vertex   2.707692e+01 -1.965926e+00 2.325882e+01
    endloop
  endfacet
  facet normal 0.000000e+00 -9.238795e-01 3.826834e-01
    outer loop
      vertex   2.707692e+01 -1.965926e+00 2.325882e+01
      vertex   2.146154e+01 -1.866025e+00 2.350000e+01
      vertex   2.146154e+01 -1.965926e+00 2.325882e+01
    endloop
  endfacet
  facet normal 0.000000e+00 -9.914449e-01 1.305262e-01
    outer loop
      vertex   2.707692e+01 -1.965926e+00 2.325882e+01
      vertex   2.146154e+01 -1.965926e+00 2.325882e+01
      vertex   -1.000000e+00 -2.000000e+00 2.300000e+01
    endloop
  endfacet
  facet normal 0.000000e+00 -9.914449e-01 1.305262e-01
    outer loop
      vertex   -1.000000e+00 -2.000000e+00 2.300000e+01
      vertex   2.146154e+01 -1.965926e+00 2.325882e+01
      vertex   1.584615e+01 -1.965926e+00 2.325882e+01
    endloop
  endfacet
  facet normal 0.000000e+00 -9.914449e-01 1.305262e-01
    outer loop
      vertex   -1.000000e+00 -2.000000e+00 2.300000e+01
      vertex   1.584615e+01 -1.965926e+00 2.325882e+01
      vertex   1.023077e+01 -1.965926e+00 2.325882e+01
    endloop
  endfacet
  facet normal 0.000000e+00 -9.238795e-01 3.826834e-01
    outer loop
      vertex   1.023077e+01 -1.965926e+00 2.325882e+01
      vertex   1.584615e+01 -1.965926e+00 2.325882e+01
      vertex   1.023077e+01 -1.866025e+00 2.350000e+01
    endloop
  endfacet
  facet normal 0.000000e+00 -9.238795e-01 3.826834e-01
    outer loop
      vertex   1.023077e+01 -1.965926e+00 2.325882e+01
      vertex   1.023077e+01 -1.866025e+00 2.350000e+01
      vertex   4.615385e+00 -1.866025e+00 2.350000e+01
    endloop
  endfacet
  facet normal 0.000000e+00 -7.933533e-01 6.087614e-01
    outer loop
      vertex   4.615385e+00 -1.866025e+00 2.350000e+01
      vertex   1.023077e+01 -1.866025e+00 2.350000e+01
      vertex   4.615385e+00 -1.707107e+00 2.370711e+01
    endloop
  endfacet
  facet normal -3.313455e-17 -7.933533e-01 6.087614e-01
    outer loop
      vertex   4.615385e+00 -1.866025e+00 2.350000e+01
      vertex   4.615385e+00 -1.707107e+00 2.370711e+01
      vertex   -1.000000e+00 -1.707107e+00 2.370711e+01
    endloop
  endfacet
  facet normal -2.407176e-17 -6.087614e-01 7.933533e-01
    outer loop
      vertex   -1.000000e+00 -1.707107e+00 2.370711e+01
      vertex   4.615385e+00 -1.707107e+00 2.370711e+01
      vertex   -1.000000e+00 -1.500000e+00 2.386603e+01
    endloop
  endfacet
  facet normal 0.000000e+00 -6.087614e-01 7.933533e-01
    outer loop
      vertex   -1.000000e+00 -1.500000e+00 2.386603e+01
      vertex   4.615385e+00 -1.707107e+00 2.370711e+01
      vertex   4.615385e+00 -1.500000e+00 2.386603e+01
    endloop
  endfacet
  facet normal 0.000000e+00 -3.826834e-01 9.238795e-01
    outer loop
      vertex   -1.000000e+00 -1.500000e+00 2.386603e+01
      vertex   4.615385e+00 -1.500000e+00 2.386603e+01
      vertex   -1.000000e+00 -1.258819e+00 2.396593e+01
    endloop
  endfacet
  facet normal 6.147798e-16 -3.826834e-01 9.238795e-01
    outer loop
      vertex   -1.000000e+00 -1.258819e+00 2.396593e+01
      vertex   4.615385e+00 -1.500000e+00 2.386603e+01
      vertex   4.615385e+00 -1.258819e+00 2.396593e+01
    endloop
  endfacet
  facet normal 6.375850e-16 -1.305262e-01 9.914449e-01
    outer loop
      vertex   -1.000000e+00 -1.258819e+00 2.396593e+01
      vertex   4.615385e+00 -1.258819e+00 2.396593e+01
      vertex   -1.000000e+00 -1.000000e+00 2.400000e+01
    endloop
  endfacet
  facet normal 0.000000e+00 -1.305262e-01 9.914449e-01
    outer loop
      vertex   -1.000000e+00 -1.000000e+00 2.400000e+01
      vertex   4.615385e+00 -1.258819e+00 2.396593e+01
      vertex   1.023077e+01 -1.258819e+00 2.396593e+01
    endloop
  endfacet
  facet normal 0.000000e+00 -1.305262e-01 9.914449e-01
    outer loop
      vertex   -1.000000e+00 -1.000000e+00 2.400000e+01
      vertex   1.023077e+01 -1.258819e+00 2.396593e+01
      vertex   1.584615e+01 -1.258819e+00 2.396593e+01
    endloop
  endfacet
  facet normal 0.000000e+00 -3.826834e-01 9.238795e-01
    outer loop
      vertex   1.584615e+01 -1.258819e+00 2.396593e+01
      vertex   1.023077e+01 -1.258819e+00 2.396593e+01
      vertex   1.584615e+01 -1.500000e+00 2.386603e+01
    endloop
  endfacet
  facet normal 0.000000e+00 -3.826834e-01 9.238795e-01
    outer loop
      vertex   1.584615e+01 -1.258819e+00 2.396593e+01
      vertex   1.584615e+01 -1.500000e+00 2.386603e+01
      vertex   2.146154e+01 -1.500000e+00 2.386603e+01
    endloop
  endfacet
  facet normal 0.000000e+00 -6.087614e-01 7.933533e-01
    outer loop
      vertex   2.146154e+01 -1.500000e+00 2.386603e+01
      vertex   1.584615e+01 -1.500000e+00 2.386603e+01
      vertex   2.146154e+01 -1.707107e+00 2.370711e+01
    endloop
  endfacet
  facet normal 3.653222e-17 -9.238795e-01 3.826834e-01
    outer loop
      vertex   6.638462e+01 -1.965926e+00 2.325882e+01
      vertex   7.200000e+01 -1.965926e+00 2.325882e+01
      vertex   6.638462e+01 -1.866025e+00 2.350000e+01
    endloop
  endfacet
  facet normal 1.461289e-16 -9.238795e-01 3.826834e-01
    outer loop
      vertex   6.638462e+01 -1.866025e+00 2.350000e+01
      vertex   7.200000e+01 -1.965926e+00 2.325882e+01
      vertex   7.200000e+01 -1.866025e+00 2.350000e+01
    endloop
  endfacet
  facet normal 1.254837e-16 -7.933533e-01 6.087614e-01
    outer loop
      vertex   6.638462e+01 -1.866025e+00 2.350000e+01
      vertex   7.200000e+01 -1.866025e+00 2.350000e+01
      vertex   6.638462e+01 -1.707107e+00 2.370711e+01
    endloop
  endfacet
  facet normal 1.254837e-16 -7.933533e-01 6.087614e-01
    outer loop
      vertex   6.638462e+01 -1.707107e+00 2.370711e+01
      vertex   7.200000e+01 -1.866025e+00 2.350000e+01
      vertex   7.200000e+01 -1.707107e+00 2.370711e+01
    endloop
  endfacet
  facet normal 9.628704e-17 -6.087614e-01 7.933533e-01
    outer loop
      vertex   6.638462e+01 -1.707107e+00 2.370711e+01
      vertex   7.200000e+01 -1.707107e+00 2.370711e+01
      vertex   6.638462e+01 -1.500000e+00 2.386603e+01
    endloop
  endfacet
  facet normal 0.000000e+00 -6.087614e-01 7.933533e-01
    outer loop
      vertex   6.638462e+01 -1.500000e+00 2.386603e+01
      vertex   7.200000e+01 -1.707107e+00 2.370711e+01
      vertex   7.200000e+01 -1.500000e+00 2.386603e+01
    endloop
  endfacet
  facet normal 0.000000e+00 -3.826834e-01 9.238795e-01
    outer loop
      vertex   6.638462e+01 -1.500000e+00 2.386603e+01
      vertex   7.200000e+01 -1.500000e+00 2.386603e+01
      vertex   6.638462e+01 -1.258819e+00 2.396593e+01
    endloop
  endfacet
  facet normal 3.026428e-17 -3.826834e-01 9.238795e-01
    outer loop
      vertex   6.638462e+01 -1.258819e+00 2.396593e+01
      vertex   7.200000e+01 -1.500000e+00 2.386603e+01
      vertex   7.200000e+01 -1.258819e+00 2.396593e+01
    endloop
  endfacet
  facet normal 1.032258e-17 -1.305262e-01 9.914449e-01
    outer loop
      vertex   6.638462e+01 -1.258819e+00 2.396593e+01
      vertex   7.200000e+01 -1.258819e+00 2.396593e+01
      vertex   7.200000e+01 -1.000000e+00 2.400000e+01
    endloop
  endfacet
  facet normal -1.985112e-18 -1.305262e-01 9.914449e-01
    outer loop
      vertex   -1.000000e+00 -1.000000e+00 2.400000e+01
      vertex   3.830769e+01 -1.258819e+00 2.396593e+01
      vertex   7.200000e+01 -1.000000e+00 2.400000e+01
    endloop
  endfacet
  facet normal 0.000000e+00 -1.305262e-01 9.914449e-01
    outer loop
      vertex   7.200000e+01 -1.000000e+00 2.400000e+01
      vertex   3.830769e+01 -1.258819e+00 2.396593e+01
      vertex   4.392308e+01 -1.258819e+00 2.396593e+01
    endloop
  endfacet
  facet normal -4.733508e-18 -1.305262e-01 9.914449e-01
    outer loop
      vertex   7.200000e+01 -1.000000e+00 2.400000e+01
      vertex   4.392308e+01 -1.258819e+00 2.396593e+01
      vertex   4.953846e+01 -1.258819e+00 2.396593e+01
    endloop
  endfacet
  facet normal -1.513214e-17 -3.826834e-01 9.238795e-01
    outer loop
      vertex   4.953846e+01 -1.258819e+00 2.396593e+01
      vertex   4.392308e+01 -1.258819e+00 2.396593e+01
      vertex   4.953846e+01 -1.500000e+00 2.386603e+01
    endloop
  endfacet
  facet normal 0.000000e+00 -3.826834e-01 9.238795e-01
    outer loop
      vertex   4.953846e+01 -1.258819e+00 2.396593e+01
      vertex   4.953846e+01 -1.500000e+00 2.386603e+01
      vertex   5.515385e+01 -1.500000e+00 2.386603e+01
    endloop
  endfacet
  facet normal 0.000000e+00 -6.087614e-01 7.933533e-01
    outer loop
      vertex   5.515385e+01 -1.500000e+00 2.386603e+01
      vertex   4.953846e+01 -1.500000e+00 2.386603e+01
      vertex   5.515385e+01 -1.707107e+00 2.370711e+01
    endloop
  endfacet
  facet normal 0.000000e+00 -6.087614e-01 7.933533e-01
    outer loop
      vertex   5.515385e+01 -1.500000e+00 2.386603e+01
      vertex   5.515385e+01 -1.707107e+00 2.370711e+01
      vertex   6.076923e+01 -1.707107e+00 2.370711e+01
    endloop
  endfacet
  facet normal 0.000000e+00 -7.933533e-01 6.087614e-01
    outer loop
      vertex   6.076923e+01 -1.707107e+00 2.370711e+01
      vertex   5.515385e+01 -1.707107e+00 2.370711e+01
      vertex   6.076923e+01 -1.866025e+00 2.350000e+01
    endloop
  endfacet
  facet normal -3.313455e-17 -7.933533e-01 6.087614e-01
    outer loop
      vertex   6.076923e+01 -1.707107e+00 2.370711e+01
      vertex   6.076923e+01 -1.866025e+00 2.350000e+01
      vertex   6.638462e+01 -1.866025e+00 2.350000e+01
    endloop
  endfacet
  facet normal -3.653222e-17 -9.238795e-01 3.826834e-01
    outer loop
      vertex   6.638462e+01 -1.866025e+00 2.350000e+01
      vertex   6.076923e+01 -1.866025e+00 2.350000e+01
      vertex   6.638462e+01 -1.965926e+00 2.325882e+01
    endloop
  endfacet
  facet normal 2.508759e-16 -7.933533e-01 6.087614e-01
    outer loop
      vertex   -1.000000e+00 -1.707107e+00 2.370711e+01
      vertex   -1.000000e+00 -1.866025e+00 2.350000e+01
      vertex   4.615385e+00 -1.866025e+00 2.350000e+01
    endloop
  endfacet
  facet normal 2.922578e-16 -9.238795e-01 3.826834e-01
    outer loop
      vertex   4.615385e+00 -1.866025e+00 2.350000e+01
      vertex   -1.000000e+00 -1.866025e+00 2.350000e+01
      vertex   4.615385e+00 -1.965926e+00 2.325882e+01
    endloop
  endfacet
  facet normal 0.000000e+00 -9.238795e-01 3.826834e-01
    outer loop
      vertex   4.615385e+00 -1.866025e+00 2.350000e+01
      vertex   4.615385e+00 -1.965926e+00 2.325882e+01
      vertex   1.023077e+01 -1.965926e+00 2.325882e+01
    endloop
  endfacet
  facet normal 0.000000e+00 -9.914449e-01 1.305262e-01
    outer loop
      vertex   1.023077e+01 -1.965926e+00 2.325882e+01
      vertex   4.615385e+00 -1.965926e+00 2.325882e+01
      vertex   -1.000000e+00 -2.000000e+00 2.300000e+01
    endloop
  endfacet
  facet normal 1.467387e-16 -9.238795e-01 3.826834e-01
    outer loop
      vertex   -1.000000e+00 -1.866025e+00 2.350000e+01
      vertex   -1.000000e+00 -1.965926e+00 2.325882e+01
      vertex   4.615385e+00 -1.965926e+00 2.325882e+01
    endloop
  endfacet
  facet normal 1.568156e-16 -9.914449e-01 1.305262e-01
    outer loop
      vertex   4.615385e+00 -1.965926e+00 2.325882e+01
      vertex   -1.000000e+00 -1.965926e+00 2.325882e+01
      vertex   -1.000000e+00 -2.000000e+00 2.300000e+01
    endloop
  endfacet
  facet normal 0.000000e+00 -9.914449e-01 1.305262e-01
    outer loop
      vertex   2.707692e+01 -1.965926e+00 2.325882e+01
      vertex   -1.000000e+00 -2.000000e+00 2.300000e+01
      vertex   3.269231e+01 -1.965926e+00 2.325882e+01
    endloop
  endfacet
  facet normal 0.000000e+00 -9.914449e-01 1.305262e-01
    outer loop
      vertex   3.269231e+01 -1.965926e+00 2.325882e+01
      vertex   -1.000000e+00 -2.000000e+00 2.300000e+01
      vertex   7.200000e+01 -2.000000e+00 2.300000e+01
    endloop
  endfacet
  facet normal 0.000000e+00 -9.914449e-01 1.305262e-01
    outer loop
      vertex   3.269231e+01 -1.965926e+00 2.325882e+01
      vertex   7.200000e+01 -2.000000e+00 2.300000e+01
      vertex   3.830769e+01 -1.965926e+00 2.325882e+01
    endloop
  endfacet
  facet normal 0.000000e+00 -9.914449e-01 1.305262e-01
    outer loop
      vertex   3.830769e+01 -1.965926e+00 2.325882e+01
      vertex   7.200000e+01 -2.000000e+00 2.300000e+01
      vertex   4.392308e+01 -1.965926e+00 2.325882e+01
    endloop
  endfacet
  facet normal 0.000000e+00 -9.238795e-01 3.826834e-01
    outer loop
      vertex   3.830769e+01 -1.965926e+00 2.325882e+01
      vertex   4.392308e+01 -1.965926e+00 2.325882e+01
      vertex   3.830769e+01 -1.866025e+00 2.350000e+01
    endloop
  endfacet
  facet normal 0.000000e+00 -9.238795e-01 3.826834e-01
    outer loop
      vertex   3.830769e+01 -1.866025e+00 2.350000e+01
      vertex   4.392308e+01 -1.965926e+00 2.325882e+01
      vertex   4.392308e+01 -1.866025e+00 2.350000e+01
    endloop
  endfacet
  facet normal 0.000000e+00 -7.933533e-01 6.087614e-01
    outer loop
      vertex   3.830769e+01 -1.866025e+00 2.350000e+01
      vertex   4.392308e+01 -1.866025e+00 2.350000e+01
      vertex   3.830769e+01 -1.707107e+00 2.370711e+01
    endloop
  endfacet
  facet normal 0.000000e+00 -7.933533e-01 6.087614e-01
    outer loop
      vertex   3.830769e+01 -1.707107e+00 2.370711e+01
      vertex   4.392308e+01 -1.866025e+00 2.350000e+01
      vertex   4.392308e+01 -1.707107e+00 2.370711e+01
    endloop
  endfacet
  facet normal 0.000000e+00 -6.087614e-01 7.933533e-01
    outer loop
      vertex   3.830769e+01 -1.707107e+00 2.370711e+01
      vertex   4.392308e+01 -1.707107e+00 2.370711e+01
      vertex   3.830769e+01 -1.500000e+00 2.386603e+01
    endloop
  endfacet
  facet normal 0.000000e+00 -9.238795e-01 3.826834e-01
    outer loop
      vertex   5.515385e+01 -1.866025e+00 2.350000e+01
      vertex   6.076923e+01 -1.965926e+00 2.325882e+01
      vertex   6.076923e+01 -1.866025e+00 2.350000e+01
    endloop
  endfacet
  facet normal 0.000000e+00 -9.238795e-01 3.826834e-01
    outer loop
      vertex   6.076923e+01 -1.866025e+00 2.350000e+01
      vertex   6.076923e+01 -1.965926e+00 2.325882e+01
      vertex   6.638462e+01 -1.965926e+00 2.325882e+01
    endloop
  endfacet
  facet normal 0.000000e+00 -9.914449e-01 1.305262e-01
    outer loop
      vertex   4.392308e+01 -1.965926e+00 2.325882e+01
      vertex   7.200000e+01 -2.000000e+00 2.300000e+01
      vertex   4.953846e+01 -1.965926e+00 2.325882e+01
    endloop
  endfacet
  facet normal 0.000000e+00 -9.914449e-01 1.305262e-01
    outer loop
      vertex   4.953846e+01 -1.965926e+00 2.325882e+01
      vertex   7.200000e+01 -2.000000e+00 2.300000e+01
      vertex   5.515385e+01 -1.965926e+00 2.325882e+01
    endloop
  endfacet
  facet normal 0.000000e+00 -9.238795e-01 3.826834e-01
    outer loop
      vertex   4.953846e+01 -1.965926e+00 2.325882e+01
      vertex   5.515385e+01 -1.965926e+00 2.325882e+01
      vertex   4.953846e+01 -1.866025e+00 2.350000e+01
    endloop
  endfacet
  facet normal 0.000000e+00 -9.238795e-01 3.826834e-01
    outer loop
      vertex   4.392308e+01 -1.866025e+00 2.350000e+01
      vertex   4.392308e+01 -1.965926e+00 2.325882e+01
      vertex   4.953846e+01 -1.965926e+00 2.325882e+01
    endloop
  endfacet
  facet normal -7.306444e-17 -9.238795e-01 3.826834e-01
    outer loop
      vertex   4.392308e+01 -1.866025e+00 2.350000e+01
      vertex   4.953846e+01 -1.965926e+00 2.325882e+01
      vertex   4.953846e+01 -1.866025e+00 2.350000e+01
    endloop
  endfacet
  facet normal 0.000000e+00 -9.238795e-01 3.826834e-01
    outer loop
      vertex   2.707692e+01 -1.866025e+00 2.350000e+01
      vertex   2.707692e+01 -1.965926e+00 2.325882e+01
      vertex   3.269231e+01 -1.965926e+00 2.325882e+01
    endloop
  endfacet
  facet normal 0.000000e+00 -9.238795e-01 3.826834e-01
    outer loop
      vertex   3.269231e+01 -1.965926e+00 2.325882e+01
      vertex   3.830769e+01 -1.965926e+00 2.325882e+01
      vertex   3.269231e+01 -1.866025e+00 2.350000e+01
    endloop
  endfacet
  facet normal 4.476963e-16 -9.238795e-01 3.826834e-01
    outer loop
      vertex   3.269231e+01 -1.866025e+00 2.350000e+01
      vertex   3.830769e+01 -1.965926e+00 2.325882e+01
      vertex   3.830769e+01 -1.866025e+00 2.350000e+01
    endloop
  endfacet
  facet normal 7.389254e-16 -7.933533e-01 6.087614e-01
    outer loop
      vertex   3.269231e+01 -1.866025e+00 2.350000e+01
      vertex   3.830769e+01 -1.866025e+00 2.350000e+01
      vertex   3.269231e+01 -1.707107e+00 2.370711e+01
    endloop
  endfacet
  facet normal 0.000000e+00 -7.933533e-01 6.087614e-01
    outer loop
      vertex   3.269231e+01 -1.707107e+00 2.370711e+01
      vertex   3.830769e+01 -1.866025e+00 2.350000e+01
      vertex   3.830769e+01 -1.707107e+00 2.370711e+01
    endloop
  endfacet
  facet normal 0.000000e+00 -6.087614e-01 7.933533e-01
    outer loop
      vertex   3.269231e+01 -1.707107e+00 2.370711e+01
      vertex   3.830769e+01 -1.707107e+00 2.370711e+01
      vertex   3.269231e+01 -1.500000e+00 2.386603e+01
    endloop
  endfacet
  facet normal 0.000000e+00 -6.087614e-01 7.933533e-01
    outer loop
      vertex   3.269231e+01 -1.500000e+00 2.386603e+01
      vertex   3.830769e+01 -1.707107e+00 2.370711e+01
      vertex   3.830769e+01 -1.500000e+00 2.386603e+01
    endloop
  endfacet
  facet normal 0.000000e+00 -3.826834e-01 9.238795e-01
    outer loop
      vertex   3.269231e+01 -1.500000e+00 2.386603e+01
      vertex   3.830769e+01 -1.500000e+00 2.386603e+01
      vertex   3.269231e+01 -1.258819e+00 2.396593e+01
    endloop
  endfacet
  facet normal 0.000000e+00 -9.238795e-01 3.826834e-01
    outer loop
      vertex   1.584615e+01 -1.965926e+00 2.325882e+01
      vertex   2.146154e+01 -1.965926e+00 2.325882e+01
      vertex   1.584615e+01 -1.866025e+00 2.350000e+01
    endloop
  endfacet
  facet normal -3.653222e-17 -9.238795e-01 3.826834e-01
    outer loop
      vertex   1.584615e+01 -1.866025e+00 2.350000e+01
      vertex   2.146154e+01 -1.965926e+00 2.325882e+01
      vertex   2.146154e+01 -1.866025e+00 2.350000e+01
    endloop
  endfacet
  facet normal -3.137093e-17 -7.933533e-01 6.087614e-01
    outer loop
      vertex   1.584615e+01 -1.866025e+00 2.350000e+01
      vertex   2.146154e+01 -1.866025e+00 2.350000e+01
      vertex   1.584615e+01 -1.707107e+00 2.370711e+01
    endloop
  endfacet
  facet normal 0.000000e+00 -7.933533e-01 6.087614e-01
    outer loop
      vertex   1.584615e+01 -1.707107e+00 2.370711e+01
      vertex   2.146154e+01 -1.866025e+00 2.350000e+01
      vertex   2.146154e+01 -1.707107e+00 2.370711e+01
    endloop
  endfacet
  facet normal 0.000000e+00 -6.087614e-01 7.933533e-01
    outer loop
      vertex   1.584615e+01 -1.707107e+00 2.370711e+01
      vertex   2.146154e+01 -1.707107e+00 2.370711e+01
      vertex   1.584615e+01 -1.500000e+00 2.386603e+01
    endloop
  endfacet
  facet normal 3.137093e-17 -7.933533e-01 6.087614e-01
    outer loop
      vertex   6.076923e+01 -1.707107e+00 2.370711e+01
      vertex   6.638462e+01 -1.866025e+00 2.350000e+01
      vertex   6.638462e+01 -1.707107e+00 2.370711e+01
    endloop
  endfacet
  facet normal 0.000000e+00 -7.933533e-01 6.087614e-01
    outer loop
      vertex   4.953846e+01 -1.707107e+00 2.370711e+01
      vertex   5.515385e+01 -1.866025e+00 2.350000e+01
      vertex   5.515385e+01 -1.707107e+00 2.370711e+01
    endloop
  endfacet
  facet normal 0.000000e+00 -7.933533e-01 6.087614e-01
    outer loop
      vertex   5.515385e+01 -1.707107e+00 2.370711e+01
      vertex   5.515385e+01 -1.866025e+00 2.350000e+01
      vertex   6.076923e+01 -1.866025e+00 2.350000e+01
    endloop
  endfacet
  facet normal -6.153560e-17 -7.933533e-01 6.087614e-01
    outer loop
      vertex   4.392308e+01 -1.707107e+00 2.370711e+01
      vertex   4.392308e+01 -1.866025e+00 2.350000e+01
      vertex   4.953846e+01 -1.866025e+00 2.350000e+01
    endloop
  endfacet
  facet normal 0.000000e+00 -7.933533e-01 6.087614e-01
    outer loop
      vertex   2.707692e+01 -1.707107e+00 2.370711e+01
      vertex   2.707692e+01 -1.866025e+00 2.350000e+01
      vertex   3.269231e+01 -1.866025e+00 2.350000e+01
    endloop
  endfacet
  facet normal 0.000000e+00 -9.238795e-01 3.826834e-01
    outer loop
      vertex   3.269231e+01 -1.866025e+00 2.350000e+01
      vertex   2.707692e+01 -1.866025e+00 2.350000e+01
      vertex   3.269231e+01 -1.965926e+00 2.325882e+01
    endloop
  endfacet
  facet normal 0.000000e+00 -7.933533e-01 6.087614e-01
    outer loop
      vertex   2.707692e+01 -1.707107e+00 2.370711e+01
      vertex   3.269231e+01 -1.866025e+00 2.350000e+01
      vertex   3.269231e+01 -1.707107e+00 2.370711e+01
    endloop
  endfacet
  facet normal -7.336937e-17 -9.238795e-01 3.826834e-01
    outer loop
      vertex   1.584615e+01 -1.965926e+00 2.325882e+01
      vertex   1.584615e+01 -1.866025e+00 2.350000e+01
      vertex   1.023077e+01 -1.866025e+00 2.350000e+01
    endloop
  endfacet
  facet normal -6.274186e-17 -7.933533e-01 6.087614e-01
    outer loop
      vertex   1.023077e+01 -1.866025e+00 2.350000e+01
      vertex   1.584615e+01 -1.866025e+00 2.350000e+01
      vertex   1.023077e+01 -1.707107e+00 2.370711e+01
    endloop
  endfacet
  facet normal 3.313455e-17 -7.933533e-01 6.087614e-01
    outer loop
      vertex   1.023077e+01 -1.866025e+00 2.350000e+01
      vertex   1.023077e+01 -1.707107e+00 2.370711e+01
      vertex   4.615385e+00 -1.707107e+00 2.370711e+01
    endloop
  endfacet
  facet normal 2.407176e-17 -6.087614e-01 7.933533e-01
    outer loop
      vertex   4.615385e+00 -1.707107e+00 2.370711e+01
      vertex   1.023077e+01 -1.707107e+00 2.370711e+01
      vertex   4.615385e+00 -1.500000e+00 2.386603e+01
    endloop
  endfacet
  facet normal 0.000000e+00 -7.933533e-01 6.087614e-01
    outer loop
      vertex   1.023077e+01 -1.707107e+00 2.370711e+01
      vertex   1.584615e+01 -1.866025e+00 2.350000e+01
      vertex   1.584615e+01 -1.707107e+00 2.370711e+01
    endloop
  endfacet
  facet normal 2.407176e-17 -6.087614e-01 7.933533e-01
    outer loop
      vertex   6.076923e+01 -1.707107e+00 2.370711e+01
      vertex   6.638462e+01 -1.707107e+00 2.370711e+01
      vertex   6.076923e+01 -1.500000e+00 2.386603e+01
    endloop
  endfacet
  facet normal 0.000000e+00 -6.087614e-01 7.933533e-01
    outer loop
      vertex   6.076923e+01 -1.500000e+00 2.386603e+01
      vertex   6.638462e+01 -1.707107e+00 2.370711e+01
      vertex   6.638462e+01 -1.500000e+00 2.386603e+01
    endloop
  endfacet
  facet normal 0.000000e+00 -3.826834e-01 9.238795e-01
    outer loop
      vertex   6.076923e+01 -1.500000e+00 2.386603e+01
      vertex   6.638462e+01 -1.500000e+00 2.386603e+01
      vertex   6.076923e+01 -1.258819e+00 2.396593e+01
    endloop
  endfacet
  facet normal 0.000000e+00 -3.826834e-01 9.238795e-01
    outer loop
      vertex   6.076923e+01 -1.258819e+00 2.396593e+01
      vertex   6.638462e+01 -1.500000e+00 2.386603e+01
      vertex   6.638462e+01 -1.258819e+00 2.396593e+01
    endloop
  endfacet
  facet normal 0.000000e+00 -1.305262e-01 9.914449e-01
    outer loop
      vertex   6.076923e+01 -1.258819e+00 2.396593e+01
      vertex   6.638462e+01 -1.258819e+00 2.396593e+01
      vertex   7.200000e+01 -1.000000e+00 2.400000e+01
    endloop
  endfacet
  facet normal 0.000000e+00 -6.087614e-01 7.933533e-01
    outer loop
      vertex   4.392308e+01 -1.500000e+00 2.386603e+01
      vertex   4.953846e+01 -1.707107e+00 2.370711e+01
      vertex   4.953846e+01 -1.500000e+00 2.386603e+01
    endloop
  endfacet
  facet normal 0.000000e+00 -6.087614e-01 7.933533e-01
    outer loop
      vertex   4.953846e+01 -1.500000e+00 2.386603e+01
      vertex   4.953846e+01 -1.707107e+00 2.370711e+01
      vertex   5.515385e+01 -1.707107e+00 2.370711e+01
    endloop
  endfacet
  facet normal 0.000000e+00 -6.087614e-01 7.933533e-01
    outer loop
      vertex   2.707692e+01 -1.500000e+00 2.386603e+01
      vertex   2.707692e+01 -1.707107e+00 2.370711e+01
      vertex   3.269231e+01 -1.707107e+00 2.370711e+01
    endloop
  endfacet
  facet normal 0.000000e+00 -6.087614e-01 7.933533e-01
    outer loop
      vertex   2.707692e+01 -1.500000e+00 2.386603e+01
      vertex   3.269231e+01 -1.707107e+00 2.370711e+01
      vertex   3.269231e+01 -1.500000e+00 2.386603e+01
    endloop
  endfacet
  facet normal 0.000000e+00 -6.087614e-01 7.933533e-01
    outer loop
      vertex   1.023077e+01 -1.707107e+00 2.370711e+01
      vertex   1.584615e+01 -1.707107e+00 2.370711e+01
      vertex   1.023077e+01 -1.500000e+00 2.386603e+01
    endloop
  endfacet
  facet normal 0.000000e+00 -6.087614e-01 7.933533e-01
    outer loop
      vertex   1.023077e+01 -1.500000e+00 2.386603e+01
      vertex   1.584615e+01 -1.707107e+00 2.370711e+01
      vertex   1.584615e+01 -1.500000e+00 2.386603e+01
    endloop
  endfacet
  facet normal 0.000000e+00 -3.826834e-01 9.238795e-01
    outer loop
      vertex   1.023077e+01 -1.500000e+00 2.386603e+01
      vertex   1.584615e+01 -1.500000e+00 2.386603e+01
      vertex   1.023077e+01 -1.258819e+00 2.396593e+01
    endloop
  endfacet
  facet normal 4.733508e-17 -6.087614e-01 7.933533e-01
    outer loop
      vertex   6.076923e+01 -1.707107e+00 2.370711e+01
      vertex   6.076923e+01 -1.500000e+00 2.386603e+01
      vertex   5.515385e+01 -1.500000e+00 2.386603e+01
    endloop
  endfacet
  facet normal 3.026428e-17 -3.826834e-01 9.238795e-01
    outer loop
      vertex   5.515385e+01 -1.500000e+00 2.386603e+01
      vertex   6.076923e+01 -1.500000e+00 2.386603e+01
      vertex   5.515385e+01 -1.258819e+00 2.396593e+01
    endloop
  endfacet
  facet normal 0.000000e+00 -3.826834e-01 9.238795e-01
    outer loop
      vertex   5.515385e+01 -1.500000e+00 2.386603e+01
      vertex   5.515385e+01 -1.258819e+00 2.396593e+01
      vertex   4.953846e+01 -1.258819e+00 2.396593e+01
    endloop
  endfacet
  facet normal 0.000000e+00 -1.305262e-01 9.914449e-01
    outer loop
      vertex   4.953846e+01 -1.258819e+00 2.396593e+01
      vertex   5.515385e+01 -1.258819e+00 2.396593e+01
      vertex   7.200000e+01 -1.000000e+00 2.400000e+01
    endloop
  endfacet
  facet normal -3.026428e-17 -3.826834e-01 9.238795e-01
    outer loop
      vertex   5.515385e+01 -1.258819e+00 2.396593e+01
      vertex   6.076923e+01 -1.500000e+00 2.386603e+01
      vertex   6.076923e+01 -1.258819e+00 2.396593e+01
    endloop
  endfacet
  facet normal 0.000000e+00 -3.826834e-01 9.238795e-01
    outer loop
      vertex   3.830769e+01 -1.258819e+00 2.396593e+01
      vertex   4.392308e+01 -1.500000e+00 2.386603e+01
      vertex   4.392308e+01 -1.258819e+00 2.396593e+01
    endloop
  endfacet
  facet normal 0.000000e+00 -3.826834e-01 9.238795e-01
    outer loop
      vertex   4.392308e+01 -1.258819e+00 2.396593e+01
      vertex   4.392308e+01 -1.500000e+00 2.386603e+01
      vertex   4.953846e+01 -1.500000e+00 2.386603e+01
    endloop
  endfacet
  facet normal 0.000000e+00 -3.826834e-01 9.238795e-01
    outer loop
      vertex   2.707692e+01 -1.258819e+00 2.396593e+01
      vertex   2.707692e+01 -1.500000e+00 2.386603e+01
      vertex   3.269231e+01 -1.500000e+00 2.386603e+01
    endloop
  endfacet
  facet normal 0.000000e+00 -3.826834e-01 9.238795e-01
    outer loop
      vertex   2.707692e+01 -1.258819e+00 2.396593e+01
      vertex   3.269231e+01 -1.500000e+00 2.386603e+01
      vertex   3.269231e+01 -1.258819e+00 2.396593e+01
    endloop
  endfacet
  facet normal 0.000000e+00 -3.826834e-01 9.238795e-01
    outer loop
      vertex   1.584615e+01 -1.258819e+00 2.396593e+01
      vertex   2.146154e+01 -1.500000e+00 2.386603e+01
      vertex   2.146154e+01 -1.258819e+00 2.396593e+01
    endloop
  endfacet
  facet normal 0.000000e+00 -3.826834e-01 9.238795e-01
    outer loop
      vertex   4.615385e+00 -1.258819e+00 2.396593e+01
      vertex   4.615385e+00 -1.500000e+00 2.386603e+01
      vertex   1.023077e+01 -1.500000e+00 2.386603e+01
    endloop
  endfacet
  facet normal 0.000000e+00 -6.087614e-01 7.933533e-01
    outer loop
      vertex   1.023077e+01 -1.500000e+00 2.386603e+01
      vertex   4.615385e+00 -1.500000e+00 2.386603e+01
      vertex   1.023077e+01 -1.707107e+00 2.370711e+01
    endloop
  endfacet
  facet normal 0.000000e+00 -3.826834e-01 9.238795e-01
    outer loop
      vertex   4.615385e+00 -1.258819e+00 2.396593e+01
      vertex   1.023077e+01 -1.500000e+00 2.386603e+01
      vertex   1.023077e+01 -1.258819e+00 2.396593e+01
    endloop
  endfacet
  facet normal -1.065039e-17 -1.305262e-01 9.914449e-01
    outer loop
      vertex   7.200000e+01 -1.000000e+00 2.400000e+01
      vertex   5.515385e+01 -1.258819e+00 2.396593e+01
      vertex   6.076923e+01 -1.258819e+00 2.396593e+01
    endloop
  endfacet
  facet normal 0.000000e+00 -1.305262e-01 9.914449e-01
    outer loop
      vertex   -1.000000e+00 -1.000000e+00 2.400000e+01
      vertex   1.584615e+01 -1.258819e+00 2.396593e+01
      vertex   2.146154e+01 -1.258819e+00 2.396593e+01
    endloop
  endfacet
  facet normal -4.435481e-02 1.303977e-01 9.904691e-01
    outer loop
      vertex   -1.000000e+00 3.225882e+01 2.396593e+01
      vertex   -1.110813e+00 3.224811e+01 2.396237e+01
      vertex   -1.000000e+00 3.200000e+01 2.400000e+01
    endloop
  endfacet
  facet normal -1.036987e-01 1.036987e-01 9.891881e-01
    outer loop
      vertex   -1.000000e+00 3.200000e+01 2.400000e+01
      vertex   -1.110813e+00 3.224811e+01 2.396237e+01
      vertex   -1.248108e+00 3.211081e+01 2.396237e+01
    endloop
  endfacet
  facet normal -1.303977e-01 4.435481e-02 9.904691e-01
    outer loop
      vertex   -1.000000e+00 3.200000e+01 2.400000e+01
      vertex   -1.248108e+00 3.211081e+01 2.396237e+01
      vertex   -1.258819e+00 3.200000e+01 2.396593e+01
    endloop
  endfacet
  facet normal -3.818374e-01 6.645835e-02 9.218370e-01
    outer loop
      vertex   -1.258819e+00 3.200000e+01 2.396593e+01
      vertex   -1.248108e+00 3.211081e+01 2.396237e+01
      vertex   -1.500000e+00 3.200000e+01 2.386603e+01
    endloop
  endfacet
  facet normal -3.995626e-01 1.178222e-01 9.091026e-01
    outer loop
      vertex   -1.500000e+00 3.200000e+01 2.386603e+01
      vertex   -1.248108e+00 3.211081e+01 2.396237e+01
      vertex   -1.430436e+00 3.226828e+01 2.386183e+01
    endloop
  endfacet
  facet normal -4.328324e-01 1.261909e-01 8.925984e-01
    outer loop
      vertex   -1.500000e+00 3.200000e+01 2.386603e+01
      vertex   -1.430436e+00 3.226828e+01 2.386183e+01
      vertex   -1.554261e+00 3.207813e+01 2.382867e+01
    endloop
  endfacet
  facet normal -5.834139e-01 2.448663e-01 7.743828e-01
    outer loop
      vertex   -1.554261e+00 3.207813e+01 2.382867e+01
      vertex   -1.430436e+00 3.226828e+01 2.386183e+01
      vertex   -1.583430e+00 3.240746e+01 2.370255e+01
    endloop
  endfacet
  facet normal -5.834139e-01 2.448663e-01 7.743828e-01
    outer loop
      vertex   -1.554261e+00 3.207813e+01 2.382867e+01
      vertex   -1.583430e+00 3.240746e+01 2.370255e+01
      vertex   -1.717801e+00 3.220112e+01 2.366657e+01
    endloop
  endfacet
  facet normal -7.197061e-01 3.657544e-01 5.901245e-01
    outer loop
      vertex   -1.717801e+00 3.220112e+01 2.366657e+01
      vertex   -1.583430e+00 3.240746e+01 2.370255e+01
      vertex   -1.696665e+00 3.251888e+01 2.349540e+01
    endloop
  endfacet
  facet normal -7.197061e-01 3.657544e-01 5.901245e-01
    outer loop
      vertex   -1.717801e+00 3.220112e+01 2.366657e+01
      vertex   -1.696665e+00 3.251888e+01 2.349540e+01
      vertex   -1.832423e+00 3.231041e+01 2.345904e+01
    endloop
  endfacet
  facet normal -8.076571e-01 4.620595e-01 3.663208e-01
    outer loop
      vertex   -1.832423e+00 3.231041e+01 2.345904e+01
      vertex   -1.696665e+00 3.251888e+01 2.349540e+01
      vertex   -1.762422e+00 3.259494e+01 2.325449e+01
    endloop
  endfacet
  facet normal -8.076571e-01 4.620595e-01 3.663208e-01
    outer loop
      vertex   -1.832423e+00 3.231041e+01 2.345904e+01
      vertex   -1.762422e+00 3.259494e+01 2.325449e+01
      vertex   -1.890318e+00 3.239854e+01 2.322023e+01
    endloop
  endfacet
  facet normal -8.403810e-01 5.215192e-01 1.475718e-01
    outer loop
      vertex   -1.890318e+00 3.239854e+01 2.322023e+01
      vertex   -1.762422e+00 3.259494e+01 2.325449e+01
      vertex   -1.866025e+00 3.250000e+01 2.300000e+01
    endloop
  endfacet
  facet normal -9.213332e-01 3.816287e-01 7.419375e-02
    outer loop
      vertex   -1.890318e+00 3.239854e+01 2.322023e+01
      vertex   -1.866025e+00 3.250000e+01 2.300000e+01
      vertex   -1.965926e+00 3.225882e+01 2.300000e+01
    endloop
  endfacet
  facet normal -6.645835e-02 3.818374e-01 9.218370e-01
    outer loop
      vertex   -1.000000e+00 3.225882e+01 2.396593e+01
      vertex   -1.000000e+00 3.250000e+01 2.386603e+01
      vertex   -1.110813e+00 3.224811e+01 2.396237e+01
    endloop
  endfacet
  facet normal -1.178222e-01 3.995626e-01 9.091026e-01
    outer loop
      vertex   -1.110813e+00 3.224811e+01 2.396237e+01
      vertex   -1.000000e+00 3.250000e+01 2.386603e+01
      vertex   -1.268280e+00 3.243044e+01 2.386183e+01
    endloop
  endfacet
  facet normal -2.729599e-01 2.729599e-01 9.224889e-01
    outer loop
      vertex   -1.110813e+00 3.224811e+01 2.396237e+01
      vertex   -1.268280e+00 3.243044e+01 2.386183e+01
      vertex   -1.248108e+00 3.211081e+01 2.396237e+01
    endloop
  endfacet
  facet normal -2.729599e-01 2.729599e-01 9.224889e-01
    outer loop
      vertex   -1.248108e+00 3.211081e+01 2.396237e+01
      vertex   -1.268280e+00 3.243044e+01 2.386183e+01
      vertex   -1.430436e+00 3.226828e+01 2.386183e+01
    endloop
  endfacet
  facet normal -1.261909e-01 4.328324e-01 8.925984e-01
    outer loop
      vertex   -1.268280e+00 3.243044e+01 2.386183e+01
      vertex   -1.000000e+00 3.250000e+01 2.386603e+01
      vertex   -1.078131e+00 3.255426e+01 2.382867e+01
    endloop
  endfacet
  facet normal 4.340169e-02 6.081878e-01 7.926058e-01
    outer loop
      vertex   -1.078131e+00 3.255426e+01 2.382867e+01
      vertex   -1.000000e+00 3.250000e+01 2.386603e+01
      vertex   -1.000000e+00 3.270711e+01 2.370711e+01
    endloop
  endfacet
  facet normal -1.159338e-01 6.538873e-01 7.476569e-01
    outer loop
      vertex   -1.078131e+00 3.255426e+01 2.382867e+01
      vertex   -1.000000e+00 3.270711e+01 2.370711e+01
      vertex   -1.201121e+00 3.271780e+01 2.366657e+01
    endloop
  endfacet
  facet normal -8.026201e-02 7.907938e-01 6.067974e-01
    outer loop
      vertex   -1.201121e+00 3.271780e+01 2.366657e+01
      vertex   -1.000000e+00 3.270711e+01 2.370711e+01
      vertex   -1.000000e+00 3.286603e+01 2.350000e+01
    endloop
  endfacet
  facet normal -1.607312e-01 8.257119e-01 5.407082e-01
    outer loop
      vertex   -1.201121e+00 3.271780e+01 2.366657e+01
      vertex   -1.000000e+00 3.286603e+01 2.350000e+01
      vertex   -1.310406e+00 3.283242e+01 2.345904e+01
    endloop
  endfacet
  facet normal -1.588805e-01 8.447130e-01 5.110938e-01
    outer loop
      vertex   -1.310406e+00 3.283242e+01 2.345904e+01
      vertex   -1.000000e+00 3.286603e+01 2.350000e+01
      vertex   -1.084530e+00 3.291750e+01 2.338864e+01
    endloop
  endfacet
  facet normal -2.475550e-01 9.167181e-01 3.135991e-01
    outer loop
      vertex   -1.310406e+00 3.283242e+01 2.345904e+01
      vertex   -1.084530e+00 3.291750e+01 2.338864e+01
      vertex   -1.185744e+00 3.297047e+01 2.315391e+01
    endloop
  endfacet
  facet normal -1.298391e-01 9.537278e-01 2.711922e-01
    outer loop
      vertex   -1.185744e+00 3.297047e+01 2.315391e+01
      vertex   -1.084530e+00 3.291750e+01 2.338864e+01
      vertex   -1.000000e+00 3.296593e+01 2.325882e+01
    endloop
  endfacet
  facet normal -4.940940e-02 9.902339e-01 1.303668e-01
    outer loop
      vertex   -1.185744e+00 3.297047e+01 2.315391e+01
      vertex   -1.000000e+00 3.296593e+01 2.325882e+01
      vertex   -1.000000e+00 3.300000e+01 2.300000e+01
    endloop
  endfacet
  facet normal 5.839280e-02 9.223031e-01 3.820305e-01
    outer loop
      vertex   -1.000000e+00 3.286603e+01 2.350000e+01
      vertex   -1.000000e+00 3.296593e+01 2.325882e+01
      vertex   -1.084530e+00 3.291750e+01 2.338864e+01
    endloop
  endfacet
  facet normal -1.304564e-01 9.909150e-01 3.268886e-02
    outer loop
      vertex   -1.000000e+00 3.300000e+01 2.300000e+01
      vertex   -1.258819e+00 3.296593e+01 2.300000e+01
      vertex   -1.185744e+00 3.297047e+01 2.315391e+01
    endloop
  endfacet
  facet normal -3.162140e-01 9.407634e-01 1.223638e-01
    outer loop
      vertex   -1.185744e+00 3.297047e+01 2.315391e+01
      vertex   -1.258819e+00 3.296593e+01 2.300000e+01
      vertex   -1.398536e+00 3.289032e+01 2.322023e+01
    endloop
  endfacet
  facet normal -2.475550e-01 9.167181e-01 3.135991e-01
    outer loop
      vertex   -1.185744e+00 3.297047e+01 2.315391e+01
      vertex   -1.398536e+00 3.289032e+01 2.322023e+01
      vertex   -1.310406e+00 3.283242e+01 2.345904e+01
    endloop
  endfacet
  facet normal -4.620595e-01 8.076571e-01 3.663208e-01
    outer loop
      vertex   -1.310406e+00 3.283242e+01 2.345904e+01
      vertex   -1.398536e+00 3.289032e+01 2.322023e+01
      vertex   -1.518881e+00 3.269666e+01 2.349540e+01
    endloop
  endfacet
  facet normal -3.657544e-01 7.197061e-01 5.901245e-01
    outer loop
      vertex   -1.310406e+00 3.283242e+01 2.345904e+01
      vertex   -1.518881e+00 3.269666e+01 2.349540e+01
      vertex   -1.407464e+00 3.258343e+01 2.370255e+01
    endloop
  endfacet
  facet normal -5.611197e-01 5.611197e-01 6.085140e-01
    outer loop
      vertex   -1.407464e+00 3.258343e+01 2.370255e+01
      vertex   -1.518881e+00 3.269666e+01 2.349540e+01
      vertex   -1.583430e+00 3.240746e+01 2.370255e+01
    endloop
  endfacet
  facet normal -4.317293e-01 4.317293e-01 7.919720e-01
    outer loop
      vertex   -1.407464e+00 3.258343e+01 2.370255e+01
      vertex   -1.583430e+00 3.240746e+01 2.370255e+01
      vertex   -1.430436e+00 3.226828e+01 2.386183e+01
    endloop
  endfacet
  facet normal -3.816287e-01 9.213332e-01 7.419375e-02
    outer loop
      vertex   -1.258819e+00 3.296593e+01 2.300000e+01
      vertex   -1.500000e+00 3.286603e+01 2.300000e+01
      vertex   -1.398536e+00 3.289032e+01 2.322023e+01
    endloop
  endfacet
  facet normal -5.215192e-01 8.403810e-01 1.475718e-01
    outer loop
      vertex   -1.398536e+00 3.289032e+01 2.322023e+01
      vertex   -1.500000e+00 3.286603e+01 2.300000e+01
      vertex   -1.594936e+00 3.276242e+01 2.325449e+01
    endloop
  endfacet
  facet normal -4.620595e-01 8.076571e-01 3.663208e-01
    outer loop
      vertex   -1.398536e+00 3.289032e+01 2.322023e+01
      vertex   -1.594936e+00 3.276242e+01 2.325449e+01
      vertex   -1.518881e+00 3.269666e+01 2.349540e+01
    endloop
  endfacet
  facet normal -6.528138e-01 6.528138e-01 3.842763e-01
    outer loop
      vertex   -1.518881e+00 3.269666e+01 2.349540e+01
      vertex   -1.594936e+00 3.276242e+01 2.325449e+01
      vertex   -1.696665e+00 3.251888e+01 2.349540e+01
    endloop
  endfacet
  facet normal -5.611197e-01 5.611197e-01 6.085140e-01
    outer loop
      vertex   -1.518881e+00 3.269666e+01 2.349540e+01
      vertex   -1.696665e+00 3.251888e+01 2.349540e+01
      vertex   -1.583430e+00 3.240746e+01 2.370255e+01
    endloop
  endfacet
  facet normal -6.059824e-01 7.897316e-01 9.544300e-02
    outer loop
      vertex   -1.500000e+00 3.286603e+01 2.300000e+01
      vertex   -1.707107e+00 3.270711e+01 2.300000e+01
      vertex   -1.594936e+00 3.276242e+01 2.325449e+01
    endloop
  endfacet
  facet normal -6.984452e-01 6.984452e-01 1.560404e-01
    outer loop
      vertex   -1.594936e+00 3.276242e+01 2.325449e+01
      vertex   -1.707107e+00 3.270711e+01 2.300000e+01
      vertex   -1.762422e+00 3.259494e+01 2.325449e+01
    endloop
  endfacet
  facet normal -6.528138e-01 6.528138e-01 3.842763e-01
    outer loop
      vertex   -1.594936e+00 3.276242e+01 2.325449e+01
      vertex   -1.762422e+00 3.259494e+01 2.325449e+01
      vertex   -1.696665e+00 3.251888e+01 2.349540e+01
    endloop
  endfacet
  facet normal -7.897316e-01 6.059824e-01 9.544300e-02
    outer loop
      vertex   -1.707107e+00 3.270711e+01 2.300000e+01
      vertex   -1.866025e+00 3.250000e+01 2.300000e+01
      vertex   -1.762422e+00 3.259494e+01 2.325449e+01
    endloop
  endfacet
  facet normal -9.407634e-01 3.162140e-01 1.223638e-01
    outer loop
      vertex   -1.890318e+00 3.239854e+01 2.322023e+01
      vertex   -1.965926e+00 3.225882e+01 2.300000e+01
      vertex   -1.970469e+00 3.218574e+01 2.315391e+01
    endloop
  endfacet
  facet normal -9.909150e-01 1.304564e-01 3.268886e-02
    outer loop
      vertex   -1.970469e+00 3.218574e+01 2.315391e+01
      vertex   -1.965926e+00 3.225882e+01 2.300000e+01
      vertex   -2.000000e+00 3.200000e+01 2.300000e+01
    endloop
  endfacet
  facet normal -9.902339e-01 4.940940e-02 1.303668e-01
    outer loop
      vertex   -1.970469e+00 3.218574e+01 2.315391e+01
      vertex   -2.000000e+00 3.200000e+01 2.300000e+01
      vertex   -1.965926e+00 3.200000e+01 2.325882e+01
    endloop
  endfacet
  facet normal -9.537278e-01 1.298391e-01 2.711922e-01
    outer loop
      vertex   -1.970469e+00 3.218574e+01 2.315391e+01
      vertex   -1.965926e+00 3.200000e+01 2.325882e+01
      vertex   -1.917502e+00 3.208453e+01 2.338864e+01
    endloop
  endfacet
  facet normal -9.223031e-01 -5.839280e-02 3.820305e-01
    outer loop
      vertex   -1.917502e+00 3.208453e+01 2.338864e+01
      vertex   -1.965926e+00 3.200000e+01 2.325882e+01
      vertex   -1.866025e+00 3.200000e+01 2.350000e+01
    endloop
  endfacet
  facet normal -8.447130e-01 1.588805e-01 5.110938e-01
    outer loop
      vertex   -1.917502e+00 3.208453e+01 2.338864e+01
      vertex   -1.866025e+00 3.200000e+01 2.350000e+01
      vertex   -1.832423e+00 3.231041e+01 2.345904e+01
    endloop
  endfacet
  facet normal -8.257119e-01 1.607312e-01 5.407082e-01
    outer loop
      vertex   -1.832423e+00 3.231041e+01 2.345904e+01
      vertex   -1.866025e+00 3.200000e+01 2.350000e+01
      vertex   -1.717801e+00 3.220112e+01 2.366657e+01
    endloop
  endfacet
  facet normal -7.907938e-01 8.026201e-02 6.067974e-01
    outer loop
      vertex   -1.866025e+00 3.200000e+01 2.350000e+01
      vertex   -1.707107e+00 3.200000e+01 2.370711e+01
      vertex   -1.717801e+00 3.220112e+01 2.366657e+01
    endloop
  endfacet
  facet normal -6.538873e-01 1.159338e-01 7.476569e-01
    outer loop
      vertex   -1.717801e+00 3.220112e+01 2.366657e+01
      vertex   -1.707107e+00 3.200000e+01 2.370711e+01
      vertex   -1.554261e+00 3.207813e+01 2.382867e+01
    endloop
  endfacet
  facet normal -6.081878e-01 -4.340169e-02 7.926058e-01
    outer loop
      vertex   -1.707107e+00 3.200000e+01 2.370711e+01
      vertex   -1.500000e+00 3.200000e+01 2.386603e+01
      vertex   -1.554261e+00 3.207813e+01 2.382867e+01
    endloop
  endfacet
  facet normal -4.317293e-01 4.317293e-01 7.919720e-01
    outer loop
      vertex   -1.407464e+00 3.258343e+01 2.370255e+01
      vertex   -1.430436e+00 3.226828e+01 2.386183e+01
      vertex   -1.268280e+00 3.243044e+01 2.386183e+01
    endloop
  endfacet
  facet normal -2.448663e-01 5.834139e-01 7.743828e-01
    outer loop
      vertex   -1.078131e+00 3.255426e+01 2.382867e+01
      vertex   -1.201121e+00 3.271780e+01 2.366657e+01
      vertex   -1.268280e+00 3.243044e+01 2.386183e+01
    endloop
  endfacet
  facet normal -2.448663e-01 5.834139e-01 7.743828e-01
    outer loop
      vertex   -1.268280e+00 3.243044e+01 2.386183e+01
      vertex   -1.201121e+00 3.271780e+01 2.366657e+01
      vertex   -1.407464e+00 3.258343e+01 2.370255e+01
    endloop
  endfacet
  facet normal -3.657544e-01 7.197061e-01 5.901245e-01
    outer loop
      vertex   -1.201121e+00 3.271780e+01 2.366657e+01
      vertex   -1.310406e+00 3.283242e+01 2.345904e+01
      vertex   -1.407464e+00 3.258343e+01 2.370255e+01
    endloop
  endfacet
  facet normal -9.167181e-01 2.475550e-01 3.135991e-01
    outer loop
      vertex   -1.917502e+00 3.208453e+01 2.338864e+01
      vertex   -1.832423e+00 3.231041e+01 2.345904e+01
      vertex   -1.890318e+00 3.239854e+01 2.322023e+01
    endloop
  endfacet
  facet normal -9.167181e-01 2.475550e-01 3.135991e-01
    outer loop
      vertex   -1.970469e+00 3.218574e+01 2.315391e+01
      vertex   -1.917502e+00 3.208453e+01 2.338864e+01
      vertex   -1.890318e+00 3.239854e+01 2.322023e+01
    endloop
  endfacet
  facet normal -1.305262e-01 9.914449e-01 1.512138e-17
    outer loop
      vertex   -1.258819e+00 3.296593e+01 0.000000e+00
      vertex   -1.258819e+00 3.296593e+01 5.750000e+00
      vertex   -1.000000e+00 3.300000e+01 0.000000e+00
    endloop
  endfacet
  facet normal -1.305262e-01 9.914449e-01 1.502374e-17
    outer loop
      vertex   -1.000000e+00 3.300000e+01 0.000000e+00
      vertex   -1.258819e+00 3.296593e+01 5.750000e+00
      vertex   -1.258819e+00 3.296593e+01 1.150000e+01
    endloop
  endfacet
  facet normal -1.305262e-01 9.914449e-01 2.520229e-17
    outer loop
      vertex   -1.000000e+00 3.300000e+01 0.000000e+00
      vertex   -1.258819e+00 3.296593e+01 1.150000e+01
      vertex   -1.000000e+00 3.300000e+01 2.300000e+01
    endloop
  endfacet
  facet normal -1.305262e-01 9.914449e-01 2.080210e-17
    outer loop
      vertex   -1.000000e+00 3.300000e+01 2.300000e+01
      vertex   -1.258819e+00 3.296593e+01 1.150000e+01
      vertex   -1.258819e+00 3.296593e+01 1.725000e+01
    endloop
  endfacet
  facet normal -1.305262e-01 9.914449e-01 2.426912e-17
    outer loop
      vertex   -1.000000e+00 3.300000e+01 2.300000e+01
      vertex   -1.258819e+00 3.296593e+01 1.725000e+01
      vertex   -1.258819e+00 3.296593e+01 2.300000e+01
    endloop
  endfacet
  facet normal -3.826834e-01 9.238795e-01 7.388938e-17
    outer loop
      vertex   -1.258819e+00 3.296593e+01 2.300000e+01
      vertex   -1.258819e+00 3.296593e+01 1.725000e+01
      vertex   -1.500000e+00 3.286603e+01 2.300000e+01
    endloop
  endfacet
  facet normal -3.826834e-01 9.238795e-01 2.955575e-17
    outer loop
      vertex   -1.500000e+00 3.286603e+01 2.300000e+01
      vertex   -1.258819e+00 3.296593e+01 1.725000e+01
      vertex   -1.500000e+00 3.286603e+01 1.725000e+01
    endloop
  endfacet
  facet normal -6.087614e-01 7.933533e-01 4.701641e-17
    outer loop
      vertex   -1.500000e+00 3.286603e+01 2.300000e+01
      vertex   -1.500000e+00 3.286603e+01 1.725000e+01
      vertex   -1.707107e+00 3.270711e+01 2.300000e+01
    endloop
  endfacet
  facet normal -6.087614e-01 7.933533e-01 1.410492e-16
    outer loop
      vertex   -1.707107e+00 3.270711e+01 2.300000e+01
      vertex   -1.500000e+00 3.286603e+01 1.725000e+01
      vertex   -1.707107e+00 3.270711e+01 1.725000e+01
    endloop
  endfacet
  facet normal -7.933533e-01 6.087614e-01 1.838190e-16
    outer loop
      vertex   -1.707107e+00 3.270711e+01 2.300000e+01
      vertex   -1.707107e+00 3.270711e+01 1.725000e+01
      vertex   -1.866025e+00 3.250000e+01 2.300000e+01
    endloop
  endfacet
  facet normal -7.933533e-01 6.087614e-01 9.190948e-17
    outer loop
      vertex   -1.866025e+00 3.250000e+01 2.300000e+01
      vertex   -1.707107e+00 3.270711e+01 1.725000e+01
      vertex   -1.866025e+00 3.250000e+01 1.725000e+01
    endloop
  endfacet
  facet normal -9.238795e-01 3.826834e-01 1.070309e-16
    outer loop
      vertex   -1.866025e+00 3.250000e+01 2.300000e+01
      vertex   -1.866025e+00 3.250000e+01 1.725000e+01
      vertex   -1.965926e+00 3.225882e+01 2.300000e+01
    endloop
  endfacet
  facet normal -9.238795e-01 3.826834e-01 1.427078e-16
    outer loop
      vertex   -1.965926e+00 3.225882e+01 2.300000e+01
      vertex   -1.866025e+00 3.250000e+01 1.725000e+01
      vertex   -1.965926e+00 3.225882e+01 1.725000e+01
    endloop
  endfacet
  facet normal -9.914449e-01 1.305262e-01 1.531443e-16
    outer loop
      vertex   -1.965926e+00 3.225882e+01 2.300000e+01
      vertex   -1.965926e+00 3.225882e+01 1.725000e+01
      vertex   -2.000000e+00 3.200000e+01 2.300000e+01
    endloop
  endfacet
  facet normal -9.914449e-01 1.305262e-01 0.000000e+00
    outer loop
      vertex   -2.000000e+00 3.200000e+01 2.300000e+01
      vertex   -1.965926e+00 3.225882e+01 1.725000e+01
      vertex   -1.965926e+00 3.225882e+01 1.150000e+01
    endloop
  endfacet
  facet normal -9.914449e-01 1.305262e-01 0.000000e+00
    outer loop
      vertex   -2.000000e+00 3.200000e+01 2.300000e+01
      vertex   -1.965926e+00 3.225882e+01 1.150000e+01
      vertex   -2.000000e+00 3.200000e+01 0.000000e+00
    endloop
  endfacet
  facet normal -9.914449e-01 1.305262e-01 0.000000e+00
    outer loop
      vertex   -2.000000e+00 3.200000e+01 0.000000e+00
      vertex   -1.965926e+00 3.225882e+01 1.150000e+01
      vertex   -1.965926e+00 3.225882e+01 5.750000e+00
    endloop
  endfacet
  facet normal -9.914449e-01 1.305262e-01 0.000000e+00
    outer loop
      vertex   -2.000000e+00 3.200000e+01 0.000000e+00
      vertex   -1.965926e+00 3.225882e+01 5.750000e+00
      vertex   -1.965926e+00 3.225882e+01 0.000000e+00
    endloop
  endfacet
  facet normal -9.238795e-01 3.826834e-01 0.000000e+00
    outer loop
      vertex   -1.965926e+00 3.225882e+01 0.000000e+00
      vertex   -1.965926e+00 3.225882e+01 5.750000e+00
      vertex   -1.866025e+00 3.250000e+01 0.000000e+00
    endloop
  endfacet
  facet normal -9.238795e-01 3.826834e-01 2.140617e-16
    outer loop
      vertex   -1.866025e+00 3.250000e+01 0.000000e+00
      vertex   -1.965926e+00 3.225882e+01 5.750000e+00
      vertex   -1.866025e+00 3.250000e+01 5.750000e+00
    endloop
  endfacet
  facet normal -7.933533e-01 6.087614e-01 1.838190e-16
    outer loop
      vertex   -1.866025e+00 3.250000e+01 0.000000e+00
      vertex   -1.866025e+00 3.250000e+01 5.750000e+00
      vertex   -1.707107e+00 3.270711e+01 0.000000e+00
    endloop
  endfacet
  facet normal -7.933533e-01 6.087614e-01 3.063649e-17
    outer loop
      vertex   -1.707107e+00 3.270711e+01 0.000000e+00
      vertex   -1.866025e+00 3.250000e+01 5.750000e+00
      vertex   -1.707107e+00 3.270711e+01 5.750000e+00
    endloop
  endfacet
  facet normal -6.087614e-01 7.933533e-01 2.350821e-17
    outer loop
      vertex   -1.707107e+00 3.270711e+01 0.000000e+00
      vertex   -1.707107e+00 3.270711e+01 5.750000e+00
      vertex   -1.500000e+00 3.286603e+01 0.000000e+00
    endloop
  endfacet
  facet normal -6.087614e-01 7.933533e-01 9.403283e-17
    outer loop
      vertex   -1.500000e+00 3.286603e+01 0.000000e+00
      vertex   -1.707107e+00 3.270711e+01 5.750000e+00
      vertex   -1.500000e+00 3.286603e+01 5.750000e+00
    endloop
  endfacet
  facet normal -3.826834e-01 9.238795e-01 5.911151e-17
    outer loop
      vertex   -1.500000e+00 3.286603e+01 0.000000e+00
      vertex   -1.500000e+00 3.286603e+01 5.750000e+00
      vertex   -1.258819e+00 3.296593e+01 0.000000e+00
    endloop
  endfacet
  facet normal -3.826834e-01 9.238795e-01 4.433363e-17
    outer loop
      vertex   -1.258819e+00 3.296593e+01 0.000000e+00
      vertex   -1.500000e+00 3.286603e+01 5.750000e+00
      vertex   -1.258819e+00 3.296593e+01 5.750000e+00
    endloop
  endfacet
  facet normal -3.826834e-01 9.238795e-01 6.009497e-17
    outer loop
      vertex   -1.500000e+00 3.286603e+01 1.725000e+01
      vertex   -1.258819e+00 3.296593e+01 1.725000e+01
      vertex   -1.258819e+00 3.296593e+01 1.150000e+01
    endloop
  endfacet
  facet normal -3.826834e-01 9.238795e-01 4.433363e-17
    outer loop
      vertex   -1.258819e+00 3.296593e+01 1.150000e+01
      vertex   -1.258819e+00 3.296593e+01 5.750000e+00
      vertex   -1.500000e+00 3.286603e+01 1.150000e+01
    endloop
  endfacet
  facet normal -3.826834e-01 9.238795e-01 4.433363e-17
    outer loop
      vertex   -1.500000e+00 3.286603e+01 1.150000e+01
      vertex   -1.258819e+00 3.296593e+01 5.750000e+00
      vertex   -1.500000e+00 3.286603e+01 5.750000e+00
    endloop
  endfacet
  facet normal -6.087614e-01 7.933533e-01 7.052462e-17
    outer loop
      vertex   -1.500000e+00 3.286603e+01 1.150000e+01
      vertex   -1.500000e+00 3.286603e+01 5.750000e+00
      vertex   -1.707107e+00 3.270711e+01 1.150000e+01
    endloop
  endfacet
  facet normal -6.087614e-01 7.933533e-01 2.350821e-17
    outer loop
      vertex   -1.707107e+00 3.270711e+01 1.150000e+01
      vertex   -1.500000e+00 3.286603e+01 5.750000e+00
      vertex   -1.707107e+00 3.270711e+01 5.750000e+00
    endloop
  endfacet
  facet normal -7.933533e-01 6.087614e-01 3.063649e-17
    outer loop
      vertex   -1.707107e+00 3.270711e+01 1.150000e+01
      vertex   -1.707107e+00 3.270711e+01 5.750000e+00
      vertex   -1.866025e+00 3.250000e+01 1.150000e+01
    endloop
  endfacet
  facet normal -7.933533e-01 6.087614e-01 7.216261e-16
    outer loop
      vertex   -1.866025e+00 3.250000e+01 1.150000e+01
      vertex   -1.707107e+00 3.270711e+01 5.750000e+00
      vertex   -1.866025e+00 3.250000e+01 5.750000e+00
    endloop
  endfacet
  facet normal -9.238795e-01 3.826834e-01 4.372151e-16
    outer loop
      vertex   -1.866025e+00 3.250000e+01 1.150000e+01
      vertex   -1.866025e+00 3.250000e+01 5.750000e+00
      vertex   -1.965926e+00 3.225882e+01 1.150000e+01
    endloop
  endfacet
  facet normal -9.238795e-01 3.826834e-01 0.000000e+00
    outer loop
      vertex   -1.965926e+00 3.225882e+01 1.150000e+01
      vertex   -1.866025e+00 3.250000e+01 5.750000e+00
      vertex   -1.965926e+00 3.225882e+01 5.750000e+00
    endloop
  endfacet
  facet normal -6.087614e-01 7.933533e-01 4.622690e-17
    outer loop
      vertex   -1.707107e+00 3.270711e+01 1.725000e+01
      vertex   -1.500000e+00 3.286603e+01 1.725000e+01
      vertex   -1.500000e+00 3.286603e+01 1.150000e+01
    endloop
  endfacet
  facet normal -3.826834e-01 9.238795e-01 2.955575e-17
    outer loop
      vertex   -1.500000e+00 3.286603e+01 1.150000e+01
      vertex   -1.500000e+00 3.286603e+01 1.725000e+01
      vertex   -1.258819e+00 3.296593e+01 1.150000e+01
    endloop
  endfacet
  facet normal -6.087614e-01 7.933533e-01 0.000000e+00
    outer loop
      vertex   -1.707107e+00 3.270711e+01 1.725000e+01
      vertex   -1.500000e+00 3.286603e+01 1.150000e+01
      vertex   -1.707107e+00 3.270711e+01 1.150000e+01
    endloop
  endfacet
  facet normal -7.933533e-01 6.087614e-01 0.000000e+00
    outer loop
      vertex   -1.866025e+00 3.250000e+01 1.725000e+01
      vertex   -1.707107e+00 3.270711e+01 1.725000e+01
      vertex   -1.707107e+00 3.270711e+01 1.150000e+01
    endloop
  endfacet
  facet normal -7.933533e-01 6.087614e-01 -6.127298e-17
    outer loop
      vertex   -1.866025e+00 3.250000e+01 1.725000e+01
      vertex   -1.707107e+00 3.270711e+01 1.150000e+01
      vertex   -1.866025e+00 3.250000e+01 1.150000e+01
    endloop
  endfacet
  facet normal -9.238795e-01 3.826834e-01 -6.934034e-17
    outer loop
      vertex   -1.965926e+00 3.225882e+01 1.725000e+01
      vertex   -1.866025e+00 3.250000e+01 1.725000e+01
      vertex   -1.866025e+00 3.250000e+01 1.150000e+01
    endloop
  endfacet
  facet normal -9.238795e-01 3.826834e-01 0.000000e+00
    outer loop
      vertex   -1.965926e+00 3.225882e+01 1.725000e+01
      vertex   -1.866025e+00 3.250000e+01 1.150000e+01
      vertex   -1.965926e+00 3.225882e+01 1.150000e+01
    endloop
  endfacet
  facet normal -9.914449e-01 0.000000e+00 1.305262e-01
    outer loop
      vertex   -2.000000e+00 1.250000e+01 2.300000e+01
      vertex   -2.000000e+00 -1.000000e+00 2.300000e+01
      vertex   -1.965926e+00 4.500000e+00 2.325882e+01
    endloop
  endfacet
  facet normal -9.914449e-01 -1.601054e-16 1.305262e-01
    outer loop
      vertex   -1.965926e+00 4.500000e+00 2.325882e+01
      vertex   -2.000000e+00 -1.000000e+00 2.300000e+01
      vertex   -1.965926e+00 -1.000000e+00 2.325882e+01
    endloop
  endfacet
  facet normal -9.238795e-01 -1.491945e-16 3.826834e-01
    outer loop
      vertex   -1.965926e+00 4.500000e+00 2.325882e+01
      vertex   -1.965926e+00 -1.000000e+00 2.325882e+01
      vertex   -1.866025e+00 4.500000e+00 2.350000e+01
    endloop
  endfacet
  facet normal -9.238795e-01 -2.237918e-16 3.826834e-01
    outer loop
      vertex   -1.866025e+00 4.500000e+00 2.350000e+01
      vertex   -1.965926e+00 -1.000000e+00 2.325882e+01
      vertex   -1.866025e+00 -1.000000e+00 2.350000e+01
    endloop
  endfacet
  facet normal -7.933533e-01 -1.921744e-16 6.087614e-01
    outer loop
      vertex   -1.866025e+00 4.500000e+00 2.350000e+01
      vertex   -1.866025e+00 -1.000000e+00 2.350000e+01
      vertex   -1.707107e+00 4.500000e+00 2.370711e+01
    endloop
  endfacet
  facet normal -7.933533e-01 -1.921744e-16 6.087614e-01
    outer loop
      vertex   -1.707107e+00 4.500000e+00 2.370711e+01
      vertex   -1.866025e+00 -1.000000e+00 2.350000e+01
      vertex   -1.707107e+00 -1.000000e+00 2.370711e+01
    endloop
  endfacet
  facet normal -6.087614e-01 -1.474606e-16 7.933533e-01
    outer loop
      vertex   -1.707107e+00 4.500000e+00 2.370711e+01
      vertex   -1.707107e+00 -1.000000e+00 2.370711e+01
      vertex   -1.500000e+00 4.500000e+00 2.386603e+01
    endloop
  endfacet
  facet normal -6.087614e-01 -4.915352e-17 7.933533e-01
    outer loop
      vertex   -1.500000e+00 4.500000e+00 2.386603e+01
      vertex   -1.707107e+00 -1.000000e+00 2.370711e+01
      vertex   -1.500000e+00 -1.000000e+00 2.386603e+01
    endloop
  endfacet
  facet normal -3.826834e-01 -3.089920e-17 9.238795e-01
    outer loop
      vertex   -1.500000e+00 4.500000e+00 2.386603e+01
      vertex   -1.500000e+00 -1.000000e+00 2.386603e+01
      vertex   -1.258819e+00 4.500000e+00 2.396593e+01
    endloop
  endfacet
  facet normal -3.826834e-01 -7.724799e-17 9.238795e-01
    outer loop
      vertex   -1.258819e+00 4.500000e+00 2.396593e+01
      vertex   -1.500000e+00 -1.000000e+00 2.386603e+01
      vertex   -1.258819e+00 -1.000000e+00 2.396593e+01
    endloop
  endfacet
  facet normal -1.305262e-01 -2.634785e-17 9.914449e-01
    outer loop
      vertex   -1.258819e+00 4.500000e+00 2.396593e+01
      vertex   -1.258819e+00 -1.000000e+00 2.396593e+01
      vertex   -1.000000e+00 -1.000000e+00 2.400000e+01
    endloop
  endfacet
  facet normal -1.305262e-01 -1.756523e-17 9.914449e-01
    outer loop
      vertex   -1.000000e+00 3.200000e+01 2.400000e+01
      vertex   -1.258819e+00 1.550000e+01 2.396593e+01
      vertex   -1.000000e+00 -1.000000e+00 2.400000e+01
    endloop
  endfacet
  facet normal -1.305262e-01 -9.665624e-18 9.914449e-01
    outer loop
      vertex   -1.000000e+00 -1.000000e+00 2.400000e+01
      vertex   -1.258819e+00 1.550000e+01 2.396593e+01
      vertex   -1.258819e+00 1.000000e+01 2.396593e+01
    endloop
  endfacet
  facet normal -1.305262e-01 -1.570664e-17 9.914449e-01
    outer loop
      vertex   -1.000000e+00 -1.000000e+00 2.400000e+01
      vertex   -1.258819e+00 1.000000e+01 2.396593e+01
      vertex   -1.258819e+00 4.500000e+00 2.396593e+01
    endloop
  endfacet
  facet normal -3.826834e-01 -4.634880e-17 9.238795e-01
    outer loop
      vertex   -1.258819e+00 4.500000e+00 2.396593e+01
      vertex   -1.258819e+00 1.000000e+01 2.396593e+01
      vertex   -1.500000e+00 4.500000e+00 2.386603e+01
    endloop
  endfacet
  facet normal -1.305262e-01 -1.580871e-17 9.914449e-01
    outer loop
      vertex   -1.258819e+00 3.200000e+01 2.396593e+01
      vertex   -1.258819e+00 2.650000e+01 2.396593e+01
      vertex   -1.000000e+00 3.200000e+01 2.400000e+01
    endloop
  endfacet
  facet normal -1.305262e-01 -1.570664e-17 9.914449e-01
    outer loop
      vertex   -1.000000e+00 3.200000e+01 2.400000e+01
      vertex   -1.258819e+00 2.650000e+01 2.396593e+01
      vertex   -1.258819e+00 2.100000e+01 2.396593e+01
    endloop
  endfacet
  facet normal -1.305262e-01 -1.087383e-17 9.914449e-01
    outer loop
      vertex   -1.000000e+00 3.200000e+01 2.400000e+01
      vertex   -1.258819e+00 2.100000e+01 2.396593e+01
      vertex   -1.258819e+00 1.550000e+01 2.396593e+01
    endloop
  endfacet
  facet normal -3.826834e-01 -3.089920e-17 9.238795e-01
    outer loop
      vertex   -1.258819e+00 1.550000e+01 2.396593e+01
      vertex   -1.258819e+00 2.100000e+01 2.396593e+01
      vertex   -1.500000e+00 1.550000e+01 2.386603e+01
    endloop
  endfacet
  facet normal -3.826834e-01 -3.141328e-17 9.238795e-01
    outer loop
      vertex   -1.258819e+00 1.550000e+01 2.396593e+01
      vertex   -1.500000e+00 1.550000e+01 2.386603e+01
      vertex   -1.500000e+00 1.000000e+01 2.386603e+01
    endloop
  endfacet
  facet normal -6.087614e-01 -4.915352e-17 7.933533e-01
    outer loop
      vertex   -1.500000e+00 1.000000e+01 2.386603e+01
      vertex   -1.500000e+00 1.550000e+01 2.386603e+01
      vertex   -1.707107e+00 1.000000e+01 2.370711e+01
    endloop
  endfacet
  facet normal -6.087614e-01 0.000000e+00 7.933533e-01
    outer loop
      vertex   -1.500000e+00 1.000000e+01 2.386603e+01
      vertex   -1.707107e+00 1.000000e+01 2.370711e+01
      vertex   -1.707107e+00 4.500000e+00 2.370711e+01
    endloop
  endfacet
  facet normal -7.933533e-01 0.000000e+00 6.087614e-01
    outer loop
      vertex   -1.707107e+00 4.500000e+00 2.370711e+01
      vertex   -1.707107e+00 1.000000e+01 2.370711e+01
      vertex   -1.866025e+00 4.500000e+00 2.350000e+01
    endloop
  endfacet
  facet normal -3.826834e-01 -4.634880e-17 9.238795e-01
    outer loop
      vertex   -1.258819e+00 2.650000e+01 2.396593e+01
      vertex   -1.258819e+00 3.200000e+01 2.396593e+01
      vertex   -1.500000e+00 2.650000e+01 2.386603e+01
    endloop
  endfacet
  facet normal -3.826834e-01 -4.634880e-17 9.238795e-01
    outer loop
      vertex   -1.500000e+00 2.650000e+01 2.386603e+01
      vertex   -1.258819e+00 3.200000e+01 2.396593e+01
      vertex   -1.500000e+00 3.200000e+01 2.386603e+01
    endloop
  endfacet
  facet normal -6.087614e-01 -7.373029e-17 7.933533e-01
    outer loop
      vertex   -1.500000e+00 2.650000e+01 2.386603e+01
      vertex   -1.500000e+00 3.200000e+01 2.386603e+01
      vertex   -1.707107e+00 2.650000e+01 2.370711e+01
    endloop
  endfacet
  facet normal -6.087614e-01 -4.915352e-17 7.933533e-01
    outer loop
      vertex   -1.707107e+00 2.650000e+01 2.370711e+01
      vertex   -1.500000e+00 3.200000e+01 2.386603e+01
      vertex   -1.707107e+00 3.200000e+01 2.370711e+01
    endloop
  endfacet
  facet normal -7.933533e-01 -6.405812e-17 6.087614e-01
    outer loop
      vertex   -1.707107e+00 2.650000e+01 2.370711e+01
      vertex   -1.707107e+00 3.200000e+01 2.370711e+01
      vertex   -1.866025e+00 2.650000e+01 2.350000e+01
    endloop
  endfacet
  facet normal -7.933533e-01 -6.405812e-17 6.087614e-01
    outer loop
      vertex   -1.866025e+00 2.650000e+01 2.350000e+01
      vertex   -1.707107e+00 3.200000e+01 2.370711e+01
      vertex   -1.866025e+00 3.200000e+01 2.350000e+01
    endloop
  endfacet
  facet normal -9.238795e-01 -7.459726e-17 3.826834e-01
    outer loop
      vertex   -1.866025e+00 2.650000e+01 2.350000e+01
      vertex   -1.866025e+00 3.200000e+01 2.350000e+01
      vertex   -1.965926e+00 2.650000e+01 2.325882e+01
    endloop
  endfacet
  facet normal -9.238795e-01 -7.459726e-17 3.826834e-01
    outer loop
      vertex   -1.965926e+00 2.650000e+01 2.325882e+01
      vertex   -1.866025e+00 3.200000e+01 2.350000e+01
      vertex   -1.965926e+00 3.200000e+01 2.325882e+01
    endloop
  endfacet
  facet normal -9.914449e-01 -8.005272e-17 1.305262e-01
    outer loop
      vertex   -1.965926e+00 2.650000e+01 2.325882e+01
      vertex   -1.965926e+00 3.200000e+01 2.325882e+01
      vertex   -2.000000e+00 3.200000e+01 2.300000e+01
    endloop
  endfacet
  facet normal -9.914449e-01 0.000000e+00 1.305262e-01
    outer loop
      vertex   -2.000000e+00 3.200000e+01 2.300000e+01
      vertex   -2.000000e+00 2.250000e+01 2.300000e+01
      vertex   -1.965926e+00 2.650000e+01 2.325882e+01
    endloop
  endfacet
  facet normal -9.914449e-01 0.000000e+00 1.305262e-01
    outer loop
      vertex   -1.965926e+00 2.650000e+01 2.325882e+01
      vertex   -2.000000e+00 2.250000e+01 2.300000e+01
      vertex   -1.965926e+00 2.100000e+01 2.325882e+01
    endloop
  endfacet
  facet normal -9.238795e-01 0.000000e+00 3.826834e-01
    outer loop
      vertex   -1.965926e+00 2.650000e+01 2.325882e+01
      vertex   -1.965926e+00 2.100000e+01 2.325882e+01
      vertex   -1.866025e+00 2.650000e+01 2.350000e+01
    endloop
  endfacet
  facet normal -9.238795e-01 0.000000e+00 3.826834e-01
    outer loop
      vertex   -1.866025e+00 2.650000e+01 2.350000e+01
      vertex   -1.965926e+00 2.100000e+01 2.325882e+01
      vertex   -1.866025e+00 2.100000e+01 2.350000e+01
    endloop
  endfacet
  facet normal -7.933533e-01 0.000000e+00 6.087614e-01
    outer loop
      vertex   -1.866025e+00 2.650000e+01 2.350000e+01
      vertex   -1.866025e+00 2.100000e+01 2.350000e+01
      vertex   -1.707107e+00 2.650000e+01 2.370711e+01
    endloop
  endfacet
  facet normal -7.933533e-01 -6.405812e-17 6.087614e-01
    outer loop
      vertex   -1.707107e+00 2.650000e+01 2.370711e+01
      vertex   -1.866025e+00 2.100000e+01 2.350000e+01
      vertex   -1.707107e+00 2.100000e+01 2.370711e+01
    endloop
  endfacet
  facet normal -6.087614e-01 -4.915352e-17 7.933533e-01
    outer loop
      vertex   -1.707107e+00 2.650000e+01 2.370711e+01
      vertex   -1.707107e+00 2.100000e+01 2.370711e+01
      vertex   -1.500000e+00 2.650000e+01 2.386603e+01
    endloop
  endfacet
  facet normal -6.087614e-01 -7.373029e-17 7.933533e-01
    outer loop
      vertex   -1.500000e+00 2.650000e+01 2.386603e+01
      vertex   -1.707107e+00 2.100000e+01 2.370711e+01
      vertex   -1.500000e+00 2.100000e+01 2.386603e+01
    endloop
  endfacet
  facet normal -3.826834e-01 -4.634880e-17 9.238795e-01
    outer loop
      vertex   -1.500000e+00 2.650000e+01 2.386603e+01
      vertex   -1.500000e+00 2.100000e+01 2.386603e+01
      vertex   -1.258819e+00 2.650000e+01 2.396593e+01
    endloop
  endfacet
  facet normal -3.826834e-01 -4.634880e-17 9.238795e-01
    outer loop
      vertex   -1.258819e+00 2.650000e+01 2.396593e+01
      vertex   -1.500000e+00 2.100000e+01 2.386603e+01
      vertex   -1.258819e+00 2.100000e+01 2.396593e+01
    endloop
  endfacet
  facet normal -9.914449e-01 5.870532e-16 -1.305262e-01
    outer loop
      vertex   -1.965926e+00 2.250000e+01 2.274118e+01
      vertex   -1.965926e+00 2.100000e+01 2.274118e+01
      vertex   -2.000000e+00 2.250000e+01 2.300000e+01
    endloop
  endfacet
  facet normal -9.914449e-01 0.000000e+00 -1.305262e-01
    outer loop
      vertex   -2.000000e+00 2.250000e+01 2.300000e+01
      vertex   -1.965926e+00 2.100000e+01 2.274118e+01
      vertex   -1.965926e+00 1.550000e+01 2.274118e+01
    endloop
  endfacet
  facet normal -9.914449e-01 -0.000000e+00 -1.305262e-01
    outer loop
      vertex   -2.000000e+00 2.250000e+01 2.300000e+01
      vertex   -1.965926e+00 1.550000e+01 2.274118e+01
      vertex   -2.000000e+00 1.250000e+01 2.300000e+01
    endloop
  endfacet
  facet normal -9.914449e-01 -2.946002e-16 -1.305262e-01
    outer loop
      vertex   -2.000000e+00 1.250000e+01 2.300000e+01
      vertex   -1.965926e+00 1.550000e+01 2.274118e+01
      vertex   -1.965926e+00 1.250000e+01 2.274118e+01
    endloop
  endfacet
  facet normal -9.238795e-01 -2.735233e-16 -3.826834e-01
    outer loop
      vertex   -1.965926e+00 1.250000e+01 2.274118e+01
      vertex   -1.965926e+00 1.550000e+01 2.274118e+01
      vertex   -1.866025e+00 1.250000e+01 2.250000e+01
    endloop
  endfacet
  facet normal -9.238795e-01 -4.102850e-16 -3.826834e-01
    outer loop
      vertex   -1.866025e+00 1.250000e+01 2.250000e+01
      vertex   -1.965926e+00 1.550000e+01 2.274118e+01
      vertex   -1.866025e+00 1.550000e+01 2.250000e+01
    endloop
  endfacet
  facet normal -7.933533e-01 -3.523197e-16 -6.087614e-01
    outer loop
      vertex   -1.866025e+00 1.250000e+01 2.250000e+01
      vertex   -1.866025e+00 1.550000e+01 2.250000e+01
      vertex   -1.707107e+00 1.250000e+01 2.229289e+01
    endloop
  endfacet
  facet normal -7.933533e-01 -2.935998e-16 -6.087614e-01
    outer loop
      vertex   -1.707107e+00 1.250000e+01 2.229289e+01
      vertex   -1.866025e+00 1.550000e+01 2.250000e+01
      vertex   -1.707107e+00 1.550000e+01 2.229289e+01
    endloop
  endfacet
  facet normal -6.087614e-01 -2.252870e-16 -7.933533e-01
    outer loop
      vertex   -1.707107e+00 1.250000e+01 2.229289e+01
      vertex   -1.707107e+00 1.550000e+01 2.229289e+01
      vertex   -1.500000e+00 1.250000e+01 2.213397e+01
    endloop
  endfacet
  facet normal -6.087614e-01 0.000000e+00 -7.933533e-01
    outer loop
      vertex   -1.500000e+00 1.250000e+01 2.213397e+01
      vertex   -1.707107e+00 1.550000e+01 2.229289e+01
      vertex   -1.500000e+00 1.550000e+01 2.213397e+01
    endloop
  endfacet
  facet normal -3.826834e-01 0.000000e+00 -9.238795e-01
    outer loop
      vertex   -1.500000e+00 1.250000e+01 2.213397e+01
      vertex   -1.500000e+00 1.550000e+01 2.213397e+01
      vertex   -1.258819e+00 1.250000e+01 2.203407e+01
    endloop
  endfacet
  facet normal -3.826834e-01 -5.664853e-17 -9.238795e-01
    outer loop
      vertex   -1.258819e+00 1.250000e+01 2.203407e+01
      vertex   -1.500000e+00 1.550000e+01 2.213397e+01
      vertex   -1.258819e+00 1.550000e+01 2.203407e+01
    endloop
  endfacet
  facet normal -1.305262e-01 -1.932176e-17 -9.914449e-01
    outer loop
      vertex   -1.258819e+00 1.250000e+01 2.203407e+01
      vertex   -1.258819e+00 1.550000e+01 2.203407e+01
      vertex   -1.000000e+00 1.250000e+01 2.200000e+01
    endloop
  endfacet
  facet normal -1.305262e-01 0.000000e+00 -9.914449e-01
    outer loop
      vertex   -1.000000e+00 1.250000e+01 2.200000e+01
      vertex   -1.258819e+00 1.550000e+01 2.203407e+01
      vertex   -1.000000e+00 2.250000e+01 2.200000e+01
    endloop
  endfacet
  facet normal -1.305262e-01 0.000000e+00 -9.914449e-01
    outer loop
      vertex   -1.000000e+00 2.250000e+01 2.200000e+01
      vertex   -1.258819e+00 1.550000e+01 2.203407e+01
      vertex   -1.258819e+00 2.100000e+01 2.203407e+01
    endloop
  endfacet
  facet normal -1.305262e-01 3.987069e-17 -9.914449e-01
    outer loop
      vertex   -1.000000e+00 2.250000e+01 2.200000e+01
      vertex   -1.258819e+00 2.100000e+01 2.203407e+01
      vertex   -1.258819e+00 2.250000e+01 2.203407e+01
    endloop
  endfacet
  facet normal -3.826834e-01 1.132970e-16 -9.238795e-01
    outer loop
      vertex   -1.258819e+00 2.250000e+01 2.203407e+01
      vertex   -1.258819e+00 2.100000e+01 2.203407e+01
      vertex   -1.500000e+00 2.250000e+01 2.213397e+01
    endloop
  endfacet
  facet normal -3.826834e-01 -0.000000e+00 -9.238795e-01
    outer loop
      vertex   -1.500000e+00 2.250000e+01 2.213397e+01
      vertex   -1.258819e+00 2.100000e+01 2.203407e+01
      vertex   -1.500000e+00 2.100000e+01 2.213397e+01
    endloop
  endfacet
  facet normal -6.087614e-01 -0.000000e+00 -7.933533e-01
    outer loop
      vertex   -1.500000e+00 2.250000e+01 2.213397e+01
      vertex   -1.500000e+00 2.100000e+01 2.213397e+01
      vertex   -1.707107e+00 2.250000e+01 2.229289e+01
    endloop
  endfacet
  facet normal -6.087614e-01 4.505739e-16 -7.933533e-01
    outer loop
      vertex   -1.707107e+00 2.250000e+01 2.229289e+01
      vertex   -1.500000e+00 2.100000e+01 2.213397e+01
      vertex   -1.707107e+00 2.100000e+01 2.229289e+01
    endloop
  endfacet
  facet normal -7.933533e-01 5.871993e-16 -6.087614e-01
    outer loop
      vertex   -1.707107e+00 2.250000e+01 2.229289e+01
      vertex   -1.707107e+00 2.100000e+01 2.229289e+01
      vertex   -1.866025e+00 2.250000e+01 2.250000e+01
    endloop
  endfacet
  facet normal -7.933533e-01 7.046392e-16 -6.087614e-01
    outer loop
      vertex   -1.866025e+00 2.250000e+01 2.250000e+01
      vertex   -1.707107e+00 2.100000e+01 2.229289e+01
      vertex   -1.866025e+00 2.100000e+01 2.250000e+01
    endloop
  endfacet
  facet normal -9.238795e-01 8.205697e-16 -3.826834e-01
    outer loop
      vertex   -1.866025e+00 2.250000e+01 2.250000e+01
      vertex   -1.866025e+00 2.100000e+01 2.250000e+01
      vertex   -1.965926e+00 2.250000e+01 2.274118e+01
    endloop
  endfacet
  facet normal -9.238795e-01 5.470465e-16 -3.826834e-01
    outer loop
      vertex   -1.965926e+00 2.250000e+01 2.274118e+01
      vertex   -1.866025e+00 2.100000e+01 2.250000e+01
      vertex   -1.965926e+00 2.100000e+01 2.274118e+01
    endloop
  endfacet
  facet normal -9.914449e-01 -8.005272e-17 1.305262e-01
    outer loop
      vertex   -1.965926e+00 4.500000e+00 2.325882e+01
      vertex   -1.965926e+00 1.000000e+01 2.325882e+01
      vertex   -2.000000e+00 1.250000e+01 2.300000e+01
    endloop
  endfacet
  facet normal -9.914449e-01 0.000000e+00 1.305262e-01
    outer loop
      vertex   -2.000000e+00 1.250000e+01 2.300000e+01
      vertex   -1.965926e+00 1.000000e+01 2.325882e+01
      vertex   -1.965926e+00 1.550000e+01 2.325882e+01
    endloop
  endfacet
  facet normal -9.914449e-01 0.000000e+00 1.305262e-01
    outer loop
      vertex   -2.000000e+00 1.250000e+01 2.300000e+01
      vertex   -1.965926e+00 1.550000e+01 2.325882e+01
      vertex   -2.000000e+00 2.250000e+01 2.300000e+01
    endloop
  endfacet
  facet normal -9.914449e-01 0.000000e+00 1.305262e-01
    outer loop
      vertex   -2.000000e+00 2.250000e+01 2.300000e+01
      vertex   -1.965926e+00 1.550000e+01 2.325882e+01
      vertex   -1.965926e+00 2.100000e+01 2.325882e+01
    endloop
  endfacet
  facet normal -9.238795e-01 -7.459726e-17 3.826834e-01
    outer loop
      vertex   -1.965926e+00 1.000000e+01 2.325882e+01
      vertex   -1.965926e+00 4.500000e+00 2.325882e+01
      vertex   -1.866025e+00 1.000000e+01 2.350000e+01
    endloop
  endfacet
  facet normal -9.238795e-01 0.000000e+00 3.826834e-01
    outer loop
      vertex   -1.866025e+00 1.000000e+01 2.350000e+01
      vertex   -1.965926e+00 4.500000e+00 2.325882e+01
      vertex   -1.866025e+00 4.500000e+00 2.350000e+01
    endloop
  endfacet
  facet normal -7.933533e-01 0.000000e+00 6.087614e-01
    outer loop
      vertex   -1.866025e+00 1.000000e+01 2.350000e+01
      vertex   -1.866025e+00 4.500000e+00 2.350000e+01
      vertex   -1.707107e+00 1.000000e+01 2.370711e+01
    endloop
  endfacet
  facet normal -9.238795e-01 0.000000e+00 3.826834e-01
    outer loop
      vertex   -1.866025e+00 2.100000e+01 2.350000e+01
      vertex   -1.965926e+00 2.100000e+01 2.325882e+01
      vertex   -1.965926e+00 1.550000e+01 2.325882e+01
    endloop
  endfacet
  facet normal -9.238795e-01 0.000000e+00 3.826834e-01
    outer loop
      vertex   -1.965926e+00 1.550000e+01 2.325882e+01
      vertex   -1.965926e+00 1.000000e+01 2.325882e+01
      vertex   -1.866025e+00 1.550000e+01 2.350000e+01
    endloop
  endfacet
  facet normal -9.238795e-01 0.000000e+00 3.826834e-01
    outer loop
      vertex   -1.866025e+00 1.550000e+01 2.350000e+01
      vertex   -1.965926e+00 1.000000e+01 2.325882e+01
      vertex   -1.866025e+00 1.000000e+01 2.350000e+01
    endloop
  endfacet
  facet normal -7.933533e-01 0.000000e+00 6.087614e-01
    outer loop
      vertex   -1.866025e+00 1.550000e+01 2.350000e+01
      vertex   -1.866025e+00 1.000000e+01 2.350000e+01
      vertex   -1.707107e+00 1.550000e+01 2.370711e+01
    endloop
  endfacet
  facet normal -7.933533e-01 -6.405812e-17 6.087614e-01
    outer loop
      vertex   -1.707107e+00 1.550000e+01 2.370711e+01
      vertex   -1.866025e+00 1.000000e+01 2.350000e+01
      vertex   -1.707107e+00 1.000000e+01 2.370711e+01
    endloop
  endfacet
  facet normal -6.087614e-01 -4.915352e-17 7.933533e-01
    outer loop
      vertex   -1.707107e+00 1.550000e+01 2.370711e+01
      vertex   -1.707107e+00 1.000000e+01 2.370711e+01
      vertex   -1.500000e+00 1.550000e+01 2.386603e+01
    endloop
  endfacet
  facet normal -9.238795e-01 0.000000e+00 -3.826834e-01
    outer loop
      vertex   -1.866025e+00 1.550000e+01 2.250000e+01
      vertex   -1.965926e+00 1.550000e+01 2.274118e+01
      vertex   -1.965926e+00 2.100000e+01 2.274118e+01
    endloop
  endfacet
  facet normal -9.238795e-01 0.000000e+00 -3.826834e-01
    outer loop
      vertex   -1.866025e+00 1.550000e+01 2.250000e+01
      vertex   -1.965926e+00 2.100000e+01 2.274118e+01
      vertex   -1.866025e+00 2.100000e+01 2.250000e+01
    endloop
  endfacet
  facet normal -7.933533e-01 -3.382968e-17 6.087614e-01
    outer loop
      vertex   -1.707107e+00 2.100000e+01 2.370711e+01
      vertex   -1.866025e+00 2.100000e+01 2.350000e+01
      vertex   -1.866025e+00 1.550000e+01 2.350000e+01
    endloop
  endfacet
  facet normal -9.238795e-01 -3.729863e-17 3.826834e-01
    outer loop
      vertex   -1.866025e+00 1.550000e+01 2.350000e+01
      vertex   -1.866025e+00 2.100000e+01 2.350000e+01
      vertex   -1.965926e+00 1.550000e+01 2.325882e+01
    endloop
  endfacet
  facet normal -7.933533e-01 0.000000e+00 6.087614e-01
    outer loop
      vertex   -1.707107e+00 2.100000e+01 2.370711e+01
      vertex   -1.866025e+00 1.550000e+01 2.350000e+01
      vertex   -1.707107e+00 1.550000e+01 2.370711e+01
    endloop
  endfacet
  facet normal -6.087614e-01 -4.915352e-17 7.933533e-01
    outer loop
      vertex   -1.500000e+00 1.000000e+01 2.386603e+01
      vertex   -1.707107e+00 4.500000e+00 2.370711e+01
      vertex   -1.500000e+00 4.500000e+00 2.386603e+01
    endloop
  endfacet
  facet normal -6.087614e-01 0.000000e+00 7.933533e-01
    outer loop
      vertex   -1.500000e+00 2.100000e+01 2.386603e+01
      vertex   -1.707107e+00 2.100000e+01 2.370711e+01
      vertex   -1.707107e+00 1.550000e+01 2.370711e+01
    endloop
  endfacet
  facet normal -6.087614e-01 -2.457676e-17 7.933533e-01
    outer loop
      vertex   -1.500000e+00 2.100000e+01 2.386603e+01
      vertex   -1.707107e+00 1.550000e+01 2.370711e+01
      vertex   -1.500000e+00 1.550000e+01 2.386603e+01
    endloop
  endfacet
  facet normal -3.826834e-01 -3.089920e-17 9.238795e-01
    outer loop
      vertex   -1.258819e+00 1.550000e+01 2.396593e+01
      vertex   -1.500000e+00 1.000000e+01 2.386603e+01
      vertex   -1.258819e+00 1.000000e+01 2.396593e+01
    endloop
  endfacet
  facet normal -3.826834e-01 -3.141328e-17 9.238795e-01
    outer loop
      vertex   -1.258819e+00 1.000000e+01 2.396593e+01
      vertex   -1.500000e+00 1.000000e+01 2.386603e+01
      vertex   -1.500000e+00 4.500000e+00 2.386603e+01
    endloop
  endfacet
  facet normal -3.826834e-01 -1.691484e-17 9.238795e-01
    outer loop
      vertex   -1.258819e+00 2.100000e+01 2.396593e+01
      vertex   -1.500000e+00 2.100000e+01 2.386603e+01
      vertex   -1.500000e+00 1.550000e+01 2.386603e+01
    endloop
  endfacet
  facet normal -7.933533e-01 0.000000e+00 -6.087614e-01
    outer loop
      vertex   -1.707107e+00 1.550000e+01 2.229289e+01
      vertex   -1.866025e+00 1.550000e+01 2.250000e+01
      vertex   -1.866025e+00 2.100000e+01 2.250000e+01
    endloop
  endfacet
  facet normal -7.933533e-01 0.000000e+00 -6.087614e-01
    outer loop
      vertex   -1.707107e+00 1.550000e+01 2.229289e+01
      vertex   -1.866025e+00 2.100000e+01 2.250000e+01
      vertex   -1.707107e+00 2.100000e+01 2.229289e+01
    endloop
  endfacet
  facet normal -6.087614e-01 0.000000e+00 -7.933533e-01
    outer loop
      vertex   -1.500000e+00 1.550000e+01 2.213397e+01
      vertex   -1.707107e+00 1.550000e+01 2.229289e+01
      vertex   -1.707107e+00 2.100000e+01 2.229289e+01
    endloop
  endfacet
  facet normal -6.087614e-01 0.000000e+00 -7.933533e-01
    outer loop
      vertex   -1.500000e+00 1.550000e+01 2.213397e+01
      vertex   -1.707107e+00 2.100000e+01 2.229289e+01
      vertex   -1.500000e+00 2.100000e+01 2.213397e+01
    endloop
  endfacet
  facet normal -3.826834e-01 0.000000e+00 -9.238795e-01
    outer loop
      vertex   -1.258819e+00 1.550000e+01 2.203407e+01
      vertex   -1.500000e+00 1.550000e+01 2.213397e+01
      vertex   -1.500000e+00 2.100000e+01 2.213397e+01
    endloop
  endfacet
  facet normal -3.826834e-01 0.000000e+00 -9.238795e-01
    outer loop
      vertex   -1.258819e+00 1.550000e+01 2.203407e+01
      vertex   -1.500000e+00 2.100000e+01 2.213397e+01
      vertex   -1.258819e+00 2.100000e+01 2.203407e+01
    endloop
  endfacet
  facet normal 1.254525e-15 9.914449e-01 1.305262e-01
    outer loop
      vertex   -1.000000e+00 3.296593e+01 2.325882e+01
      vertex   4.615385e+00 3.296593e+01 2.325882e+01
      vertex   -1.000000e+00 3.300000e+01 2.300000e+01
    endloop
  endfacet
  facet normal 0.000000e+00 9.914449e-01 1.305262e-01
    outer loop
      vertex   -1.000000e+00 3.300000e+01 2.300000e+01
      vertex   4.615385e+00 3.296593e+01 2.325882e+01
      vertex   1.023077e+01 3.296593e+01 2.325882e+01
    endloop
  endfacet
  facet normal 0.000000e+00 9.914449e-01 1.305262e-01
    outer loop
      vertex   -1.000000e+00 3.300000e+01 2.300000e+01
      vertex   1.023077e+01 3.296593e+01 2.325882e+01
      vertex   1.584615e+01 3.296593e+01 2.325882e+01
    endloop
  endfacet
  facet normal 0.000000e+00 9.238795e-01 3.826834e-01
    outer loop
      vertex   1.584615e+01 3.296593e+01 2.325882e+01
      vertex   1.023077e+01 3.296593e+01 2.325882e+01
      vertex   1.584615e+01 3.286603e+01 2.350000e+01
    endloop
  endfacet
  facet normal 0.000000e+00 9.238795e-01 3.826834e-01
    outer loop
      vertex   1.584615e+01 3.296593e+01 2.325882e+01
      vertex   1.584615e+01 3.286603e+01 2.350000e+01
      vertex   2.146154e+01 3.286603e+01 2.350000e+01
    endloop
  endfacet
  facet normal 0.000000e+00 7.933533e-01 6.087614e-01
    outer loop
      vertex   2.146154e+01 3.286603e+01 2.350000e+01
      vertex   1.584615e+01 3.286603e+01 2.350000e+01
      vertex   2.146154e+01 3.270711e+01 2.370711e+01
    endloop
  endfacet
  facet normal 0.000000e+00 7.933533e-01 6.087614e-01
    outer loop
      vertex   2.146154e+01 3.286603e+01 2.350000e+01
      vertex   2.146154e+01 3.270711e+01 2.370711e+01
      vertex   2.707692e+01 3.270711e+01 2.370711e+01
    endloop
  endfacet
  facet normal 0.000000e+00 6.087614e-01 7.933533e-01
    outer loop
      vertex   2.707692e+01 3.270711e+01 2.370711e+01
      vertex   2.146154e+01 3.270711e+01 2.370711e+01
      vertex   2.707692e+01 3.250000e+01 2.386603e+01
    endloop
  endfacet
  facet normal 0.000000e+00 6.087614e-01 7.933533e-01
    outer loop
      vertex   2.707692e+01 3.270711e+01 2.370711e+01
      vertex   2.707692e+01 3.250000e+01 2.386603e+01
      vertex   3.269231e+01 3.250000e+01 2.386603e+01
    endloop
  endfacet
  facet normal 0.000000e+00 3.826834e-01 9.238795e-01
    outer loop
      vertex   3.269231e+01 3.250000e+01 2.386603e+01
      vertex   2.707692e+01 3.250000e+01 2.386603e+01
      vertex   3.269231e+01 3.225882e+01 2.396593e+01
    endloop
  endfacet
  facet normal 0.000000e+00 3.826834e-01 9.238795e-01
    outer loop
      vertex   3.269231e+01 3.250000e+01 2.386603e+01
      vertex   3.269231e+01 3.225882e+01 2.396593e+01
      vertex   3.830769e+01 3.225882e+01 2.396593e+01
    endloop
  endfacet
  facet normal 0.000000e+00 1.305262e-01 9.914449e-01
    outer loop
      vertex   3.830769e+01 3.225882e+01 2.396593e+01
      vertex   3.269231e+01 3.225882e+01 2.396593e+01
      vertex   7.200000e+01 3.200000e+01 2.400000e+01
    endloop
  endfacet
  facet normal -0.000000e+00 1.305262e-01 9.914449e-01
    outer loop
      vertex   3.830769e+01 3.225882e+01 2.396593e+01
      vertex   7.200000e+01 3.200000e+01 2.400000e+01
      vertex   4.392308e+01 3.225882e+01 2.396593e+01
    endloop
  endfacet
  facet normal -0.000000e+00 1.305262e-01 9.914449e-01
    outer loop
      vertex   4.392308e+01 3.225882e+01 2.396593e+01
      vertex   7.200000e+01 3.200000e+01 2.400000e+01
      vertex   4.953846e+01 3.225882e+01 2.396593e+01
    endloop
  endfacet
  facet normal -0.000000e+00 3.826834e-01 9.238795e-01
    outer loop
      vertex   4.392308e+01 3.225882e+01 2.396593e+01
      vertex   4.953846e+01 3.225882e+01 2.396593e+01
      vertex   4.392308e+01 3.250000e+01 2.386603e+01
    endloop
  endfacet
  facet normal -0.000000e+00 3.826834e-01 9.238795e-01
    outer loop
      vertex   4.392308e+01 3.250000e+01 2.386603e+01
      vertex   4.953846e+01 3.225882e+01 2.396593e+01
      vertex   4.953846e+01 3.250000e+01 2.386603e+01
    endloop
  endfacet
  facet normal -0.000000e+00 6.087614e-01 7.933533e-01
    outer loop
      vertex   4.392308e+01 3.250000e+01 2.386603e+01
      vertex   4.953846e+01 3.250000e+01 2.386603e+01
      vertex   4.392308e+01 3.270711e+01 2.370711e+01
    endloop
  endfacet
  facet normal -0.000000e+00 6.087614e-01 7.933533e-01
    outer loop
      vertex   4.392308e+01 3.270711e+01 2.370711e+01
      vertex   4.953846e+01 3.250000e+01 2.386603e+01
      vertex   4.953846e+01 3.270711e+01 2.370711e+01
    endloop
  endfacet
  facet normal -0.000000e+00 7.933533e-01 6.087614e-01
    outer loop
      vertex   4.392308e+01 3.270711e+01 2.370711e+01
      vertex   4.953846e+01 3.270711e+01 2.370711e+01
      vertex   4.392308e+01 3.286603e+01 2.350000e+01
    endloop
  endfacet
  facet normal -0.000000e+00 7.933533e-01 6.087614e-01
    outer loop
      vertex   4.392308e+01 3.286603e+01 2.350000e+01
      vertex   4.953846e+01 3.270711e+01 2.370711e+01
      vertex   4.953846e+01 3.286603e+01 2.350000e+01
    endloop
  endfacet
  facet normal -0.000000e+00 9.238795e-01 3.826834e-01
    outer loop
      vertex   4.392308e+01 3.286603e+01 2.350000e+01
      vertex   4.953846e+01 3.286603e+01 2.350000e+01
      vertex   4.392308e+01 3.296593e+01 2.325882e+01
    endloop
  endfacet
  facet normal -0.000000e+00 9.238795e-01 3.826834e-01
    outer loop
      vertex   4.392308e+01 3.296593e+01 2.325882e+01
      vertex   4.953846e+01 3.286603e+01 2.350000e+01
      vertex   4.953846e+01 3.296593e+01 2.325882e+01
    endloop
  endfacet
  facet normal -0.000000e+00 9.914449e-01 1.305262e-01
    outer loop
      vertex   4.392308e+01 3.296593e+01 2.325882e+01
      vertex   4.953846e+01 3.296593e+01 2.325882e+01
      vertex   7.200000e+01 3.300000e+01 2.300000e+01
    endloop
  endfacet
  facet normal 0.000000e+00 9.914449e-01 1.305262e-01
    outer loop
      vertex   7.200000e+01 3.300000e+01 2.300000e+01
      vertex   4.953846e+01 3.296593e+01 2.325882e+01
      vertex   5.515385e+01 3.296593e+01 2.325882e+01
    endloop
  endfacet
  facet normal 0.000000e+00 9.914449e-01 1.305262e-01
    outer loop
      vertex   7.200000e+01 3.300000e+01 2.300000e+01
      vertex   5.515385e+01 3.296593e+01 2.325882e+01
      vertex   6.076923e+01 3.296593e+01 2.325882e+01
    endloop
  endfacet
  facet normal 0.000000e+00 9.238795e-01 3.826834e-01
    outer loop
      vertex   6.076923e+01 3.296593e+01 2.325882e+01
      vertex   5.515385e+01 3.296593e+01 2.325882e+01
      vertex   6.076923e+01 3.286603e+01 2.350000e+01
    endloop
  endfacet
  facet normal 0.000000e+00 9.238795e-01 3.826834e-01
    outer loop
      vertex   6.076923e+01 3.296593e+01 2.325882e+01
      vertex   6.076923e+01 3.286603e+01 2.350000e+01
      vertex   6.638462e+01 3.286603e+01 2.350000e+01
    endloop
  endfacet
  facet normal 0.000000e+00 7.933533e-01 6.087614e-01
    outer loop
      vertex   6.638462e+01 3.286603e+01 2.350000e+01
      vertex   6.076923e+01 3.286603e+01 2.350000e+01
      vertex   6.638462e+01 3.270711e+01 2.370711e+01
    endloop
  endfacet
  facet normal 0.000000e+00 7.933533e-01 6.087614e-01
    outer loop
      vertex   6.638462e+01 3.286603e+01 2.350000e+01
      vertex   6.638462e+01 3.270711e+01 2.370711e+01
      vertex   7.200000e+01 3.270711e+01 2.370711e+01
    endloop
  endfacet
  facet normal 0.000000e+00 6.087614e-01 7.933533e-01
    outer loop
      vertex   7.200000e+01 3.270711e+01 2.370711e+01
      vertex   6.638462e+01 3.270711e+01 2.370711e+01
      vertex   7.200000e+01 3.250000e+01 2.386603e+01
    endloop
  endfacet
  facet normal 0.000000e+00 6.087614e-01 7.933533e-01
    outer loop
      vertex   7.200000e+01 3.250000e+01 2.386603e+01
      vertex   6.638462e+01 3.270711e+01 2.370711e+01
      vertex   6.638462e+01 3.250000e+01 2.386603e+01
    endloop
  endfacet
  facet normal 0.000000e+00 3.826834e-01 9.238795e-01
    outer loop
      vertex   7.200000e+01 3.250000e+01 2.386603e+01
      vertex   6.638462e+01 3.250000e+01 2.386603e+01
      vertex   7.200000e+01 3.225882e+01 2.396593e+01
    endloop
  endfacet
  facet normal -5.845155e-16 3.826834e-01 9.238795e-01
    outer loop
      vertex   7.200000e+01 3.225882e+01 2.396593e+01
      vertex   6.638462e+01 3.250000e+01 2.386603e+01
      vertex   6.638462e+01 3.225882e+01 2.396593e+01
    endloop
  endfacet
  facet normal -6.272624e-16 1.305262e-01 9.914449e-01
    outer loop
      vertex   7.200000e+01 3.225882e+01 2.396593e+01
      vertex   6.638462e+01 3.225882e+01 2.396593e+01
      vertex   7.200000e+01 3.200000e+01 2.400000e+01
    endloop
  endfacet
  facet normal 0.000000e+00 1.305262e-01 9.914449e-01
    outer loop
      vertex   7.200000e+01 3.200000e+01 2.400000e+01
      vertex   6.638462e+01 3.225882e+01 2.396593e+01
      vertex   6.076923e+01 3.225882e+01 2.396593e+01
    endloop
  endfacet
  facet normal 0.000000e+00 1.305262e-01 9.914449e-01
    outer loop
      vertex   7.200000e+01 3.200000e+01 2.400000e+01
      vertex   6.076923e+01 3.225882e+01 2.396593e+01
      vertex   5.515385e+01 3.225882e+01 2.396593e+01
    endloop
  endfacet
  facet normal -0.000000e+00 3.826834e-01 9.238795e-01
    outer loop
      vertex   5.515385e+01 3.225882e+01 2.396593e+01
      vertex   6.076923e+01 3.225882e+01 2.396593e+01
      vertex   5.515385e+01 3.250000e+01 2.386603e+01
    endloop
  endfacet
  facet normal 0.000000e+00 3.826834e-01 9.238795e-01
    outer loop
      vertex   5.515385e+01 3.225882e+01 2.396593e+01
      vertex   5.515385e+01 3.250000e+01 2.386603e+01
      vertex   4.953846e+01 3.250000e+01 2.386603e+01
    endloop
  endfacet
  facet normal -0.000000e+00 6.087614e-01 7.933533e-01
    outer loop
      vertex   4.953846e+01 3.250000e+01 2.386603e+01
      vertex   5.515385e+01 3.250000e+01 2.386603e+01
      vertex   4.953846e+01 3.270711e+01 2.370711e+01
    endloop
  endfacet
  facet normal 1.169031e-15 9.238795e-01 3.826834e-01
    outer loop
      vertex   4.615385e+00 3.296593e+01 2.325882e+01
      vertex   -1.000000e+00 3.296593e+01 2.325882e+01
      vertex   4.615385e+00 3.286603e+01 2.350000e+01
    endloop
  endfacet
  facet normal 0.000000e+00 9.238795e-01 3.826834e-01
    outer loop
      vertex   4.615385e+00 3.286603e+01 2.350000e+01
      vertex   -1.000000e+00 3.296593e+01 2.325882e+01
      vertex   -1.000000e+00 3.286603e+01 2.350000e+01
    endloop
  endfacet
  facet normal 0.000000e+00 7.933533e-01 6.087614e-01
    outer loop
      vertex   4.615385e+00 3.286603e+01 2.350000e+01
      vertex   -1.000000e+00 3.286603e+01 2.350000e+01
      vertex   4.615385e+00 3.270711e+01 2.370711e+01
    endloop
  endfacet
  facet normal 0.000000e+00 7.933533e-01 6.087614e-01
    outer loop
      vertex   4.615385e+00 3.270711e+01 2.370711e+01
      vertex   -1.000000e+00 3.286603e+01 2.350000e+01
      vertex   -1.000000e+00 3.270711e+01 2.370711e+01
    endloop
  endfacet
  facet normal 0.000000e+00 6.087614e-01 7.933533e-01
    outer loop
      vertex   4.615385e+00 3.270711e+01 2.370711e+01
      vertex   -1.000000e+00 3.270711e+01 2.370711e+01
      vertex   4.615385e+00 3.250000e+01 2.386603e+01
    endloop
  endfacet
  facet normal 0.000000e+00 6.087614e-01 7.933533e-01
    outer loop
      vertex   4.615385e+00 3.250000e+01 2.386603e+01
      vertex   -1.000000e+00 3.270711e+01 2.370711e+01
      vertex   -1.000000e+00 3.250000e+01 2.386603e+01
    endloop
  endfacet
  facet normal 0.000000e+00 3.826834e-01 9.238795e-01
    outer loop
      vertex   4.615385e+00 3.250000e+01 2.386603e+01
      vertex   -1.000000e+00 3.250000e+01 2.386603e+01
      vertex   4.615385e+00 3.225882e+01 2.396593e+01
    endloop
  endfacet
  facet normal 0.000000e+00 3.826834e-01 9.238795e-01
    outer loop
      vertex   4.615385e+00 3.225882e+01 2.396593e+01
      vertex   -1.000000e+00 3.250000e+01 2.386603e+01
      vertex   -1.000000e+00 3.225882e+01 2.396593e+01
    endloop
  endfacet
  facet normal 0.000000e+00 1.305262e-01 9.914449e-01
    outer loop
      vertex   4.615385e+00 3.225882e+01 2.396593e+01
      vertex   -1.000000e+00 3.225882e+01 2.396593e+01
      vertex   -1.000000e+00 3.200000e+01 2.400000e+01
    endloop
  endfacet
  facet normal 0.000000e+00 1.305262e-01 9.914449e-01
    outer loop
      vertex   7.200000e+01 3.200000e+01 2.400000e+01
      vertex   3.269231e+01 3.225882e+01 2.396593e+01
      vertex   -1.000000e+00 3.200000e+01 2.400000e+01
    endloop
  endfacet
  facet normal 0.000000e+00 1.305262e-01 9.914449e-01
    outer loop
      vertex   -1.000000e+00 3.200000e+01 2.400000e+01
      vertex   3.269231e+01 3.225882e+01 2.396593e+01
      vertex   2.707692e+01 3.225882e+01 2.396593e+01
    endloop
  endfacet
  facet normal 0.000000e+00 1.305262e-01 9.914449e-01
    outer loop
      vertex   -1.000000e+00 3.200000e+01 2.400000e+01
      vertex   2.707692e+01 3.225882e+01 2.396593e+01
      vertex   2.146154e+01 3.225882e+01 2.396593e+01
    endloop
  endfacet
  facet normal -0.000000e+00 3.826834e-01 9.238795e-01
    outer loop
      vertex   2.146154e+01 3.225882e+01 2.396593e+01
      vertex   2.707692e+01 3.225882e+01 2.396593e+01
      vertex   2.146154e+01 3.250000e+01 2.386603e+01
    endloop
  endfacet
  facet normal 0.000000e+00 3.826834e-01 9.238795e-01
    outer loop
      vertex   2.146154e+01 3.225882e+01 2.396593e+01
      vertex   2.146154e+01 3.250000e+01 2.386603e+01
      vertex   1.584615e+01 3.250000e+01 2.386603e+01
    endloop
  endfacet
  facet normal -0.000000e+00 6.087614e-01 7.933533e-01
    outer loop
      vertex   1.584615e+01 3.250000e+01 2.386603e+01
      vertex   2.146154e+01 3.250000e+01 2.386603e+01
      vertex   1.584615e+01 3.270711e+01 2.370711e+01
    endloop
  endfacet
  facet normal 0.000000e+00 6.087614e-01 7.933533e-01
    outer loop
      vertex   1.584615e+01 3.250000e+01 2.386603e+01
      vertex   1.584615e+01 3.270711e+01 2.370711e+01
      vertex   1.023077e+01 3.270711e+01 2.370711e+01
    endloop
  endfacet
  facet normal -0.000000e+00 7.933533e-01 6.087614e-01
    outer loop
      vertex   1.023077e+01 3.270711e+01 2.370711e+01
      vertex   1.584615e+01 3.270711e+01 2.370711e+01
      vertex   1.023077e+01 3.286603e+01 2.350000e+01
    endloop
  endfacet
  facet normal 0.000000e+00 7.933533e-01 6.087614e-01
    outer loop
      vertex   1.023077e+01 3.270711e+01 2.370711e+01
      vertex   1.023077e+01 3.286603e+01 2.350000e+01
      vertex   4.615385e+00 3.286603e+01 2.350000e+01
    endloop
  endfacet
  facet normal -0.000000e+00 9.238795e-01 3.826834e-01
    outer loop
      vertex   4.615385e+00 3.286603e+01 2.350000e+01
      vertex   1.023077e+01 3.286603e+01 2.350000e+01
      vertex   4.615385e+00 3.296593e+01 2.325882e+01
    endloop
  endfacet
  facet normal 0.000000e+00 7.933533e-01 6.087614e-01
    outer loop
      vertex   7.200000e+01 3.270711e+01 2.370711e+01
      vertex   7.200000e+01 3.286603e+01 2.350000e+01
      vertex   6.638462e+01 3.286603e+01 2.350000e+01
    endloop
  endfacet
  facet normal -0.000000e+00 9.238795e-01 3.826834e-01
    outer loop
      vertex   6.638462e+01 3.286603e+01 2.350000e+01
      vertex   7.200000e+01 3.286603e+01 2.350000e+01
      vertex   6.638462e+01 3.296593e+01 2.325882e+01
    endloop
  endfacet
  facet normal 0.000000e+00 9.238795e-01 3.826834e-01
    outer loop
      vertex   6.638462e+01 3.286603e+01 2.350000e+01
      vertex   6.638462e+01 3.296593e+01 2.325882e+01
      vertex   6.076923e+01 3.296593e+01 2.325882e+01
    endloop
  endfacet
  facet normal -0.000000e+00 9.914449e-01 1.305262e-01
    outer loop
      vertex   6.076923e+01 3.296593e+01 2.325882e+01
      vertex   6.638462e+01 3.296593e+01 2.325882e+01
      vertex   7.200000e+01 3.300000e+01 2.300000e+01
    endloop
  endfacet
  facet normal 0.000000e+00 9.238795e-01 3.826834e-01
    outer loop
      vertex   7.200000e+01 3.286603e+01 2.350000e+01
      vertex   7.200000e+01 3.296593e+01 2.325882e+01
      vertex   6.638462e+01 3.296593e+01 2.325882e+01
    endloop
  endfacet
  facet normal -0.000000e+00 9.914449e-01 1.305262e-01
    outer loop
      vertex   6.638462e+01 3.296593e+01 2.325882e+01
      vertex   7.200000e+01 3.296593e+01 2.325882e+01
      vertex   7.200000e+01 3.300000e+01 2.300000e+01
    endloop
  endfacet
  facet normal 0.000000e+00 9.914449e-01 1.305262e-01
    outer loop
      vertex   4.392308e+01 3.296593e+01 2.325882e+01
      vertex   7.200000e+01 3.300000e+01 2.300000e+01
      vertex   3.830769e+01 3.296593e+01 2.325882e+01
    endloop
  endfacet
  facet normal 0.000000e+00 9.914449e-01 1.305262e-01
    outer loop
      vertex   3.830769e+01 3.296593e+01 2.325882e+01
      vertex   7.200000e+01 3.300000e+01 2.300000e+01
      vertex   -1.000000e+00 3.300000e+01 2.300000e+01
    endloop
  endfacet
  facet normal 0.000000e+00 9.914449e-01 1.305262e-01
    outer loop
      vertex   3.830769e+01 3.296593e+01 2.325882e+01
      vertex   -1.000000e+00 3.300000e+01 2.300000e+01
      vertex   3.269231e+01 3.296593e+01 2.325882e+01
    endloop
  endfacet
  facet normal 0.000000e+00 9.914449e-01 1.305262e-01
    outer loop
      vertex   3.269231e+01 3.296593e+01 2.325882e+01
      vertex   -1.000000e+00 3.300000e+01 2.300000e+01
      vertex   2.707692e+01 3.296593e+01 2.325882e+01
    endloop
  endfacet
  facet normal 0.000000e+00 9.238795e-01 3.826834e-01
    outer loop
      vertex   3.269231e+01 3.296593e+01 2.325882e+01
      vertex   2.707692e+01 3.296593e+01 2.325882e+01
      vertex   3.269231e+01 3.286603e+01 2.350000e+01
    endloop
  endfacet
  facet normal -4.842285e-16 9.238795e-01 3.826834e-01
    outer loop
      vertex   3.269231e+01 3.286603e+01 2.350000e+01
      vertex   2.707692e+01 3.296593e+01 2.325882e+01
      vertex   2.707692e+01 3.286603e+01 2.350000e+01
    endloop
  endfacet
  facet normal -7.702963e-16 7.933533e-01 6.087614e-01
    outer loop
      vertex   3.269231e+01 3.286603e+01 2.350000e+01
      vertex   2.707692e+01 3.286603e+01 2.350000e+01
      vertex   3.269231e+01 3.270711e+01 2.370711e+01
    endloop
  endfacet
  facet normal 0.000000e+00 7.933533e-01 6.087614e-01
    outer loop
      vertex   3.269231e+01 3.270711e+01 2.370711e+01
      vertex   2.707692e+01 3.286603e+01 2.350000e+01
      vertex   2.707692e+01 3.270711e+01 2.370711e+01
    endloop
  endfacet
  facet normal 0.000000e+00 6.087614e-01 7.933533e-01
    outer loop
      vertex   3.269231e+01 3.270711e+01 2.370711e+01
      vertex   2.707692e+01 3.270711e+01 2.370711e+01
      vertex   3.269231e+01 3.250000e+01 2.386603e+01
    endloop
  endfacet
  facet normal 0.000000e+00 9.238795e-01 3.826834e-01
    outer loop
      vertex   1.584615e+01 3.286603e+01 2.350000e+01
      vertex   1.023077e+01 3.296593e+01 2.325882e+01
      vertex   1.023077e+01 3.286603e+01 2.350000e+01
    endloop
  endfacet
  facet normal 0.000000e+00 9.238795e-01 3.826834e-01
    outer loop
      vertex   1.023077e+01 3.286603e+01 2.350000e+01
      vertex   1.023077e+01 3.296593e+01 2.325882e+01
      vertex   4.615385e+00 3.296593e+01 2.325882e+01
    endloop
  endfacet
  facet normal 0.000000e+00 9.914449e-01 1.305262e-01
    outer loop
      vertex   2.707692e+01 3.296593e+01 2.325882e+01
      vertex   -1.000000e+00 3.300000e+01 2.300000e+01
      vertex   2.146154e+01 3.296593e+01 2.325882e+01
    endloop
  endfacet
  facet normal 0.000000e+00 9.914449e-01 1.305262e-01
    outer loop
      vertex   2.146154e+01 3.296593e+01 2.325882e+01
      vertex   -1.000000e+00 3.300000e+01 2.300000e+01
      vertex   1.584615e+01 3.296593e+01 2.325882e+01
    endloop
  endfacet
  facet normal 0.000000e+00 9.238795e-01 3.826834e-01
    outer loop
      vertex   2.146154e+01 3.296593e+01 2.325882e+01
      vertex   1.584615e+01 3.296593e+01 2.325882e+01
      vertex   2.146154e+01 3.286603e+01 2.350000e+01
    endloop
  endfacet
  facet normal 0.000000e+00 9.238795e-01 3.826834e-01
    outer loop
      vertex   2.707692e+01 3.286603e+01 2.350000e+01
      vertex   2.707692e+01 3.296593e+01 2.325882e+01
      vertex   2.146154e+01 3.296593e+01 2.325882e+01
    endloop
  endfacet
  facet normal 0.000000e+00 9.238795e-01 3.826834e-01
    outer loop
      vertex   2.707692e+01 3.286603e+01 2.350000e+01
      vertex   2.146154e+01 3.296593e+01 2.325882e+01
      vertex   2.146154e+01 3.286603e+01 2.350000e+01
    endloop
  endfacet
  facet normal 0.000000e+00 9.238795e-01 3.826834e-01
    outer loop
      vertex   4.392308e+01 3.286603e+01 2.350000e+01
      vertex   4.392308e+01 3.296593e+01 2.325882e+01
      vertex   3.830769e+01 3.296593e+01 2.325882e+01
    endloop
  endfacet
  facet normal 0.000000e+00 9.238795e-01 3.826834e-01
    outer loop
      vertex   3.830769e+01 3.296593e+01 2.325882e+01
      vertex   3.269231e+01 3.296593e+01 2.325882e+01
      vertex   3.830769e+01 3.286603e+01 2.350000e+01
    endloop
  endfacet
  facet normal 0.000000e+00 9.238795e-01 3.826834e-01
    outer loop
      vertex   3.830769e+01 3.286603e+01 2.350000e+01
      vertex   3.269231e+01 3.296593e+01 2.325882e+01
      vertex   3.269231e+01 3.286603e+01 2.350000e+01
    endloop
  endfacet
  facet normal 0.000000e+00 7.933533e-01 6.087614e-01
    outer loop
      vertex   3.830769e+01 3.286603e+01 2.350000e+01
      vertex   3.269231e+01 3.286603e+01 2.350000e+01
      vertex   3.830769e+01 3.270711e+01 2.370711e+01
    endloop
  endfacet
  facet normal 0.000000e+00 7.933533e-01 6.087614e-01
    outer loop
      vertex   3.830769e+01 3.270711e+01 2.370711e+01
      vertex   3.269231e+01 3.286603e+01 2.350000e+01
      vertex   3.269231e+01 3.270711e+01 2.370711e+01
    endloop
  endfacet
  facet normal 0.000000e+00 6.087614e-01 7.933533e-01
    outer loop
      vertex   3.830769e+01 3.270711e+01 2.370711e+01
      vertex   3.269231e+01 3.270711e+01 2.370711e+01
      vertex   3.830769e+01 3.250000e+01 2.386603e+01
    endloop
  endfacet
  facet normal 0.000000e+00 6.087614e-01 7.933533e-01
    outer loop
      vertex   3.830769e+01 3.250000e+01 2.386603e+01
      vertex   3.269231e+01 3.270711e+01 2.370711e+01
      vertex   3.269231e+01 3.250000e+01 2.386603e+01
    endloop
  endfacet
  facet normal 0.000000e+00 3.826834e-01 9.238795e-01
    outer loop
      vertex   3.830769e+01 3.250000e+01 2.386603e+01
      vertex   3.269231e+01 3.250000e+01 2.386603e+01
      vertex   3.830769e+01 3.225882e+01 2.396593e+01
    endloop
  endfacet
  facet normal 0.000000e+00 9.238795e-01 3.826834e-01
    outer loop
      vertex   5.515385e+01 3.296593e+01 2.325882e+01
      vertex   4.953846e+01 3.296593e+01 2.325882e+01
      vertex   5.515385e+01 3.286603e+01 2.350000e+01
    endloop
  endfacet
  facet normal 0.000000e+00 9.238795e-01 3.826834e-01
    outer loop
      vertex   5.515385e+01 3.286603e+01 2.350000e+01
      vertex   4.953846e+01 3.296593e+01 2.325882e+01
      vertex   4.953846e+01 3.286603e+01 2.350000e+01
    endloop
  endfacet
  facet normal 0.000000e+00 7.933533e-01 6.087614e-01
    outer loop
      vertex   5.515385e+01 3.286603e+01 2.350000e+01
      vertex   4.953846e+01 3.286603e+01 2.350000e+01
      vertex   5.515385e+01 3.270711e+01 2.370711e+01
    endloop
  endfacet
  facet normal 0.000000e+00 7.933533e-01 6.087614e-01
    outer loop
      vertex   5.515385e+01 3.270711e+01 2.370711e+01
      vertex   4.953846e+01 3.286603e+01 2.350000e+01
      vertex   4.953846e+01 3.270711e+01 2.370711e+01
    endloop
  endfacet
  facet normal 0.000000e+00 6.087614e-01 7.933533e-01
    outer loop
      vertex   5.515385e+01 3.270711e+01 2.370711e+01
      vertex   4.953846e+01 3.270711e+01 2.370711e+01
      vertex   5.515385e+01 3.250000e+01 2.386603e+01
    endloop
  endfacet
  facet normal 0.000000e+00 7.933533e-01 6.087614e-01
    outer loop
      vertex   1.023077e+01 3.270711e+01 2.370711e+01
      vertex   4.615385e+00 3.286603e+01 2.350000e+01
      vertex   4.615385e+00 3.270711e+01 2.370711e+01
    endloop
  endfacet
  facet normal 0.000000e+00 7.933533e-01 6.087614e-01
    outer loop
      vertex   2.146154e+01 3.270711e+01 2.370711e+01
      vertex   1.584615e+01 3.286603e+01 2.350000e+01
      vertex   1.584615e+01 3.270711e+01 2.370711e+01
    endloop
  endfacet
  facet normal 0.000000e+00 7.933533e-01 6.087614e-01
    outer loop
      vertex   1.584615e+01 3.270711e+01 2.370711e+01
      vertex   1.584615e+01 3.286603e+01 2.350000e+01
      vertex   1.023077e+01 3.286603e+01 2.350000e+01
    endloop
  endfacet
  facet normal 0.000000e+00 7.933533e-01 6.087614e-01
    outer loop
      vertex   2.707692e+01 3.270711e+01 2.370711e+01
      vertex   2.707692e+01 3.286603e+01 2.350000e+01
      vertex   2.146154e+01 3.286603e+01 2.350000e+01
    endloop
  endfacet
  facet normal 0.000000e+00 7.933533e-01 6.087614e-01
    outer loop
      vertex   4.392308e+01 3.270711e+01 2.370711e+01
      vertex   4.392308e+01 3.286603e+01 2.350000e+01
      vertex   3.830769e+01 3.286603e+01 2.350000e+01
    endloop
  endfacet
  facet normal -0.000000e+00 9.238795e-01 3.826834e-01
    outer loop
      vertex   3.830769e+01 3.286603e+01 2.350000e+01
      vertex   4.392308e+01 3.286603e+01 2.350000e+01
      vertex   3.830769e+01 3.296593e+01 2.325882e+01
    endloop
  endfacet
  facet normal 0.000000e+00 7.933533e-01 6.087614e-01
    outer loop
      vertex   4.392308e+01 3.270711e+01 2.370711e+01
      vertex   3.830769e+01 3.286603e+01 2.350000e+01
      vertex   3.830769e+01 3.270711e+01 2.370711e+01
    endloop
  endfacet
  facet normal 0.000000e+00 9.238795e-01 3.826834e-01
    outer loop
      vertex   5.515385e+01 3.296593e+01 2.325882e+01
      vertex   5.515385e+01 3.286603e+01 2.350000e+01
      vertex   6.076923e+01 3.286603e+01 2.350000e+01
    endloop
  endfacet
  facet normal 0.000000e+00 7.933533e-01 6.087614e-01
    outer loop
      vertex   6.076923e+01 3.286603e+01 2.350000e+01
      vertex   5.515385e+01 3.286603e+01 2.350000e+01
      vertex   6.076923e+01 3.270711e+01 2.370711e+01
    endloop
  endfacet
  facet normal 0.000000e+00 7.933533e-01 6.087614e-01
    outer loop
      vertex   6.076923e+01 3.286603e+01 2.350000e+01
      vertex   6.076923e+01 3.270711e+01 2.370711e+01
      vertex   6.638462e+01 3.270711e+01 2.370711e+01
    endloop
  endfacet
  facet normal 0.000000e+00 6.087614e-01 7.933533e-01
    outer loop
      vertex   6.638462e+01 3.270711e+01 2.370711e+01
      vertex   6.076923e+01 3.270711e+01 2.370711e+01
      vertex   6.638462e+01 3.250000e+01 2.386603e+01
    endloop
  endfacet
  facet normal 0.000000e+00 7.933533e-01 6.087614e-01
    outer loop
      vertex   6.076923e+01 3.270711e+01 2.370711e+01
      vertex   5.515385e+01 3.286603e+01 2.350000e+01
      vertex   5.515385e+01 3.270711e+01 2.370711e+01
    endloop
  endfacet
  facet normal 0.000000e+00 6.087614e-01 7.933533e-01
    outer loop
      vertex   1.023077e+01 3.270711e+01 2.370711e+01
      vertex   4.615385e+00 3.270711e+01 2.370711e+01
      vertex   1.023077e+01 3.250000e+01 2.386603e+01
    endloop
  endfacet
  facet normal 0.000000e+00 6.087614e-01 7.933533e-01
    outer loop
      vertex   1.023077e+01 3.250000e+01 2.386603e+01
      vertex   4.615385e+00 3.270711e+01 2.370711e+01
      vertex   4.615385e+00 3.250000e+01 2.386603e+01
    endloop
  endfacet
  facet normal 0.000000e+00 3.826834e-01 9.238795e-01
    outer loop
      vertex   1.023077e+01 3.250000e+01 2.386603e+01
      vertex   4.615385e+00 3.250000e+01 2.386603e+01
      vertex   1.023077e+01 3.225882e+01 2.396593e+01
    endloop
  endfacet
  facet normal 0.000000e+00 3.826834e-01 9.238795e-01
    outer loop
      vertex   1.023077e+01 3.225882e+01 2.396593e+01
      vertex   4.615385e+00 3.250000e+01 2.386603e+01
      vertex   4.615385e+00 3.225882e+01 2.396593e+01
    endloop
  endfacet
  facet normal 0.000000e+00 1.305262e-01 9.914449e-01
    outer loop
      vertex   1.023077e+01 3.225882e+01 2.396593e+01
      vertex   4.615385e+00 3.225882e+01 2.396593e+01
      vertex   -1.000000e+00 3.200000e+01 2.400000e+01
    endloop
  endfacet
  facet normal 0.000000e+00 6.087614e-01 7.933533e-01
    outer loop
      vertex   2.707692e+01 3.250000e+01 2.386603e+01
      vertex   2.146154e+01 3.270711e+01 2.370711e+01
      vertex   2.146154e+01 3.250000e+01 2.386603e+01
    endloop
  endfacet
  facet normal 0.000000e+00 6.087614e-01 7.933533e-01
    outer loop
      vertex   2.146154e+01 3.250000e+01 2.386603e+01
      vertex   2.146154e+01 3.270711e+01 2.370711e+01
      vertex   1.584615e+01 3.270711e+01 2.370711e+01
    endloop
  endfacet
  facet normal 0.000000e+00 6.087614e-01 7.933533e-01
    outer loop
      vertex   4.392308e+01 3.250000e+01 2.386603e+01
      vertex   4.392308e+01 3.270711e+01 2.370711e+01
      vertex   3.830769e+01 3.270711e+01 2.370711e+01
    endloop
  endfacet
  facet normal 0.000000e+00 6.087614e-01 7.933533e-01
    outer loop
      vertex   4.392308e+01 3.250000e+01 2.386603e+01
      vertex   3.830769e+01 3.270711e+01 2.370711e+01
      vertex   3.830769e+01 3.250000e+01 2.386603e+01
    endloop
  endfacet
  facet normal 0.000000e+00 6.087614e-01 7.933533e-01
    outer loop
      vertex   6.076923e+01 3.270711e+01 2.370711e+01
      vertex   5.515385e+01 3.270711e+01 2.370711e+01
      vertex   6.076923e+01 3.250000e+01 2.386603e+01
    endloop
  endfacet
  facet normal 0.000000e+00 6.087614e-01 7.933533e-01
    outer loop
      vertex   6.076923e+01 3.250000e+01 2.386603e+01
      vertex   5.515385e+01 3.270711e+01 2.370711e+01
      vertex   5.515385e+01 3.250000e+01 2.386603e+01
    endloop
  endfacet
  facet normal 0.000000e+00 3.826834e-01 9.238795e-01
    outer loop
      vertex   6.076923e+01 3.250000e+01 2.386603e+01
      vertex   5.515385e+01 3.250000e+01 2.386603e+01
      vertex   6.076923e+01 3.225882e+01 2.396593e+01
    endloop
  endfacet
  facet normal 0.000000e+00 6.087614e-01 7.933533e-01
    outer loop
      vertex   1.023077e+01 3.270711e+01 2.370711e+01
      vertex   1.023077e+01 3.250000e+01 2.386603e+01
      vertex   1.584615e+01 3.250000e+01 2.386603e+01
    endloop
  endfacet
  facet normal 0.000000e+00 3.826834e-01 9.238795e-01
    outer loop
      vertex   1.584615e+01 3.250000e+01 2.386603e+01
      vertex   1.023077e+01 3.250000e+01 2.386603e+01
      vertex   1.584615e+01 3.225882e+01 2.396593e+01
    endloop
  endfacet
  facet normal 0.000000e+00 3.826834e-01 9.238795e-01
    outer loop
      vertex   1.584615e+01 3.250000e+01 2.386603e+01
      vertex   1.584615e+01 3.225882e+01 2.396593e+01
      vertex   2.146154e+01 3.225882e+01 2.396593e+01
    endloop
  endfacet
  facet normal 0.000000e+00 1.305262e-01 9.914449e-01
    outer loop
      vertex   2.146154e+01 3.225882e+01 2.396593e+01
      vertex   1.584615e+01 3.225882e+01 2.396593e+01
      vertex   -1.000000e+00 3.200000e+01 2.400000e+01
    endloop
  endfacet
  facet normal 0.000000e+00 3.826834e-01 9.238795e-01
    outer loop
      vertex   1.584615e+01 3.225882e+01 2.396593e+01
      vertex   1.023077e+01 3.250000e+01 2.386603e+01
      vertex   1.023077e+01 3.225882e+01 2.396593e+01
    endloop
  endfacet
  facet normal 0.000000e+00 3.826834e-01 9.238795e-01
    outer loop
      vertex   3.269231e+01 3.225882e+01 2.396593e+01
      vertex   2.707692e+01 3.250000e+01 2.386603e+01
      vertex   2.707692e+01 3.225882e+01 2.396593e+01
    endloop
  endfacet
  facet normal 0.000000e+00 3.826834e-01 9.238795e-01
    outer loop
      vertex   2.707692e+01 3.225882e+01 2.396593e+01
      vertex   2.707692e+01 3.250000e+01 2.386603e+01
      vertex   2.146154e+01 3.250000e+01 2.386603e+01
    endloop
  endfacet
  facet normal 0.000000e+00 3.826834e-01 9.238795e-01
    outer loop
      vertex   4.392308e+01 3.225882e+01 2.396593e+01
      vertex   4.392308e+01 3.250000e+01 2.386603e+01
      vertex   3.830769e+01 3.250000e+01 2.386603e+01
    endloop
  endfacet
  facet normal 0.000000e+00 3.826834e-01 9.238795e-01
    outer loop
      vertex   4.392308e+01 3.225882e+01 2.396593e+01
      vertex   3.830769e+01 3.250000e+01 2.386603e+01
      vertex   3.830769e+01 3.225882e+01 2.396593e+01
    endloop
  endfacet
  facet normal 0.000000e+00 3.826834e-01 9.238795e-01
    outer loop
      vertex   5.515385e+01 3.225882e+01 2.396593e+01
      vertex   4.953846e+01 3.250000e+01 2.386603e+01
      vertex   4.953846e+01 3.225882e+01 2.396593e+01
    endloop
  endfacet
  facet normal 0.000000e+00 3.826834e-01 9.238795e-01
    outer loop
      vertex   6.638462e+01 3.225882e+01 2.396593e+01
      vertex   6.638462e+01 3.250000e+01 2.386603e+01
      vertex   6.076923e+01 3.250000e+01 2.386603e+01
    endloop
  endfacet
  facet normal -0.000000e+00 6.087614e-01 7.933533e-01
    outer loop
      vertex   6.076923e+01 3.250000e+01 2.386603e+01
      vertex   6.638462e+01 3.250000e+01 2.386603e+01
      vertex   6.076923e+01 3.270711e+01 2.370711e+01
    endloop
  endfacet
  facet normal 0.000000e+00 3.826834e-01 9.238795e-01
    outer loop
      vertex   6.638462e+01 3.225882e+01 2.396593e+01
      vertex   6.076923e+01 3.250000e+01 2.386603e+01
      vertex   6.076923e+01 3.225882e+01 2.396593e+01
    endloop
  endfacet
  facet normal 0.000000e+00 1.305262e-01 9.914449e-01
    outer loop
      vertex   -1.000000e+00 3.200000e+01 2.400000e+01
      vertex   1.584615e+01 3.225882e+01 2.396593e+01
      vertex   1.023077e+01 3.225882e+01 2.396593e+01
    endloop
  endfacet
  facet normal 0.000000e+00 1.305262e-01 9.914449e-01
    outer loop
      vertex   7.200000e+01 3.200000e+01 2.400000e+01
      vertex   5.515385e+01 3.225882e+01 2.396593e+01
      vertex   4.953846e+01 3.225882e+01 2.396593e+01
    endloop
  endfacet
  facet normal 9.914449e-01 0.000000e+00 1.305262e-01
    outer loop
      vertex   7.296593e+01 3.200000e+01 2.325882e+01
      vertex   7.296593e+01 2.650000e+01 2.325882e+01
      vertex   7.300000e+01 3.200000e+01 2.300000e+01
    endloop
  endfacet
  facet normal 9.914449e-01 0.000000e+00 1.305262e-01
    outer loop
      vertex   7.300000e+01 3.200000e+01 2.300000e+01
      vertex   7.296593e+01 2.650000e+01 2.325882e+01
      vertex   7.296593e+01 2.100000e+01 2.325882e+01
    endloop
  endfacet
  facet normal 9.914449e-01 0.000000e+00 1.305262e-01
    outer loop
      vertex   7.300000e+01 3.200000e+01 2.300000e+01
      vertex   7.296593e+01 2.100000e+01 2.325882e+01
      vertex   7.296593e+01 1.550000e+01 2.325882e+01
    endloop
  endfacet
  facet normal 9.238795e-01 -0.000000e+00 3.826834e-01
    outer loop
      vertex   7.296593e+01 1.550000e+01 2.325882e+01
      vertex   7.296593e+01 2.100000e+01 2.325882e+01
      vertex   7.286603e+01 1.550000e+01 2.350000e+01
    endloop
  endfacet
  facet normal 9.238795e-01 0.000000e+00 3.826834e-01
    outer loop
      vertex   7.296593e+01 1.550000e+01 2.325882e+01
      vertex   7.286603e+01 1.550000e+01 2.350000e+01
      vertex   7.286603e+01 1.000000e+01 2.350000e+01
    endloop
  endfacet
  facet normal 7.933533e-01 -0.000000e+00 6.087614e-01
    outer loop
      vertex   7.286603e+01 1.000000e+01 2.350000e+01
      vertex   7.286603e+01 1.550000e+01 2.350000e+01
      vertex   7.270711e+01 1.000000e+01 2.370711e+01
    endloop
  endfacet
  facet normal 7.933533e-01 0.000000e+00 6.087614e-01
    outer loop
      vertex   7.286603e+01 1.000000e+01 2.350000e+01
      vertex   7.270711e+01 1.000000e+01 2.370711e+01
      vertex   7.270711e+01 4.500000e+00 2.370711e+01
    endloop
  endfacet
  facet normal 6.087614e-01 -0.000000e+00 7.933533e-01
    outer loop
      vertex   7.270711e+01 4.500000e+00 2.370711e+01
      vertex   7.270711e+01 1.000000e+01 2.370711e+01
      vertex   7.250000e+01 4.500000e+00 2.386603e+01
    endloop
  endfacet
  facet normal 6.087614e-01 0.000000e+00 7.933533e-01
    outer loop
      vertex   7.270711e+01 4.500000e+00 2.370711e+01
      vertex   7.250000e+01 4.500000e+00 2.386603e+01
      vertex   7.250000e+01 -1.000000e+00 2.386603e+01
    endloop
  endfacet
  facet normal 3.826834e-01 -0.000000e+00 9.238795e-01
    outer loop
      vertex   7.250000e+01 -1.000000e+00 2.386603e+01
      vertex   7.250000e+01 4.500000e+00 2.386603e+01
      vertex   7.225882e+01 -1.000000e+00 2.396593e+01
    endloop
  endfacet
  facet normal 3.826834e-01 5.967781e-16 9.238795e-01
    outer loop
      vertex   7.225882e+01 -1.000000e+00 2.396593e+01
      vertex   7.250000e+01 4.500000e+00 2.386603e+01
      vertex   7.225882e+01 4.500000e+00 2.396593e+01
    endloop
  endfacet
  facet normal 1.305262e-01 6.404218e-16 9.914449e-01
    outer loop
      vertex   7.225882e+01 -1.000000e+00 2.396593e+01
      vertex   7.225882e+01 4.500000e+00 2.396593e+01
      vertex   7.200000e+01 -1.000000e+00 2.400000e+01
    endloop
  endfacet
  facet normal 1.305262e-01 0.000000e+00 9.914449e-01
    outer loop
      vertex   7.200000e+01 -1.000000e+00 2.400000e+01
      vertex   7.225882e+01 4.500000e+00 2.396593e+01
      vertex   7.225882e+01 1.000000e+01 2.396593e+01
    endloop
  endfacet
  facet normal 1.305262e-01 3.370886e-16 9.914449e-01
    outer loop
      vertex   7.200000e+01 -1.000000e+00 2.400000e+01
      vertex   7.225882e+01 1.000000e+01 2.396593e+01
      vertex   7.225882e+01 1.550000e+01 2.396593e+01
    endloop
  endfacet
  facet normal 3.826834e-01 9.887743e-16 9.238795e-01
    outer loop
      vertex   7.225882e+01 1.550000e+01 2.396593e+01
      vertex   7.225882e+01 1.000000e+01 2.396593e+01
      vertex   7.250000e+01 1.550000e+01 2.386603e+01
    endloop
  endfacet
  facet normal 3.826834e-01 0.000000e+00 9.238795e-01
    outer loop
      vertex   7.225882e+01 1.550000e+01 2.396593e+01
      vertex   7.250000e+01 1.550000e+01 2.386603e+01
      vertex   7.250000e+01 2.100000e+01 2.386603e+01
    endloop
  endfacet
  facet normal 6.087614e-01 0.000000e+00 7.933533e-01
    outer loop
      vertex   7.250000e+01 2.100000e+01 2.386603e+01
      vertex   7.250000e+01 1.550000e+01 2.386603e+01
      vertex   7.270711e+01 2.100000e+01 2.370711e+01
    endloop
  endfacet
  facet normal 6.087614e-01 0.000000e+00 7.933533e-01
    outer loop
      vertex   7.250000e+01 2.100000e+01 2.386603e+01
      vertex   7.270711e+01 2.100000e+01 2.370711e+01
      vertex   7.270711e+01 2.650000e+01 2.370711e+01
    endloop
  endfacet
  facet normal 7.933533e-01 0.000000e+00 6.087614e-01
    outer loop
      vertex   7.270711e+01 2.650000e+01 2.370711e+01
      vertex   7.270711e+01 2.100000e+01 2.370711e+01
      vertex   7.286603e+01 2.650000e+01 2.350000e+01
    endloop
  endfacet
  facet normal 7.933533e-01 7.877483e-16 6.087614e-01
    outer loop
      vertex   7.270711e+01 2.650000e+01 2.370711e+01
      vertex   7.286603e+01 2.650000e+01 2.350000e+01
      vertex   7.286603e+01 3.200000e+01 2.350000e+01
    endloop
  endfacet
  facet normal 9.238795e-01 4.943872e-16 3.826834e-01
    outer loop
      vertex   7.286603e+01 3.200000e+01 2.350000e+01
      vertex   7.286603e+01 2.650000e+01 2.350000e+01
      vertex   7.296593e+01 3.200000e+01 2.325882e+01
    endloop
  endfacet
  facet normal 9.238795e-01 0.000000e+00 3.826834e-01
    outer loop
      vertex   7.296593e+01 3.200000e+01 2.325882e+01
      vertex   7.286603e+01 2.650000e+01 2.350000e+01
      vertex   7.296593e+01 2.650000e+01 2.325882e+01
    endloop
  endfacet
  facet normal 7.933533e-01 0.000000e+00 6.087614e-01
    outer loop
      vertex   7.286603e+01 3.200000e+01 2.350000e+01
      vertex   7.270711e+01 3.200000e+01 2.370711e+01
      vertex   7.270711e+01 2.650000e+01 2.370711e+01
    endloop
  endfacet
  facet normal 6.087614e-01 -0.000000e+00 7.933533e-01
    outer loop
      vertex   7.270711e+01 2.650000e+01 2.370711e+01
      vertex   7.270711e+01 3.200000e+01 2.370711e+01
      vertex   7.250000e+01 2.650000e+01 2.386603e+01
    endloop
  endfacet
  facet normal 6.087614e-01 0.000000e+00 7.933533e-01
    outer loop
      vertex   7.270711e+01 2.650000e+01 2.370711e+01
      vertex   7.250000e+01 2.650000e+01 2.386603e+01
      vertex   7.250000e+01 2.100000e+01 2.386603e+01
    endloop
  endfacet
  facet normal 3.826834e-01 -0.000000e+00 9.238795e-01
    outer loop
      vertex   7.250000e+01 2.100000e+01 2.386603e+01
      vertex   7.250000e+01 2.650000e+01 2.386603e+01
      vertex   7.225882e+01 2.100000e+01 2.396593e+01
    endloop
  endfacet
  facet normal 3.826834e-01 0.000000e+00 9.238795e-01
    outer loop
      vertex   7.250000e+01 2.100000e+01 2.386603e+01
      vertex   7.225882e+01 2.100000e+01 2.396593e+01
      vertex   7.225882e+01 1.550000e+01 2.396593e+01
    endloop
  endfacet
  facet normal 1.305262e-01 -0.000000e+00 9.914449e-01
    outer loop
      vertex   7.225882e+01 1.550000e+01 2.396593e+01
      vertex   7.225882e+01 2.100000e+01 2.396593e+01
      vertex   7.200000e+01 3.200000e+01 2.400000e+01
    endloop
  endfacet
  facet normal 1.305262e-01 0.000000e+00 9.914449e-01
    outer loop
      vertex   7.225882e+01 1.550000e+01 2.396593e+01
      vertex   7.200000e+01 3.200000e+01 2.400000e+01
      vertex   7.200000e+01 -1.000000e+00 2.400000e+01
    endloop
  endfacet
  facet normal 6.087614e-01 5.171109e-16 7.933533e-01
    outer loop
      vertex   7.270711e+01 3.200000e+01 2.370711e+01
      vertex   7.250000e+01 3.200000e+01 2.386603e+01
      vertex   7.250000e+01 2.650000e+01 2.386603e+01
    endloop
  endfacet
  facet normal 3.826834e-01 5.967781e-16 9.238795e-01
    outer loop
      vertex   7.250000e+01 2.650000e+01 2.386603e+01
      vertex   7.250000e+01 3.200000e+01 2.386603e+01
      vertex   7.225882e+01 2.650000e+01 2.396593e+01
    endloop
  endfacet
  facet normal 3.826834e-01 0.000000e+00 9.238795e-01
    outer loop
      vertex   7.250000e+01 2.650000e+01 2.386603e+01
      vertex   7.225882e+01 2.650000e+01 2.396593e+01
      vertex   7.225882e+01 2.100000e+01 2.396593e+01
    endloop
  endfacet
  facet normal 1.305262e-01 -0.000000e+00 9.914449e-01
    outer loop
      vertex   7.225882e+01 2.100000e+01 2.396593e+01
      vertex   7.225882e+01 2.650000e+01 2.396593e+01
      vertex   7.200000e+01 3.200000e+01 2.400000e+01
    endloop
  endfacet
  facet normal 3.826834e-01 0.000000e+00 9.238795e-01
    outer loop
      vertex   7.250000e+01 3.200000e+01 2.386603e+01
      vertex   7.225882e+01 3.200000e+01 2.396593e+01
      vertex   7.225882e+01 2.650000e+01 2.396593e+01
    endloop
  endfacet
  facet normal 1.305262e-01 -0.000000e+00 9.914449e-01
    outer loop
      vertex   7.225882e+01 2.650000e+01 2.396593e+01
      vertex   7.225882e+01 3.200000e+01 2.396593e+01
      vertex   7.200000e+01 3.200000e+01 2.400000e+01
    endloop
  endfacet
  facet normal 6.087614e-01 0.000000e+00 7.933533e-01
    outer loop
      vertex   7.250000e+01 -1.000000e+00 2.386603e+01
      vertex   7.270711e+01 -1.000000e+00 2.370711e+01
      vertex   7.270711e+01 4.500000e+00 2.370711e+01
    endloop
  endfacet
  facet normal 7.933533e-01 0.000000e+00 6.087614e-01
    outer loop
      vertex   7.270711e+01 4.500000e+00 2.370711e+01
      vertex   7.270711e+01 -1.000000e+00 2.370711e+01
      vertex   7.286603e+01 4.500000e+00 2.350000e+01
    endloop
  endfacet
  facet normal 7.933533e-01 0.000000e+00 6.087614e-01
    outer loop
      vertex   7.270711e+01 4.500000e+00 2.370711e+01
      vertex   7.286603e+01 4.500000e+00 2.350000e+01
      vertex   7.286603e+01 1.000000e+01 2.350000e+01
    endloop
  endfacet
  facet normal 9.238795e-01 0.000000e+00 3.826834e-01
    outer loop
      vertex   7.286603e+01 1.000000e+01 2.350000e+01
      vertex   7.286603e+01 4.500000e+00 2.350000e+01
      vertex   7.296593e+01 1.000000e+01 2.325882e+01
    endloop
  endfacet
  facet normal 9.238795e-01 0.000000e+00 3.826834e-01
    outer loop
      vertex   7.286603e+01 1.000000e+01 2.350000e+01
      vertex   7.296593e+01 1.000000e+01 2.325882e+01
      vertex   7.296593e+01 1.550000e+01 2.325882e+01
    endloop
  endfacet
  facet normal 9.914449e-01 0.000000e+00 1.305262e-01
    outer loop
      vertex   7.296593e+01 1.550000e+01 2.325882e+01
      vertex   7.296593e+01 1.000000e+01 2.325882e+01
      vertex   7.300000e+01 -1.000000e+00 2.300000e+01
    endloop
  endfacet
  facet normal 9.914449e-01 0.000000e+00 1.305262e-01
    outer loop
      vertex   7.296593e+01 1.550000e+01 2.325882e+01
      vertex   7.300000e+01 -1.000000e+00 2.300000e+01
      vertex   7.300000e+01 3.200000e+01 2.300000e+01
    endloop
  endfacet
  facet normal 7.933533e-01 7.877483e-16 6.087614e-01
    outer loop
      vertex   7.270711e+01 -1.000000e+00 2.370711e+01
      vertex   7.286603e+01 -1.000000e+00 2.350000e+01
      vertex   7.286603e+01 4.500000e+00 2.350000e+01
    endloop
  endfacet
  facet normal 9.238795e-01 4.943872e-16 3.826834e-01
    outer loop
      vertex   7.286603e+01 4.500000e+00 2.350000e+01
      vertex   7.286603e+01 -1.000000e+00 2.350000e+01
      vertex   7.296593e+01 4.500000e+00 2.325882e+01
    endloop
  endfacet
  facet normal 9.238795e-01 0.000000e+00 3.826834e-01
    outer loop
      vertex   7.286603e+01 4.500000e+00 2.350000e+01
      vertex   7.296593e+01 4.500000e+00 2.325882e+01
      vertex   7.296593e+01 1.000000e+01 2.325882e+01
    endloop
  endfacet
  facet normal 9.914449e-01 0.000000e+00 1.305262e-01
    outer loop
      vertex   7.296593e+01 1.000000e+01 2.325882e+01
      vertex   7.296593e+01 4.500000e+00 2.325882e+01
      vertex   7.300000e+01 -1.000000e+00 2.300000e+01
    endloop
  endfacet
  facet normal 9.238795e-01 0.000000e+00 3.826834e-01
    outer loop
      vertex   7.286603e+01 -1.000000e+00 2.350000e+01
      vertex   7.296593e+01 -1.000000e+00 2.325882e+01
      vertex   7.296593e+01 4.500000e+00 2.325882e+01
    endloop
  endfacet
  facet normal 9.914449e-01 0.000000e+00 1.305262e-01
    outer loop
      vertex   7.296593e+01 4.500000e+00 2.325882e+01
      vertex   7.296593e+01 -1.000000e+00 2.325882e+01
      vertex   7.300000e+01 -1.000000e+00 2.300000e+01
    endloop
  endfacet
  facet normal 9.238795e-01 -0.000000e+00 3.826834e-01
    outer loop
      vertex   7.296593e+01 2.100000e+01 2.325882e+01
      vertex   7.296593e+01 2.650000e+01 2.325882e+01
      vertex   7.286603e+01 2.100000e+01 2.350000e+01
    endloop
  endfacet
  facet normal 9.238795e-01 2.387112e-15 3.826834e-01
    outer loop
      vertex   7.286603e+01 2.100000e+01 2.350000e+01
      vertex   7.296593e+01 2.650000e+01 2.325882e+01
      vertex   7.286603e+01 2.650000e+01 2.350000e+01
    endloop
  endfacet
  facet normal 7.933533e-01 2.049860e-15 6.087614e-01
    outer loop
      vertex   7.286603e+01 2.100000e+01 2.350000e+01
      vertex   7.286603e+01 2.650000e+01 2.350000e+01
      vertex   7.270711e+01 2.100000e+01 2.370711e+01
    endloop
  endfacet
  facet normal 9.238795e-01 -4.953632e-16 3.826834e-01
    outer loop
      vertex   7.296593e+01 2.100000e+01 2.325882e+01
      vertex   7.286603e+01 2.100000e+01 2.350000e+01
      vertex   7.286603e+01 1.550000e+01 2.350000e+01
    endloop
  endfacet
  facet normal 7.933533e-01 -7.864564e-16 6.087614e-01
    outer loop
      vertex   7.286603e+01 1.550000e+01 2.350000e+01
      vertex   7.286603e+01 2.100000e+01 2.350000e+01
      vertex   7.270711e+01 1.550000e+01 2.370711e+01
    endloop
  endfacet
  facet normal 7.933533e-01 0.000000e+00 6.087614e-01
    outer loop
      vertex   7.286603e+01 1.550000e+01 2.350000e+01
      vertex   7.270711e+01 1.550000e+01 2.370711e+01
      vertex   7.270711e+01 1.000000e+01 2.370711e+01
    endloop
  endfacet
  facet normal 6.087614e-01 -0.000000e+00 7.933533e-01
    outer loop
      vertex   7.270711e+01 1.000000e+01 2.370711e+01
      vertex   7.270711e+01 1.550000e+01 2.370711e+01
      vertex   7.250000e+01 1.000000e+01 2.386603e+01
    endloop
  endfacet
  facet normal 6.087614e-01 0.000000e+00 7.933533e-01
    outer loop
      vertex   7.270711e+01 1.000000e+01 2.370711e+01
      vertex   7.250000e+01 1.000000e+01 2.386603e+01
      vertex   7.250000e+01 4.500000e+00 2.386603e+01
    endloop
  endfacet
  facet normal 3.826834e-01 -0.000000e+00 9.238795e-01
    outer loop
      vertex   7.250000e+01 4.500000e+00 2.386603e+01
      vertex   7.250000e+01 1.000000e+01 2.386603e+01
      vertex   7.225882e+01 4.500000e+00 2.396593e+01
    endloop
  endfacet
  facet normal 7.933533e-01 -0.000000e+00 6.087614e-01
    outer loop
      vertex   7.270711e+01 1.550000e+01 2.370711e+01
      vertex   7.286603e+01 2.100000e+01 2.350000e+01
      vertex   7.270711e+01 2.100000e+01 2.370711e+01
    endloop
  endfacet
  facet normal 6.087614e-01 -0.000000e+00 7.933533e-01
    outer loop
      vertex   7.250000e+01 1.000000e+01 2.386603e+01
      vertex   7.270711e+01 1.550000e+01 2.370711e+01
      vertex   7.250000e+01 1.550000e+01 2.386603e+01
    endloop
  endfacet
  facet normal 6.087614e-01 0.000000e+00 7.933533e-01
    outer loop
      vertex   7.250000e+01 1.550000e+01 2.386603e+01
      vertex   7.270711e+01 1.550000e+01 2.370711e+01
      vertex   7.270711e+01 2.100000e+01 2.370711e+01
    endloop
  endfacet
  facet normal 3.826834e-01 -0.000000e+00 9.238795e-01
    outer loop
      vertex   7.225882e+01 4.500000e+00 2.396593e+01
      vertex   7.250000e+01 1.000000e+01 2.386603e+01
      vertex   7.225882e+01 1.000000e+01 2.396593e+01
    endloop
  endfacet
  facet normal 3.826834e-01 0.000000e+00 9.238795e-01
    outer loop
      vertex   7.225882e+01 1.000000e+01 2.396593e+01
      vertex   7.250000e+01 1.000000e+01 2.386603e+01
      vertex   7.250000e+01 1.550000e+01 2.386603e+01
    endloop
  endfacet
  facet normal -0.000000e+00 -1.000000e+00 -0.000000e+00
    outer loop
      vertex   7.200000e+01 -2.000000e+00 2.300000e+01
      vertex   -1.000000e+00 -2.000000e+00 2.300000e+01
      vertex   7.200000e+01 -2.000000e+00 0.000000e+00
    endloop
  endfacet
  facet normal 0.000000e+00 -1.000000e+00 0.000000e+00
    outer loop
      vertex   7.200000e+01 -2.000000e+00 0.000000e+00
      vertex   -1.000000e+00 -2.000000e+00 2.300000e+01
      vertex   -1.000000e+00 -2.000000e+00 0.000000e+00
    endloop
  endfacet
  facet normal 0.000000e+00 -0.000000e+00 1.000000e+00
    outer loop
      vertex   1.500000e+01 1.200000e+01 2.400000e+01
      vertex   1.500000e+01 2.300000e+01 2.400000e+01
      vertex   -1.000000e+00 3.200000e+01 2.400000e+01
    endloop
  endfacet
  facet normal 0.000000e+00 0.000000e+00 1.000000e+00
    outer loop
      vertex   -1.000000e+00 3.200000e+01 2.400000e+01
      vertex   1.500000e+01 2.300000e+01 2.400000e+01
      vertex   1.505014e+01 2.344504e+01 2.400000e+01
    endloop
  endfacet
  facet normal 0.000000e+00 0.000000e+00 1.000000e+00
    outer loop
      vertex   -1.000000e+00 3.200000e+01 2.400000e+01
      vertex   1.505014e+01 2.344504e+01 2.400000e+01
      vertex   1.519806e+01 2.386777e+01 2.400000e+01
    endloop
  endfacet
  facet normal 0.000000e+00 -0.000000e+00 1.000000e+00
    outer loop
      vertex   1.519806e+01 2.386777e+01 2.400000e+01
      vertex   1.543634e+01 2.424698e+01 2.400000e+01
      vertex   -1.000000e+00 3.200000e+01 2.400000e+01
    endloop
  endfacet
  facet normal 0.000000e+00 0.000000e+00 1.000000e+00
    outer loop
      vertex   -1.000000e+00 3.200000e+01 2.400000e+01
      vertex   1.543634e+01 2.424698e+01 2.400000e+01
      vertex   1.575302e+01 2.456366e+01 2.400000e+01
    endloop
  endfacet
  facet normal 0.000000e+00 0.000000e+00 1.000000e+00
    outer loop
      vertex   -1.000000e+00 3.200000e+01 2.400000e+01
      vertex   1.575302e+01 2.456366e+01 2.400000e+01
      vertex   1.613223e+01 2.480194e+01 2.400000e+01
    endloop
  endfacet
  facet normal 0.000000e+00 -0.000000e+00 1.000000e+00
    outer loop
      vertex   1.613223e+01 2.480194e+01 2.400000e+01
      vertex   1.655496e+01 2.494986e+01 2.400000e+01
      vertex   -1.000000e+00 3.200000e+01 2.400000e+01
    endloop
  endfacet
  facet normal 0.000000e+00 0.000000e+00 1.000000e+00
    outer loop
      vertex   -1.000000e+00 3.200000e+01 2.400000e+01
      vertex   1.655496e+01 2.494986e+01 2.400000e+01
      vertex   1.700000e+01 2.500000e+01 2.400000e+01
    endloop
  endfacet
  facet normal 0.000000e+00 0.000000e+00 1.000000e+00
    outer loop
      vertex   -1.000000e+00 3.200000e+01 2.400000e+01
      vertex   1.700000e+01 2.500000e+01 2.400000e+01
      vertex   4.000000e+01 2.500000e+01 2.400000e+01
    endloop
  endfacet
  facet normal -0.000000e+00 0.000000e+00 1.000000e+00
    outer loop
      vertex   -1.000000e+00 3.200000e+01 2.400000e+01
      vertex   4.000000e+01 2.500000e+01 2.400000e+01
      vertex   7.200000e+01 3.200000e+01 2.400000e+01
    endloop
  endfacet
  facet normal 0.000000e+00 0.000000e+00 1.000000e+00
    outer loop
      vertex   7.200000e+01 3.200000e+01 2.400000e+01
      vertex   4.000000e+01 2.500000e+01 2.400000e+01
      vertex   4.044504e+01 2.494986e+01 2.400000e+01
    endloop
  endfacet
  facet normal 0.000000e+00 0.000000e+00 1.000000e+00
    outer loop
      vertex   7.200000e+01 3.200000e+01 2.400000e+01
      vertex   4.044504e+01 2.494986e+01 2.400000e+01
      vertex   4.086777e+01 2.480194e+01 2.400000e+01
    endloop
  endfacet
  facet normal -0.000000e+00 0.000000e+00 1.000000e+00
    outer loop
      vertex   4.086777e+01 2.480194e+01 2.400000e+01
      vertex   4.124698e+01 2.456366e+01 2.400000e+01
      vertex   7.200000e+01 3.200000e+01 2.400000e+01
    endloop
  endfacet
  facet normal 0.000000e+00 0.000000e+00 1.000000e+00
    outer loop
      vertex   7.200000e+01 3.200000e+01 2.400000e+01
      vertex   4.124698e+01 2.456366e+01 2.400000e+01
      vertex   4.156366e+01 2.424698e+01 2.400000e+01
    endloop
  endfacet
  facet normal 0.000000e+00 0.000000e+00 1.000000e+00
    outer loop
      vertex   7.200000e+01 3.200000e+01 2.400000e+01
      vertex   4.156366e+01 2.424698e+01 2.400000e+01
      vertex   4.180194e+01 2.386777e+01 2.400000e+01
    endloop
  endfacet
  facet normal -0.000000e+00 0.000000e+00 1.000000e+00
    outer loop
      vertex   4.180194e+01 2.386777e+01 2.400000e+01
      vertex   4.194986e+01 2.344504e+01 2.400000e+01
      vertex   7.200000e+01 3.200000e+01 2.400000e+01
    endloop
  endfacet
  facet normal 0.000000e+00 0.000000e+00 1.000000e+00
    outer loop
      vertex   7.200000e+01 3.200000e+01 2.400000e+01
      vertex   4.194986e+01 2.344504e+01 2.400000e+01
      vertex   4.200000e+01 2.300000e+01 2.400000e+01
    endloop
  endfacet
  facet normal 0.000000e+00 0.000000e+00 1.000000e+00
    outer loop
      vertex   7.200000e+01 3.200000e+01 2.400000e+01
      vertex   4.200000e+01 2.300000e+01 2.400000e+01
      vertex   6.650000e+01 4.500000e+00 2.400000e+01
    endloop
  endfacet
  facet normal 0.000000e+00 0.000000e+00 1.000000e+00
    outer loop
      vertex   6.650000e+01 4.500000e+00 2.400000e+01
      vertex   4.200000e+01 2.300000e+01 2.400000e+01
      vertex   4.200000e+01 1.200000e+01 2.400000e+01
    endloop
  endfacet
  facet normal 0.000000e+00 0.000000e+00 1.000000e+00
    outer loop
      vertex   6.650000e+01 4.500000e+00 2.400000e+01
      vertex   4.200000e+01 1.200000e+01 2.400000e+01
      vertex   5.950000e+01 4.500000e+00 2.400000e+01
    endloop
  endfacet
  facet normal 0.000000e+00 0.000000e+00 1.000000e+00
    outer loop
      vertex   5.950000e+01 4.500000e+00 2.400000e+01
      vertex   4.200000e+01 1.200000e+01 2.400000e+01
      vertex   4.194986e+01 1.155496e+01 2.400000e+01
    endloop
  endfacet
  facet normal 0.000000e+00 0.000000e+00 1.000000e+00
    outer loop
      vertex   5.950000e+01 4.500000e+00 2.400000e+01
      vertex   4.194986e+01 1.155496e+01 2.400000e+01
      vertex   4.180194e+01 1.113223e+01 2.400000e+01
    endloop
  endfacet
  facet normal 0.000000e+00 0.000000e+00 1.000000e+00
    outer loop
      vertex   4.180194e+01 1.113223e+01 2.400000e+01
      vertex   4.156366e+01 1.075302e+01 2.400000e+01
      vertex   5.950000e+01 4.500000e+00 2.400000e+01
    endloop
  endfacet
  facet normal 0.000000e+00 0.000000e+00 1.000000e+00
    outer loop
      vertex   5.950000e+01 4.500000e+00 2.400000e+01
      vertex   4.156366e+01 1.075302e+01 2.400000e+01
      vertex   4.124698e+01 1.043634e+01 2.400000e+01
    endloop
  endfacet
  facet normal 0.000000e+00 0.000000e+00 1.000000e+00
    outer loop
      vertex   5.950000e+01 4.500000e+00 2.400000e+01
      vertex   4.124698e+01 1.043634e+01 2.400000e+01
      vertex   4.086777e+01 1.019806e+01 2.400000e+01
    endloop
  endfacet
  facet normal 0.000000e+00 0.000000e+00 1.000000e+00
    outer loop
      vertex   4.086777e+01 1.019806e+01 2.400000e+01
      vertex   4.044504e+01 1.005014e+01 2.400000e+01
      vertex   5.950000e+01 4.500000e+00 2.400000e+01
    endloop
  endfacet
  facet normal 0.000000e+00 0.000000e+00 1.000000e+00
    outer loop
      vertex   5.950000e+01 4.500000e+00 2.400000e+01
      vertex   4.044504e+01 1.005014e+01 2.400000e+01
      vertex   5.950000e+01 3.500000e+00 2.400000e+01
    endloop
  endfacet
  facet normal 0.000000e+00 0.000000e+00 1.000000e+00
    outer loop
      vertex   5.950000e+01 3.500000e+00 2.400000e+01
      vertex   4.044504e+01 1.005014e+01 2.400000e+01
      vertex   4.000000e+01 1.000000e+01 2.400000e+01
    endloop
  endfacet
  facet normal 0.000000e+00 0.000000e+00 1.000000e+00
    outer loop
      vertex   5.950000e+01 3.500000e+00 2.400000e+01
      vertex   4.000000e+01 1.000000e+01 2.400000e+01
      vertex   -1.000000e+00 -1.000000e+00 2.400000e+01
    endloop
  endfacet
  facet normal 0.000000e+00 0.000000e+00 1.000000e+00
    outer loop
      vertex   -1.000000e+00 -1.000000e+00 2.400000e+01
      vertex   4.000000e+01 1.000000e+01 2.400000e+01
      vertex   1.700000e+01 1.000000e+01 2.400000e+01
    endloop
  endfacet
  facet normal 0.000000e+00 0.000000e+00 1.000000e+00
    outer loop
      vertex   -1.000000e+00 -1.000000e+00 2.400000e+01
      vertex   1.700000e+01 1.000000e+01 2.400000e+01
      vertex   1.655496e+01 1.005014e+01 2.400000e+01
    endloop
  endfacet
  facet normal 0.000000e+00 0.000000e+00 1.000000e+00
    outer loop
      vertex   1.655496e+01 1.005014e+01 2.400000e+01
      vertex   1.613223e+01 1.019806e+01 2.400000e+01
      vertex   -1.000000e+00 -1.000000e+00 2.400000e+01
    endloop
  endfacet
  facet normal 0.000000e+00 0.000000e+00 1.000000e+00
    outer loop
      vertex   -1.000000e+00 -1.000000e+00 2.400000e+01
      vertex   1.613223e+01 1.019806e+01 2.400000e+01
      vertex   1.575302e+01 1.043634e+01 2.400000e+01
    endloop
  endfacet
  facet normal 0.000000e+00 0.000000e+00 1.000000e+00
    outer loop
      vertex   -1.000000e+00 -1.000000e+00 2.400000e+01
      vertex   1.575302e+01 1.043634e+01 2.400000e+01
      vertex   1.543634e+01 1.075302e+01 2.400000e+01
    endloop
  endfacet
  facet normal 0.000000e+00 0.000000e+00 1.000000e+00
    outer loop
      vertex   1.543634e+01 1.075302e+01 2.400000e+01
      vertex   1.519806e+01 1.113223e+01 2.400000e+01
      vertex   -1.000000e+00 -1.000000e+00 2.400000e+01
    endloop
  endfacet
  facet normal 0.000000e+00 0.000000e+00 1.000000e+00
    outer loop
      vertex   -1.000000e+00 -1.000000e+00 2.400000e+01
      vertex   1.519806e+01 1.113223e+01 2.400000e+01
      vertex   1.505014e+01 1.155496e+01 2.400000e+01
    endloop
  endfacet
  facet normal 0.000000e+00 0.000000e+00 1.000000e+00
    outer loop
      vertex   -1.000000e+00 -1.000000e+00 2.400000e+01
      vertex   1.505014e+01 1.155496e+01 2.400000e+01
      vertex   1.500000e+01 1.200000e+01 2.400000e+01
    endloop
  endfacet
  facet normal 0.000000e+00 -0.000000e+00 1.000000e+00
    outer loop
      vertex   -1.000000e+00 -1.000000e+00 2.400000e+01
      vertex   1.500000e+01 1.200000e+01 2.400000e+01
      vertex   -1.000000e+00 3.200000e+01 2.400000e+01
    endloop
  endfacet
  facet normal 0.000000e+00 0.000000e+00 1.000000e+00
    outer loop
      vertex   7.200000e+01 3.200000e+01 2.400000e+01
      vertex   6.650000e+01 4.500000e+00 2.400000e+01
      vertex   7.200000e+01 -1.000000e+00 2.400000e+01
    endloop
  endfacet
  facet normal 0.000000e+00 0.000000e+00 1.000000e+00
    outer loop
      vertex   7.200000e+01 -1.000000e+00 2.400000e+01
      vertex   6.650000e+01 4.500000e+00 2.400000e+01
      vertex   6.650000e+01 3.500000e+00 2.400000e+01
    endloop
  endfacet
  facet normal 0.000000e+00 0.000000e+00 1.000000e+00
    outer loop
      vertex   7.200000e+01 -1.000000e+00 2.400000e+01
      vertex   6.650000e+01 3.500000e+00 2.400000e+01
      vertex   5.950000e+01 3.500000e+00 2.400000e+01
    endloop
  endfacet
  facet normal -0.000000e+00 0.000000e+00 1.000000e+00
    outer loop
      vertex   -1.000000e+00 -1.000000e+00 2.400000e+01
      vertex   7.200000e+01 -1.000000e+00 2.400000e+01
      vertex   5.950000e+01 3.500000e+00 2.400000e+01
    endloop
  endfacet
  facet normal 1.000000e+00 -1.421085e-14 0.000000e+00
    outer loop
      vertex   5.950000e+01 4.500000e+00 2.400000e+01
      vertex   5.950000e+01 3.500000e+00 2.400000e+01
      vertex   5.950000e+01 4.500000e+00 2.200000e+01
    endloop
  endfacet
  facet normal 1.000000e+00 -1.421085e-14 0.000000e+00
    outer loop
      vertex   5.950000e+01 4.500000e+00 2.200000e+01
      vertex   5.950000e+01 3.500000e+00 2.400000e+01
      vertex   5.950000e+01 3.500000e+00 2.200000e+01
    endloop
  endfacet
  facet normal 1.288686e-01 -9.788545e-01 1.588610e-01
    outer loop
      vertex   1.674118e+01 2.396593e+01 2.300000e+01
      vertex   1.700000e+01 2.400000e+01 2.300000e+01
      vertex   1.682044e+01 2.401836e+01 2.325882e+01
    endloop
  endfacet
  facet normal 8.641571e-02 -9.877360e-01 1.300379e-01
    outer loop
      vertex   1.682044e+01 2.401836e+01 2.325882e+01
      vertex   1.700000e+01 2.400000e+01 2.300000e+01
      vertex   1.700000e+01 2.403407e+01 2.325882e+01
    endloop
  endfacet
  facet normal 8.056623e-02 -9.208762e-01 3.814394e-01
    outer loop
      vertex   1.682044e+01 2.401836e+01 2.325882e+01
      vertex   1.700000e+01 2.403407e+01 2.325882e+01
      vertex   1.700000e+01 2.413397e+01 2.350000e+01
    endloop
  endfacet
  facet normal 8.056623e-02 -9.208762e-01 3.814394e-01
    outer loop
      vertex   1.682044e+01 2.401836e+01 2.325882e+01
      vertex   1.700000e+01 2.413397e+01 2.350000e+01
      vertex   1.680309e+01 2.411675e+01 2.350000e+01
    endloop
  endfacet
  facet normal 6.924283e-02 -7.914492e-01 6.073003e-01
    outer loop
      vertex   1.680309e+01 2.411675e+01 2.350000e+01
      vertex   1.700000e+01 2.413397e+01 2.350000e+01
      vertex   1.700000e+01 2.429289e+01 2.370711e+01
    endloop
  endfacet
  facet normal 6.924283e-02 -7.914492e-01 6.073003e-01
    outer loop
      vertex   1.680309e+01 2.411675e+01 2.350000e+01
      vertex   1.700000e+01 2.429289e+01 2.370711e+01
      vertex   1.677549e+01 2.427325e+01 2.370711e+01
    endloop
  endfacet
  facet normal 5.318435e-02 -6.078999e-01 7.922305e-01
    outer loop
      vertex   1.677549e+01 2.427325e+01 2.370711e+01
      vertex   1.700000e+01 2.429289e+01 2.370711e+01
      vertex   1.700000e+01 2.450000e+01 2.386603e+01
    endloop
  endfacet
  facet normal 5.318435e-02 -6.078999e-01 7.922305e-01
    outer loop
      vertex   1.677549e+01 2.427325e+01 2.370711e+01
      vertex   1.700000e+01 2.450000e+01 2.386603e+01
      vertex   1.673953e+01 2.447721e+01 2.386603e+01
    endloop
  endfacet
  facet normal 3.346171e-02 -3.824691e-01 9.233622e-01
    outer loop
      vertex   1.673953e+01 2.447721e+01 2.386603e+01
      vertex   1.700000e+01 2.450000e+01 2.386603e+01
      vertex   1.700000e+01 2.474118e+01 2.396593e+01
    endloop
  endfacet
  facet normal 3.346171e-02 -3.824691e-01 9.233622e-01
    outer loop
      vertex   1.673953e+01 2.447721e+01 2.386603e+01
      vertex   1.700000e+01 2.474118e+01 2.396593e+01
      vertex   1.669765e+01 2.471473e+01 2.396593e+01
    endloop
  endfacet
  facet normal 1.141882e-02 -1.305177e-01 9.913802e-01
    outer loop
      vertex   1.669765e+01 2.471473e+01 2.396593e+01
      vertex   1.700000e+01 2.474118e+01 2.396593e+01
      vertex   1.700000e+01 2.500000e+01 2.400000e+01
    endloop
  endfacet
  facet normal 1.514289e-02 -1.343969e-01 9.908119e-01
    outer loop
      vertex   1.669765e+01 2.471473e+01 2.396593e+01
      vertex   1.700000e+01 2.500000e+01 2.400000e+01
      vertex   1.655496e+01 2.494986e+01 2.400000e+01
    endloop
  endfacet
  facet normal 3.312496e-02 -1.236240e-01 9.917761e-01
    outer loop
      vertex   1.669765e+01 2.471473e+01 2.396593e+01
      vertex   1.655496e+01 2.494986e+01 2.400000e+01
      vertex   1.640448e+01 2.463618e+01 2.396593e+01
    endloop
  endfacet
  facet normal 4.524691e-02 -1.293083e-01 9.905716e-01
    outer loop
      vertex   1.640448e+01 2.463618e+01 2.396593e+01
      vertex   1.655496e+01 2.494986e+01 2.400000e+01
      vertex   1.613223e+01 2.480194e+01 2.400000e+01
    endloop
  endfacet
  facet normal 5.383946e-02 -1.154591e-01 9.918521e-01
    outer loop
      vertex   1.640448e+01 2.463618e+01 2.396593e+01
      vertex   1.613223e+01 2.480194e+01 2.400000e+01
      vertex   1.612941e+01 2.450791e+01 2.396593e+01
    endloop
  endfacet
  facet normal 7.257344e-02 -1.155000e-01 9.906527e-01
    outer loop
      vertex   1.612941e+01 2.450791e+01 2.396593e+01
      vertex   1.613223e+01 2.480194e+01 2.400000e+01
      vertex   1.575302e+01 2.456366e+01 2.400000e+01
    endloop
  endfacet
  facet normal 7.409519e-02 -1.058189e-01 9.916210e-01
    outer loop
      vertex   1.612941e+01 2.450791e+01 2.396593e+01
      vertex   1.575302e+01 2.456366e+01 2.400000e+01
      vertex   1.588079e+01 2.433382e+01 2.396593e+01
    endloop
  endfacet
  facet normal 9.442933e-02 -9.442933e-02 9.910430e-01
    outer loop
      vertex   1.588079e+01 2.433382e+01 2.396593e+01
      vertex   1.575302e+01 2.456366e+01 2.400000e+01
      vertex   1.543634e+01 2.424698e+01 2.400000e+01
    endloop
  endfacet
  facet normal 9.442933e-02 -9.442933e-02 9.910430e-01
    outer loop
      vertex   1.588079e+01 2.433382e+01 2.396593e+01
      vertex   1.543634e+01 2.424698e+01 2.400000e+01
      vertex   1.566618e+01 2.411921e+01 2.396593e+01
    endloop
  endfacet
  facet normal 1.058189e-01 -7.409519e-02 9.916210e-01
    outer loop
      vertex   1.566618e+01 2.411921e+01 2.396593e+01
      vertex   1.543634e+01 2.424698e+01 2.400000e+01
      vertex   1.549209e+01 2.387059e+01 2.396593e+01
    endloop
  endfacet
  facet normal 3.144971e-01 -2.202133e-01 9.233622e-01
    outer loop
      vertex   1.566618e+01 2.411921e+01 2.396593e+01
      vertex   1.549209e+01 2.387059e+01 2.396593e+01
      vertex   1.570096e+01 2.375000e+01 2.386603e+01
    endloop
  endfacet
  facet normal 3.479588e-01 -1.622559e-01 9.233622e-01
    outer loop
      vertex   1.570096e+01 2.375000e+01 2.386603e+01
      vertex   1.549209e+01 2.387059e+01 2.396593e+01
      vertex   1.559046e+01 2.351303e+01 2.386603e+01
    endloop
  endfacet
  facet normal 5.530489e-01 -2.578909e-01 7.922305e-01
    outer loop
      vertex   1.570096e+01 2.375000e+01 2.386603e+01
      vertex   1.559046e+01 2.351303e+01 2.386603e+01
      vertex   1.578508e+01 2.344220e+01 2.370711e+01
    endloop
  endfacet
  facet normal 5.894291e-01 -1.579371e-01 7.922305e-01
    outer loop
      vertex   1.578508e+01 2.344220e+01 2.370711e+01
      vertex   1.559046e+01 2.351303e+01 2.386603e+01
      vertex   1.572675e+01 2.322451e+01 2.370711e+01
    endloop
  endfacet
  facet normal 7.674014e-01 -2.056246e-01 6.073003e-01
    outer loop
      vertex   1.578508e+01 2.344220e+01 2.370711e+01
      vertex   1.572675e+01 2.322451e+01 2.370711e+01
      vertex   1.588325e+01 2.319691e+01 2.350000e+01
    endloop
  endfacet
  facet normal 7.914492e-01 -6.924283e-02 6.073003e-01
    outer loop
      vertex   1.588325e+01 2.319691e+01 2.350000e+01
      vertex   1.572675e+01 2.322451e+01 2.370711e+01
      vertex   1.586603e+01 2.300000e+01 2.350000e+01
    endloop
  endfacet
  facet normal 9.208762e-01 -8.056623e-02 3.814394e-01
    outer loop
      vertex   1.588325e+01 2.319691e+01 2.350000e+01
      vertex   1.586603e+01 2.300000e+01 2.350000e+01
      vertex   1.596593e+01 2.300000e+01 2.325882e+01
    endloop
  endfacet
  facet normal 1.155000e-01 -7.257344e-02 9.906527e-01
    outer loop
      vertex   1.543634e+01 2.424698e+01 2.400000e+01
      vertex   1.519806e+01 2.386777e+01 2.400000e+01
      vertex   1.549209e+01 2.387059e+01 2.396593e+01
    endloop
  endfacet
  facet normal 1.154591e-01 -5.383946e-02 9.918521e-01
    outer loop
      vertex   1.549209e+01 2.387059e+01 2.396593e+01
      vertex   1.519806e+01 2.386777e+01 2.400000e+01
      vertex   1.536383e+01 2.359552e+01 2.396593e+01
    endloop
  endfacet
  facet normal 3.479588e-01 -1.622559e-01 9.233622e-01
    outer loop
      vertex   1.549209e+01 2.387059e+01 2.396593e+01
      vertex   1.536383e+01 2.359552e+01 2.396593e+01
      vertex   1.559046e+01 2.351303e+01 2.386603e+01
    endloop
  endfacet
  facet normal 3.708480e-01 -9.936842e-02 9.233622e-01
    outer loop
      vertex   1.559046e+01 2.351303e+01 2.386603e+01
      vertex   1.536383e+01 2.359552e+01 2.396593e+01
      vertex   1.552279e+01 2.326047e+01 2.386603e+01
    endloop
  endfacet
  facet normal 5.894291e-01 -1.579371e-01 7.922305e-01
    outer loop
      vertex   1.559046e+01 2.351303e+01 2.386603e+01
      vertex   1.552279e+01 2.326047e+01 2.386603e+01
      vertex   1.572675e+01 2.322451e+01 2.370711e+01
    endloop
  endfacet
  facet normal 6.078999e-01 -5.318435e-02 7.922305e-01
    outer loop
      vertex   1.572675e+01 2.322451e+01 2.370711e+01
      vertex   1.552279e+01 2.326047e+01 2.386603e+01
      vertex   1.570711e+01 2.300000e+01 2.370711e+01
    endloop
  endfacet
  facet normal 7.914492e-01 -6.924283e-02 6.073003e-01
    outer loop
      vertex   1.572675e+01 2.322451e+01 2.370711e+01
      vertex   1.570711e+01 2.300000e+01 2.370711e+01
      vertex   1.586603e+01 2.300000e+01 2.350000e+01
    endloop
  endfacet
  facet normal 1.293083e-01 -4.524691e-02 9.905716e-01
    outer loop
      vertex   1.519806e+01 2.386777e+01 2.400000e+01
      vertex   1.505014e+01 2.344504e+01 2.400000e+01
      vertex   1.536383e+01 2.359552e+01 2.396593e+01
    endloop
  endfacet
  facet normal 1.236240e-01 -3.312496e-02 9.917761e-01
    outer loop
      vertex   1.536383e+01 2.359552e+01 2.396593e+01
      vertex   1.505014e+01 2.344504e+01 2.400000e+01
      vertex   1.528527e+01 2.330235e+01 2.396593e+01
    endloop
  endfacet
  facet normal 3.708480e-01 -9.936842e-02 9.233622e-01
    outer loop
      vertex   1.536383e+01 2.359552e+01 2.396593e+01
      vertex   1.528527e+01 2.330235e+01 2.396593e+01
      vertex   1.552279e+01 2.326047e+01 2.386603e+01
    endloop
  endfacet
  facet normal 3.824691e-01 -3.346171e-02 9.233622e-01
    outer loop
      vertex   1.552279e+01 2.326047e+01 2.386603e+01
      vertex   1.528527e+01 2.330235e+01 2.396593e+01
      vertex   1.550000e+01 2.300000e+01 2.386603e+01
    endloop
  endfacet
  facet normal 6.078999e-01 -5.318435e-02 7.922305e-01
    outer loop
      vertex   1.552279e+01 2.326047e+01 2.386603e+01
      vertex   1.550000e+01 2.300000e+01 2.386603e+01
      vertex   1.570711e+01 2.300000e+01 2.370711e+01
    endloop
  endfacet
  facet normal 1.343969e-01 -1.514289e-02 9.908119e-01
    outer loop
      vertex   1.505014e+01 2.344504e+01 2.400000e+01
      vertex   1.500000e+01 2.300000e+01 2.400000e+01
      vertex   1.528527e+01 2.330235e+01 2.396593e+01
    endloop
  endfacet
  facet normal 1.305177e-01 -1.141882e-02 9.913802e-01
    outer loop
      vertex   1.528527e+01 2.330235e+01 2.396593e+01
      vertex   1.500000e+01 2.300000e+01 2.400000e+01
      vertex   1.525882e+01 2.300000e+01 2.396593e+01
    endloop
  endfacet
  facet normal 3.824691e-01 -3.346171e-02 9.233622e-01
    outer loop
      vertex   1.528527e+01 2.330235e+01 2.396593e+01
      vertex   1.525882e+01 2.300000e+01 2.396593e+01
      vertex   1.550000e+01 2.300000e+01 2.386603e+01
    endloop
  endfacet
  facet normal 9.208762e-01 -8.056623e-02 3.814394e-01
    outer loop
      vertex   1.588325e+01 2.319691e+01 2.350000e+01
      vertex   1.596593e+01 2.300000e+01 2.325882e+01
      vertex   1.598164e+01 2.317957e+01 2.325882e+01
    endloop
  endfacet
  facet normal 9.877360e-01 -8.641571e-02 1.300379e-01
    outer loop
      vertex   1.598164e+01 2.317957e+01 2.325882e+01
      vertex   1.596593e+01 2.300000e+01 2.325882e+01
      vertex   1.600000e+01 2.300000e+01 2.300000e+01
    endloop
  endfacet
  facet normal 9.788545e-01 -1.288686e-01 1.588610e-01
    outer loop
      vertex   1.598164e+01 2.317957e+01 2.325882e+01
      vertex   1.600000e+01 2.300000e+01 2.300000e+01
      vertex   1.603407e+01 2.325882e+01 2.300000e+01
    endloop
  endfacet
  facet normal 9.594425e-01 -2.570819e-01 1.156674e-01
    outer loop
      vertex   1.598164e+01 2.317957e+01 2.325882e+01
      vertex   1.603407e+01 2.325882e+01 2.300000e+01
      vertex   1.602829e+01 2.335367e+01 2.325882e+01
    endloop
  endfacet
  facet normal 9.121471e-01 -3.778237e-01 1.588610e-01
    outer loop
      vertex   1.602829e+01 2.335367e+01 2.325882e+01
      vertex   1.603407e+01 2.325882e+01 2.300000e+01
      vertex   1.613397e+01 2.350000e+01 2.300000e+01
    endloop
  endfacet
  facet normal 8.986123e-01 -4.190298e-01 1.300379e-01
    outer loop
      vertex   1.602829e+01 2.335367e+01 2.325882e+01
      vertex   1.613397e+01 2.350000e+01 2.300000e+01
      vertex   1.610447e+01 2.351704e+01 2.325882e+01
    endloop
  endfacet
  facet normal 8.121966e-01 -5.687062e-01 1.300379e-01
    outer loop
      vertex   1.610447e+01 2.351704e+01 2.325882e+01
      vertex   1.613397e+01 2.350000e+01 2.300000e+01
      vertex   1.620785e+01 2.366469e+01 2.325882e+01
    endloop
  endfacet
  facet normal 7.572191e-01 -5.302105e-01 3.814394e-01
    outer loop
      vertex   1.610447e+01 2.351704e+01 2.325882e+01
      vertex   1.620785e+01 2.366469e+01 2.325882e+01
      vertex   1.613133e+01 2.372891e+01 2.350000e+01
    endloop
  endfacet
  facet normal 6.536451e-01 -6.536451e-01 3.814394e-01
    outer loop
      vertex   1.613133e+01 2.372891e+01 2.350000e+01
      vertex   1.620785e+01 2.366469e+01 2.325882e+01
      vertex   1.627110e+01 2.386868e+01 2.350000e+01
    endloop
  endfacet
  facet normal 5.617768e-01 -5.617768e-01 6.073003e-01
    outer loop
      vertex   1.613133e+01 2.372891e+01 2.350000e+01
      vertex   1.627110e+01 2.386868e+01 2.350000e+01
      vertex   1.616894e+01 2.399041e+01 2.370711e+01
    endloop
  endfacet
  facet normal 4.556906e-01 -6.507937e-01 6.073003e-01
    outer loop
      vertex   1.616894e+01 2.399041e+01 2.370711e+01
      vertex   1.627110e+01 2.386868e+01 2.350000e+01
      vertex   1.635355e+01 2.411968e+01 2.370711e+01
    endloop
  endfacet
  facet normal 3.500089e-01 -4.998645e-01 7.922305e-01
    outer loop
      vertex   1.616894e+01 2.399041e+01 2.370711e+01
      vertex   1.635355e+01 2.411968e+01 2.370711e+01
      vertex   1.625000e+01 2.429904e+01 2.386603e+01
    endloop
  endfacet
  facet normal 2.578909e-01 -5.530489e-01 7.922305e-01
    outer loop
      vertex   1.625000e+01 2.429904e+01 2.386603e+01
      vertex   1.635355e+01 2.411968e+01 2.370711e+01
      vertex   1.648697e+01 2.440954e+01 2.386603e+01
    endloop
  endfacet
  facet normal 1.622559e-01 -3.479588e-01 9.233622e-01
    outer loop
      vertex   1.625000e+01 2.429904e+01 2.386603e+01
      vertex   1.648697e+01 2.440954e+01 2.386603e+01
      vertex   1.640448e+01 2.463618e+01 2.396593e+01
    endloop
  endfacet
  facet normal 9.936842e-02 -3.708480e-01 9.233622e-01
    outer loop
      vertex   1.640448e+01 2.463618e+01 2.396593e+01
      vertex   1.648697e+01 2.440954e+01 2.386603e+01
      vertex   1.669765e+01 2.471473e+01 2.396593e+01
    endloop
  endfacet
  facet normal 7.832785e-01 -6.010307e-01 1.588610e-01
    outer loop
      vertex   1.613397e+01 2.350000e+01 2.300000e+01
      vertex   1.629289e+01 2.370711e+01 2.300000e+01
      vertex   1.620785e+01 2.366469e+01 2.325882e+01
    endloop
  endfacet
  facet normal 7.023607e-01 -7.023607e-01 1.156674e-01
    outer loop
      vertex   1.620785e+01 2.366469e+01 2.325882e+01
      vertex   1.629289e+01 2.370711e+01 2.300000e+01
      vertex   1.633531e+01 2.379215e+01 2.325882e+01
    endloop
  endfacet
  facet normal 6.536451e-01 -6.536451e-01 3.814394e-01
    outer loop
      vertex   1.620785e+01 2.366469e+01 2.325882e+01
      vertex   1.633531e+01 2.379215e+01 2.325882e+01
      vertex   1.627110e+01 2.386868e+01 2.350000e+01
    endloop
  endfacet
  facet normal 5.302105e-01 -7.572191e-01 3.814394e-01
    outer loop
      vertex   1.627110e+01 2.386868e+01 2.350000e+01
      vertex   1.633531e+01 2.379215e+01 2.325882e+01
      vertex   1.643301e+01 2.398205e+01 2.350000e+01
    endloop
  endfacet
  facet normal 4.556906e-01 -6.507937e-01 6.073003e-01
    outer loop
      vertex   1.627110e+01 2.386868e+01 2.350000e+01
      vertex   1.643301e+01 2.398205e+01 2.350000e+01
      vertex   1.635355e+01 2.411968e+01 2.370711e+01
    endloop
  endfacet
  facet normal 3.357585e-01 -7.200365e-01 6.073003e-01
    outer loop
      vertex   1.635355e+01 2.411968e+01 2.370711e+01
      vertex   1.643301e+01 2.398205e+01 2.350000e+01
      vertex   1.655780e+01 2.421492e+01 2.370711e+01
    endloop
  endfacet
  facet normal 2.578909e-01 -5.530489e-01 7.922305e-01
    outer loop
      vertex   1.635355e+01 2.411968e+01 2.370711e+01
      vertex   1.655780e+01 2.421492e+01 2.370711e+01
      vertex   1.648697e+01 2.440954e+01 2.386603e+01
    endloop
  endfacet
  facet normal 1.579371e-01 -5.894291e-01 7.922305e-01
    outer loop
      vertex   1.648697e+01 2.440954e+01 2.386603e+01
      vertex   1.655780e+01 2.421492e+01 2.370711e+01
      vertex   1.673953e+01 2.447721e+01 2.386603e+01
    endloop
  endfacet
  facet normal 9.936842e-02 -3.708480e-01 9.233622e-01
    outer loop
      vertex   1.648697e+01 2.440954e+01 2.386603e+01
      vertex   1.673953e+01 2.447721e+01 2.386603e+01
      vertex   1.669765e+01 2.471473e+01 2.396593e+01
    endloop
  endfacet
  facet normal 6.010307e-01 -7.832785e-01 1.588610e-01
    outer loop
      vertex   1.629289e+01 2.370711e+01 2.300000e+01
      vertex   1.650000e+01 2.386603e+01 2.300000e+01
      vertex   1.633531e+01 2.379215e+01 2.325882e+01
    endloop
  endfacet
  facet normal 5.687062e-01 -8.121966e-01 1.300379e-01
    outer loop
      vertex   1.633531e+01 2.379215e+01 2.325882e+01
      vertex   1.650000e+01 2.386603e+01 2.300000e+01
      vertex   1.648296e+01 2.389553e+01 2.325882e+01
    endloop
  endfacet
  facet normal 5.302105e-01 -7.572191e-01 3.814394e-01
    outer loop
      vertex   1.633531e+01 2.379215e+01 2.325882e+01
      vertex   1.648296e+01 2.389553e+01 2.325882e+01
      vertex   1.643301e+01 2.398205e+01 2.350000e+01
    endloop
  endfacet
  facet normal 3.906657e-01 -8.377853e-01 3.814394e-01
    outer loop
      vertex   1.643301e+01 2.398205e+01 2.350000e+01
      vertex   1.648296e+01 2.389553e+01 2.325882e+01
      vertex   1.661216e+01 2.406559e+01 2.350000e+01
    endloop
  endfacet
  facet normal 3.357585e-01 -7.200365e-01 6.073003e-01
    outer loop
      vertex   1.643301e+01 2.398205e+01 2.350000e+01
      vertex   1.661216e+01 2.406559e+01 2.350000e+01
      vertex   1.655780e+01 2.421492e+01 2.370711e+01
    endloop
  endfacet
  facet normal 2.056246e-01 -7.674014e-01 6.073003e-01
    outer loop
      vertex   1.655780e+01 2.421492e+01 2.370711e+01
      vertex   1.661216e+01 2.406559e+01 2.350000e+01
      vertex   1.677549e+01 2.427325e+01 2.370711e+01
    endloop
  endfacet
  facet normal 1.579371e-01 -5.894291e-01 7.922305e-01
    outer loop
      vertex   1.655780e+01 2.421492e+01 2.370711e+01
      vertex   1.677549e+01 2.427325e+01 2.370711e+01
      vertex   1.673953e+01 2.447721e+01 2.386603e+01
    endloop
  endfacet
  facet normal 4.190298e-01 -8.986123e-01 1.300379e-01
    outer loop
      vertex   1.648296e+01 2.389553e+01 2.325882e+01
      vertex   1.650000e+01 2.386603e+01 2.300000e+01
      vertex   1.664633e+01 2.397171e+01 2.325882e+01
    endloop
  endfacet
  facet normal 3.778237e-01 -9.121471e-01 1.588610e-01
    outer loop
      vertex   1.664633e+01 2.397171e+01 2.325882e+01
      vertex   1.650000e+01 2.386603e+01 2.300000e+01
      vertex   1.674118e+01 2.396593e+01 2.300000e+01
    endloop
  endfacet
  facet normal 2.570819e-01 -9.594425e-01 1.156674e-01
    outer loop
      vertex   1.664633e+01 2.397171e+01 2.325882e+01
      vertex   1.674118e+01 2.396593e+01 2.300000e+01
      vertex   1.682044e+01 2.401836e+01 2.325882e+01
    endloop
  endfacet
  facet normal 2.392507e-01 -8.928959e-01 3.814394e-01
    outer loop
      vertex   1.664633e+01 2.397171e+01 2.325882e+01
      vertex   1.682044e+01 2.401836e+01 2.325882e+01
      vertex   1.680309e+01 2.411675e+01 2.350000e+01
    endloop
  endfacet
  facet normal 2.392507e-01 -8.928959e-01 3.814394e-01
    outer loop
      vertex   1.664633e+01 2.397171e+01 2.325882e+01
      vertex   1.680309e+01 2.411675e+01 2.350000e+01
      vertex   1.661216e+01 2.406559e+01 2.350000e+01
    endloop
  endfacet
  facet normal 2.056246e-01 -7.674014e-01 6.073003e-01
    outer loop
      vertex   1.661216e+01 2.406559e+01 2.350000e+01
      vertex   1.680309e+01 2.411675e+01 2.350000e+01
      vertex   1.677549e+01 2.427325e+01 2.370711e+01
    endloop
  endfacet
  facet normal 3.906657e-01 -8.377853e-01 3.814394e-01
    outer loop
      vertex   1.648296e+01 2.389553e+01 2.325882e+01
      vertex   1.664633e+01 2.397171e+01 2.325882e+01
      vertex   1.661216e+01 2.406559e+01 2.350000e+01
    endloop
  endfacet
  facet normal 1.622559e-01 -3.479588e-01 9.233622e-01
    outer loop
      vertex   1.640448e+01 2.463618e+01 2.396593e+01
      vertex   1.612941e+01 2.450791e+01 2.396593e+01
      vertex   1.625000e+01 2.429904e+01 2.386603e+01
    endloop
  endfacet
  facet normal 2.202133e-01 -3.144971e-01 9.233622e-01
    outer loop
      vertex   1.625000e+01 2.429904e+01 2.386603e+01
      vertex   1.612941e+01 2.450791e+01 2.396593e+01
      vertex   1.603582e+01 2.414907e+01 2.386603e+01
    endloop
  endfacet
  facet normal 3.500089e-01 -4.998645e-01 7.922305e-01
    outer loop
      vertex   1.625000e+01 2.429904e+01 2.386603e+01
      vertex   1.603582e+01 2.414907e+01 2.386603e+01
      vertex   1.616894e+01 2.399041e+01 2.370711e+01
    endloop
  endfacet
  facet normal 4.314921e-01 -4.314921e-01 7.922305e-01
    outer loop
      vertex   1.616894e+01 2.399041e+01 2.370711e+01
      vertex   1.603582e+01 2.414907e+01 2.386603e+01
      vertex   1.600959e+01 2.383106e+01 2.370711e+01
    endloop
  endfacet
  facet normal 5.617768e-01 -5.617768e-01 6.073003e-01
    outer loop
      vertex   1.616894e+01 2.399041e+01 2.370711e+01
      vertex   1.600959e+01 2.383106e+01 2.370711e+01
      vertex   1.613133e+01 2.372891e+01 2.350000e+01
    endloop
  endfacet
  facet normal 6.507937e-01 -4.556906e-01 6.073003e-01
    outer loop
      vertex   1.613133e+01 2.372891e+01 2.350000e+01
      vertex   1.600959e+01 2.383106e+01 2.370711e+01
      vertex   1.601795e+01 2.356699e+01 2.350000e+01
    endloop
  endfacet
  facet normal 7.572191e-01 -5.302105e-01 3.814394e-01
    outer loop
      vertex   1.613133e+01 2.372891e+01 2.350000e+01
      vertex   1.601795e+01 2.356699e+01 2.350000e+01
      vertex   1.610447e+01 2.351704e+01 2.325882e+01
    endloop
  endfacet
  facet normal 8.377853e-01 -3.906657e-01 3.814394e-01
    outer loop
      vertex   1.610447e+01 2.351704e+01 2.325882e+01
      vertex   1.601795e+01 2.356699e+01 2.350000e+01
      vertex   1.602829e+01 2.335367e+01 2.325882e+01
    endloop
  endfacet
  facet normal 2.202133e-01 -3.144971e-01 9.233622e-01
    outer loop
      vertex   1.612941e+01 2.450791e+01 2.396593e+01
      vertex   1.588079e+01 2.433382e+01 2.396593e+01
      vertex   1.603582e+01 2.414907e+01 2.386603e+01
    endloop
  endfacet
  facet normal 2.714796e-01 -2.714796e-01 9.233622e-01
    outer loop
      vertex   1.603582e+01 2.414907e+01 2.386603e+01
      vertex   1.588079e+01 2.433382e+01 2.396593e+01
      vertex   1.585093e+01 2.396418e+01 2.386603e+01
    endloop
  endfacet
  facet normal 4.314921e-01 -4.314921e-01 7.922305e-01
    outer loop
      vertex   1.603582e+01 2.414907e+01 2.386603e+01
      vertex   1.585093e+01 2.396418e+01 2.386603e+01
      vertex   1.600959e+01 2.383106e+01 2.370711e+01
    endloop
  endfacet
  facet normal 4.998645e-01 -3.500089e-01 7.922305e-01
    outer loop
      vertex   1.600959e+01 2.383106e+01 2.370711e+01
      vertex   1.585093e+01 2.396418e+01 2.386603e+01
      vertex   1.588032e+01 2.364645e+01 2.370711e+01
    endloop
  endfacet
  facet normal 6.507937e-01 -4.556906e-01 6.073003e-01
    outer loop
      vertex   1.600959e+01 2.383106e+01 2.370711e+01
      vertex   1.588032e+01 2.364645e+01 2.370711e+01
      vertex   1.601795e+01 2.356699e+01 2.350000e+01
    endloop
  endfacet
  facet normal 7.200365e-01 -3.357585e-01 6.073003e-01
    outer loop
      vertex   1.601795e+01 2.356699e+01 2.350000e+01
      vertex   1.588032e+01 2.364645e+01 2.370711e+01
      vertex   1.593441e+01 2.338784e+01 2.350000e+01
    endloop
  endfacet
  facet normal 8.377853e-01 -3.906657e-01 3.814394e-01
    outer loop
      vertex   1.601795e+01 2.356699e+01 2.350000e+01
      vertex   1.593441e+01 2.338784e+01 2.350000e+01
      vertex   1.602829e+01 2.335367e+01 2.325882e+01
    endloop
  endfacet
  facet normal 8.928959e-01 -2.392507e-01 3.814394e-01
    outer loop
      vertex   1.602829e+01 2.335367e+01 2.325882e+01
      vertex   1.593441e+01 2.338784e+01 2.350000e+01
      vertex   1.598164e+01 2.317957e+01 2.325882e+01
    endloop
  endfacet
  facet normal 3.144971e-01 -2.202133e-01 9.233622e-01
    outer loop
      vertex   1.566618e+01 2.411921e+01 2.396593e+01
      vertex   1.570096e+01 2.375000e+01 2.386603e+01
      vertex   1.585093e+01 2.396418e+01 2.386603e+01
    endloop
  endfacet
  facet normal 4.998645e-01 -3.500089e-01 7.922305e-01
    outer loop
      vertex   1.585093e+01 2.396418e+01 2.386603e+01
      vertex   1.570096e+01 2.375000e+01 2.386603e+01
      vertex   1.588032e+01 2.364645e+01 2.370711e+01
    endloop
  endfacet
  facet normal 7.200365e-01 -3.357585e-01 6.073003e-01
    outer loop
      vertex   1.593441e+01 2.338784e+01 2.350000e+01
      vertex   1.588032e+01 2.364645e+01 2.370711e+01
      vertex   1.578508e+01 2.344220e+01 2.370711e+01
    endloop
  endfacet
  facet normal 5.530489e-01 -2.578909e-01 7.922305e-01
    outer loop
      vertex   1.578508e+01 2.344220e+01 2.370711e+01
      vertex   1.588032e+01 2.364645e+01 2.370711e+01
      vertex   1.570096e+01 2.375000e+01 2.386603e+01
    endloop
  endfacet
  facet normal 2.714796e-01 -2.714796e-01 9.233622e-01
    outer loop
      vertex   1.588079e+01 2.433382e+01 2.396593e+01
      vertex   1.566618e+01 2.411921e+01 2.396593e+01
      vertex   1.585093e+01 2.396418e+01 2.386603e+01
    endloop
  endfacet
  facet normal 8.928959e-01 -2.392507e-01 3.814394e-01
    outer loop
      vertex   1.598164e+01 2.317957e+01 2.325882e+01
      vertex   1.593441e+01 2.338784e+01 2.350000e+01
      vertex   1.588325e+01 2.319691e+01 2.350000e+01
    endloop
  endfacet
  facet normal 7.674014e-01 -2.056246e-01 6.073003e-01
    outer loop
      vertex   1.588325e+01 2.319691e+01 2.350000e+01
      vertex   1.593441e+01 2.338784e+01 2.350000e+01
      vertex   1.578508e+01 2.344220e+01 2.370711e+01
    endloop
  endfacet
  facet normal 1.305262e-01 -2.107828e-17 9.914449e-01
    outer loop
      vertex   1.500000e+01 2.300000e+01 2.400000e+01
      vertex   1.500000e+01 1.200000e+01 2.400000e+01
      vertex   1.525882e+01 1.750000e+01 2.396593e+01
    endloop
  endfacet
  facet normal 1.305262e-01 -4.215656e-17 9.914449e-01
    outer loop
      vertex   1.525882e+01 1.750000e+01 2.396593e+01
      vertex   1.500000e+01 1.200000e+01 2.400000e+01
      vertex   1.525882e+01 1.200000e+01 2.396593e+01
    endloop
  endfacet
  facet normal 3.826834e-01 -1.235968e-16 9.238795e-01
    outer loop
      vertex   1.525882e+01 1.750000e+01 2.396593e+01
      vertex   1.525882e+01 1.200000e+01 2.396593e+01
      vertex   1.550000e+01 1.750000e+01 2.386603e+01
    endloop
  endfacet
  facet normal 3.826834e-01 -9.675684e-16 9.238795e-01
    outer loop
      vertex   1.550000e+01 1.750000e+01 2.386603e+01
      vertex   1.525882e+01 1.200000e+01 2.396593e+01
      vertex   1.550000e+01 1.200000e+01 2.386603e+01
    endloop
  endfacet
  facet normal 6.087614e-01 -1.102307e-15 7.933533e-01
    outer loop
      vertex   1.550000e+01 1.750000e+01 2.386603e+01
      vertex   1.550000e+01 1.200000e+01 2.386603e+01
      vertex   1.570711e+01 1.750000e+01 2.370711e+01
    endloop
  endfacet
  facet normal 6.087614e-01 -3.932282e-16 7.933533e-01
    outer loop
      vertex   1.570711e+01 1.750000e+01 2.370711e+01
      vertex   1.550000e+01 1.200000e+01 2.386603e+01
      vertex   1.570711e+01 1.200000e+01 2.370711e+01
    endloop
  endfacet
  facet normal 7.933533e-01 -5.124649e-16 6.087614e-01
    outer loop
      vertex   1.570711e+01 1.750000e+01 2.370711e+01
      vertex   1.570711e+01 1.200000e+01 2.370711e+01
      vertex   1.586603e+01 1.750000e+01 2.350000e+01
    endloop
  endfacet
  facet normal 7.933533e-01 -2.562325e-16 6.087614e-01
    outer loop
      vertex   1.586603e+01 1.750000e+01 2.350000e+01
      vertex   1.570711e+01 1.200000e+01 2.370711e+01
      vertex   1.586603e+01 1.200000e+01 2.350000e+01
    endloop
  endfacet
  facet normal 9.238795e-01 -2.983890e-16 3.826834e-01
    outer loop
      vertex   1.586603e+01 1.750000e+01 2.350000e+01
      vertex   1.586603e+01 1.200000e+01 2.350000e+01
      vertex   1.596593e+01 1.750000e+01 2.325882e+01
    endloop
  endfacet
  facet normal 9.238795e-01 -5.967781e-16 3.826834e-01
    outer loop
      vertex   1.596593e+01 1.750000e+01 2.325882e+01
      vertex   1.586603e+01 1.200000e+01 2.350000e+01
      vertex   1.596593e+01 1.200000e+01 2.325882e+01
    endloop
  endfacet
  facet normal 9.914449e-01 -6.404218e-16 1.305262e-01
    outer loop
      vertex   1.596593e+01 1.750000e+01 2.325882e+01
      vertex   1.596593e+01 1.200000e+01 2.325882e+01
      vertex   1.600000e+01 1.200000e+01 2.300000e+01
    endloop
  endfacet
  facet normal 9.914449e-01 4.215656e-17 1.305262e-01
    outer loop
      vertex   1.600000e+01 1.200000e+01 2.300000e+01
      vertex   1.600000e+01 2.300000e+01 2.300000e+01
      vertex   1.596593e+01 1.750000e+01 2.325882e+01
    endloop
  endfacet
  facet normal 9.914449e-01 -2.358978e-16 1.305262e-01
    outer loop
      vertex   1.596593e+01 1.750000e+01 2.325882e+01
      vertex   1.600000e+01 2.300000e+01 2.300000e+01
      vertex   1.596593e+01 2.300000e+01 2.325882e+01
    endloop
  endfacet
  facet normal 9.238795e-01 -5.119546e-17 3.826834e-01
    outer loop
      vertex   1.596593e+01 1.750000e+01 2.325882e+01
      vertex   1.596593e+01 2.300000e+01 2.325882e+01
      vertex   1.586603e+01 1.750000e+01 2.350000e+01
    endloop
  endfacet
  facet normal 9.238795e-01 -2.983890e-16 3.826834e-01
    outer loop
      vertex   1.586603e+01 1.750000e+01 2.350000e+01
      vertex   1.596593e+01 2.300000e+01 2.325882e+01
      vertex   1.586603e+01 2.300000e+01 2.350000e+01
    endloop
  endfacet
  facet normal 7.933533e-01 -2.562325e-16 6.087614e-01
    outer loop
      vertex   1.586603e+01 1.750000e+01 2.350000e+01
      vertex   1.586603e+01 2.300000e+01 2.350000e+01
      vertex   1.570711e+01 1.750000e+01 2.370711e+01
    endloop
  endfacet
  facet normal 7.933533e-01 3.932282e-16 6.087614e-01
    outer loop
      vertex   1.570711e+01 1.750000e+01 2.370711e+01
      vertex   1.586603e+01 2.300000e+01 2.350000e+01
      vertex   1.570711e+01 2.300000e+01 2.370711e+01
    endloop
  endfacet
  facet normal 6.087614e-01 5.124649e-16 7.933533e-01
    outer loop
      vertex   1.570711e+01 1.750000e+01 2.370711e+01
      vertex   1.570711e+01 2.300000e+01 2.370711e+01
      vertex   1.550000e+01 1.750000e+01 2.386603e+01
    endloop
  endfacet
  facet normal 6.087614e-01 5.124649e-16 7.933533e-01
    outer loop
      vertex   1.550000e+01 1.750000e+01 2.386603e+01
      vertex   1.570711e+01 2.300000e+01 2.370711e+01
      vertex   1.550000e+01 2.300000e+01 2.386603e+01
    endloop
  endfacet
  facet normal 3.826834e-01 5.967781e-16 9.238795e-01
    outer loop
      vertex   1.550000e+01 1.750000e+01 2.386603e+01
      vertex   1.550000e+01 2.300000e+01 2.386603e+01
      vertex   1.525882e+01 1.750000e+01 2.396593e+01
    endloop
  endfacet
  facet normal 3.826834e-01 -0.000000e+00 9.238795e-01
    outer loop
      vertex   1.525882e+01 1.750000e+01 2.396593e+01
      vertex   1.550000e+01 2.300000e+01 2.386603e+01
      vertex   1.525882e+01 2.300000e+01 2.396593e+01
    endloop
  endfacet
  facet normal 1.305262e-01 -0.000000e+00 9.914449e-01
    outer loop
      vertex   1.525882e+01 1.750000e+01 2.396593e+01
      vertex   1.525882e+01 2.300000e+01 2.396593e+01
      vertex   1.500000e+01 2.300000e+01 2.400000e+01
    endloop
  endfacet
  facet normal 1.514289e-02 1.343969e-01 9.908119e-01
    outer loop
      vertex   1.655496e+01 1.005014e+01 2.400000e+01
      vertex   1.700000e+01 1.000000e+01 2.400000e+01
      vertex   1.669765e+01 1.028527e+01 2.396593e+01
    endloop
  endfacet
  facet normal 1.141882e-02 1.305177e-01 9.913802e-01
    outer loop
      vertex   1.669765e+01 1.028527e+01 2.396593e+01
      vertex   1.700000e+01 1.000000e+01 2.400000e+01
      vertex   1.700000e+01 1.025882e+01 2.396593e+01
    endloop
  endfacet
  facet normal 3.346171e-02 3.824691e-01 9.233622e-01
    outer loop
      vertex   1.669765e+01 1.028527e+01 2.396593e+01
      vertex   1.700000e+01 1.025882e+01 2.396593e+01
      vertex   1.700000e+01 1.050000e+01 2.386603e+01
    endloop
  endfacet
  facet normal 3.346171e-02 3.824691e-01 9.233622e-01
    outer loop
      vertex   1.669765e+01 1.028527e+01 2.396593e+01
      vertex   1.700000e+01 1.050000e+01 2.386603e+01
      vertex   1.673953e+01 1.052279e+01 2.386603e+01
    endloop
  endfacet
  facet normal 5.318435e-02 6.078999e-01 7.922305e-01
    outer loop
      vertex   1.673953e+01 1.052279e+01 2.386603e+01
      vertex   1.700000e+01 1.050000e+01 2.386603e+01
      vertex   1.700000e+01 1.070711e+01 2.370711e+01
    endloop
  endfacet
  facet normal 5.318435e-02 6.078999e-01 7.922305e-01
    outer loop
      vertex   1.673953e+01 1.052279e+01 2.386603e+01
      vertex   1.700000e+01 1.070711e+01 2.370711e+01
      vertex   1.677549e+01 1.072675e+01 2.370711e+01
    endloop
  endfacet
  facet normal 6.924283e-02 7.914492e-01 6.073003e-01
    outer loop
      vertex   1.677549e+01 1.072675e+01 2.370711e+01
      vertex   1.700000e+01 1.070711e+01 2.370711e+01
      vertex   1.700000e+01 1.086603e+01 2.350000e+01
    endloop
  endfacet
  facet normal 6.924283e-02 7.914492e-01 6.073003e-01
    outer loop
      vertex   1.677549e+01 1.072675e+01 2.370711e+01
      vertex   1.700000e+01 1.086603e+01 2.350000e+01
      vertex   1.680309e+01 1.088325e+01 2.350000e+01
    endloop
  endfacet
  facet normal 8.056623e-02 9.208762e-01 3.814394e-01
    outer loop
      vertex   1.680309e+01 1.088325e+01 2.350000e+01
      vertex   1.700000e+01 1.086603e+01 2.350000e+01
      vertex   1.700000e+01 1.096593e+01 2.325882e+01
    endloop
  endfacet
  facet normal 8.056623e-02 9.208762e-01 3.814394e-01
    outer loop
      vertex   1.680309e+01 1.088325e+01 2.350000e+01
      vertex   1.700000e+01 1.096593e+01 2.325882e+01
      vertex   1.682044e+01 1.098164e+01 2.325882e+01
    endloop
  endfacet
  facet normal 8.641571e-02 9.877360e-01 1.300379e-01
    outer loop
      vertex   1.682044e+01 1.098164e+01 2.325882e+01
      vertex   1.700000e+01 1.096593e+01 2.325882e+01
      vertex   1.700000e+01 1.100000e+01 2.300000e+01
    endloop
  endfacet
  facet normal 1.288686e-01 9.788545e-01 1.588610e-01
    outer loop
      vertex   1.682044e+01 1.098164e+01 2.325882e+01
      vertex   1.700000e+01 1.100000e+01 2.300000e+01
      vertex   1.674118e+01 1.103407e+01 2.300000e+01
    endloop
  endfacet
  facet normal 2.570819e-01 9.594425e-01 1.156674e-01
    outer loop
      vertex   1.682044e+01 1.098164e+01 2.325882e+01
      vertex   1.674118e+01 1.103407e+01 2.300000e+01
      vertex   1.664633e+01 1.102829e+01 2.325882e+01
    endloop
  endfacet
  facet normal 3.778237e-01 9.121471e-01 1.588610e-01
    outer loop
      vertex   1.664633e+01 1.102829e+01 2.325882e+01
      vertex   1.674118e+01 1.103407e+01 2.300000e+01
      vertex   1.650000e+01 1.113397e+01 2.300000e+01
    endloop
  endfacet
  facet normal 4.190298e-01 8.986123e-01 1.300379e-01
    outer loop
      vertex   1.664633e+01 1.102829e+01 2.325882e+01
      vertex   1.650000e+01 1.113397e+01 2.300000e+01
      vertex   1.648296e+01 1.110447e+01 2.325882e+01
    endloop
  endfacet
  facet normal 5.687062e-01 8.121966e-01 1.300379e-01
    outer loop
      vertex   1.648296e+01 1.110447e+01 2.325882e+01
      vertex   1.650000e+01 1.113397e+01 2.300000e+01
      vertex   1.633531e+01 1.120785e+01 2.325882e+01
    endloop
  endfacet
  facet normal 5.302105e-01 7.572191e-01 3.814394e-01
    outer loop
      vertex   1.648296e+01 1.110447e+01 2.325882e+01
      vertex   1.633531e+01 1.120785e+01 2.325882e+01
      vertex   1.627110e+01 1.113133e+01 2.350000e+01
    endloop
  endfacet
  facet normal 6.536451e-01 6.536451e-01 3.814394e-01
    outer loop
      vertex   1.627110e+01 1.113133e+01 2.350000e+01
      vertex   1.633531e+01 1.120785e+01 2.325882e+01
      vertex   1.613133e+01 1.127110e+01 2.350000e+01
    endloop
  endfacet
  facet normal 5.617768e-01 5.617768e-01 6.073003e-01
    outer loop
      vertex   1.627110e+01 1.113133e+01 2.350000e+01
      vertex   1.613133e+01 1.127110e+01 2.350000e+01
      vertex   1.600959e+01 1.116894e+01 2.370711e+01
    endloop
  endfacet
  facet normal 6.507937e-01 4.556906e-01 6.073003e-01
    outer loop
      vertex   1.600959e+01 1.116894e+01 2.370711e+01
      vertex   1.613133e+01 1.127110e+01 2.350000e+01
      vertex   1.588032e+01 1.135355e+01 2.370711e+01
    endloop
  endfacet
  facet normal 4.998645e-01 3.500089e-01 7.922305e-01
    outer loop
      vertex   1.600959e+01 1.116894e+01 2.370711e+01
      vertex   1.588032e+01 1.135355e+01 2.370711e+01
      vertex   1.570096e+01 1.125000e+01 2.386603e+01
    endloop
  endfacet
  facet normal 5.530489e-01 2.578909e-01 7.922305e-01
    outer loop
      vertex   1.570096e+01 1.125000e+01 2.386603e+01
      vertex   1.588032e+01 1.135355e+01 2.370711e+01
      vertex   1.559046e+01 1.148697e+01 2.386603e+01
    endloop
  endfacet
  facet normal 3.479588e-01 1.622559e-01 9.233622e-01
    outer loop
      vertex   1.570096e+01 1.125000e+01 2.386603e+01
      vertex   1.559046e+01 1.148697e+01 2.386603e+01
      vertex   1.536383e+01 1.140448e+01 2.396593e+01
    endloop
  endfacet
  facet normal 3.708480e-01 9.936842e-02 9.233622e-01
    outer loop
      vertex   1.536383e+01 1.140448e+01 2.396593e+01
      vertex   1.559046e+01 1.148697e+01 2.386603e+01
      vertex   1.528527e+01 1.169765e+01 2.396593e+01
    endloop
  endfacet
  facet normal 1.236240e-01 3.312496e-02 9.917761e-01
    outer loop
      vertex   1.536383e+01 1.140448e+01 2.396593e+01
      vertex   1.528527e+01 1.169765e+01 2.396593e+01
      vertex   1.505014e+01 1.155496e+01 2.400000e+01
    endloop
  endfacet
  facet normal 1.343969e-01 1.514289e-02 9.908119e-01
    outer loop
      vertex   1.505014e+01 1.155496e+01 2.400000e+01
      vertex   1.528527e+01 1.169765e+01 2.396593e+01
      vertex   1.500000e+01 1.200000e+01 2.400000e+01
    endloop
  endfacet
  facet normal 1.305177e-01 1.141882e-02 9.913802e-01
    outer loop
      vertex   1.500000e+01 1.200000e+01 2.400000e+01
      vertex   1.528527e+01 1.169765e+01 2.396593e+01
      vertex   1.525882e+01 1.200000e+01 2.396593e+01
    endloop
  endfacet
  facet normal 3.824691e-01 3.346171e-02 9.233622e-01
    outer loop
      vertex   1.525882e+01 1.200000e+01 2.396593e+01
      vertex   1.528527e+01 1.169765e+01 2.396593e+01
      vertex   1.552279e+01 1.173953e+01 2.386603e+01
    endloop
  endfacet
  facet normal 3.824691e-01 3.346171e-02 9.233622e-01
    outer loop
      vertex   1.525882e+01 1.200000e+01 2.396593e+01
      vertex   1.552279e+01 1.173953e+01 2.386603e+01
      vertex   1.550000e+01 1.200000e+01 2.386603e+01
    endloop
  endfacet
  facet normal 6.078999e-01 5.318435e-02 7.922305e-01
    outer loop
      vertex   1.550000e+01 1.200000e+01 2.386603e+01
      vertex   1.552279e+01 1.173953e+01 2.386603e+01
      vertex   1.572675e+01 1.177549e+01 2.370711e+01
    endloop
  endfacet
  facet normal 6.078999e-01 5.318435e-02 7.922305e-01
    outer loop
      vertex   1.550000e+01 1.200000e+01 2.386603e+01
      vertex   1.572675e+01 1.177549e+01 2.370711e+01
      vertex   1.570711e+01 1.200000e+01 2.370711e+01
    endloop
  endfacet
  facet normal 7.914492e-01 6.924283e-02 6.073003e-01
    outer loop
      vertex   1.570711e+01 1.200000e+01 2.370711e+01
      vertex   1.572675e+01 1.177549e+01 2.370711e+01
      vertex   1.588325e+01 1.180309e+01 2.350000e+01
    endloop
  endfacet
  facet normal 7.914492e-01 6.924283e-02 6.073003e-01
    outer loop
      vertex   1.570711e+01 1.200000e+01 2.370711e+01
      vertex   1.588325e+01 1.180309e+01 2.350000e+01
      vertex   1.586603e+01 1.200000e+01 2.350000e+01
    endloop
  endfacet
  facet normal 9.208762e-01 8.056623e-02 3.814394e-01
    outer loop
      vertex   1.586603e+01 1.200000e+01 2.350000e+01
      vertex   1.588325e+01 1.180309e+01 2.350000e+01
      vertex   1.598164e+01 1.182044e+01 2.325882e+01
    endloop
  endfacet
  facet normal 9.208762e-01 8.056623e-02 3.814394e-01
    outer loop
      vertex   1.586603e+01 1.200000e+01 2.350000e+01
      vertex   1.598164e+01 1.182044e+01 2.325882e+01
      vertex   1.596593e+01 1.200000e+01 2.325882e+01
    endloop
  endfacet
  facet normal 9.877360e-01 8.641571e-02 1.300379e-01
    outer loop
      vertex   1.596593e+01 1.200000e+01 2.325882e+01
      vertex   1.598164e+01 1.182044e+01 2.325882e+01
      vertex   1.600000e+01 1.200000e+01 2.300000e+01
    endloop
  endfacet
  facet normal 9.788545e-01 1.288686e-01 1.588610e-01
    outer loop
      vertex   1.600000e+01 1.200000e+01 2.300000e+01
      vertex   1.598164e+01 1.182044e+01 2.325882e+01
      vertex   1.603407e+01 1.174118e+01 2.300000e+01
    endloop
  endfacet
  facet normal 9.594425e-01 2.570819e-01 1.156674e-01
    outer loop
      vertex   1.603407e+01 1.174118e+01 2.300000e+01
      vertex   1.598164e+01 1.182044e+01 2.325882e+01
      vertex   1.602829e+01 1.164633e+01 2.325882e+01
    endloop
  endfacet
  facet normal 9.121471e-01 3.778237e-01 1.588610e-01
    outer loop
      vertex   1.603407e+01 1.174118e+01 2.300000e+01
      vertex   1.602829e+01 1.164633e+01 2.325882e+01
      vertex   1.613397e+01 1.150000e+01 2.300000e+01
    endloop
  endfacet
  facet normal 8.986123e-01 4.190298e-01 1.300379e-01
    outer loop
      vertex   1.613397e+01 1.150000e+01 2.300000e+01
      vertex   1.602829e+01 1.164633e+01 2.325882e+01
      vertex   1.610447e+01 1.148296e+01 2.325882e+01
    endloop
  endfacet
  facet normal 8.121966e-01 5.687062e-01 1.300379e-01
    outer loop
      vertex   1.613397e+01 1.150000e+01 2.300000e+01
      vertex   1.610447e+01 1.148296e+01 2.325882e+01
      vertex   1.620785e+01 1.133531e+01 2.325882e+01
    endloop
  endfacet
  facet normal 7.572191e-01 5.302105e-01 3.814394e-01
    outer loop
      vertex   1.620785e+01 1.133531e+01 2.325882e+01
      vertex   1.610447e+01 1.148296e+01 2.325882e+01
      vertex   1.601795e+01 1.143301e+01 2.350000e+01
    endloop
  endfacet
  facet normal 7.572191e-01 5.302105e-01 3.814394e-01
    outer loop
      vertex   1.620785e+01 1.133531e+01 2.325882e+01
      vertex   1.601795e+01 1.143301e+01 2.350000e+01
      vertex   1.613133e+01 1.127110e+01 2.350000e+01
    endloop
  endfacet
  facet normal 6.507937e-01 4.556906e-01 6.073003e-01
    outer loop
      vertex   1.613133e+01 1.127110e+01 2.350000e+01
      vertex   1.601795e+01 1.143301e+01 2.350000e+01
      vertex   1.588032e+01 1.135355e+01 2.370711e+01
    endloop
  endfacet
  facet normal 6.010307e-01 7.832785e-01 1.588610e-01
    outer loop
      vertex   1.650000e+01 1.113397e+01 2.300000e+01
      vertex   1.629289e+01 1.129289e+01 2.300000e+01
      vertex   1.633531e+01 1.120785e+01 2.325882e+01
    endloop
  endfacet
  facet normal 7.023607e-01 7.023607e-01 1.156674e-01
    outer loop
      vertex   1.633531e+01 1.120785e+01 2.325882e+01
      vertex   1.629289e+01 1.129289e+01 2.300000e+01
      vertex   1.620785e+01 1.133531e+01 2.325882e+01
    endloop
  endfacet
  facet normal 6.536451e-01 6.536451e-01 3.814394e-01
    outer loop
      vertex   1.633531e+01 1.120785e+01 2.325882e+01
      vertex   1.620785e+01 1.133531e+01 2.325882e+01
      vertex   1.613133e+01 1.127110e+01 2.350000e+01
    endloop
  endfacet
  facet normal 7.832785e-01 6.010307e-01 1.588610e-01
    outer loop
      vertex   1.629289e+01 1.129289e+01 2.300000e+01
      vertex   1.613397e+01 1.150000e+01 2.300000e+01
      vertex   1.620785e+01 1.133531e+01 2.325882e+01
    endloop
  endfacet
  facet normal 1.293083e-01 4.524691e-02 9.905716e-01
    outer loop
      vertex   1.505014e+01 1.155496e+01 2.400000e+01
      vertex   1.519806e+01 1.113223e+01 2.400000e+01
      vertex   1.536383e+01 1.140448e+01 2.396593e+01
    endloop
  endfacet
  facet normal 1.154591e-01 5.383946e-02 9.918521e-01
    outer loop
      vertex   1.536383e+01 1.140448e+01 2.396593e+01
      vertex   1.519806e+01 1.113223e+01 2.400000e+01
      vertex   1.549209e+01 1.112941e+01 2.396593e+01
    endloop
  endfacet
  facet normal 3.479588e-01 1.622559e-01 9.233622e-01
    outer loop
      vertex   1.536383e+01 1.140448e+01 2.396593e+01
      vertex   1.549209e+01 1.112941e+01 2.396593e+01
      vertex   1.570096e+01 1.125000e+01 2.386603e+01
    endloop
  endfacet
  facet normal 3.144971e-01 2.202133e-01 9.233622e-01
    outer loop
      vertex   1.570096e+01 1.125000e+01 2.386603e+01
      vertex   1.549209e+01 1.112941e+01 2.396593e+01
      vertex   1.585093e+01 1.103582e+01 2.386603e+01
    endloop
  endfacet
  facet normal 4.998645e-01 3.500089e-01 7.922305e-01
    outer loop
      vertex   1.570096e+01 1.125000e+01 2.386603e+01
      vertex   1.585093e+01 1.103582e+01 2.386603e+01
      vertex   1.600959e+01 1.116894e+01 2.370711e+01
    endloop
  endfacet
  facet normal 4.314921e-01 4.314921e-01 7.922305e-01
    outer loop
      vertex   1.600959e+01 1.116894e+01 2.370711e+01
      vertex   1.585093e+01 1.103582e+01 2.386603e+01
      vertex   1.616894e+01 1.100959e+01 2.370711e+01
    endloop
  endfacet
  facet normal 5.617768e-01 5.617768e-01 6.073003e-01
    outer loop
      vertex   1.600959e+01 1.116894e+01 2.370711e+01
      vertex   1.616894e+01 1.100959e+01 2.370711e+01
      vertex   1.627110e+01 1.113133e+01 2.350000e+01
    endloop
  endfacet
  facet normal 4.556906e-01 6.507937e-01 6.073003e-01
    outer loop
      vertex   1.627110e+01 1.113133e+01 2.350000e+01
      vertex   1.616894e+01 1.100959e+01 2.370711e+01
      vertex   1.643301e+01 1.101795e+01 2.350000e+01
    endloop
  endfacet
  facet normal 5.302105e-01 7.572191e-01 3.814394e-01
    outer loop
      vertex   1.627110e+01 1.113133e+01 2.350000e+01
      vertex   1.643301e+01 1.101795e+01 2.350000e+01
      vertex   1.648296e+01 1.110447e+01 2.325882e+01
    endloop
  endfacet
  facet normal 3.906657e-01 8.377853e-01 3.814394e-01
    outer loop
      vertex   1.648296e+01 1.110447e+01 2.325882e+01
      vertex   1.643301e+01 1.101795e+01 2.350000e+01
      vertex   1.664633e+01 1.102829e+01 2.325882e+01
    endloop
  endfacet
  facet normal 1.155000e-01 7.257344e-02 9.906527e-01
    outer loop
      vertex   1.519806e+01 1.113223e+01 2.400000e+01
      vertex   1.543634e+01 1.075302e+01 2.400000e+01
      vertex   1.549209e+01 1.112941e+01 2.396593e+01
    endloop
  endfacet
  facet normal 1.058189e-01 7.409519e-02 9.916210e-01
    outer loop
      vertex   1.549209e+01 1.112941e+01 2.396593e+01
      vertex   1.543634e+01 1.075302e+01 2.400000e+01
      vertex   1.566618e+01 1.088079e+01 2.396593e+01
    endloop
  endfacet
  facet normal 3.144971e-01 2.202133e-01 9.233622e-01
    outer loop
      vertex   1.549209e+01 1.112941e+01 2.396593e+01
      vertex   1.566618e+01 1.088079e+01 2.396593e+01
      vertex   1.585093e+01 1.103582e+01 2.386603e+01
    endloop
  endfacet
  facet normal 2.714796e-01 2.714796e-01 9.233622e-01
    outer loop
      vertex   1.585093e+01 1.103582e+01 2.386603e+01
      vertex   1.566618e+01 1.088079e+01 2.396593e+01
      vertex   1.603582e+01 1.085093e+01 2.386603e+01
    endloop
  endfacet
  facet normal 4.314921e-01 4.314921e-01 7.922305e-01
    outer loop
      vertex   1.585093e+01 1.103582e+01 2.386603e+01
      vertex   1.603582e+01 1.085093e+01 2.386603e+01
      vertex   1.616894e+01 1.100959e+01 2.370711e+01
    endloop
  endfacet
  facet normal 3.500089e-01 4.998645e-01 7.922305e-01
    outer loop
      vertex   1.616894e+01 1.100959e+01 2.370711e+01
      vertex   1.603582e+01 1.085093e+01 2.386603e+01
      vertex   1.635355e+01 1.088032e+01 2.370711e+01
    endloop
  endfacet
  facet normal 4.556906e-01 6.507937e-01 6.073003e-01
    outer loop
      vertex   1.616894e+01 1.100959e+01 2.370711e+01
      vertex   1.635355e+01 1.088032e+01 2.370711e+01
      vertex   1.643301e+01 1.101795e+01 2.350000e+01
    endloop
  endfacet
  facet normal 3.357585e-01 7.200365e-01 6.073003e-01
    outer loop
      vertex   1.643301e+01 1.101795e+01 2.350000e+01
      vertex   1.635355e+01 1.088032e+01 2.370711e+01
      vertex   1.661216e+01 1.093441e+01 2.350000e+01
    endloop
  endfacet
  facet normal 3.906657e-01 8.377853e-01 3.814394e-01
    outer loop
      vertex   1.643301e+01 1.101795e+01 2.350000e+01
      vertex   1.661216e+01 1.093441e+01 2.350000e+01
      vertex   1.664633e+01 1.102829e+01 2.325882e+01
    endloop
  endfacet
  facet normal 2.392507e-01 8.928959e-01 3.814394e-01
    outer loop
      vertex   1.664633e+01 1.102829e+01 2.325882e+01
      vertex   1.661216e+01 1.093441e+01 2.350000e+01
      vertex   1.682044e+01 1.098164e+01 2.325882e+01
    endloop
  endfacet
  facet normal 9.442933e-02 9.442933e-02 9.910430e-01
    outer loop
      vertex   1.543634e+01 1.075302e+01 2.400000e+01
      vertex   1.575302e+01 1.043634e+01 2.400000e+01
      vertex   1.566618e+01 1.088079e+01 2.396593e+01
    endloop
  endfacet
  facet normal 9.442933e-02 9.442933e-02 9.910430e-01
    outer loop
      vertex   1.566618e+01 1.088079e+01 2.396593e+01
      vertex   1.575302e+01 1.043634e+01 2.400000e+01
      vertex   1.588079e+01 1.066618e+01 2.396593e+01
    endloop
  endfacet
  facet normal 2.714796e-01 2.714796e-01 9.233622e-01
    outer loop
      vertex   1.566618e+01 1.088079e+01 2.396593e+01
      vertex   1.588079e+01 1.066618e+01 2.396593e+01
      vertex   1.603582e+01 1.085093e+01 2.386603e+01
    endloop
  endfacet
  facet normal 2.202133e-01 3.144971e-01 9.233622e-01
    outer loop
      vertex   1.603582e+01 1.085093e+01 2.386603e+01
      vertex   1.588079e+01 1.066618e+01 2.396593e+01
      vertex   1.625000e+01 1.070096e+01 2.386603e+01
    endloop
  endfacet
  facet normal 3.500089e-01 4.998645e-01 7.922305e-01
    outer loop
      vertex   1.603582e+01 1.085093e+01 2.386603e+01
      vertex   1.625000e+01 1.070096e+01 2.386603e+01
      vertex   1.635355e+01 1.088032e+01 2.370711e+01
    endloop
  endfacet
  facet normal 2.578909e-01 5.530489e-01 7.922305e-01
    outer loop
      vertex   1.635355e+01 1.088032e+01 2.370711e+01
      vertex   1.625000e+01 1.070096e+01 2.386603e+01
      vertex   1.655780e+01 1.078508e+01 2.370711e+01
    endloop
  endfacet
  facet normal 3.357585e-01 7.200365e-01 6.073003e-01
    outer loop
      vertex   1.635355e+01 1.088032e+01 2.370711e+01
      vertex   1.655780e+01 1.078508e+01 2.370711e+01
      vertex   1.661216e+01 1.093441e+01 2.350000e+01
    endloop
  endfacet
  facet normal 2.056246e-01 7.674014e-01 6.073003e-01
    outer loop
      vertex   1.661216e+01 1.093441e+01 2.350000e+01
      vertex   1.655780e+01 1.078508e+01 2.370711e+01
      vertex   1.680309e+01 1.088325e+01 2.350000e+01
    endloop
  endfacet
  facet normal 2.392507e-01 8.928959e-01 3.814394e-01
    outer loop
      vertex   1.661216e+01 1.093441e+01 2.350000e+01
      vertex   1.680309e+01 1.088325e+01 2.350000e+01
      vertex   1.682044e+01 1.098164e+01 2.325882e+01
    endloop
  endfacet
  facet normal 7.409519e-02 1.058189e-01 9.916210e-01
    outer loop
      vertex   1.588079e+01 1.066618e+01 2.396593e+01
      vertex   1.575302e+01 1.043634e+01 2.400000e+01
      vertex   1.612941e+01 1.049209e+01 2.396593e+01
    endloop
  endfacet
  facet normal 7.257344e-02 1.155000e-01 9.906527e-01
    outer loop
      vertex   1.612941e+01 1.049209e+01 2.396593e+01
      vertex   1.575302e+01 1.043634e+01 2.400000e+01
      vertex   1.613223e+01 1.019806e+01 2.400000e+01
    endloop
  endfacet
  facet normal 5.383946e-02 1.154591e-01 9.918521e-01
    outer loop
      vertex   1.612941e+01 1.049209e+01 2.396593e+01
      vertex   1.613223e+01 1.019806e+01 2.400000e+01
      vertex   1.640448e+01 1.036383e+01 2.396593e+01
    endloop
  endfacet
  facet normal 4.524691e-02 1.293083e-01 9.905716e-01
    outer loop
      vertex   1.640448e+01 1.036383e+01 2.396593e+01
      vertex   1.613223e+01 1.019806e+01 2.400000e+01
      vertex   1.655496e+01 1.005014e+01 2.400000e+01
    endloop
  endfacet
  facet normal 3.312496e-02 1.236240e-01 9.917761e-01
    outer loop
      vertex   1.640448e+01 1.036383e+01 2.396593e+01
      vertex   1.655496e+01 1.005014e+01 2.400000e+01
      vertex   1.669765e+01 1.028527e+01 2.396593e+01
    endloop
  endfacet
  facet normal 2.056246e-01 7.674014e-01 6.073003e-01
    outer loop
      vertex   1.680309e+01 1.088325e+01 2.350000e+01
      vertex   1.655780e+01 1.078508e+01 2.370711e+01
      vertex   1.677549e+01 1.072675e+01 2.370711e+01
    endloop
  endfacet
  facet normal 1.579371e-01 5.894291e-01 7.922305e-01
    outer loop
      vertex   1.677549e+01 1.072675e+01 2.370711e+01
      vertex   1.655780e+01 1.078508e+01 2.370711e+01
      vertex   1.648697e+01 1.059046e+01 2.386603e+01
    endloop
  endfacet
  facet normal 1.579371e-01 5.894291e-01 7.922305e-01
    outer loop
      vertex   1.677549e+01 1.072675e+01 2.370711e+01
      vertex   1.648697e+01 1.059046e+01 2.386603e+01
      vertex   1.673953e+01 1.052279e+01 2.386603e+01
    endloop
  endfacet
  facet normal 9.936842e-02 3.708480e-01 9.233622e-01
    outer loop
      vertex   1.673953e+01 1.052279e+01 2.386603e+01
      vertex   1.648697e+01 1.059046e+01 2.386603e+01
      vertex   1.640448e+01 1.036383e+01 2.396593e+01
    endloop
  endfacet
  facet normal 9.936842e-02 3.708480e-01 9.233622e-01
    outer loop
      vertex   1.673953e+01 1.052279e+01 2.386603e+01
      vertex   1.640448e+01 1.036383e+01 2.396593e+01
      vertex   1.669765e+01 1.028527e+01 2.396593e+01
    endloop
  endfacet
  facet normal 1.622559e-01 3.479588e-01 9.233622e-01
    outer loop
      vertex   1.612941e+01 1.049209e+01 2.396593e+01
      vertex   1.640448e+01 1.036383e+01 2.396593e+01
      vertex   1.648697e+01 1.059046e+01 2.386603e+01
    endloop
  endfacet
  facet normal 1.622559e-01 3.479588e-01 9.233622e-01
    outer loop
      vertex   1.612941e+01 1.049209e+01 2.396593e+01
      vertex   1.648697e+01 1.059046e+01 2.386603e+01
      vertex   1.625000e+01 1.070096e+01 2.386603e+01
    endloop
  endfacet
  facet normal 2.578909e-01 5.530489e-01 7.922305e-01
    outer loop
      vertex   1.625000e+01 1.070096e+01 2.386603e+01
      vertex   1.648697e+01 1.059046e+01 2.386603e+01
      vertex   1.655780e+01 1.078508e+01 2.370711e+01
    endloop
  endfacet
  facet normal 2.202133e-01 3.144971e-01 9.233622e-01
    outer loop
      vertex   1.612941e+01 1.049209e+01 2.396593e+01
      vertex   1.625000e+01 1.070096e+01 2.386603e+01
      vertex   1.588079e+01 1.066618e+01 2.396593e+01
    endloop
  endfacet
  facet normal 8.377853e-01 3.906657e-01 3.814394e-01
    outer loop
      vertex   1.601795e+01 1.143301e+01 2.350000e+01
      vertex   1.610447e+01 1.148296e+01 2.325882e+01
      vertex   1.593441e+01 1.161216e+01 2.350000e+01
    endloop
  endfacet
  facet normal 8.377853e-01 3.906657e-01 3.814394e-01
    outer loop
      vertex   1.593441e+01 1.161216e+01 2.350000e+01
      vertex   1.610447e+01 1.148296e+01 2.325882e+01
      vertex   1.602829e+01 1.164633e+01 2.325882e+01
    endloop
  endfacet
  facet normal 8.928959e-01 2.392507e-01 3.814394e-01
    outer loop
      vertex   1.593441e+01 1.161216e+01 2.350000e+01
      vertex   1.602829e+01 1.164633e+01 2.325882e+01
      vertex   1.588325e+01 1.180309e+01 2.350000e+01
    endloop
  endfacet
  facet normal 8.928959e-01 2.392507e-01 3.814394e-01
    outer loop
      vertex   1.588325e+01 1.180309e+01 2.350000e+01
      vertex   1.602829e+01 1.164633e+01 2.325882e+01
      vertex   1.598164e+01 1.182044e+01 2.325882e+01
    endloop
  endfacet
  facet normal 7.200365e-01 3.357585e-01 6.073003e-01
    outer loop
      vertex   1.588032e+01 1.135355e+01 2.370711e+01
      vertex   1.601795e+01 1.143301e+01 2.350000e+01
      vertex   1.578508e+01 1.155780e+01 2.370711e+01
    endloop
  endfacet
  facet normal 7.200365e-01 3.357585e-01 6.073003e-01
    outer loop
      vertex   1.578508e+01 1.155780e+01 2.370711e+01
      vertex   1.601795e+01 1.143301e+01 2.350000e+01
      vertex   1.593441e+01 1.161216e+01 2.350000e+01
    endloop
  endfacet
  facet normal 7.674014e-01 2.056246e-01 6.073003e-01
    outer loop
      vertex   1.578508e+01 1.155780e+01 2.370711e+01
      vertex   1.593441e+01 1.161216e+01 2.350000e+01
      vertex   1.572675e+01 1.177549e+01 2.370711e+01
    endloop
  endfacet
  facet normal 7.674014e-01 2.056246e-01 6.073003e-01
    outer loop
      vertex   1.572675e+01 1.177549e+01 2.370711e+01
      vertex   1.593441e+01 1.161216e+01 2.350000e+01
      vertex   1.588325e+01 1.180309e+01 2.350000e+01
    endloop
  endfacet
  facet normal 5.530489e-01 2.578909e-01 7.922305e-01
    outer loop
      vertex   1.588032e+01 1.135355e+01 2.370711e+01
      vertex   1.578508e+01 1.155780e+01 2.370711e+01
      vertex   1.559046e+01 1.148697e+01 2.386603e+01
    endloop
  endfacet
  facet normal 5.894291e-01 1.579371e-01 7.922305e-01
    outer loop
      vertex   1.559046e+01 1.148697e+01 2.386603e+01
      vertex   1.578508e+01 1.155780e+01 2.370711e+01
      vertex   1.552279e+01 1.173953e+01 2.386603e+01
    endloop
  endfacet
  facet normal 3.708480e-01 9.936842e-02 9.233622e-01
    outer loop
      vertex   1.559046e+01 1.148697e+01 2.386603e+01
      vertex   1.552279e+01 1.173953e+01 2.386603e+01
      vertex   1.528527e+01 1.169765e+01 2.396593e+01
    endloop
  endfacet
  facet normal 5.894291e-01 1.579371e-01 7.922305e-01
    outer loop
      vertex   1.552279e+01 1.173953e+01 2.386603e+01
      vertex   1.578508e+01 1.155780e+01 2.370711e+01
      vertex   1.572675e+01 1.177549e+01 2.370711e+01
    endloop
  endfacet
  facet normal 0.000000e+00 1.305262e-01 9.914449e-01
    outer loop
      vertex   4.000000e+01 1.025882e+01 2.396593e+01
      vertex   3.425000e+01 1.025882e+01 2.396593e+01
      vertex   4.000000e+01 1.000000e+01 2.400000e+01
    endloop
  endfacet
  facet normal 0.000000e+00 1.305262e-01 9.914449e-01
    outer loop
      vertex   4.000000e+01 1.000000e+01 2.400000e+01
      vertex   3.425000e+01 1.025882e+01 2.396593e+01
      vertex   2.850000e+01 1.025882e+01 2.396593e+01
    endloop
  endfacet
  facet normal 0.000000e+00 1.305262e-01 9.914449e-01
    outer loop
      vertex   4.000000e+01 1.000000e+01 2.400000e+01
      vertex   2.850000e+01 1.025882e+01 2.396593e+01
      vertex   1.700000e+01 1.000000e+01 2.400000e+01
    endloop
  endfacet
  facet normal 0.000000e+00 1.305262e-01 9.914449e-01
    outer loop
      vertex   1.700000e+01 1.000000e+01 2.400000e+01
      vertex   2.850000e+01 1.025882e+01 2.396593e+01
      vertex   2.275000e+01 1.025882e+01 2.396593e+01
    endloop
  endfacet
  facet normal 0.000000e+00 1.305262e-01 9.914449e-01
    outer loop
      vertex   1.700000e+01 1.000000e+01 2.400000e+01
      vertex   2.275000e+01 1.025882e+01 2.396593e+01
      vertex   1.700000e+01 1.025882e+01 2.396593e+01
    endloop
  endfacet
  facet normal -0.000000e+00 3.826834e-01 9.238795e-01
    outer loop
      vertex   1.700000e+01 1.025882e+01 2.396593e+01
      vertex   2.275000e+01 1.025882e+01 2.396593e+01
      vertex   1.700000e+01 1.050000e+01 2.386603e+01
    endloop
  endfacet
  facet normal -6.890542e-16 3.826834e-01 9.238795e-01
    outer loop
      vertex   1.700000e+01 1.050000e+01 2.386603e+01
      vertex   2.275000e+01 1.025882e+01 2.396593e+01
      vertex   2.275000e+01 1.050000e+01 2.386603e+01
    endloop
  endfacet
  facet normal -6.782495e-16 6.087614e-01 7.933533e-01
    outer loop
      vertex   1.700000e+01 1.050000e+01 2.386603e+01
      vertex   2.275000e+01 1.050000e+01 2.386603e+01
      vertex   1.700000e+01 1.070711e+01 2.370711e+01
    endloop
  endfacet
  facet normal -6.782495e-16 6.087614e-01 7.933533e-01
    outer loop
      vertex   1.700000e+01 1.070711e+01 2.370711e+01
      vertex   2.275000e+01 1.050000e+01 2.386603e+01
      vertex   2.275000e+01 1.070711e+01 2.370711e+01
    endloop
  endfacet
  facet normal -6.212232e-16 7.933533e-01 6.087614e-01
    outer loop
      vertex   1.700000e+01 1.070711e+01 2.370711e+01
      vertex   2.275000e+01 1.070711e+01 2.370711e+01
      vertex   1.700000e+01 1.086603e+01 2.350000e+01
    endloop
  endfacet
  facet normal -0.000000e+00 7.933533e-01 6.087614e-01
    outer loop
      vertex   1.700000e+01 1.086603e+01 2.350000e+01
      vertex   2.275000e+01 1.070711e+01 2.370711e+01
      vertex   2.275000e+01 1.086603e+01 2.350000e+01
    endloop
  endfacet
  facet normal -0.000000e+00 9.238795e-01 3.826834e-01
    outer loop
      vertex   1.700000e+01 1.086603e+01 2.350000e+01
      vertex   2.275000e+01 1.086603e+01 2.350000e+01
      vertex   1.700000e+01 1.096593e+01 2.325882e+01
    endloop
  endfacet
  facet normal -0.000000e+00 9.238795e-01 3.826834e-01
    outer loop
      vertex   1.700000e+01 1.096593e+01 2.325882e+01
      vertex   2.275000e+01 1.086603e+01 2.350000e+01
      vertex   2.275000e+01 1.096593e+01 2.325882e+01
    endloop
  endfacet
  facet normal -0.000000e+00 9.914449e-01 1.305262e-01
    outer loop
      vertex   1.700000e+01 1.096593e+01 2.325882e+01
      vertex   2.275000e+01 1.096593e+01 2.325882e+01
      vertex   1.700000e+01 1.100000e+01 2.300000e+01
    endloop
  endfacet
  facet normal -8.089707e-17 9.914449e-01 1.305262e-01
    outer loop
      vertex   1.700000e+01 1.100000e+01 2.300000e+01
      vertex   2.275000e+01 1.096593e+01 2.325882e+01
      vertex   2.850000e+01 1.096593e+01 2.325882e+01
    endloop
  endfacet
  facet normal -2.016183e-17 9.914449e-01 1.305262e-01
    outer loop
      vertex   1.700000e+01 1.100000e+01 2.300000e+01
      vertex   2.850000e+01 1.096593e+01 2.325882e+01
      vertex   4.000000e+01 1.100000e+01 2.300000e+01
    endloop
  endfacet
  facet normal 0.000000e+00 9.914449e-01 1.305262e-01
    outer loop
      vertex   4.000000e+01 1.100000e+01 2.300000e+01
      vertex   2.850000e+01 1.096593e+01 2.325882e+01
      vertex   3.425000e+01 1.096593e+01 2.325882e+01
    endloop
  endfacet
  facet normal 6.125064e-16 9.914449e-01 1.305262e-01
    outer loop
      vertex   4.000000e+01 1.100000e+01 2.300000e+01
      vertex   3.425000e+01 1.096593e+01 2.325882e+01
      vertex   4.000000e+01 1.096593e+01 2.325882e+01
    endloop
  endfacet
  facet normal 5.708312e-16 9.238795e-01 3.826834e-01
    outer loop
      vertex   4.000000e+01 1.096593e+01 2.325882e+01
      vertex   3.425000e+01 1.096593e+01 2.325882e+01
      vertex   4.000000e+01 1.086603e+01 2.350000e+01
    endloop
  endfacet
  facet normal 2.854156e-16 9.238795e-01 3.826834e-01
    outer loop
      vertex   4.000000e+01 1.086603e+01 2.350000e+01
      vertex   3.425000e+01 1.096593e+01 2.325882e+01
      vertex   3.425000e+01 1.086603e+01 2.350000e+01
    endloop
  endfacet
  facet normal 2.450919e-16 7.933533e-01 6.087614e-01
    outer loop
      vertex   4.000000e+01 1.086603e+01 2.350000e+01
      vertex   3.425000e+01 1.086603e+01 2.350000e+01
      vertex   4.000000e+01 1.070711e+01 2.370711e+01
    endloop
  endfacet
  facet normal 2.450919e-16 7.933533e-01 6.087614e-01
    outer loop
      vertex   4.000000e+01 1.070711e+01 2.370711e+01
      vertex   3.425000e+01 1.086603e+01 2.350000e+01
      vertex   3.425000e+01 1.070711e+01 2.370711e+01
    endloop
  endfacet
  facet normal 1.880657e-16 6.087614e-01 7.933533e-01
    outer loop
      vertex   4.000000e+01 1.070711e+01 2.370711e+01
      vertex   3.425000e+01 1.070711e+01 2.370711e+01
      vertex   4.000000e+01 1.050000e+01 2.386603e+01
    endloop
  endfacet
  facet normal 8.663152e-16 6.087614e-01 7.933533e-01
    outer loop
      vertex   4.000000e+01 1.050000e+01 2.386603e+01
      vertex   3.425000e+01 1.070711e+01 2.370711e+01
      vertex   3.425000e+01 1.050000e+01 2.386603e+01
    endloop
  endfacet
  facet normal 8.072772e-16 3.826834e-01 9.238795e-01
    outer loop
      vertex   4.000000e+01 1.050000e+01 2.386603e+01
      vertex   3.425000e+01 1.050000e+01 2.386603e+01
      vertex   4.000000e+01 1.025882e+01 2.396593e+01
    endloop
  endfacet
  facet normal 0.000000e+00 3.826834e-01 9.238795e-01
    outer loop
      vertex   4.000000e+01 1.025882e+01 2.396593e+01
      vertex   3.425000e+01 1.050000e+01 2.386603e+01
      vertex   3.425000e+01 1.025882e+01 2.396593e+01
    endloop
  endfacet
  facet normal 0.000000e+00 3.826834e-01 9.238795e-01
    outer loop
      vertex   2.275000e+01 1.050000e+01 2.386603e+01
      vertex   2.275000e+01 1.025882e+01 2.396593e+01
      vertex   2.850000e+01 1.025882e+01 2.396593e+01
    endloop
  endfacet
  facet normal -0.000000e+00 3.826834e-01 9.238795e-01
    outer loop
      vertex   2.850000e+01 1.025882e+01 2.396593e+01
      vertex   3.425000e+01 1.025882e+01 2.396593e+01
      vertex   2.850000e+01 1.050000e+01 2.386603e+01
    endloop
  endfacet
  facet normal 1.182230e-16 3.826834e-01 9.238795e-01
    outer loop
      vertex   2.850000e+01 1.050000e+01 2.386603e+01
      vertex   3.425000e+01 1.025882e+01 2.396593e+01
      vertex   3.425000e+01 1.050000e+01 2.386603e+01
    endloop
  endfacet
  facet normal 1.880657e-16 6.087614e-01 7.933533e-01
    outer loop
      vertex   2.850000e+01 1.050000e+01 2.386603e+01
      vertex   3.425000e+01 1.050000e+01 2.386603e+01
      vertex   2.850000e+01 1.070711e+01 2.370711e+01
    endloop
  endfacet
  facet normal -0.000000e+00 6.087614e-01 7.933533e-01
    outer loop
      vertex   2.850000e+01 1.070711e+01 2.370711e+01
      vertex   3.425000e+01 1.050000e+01 2.386603e+01
      vertex   3.425000e+01 1.070711e+01 2.370711e+01
    endloop
  endfacet
  facet normal -0.000000e+00 7.933533e-01 6.087614e-01
    outer loop
      vertex   2.850000e+01 1.070711e+01 2.370711e+01
      vertex   3.425000e+01 1.070711e+01 2.370711e+01
      vertex   2.850000e+01 1.086603e+01 2.350000e+01
    endloop
  endfacet
  facet normal -0.000000e+00 7.933533e-01 6.087614e-01
    outer loop
      vertex   2.850000e+01 1.086603e+01 2.350000e+01
      vertex   3.425000e+01 1.070711e+01 2.370711e+01
      vertex   3.425000e+01 1.086603e+01 2.350000e+01
    endloop
  endfacet
  facet normal -0.000000e+00 9.238795e-01 3.826834e-01
    outer loop
      vertex   2.850000e+01 1.086603e+01 2.350000e+01
      vertex   3.425000e+01 1.086603e+01 2.350000e+01
      vertex   2.850000e+01 1.096593e+01 2.325882e+01
    endloop
  endfacet
  facet normal -0.000000e+00 9.238795e-01 3.826834e-01
    outer loop
      vertex   2.850000e+01 1.096593e+01 2.325882e+01
      vertex   3.425000e+01 1.086603e+01 2.350000e+01
      vertex   3.425000e+01 1.096593e+01 2.325882e+01
    endloop
  endfacet
  facet normal 0.000000e+00 6.087614e-01 7.933533e-01
    outer loop
      vertex   2.275000e+01 1.070711e+01 2.370711e+01
      vertex   2.275000e+01 1.050000e+01 2.386603e+01
      vertex   2.850000e+01 1.050000e+01 2.386603e+01
    endloop
  endfacet
  facet normal 0.000000e+00 3.826834e-01 9.238795e-01
    outer loop
      vertex   2.850000e+01 1.050000e+01 2.386603e+01
      vertex   2.275000e+01 1.050000e+01 2.386603e+01
      vertex   2.850000e+01 1.025882e+01 2.396593e+01
    endloop
  endfacet
  facet normal 1.880657e-16 6.087614e-01 7.933533e-01
    outer loop
      vertex   2.275000e+01 1.070711e+01 2.370711e+01
      vertex   2.850000e+01 1.050000e+01 2.386603e+01
      vertex   2.850000e+01 1.070711e+01 2.370711e+01
    endloop
  endfacet
  facet normal 2.450025e-16 7.933533e-01 6.087614e-01
    outer loop
      vertex   2.275000e+01 1.086603e+01 2.350000e+01
      vertex   2.275000e+01 1.070711e+01 2.370711e+01
      vertex   2.850000e+01 1.070711e+01 2.370711e+01
    endloop
  endfacet
  facet normal -0.000000e+00 7.933533e-01 6.087614e-01
    outer loop
      vertex   2.275000e+01 1.086603e+01 2.350000e+01
      vertex   2.850000e+01 1.070711e+01 2.370711e+01
      vertex   2.850000e+01 1.086603e+01 2.350000e+01
    endloop
  endfacet
  facet normal 0.000000e+00 9.238795e-01 3.826834e-01
    outer loop
      vertex   2.275000e+01 1.096593e+01 2.325882e+01
      vertex   2.275000e+01 1.086603e+01 2.350000e+01
      vertex   2.850000e+01 1.086603e+01 2.350000e+01
    endloop
  endfacet
  facet normal -2.364460e-16 9.238795e-01 3.826834e-01
    outer loop
      vertex   2.275000e+01 1.096593e+01 2.325882e+01
      vertex   2.850000e+01 1.086603e+01 2.350000e+01
      vertex   2.850000e+01 1.096593e+01 2.325882e+01
    endloop
  endfacet
  facet normal -1.343969e-01 1.514289e-02 9.908119e-01
    outer loop
      vertex   4.194986e+01 1.155496e+01 2.400000e+01
      vertex   4.200000e+01 1.200000e+01 2.400000e+01
      vertex   4.171473e+01 1.169765e+01 2.396593e+01
    endloop
  endfacet
  facet normal -1.305177e-01 1.141882e-02 9.913802e-01
    outer loop
      vertex   4.171473e+01 1.169765e+01 2.396593e+01
      vertex   4.200000e+01 1.200000e+01 2.400000e+01
      vertex   4.174118e+01 1.200000e+01 2.396593e+01
    endloop
  endfacet
  facet normal -3.824691e-01 3.346171e-02 9.233622e-01
    outer loop
      vertex   4.171473e+01 1.169765e+01 2.396593e+01
      vertex   4.174118e+01 1.200000e+01 2.396593e+01
      vertex   4.150000e+01 1.200000e+01 2.386603e+01
    endloop
  endfacet
  facet normal -3.824691e-01 3.346171e-02 9.233622e-01
    outer loop
      vertex   4.171473e+01 1.169765e+01 2.396593e+01
      vertex   4.150000e+01 1.200000e+01 2.386603e+01
      vertex   4.147721e+01 1.173953e+01 2.386603e+01
    endloop
  endfacet
  facet normal -6.078999e-01 5.318435e-02 7.922305e-01
    outer loop
      vertex   4.147721e+01 1.173953e+01 2.386603e+01
      vertex   4.150000e+01 1.200000e+01 2.386603e+01
      vertex   4.129289e+01 1.200000e+01 2.370711e+01
    endloop
  endfacet
  facet normal -6.078999e-01 5.318435e-02 7.922305e-01
    outer loop
      vertex   4.147721e+01 1.173953e+01 2.386603e+01
      vertex   4.129289e+01 1.200000e+01 2.370711e+01
      vertex   4.127325e+01 1.177549e+01 2.370711e+01
    endloop
  endfacet
  facet normal -7.914492e-01 6.924283e-02 6.073003e-01
    outer loop
      vertex   4.127325e+01 1.177549e+01 2.370711e+01
      vertex   4.129289e+01 1.200000e+01 2.370711e+01
      vertex   4.113398e+01 1.200000e+01 2.350000e+01
    endloop
  endfacet
  facet normal -7.914492e-01 6.924283e-02 6.073003e-01
    outer loop
      vertex   4.127325e+01 1.177549e+01 2.370711e+01
      vertex   4.113398e+01 1.200000e+01 2.350000e+01
      vertex   4.111675e+01 1.180309e+01 2.350000e+01
    endloop
  endfacet
  facet normal -9.208762e-01 8.056623e-02 3.814394e-01
    outer loop
      vertex   4.111675e+01 1.180309e+01 2.350000e+01
      vertex   4.113398e+01 1.200000e+01 2.350000e+01
      vertex   4.103407e+01 1.200000e+01 2.325882e+01
    endloop
  endfacet
  facet normal -9.208762e-01 8.056623e-02 3.814394e-01
    outer loop
      vertex   4.111675e+01 1.180309e+01 2.350000e+01
      vertex   4.103407e+01 1.200000e+01 2.325882e+01
      vertex   4.101836e+01 1.182044e+01 2.325882e+01
    endloop
  endfacet
  facet normal -9.877360e-01 8.641571e-02 1.300379e-01
    outer loop
      vertex   4.101836e+01 1.182044e+01 2.325882e+01
      vertex   4.103407e+01 1.200000e+01 2.325882e+01
      vertex   4.100000e+01 1.200000e+01 2.300000e+01
    endloop
  endfacet
  facet normal -9.788545e-01 1.288686e-01 1.588610e-01
    outer loop
      vertex   4.101836e+01 1.182044e+01 2.325882e+01
      vertex   4.100000e+01 1.200000e+01 2.300000e+01
      vertex   4.096593e+01 1.174118e+01 2.300000e+01
    endloop
  endfacet
  facet normal -9.594425e-01 2.570819e-01 1.156674e-01
    outer loop
      vertex   4.101836e+01 1.182044e+01 2.325882e+01
      vertex   4.096593e+01 1.174118e+01 2.300000e+01
      vertex   4.097171e+01 1.164633e+01 2.325882e+01
    endloop
  endfacet
  facet normal -9.121471e-01 3.778237e-01 1.588610e-01
    outer loop
      vertex   4.097171e+01 1.164633e+01 2.325882e+01
      vertex   4.096593e+01 1.174118e+01 2.300000e+01
      vertex   4.086603e+01 1.150000e+01 2.300000e+01
    endloop
  endfacet
  facet normal -8.986123e-01 4.190298e-01 1.300379e-01
    outer loop
      vertex   4.097171e+01 1.164633e+01 2.325882e+01
      vertex   4.086603e+01 1.150000e+01 2.300000e+01
      vertex   4.089554e+01 1.148296e+01 2.325882e+01
    endloop
  endfacet
  facet normal -8.121966e-01 5.687062e-01 1.300379e-01
    outer loop
      vertex   4.089554e+01 1.148296e+01 2.325882e+01
      vertex   4.086603e+01 1.150000e+01 2.300000e+01
      vertex   4.079215e+01 1.133531e+01 2.325882e+01
    endloop
  endfacet
  facet normal -7.572191e-01 5.302105e-01 3.814394e-01
    outer loop
      vertex   4.089554e+01 1.148296e+01 2.325882e+01
      vertex   4.079215e+01 1.133531e+01 2.325882e+01
      vertex   4.086868e+01 1.127110e+01 2.350000e+01
    endloop
  endfacet
  facet normal -6.536451e-01 6.536451e-01 3.814394e-01
    outer loop
      vertex   4.086868e+01 1.127110e+01 2.350000e+01
      vertex   4.079215e+01 1.133531e+01 2.325882e+01
      vertex   4.072891e+01 1.113133e+01 2.350000e+01
    endloop
  endfacet
  facet normal -5.617768e-01 5.617768e-01 6.073003e-01
    outer loop
      vertex   4.086868e+01 1.127110e+01 2.350000e+01
      vertex   4.072891e+01 1.113133e+01 2.350000e+01
      vertex   4.083106e+01 1.100959e+01 2.370711e+01
    endloop
  endfacet
  facet normal -4.556906e-01 6.507937e-01 6.073003e-01
    outer loop
      vertex   4.083106e+01 1.100959e+01 2.370711e+01
      vertex   4.072891e+01 1.113133e+01 2.350000e+01
      vertex   4.064645e+01 1.088032e+01 2.370711e+01
    endloop
  endfacet
  facet normal -3.500089e-01 4.998645e-01 7.922305e-01
    outer loop
      vertex   4.083106e+01 1.100959e+01 2.370711e+01
      vertex   4.064645e+01 1.088032e+01 2.370711e+01
      vertex   4.075000e+01 1.070096e+01 2.386603e+01
    endloop
  endfacet
  facet normal -2.578909e-01 5.530489e-01 7.922305e-01
    outer loop
      vertex   4.075000e+01 1.070096e+01 2.386603e+01
      vertex   4.064645e+01 1.088032e+01 2.370711e+01
      vertex   4.051303e+01 1.059046e+01 2.386603e+01
    endloop
  endfacet
  facet normal -1.622559e-01 3.479588e-01 9.233622e-01
    outer loop
      vertex   4.075000e+01 1.070096e+01 2.386603e+01
      vertex   4.051303e+01 1.059046e+01 2.386603e+01
      vertex   4.059552e+01 1.036383e+01 2.396593e+01
    endloop
  endfacet
  facet normal -9.936842e-02 3.708480e-01 9.233622e-01
    outer loop
      vertex   4.059552e+01 1.036383e+01 2.396593e+01
      vertex   4.051303e+01 1.059046e+01 2.386603e+01
      vertex   4.030235e+01 1.028527e+01 2.396593e+01
    endloop
  endfacet
  facet normal -3.312496e-02 1.236240e-01 9.917761e-01
    outer loop
      vertex   4.059552e+01 1.036383e+01 2.396593e+01
      vertex   4.030235e+01 1.028527e+01 2.396593e+01
      vertex   4.044504e+01 1.005014e+01 2.400000e+01
    endloop
  endfacet
  facet normal -1.514289e-02 1.343969e-01 9.908119e-01
    outer loop
      vertex   4.044504e+01 1.005014e+01 2.400000e+01
      vertex   4.030235e+01 1.028527e+01 2.396593e+01
      vertex   4.000000e+01 1.000000e+01 2.400000e+01
    endloop
  endfacet
  facet normal -1.141882e-02 1.305177e-01 9.913802e-01
    outer loop
      vertex   4.000000e+01 1.000000e+01 2.400000e+01
      vertex   4.030235e+01 1.028527e+01 2.396593e+01
      vertex   4.000000e+01 1.025882e+01 2.396593e+01
    endloop
  endfacet
  facet normal -3.346171e-02 3.824691e-01 9.233622e-01
    outer loop
      vertex   4.000000e+01 1.025882e+01 2.396593e+01
      vertex   4.030235e+01 1.028527e+01 2.396593e+01
      vertex   4.026047e+01 1.052279e+01 2.386603e+01
    endloop
  endfacet
  facet normal -3.346171e-02 3.824691e-01 9.233622e-01
    outer loop
      vertex   4.000000e+01 1.025882e+01 2.396593e+01
      vertex   4.026047e+01 1.052279e+01 2.386603e+01
      vertex   4.000000e+01 1.050000e+01 2.386603e+01
    endloop
  endfacet
  facet normal -5.318435e-02 6.078999e-01 7.922305e-01
    outer loop
      vertex   4.000000e+01 1.050000e+01 2.386603e+01
      vertex   4.026047e+01 1.052279e+01 2.386603e+01
      vertex   4.022451e+01 1.072675e+01 2.370711e+01
    endloop
  endfacet
  facet normal -5.318435e-02 6.078999e-01 7.922305e-01
    outer loop
      vertex   4.000000e+01 1.050000e+01 2.386603e+01
      vertex   4.022451e+01 1.072675e+01 2.370711e+01
      vertex   4.000000e+01 1.070711e+01 2.370711e+01
    endloop
  endfacet
  facet normal -6.924283e-02 7.914492e-01 6.073003e-01
    outer loop
      vertex   4.000000e+01 1.070711e+01 2.370711e+01
      vertex   4.022451e+01 1.072675e+01 2.370711e+01
      vertex   4.019691e+01 1.088325e+01 2.350000e+01
    endloop
  endfacet
  facet normal -6.924283e-02 7.914492e-01 6.073003e-01
    outer loop
      vertex   4.000000e+01 1.070711e+01 2.370711e+01
      vertex   4.019691e+01 1.088325e+01 2.350000e+01
      vertex   4.000000e+01 1.086603e+01 2.350000e+01
    endloop
  endfacet
  facet normal -8.056623e-02 9.208762e-01 3.814394e-01
    outer loop
      vertex   4.000000e+01 1.086603e+01 2.350000e+01
      vertex   4.019691e+01 1.088325e+01 2.350000e+01
      vertex   4.017957e+01 1.098164e+01 2.325882e+01
    endloop
  endfacet
  facet normal -8.056623e-02 9.208762e-01 3.814394e-01
    outer loop
      vertex   4.000000e+01 1.086603e+01 2.350000e+01
      vertex   4.017957e+01 1.098164e+01 2.325882e+01
      vertex   4.000000e+01 1.096593e+01 2.325882e+01
    endloop
  endfacet
  facet normal -8.641571e-02 9.877360e-01 1.300379e-01
    outer loop
      vertex   4.000000e+01 1.096593e+01 2.325882e+01
      vertex   4.017957e+01 1.098164e+01 2.325882e+01
      vertex   4.000000e+01 1.100000e+01 2.300000e+01
    endloop
  endfacet
  facet normal -1.288686e-01 9.788545e-01 1.588610e-01
    outer loop
      vertex   4.000000e+01 1.100000e+01 2.300000e+01
      vertex   4.017957e+01 1.098164e+01 2.325882e+01
      vertex   4.025882e+01 1.103407e+01 2.300000e+01
    endloop
  endfacet
  facet normal -2.570819e-01 9.594425e-01 1.156674e-01
    outer loop
      vertex   4.025882e+01 1.103407e+01 2.300000e+01
      vertex   4.017957e+01 1.098164e+01 2.325882e+01
      vertex   4.035367e+01 1.102829e+01 2.325882e+01
    endloop
  endfacet
  facet normal -3.778237e-01 9.121471e-01 1.588610e-01
    outer loop
      vertex   4.025882e+01 1.103407e+01 2.300000e+01
      vertex   4.035367e+01 1.102829e+01 2.325882e+01
      vertex   4.050000e+01 1.113397e+01 2.300000e+01
    endloop
  endfacet
  facet normal -4.190298e-01 8.986123e-01 1.300379e-01
    outer loop
      vertex   4.050000e+01 1.113397e+01 2.300000e+01
      vertex   4.035367e+01 1.102829e+01 2.325882e+01
      vertex   4.051704e+01 1.110447e+01 2.325882e+01
    endloop
  endfacet
  facet normal -5.687062e-01 8.121966e-01 1.300379e-01
    outer loop
      vertex   4.050000e+01 1.113397e+01 2.300000e+01
      vertex   4.051704e+01 1.110447e+01 2.325882e+01
      vertex   4.066469e+01 1.120785e+01 2.325882e+01
    endloop
  endfacet
  facet normal -5.302105e-01 7.572191e-01 3.814394e-01
    outer loop
      vertex   4.066469e+01 1.120785e+01 2.325882e+01
      vertex   4.051704e+01 1.110447e+01 2.325882e+01
      vertex   4.056699e+01 1.101795e+01 2.350000e+01
    endloop
  endfacet
  facet normal -5.302105e-01 7.572191e-01 3.814394e-01
    outer loop
      vertex   4.066469e+01 1.120785e+01 2.325882e+01
      vertex   4.056699e+01 1.101795e+01 2.350000e+01
      vertex   4.072891e+01 1.113133e+01 2.350000e+01
    endloop
  endfacet
  facet normal -4.556906e-01 6.507937e-01 6.073003e-01
    outer loop
      vertex   4.072891e+01 1.113133e+01 2.350000e+01
      vertex   4.056699e+01 1.101795e+01 2.350000e+01
      vertex   4.064645e+01 1.088032e+01 2.370711e+01
    endloop
  endfacet
  facet normal -7.832785e-01 6.010307e-01 1.588610e-01
    outer loop
      vertex   4.086603e+01 1.150000e+01 2.300000e+01
      vertex   4.070711e+01 1.129289e+01 2.300000e+01
      vertex   4.079215e+01 1.133531e+01 2.325882e+01
    endloop
  endfacet
  facet normal -7.023607e-01 7.023607e-01 1.156674e-01
    outer loop
      vertex   4.079215e+01 1.133531e+01 2.325882e+01
      vertex   4.070711e+01 1.129289e+01 2.300000e+01
      vertex   4.066469e+01 1.120785e+01 2.325882e+01
    endloop
  endfacet
  facet normal -6.536451e-01 6.536451e-01 3.814394e-01
    outer loop
      vertex   4.079215e+01 1.133531e+01 2.325882e+01
      vertex   4.066469e+01 1.120785e+01 2.325882e+01
      vertex   4.072891e+01 1.113133e+01 2.350000e+01
    endloop
  endfacet
  facet normal -6.010307e-01 7.832785e-01 1.588610e-01
    outer loop
      vertex   4.070711e+01 1.129289e+01 2.300000e+01
      vertex   4.050000e+01 1.113397e+01 2.300000e+01
      vertex   4.066469e+01 1.120785e+01 2.325882e+01
    endloop
  endfacet
  facet normal -4.524691e-02 1.293083e-01 9.905716e-01
    outer loop
      vertex   4.044504e+01 1.005014e+01 2.400000e+01
      vertex   4.086777e+01 1.019806e+01 2.400000e+01
      vertex   4.059552e+01 1.036383e+01 2.396593e+01
    endloop
  endfacet
  facet normal -5.383946e-02 1.154591e-01 9.918521e-01
    outer loop
      vertex   4.059552e+01 1.036383e+01 2.396593e+01
      vertex   4.086777e+01 1.019806e+01 2.400000e+01
      vertex   4.087059e+01 1.049209e+01 2.396593e+01
    endloop
  endfacet
  facet normal -1.622559e-01 3.479588e-01 9.233622e-01
    outer loop
      vertex   4.059552e+01 1.036383e+01 2.396593e+01
      vertex   4.087059e+01 1.049209e+01 2.396593e+01
      vertex   4.075000e+01 1.070096e+01 2.386603e+01
    endloop
  endfacet
  facet normal -2.202133e-01 3.144971e-01 9.233622e-01
    outer loop
      vertex   4.075000e+01 1.070096e+01 2.386603e+01
      vertex   4.087059e+01 1.049209e+01 2.396593e+01
      vertex   4.096418e+01 1.085093e+01 2.386603e+01
    endloop
  endfacet
  facet normal -3.500089e-01 4.998645e-01 7.922305e-01
    outer loop
      vertex   4.075000e+01 1.070096e+01 2.386603e+01
      vertex   4.096418e+01 1.085093e+01 2.386603e+01
      vertex   4.083106e+01 1.100959e+01 2.370711e+01
    endloop
  endfacet
  facet normal -4.314921e-01 4.314921e-01 7.922305e-01
    outer loop
      vertex   4.083106e+01 1.100959e+01 2.370711e+01
      vertex   4.096418e+01 1.085093e+01 2.386603e+01
      vertex   4.099041e+01 1.116894e+01 2.370711e+01
    endloop
  endfacet
  facet normal -5.617768e-01 5.617768e-01 6.073003e-01
    outer loop
      vertex   4.083106e+01 1.100959e+01 2.370711e+01
      vertex   4.099041e+01 1.116894e+01 2.370711e+01
      vertex   4.086868e+01 1.127110e+01 2.350000e+01
    endloop
  endfacet
  facet normal -6.507937e-01 4.556906e-01 6.073003e-01
    outer loop
      vertex   4.086868e+01 1.127110e+01 2.350000e+01
      vertex   4.099041e+01 1.116894e+01 2.370711e+01
      vertex   4.098205e+01 1.143301e+01 2.350000e+01
    endloop
  endfacet
  facet normal -7.572191e-01 5.302105e-01 3.814394e-01
    outer loop
      vertex   4.086868e+01 1.127110e+01 2.350000e+01
      vertex   4.098205e+01 1.143301e+01 2.350000e+01
      vertex   4.089554e+01 1.148296e+01 2.325882e+01
    endloop
  endfacet
  facet normal -8.377853e-01 3.906657e-01 3.814394e-01
    outer loop
      vertex   4.089554e+01 1.148296e+01 2.325882e+01
      vertex   4.098205e+01 1.143301e+01 2.350000e+01
      vertex   4.097171e+01 1.164633e+01 2.325882e+01
    endloop
  endfacet
  facet normal -7.257344e-02 1.155000e-01 9.906527e-01
    outer loop
      vertex   4.086777e+01 1.019806e+01 2.400000e+01
      vertex   4.124698e+01 1.043634e+01 2.400000e+01
      vertex   4.087059e+01 1.049209e+01 2.396593e+01
    endloop
  endfacet
  facet normal -7.409519e-02 1.058189e-01 9.916210e-01
    outer loop
      vertex   4.087059e+01 1.049209e+01 2.396593e+01
      vertex   4.124698e+01 1.043634e+01 2.400000e+01
      vertex   4.111921e+01 1.066618e+01 2.396593e+01
    endloop
  endfacet
  facet normal -2.202133e-01 3.144971e-01 9.233622e-01
    outer loop
      vertex   4.087059e+01 1.049209e+01 2.396593e+01
      vertex   4.111921e+01 1.066618e+01 2.396593e+01
      vertex   4.096418e+01 1.085093e+01 2.386603e+01
    endloop
  endfacet
  facet normal -2.714796e-01 2.714796e-01 9.233622e-01
    outer loop
      vertex   4.096418e+01 1.085093e+01 2.386603e+01
      vertex   4.111921e+01 1.066618e+01 2.396593e+01
      vertex   4.114907e+01 1.103582e+01 2.386603e+01
    endloop
  endfacet
  facet normal -4.314921e-01 4.314921e-01 7.922305e-01
    outer loop
      vertex   4.096418e+01 1.085093e+01 2.386603e+01
      vertex   4.114907e+01 1.103582e+01 2.386603e+01
      vertex   4.099041e+01 1.116894e+01 2.370711e+01
    endloop
  endfacet
  facet normal -4.998645e-01 3.500089e-01 7.922305e-01
    outer loop
      vertex   4.099041e+01 1.116894e+01 2.370711e+01
      vertex   4.114907e+01 1.103582e+01 2.386603e+01
      vertex   4.111968e+01 1.135355e+01 2.370711e+01
    endloop
  endfacet
  facet normal -6.507937e-01 4.556906e-01 6.073003e-01
    outer loop
      vertex   4.099041e+01 1.116894e+01 2.370711e+01
      vertex   4.111968e+01 1.135355e+01 2.370711e+01
      vertex   4.098205e+01 1.143301e+01 2.350000e+01
    endloop
  endfacet
  facet normal -7.200365e-01 3.357585e-01 6.073003e-01
    outer loop
      vertex   4.098205e+01 1.143301e+01 2.350000e+01
      vertex   4.111968e+01 1.135355e+01 2.370711e+01
      vertex   4.106559e+01 1.161216e+01 2.350000e+01
    endloop
  endfacet
  facet normal -8.377853e-01 3.906657e-01 3.814394e-01
    outer loop
      vertex   4.098205e+01 1.143301e+01 2.350000e+01
      vertex   4.106559e+01 1.161216e+01 2.350000e+01
      vertex   4.097171e+01 1.164633e+01 2.325882e+01
    endloop
  endfacet
  facet normal -8.928959e-01 2.392507e-01 3.814394e-01
    outer loop
      vertex   4.097171e+01 1.164633e+01 2.325882e+01
      vertex   4.106559e+01 1.161216e+01 2.350000e+01
      vertex   4.101836e+01 1.182044e+01 2.325882e+01
    endloop
  endfacet
  facet normal -9.442933e-02 9.442933e-02 9.910430e-01
    outer loop
      vertex   4.124698e+01 1.043634e+01 2.400000e+01
      vertex   4.156366e+01 1.075302e+01 2.400000e+01
      vertex   4.111921e+01 1.066618e+01 2.396593e+01
    endloop
  endfacet
  facet normal -9.442933e-02 9.442933e-02 9.910430e-01
    outer loop
      vertex   4.111921e+01 1.066618e+01 2.396593e+01
      vertex   4.156366e+01 1.075302e+01 2.400000e+01
      vertex   4.133382e+01 1.088079e+01 2.396593e+01
    endloop
  endfacet
  facet normal -2.714796e-01 2.714796e-01 9.233622e-01
    outer loop
      vertex   4.111921e+01 1.066618e+01 2.396593e+01
      vertex   4.133382e+01 1.088079e+01 2.396593e+01
      vertex   4.114907e+01 1.103582e+01 2.386603e+01
    endloop
  endfacet
  facet normal -3.144971e-01 2.202133e-01 9.233622e-01
    outer loop
      vertex   4.114907e+01 1.103582e+01 2.386603e+01
      vertex   4.133382e+01 1.088079e+01 2.396593e+01
      vertex   4.129904e+01 1.125000e+01 2.386603e+01
    endloop
  endfacet
  facet normal -4.998645e-01 3.500089e-01 7.922305e-01
    outer loop
      vertex   4.114907e+01 1.103582e+01 2.386603e+01
      vertex   4.129904e+01 1.125000e+01 2.386603e+01
      vertex   4.111968e+01 1.135355e+01 2.370711e+01
    endloop
  endfacet
  facet normal -5.530489e-01 2.578909e-01 7.922305e-01
    outer loop
      vertex   4.111968e+01 1.135355e+01 2.370711e+01
      vertex   4.129904e+01 1.125000e+01 2.386603e+01
      vertex   4.121492e+01 1.155780e+01 2.370711e+01
    endloop
  endfacet
  facet normal -7.200365e-01 3.357585e-01 6.073003e-01
    outer loop
      vertex   4.111968e+01 1.135355e+01 2.370711e+01
      vertex   4.121492e+01 1.155780e+01 2.370711e+01
      vertex   4.106559e+01 1.161216e+01 2.350000e+01
    endloop
  endfacet
  facet normal -7.674014e-01 2.056246e-01 6.073003e-01
    outer loop
      vertex   4.106559e+01 1.161216e+01 2.350000e+01
      vertex   4.121492e+01 1.155780e+01 2.370711e+01
      vertex   4.111675e+01 1.180309e+01 2.350000e+01
    endloop
  endfacet
  facet normal -8.928959e-01 2.392507e-01 3.814394e-01
    outer loop
      vertex   4.106559e+01 1.161216e+01 2.350000e+01
      vertex   4.111675e+01 1.180309e+01 2.350000e+01
      vertex   4.101836e+01 1.182044e+01 2.325882e+01
    endloop
  endfacet
  facet normal -1.058189e-01 7.409519e-02 9.916210e-01
    outer loop
      vertex   4.133382e+01 1.088079e+01 2.396593e+01
      vertex   4.156366e+01 1.075302e+01 2.400000e+01
      vertex   4.150791e+01 1.112941e+01 2.396593e+01
    endloop
  endfacet
  facet normal -1.155000e-01 7.257344e-02 9.906527e-01
    outer loop
      vertex   4.150791e+01 1.112941e+01 2.396593e+01
      vertex   4.156366e+01 1.075302e+01 2.400000e+01
      vertex   4.180194e+01 1.113223e+01 2.400000e+01
    endloop
  endfacet
  facet normal -1.154591e-01 5.383946e-02 9.918521e-01
    outer loop
      vertex   4.150791e+01 1.112941e+01 2.396593e+01
      vertex   4.180194e+01 1.113223e+01 2.400000e+01
      vertex   4.163618e+01 1.140448e+01 2.396593e+01
    endloop
  endfacet
  facet normal -1.293083e-01 4.524691e-02 9.905716e-01
    outer loop
      vertex   4.163618e+01 1.140448e+01 2.396593e+01
      vertex   4.180194e+01 1.113223e+01 2.400000e+01
      vertex   4.194986e+01 1.155496e+01 2.400000e+01
    endloop
  endfacet
  facet normal -1.236240e-01 3.312496e-02 9.917761e-01
    outer loop
      vertex   4.163618e+01 1.140448e+01 2.396593e+01
      vertex   4.194986e+01 1.155496e+01 2.400000e+01
      vertex   4.171473e+01 1.169765e+01 2.396593e+01
    endloop
  endfacet
  facet normal -7.674014e-01 2.056246e-01 6.073003e-01
    outer loop
      vertex   4.111675e+01 1.180309e+01 2.350000e+01
      vertex   4.121492e+01 1.155780e+01 2.370711e+01
      vertex   4.127325e+01 1.177549e+01 2.370711e+01
    endloop
  endfacet
  facet normal -5.894291e-01 1.579371e-01 7.922305e-01
    outer loop
      vertex   4.127325e+01 1.177549e+01 2.370711e+01
      vertex   4.121492e+01 1.155780e+01 2.370711e+01
      vertex   4.140954e+01 1.148697e+01 2.386603e+01
    endloop
  endfacet
  facet normal -5.894291e-01 1.579371e-01 7.922305e-01
    outer loop
      vertex   4.127325e+01 1.177549e+01 2.370711e+01
      vertex   4.140954e+01 1.148697e+01 2.386603e+01
      vertex   4.147721e+01 1.173953e+01 2.386603e+01
    endloop
  endfacet
  facet normal -3.708480e-01 9.936842e-02 9.233622e-01
    outer loop
      vertex   4.147721e+01 1.173953e+01 2.386603e+01
      vertex   4.140954e+01 1.148697e+01 2.386603e+01
      vertex   4.163618e+01 1.140448e+01 2.396593e+01
    endloop
  endfacet
  facet normal -3.708480e-01 9.936842e-02 9.233622e-01
    outer loop
      vertex   4.147721e+01 1.173953e+01 2.386603e+01
      vertex   4.163618e+01 1.140448e+01 2.396593e+01
      vertex   4.171473e+01 1.169765e+01 2.396593e+01
    endloop
  endfacet
  facet normal -3.479588e-01 1.622559e-01 9.233622e-01
    outer loop
      vertex   4.150791e+01 1.112941e+01 2.396593e+01
      vertex   4.163618e+01 1.140448e+01 2.396593e+01
      vertex   4.140954e+01 1.148697e+01 2.386603e+01
    endloop
  endfacet
  facet normal -3.479588e-01 1.622559e-01 9.233622e-01
    outer loop
      vertex   4.150791e+01 1.112941e+01 2.396593e+01
      vertex   4.140954e+01 1.148697e+01 2.386603e+01
      vertex   4.129904e+01 1.125000e+01 2.386603e+01
    endloop
  endfacet
  facet normal -5.530489e-01 2.578909e-01 7.922305e-01
    outer loop
      vertex   4.129904e+01 1.125000e+01 2.386603e+01
      vertex   4.140954e+01 1.148697e+01 2.386603e+01
      vertex   4.121492e+01 1.155780e+01 2.370711e+01
    endloop
  endfacet
  facet normal -3.144971e-01 2.202133e-01 9.233622e-01
    outer loop
      vertex   4.150791e+01 1.112941e+01 2.396593e+01
      vertex   4.129904e+01 1.125000e+01 2.386603e+01
      vertex   4.133382e+01 1.088079e+01 2.396593e+01
    endloop
  endfacet
  facet normal -3.906657e-01 8.377853e-01 3.814394e-01
    outer loop
      vertex   4.056699e+01 1.101795e+01 2.350000e+01
      vertex   4.051704e+01 1.110447e+01 2.325882e+01
      vertex   4.038784e+01 1.093441e+01 2.350000e+01
    endloop
  endfacet
  facet normal -3.906657e-01 8.377853e-01 3.814394e-01
    outer loop
      vertex   4.038784e+01 1.093441e+01 2.350000e+01
      vertex   4.051704e+01 1.110447e+01 2.325882e+01
      vertex   4.035367e+01 1.102829e+01 2.325882e+01
    endloop
  endfacet
  facet normal -2.392507e-01 8.928959e-01 3.814394e-01
    outer loop
      vertex   4.038784e+01 1.093441e+01 2.350000e+01
      vertex   4.035367e+01 1.102829e+01 2.325882e+01
      vertex   4.019691e+01 1.088325e+01 2.350000e+01
    endloop
  endfacet
  facet normal -2.392507e-01 8.928959e-01 3.814394e-01
    outer loop
      vertex   4.019691e+01 1.088325e+01 2.350000e+01
      vertex   4.035367e+01 1.102829e+01 2.325882e+01
      vertex   4.017957e+01 1.098164e+01 2.325882e+01
    endloop
  endfacet
  facet normal -3.357585e-01 7.200365e-01 6.073003e-01
    outer loop
      vertex   4.064645e+01 1.088032e+01 2.370711e+01
      vertex   4.056699e+01 1.101795e+01 2.350000e+01
      vertex   4.044220e+01 1.078508e+01 2.370711e+01
    endloop
  endfacet
  facet normal -3.357585e-01 7.200365e-01 6.073003e-01
    outer loop
      vertex   4.044220e+01 1.078508e+01 2.370711e+01
      vertex   4.056699e+01 1.101795e+01 2.350000e+01
      vertex   4.038784e+01 1.093441e+01 2.350000e+01
    endloop
  endfacet
  facet normal -2.056246e-01 7.674014e-01 6.073003e-01
    outer loop
      vertex   4.044220e+01 1.078508e+01 2.370711e+01
      vertex   4.038784e+01 1.093441e+01 2.350000e+01
      vertex   4.022451e+01 1.072675e+01 2.370711e+01
    endloop
  endfacet
  facet normal -2.056246e-01 7.674014e-01 6.073003e-01
    outer loop
      vertex   4.022451e+01 1.072675e+01 2.370711e+01
      vertex   4.038784e+01 1.093441e+01 2.350000e+01
      vertex   4.019691e+01 1.088325e+01 2.350000e+01
    endloop
  endfacet
  facet normal -2.578909e-01 5.530489e-01 7.922305e-01
    outer loop
      vertex   4.064645e+01 1.088032e+01 2.370711e+01
      vertex   4.044220e+01 1.078508e+01 2.370711e+01
      vertex   4.051303e+01 1.059046e+01 2.386603e+01
    endloop
  endfacet
  facet normal -1.579371e-01 5.894291e-01 7.922305e-01
    outer loop
      vertex   4.051303e+01 1.059046e+01 2.386603e+01
      vertex   4.044220e+01 1.078508e+01 2.370711e+01
      vertex   4.026047e+01 1.052279e+01 2.386603e+01
    endloop
  endfacet
  facet normal -9.936842e-02 3.708480e-01 9.233622e-01
    outer loop
      vertex   4.051303e+01 1.059046e+01 2.386603e+01
      vertex   4.026047e+01 1.052279e+01 2.386603e+01
      vertex   4.030235e+01 1.028527e+01 2.396593e+01
    endloop
  endfacet
  facet normal -1.579371e-01 5.894291e-01 7.922305e-01
    outer loop
      vertex   4.026047e+01 1.052279e+01 2.386603e+01
      vertex   4.044220e+01 1.078508e+01 2.370711e+01
      vertex   4.022451e+01 1.072675e+01 2.370711e+01
    endloop
  endfacet
  facet normal -1.305262e-01 0.000000e+00 9.914449e-01
    outer loop
      vertex   4.200000e+01 1.200000e+01 2.400000e+01
      vertex   4.200000e+01 2.300000e+01 2.400000e+01
      vertex   4.174118e+01 1.750000e+01 2.396593e+01
    endloop
  endfacet
  facet normal -1.305262e-01 1.686262e-16 9.914449e-01
    outer loop
      vertex   4.174118e+01 1.750000e+01 2.396593e+01
      vertex   4.200000e+01 2.300000e+01 2.400000e+01
      vertex   4.174118e+01 2.300000e+01 2.396593e+01
    endloop
  endfacet
  facet normal -3.826834e-01 4.943871e-16 9.238795e-01
    outer loop
      vertex   4.174118e+01 1.750000e+01 2.396593e+01
      vertex   4.174118e+01 2.300000e+01 2.396593e+01
      vertex   4.150000e+01 1.750000e+01 2.386603e+01
    endloop
  endfacet
  facet normal -3.826834e-01 5.967781e-16 9.238795e-01
    outer loop
      vertex   4.150000e+01 1.750000e+01 2.386603e+01
      vertex   4.174118e+01 2.300000e+01 2.396593e+01
      vertex   4.150000e+01 2.300000e+01 2.386603e+01
    endloop
  endfacet
  facet normal -6.087614e-01 5.124649e-16 7.933533e-01
    outer loop
      vertex   4.150000e+01 1.750000e+01 2.386603e+01
      vertex   4.150000e+01 2.300000e+01 2.386603e+01
      vertex   4.129289e+01 1.750000e+01 2.370711e+01
    endloop
  endfacet
  facet normal -6.087614e-01 0.000000e+00 7.933533e-01
    outer loop
      vertex   4.129289e+01 1.750000e+01 2.370711e+01
      vertex   4.150000e+01 2.300000e+01 2.386603e+01
      vertex   4.129289e+01 2.300000e+01 2.370711e+01
    endloop
  endfacet
  facet normal -7.933533e-01 0.000000e+00 6.087614e-01
    outer loop
      vertex   4.129289e+01 1.750000e+01 2.370711e+01
      vertex   4.129289e+01 2.300000e+01 2.370711e+01
      vertex   4.113398e+01 1.750000e+01 2.350000e+01
    endloop
  endfacet
  facet normal -7.933533e-01 2.049860e-15 6.087614e-01
    outer loop
      vertex   4.113398e+01 1.750000e+01 2.350000e+01
      vertex   4.129289e+01 2.300000e+01 2.370711e+01
      vertex   4.113398e+01 2.300000e+01 2.350000e+01
    endloop
  endfacet
  facet normal -9.238795e-01 2.387112e-15 3.826834e-01
    outer loop
      vertex   4.113398e+01 1.750000e+01 2.350000e+01
      vertex   4.113398e+01 2.300000e+01 2.350000e+01
      vertex   4.103407e+01 1.750000e+01 2.325882e+01
    endloop
  endfacet
  facet normal -9.238795e-01 1.193556e-15 3.826834e-01
    outer loop
      vertex   4.103407e+01 1.750000e+01 2.325882e+01
      vertex   4.113398e+01 2.300000e+01 2.350000e+01
      vertex   4.103407e+01 2.300000e+01 2.325882e+01
    endloop
  endfacet
  facet normal -9.914449e-01 1.280844e-15 1.305262e-01
    outer loop
      vertex   4.103407e+01 1.750000e+01 2.325882e+01
      vertex   4.103407e+01 2.300000e+01 2.325882e+01
      vertex   4.100000e+01 2.300000e+01 2.300000e+01
    endloop
  endfacet
  facet normal -9.914449e-01 -4.215656e-17 1.305262e-01
    outer loop
      vertex   4.100000e+01 2.300000e+01 2.300000e+01
      vertex   4.100000e+01 1.200000e+01 2.300000e+01
      vertex   4.103407e+01 1.750000e+01 2.325882e+01
    endloop
  endfacet
  facet normal -9.914449e-01 -8.431312e-17 1.305262e-01
    outer loop
      vertex   4.103407e+01 1.750000e+01 2.325882e+01
      vertex   4.100000e+01 1.200000e+01 2.300000e+01
      vertex   4.103407e+01 1.200000e+01 2.325882e+01
    endloop
  endfacet
  facet normal -9.238795e-01 -2.471936e-16 3.826834e-01
    outer loop
      vertex   4.103407e+01 1.750000e+01 2.325882e+01
      vertex   4.103407e+01 1.200000e+01 2.325882e+01
      vertex   4.113398e+01 1.750000e+01 2.350000e+01
    endloop
  endfacet
  facet normal -9.238795e-01 0.000000e+00 3.826834e-01
    outer loop
      vertex   4.113398e+01 1.750000e+01 2.350000e+01
      vertex   4.103407e+01 1.200000e+01 2.325882e+01
      vertex   4.113398e+01 1.200000e+01 2.350000e+01
    endloop
  endfacet
  facet normal -7.933533e-01 0.000000e+00 6.087614e-01
    outer loop
      vertex   4.113398e+01 1.750000e+01 2.350000e+01
      vertex   4.113398e+01 1.200000e+01 2.350000e+01
      vertex   4.129289e+01 1.750000e+01 2.370711e+01
    endloop
  endfacet
  facet normal -7.933533e-01 -3.932282e-16 6.087614e-01
    outer loop
      vertex   4.129289e+01 1.750000e+01 2.370711e+01
      vertex   4.113398e+01 1.200000e+01 2.350000e+01
      vertex   4.129289e+01 1.200000e+01 2.370711e+01
    endloop
  endfacet
  facet normal -6.087614e-01 -5.124649e-16 7.933533e-01
    outer loop
      vertex   4.129289e+01 1.750000e+01 2.370711e+01
      vertex   4.129289e+01 1.200000e+01 2.370711e+01
      vertex   4.150000e+01 1.750000e+01 2.386603e+01
    endloop
  endfacet
  facet normal -6.087614e-01 -5.124649e-16 7.933533e-01
    outer loop
      vertex   4.150000e+01 1.750000e+01 2.386603e+01
      vertex   4.129289e+01 1.200000e+01 2.370711e+01
      vertex   4.150000e+01 1.200000e+01 2.386603e+01
    endloop
  endfacet
  facet normal -3.826834e-01 -5.967781e-16 9.238795e-01
    outer loop
      vertex   4.150000e+01 1.750000e+01 2.386603e+01
      vertex   4.150000e+01 1.200000e+01 2.386603e+01
      vertex   4.174118e+01 1.750000e+01 2.396593e+01
    endloop
  endfacet
  facet normal -3.826834e-01 0.000000e+00 9.238795e-01
    outer loop
      vertex   4.174118e+01 1.750000e+01 2.396593e+01
      vertex   4.150000e+01 1.200000e+01 2.386603e+01
      vertex   4.174118e+01 1.200000e+01 2.396593e+01
    endloop
  endfacet
  facet normal -1.305262e-01 0.000000e+00 9.914449e-01
    outer loop
      vertex   4.174118e+01 1.750000e+01 2.396593e+01
      vertex   4.174118e+01 1.200000e+01 2.396593e+01
      vertex   4.200000e+01 1.200000e+01 2.400000e+01
    endloop
  endfacet
  facet normal -1.514289e-02 -1.343969e-01 9.908119e-01
    outer loop
      vertex   4.044504e+01 2.494986e+01 2.400000e+01
      vertex   4.000000e+01 2.500000e+01 2.400000e+01
      vertex   4.030235e+01 2.471473e+01 2.396593e+01
    endloop
  endfacet
  facet normal -1.141882e-02 -1.305177e-01 9.913802e-01
    outer loop
      vertex   4.030235e+01 2.471473e+01 2.396593e+01
      vertex   4.000000e+01 2.500000e+01 2.400000e+01
      vertex   4.000000e+01 2.474118e+01 2.396593e+01
    endloop
  endfacet
  facet normal -3.346171e-02 -3.824691e-01 9.233622e-01
    outer loop
      vertex   4.030235e+01 2.471473e+01 2.396593e+01
      vertex   4.000000e+01 2.474118e+01 2.396593e+01
      vertex   4.000000e+01 2.450000e+01 2.386603e+01
    endloop
  endfacet
  facet normal -3.346171e-02 -3.824691e-01 9.233622e-01
    outer loop
      vertex   4.030235e+01 2.471473e+01 2.396593e+01
      vertex   4.000000e+01 2.450000e+01 2.386603e+01
      vertex   4.026047e+01 2.447721e+01 2.386603e+01
    endloop
  endfacet
  facet normal -5.318435e-02 -6.078999e-01 7.922305e-01
    outer loop
      vertex   4.026047e+01 2.447721e+01 2.386603e+01
      vertex   4.000000e+01 2.450000e+01 2.386603e+01
      vertex   4.000000e+01 2.429289e+01 2.370711e+01
    endloop
  endfacet
  facet normal -5.318435e-02 -6.078999e-01 7.922305e-01
    outer loop
      vertex   4.026047e+01 2.447721e+01 2.386603e+01
      vertex   4.000000e+01 2.429289e+01 2.370711e+01
      vertex   4.022451e+01 2.427325e+01 2.370711e+01
    endloop
  endfacet
  facet normal -6.924283e-02 -7.914492e-01 6.073003e-01
    outer loop
      vertex   4.022451e+01 2.427325e+01 2.370711e+01
      vertex   4.000000e+01 2.429289e+01 2.370711e+01
      vertex   4.000000e+01 2.413397e+01 2.350000e+01
    endloop
  endfacet
  facet normal -6.924283e-02 -7.914492e-01 6.073003e-01
    outer loop
      vertex   4.022451e+01 2.427325e+01 2.370711e+01
      vertex   4.000000e+01 2.413397e+01 2.350000e+01
      vertex   4.019691e+01 2.411675e+01 2.350000e+01
    endloop
  endfacet
  facet normal -8.056623e-02 -9.208762e-01 3.814394e-01
    outer loop
      vertex   4.019691e+01 2.411675e+01 2.350000e+01
      vertex   4.000000e+01 2.413397e+01 2.350000e+01
      vertex   4.000000e+01 2.403407e+01 2.325882e+01
    endloop
  endfacet
  facet normal -8.056623e-02 -9.208762e-01 3.814394e-01
    outer loop
      vertex   4.019691e+01 2.411675e+01 2.350000e+01
      vertex   4.000000e+01 2.403407e+01 2.325882e+01
      vertex   4.017957e+01 2.401836e+01 2.325882e+01
    endloop
  endfacet
  facet normal -8.641571e-02 -9.877360e-01 1.300379e-01
    outer loop
      vertex   4.017957e+01 2.401836e+01 2.325882e+01
      vertex   4.000000e+01 2.403407e+01 2.325882e+01
      vertex   4.000000e+01 2.400000e+01 2.300000e+01
    endloop
  endfacet
  facet normal -1.288686e-01 -9.788545e-01 1.588610e-01
    outer loop
      vertex   4.017957e+01 2.401836e+01 2.325882e+01
      vertex   4.000000e+01 2.400000e+01 2.300000e+01
      vertex   4.025882e+01 2.396593e+01 2.300000e+01
    endloop
  endfacet
  facet normal -2.570819e-01 -9.594425e-01 1.156674e-01
    outer loop
      vertex   4.017957e+01 2.401836e+01 2.325882e+01
      vertex   4.025882e+01 2.396593e+01 2.300000e+01
      vertex   4.035367e+01 2.397171e+01 2.325882e+01
    endloop
  endfacet
  facet normal -3.778237e-01 -9.121471e-01 1.588610e-01
    outer loop
      vertex   4.035367e+01 2.397171e+01 2.325882e+01
      vertex   4.025882e+01 2.396593e+01 2.300000e+01
      vertex   4.050000e+01 2.386603e+01 2.300000e+01
    endloop
  endfacet
  facet normal -4.190298e-01 -8.986123e-01 1.300379e-01
    outer loop
      vertex   4.035367e+01 2.397171e+01 2.325882e+01
      vertex   4.050000e+01 2.386603e+01 2.300000e+01
      vertex   4.051704e+01 2.389553e+01 2.325882e+01
    endloop
  endfacet
  facet normal -5.687062e-01 -8.121966e-01 1.300379e-01
    outer loop
      vertex   4.051704e+01 2.389553e+01 2.325882e+01
      vertex   4.050000e+01 2.386603e+01 2.300000e+01
      vertex   4.066469e+01 2.379215e+01 2.325882e+01
    endloop
  endfacet
  facet normal -5.302105e-01 -7.572191e-01 3.814394e-01
    outer loop
      vertex   4.051704e+01 2.389553e+01 2.325882e+01
      vertex   4.066469e+01 2.379215e+01 2.325882e+01
      vertex   4.072891e+01 2.386868e+01 2.350000e+01
    endloop
  endfacet
  facet normal -6.536451e-01 -6.536451e-01 3.814394e-01
    outer loop
      vertex   4.072891e+01 2.386868e+01 2.350000e+01
      vertex   4.066469e+01 2.379215e+01 2.325882e+01
      vertex   4.086868e+01 2.372891e+01 2.350000e+01
    endloop
  endfacet
  facet normal -5.617768e-01 -5.617768e-01 6.073003e-01
    outer loop
      vertex   4.072891e+01 2.386868e+01 2.350000e+01
      vertex   4.086868e+01 2.372891e+01 2.350000e+01
      vertex   4.099041e+01 2.383106e+01 2.370711e+01
    endloop
  endfacet
  facet normal -6.507937e-01 -4.556906e-01 6.073003e-01
    outer loop
      vertex   4.099041e+01 2.383106e+01 2.370711e+01
      vertex   4.086868e+01 2.372891e+01 2.350000e+01
      vertex   4.111968e+01 2.364645e+01 2.370711e+01
    endloop
  endfacet
  facet normal -4.998645e-01 -3.500089e-01 7.922305e-01
    outer loop
      vertex   4.099041e+01 2.383106e+01 2.370711e+01
      vertex   4.111968e+01 2.364645e+01 2.370711e+01
      vertex   4.129904e+01 2.375000e+01 2.386603e+01
    endloop
  endfacet
  facet normal -5.530489e-01 -2.578909e-01 7.922305e-01
    outer loop
      vertex   4.129904e+01 2.375000e+01 2.386603e+01
      vertex   4.111968e+01 2.364645e+01 2.370711e+01
      vertex   4.140954e+01 2.351303e+01 2.386603e+01
    endloop
  endfacet
  facet normal -3.479588e-01 -1.622559e-01 9.233622e-01
    outer loop
      vertex   4.129904e+01 2.375000e+01 2.386603e+01
      vertex   4.140954e+01 2.351303e+01 2.386603e+01
      vertex   4.163618e+01 2.359552e+01 2.396593e+01
    endloop
  endfacet
  facet normal -3.708480e-01 -9.936842e-02 9.233622e-01
    outer loop
      vertex   4.163618e+01 2.359552e+01 2.396593e+01
      vertex   4.140954e+01 2.351303e+01 2.386603e+01
      vertex   4.171473e+01 2.330235e+01 2.396593e+01
    endloop
  endfacet
  facet normal -1.236240e-01 -3.312496e-02 9.917761e-01
    outer loop
      vertex   4.163618e+01 2.359552e+01 2.396593e+01
      vertex   4.171473e+01 2.330235e+01 2.396593e+01
      vertex   4.194986e+01 2.344504e+01 2.400000e+01
    endloop
  endfacet
  facet normal -1.343969e-01 -1.514289e-02 9.908119e-01
    outer loop
      vertex   4.194986e+01 2.344504e+01 2.400000e+01
      vertex   4.171473e+01 2.330235e+01 2.396593e+01
      vertex   4.200000e+01 2.300000e+01 2.400000e+01
    endloop
  endfacet
  facet normal -1.305177e-01 -1.141882e-02 9.913802e-01
    outer loop
      vertex   4.200000e+01 2.300000e+01 2.400000e+01
      vertex   4.171473e+01 2.330235e+01 2.396593e+01
      vertex   4.174118e+01 2.300000e+01 2.396593e+01
    endloop
  endfacet
  facet normal -3.824691e-01 -3.346171e-02 9.233622e-01
    outer loop
      vertex   4.174118e+01 2.300000e+01 2.396593e+01
      vertex   4.171473e+01 2.330235e+01 2.396593e+01
      vertex   4.147721e+01 2.326047e+01 2.386603e+01
    endloop
  endfacet
  facet normal -3.824691e-01 -3.346171e-02 9.233622e-01
    outer loop
      vertex   4.174118e+01 2.300000e+01 2.396593e+01
      vertex   4.147721e+01 2.326047e+01 2.386603e+01
      vertex   4.150000e+01 2.300000e+01 2.386603e+01
    endloop
  endfacet
  facet normal -6.078999e-01 -5.318435e-02 7.922305e-01
    outer loop
      vertex   4.150000e+01 2.300000e+01 2.386603e+01
      vertex   4.147721e+01 2.326047e+01 2.386603e+01
      vertex   4.127325e+01 2.322451e+01 2.370711e+01
    endloop
  endfacet
  facet normal -6.078999e-01 -5.318435e-02 7.922305e-01
    outer loop
      vertex   4.150000e+01 2.300000e+01 2.386603e+01
      vertex   4.127325e+01 2.322451e+01 2.370711e+01
      vertex   4.129289e+01 2.300000e+01 2.370711e+01
    endloop
  endfacet
  facet normal -7.914492e-01 -6.924283e-02 6.073003e-01
    outer loop
      vertex   4.129289e+01 2.300000e+01 2.370711e+01
      vertex   4.127325e+01 2.322451e+01 2.370711e+01
      vertex   4.111675e+01 2.319691e+01 2.350000e+01
    endloop
  endfacet
  facet normal -7.914492e-01 -6.924283e-02 6.073003e-01
    outer loop
      vertex   4.129289e+01 2.300000e+01 2.370711e+01
      vertex   4.111675e+01 2.319691e+01 2.350000e+01
      vertex   4.113398e+01 2.300000e+01 2.350000e+01
    endloop
  endfacet
  facet normal -9.208762e-01 -8.056623e-02 3.814394e-01
    outer loop
      vertex   4.113398e+01 2.300000e+01 2.350000e+01
      vertex   4.111675e+01 2.319691e+01 2.350000e+01
      vertex   4.101836e+01 2.317957e+01 2.325882e+01
    endloop
  endfacet
  facet normal -9.208762e-01 -8.056623e-02 3.814394e-01
    outer loop
      vertex   4.113398e+01 2.300000e+01 2.350000e+01
      vertex   4.101836e+01 2.317957e+01 2.325882e+01
      vertex   4.103407e+01 2.300000e+01 2.325882e+01
    endloop
  endfacet
  facet normal -9.877360e-01 -8.641571e-02 1.300379e-01
    outer loop
      vertex   4.103407e+01 2.300000e+01 2.325882e+01
      vertex   4.101836e+01 2.317957e+01 2.325882e+01
      vertex   4.100000e+01 2.300000e+01 2.300000e+01
    endloop
  endfacet
  facet normal -9.788545e-01 -1.288686e-01 1.588610e-01
    outer loop
      vertex   4.100000e+01 2.300000e+01 2.300000e+01
      vertex   4.101836e+01 2.317957e+01 2.325882e+01
      vertex   4.096593e+01 2.325882e+01 2.300000e+01
    endloop
  endfacet
  facet normal -9.594425e-01 -2.570819e-01 1.156674e-01
    outer loop
      vertex   4.096593e+01 2.325882e+01 2.300000e+01
      vertex   4.101836e+01 2.317957e+01 2.325882e+01
      vertex   4.097171e+01 2.335367e+01 2.325882e+01
    endloop
  endfacet
  facet normal -9.121471e-01 -3.778237e-01 1.588610e-01
    outer loop
      vertex   4.096593e+01 2.325882e+01 2.300000e+01
      vertex   4.097171e+01 2.335367e+01 2.325882e+01
      vertex   4.086603e+01 2.350000e+01 2.300000e+01
    endloop
  endfacet
  facet normal -8.986123e-01 -4.190298e-01 1.300379e-01
    outer loop
      vertex   4.086603e+01 2.350000e+01 2.300000e+01
      vertex   4.097171e+01 2.335367e+01 2.325882e+01
      vertex   4.089554e+01 2.351704e+01 2.325882e+01
    endloop
  endfacet
  facet normal -8.121966e-01 -5.687062e-01 1.300379e-01
    outer loop
      vertex   4.086603e+01 2.350000e+01 2.300000e+01
      vertex   4.089554e+01 2.351704e+01 2.325882e+01
      vertex   4.079215e+01 2.366469e+01 2.325882e+01
    endloop
  endfacet
  facet normal -7.572191e-01 -5.302105e-01 3.814394e-01
    outer loop
      vertex   4.079215e+01 2.366469e+01 2.325882e+01
      vertex   4.089554e+01 2.351704e+01 2.325882e+01
      vertex   4.098205e+01 2.356699e+01 2.350000e+01
    endloop
  endfacet
  facet normal -7.572191e-01 -5.302105e-01 3.814394e-01
    outer loop
      vertex   4.079215e+01 2.366469e+01 2.325882e+01
      vertex   4.098205e+01 2.356699e+01 2.350000e+01
      vertex   4.086868e+01 2.372891e+01 2.350000e+01
    endloop
  endfacet
  facet normal -6.507937e-01 -4.556906e-01 6.073003e-01
    outer loop
      vertex   4.086868e+01 2.372891e+01 2.350000e+01
      vertex   4.098205e+01 2.356699e+01 2.350000e+01
      vertex   4.111968e+01 2.364645e+01 2.370711e+01
    endloop
  endfacet
  facet normal -6.010307e-01 -7.832785e-01 1.588610e-01
    outer loop
      vertex   4.050000e+01 2.386603e+01 2.300000e+01
      vertex   4.070711e+01 2.370711e+01 2.300000e+01
      vertex   4.066469e+01 2.379215e+01 2.325882e+01
    endloop
  endfacet
  facet normal -7.023607e-01 -7.023607e-01 1.156674e-01
    outer loop
      vertex   4.066469e+01 2.379215e+01 2.325882e+01
      vertex   4.070711e+01 2.370711e+01 2.300000e+01
      vertex   4.079215e+01 2.366469e+01 2.325882e+01
    endloop
  endfacet
  facet normal -6.536451e-01 -6.536451e-01 3.814394e-01
    outer loop
      vertex   4.066469e+01 2.379215e+01 2.325882e+01
      vertex   4.079215e+01 2.366469e+01 2.325882e+01
      vertex   4.086868e+01 2.372891e+01 2.350000e+01
    endloop
  endfacet
  facet normal -7.832785e-01 -6.010307e-01 1.588610e-01
    outer loop
      vertex   4.070711e+01 2.370711e+01 2.300000e+01
      vertex   4.086603e+01 2.350000e+01 2.300000e+01
      vertex   4.079215e+01 2.366469e+01 2.325882e+01
    endloop
  endfacet
  facet normal -1.293083e-01 -4.524691e-02 9.905716e-01
    outer loop
      vertex   4.194986e+01 2.344504e+01 2.400000e+01
      vertex   4.180194e+01 2.386777e+01 2.400000e+01
      vertex   4.163618e+01 2.359552e+01 2.396593e+01
    endloop
  endfacet
  facet normal -1.154591e-01 -5.383946e-02 9.918521e-01
    outer loop
      vertex   4.163618e+01 2.359552e+01 2.396593e+01
      vertex   4.180194e+01 2.386777e+01 2.400000e+01
      vertex   4.150791e+01 2.387059e+01 2.396593e+01
    endloop
  endfacet
  facet normal -3.479588e-01 -1.622559e-01 9.233622e-01
    outer loop
      vertex   4.163618e+01 2.359552e+01 2.396593e+01
      vertex   4.150791e+01 2.387059e+01 2.396593e+01
      vertex   4.129904e+01 2.375000e+01 2.386603e+01
    endloop
  endfacet
  facet normal -3.144971e-01 -2.202133e-01 9.233622e-01
    outer loop
      vertex   4.129904e+01 2.375000e+01 2.386603e+01
      vertex   4.150791e+01 2.387059e+01 2.396593e+01
      vertex   4.114907e+01 2.396418e+01 2.386603e+01
    endloop
  endfacet
  facet normal -4.998645e-01 -3.500089e-01 7.922305e-01
    outer loop
      vertex   4.129904e+01 2.375000e+01 2.386603e+01
      vertex   4.114907e+01 2.396418e+01 2.386603e+01
      vertex   4.099041e+01 2.383106e+01 2.370711e+01
    endloop
  endfacet
  facet normal -4.314921e-01 -4.314921e-01 7.922305e-01
    outer loop
      vertex   4.099041e+01 2.383106e+01 2.370711e+01
      vertex   4.114907e+01 2.396418e+01 2.386603e+01
      vertex   4.083106e+01 2.399041e+01 2.370711e+01
    endloop
  endfacet
  facet normal -5.617768e-01 -5.617768e-01 6.073003e-01
    outer loop
      vertex   4.099041e+01 2.383106e+01 2.370711e+01
      vertex   4.083106e+01 2.399041e+01 2.370711e+01
      vertex   4.072891e+01 2.386868e+01 2.350000e+01
    endloop
  endfacet
  facet normal -4.556906e-01 -6.507937e-01 6.073003e-01
    outer loop
      vertex   4.072891e+01 2.386868e+01 2.350000e+01
      vertex   4.083106e+01 2.399041e+01 2.370711e+01
      vertex   4.056699e+01 2.398205e+01 2.350000e+01
    endloop
  endfacet
  facet normal -5.302105e-01 -7.572191e-01 3.814394e-01
    outer loop
      vertex   4.072891e+01 2.386868e+01 2.350000e+01
      vertex   4.056699e+01 2.398205e+01 2.350000e+01
      vertex   4.051704e+01 2.389553e+01 2.325882e+01
    endloop
  endfacet
  facet normal -3.906657e-01 -8.377853e-01 3.814394e-01
    outer loop
      vertex   4.051704e+01 2.389553e+01 2.325882e+01
      vertex   4.056699e+01 2.398205e+01 2.350000e+01
      vertex   4.035367e+01 2.397171e+01 2.325882e+01
    endloop
  endfacet
  facet normal -1.155000e-01 -7.257344e-02 9.906527e-01
    outer loop
      vertex   4.180194e+01 2.386777e+01 2.400000e+01
      vertex   4.156366e+01 2.424698e+01 2.400000e+01
      vertex   4.150791e+01 2.387059e+01 2.396593e+01
    endloop
  endfacet
  facet normal -1.058189e-01 -7.409519e-02 9.916210e-01
    outer loop
      vertex   4.150791e+01 2.387059e+01 2.396593e+01
      vertex   4.156366e+01 2.424698e+01 2.400000e+01
      vertex   4.133382e+01 2.411921e+01 2.396593e+01
    endloop
  endfacet
  facet normal -3.144971e-01 -2.202133e-01 9.233622e-01
    outer loop
      vertex   4.150791e+01 2.387059e+01 2.396593e+01
      vertex   4.133382e+01 2.411921e+01 2.396593e+01
      vertex   4.114907e+01 2.396418e+01 2.386603e+01
    endloop
  endfacet
  facet normal -2.714796e-01 -2.714796e-01 9.233622e-01
    outer loop
      vertex   4.114907e+01 2.396418e+01 2.386603e+01
      vertex   4.133382e+01 2.411921e+01 2.396593e+01
      vertex   4.096418e+01 2.414907e+01 2.386603e+01
    endloop
  endfacet
  facet normal -4.314921e-01 -4.314921e-01 7.922305e-01
    outer loop
      vertex   4.114907e+01 2.396418e+01 2.386603e+01
      vertex   4.096418e+01 2.414907e+01 2.386603e+01
      vertex   4.083106e+01 2.399041e+01 2.370711e+01
    endloop
  endfacet
  facet normal -3.500089e-01 -4.998645e-01 7.922305e-01
    outer loop
      vertex   4.083106e+01 2.399041e+01 2.370711e+01
      vertex   4.096418e+01 2.414907e+01 2.386603e+01
      vertex   4.064645e+01 2.411968e+01 2.370711e+01
    endloop
  endfacet
  facet normal -4.556906e-01 -6.507937e-01 6.073003e-01
    outer loop
      vertex   4.083106e+01 2.399041e+01 2.370711e+01
      vertex   4.064645e+01 2.411968e+01 2.370711e+01
      vertex   4.056699e+01 2.398205e+01 2.350000e+01
    endloop
  endfacet
  facet normal -3.357585e-01 -7.200365e-01 6.073003e-01
    outer loop
      vertex   4.056699e+01 2.398205e+01 2.350000e+01
      vertex   4.064645e+01 2.411968e+01 2.370711e+01
      vertex   4.038784e+01 2.406559e+01 2.350000e+01
    endloop
  endfacet
  facet normal -3.906657e-01 -8.377853e-01 3.814394e-01
    outer loop
      vertex   4.056699e+01 2.398205e+01 2.350000e+01
      vertex   4.038784e+01 2.406559e+01 2.350000e+01
      vertex   4.035367e+01 2.397171e+01 2.325882e+01
    endloop
  endfacet
  facet normal -2.392507e-01 -8.928959e-01 3.814394e-01
    outer loop
      vertex   4.035367e+01 2.397171e+01 2.325882e+01
      vertex   4.038784e+01 2.406559e+01 2.350000e+01
      vertex   4.017957e+01 2.401836e+01 2.325882e+01
    endloop
  endfacet
  facet normal -9.442933e-02 -9.442933e-02 9.910430e-01
    outer loop
      vertex   4.156366e+01 2.424698e+01 2.400000e+01
      vertex   4.124698e+01 2.456366e+01 2.400000e+01
      vertex   4.133382e+01 2.411921e+01 2.396593e+01
    endloop
  endfacet
  facet normal -9.442933e-02 -9.442933e-02 9.910430e-01
    outer loop
      vertex   4.133382e+01 2.411921e+01 2.396593e+01
      vertex   4.124698e+01 2.456366e+01 2.400000e+01
      vertex   4.111921e+01 2.433382e+01 2.396593e+01
    endloop
  endfacet
  facet normal -2.714796e-01 -2.714796e-01 9.233622e-01
    outer loop
      vertex   4.133382e+01 2.411921e+01 2.396593e+01
      vertex   4.111921e+01 2.433382e+01 2.396593e+01
      vertex   4.096418e+01 2.414907e+01 2.386603e+01
    endloop
  endfacet
  facet normal -2.202133e-01 -3.144971e-01 9.233622e-01
    outer loop
      vertex   4.096418e+01 2.414907e+01 2.386603e+01
      vertex   4.111921e+01 2.433382e+01 2.396593e+01
      vertex   4.075000e+01 2.429904e+01 2.386603e+01
    endloop
  endfacet
  facet normal -3.500089e-01 -4.998645e-01 7.922305e-01
    outer loop
      vertex   4.096418e+01 2.414907e+01 2.386603e+01
      vertex   4.075000e+01 2.429904e+01 2.386603e+01
      vertex   4.064645e+01 2.411968e+01 2.370711e+01
    endloop
  endfacet
  facet normal -2.578909e-01 -5.530489e-01 7.922305e-01
    outer loop
      vertex   4.064645e+01 2.411968e+01 2.370711e+01
      vertex   4.075000e+01 2.429904e+01 2.386603e+01
      vertex   4.044220e+01 2.421492e+01 2.370711e+01
    endloop
  endfacet
  facet normal -3.357585e-01 -7.200365e-01 6.073003e-01
    outer loop
      vertex   4.064645e+01 2.411968e+01 2.370711e+01
      vertex   4.044220e+01 2.421492e+01 2.370711e+01
      vertex   4.038784e+01 2.406559e+01 2.350000e+01
    endloop
  endfacet
  facet normal -2.056246e-01 -7.674014e-01 6.073003e-01
    outer loop
      vertex   4.038784e+01 2.406559e+01 2.350000e+01
      vertex   4.044220e+01 2.421492e+01 2.370711e+01
      vertex   4.019691e+01 2.411675e+01 2.350000e+01
    endloop
  endfacet
  facet normal -2.392507e-01 -8.928959e-01 3.814394e-01
    outer loop
      vertex   4.038784e+01 2.406559e+01 2.350000e+01
      vertex   4.019691e+01 2.411675e+01 2.350000e+01
      vertex   4.017957e+01 2.401836e+01 2.325882e+01
    endloop
  endfacet
  facet normal -7.409519e-02 -1.058189e-01 9.916210e-01
    outer loop
      vertex   4.111921e+01 2.433382e+01 2.396593e+01
      vertex   4.124698e+01 2.456366e+01 2.400000e+01
      vertex   4.087059e+01 2.450791e+01 2.396593e+01
    endloop
  endfacet
  facet normal -7.257344e-02 -1.155000e-01 9.906527e-01
    outer loop
      vertex   4.087059e+01 2.450791e+01 2.396593e+01
      vertex   4.124698e+01 2.456366e+01 2.400000e+01
      vertex   4.086777e+01 2.480194e+01 2.400000e+01
    endloop
  endfacet
  facet normal -5.383946e-02 -1.154591e-01 9.918521e-01
    outer loop
      vertex   4.087059e+01 2.450791e+01 2.396593e+01
      vertex   4.086777e+01 2.480194e+01 2.400000e+01
      vertex   4.059552e+01 2.463618e+01 2.396593e+01
    endloop
  endfacet
  facet normal -4.524691e-02 -1.293083e-01 9.905716e-01
    outer loop
      vertex   4.059552e+01 2.463618e+01 2.396593e+01
      vertex   4.086777e+01 2.480194e+01 2.400000e+01
      vertex   4.044504e+01 2.494986e+01 2.400000e+01
    endloop
  endfacet
  facet normal -3.312496e-02 -1.236240e-01 9.917761e-01
    outer loop
      vertex   4.059552e+01 2.463618e+01 2.396593e+01
      vertex   4.044504e+01 2.494986e+01 2.400000e+01
      vertex   4.030235e+01 2.471473e+01 2.396593e+01
    endloop
  endfacet
  facet normal -2.056246e-01 -7.674014e-01 6.073003e-01
    outer loop
      vertex   4.019691e+01 2.411675e+01 2.350000e+01
      vertex   4.044220e+01 2.421492e+01 2.370711e+01
      vertex   4.022451e+01 2.427325e+01 2.370711e+01
    endloop
  endfacet
  facet normal -1.579371e-01 -5.894291e-01 7.922305e-01
    outer loop
      vertex   4.022451e+01 2.427325e+01 2.370711e+01
      vertex   4.044220e+01 2.421492e+01 2.370711e+01
      vertex   4.051303e+01 2.440954e+01 2.386603e+01
    endloop
  endfacet
  facet normal -1.579371e-01 -5.894291e-01 7.922305e-01
    outer loop
      vertex   4.022451e+01 2.427325e+01 2.370711e+01
      vertex   4.051303e+01 2.440954e+01 2.386603e+01
      vertex   4.026047e+01 2.447721e+01 2.386603e+01
    endloop
  endfacet
  facet normal -9.936842e-02 -3.708480e-01 9.233622e-01
    outer loop
      vertex   4.026047e+01 2.447721e+01 2.386603e+01
      vertex   4.051303e+01 2.440954e+01 2.386603e+01
      vertex   4.059552e+01 2.463618e+01 2.396593e+01
    endloop
  endfacet
  facet normal -9.936842e-02 -3.708480e-01 9.233622e-01
    outer loop
      vertex   4.026047e+01 2.447721e+01 2.386603e+01
      vertex   4.059552e+01 2.463618e+01 2.396593e+01
      vertex   4.030235e+01 2.471473e+01 2.396593e+01
    endloop
  endfacet
  facet normal -1.622559e-01 -3.479588e-01 9.233622e-01
    outer loop
      vertex   4.087059e+01 2.450791e+01 2.396593e+01
      vertex   4.059552e+01 2.463618e+01 2.396593e+01
      vertex   4.051303e+01 2.440954e+01 2.386603e+01
    endloop
  endfacet
  facet normal -1.622559e-01 -3.479588e-01 9.233622e-01
    outer loop
      vertex   4.087059e+01 2.450791e+01 2.396593e+01
      vertex   4.051303e+01 2.440954e+01 2.386603e+01
      vertex   4.075000e+01 2.429904e+01 2.386603e+01
    endloop
  endfacet
  facet normal -2.578909e-01 -5.530489e-01 7.922305e-01
    outer loop
      vertex   4.075000e+01 2.429904e+01 2.386603e+01
      vertex   4.051303e+01 2.440954e+01 2.386603e+01
      vertex   4.044220e+01 2.421492e+01 2.370711e+01
    endloop
  endfacet
  facet normal -2.202133e-01 -3.144971e-01 9.233622e-01
    outer loop
      vertex   4.087059e+01 2.450791e+01 2.396593e+01
      vertex   4.075000e+01 2.429904e+01 2.386603e+01
      vertex   4.111921e+01 2.433382e+01 2.396593e+01
    endloop
  endfacet
  facet normal -8.377853e-01 -3.906657e-01 3.814394e-01
    outer loop
      vertex   4.098205e+01 2.356699e+01 2.350000e+01
      vertex   4.089554e+01 2.351704e+01 2.325882e+01
      vertex   4.106559e+01 2.338784e+01 2.350000e+01
    endloop
  endfacet
  facet normal -8.377853e-01 -3.906657e-01 3.814394e-01
    outer loop
      vertex   4.106559e+01 2.338784e+01 2.350000e+01
      vertex   4.089554e+01 2.351704e+01 2.325882e+01
      vertex   4.097171e+01 2.335367e+01 2.325882e+01
    endloop
  endfacet
  facet normal -8.928959e-01 -2.392507e-01 3.814394e-01
    outer loop
      vertex   4.106559e+01 2.338784e+01 2.350000e+01
      vertex   4.097171e+01 2.335367e+01 2.325882e+01
      vertex   4.111675e+01 2.319691e+01 2.350000e+01
    endloop
  endfacet
  facet normal -8.928959e-01 -2.392507e-01 3.814394e-01
    outer loop
      vertex   4.111675e+01 2.319691e+01 2.350000e+01
      vertex   4.097171e+01 2.335367e+01 2.325882e+01
      vertex   4.101836e+01 2.317957e+01 2.325882e+01
    endloop
  endfacet
  facet normal -7.200365e-01 -3.357585e-01 6.073003e-01
    outer loop
      vertex   4.111968e+01 2.364645e+01 2.370711e+01
      vertex   4.098205e+01 2.356699e+01 2.350000e+01
      vertex   4.121492e+01 2.344220e+01 2.370711e+01
    endloop
  endfacet
  facet normal -7.200365e-01 -3.357585e-01 6.073003e-01
    outer loop
      vertex   4.121492e+01 2.344220e+01 2.370711e+01
      vertex   4.098205e+01 2.356699e+01 2.350000e+01
      vertex   4.106559e+01 2.338784e+01 2.350000e+01
    endloop
  endfacet
  facet normal -7.674014e-01 -2.056246e-01 6.073003e-01
    outer loop
      vertex   4.121492e+01 2.344220e+01 2.370711e+01
      vertex   4.106559e+01 2.338784e+01 2.350000e+01
      vertex   4.127325e+01 2.322451e+01 2.370711e+01
    endloop
  endfacet
  facet normal -7.674014e-01 -2.056246e-01 6.073003e-01
    outer loop
      vertex   4.127325e+01 2.322451e+01 2.370711e+01
      vertex   4.106559e+01 2.338784e+01 2.350000e+01
      vertex   4.111675e+01 2.319691e+01 2.350000e+01
    endloop
  endfacet
  facet normal -5.530489e-01 -2.578909e-01 7.922305e-01
    outer loop
      vertex   4.111968e+01 2.364645e+01 2.370711e+01
      vertex   4.121492e+01 2.344220e+01 2.370711e+01
      vertex   4.140954e+01 2.351303e+01 2.386603e+01
    endloop
  endfacet
  facet normal -5.894291e-01 -1.579371e-01 7.922305e-01
    outer loop
      vertex   4.140954e+01 2.351303e+01 2.386603e+01
      vertex   4.121492e+01 2.344220e+01 2.370711e+01
      vertex   4.147721e+01 2.326047e+01 2.386603e+01
    endloop
  endfacet
  facet normal -3.708480e-01 -9.936842e-02 9.233622e-01
    outer loop
      vertex   4.140954e+01 2.351303e+01 2.386603e+01
      vertex   4.147721e+01 2.326047e+01 2.386603e+01
      vertex   4.171473e+01 2.330235e+01 2.396593e+01
    endloop
  endfacet
  facet normal -5.894291e-01 -1.579371e-01 7.922305e-01
    outer loop
      vertex   4.147721e+01 2.326047e+01 2.386603e+01
      vertex   4.121492e+01 2.344220e+01 2.370711e+01
      vertex   4.127325e+01 2.322451e+01 2.370711e+01
    endloop
  endfacet
  facet normal 6.125773e-16 -9.914449e-01 1.305262e-01
    outer loop
      vertex   4.000000e+01 2.403407e+01 2.325882e+01
      vertex   3.425000e+01 2.403407e+01 2.325882e+01
      vertex   4.000000e+01 2.400000e+01 2.300000e+01
    endloop
  endfacet
  facet normal 0.000000e+00 -9.914449e-01 1.305262e-01
    outer loop
      vertex   4.000000e+01 2.400000e+01 2.300000e+01
      vertex   3.425000e+01 2.403407e+01 2.325882e+01
      vertex   2.850000e+01 2.403407e+01 2.325882e+01
    endloop
  endfacet
  facet normal 0.000000e+00 -9.914449e-01 1.305262e-01
    outer loop
      vertex   4.000000e+01 2.400000e+01 2.300000e+01
      vertex   2.850000e+01 2.403407e+01 2.325882e+01
      vertex   1.700000e+01 2.400000e+01 2.300000e+01
    endloop
  endfacet
  facet normal 0.000000e+00 -9.914449e-01 1.305262e-01
    outer loop
      vertex   1.700000e+01 2.400000e+01 2.300000e+01
      vertex   2.850000e+01 2.403407e+01 2.325882e+01
      vertex   2.275000e+01 2.403407e+01 2.325882e+01
    endloop
  endfacet
  facet normal 0.000000e+00 -9.914449e-01 1.305262e-01
    outer loop
      vertex   1.700000e+01 2.400000e+01 2.300000e+01
      vertex   2.275000e+01 2.403407e+01 2.325882e+01
      vertex   1.700000e+01 2.403407e+01 2.325882e+01
    endloop
  endfacet
  facet normal 0.000000e+00 -9.238795e-01 3.826834e-01
    outer loop
      vertex   1.700000e+01 2.403407e+01 2.325882e+01
      vertex   2.275000e+01 2.403407e+01 2.325882e+01
      vertex   1.700000e+01 2.413397e+01 2.350000e+01
    endloop
  endfacet
  facet normal -1.043723e-15 -9.238795e-01 3.826834e-01
    outer loop
      vertex   1.700000e+01 2.413397e+01 2.350000e+01
      vertex   2.275000e+01 2.403407e+01 2.325882e+01
      vertex   2.275000e+01 2.413397e+01 2.350000e+01
    endloop
  endfacet
  facet normal -1.242446e-15 -7.933533e-01 6.087614e-01
    outer loop
      vertex   1.700000e+01 2.413397e+01 2.350000e+01
      vertex   2.275000e+01 2.413397e+01 2.350000e+01
      vertex   1.700000e+01 2.429289e+01 2.370711e+01
    endloop
  endfacet
  facet normal -8.663152e-16 -7.933533e-01 6.087614e-01
    outer loop
      vertex   1.700000e+01 2.429289e+01 2.370711e+01
      vertex   2.275000e+01 2.413397e+01 2.350000e+01
      vertex   2.275000e+01 2.429289e+01 2.370711e+01
    endloop
  endfacet
  facet normal -8.663152e-16 -6.087614e-01 7.933533e-01
    outer loop
      vertex   1.700000e+01 2.429289e+01 2.370711e+01
      vertex   2.275000e+01 2.429289e+01 2.370711e+01
      vertex   1.700000e+01 2.450000e+01 2.386603e+01
    endloop
  endfacet
  facet normal -4.901839e-16 -6.087614e-01 7.933533e-01
    outer loop
      vertex   1.700000e+01 2.450000e+01 2.386603e+01
      vertex   2.275000e+01 2.429289e+01 2.370711e+01
      vertex   2.275000e+01 2.450000e+01 2.386603e+01
    endloop
  endfacet
  facet normal -5.708312e-16 -3.826834e-01 9.238795e-01
    outer loop
      vertex   1.700000e+01 2.450000e+01 2.386603e+01
      vertex   2.275000e+01 2.450000e+01 2.386603e+01
      vertex   1.700000e+01 2.474118e+01 2.396593e+01
    endloop
  endfacet
  facet normal -5.708312e-16 -3.826834e-01 9.238795e-01
    outer loop
      vertex   1.700000e+01 2.474118e+01 2.396593e+01
      vertex   2.275000e+01 2.450000e+01 2.386603e+01
      vertex   2.275000e+01 2.474118e+01 2.396593e+01
    endloop
  endfacet
  facet normal -6.125773e-16 -1.305262e-01 9.914449e-01
    outer loop
      vertex   1.700000e+01 2.474118e+01 2.396593e+01
      vertex   2.275000e+01 2.474118e+01 2.396593e+01
      vertex   1.700000e+01 2.500000e+01 2.400000e+01
    endloop
  endfacet
  facet normal 0.000000e+00 -1.305262e-01 9.914449e-01
    outer loop
      vertex   1.700000e+01 2.500000e+01 2.400000e+01
      vertex   2.275000e+01 2.474118e+01 2.396593e+01
      vertex   2.850000e+01 2.474118e+01 2.396593e+01
    endloop
  endfacet
  facet normal 0.000000e+00 -1.305262e-01 9.914449e-01
    outer loop
      vertex   1.700000e+01 2.500000e+01 2.400000e+01
      vertex   2.850000e+01 2.474118e+01 2.396593e+01
      vertex   4.000000e+01 2.500000e+01 2.400000e+01
    endloop
  endfacet
  facet normal 0.000000e+00 -1.305262e-01 9.914449e-01
    outer loop
      vertex   4.000000e+01 2.500000e+01 2.400000e+01
      vertex   2.850000e+01 2.474118e+01 2.396593e+01
      vertex   3.425000e+01 2.474118e+01 2.396593e+01
    endloop
  endfacet
  facet normal 0.000000e+00 -1.305262e-01 9.914449e-01
    outer loop
      vertex   4.000000e+01 2.500000e+01 2.400000e+01
      vertex   3.425000e+01 2.474118e+01 2.396593e+01
      vertex   4.000000e+01 2.474118e+01 2.396593e+01
    endloop
  endfacet
  facet normal 0.000000e+00 -3.826834e-01 9.238795e-01
    outer loop
      vertex   4.000000e+01 2.474118e+01 2.396593e+01
      vertex   3.425000e+01 2.474118e+01 2.396593e+01
      vertex   4.000000e+01 2.450000e+01 2.386603e+01
    endloop
  endfacet
  facet normal 8.072772e-16 -3.826834e-01 9.238795e-01
    outer loop
      vertex   4.000000e+01 2.450000e+01 2.386603e+01
      vertex   3.425000e+01 2.474118e+01 2.396593e+01
      vertex   3.425000e+01 2.450000e+01 2.386603e+01
    endloop
  endfacet
  facet normal 8.663152e-16 -6.087614e-01 7.933533e-01
    outer loop
      vertex   4.000000e+01 2.450000e+01 2.386603e+01
      vertex   3.425000e+01 2.450000e+01 2.386603e+01
      vertex   4.000000e+01 2.429289e+01 2.370711e+01
    endloop
  endfacet
  facet normal 8.663152e-16 -6.087614e-01 7.933533e-01
    outer loop
      vertex   4.000000e+01 2.429289e+01 2.370711e+01
      vertex   3.425000e+01 2.450000e+01 2.386603e+01
      vertex   3.425000e+01 2.429289e+01 2.370711e+01
    endloop
  endfacet
  facet normal 8.663152e-16 -7.933533e-01 6.087614e-01
    outer loop
      vertex   4.000000e+01 2.429289e+01 2.370711e+01
      vertex   3.425000e+01 2.429289e+01 2.370711e+01
      vertex   4.000000e+01 2.413397e+01 2.350000e+01
    endloop
  endfacet
  facet normal 0.000000e+00 -7.933533e-01 6.087614e-01
    outer loop
      vertex   4.000000e+01 2.413397e+01 2.350000e+01
      vertex   3.425000e+01 2.429289e+01 2.370711e+01
      vertex   3.425000e+01 2.413397e+01 2.350000e+01
    endloop
  endfacet
  facet normal 0.000000e+00 -9.238795e-01 3.826834e-01
    outer loop
      vertex   4.000000e+01 2.413397e+01 2.350000e+01
      vertex   3.425000e+01 2.413397e+01 2.350000e+01
      vertex   4.000000e+01 2.403407e+01 2.325882e+01
    endloop
  endfacet
  facet normal 5.708312e-16 -9.238795e-01 3.826834e-01
    outer loop
      vertex   4.000000e+01 2.403407e+01 2.325882e+01
      vertex   3.425000e+01 2.413397e+01 2.350000e+01
      vertex   3.425000e+01 2.403407e+01 2.325882e+01
    endloop
  endfacet
  facet normal 0.000000e+00 -9.238795e-01 3.826834e-01
    outer loop
      vertex   2.275000e+01 2.413397e+01 2.350000e+01
      vertex   2.275000e+01 2.403407e+01 2.325882e+01
      vertex   2.850000e+01 2.403407e+01 2.325882e+01
    endloop
  endfacet
  facet normal 0.000000e+00 -9.238795e-01 3.826834e-01
    outer loop
      vertex   2.850000e+01 2.403407e+01 2.325882e+01
      vertex   3.425000e+01 2.403407e+01 2.325882e+01
      vertex   2.850000e+01 2.413397e+01 2.350000e+01
    endloop
  endfacet
  facet normal 0.000000e+00 -9.238795e-01 3.826834e-01
    outer loop
      vertex   2.850000e+01 2.413397e+01 2.350000e+01
      vertex   3.425000e+01 2.403407e+01 2.325882e+01
      vertex   3.425000e+01 2.413397e+01 2.350000e+01
    endloop
  endfacet
  facet normal 0.000000e+00 -7.933533e-01 6.087614e-01
    outer loop
      vertex   2.850000e+01 2.413397e+01 2.350000e+01
      vertex   3.425000e+01 2.413397e+01 2.350000e+01
      vertex   2.850000e+01 2.429289e+01 2.370711e+01
    endloop
  endfacet
  facet normal 0.000000e+00 -7.933533e-01 6.087614e-01
    outer loop
      vertex   2.850000e+01 2.429289e+01 2.370711e+01
      vertex   3.425000e+01 2.413397e+01 2.350000e+01
      vertex   3.425000e+01 2.429289e+01 2.370711e+01
    endloop
  endfacet
  facet normal 0.000000e+00 -6.087614e-01 7.933533e-01
    outer loop
      vertex   2.850000e+01 2.429289e+01 2.370711e+01
      vertex   3.425000e+01 2.429289e+01 2.370711e+01
      vertex   2.850000e+01 2.450000e+01 2.386603e+01
    endloop
  endfacet
  facet normal 0.000000e+00 -6.087614e-01 7.933533e-01
    outer loop
      vertex   2.850000e+01 2.450000e+01 2.386603e+01
      vertex   3.425000e+01 2.429289e+01 2.370711e+01
      vertex   3.425000e+01 2.450000e+01 2.386603e+01
    endloop
  endfacet
  facet normal 0.000000e+00 -3.826834e-01 9.238795e-01
    outer loop
      vertex   2.850000e+01 2.450000e+01 2.386603e+01
      vertex   3.425000e+01 2.450000e+01 2.386603e+01
      vertex   2.850000e+01 2.474118e+01 2.396593e+01
    endloop
  endfacet
  facet normal 0.000000e+00 -3.826834e-01 9.238795e-01
    outer loop
      vertex   2.850000e+01 2.474118e+01 2.396593e+01
      vertex   3.425000e+01 2.450000e+01 2.386603e+01
      vertex   3.425000e+01 2.474118e+01 2.396593e+01
    endloop
  endfacet
  facet normal 4.900051e-16 -7.933533e-01 6.087614e-01
    outer loop
      vertex   2.275000e+01 2.429289e+01 2.370711e+01
      vertex   2.275000e+01 2.413397e+01 2.350000e+01
      vertex   2.850000e+01 2.413397e+01 2.350000e+01
    endloop
  endfacet
  facet normal 5.708312e-16 -9.238795e-01 3.826834e-01
    outer loop
      vertex   2.850000e+01 2.413397e+01 2.350000e+01
      vertex   2.275000e+01 2.413397e+01 2.350000e+01
      vertex   2.850000e+01 2.403407e+01 2.325882e+01
    endloop
  endfacet
  facet normal 0.000000e+00 -7.933533e-01 6.087614e-01
    outer loop
      vertex   2.275000e+01 2.429289e+01 2.370711e+01
      vertex   2.850000e+01 2.413397e+01 2.350000e+01
      vertex   2.850000e+01 2.429289e+01 2.370711e+01
    endloop
  endfacet
  facet normal 0.000000e+00 -6.087614e-01 7.933533e-01
    outer loop
      vertex   2.275000e+01 2.450000e+01 2.386603e+01
      vertex   2.275000e+01 2.429289e+01 2.370711e+01
      vertex   2.850000e+01 2.429289e+01 2.370711e+01
    endloop
  endfacet
  facet normal 0.000000e+00 -6.087614e-01 7.933533e-01
    outer loop
      vertex   2.275000e+01 2.450000e+01 2.386603e+01
      vertex   2.850000e+01 2.429289e+01 2.370711e+01
      vertex   2.850000e+01 2.450000e+01 2.386603e+01
    endloop
  endfacet
  facet normal 0.000000e+00 -3.826834e-01 9.238795e-01
    outer loop
      vertex   2.275000e+01 2.474118e+01 2.396593e+01
      vertex   2.275000e+01 2.450000e+01 2.386603e+01
      vertex   2.850000e+01 2.450000e+01 2.386603e+01
    endloop
  endfacet
  facet normal 0.000000e+00 -3.826834e-01 9.238795e-01
    outer loop
      vertex   2.275000e+01 2.474118e+01 2.396593e+01
      vertex   2.850000e+01 2.450000e+01 2.386603e+01
      vertex   2.850000e+01 2.474118e+01 2.396593e+01
    endloop
  endfacet
  facet normal -1.000000e+00 0.000000e+00 0.000000e+00
    outer loop
      vertex   4.100000e+01 1.200000e+01 2.300000e+01
      vertex   4.100000e+01 2.300000e+01 2.300000e+01
      vertex   4.100000e+01 1.200000e+01 2.200000e+01
    endloop
  endfacet
  facet normal -1.000000e+00 0.000000e+00 0.000000e+00
    outer loop
      vertex   4.100000e+01 1.200000e+01 2.200000e+01
      vertex   4.100000e+01 2.300000e+01 2.300000e+01
      vertex   4.100000e+01 2.300000e+01 2.200000e+01
    endloop
  endfacet
  facet normal -9.914449e-01 -1.305262e-01 0.000000e+00
    outer loop
      vertex   4.100000e+01 2.300000e+01 2.200000e+01
      vertex   4.100000e+01 2.300000e+01 2.300000e+01
      vertex   4.096593e+01 2.325882e+01 2.200000e+01
    endloop
  endfacet
  facet normal -9.914449e-01 -1.305262e-01 0.000000e+00
    outer loop
      vertex   4.096593e+01 2.325882e+01 2.200000e+01
      vertex   4.100000e+01 2.300000e+01 2.300000e+01
      vertex   4.096593e+01 2.325882e+01 2.300000e+01
    endloop
  endfacet
  facet normal -9.238795e-01 -3.826834e-01 0.000000e+00
    outer loop
      vertex   4.096593e+01 2.325882e+01 2.200000e+01
      vertex   4.096593e+01 2.325882e+01 2.300000e+01
      vertex   4.086603e+01 2.350000e+01 2.200000e+01
    endloop
  endfacet
  facet normal -9.238795e-01 -3.826834e-01 1.448868e-14
    outer loop
      vertex   4.086603e+01 2.350000e+01 2.200000e+01
      vertex   4.096593e+01 2.325882e+01 2.300000e+01
      vertex   4.086603e+01 2.350000e+01 2.300000e+01
    endloop
  endfacet
  facet normal -7.933533e-01 -6.087614e-01 1.343698e-14
    outer loop
      vertex   4.086603e+01 2.350000e+01 2.200000e+01
      vertex   4.086603e+01 2.350000e+01 2.300000e+01
      vertex   4.070711e+01 2.370711e+01 2.200000e+01
    endloop
  endfacet
  facet normal -7.933533e-01 -6.087614e-01 0.000000e+00
    outer loop
      vertex   4.070711e+01 2.370711e+01 2.200000e+01
      vertex   4.086603e+01 2.350000e+01 2.300000e+01
      vertex   4.070711e+01 2.370711e+01 2.300000e+01
    endloop
  endfacet
  facet normal -6.087614e-01 -7.933533e-01 0.000000e+00
    outer loop
      vertex   4.070711e+01 2.370711e+01 2.200000e+01
      vertex   4.070711e+01 2.370711e+01 2.300000e+01
      vertex   4.050000e+01 2.386603e+01 2.200000e+01
    endloop
  endfacet
  facet normal -6.087614e-01 -7.933533e-01 -8.651020e-15
    outer loop
      vertex   4.050000e+01 2.386603e+01 2.200000e+01
      vertex   4.070711e+01 2.370711e+01 2.300000e+01
      vertex   4.050000e+01 2.386603e+01 2.300000e+01
    endloop
  endfacet
  facet normal -3.826834e-01 -9.238795e-01 -5.438259e-15
    outer loop
      vertex   4.050000e+01 2.386603e+01 2.200000e+01
      vertex   4.050000e+01 2.386603e+01 2.300000e+01
      vertex   4.025882e+01 2.396593e+01 2.200000e+01
    endloop
  endfacet
  facet normal -3.826834e-01 -9.238795e-01 2.719129e-15
    outer loop
      vertex   4.025882e+01 2.396593e+01 2.200000e+01
      vertex   4.050000e+01 2.386603e+01 2.300000e+01
      vertex   4.025882e+01 2.396593e+01 2.300000e+01
    endloop
  endfacet
  facet normal -1.305262e-01 -9.914449e-01 9.274444e-16
    outer loop
      vertex   4.025882e+01 2.396593e+01 2.200000e+01
      vertex   4.025882e+01 2.396593e+01 2.300000e+01
      vertex   4.000000e+01 2.400000e+01 2.200000e+01
    endloop
  endfacet
  facet normal -1.305262e-01 -9.914449e-01 0.000000e+00
    outer loop
      vertex   4.000000e+01 2.400000e+01 2.200000e+01
      vertex   4.025882e+01 2.396593e+01 2.300000e+01
      vertex   4.000000e+01 2.400000e+01 2.300000e+01
    endloop
  endfacet
  facet normal -0.000000e+00 -1.000000e+00 -0.000000e+00
    outer loop
      vertex   4.000000e+01 2.400000e+01 2.300000e+01
      vertex   1.700000e+01 2.400000e+01 2.300000e+01
      vertex   4.000000e+01 2.400000e+01 2.200000e+01
    endloop
  endfacet
  facet normal 0.000000e+00 -1.000000e+00 0.000000e+00
    outer loop
      vertex   4.000000e+01 2.400000e+01 2.200000e+01
      vertex   1.700000e+01 2.400000e+01 2.300000e+01
      vertex   1.700000e+01 2.400000e+01 2.200000e+01
    endloop
  endfacet
  facet normal 1.305262e-01 -9.914449e-01 0.000000e+00
    outer loop
      vertex   1.700000e+01 2.400000e+01 2.200000e+01
      vertex   1.700000e+01 2.400000e+01 2.300000e+01
      vertex   1.674118e+01 2.396593e+01 2.200000e+01
    endloop
  endfacet
  facet normal 1.305262e-01 -9.914449e-01 0.000000e+00
    outer loop
      vertex   1.674118e+01 2.396593e+01 2.200000e+01
      vertex   1.700000e+01 2.400000e+01 2.300000e+01
      vertex   1.674118e+01 2.396593e+01 2.300000e+01
    endloop
  endfacet
  facet normal 3.826834e-01 -9.238795e-01 0.000000e+00
    outer loop
      vertex   1.674118e+01 2.396593e+01 2.200000e+01
      vertex   1.674118e+01 2.396593e+01 2.300000e+01
      vertex   1.650000e+01 2.386603e+01 2.200000e+01
    endloop
  endfacet
  facet normal 3.826834e-01 -9.238795e-01 0.000000e+00
    outer loop
      vertex   1.650000e+01 2.386603e+01 2.200000e+01
      vertex   1.674118e+01 2.396593e+01 2.300000e+01
      vertex   1.650000e+01 2.386603e+01 2.300000e+01
    endloop
  endfacet
  facet normal 6.087614e-01 -7.933533e-01 0.000000e+00
    outer loop
      vertex   1.650000e+01 2.386603e+01 2.200000e+01
      vertex   1.650000e+01 2.386603e+01 2.300000e+01
      vertex   1.629289e+01 2.370711e+01 2.200000e+01
    endloop
  endfacet
  facet normal 6.087614e-01 -7.933533e-01 0.000000e+00
    outer loop
      vertex   1.629289e+01 2.370711e+01 2.200000e+01
      vertex   1.650000e+01 2.386603e+01 2.300000e+01
      vertex   1.629289e+01 2.370711e+01 2.300000e+01
    endloop
  endfacet
  facet normal 7.933533e-01 -6.087614e-01 0.000000e+00
    outer loop
      vertex   1.629289e+01 2.370711e+01 2.200000e+01
      vertex   1.629289e+01 2.370711e+01 2.300000e+01
      vertex   1.613397e+01 2.350000e+01 2.200000e+01
    endloop
  endfacet
  facet normal 7.933533e-01 -6.087614e-01 -2.818557e-15
    outer loop
      vertex   1.613397e+01 2.350000e+01 2.200000e+01
      vertex   1.629289e+01 2.370711e+01 2.300000e+01
      vertex   1.613397e+01 2.350000e+01 2.300000e+01
    endloop
  endfacet
  facet normal 9.238795e-01 -3.826834e-01 -3.282279e-15
    outer loop
      vertex   1.613397e+01 2.350000e+01 2.200000e+01
      vertex   1.613397e+01 2.350000e+01 2.300000e+01
      vertex   1.603407e+01 2.325882e+01 2.200000e+01
    endloop
  endfacet
  facet normal 9.238795e-01 -3.826834e-01 3.282279e-15
    outer loop
      vertex   1.603407e+01 2.325882e+01 2.200000e+01
      vertex   1.613397e+01 2.350000e+01 2.300000e+01
      vertex   1.603407e+01 2.325882e+01 2.300000e+01
    endloop
  endfacet
  facet normal 9.914449e-01 -1.305262e-01 3.522320e-15
    outer loop
      vertex   1.603407e+01 2.325882e+01 2.200000e+01
      vertex   1.603407e+01 2.325882e+01 2.300000e+01
      vertex   1.600000e+01 2.300000e+01 2.200000e+01
    endloop
  endfacet
  facet normal 9.914449e-01 -1.305262e-01 0.000000e+00
    outer loop
      vertex   1.600000e+01 2.300000e+01 2.200000e+01
      vertex   1.603407e+01 2.325882e+01 2.300000e+01
      vertex   1.600000e+01 2.300000e+01 2.300000e+01
    endloop
  endfacet
  facet normal 9.914449e-01 1.305262e-01 -0.000000e+00
    outer loop
      vertex   1.600000e+01 1.200000e+01 2.200000e+01
      vertex   1.600000e+01 1.200000e+01 2.300000e+01
      vertex   1.603407e+01 1.174118e+01 2.200000e+01
    endloop
  endfacet
  facet normal 9.914449e-01 1.305262e-01 -0.000000e+00
    outer loop
      vertex   1.603407e+01 1.174118e+01 2.200000e+01
      vertex   1.600000e+01 1.200000e+01 2.300000e+01
      vertex   1.603407e+01 1.174118e+01 2.300000e+01
    endloop
  endfacet
  facet normal 9.238795e-01 3.826834e-01 -0.000000e+00
    outer loop
      vertex   1.603407e+01 1.174118e+01 2.200000e+01
      vertex   1.603407e+01 1.174118e+01 2.300000e+01
      vertex   1.613397e+01 1.150000e+01 2.200000e+01
    endloop
  endfacet
  facet normal 9.238795e-01 3.826834e-01 -6.797823e-16
    outer loop
      vertex   1.613397e+01 1.150000e+01 2.200000e+01
      vertex   1.603407e+01 1.174118e+01 2.300000e+01
      vertex   1.613397e+01 1.150000e+01 2.300000e+01
    endloop
  endfacet
  facet normal 7.933533e-01 6.087614e-01 -1.081378e-15
    outer loop
      vertex   1.613397e+01 1.150000e+01 2.200000e+01
      vertex   1.613397e+01 1.150000e+01 2.300000e+01
      vertex   1.629289e+01 1.129289e+01 2.200000e+01
    endloop
  endfacet
  facet normal 7.933533e-01 6.087614e-01 -0.000000e+00
    outer loop
      vertex   1.629289e+01 1.129289e+01 2.200000e+01
      vertex   1.613397e+01 1.150000e+01 2.300000e+01
      vertex   1.629289e+01 1.129289e+01 2.300000e+01
    endloop
  endfacet
  facet normal 6.087614e-01 7.933533e-01 -0.000000e+00
    outer loop
      vertex   1.629289e+01 1.129289e+01 2.200000e+01
      vertex   1.629289e+01 1.129289e+01 2.300000e+01
      vertex   1.650000e+01 1.113397e+01 2.200000e+01
    endloop
  endfacet
  facet normal 6.087614e-01 7.933533e-01 1.409279e-15
    outer loop
      vertex   1.650000e+01 1.113397e+01 2.200000e+01
      vertex   1.629289e+01 1.129289e+01 2.300000e+01
      vertex   1.650000e+01 1.113397e+01 2.300000e+01
    endloop
  endfacet
  facet normal 3.826834e-01 9.238795e-01 1.641140e-15
    outer loop
      vertex   1.650000e+01 1.113397e+01 2.200000e+01
      vertex   1.650000e+01 1.113397e+01 2.300000e+01
      vertex   1.674118e+01 1.103407e+01 2.200000e+01
    endloop
  endfacet
  facet normal 3.826834e-01 9.238795e-01 -2.815751e-16
    outer loop
      vertex   1.674118e+01 1.103407e+01 2.200000e+01
      vertex   1.650000e+01 1.113397e+01 2.300000e+01
      vertex   1.674118e+01 1.103407e+01 2.300000e+01
    endloop
  endfacet
  facet normal 1.305262e-01 9.914449e-01 -1.297438e-15
    outer loop
      vertex   1.674118e+01 1.103407e+01 2.200000e+01
      vertex   1.674118e+01 1.103407e+01 2.300000e+01
      vertex   1.700000e+01 1.100000e+01 2.200000e+01
    endloop
  endfacet
  facet normal 1.305262e-01 9.914449e-01 -0.000000e+00
    outer loop
      vertex   1.700000e+01 1.100000e+01 2.200000e+01
      vertex   1.674118e+01 1.103407e+01 2.300000e+01
      vertex   1.700000e+01 1.100000e+01 2.300000e+01
    endloop
  endfacet
  facet normal -0.000000e+00 1.000000e+00 0.000000e+00
    outer loop
      vertex   1.700000e+01 1.100000e+01 2.300000e+01
      vertex   4.000000e+01 1.100000e+01 2.300000e+01
      vertex   1.700000e+01 1.100000e+01 2.200000e+01
    endloop
  endfacet
  facet normal 0.000000e+00 1.000000e+00 0.000000e+00
    outer loop
      vertex   1.700000e+01 1.100000e+01 2.200000e+01
      vertex   4.000000e+01 1.100000e+01 2.300000e+01
      vertex   4.000000e+01 1.100000e+01 2.200000e+01
    endloop
  endfacet
  facet normal -1.305262e-01 9.914449e-01 0.000000e+00
    outer loop
      vertex   4.000000e+01 1.100000e+01 2.200000e+01
      vertex   4.000000e+01 1.100000e+01 2.300000e+01
      vertex   4.025882e+01 1.103407e+01 2.200000e+01
    endloop
  endfacet
  facet normal -1.305262e-01 9.914449e-01 0.000000e+00
    outer loop
      vertex   4.025882e+01 1.103407e+01 2.200000e+01
      vertex   4.000000e+01 1.100000e+01 2.300000e+01
      vertex   4.025882e+01 1.103407e+01 2.300000e+01
    endloop
  endfacet
  facet normal -3.826834e-01 9.238795e-01 0.000000e+00
    outer loop
      vertex   4.025882e+01 1.103407e+01 2.200000e+01
      vertex   4.025882e+01 1.103407e+01 2.300000e+01
      vertex   4.050000e+01 1.113397e+01 2.200000e+01
    endloop
  endfacet
  facet normal -3.826834e-01 9.238795e-01 1.641140e-15
    outer loop
      vertex   4.050000e+01 1.113397e+01 2.200000e+01
      vertex   4.025882e+01 1.103407e+01 2.300000e+01
      vertex   4.050000e+01 1.113397e+01 2.300000e+01
    endloop
  endfacet
  facet normal -6.087614e-01 7.933533e-01 1.409279e-15
    outer loop
      vertex   4.050000e+01 1.113397e+01 2.200000e+01
      vertex   4.050000e+01 1.113397e+01 2.300000e+01
      vertex   4.070711e+01 1.129289e+01 2.200000e+01
    endloop
  endfacet
  facet normal -6.087614e-01 7.933533e-01 1.409279e-15
    outer loop
      vertex   4.070711e+01 1.129289e+01 2.200000e+01
      vertex   4.050000e+01 1.113397e+01 2.300000e+01
      vertex   4.070711e+01 1.129289e+01 2.300000e+01
    endloop
  endfacet
  facet normal -7.933533e-01 6.087614e-01 1.081378e-15
    outer loop
      vertex   4.070711e+01 1.129289e+01 2.200000e+01
      vertex   4.070711e+01 1.129289e+01 2.300000e+01
      vertex   4.086603e+01 1.150000e+01 2.200000e+01
    endloop
  endfacet
  facet normal -7.933533e-01 6.087614e-01 0.000000e+00
    outer loop
      vertex   4.086603e+01 1.150000e+01 2.200000e+01
      vertex   4.070711e+01 1.129289e+01 2.300000e+01
      vertex   4.086603e+01 1.150000e+01 2.300000e+01
    endloop
  endfacet
  facet normal -9.238795e-01 3.826834e-01 0.000000e+00
    outer loop
      vertex   4.086603e+01 1.150000e+01 2.200000e+01
      vertex   4.086603e+01 1.150000e+01 2.300000e+01
      vertex   4.096593e+01 1.174118e+01 2.200000e+01
    endloop
  endfacet
  facet normal -9.238795e-01 3.826834e-01 6.564559e-15
    outer loop
      vertex   4.096593e+01 1.174118e+01 2.200000e+01
      vertex   4.086603e+01 1.150000e+01 2.300000e+01
      vertex   4.096593e+01 1.174118e+01 2.300000e+01
    endloop
  endfacet
  facet normal -9.914449e-01 1.305262e-01 7.044639e-15
    outer loop
      vertex   4.096593e+01 1.174118e+01 2.200000e+01
      vertex   4.096593e+01 1.174118e+01 2.300000e+01
      vertex   4.100000e+01 1.200000e+01 2.200000e+01
    endloop
  endfacet
  facet normal -9.914449e-01 1.305262e-01 0.000000e+00
    outer loop
      vertex   4.100000e+01 1.200000e+01 2.200000e+01
      vertex   4.096593e+01 1.174118e+01 2.300000e+01
      vertex   4.100000e+01 1.200000e+01 2.300000e+01
    endloop
  endfacet
  facet normal 1.000000e+00 0.000000e+00 0.000000e+00
    outer loop
      vertex   1.600000e+01 2.300000e+01 2.300000e+01
      vertex   1.600000e+01 1.200000e+01 2.300000e+01
      vertex   1.600000e+01 2.300000e+01 2.200000e+01
    endloop
  endfacet
  facet normal 1.000000e+00 0.000000e+00 0.000000e+00
    outer loop
      vertex   1.600000e+01 2.300000e+01 2.200000e+01
      vertex   1.600000e+01 1.200000e+01 2.300000e+01
      vertex   1.600000e+01 1.200000e+01 2.200000e+01
    endloop
  endfacet
  facet normal 9.917928e-01 -1.278555e-01 0.000000e+00
    outer loop
      vertex   0.000000e+00 2.411252e+01 5.000000e+00
      vertex   0.000000e+00 2.411252e+01 2.000000e+00
      vertex   4.904105e-02 2.449294e+01 5.000000e+00
    endloop
  endfacet
  facet normal 9.917928e-01 -1.278555e-01 0.000000e+00
    outer loop
      vertex   4.904105e-02 2.449294e+01 5.000000e+00
      vertex   0.000000e+00 2.411252e+01 2.000000e+00
      vertex   4.904105e-02 2.449294e+01 2.000000e+00
    endloop
  endfacet
  facet normal 9.269414e-01 -3.752061e-01 0.000000e+00
    outer loop
      vertex   4.904105e-02 2.449294e+01 5.000000e+00
      vertex   4.904105e-02 2.449294e+01 2.000000e+00
      vertex   1.929575e-01 2.484848e+01 5.000000e+00
    endloop
  endfacet
  facet normal 9.269414e-01 -3.752061e-01 0.000000e+00
    outer loop
      vertex   1.929575e-01 2.484848e+01 5.000000e+00
      vertex   4.904105e-02 2.449294e+01 2.000000e+00
      vertex   1.929575e-01 2.484848e+01 2.000000e+00
    endloop
  endfacet
  facet normal 8.014791e-01 -5.980228e-01 0.000000e+00
    outer loop
      vertex   1.929575e-01 2.484848e+01 5.000000e+00
      vertex   1.929575e-01 2.484848e+01 2.000000e+00
      vertex   4.223390e-01 2.515590e+01 5.000000e+00
    endloop
  endfacet
  facet normal 8.014791e-01 -5.980228e-01 0.000000e+00
    outer loop
      vertex   4.223390e-01 2.515590e+01 5.000000e+00
      vertex   1.929575e-01 2.484848e+01 2.000000e+00
      vertex   4.223390e-01 2.515590e+01 2.000000e+00
    endloop
  endfacet
  facet normal 6.236096e-01 -7.817360e-01 0.000000e+00
    outer loop
      vertex   4.223390e-01 2.515590e+01 5.000000e+00
      vertex   4.223390e-01 2.515590e+01 2.000000e+00
      vertex   7.221866e-01 2.539510e+01 5.000000e+00
    endloop
  endfacet
  facet normal 6.236096e-01 -7.817360e-01 0.000000e+00
    outer loop
      vertex   7.221866e-01 2.539510e+01 5.000000e+00
      vertex   4.223390e-01 2.515590e+01 2.000000e+00
      vertex   7.221866e-01 2.539510e+01 2.000000e+00
    endloop
  endfacet
  facet normal 4.049634e-01 -9.143329e-01 0.000000e+00
    outer loop
      vertex   7.221866e-01 2.539510e+01 5.000000e+00
      vertex   7.221866e-01 2.539510e+01 2.000000e+00
      vertex   1.072894e+00 2.555043e+01 5.000000e+00
    endloop
  endfacet
  facet normal 4.049634e-01 -9.143329e-01 0.000000e+00
    outer loop
      vertex   1.072894e+00 2.555043e+01 5.000000e+00
      vertex   7.221866e-01 2.539510e+01 2.000000e+00
      vertex   1.072894e+00 2.555043e+01 2.000000e+00
    endloop
  endfacet
  facet normal 1.598375e-01 -9.871433e-01 0.000000e+00
    outer loop
      vertex   1.072894e+00 2.555043e+01 5.000000e+00
      vertex   1.072894e+00 2.555043e+01 2.000000e+00
      vertex   1.451529e+00 2.561173e+01 5.000000e+00
    endloop
  endfacet
  facet normal 1.598375e-01 -9.871433e-01 0.000000e+00
    outer loop
      vertex   1.451529e+00 2.561173e+01 5.000000e+00
      vertex   1.072894e+00 2.555043e+01 2.000000e+00
      vertex   1.451529e+00 2.561173e+01 2.000000e+00
    endloop
  endfacet
  facet normal -9.573984e-02 -9.954064e-01 -0.000000e+00
    outer loop
      vertex   1.451529e+00 2.561173e+01 5.000000e+00
      vertex   1.451529e+00 2.561173e+01 2.000000e+00
      vertex   1.833333e+00 2.557501e+01 5.000000e+00
    endloop
  endfacet
  facet normal -9.573984e-02 -9.954064e-01 -0.000000e+00
    outer loop
      vertex   1.833333e+00 2.557501e+01 5.000000e+00
      vertex   1.451529e+00 2.561173e+01 2.000000e+00
      vertex   1.833333e+00 2.557501e+01 2.000000e+00
    endloop
  endfacet
  facet normal -1.319354e-01 -9.912583e-01 -0.000000e+00
    outer loop
      vertex   1.833333e+00 2.557501e+01 5.000000e+00
      vertex   1.833333e+00 2.557501e+01 2.000000e+00
      vertex   2.378386e+00 2.550247e+01 5.000000e+00
    endloop
  endfacet
  facet normal -1.319354e-01 -9.912583e-01 -3.906071e-17
    outer loop
      vertex   2.378386e+00 2.550247e+01 5.000000e+00
      vertex   1.833333e+00 2.557501e+01 2.000000e+00
      vertex   2.378386e+00 2.550247e+01 2.000000e+00
    endloop
  endfacet
  facet normal 5.120031e-02 -9.986884e-01 1.515834e-17
    outer loop
      vertex   2.378386e+00 2.550247e+01 5.000000e+00
      vertex   2.378386e+00 2.550247e+01 2.000000e+00
      vertex   2.927523e+00 2.553062e+01 5.000000e+00
    endloop
  endfacet
  facet normal 5.120031e-02 -9.986884e-01 4.547501e-17
    outer loop
      vertex   2.927523e+00 2.553062e+01 5.000000e+00
      vertex   2.378386e+00 2.550247e+01 2.000000e+00
      vertex   2.927523e+00 2.553062e+01 2.000000e+00
    endloop
  endfacet
  facet normal 2.326160e-01 -9.725687e-01 2.066045e-16
    outer loop
      vertex   2.927523e+00 2.553062e+01 5.000000e+00
      vertex   2.927523e+00 2.553062e+01 2.000000e+00
      vertex   3.462299e+00 2.565852e+01 5.000000e+00
    endloop
  endfacet
  facet normal 2.326160e-01 -9.725687e-01 -3.443408e-17
    outer loop
      vertex   3.462299e+00 2.565852e+01 5.000000e+00
      vertex   2.927523e+00 2.553062e+01 2.000000e+00
      vertex   3.462299e+00 2.565852e+01 2.000000e+00
    endloop
  endfacet
  facet normal 4.062171e-01 -9.137766e-01 -6.013222e-17
    outer loop
      vertex   3.462299e+00 2.565852e+01 5.000000e+00
      vertex   3.462299e+00 2.565852e+01 2.000000e+00
      vertex   3.964747e+00 2.588189e+01 5.000000e+00
    endloop
  endfacet
  facet normal 4.062171e-01 -9.137766e-01 -8.416000e-16
    outer loop
      vertex   3.964747e+00 2.588189e+01 5.000000e+00
      vertex   3.462299e+00 2.565852e+01 2.000000e+00
      vertex   3.964747e+00 2.588189e+01 2.000000e+00
    endloop
  endfacet
  facet normal 5.661719e-01 -8.242872e-01 -6.409110e-16
    outer loop
      vertex   3.964747e+00 2.588189e+01 5.000000e+00
      vertex   3.964747e+00 2.588189e+01 2.000000e+00
      vertex   4.417989e+00 2.619320e+01 5.000000e+00
    endloop
  endfacet
  facet normal 5.661719e-01 -8.242872e-01 3.352411e-16
    outer loop
      vertex   4.417989e+00 2.619320e+01 5.000000e+00
      vertex   3.964747e+00 2.588189e+01 2.000000e+00
      vertex   4.417989e+00 2.619320e+01 2.000000e+00
    endloop
  endfacet
  facet normal 7.071068e-01 -7.071068e-01 4.186913e-16
    outer loop
      vertex   4.417989e+00 2.619320e+01 5.000000e+00
      vertex   4.417989e+00 2.619320e+01 2.000000e+00
      vertex   4.806798e+00 2.658201e+01 5.000000e+00
    endloop
  endfacet
  facet normal 7.071068e-01 -7.071068e-01 0.000000e+00
    outer loop
      vertex   4.806798e+00 2.658201e+01 5.000000e+00
      vertex   4.417989e+00 2.619320e+01 2.000000e+00
      vertex   4.806798e+00 2.658201e+01 2.000000e+00
    endloop
  endfacet
  facet normal 8.242872e-01 -5.661719e-01 0.000000e+00
    outer loop
      vertex   4.806798e+00 2.658201e+01 5.000000e+00
      vertex   4.806798e+00 2.658201e+01 2.000000e+00
      vertex   5.118113e+00 2.703525e+01 5.000000e+00
    endloop
  endfacet
  facet normal 8.242872e-01 -5.661719e-01 2.440380e-16
    outer loop
      vertex   5.118113e+00 2.703525e+01 5.000000e+00
      vertex   4.806798e+00 2.658201e+01 2.000000e+00
      vertex   5.118113e+00 2.703525e+01 2.000000e+00
    endloop
  endfacet
  facet normal 9.137766e-01 -4.062171e-01 2.705322e-16
    outer loop
      vertex   5.118113e+00 2.703525e+01 5.000000e+00
      vertex   5.118113e+00 2.703525e+01 2.000000e+00
      vertex   5.341475e+00 2.753770e+01 5.000000e+00
    endloop
  endfacet
  facet normal 9.137766e-01 -4.062171e-01 0.000000e+00
    outer loop
      vertex   5.341475e+00 2.753770e+01 5.000000e+00
      vertex   5.118113e+00 2.703525e+01 2.000000e+00
      vertex   5.341475e+00 2.753770e+01 2.000000e+00
    endloop
  endfacet
  facet normal 9.725687e-01 -2.326160e-01 0.000000e+00
    outer loop
      vertex   5.341475e+00 2.753770e+01 5.000000e+00
      vertex   5.341475e+00 2.753770e+01 2.000000e+00
      vertex   5.469381e+00 2.807248e+01 5.000000e+00
    endloop
  endfacet
  facet normal 9.725687e-01 -2.326160e-01 0.000000e+00
    outer loop
      vertex   5.469381e+00 2.807248e+01 5.000000e+00
      vertex   5.341475e+00 2.753770e+01 2.000000e+00
      vertex   5.469381e+00 2.807248e+01 2.000000e+00
    endloop
  endfacet
  facet normal 9.986884e-01 -5.120031e-02 0.000000e+00
    outer loop
      vertex   5.469381e+00 2.807248e+01 5.000000e+00
      vertex   5.469381e+00 2.807248e+01 2.000000e+00
      vertex   5.497534e+00 2.862161e+01 5.000000e+00
    endloop
  endfacet
  facet normal 9.986884e-01 -5.120031e-02 -1.212667e-16
    outer loop
      vertex   5.497534e+00 2.862161e+01 5.000000e+00
      vertex   5.469381e+00 2.807248e+01 2.000000e+00
      vertex   5.497534e+00 2.862161e+01 2.000000e+00
    endloop
  endfacet
  facet normal 9.912583e-01 1.319354e-01 3.124857e-16
    outer loop
      vertex   5.497534e+00 2.862161e+01 5.000000e+00
      vertex   5.497534e+00 2.862161e+01 2.000000e+00
      vertex   5.424988e+00 2.916667e+01 5.000000e+00
    endloop
  endfacet
  facet normal 9.912583e-01 1.319354e-01 0.000000e+00
    outer loop
      vertex   5.424988e+00 2.916667e+01 5.000000e+00
      vertex   5.497534e+00 2.862161e+01 2.000000e+00
      vertex   5.424988e+00 2.916667e+01 2.000000e+00
    endloop
  endfacet
  facet normal 9.954064e-01 9.573984e-02 0.000000e+00
    outer loop
      vertex   5.424988e+00 2.916667e+01 5.000000e+00
      vertex   5.424988e+00 2.916667e+01 2.000000e+00
      vertex   5.388266e+00 2.954847e+01 5.000000e+00
    endloop
  endfacet
  facet normal 9.954064e-01 9.573984e-02 0.000000e+00
    outer loop
      vertex   5.388266e+00 2.954847e+01 5.000000e+00
      vertex   5.424988e+00 2.916667e+01 2.000000e+00
      vertex   5.388266e+00 2.954847e+01 2.000000e+00
    endloop
  endfacet
  facet normal 9.871433e-01 -1.598375e-01 0.000000e+00
    outer loop
      vertex   5.388266e+00 2.954847e+01 5.000000e+00
      vertex   5.388266e+00 2.954847e+01 2.000000e+00
      vertex   5.449574e+00 2.992711e+01 5.000000e+00
    endloop
  endfacet
  facet normal 9.871433e-01 -1.598375e-01 0.000000e+00
    outer loop
      vertex   5.449574e+00 2.992711e+01 5.000000e+00
      vertex   5.388266e+00 2.954847e+01 2.000000e+00
      vertex   5.449574e+00 2.992711e+01 2.000000e+00
    endloop
  endfacet
  facet normal 9.143329e-01 -4.049634e-01 0.000000e+00
    outer loop
      vertex   5.449574e+00 2.992711e+01 5.000000e+00
      vertex   5.449574e+00 2.992711e+01 2.000000e+00
      vertex   5.604904e+00 3.027781e+01 5.000000e+00
    endloop
  endfacet
  facet normal 9.143329e-01 -4.049634e-01 0.000000e+00
    outer loop
      vertex   5.604904e+00 3.027781e+01 5.000000e+00
      vertex   5.449574e+00 2.992711e+01 2.000000e+00
      vertex   5.604904e+00 3.027781e+01 2.000000e+00
    endloop
  endfacet
  facet normal 7.817360e-01 -6.236096e-01 0.000000e+00
    outer loop
      vertex   5.604904e+00 3.027781e+01 5.000000e+00
      vertex   5.604904e+00 3.027781e+01 2.000000e+00
      vertex   5.844100e+00 3.057766e+01 5.000000e+00
    endloop
  endfacet
  facet normal 7.817360e-01 -6.236096e-01 0.000000e+00
    outer loop
      vertex   5.844100e+00 3.057766e+01 5.000000e+00
      vertex   5.604904e+00 3.027781e+01 2.000000e+00
      vertex   5.844100e+00 3.057766e+01 2.000000e+00
    endloop
  endfacet
  facet normal 5.980228e-01 -8.014791e-01 0.000000e+00
    outer loop
      vertex   5.844100e+00 3.057766e+01 5.000000e+00
      vertex   5.844100e+00 3.057766e+01 2.000000e+00
      vertex   6.151520e+00 3.080704e+01 5.000000e+00
    endloop
  endfacet
  facet normal 5.980228e-01 -8.014791e-01 0.000000e+00
    outer loop
      vertex   6.151520e+00 3.080704e+01 5.000000e+00
      vertex   5.844100e+00 3.057766e+01 2.000000e+00
      vertex   6.151520e+00 3.080704e+01 2.000000e+00
    endloop
  endfacet
  facet normal 3.752061e-01 -9.269414e-01 0.000000e+00
    outer loop
      vertex   6.151520e+00 3.080704e+01 5.000000e+00
      vertex   6.151520e+00 3.080704e+01 2.000000e+00
      vertex   6.507064e+00 3.095096e+01 5.000000e+00
    endloop
  endfacet
  facet normal 3.752061e-01 -9.269414e-01 0.000000e+00
    outer loop
      vertex   6.507064e+00 3.095096e+01 5.000000e+00
      vertex   6.151520e+00 3.080704e+01 2.000000e+00
      vertex   6.507064e+00 3.095096e+01 2.000000e+00
    endloop
  endfacet
  facet normal 1.278555e-01 -9.917928e-01 0.000000e+00
    outer loop
      vertex   6.507064e+00 3.095096e+01 5.000000e+00
      vertex   6.507064e+00 3.095096e+01 2.000000e+00
      vertex   6.887482e+00 3.100000e+01 5.000000e+00
    endloop
  endfacet
  facet normal 1.278566e-01 -9.917927e-01 -1.527149e-07
    outer loop
      vertex   6.887482e+00 3.100000e+01 5.000000e+00
      vertex   6.507064e+00 3.095096e+01 2.000000e+00
      vertex   6.887482e+00 3.100000e+01 2.000000e+00
    endloop
  endfacet
  facet normal 0.000000e+00 -1.000000e+00 0.000000e+00
    outer loop
      vertex   0.000000e+00 3.100000e+01 5.000000e+00
      vertex   6.887482e+00 3.100000e+01 5.000000e+00
      vertex   0.000000e+00 3.100000e+01 2.200000e+01
    endloop
  endfacet
  facet normal 0.000000e+00 -1.000000e+00 0.000000e+00
    outer loop
      vertex   0.000000e+00 3.100000e+01 2.200000e+01
      vertex   6.887482e+00 3.100000e+01 5.000000e+00
      vertex   6.411252e+01 3.100000e+01 5.000000e+00
    endloop
  endfacet
  facet normal 0.000000e+00 -1.000000e+00 0.000000e+00
    outer loop
      vertex   0.000000e+00 3.100000e+01 2.200000e+01
      vertex   6.411252e+01 3.100000e+01 5.000000e+00
      vertex   7.100000e+01 3.100000e+01 2.200000e+01
    endloop
  endfacet
  facet normal 0.000000e+00 -1.000000e+00 -0.000000e+00
    outer loop
      vertex   7.100000e+01 3.100000e+01 2.200000e+01
      vertex   6.411252e+01 3.100000e+01 5.000000e+00
      vertex   7.100000e+01 3.100000e+01 5.000000e+00
    endloop
  endfacet
  facet normal 0.000000e+00 -1.000000e+00 -1.539787e-07
    outer loop
      vertex   6.887482e+00 3.100000e+01 2.000000e+00
      vertex   6.411252e+01 3.100000e+01 2.000000e+00
      vertex   6.887482e+00 3.100000e+01 5.000000e+00
    endloop
  endfacet
  facet normal 0.000000e+00 -1.000000e+00 -1.539787e-07
    outer loop
      vertex   6.887482e+00 3.100000e+01 5.000000e+00
      vertex   6.411252e+01 3.100000e+01 2.000000e+00
      vertex   6.411252e+01 3.100000e+01 5.000000e+00
    endloop
  endfacet
  facet normal 9.573984e-02 -9.954064e-01 0.000000e+00
    outer loop
      vertex   6.916667e+01 2.557501e+01 5.000000e+00
      vertex   6.916667e+01 2.557501e+01 2.000000e+00
      vertex   6.954847e+01 2.561173e+01 5.000000e+00
    endloop
  endfacet
  facet normal 9.573984e-02 -9.954064e-01 0.000000e+00
    outer loop
      vertex   6.954847e+01 2.561173e+01 5.000000e+00
      vertex   6.916667e+01 2.557501e+01 2.000000e+00
      vertex   6.954847e+01 2.561173e+01 2.000000e+00
    endloop
  endfacet
  facet normal -1.598375e-01 -9.871433e-01 -0.000000e+00
    outer loop
      vertex   6.954847e+01 2.561173e+01 5.000000e+00
      vertex   6.954847e+01 2.561173e+01 2.000000e+00
      vertex   6.992711e+01 2.555043e+01 5.000000e+00
    endloop
  endfacet
  facet normal -1.598375e-01 -9.871433e-01 -0.000000e+00
    outer loop
      vertex   6.992711e+01 2.555043e+01 5.000000e+00
      vertex   6.954847e+01 2.561173e+01 2.000000e+00
      vertex   6.992711e+01 2.555043e+01 2.000000e+00
    endloop
  endfacet
  facet normal -4.049634e-01 -9.143329e-01 -0.000000e+00
    outer loop
      vertex   6.992711e+01 2.555043e+01 5.000000e+00
      vertex   6.992711e+01 2.555043e+01 2.000000e+00
      vertex   7.027781e+01 2.539510e+01 5.000000e+00
    endloop
  endfacet
  facet normal -4.049634e-01 -9.143329e-01 -0.000000e+00
    outer loop
      vertex   7.027781e+01 2.539510e+01 5.000000e+00
      vertex   6.992711e+01 2.555043e+01 2.000000e+00
      vertex   7.027781e+01 2.539510e+01 2.000000e+00
    endloop
  endfacet
  facet normal -6.236096e-01 -7.817360e-01 -0.000000e+00
    outer loop
      vertex   7.027781e+01 2.539510e+01 5.000000e+00
      vertex   7.027781e+01 2.539510e+01 2.000000e+00
      vertex   7.057766e+01 2.515590e+01 5.000000e+00
    endloop
  endfacet
  facet normal -6.236096e-01 -7.817360e-01 -0.000000e+00
    outer loop
      vertex   7.057766e+01 2.515590e+01 5.000000e+00
      vertex   7.027781e+01 2.539510e+01 2.000000e+00
      vertex   7.057766e+01 2.515590e+01 2.000000e+00
    endloop
  endfacet
  facet normal -8.014791e-01 -5.980228e-01 -0.000000e+00
    outer loop
      vertex   7.057766e+01 2.515590e+01 5.000000e+00
      vertex   7.057766e+01 2.515590e+01 2.000000e+00
      vertex   7.080704e+01 2.484848e+01 5.000000e+00
    endloop
  endfacet
  facet normal -8.014791e-01 -5.980228e-01 -0.000000e+00
    outer loop
      vertex   7.080704e+01 2.484848e+01 5.000000e+00
      vertex   7.057766e+01 2.515590e+01 2.000000e+00
      vertex   7.080704e+01 2.484848e+01 2.000000e+00
    endloop
  endfacet
  facet normal -9.269414e-01 -3.752061e-01 -0.000000e+00
    outer loop
      vertex   7.080704e+01 2.484848e+01 5.000000e+00
      vertex   7.080704e+01 2.484848e+01 2.000000e+00
      vertex   7.095096e+01 2.449294e+01 5.000000e+00
    endloop
  endfacet
  facet normal -9.269414e-01 -3.752061e-01 -0.000000e+00
    outer loop
      vertex   7.095096e+01 2.449294e+01 5.000000e+00
      vertex   7.080704e+01 2.484848e+01 2.000000e+00
      vertex   7.095096e+01 2.449294e+01 2.000000e+00
    endloop
  endfacet
  facet normal -9.917928e-01 -1.278555e-01 -0.000000e+00
    outer loop
      vertex   7.095096e+01 2.449294e+01 5.000000e+00
      vertex   7.095096e+01 2.449294e+01 2.000000e+00
      vertex   7.100000e+01 2.411252e+01 5.000000e+00
    endloop
  endfacet
  facet normal -9.917925e-01 -1.278582e-01 -3.497663e-07
    outer loop
      vertex   7.100000e+01 2.411252e+01 5.000000e+00
      vertex   7.095096e+01 2.449294e+01 2.000000e+00
      vertex   7.100000e+01 2.411252e+01 2.000000e+00
    endloop
  endfacet
  facet normal 0.000000e+00 0.000000e+00 1.000000e+00
    outer loop
      vertex   1.451529e+00 2.561173e+01 2.000000e+00
      vertex   1.072894e+00 2.555043e+01 2.000000e+00
      vertex   1.833333e+00 2.557501e+01 2.000000e+00
    endloop
  endfacet
  facet normal 0.000000e+00 0.000000e+00 1.000000e+00
    outer loop
      vertex   1.833333e+00 2.557501e+01 2.000000e+00
      vertex   1.072894e+00 2.555043e+01 2.000000e+00
      vertex   7.221866e-01 2.539510e+01 2.000000e+00
    endloop
  endfacet
  facet normal 0.000000e+00 0.000000e+00 1.000000e+00
    outer loop
      vertex   1.833333e+00 2.557501e+01 2.000000e+00
      vertex   7.221866e-01 2.539510e+01 2.000000e+00
      vertex   4.223390e-01 2.515590e+01 2.000000e+00
    endloop
  endfacet
  facet normal 0.000000e+00 0.000000e+00 1.000000e+00
    outer loop
      vertex   1.833333e+00 2.557501e+01 2.000000e+00
      vertex   4.223390e-01 2.515590e+01 2.000000e+00
      vertex   2.378386e+00 2.550247e+01 2.000000e+00
    endloop
  endfacet
  facet normal 0.000000e+00 0.000000e+00 1.000000e+00
    outer loop
      vertex   2.378386e+00 2.550247e+01 2.000000e+00
      vertex   4.223390e-01 2.515590e+01 2.000000e+00
      vertex   1.929575e-01 2.484848e+01 2.000000e+00
    endloop
  endfacet
  facet normal 0.000000e+00 0.000000e+00 1.000000e+00
    outer loop
      vertex   2.378386e+00 2.550247e+01 2.000000e+00
      vertex   1.929575e-01 2.484848e+01 2.000000e+00
      vertex   4.904105e-02 2.449294e+01 2.000000e+00
    endloop
  endfacet
  facet normal -0.000000e+00 0.000000e+00 1.000000e+00
    outer loop
      vertex   4.904105e-02 2.449294e+01 2.000000e+00
      vertex   0.000000e+00 2.411252e+01 2.000000e+00
      vertex   2.378386e+00 2.550247e+01 2.000000e+00
    endloop
  endfacet
  facet normal -0.000000e+00 0.000000e+00 1.000000e+00
    outer loop
      vertex   2.378386e+00 2.550247e+01 2.000000e+00
      vertex   0.000000e+00 2.411252e+01 2.000000e+00
      vertex   2.927523e+00 2.553062e+01 2.000000e+00
    endloop
  endfacet
  facet normal -0.000000e+00 0.000000e+00 1.000000e+00
    outer loop
      vertex   2.927523e+00 2.553062e+01 2.000000e+00
      vertex   0.000000e+00 2.411252e+01 2.000000e+00
      vertex   3.462299e+00 2.565852e+01 2.000000e+00
    endloop
  endfacet
  facet normal 0.000000e+00 0.000000e+00 1.000000e+00
    outer loop
      vertex   3.462299e+00 2.565852e+01 2.000000e+00
      vertex   0.000000e+00 2.411252e+01 2.000000e+00
      vertex   3.462299e+00 5.341475e+00 2.000000e+00
    endloop
  endfacet
  facet normal 0.000000e+00 0.000000e+00 1.000000e+00
    outer loop
      vertex   3.462299e+00 2.565852e+01 2.000000e+00
      vertex   3.462299e+00 5.341475e+00 2.000000e+00
      vertex   3.964747e+00 5.118113e+00 2.000000e+00
    endloop
  endfacet
  facet normal 0.000000e+00 0.000000e+00 1.000000e+00
    outer loop
      vertex   0.000000e+00 2.411252e+01 2.000000e+00
      vertex   0.000000e+00 6.887482e+00 2.000000e+00
      vertex   3.462299e+00 5.341475e+00 2.000000e+00
    endloop
  endfacet
  facet normal 0.000000e+00 0.000000e+00 1.000000e+00
    outer loop
      vertex   3.462299e+00 5.341475e+00 2.000000e+00
      vertex   0.000000e+00 6.887482e+00 2.000000e+00
      vertex   2.927523e+00 5.469381e+00 2.000000e+00
    endloop
  endfacet
  facet normal 0.000000e+00 0.000000e+00 1.000000e+00
    outer loop
      vertex   2.927523e+00 5.469381e+00 2.000000e+00
      vertex   0.000000e+00 6.887482e+00 2.000000e+00
      vertex   2.378386e+00 5.497534e+00 2.000000e+00
    endloop
  endfacet
  facet normal 0.000000e+00 0.000000e+00 1.000000e+00
    outer loop
      vertex   2.378386e+00 5.497534e+00 2.000000e+00
      vertex   0.000000e+00 6.887482e+00 2.000000e+00
      vertex   4.904105e-02 6.507064e+00 2.000000e+00
    endloop
  endfacet
  facet normal 0.000000e+00 0.000000e+00 1.000000e+00
    outer loop
      vertex   2.378386e+00 5.497534e+00 2.000000e+00
      vertex   4.904105e-02 6.507064e+00 2.000000e+00
      vertex   1.929575e-01 6.151520e+00 2.000000e+00
    endloop
  endfacet
  facet normal 0.000000e+00 0.000000e+00 1.000000e+00
    outer loop
      vertex   1.929575e-01 6.151520e+00 2.000000e+00
      vertex   4.223390e-01 5.844100e+00 2.000000e+00
      vertex   2.378386e+00 5.497534e+00 2.000000e+00
    endloop
  endfacet
  facet normal 0.000000e+00 0.000000e+00 1.000000e+00
    outer loop
      vertex   2.378386e+00 5.497534e+00 2.000000e+00
      vertex   4.223390e-01 5.844100e+00 2.000000e+00
      vertex   1.833333e+00 5.424988e+00 2.000000e+00
    endloop
  endfacet
  facet normal 0.000000e+00 0.000000e+00 1.000000e+00
    outer loop
      vertex   1.833333e+00 5.424988e+00 2.000000e+00
      vertex   4.223390e-01 5.844100e+00 2.000000e+00
      vertex   7.221866e-01 5.604904e+00 2.000000e+00
    endloop
  endfacet
  facet normal 0.000000e+00 0.000000e+00 1.000000e+00
    outer loop
      vertex   1.833333e+00 5.424988e+00 2.000000e+00
      vertex   7.221866e-01 5.604904e+00 2.000000e+00
      vertex   1.072894e+00 5.449574e+00 2.000000e+00
    endloop
  endfacet
  facet normal 0.000000e+00 0.000000e+00 1.000000e+00
    outer loop
      vertex   1.072894e+00 5.449574e+00 2.000000e+00
      vertex   1.451529e+00 5.388266e+00 2.000000e+00
      vertex   1.833333e+00 5.424988e+00 2.000000e+00
    endloop
  endfacet
  facet normal -0.000000e+00 -0.000000e+00 1.000000e+00
    outer loop
      vertex   4.417989e+00 4.806798e+00 2.000000e+00
      vertex   6.658201e+01 4.806798e+00 2.000000e+00
      vertex   3.964747e+00 5.118113e+00 2.000000e+00
    endloop
  endfacet
  facet normal 0.000000e+00 0.000000e+00 1.000000e+00
    outer loop
      vertex   3.964747e+00 5.118113e+00 2.000000e+00
      vertex   6.658201e+01 4.806798e+00 2.000000e+00
      vertex   6.703525e+01 5.118113e+00 2.000000e+00
    endloop
  endfacet
  facet normal -0.000000e+00 0.000000e+00 1.000000e+00
    outer loop
      vertex   3.964747e+00 5.118113e+00 2.000000e+00
      vertex   6.703525e+01 5.118113e+00 2.000000e+00
      vertex   3.964747e+00 2.588189e+01 2.000000e+00
    endloop
  endfacet
  facet normal 0.000000e+00 0.000000e+00 1.000000e+00
    outer loop
      vertex   3.964747e+00 2.588189e+01 2.000000e+00
      vertex   6.703525e+01 5.118113e+00 2.000000e+00
      vertex   6.703525e+01 2.588189e+01 2.000000e+00
    endloop
  endfacet
  facet normal -0.000000e+00 0.000000e+00 1.000000e+00
    outer loop
      vertex   3.964747e+00 2.588189e+01 2.000000e+00
      vertex   6.703525e+01 2.588189e+01 2.000000e+00
      vertex   4.417989e+00 2.619320e+01 2.000000e+00
    endloop
  endfacet
  facet normal 0.000000e+00 0.000000e+00 1.000000e+00
    outer loop
      vertex   4.417989e+00 2.619320e+01 2.000000e+00
      vertex   6.703525e+01 2.588189e+01 2.000000e+00
      vertex   6.658201e+01 2.619320e+01 2.000000e+00
    endloop
  endfacet
  facet normal -0.000000e+00 0.000000e+00 1.000000e+00
    outer loop
      vertex   4.417989e+00 2.619320e+01 2.000000e+00
      vertex   6.658201e+01 2.619320e+01 2.000000e+00
      vertex   4.806798e+00 2.658201e+01 2.000000e+00
    endloop
  endfacet
  facet normal -0.000000e+00 0.000000e+00 1.000000e+00
    outer loop
      vertex   4.806798e+00 2.658201e+01 2.000000e+00
      vertex   6.658201e+01 2.619320e+01 2.000000e+00
      vertex   6.619320e+01 2.658201e+01 2.000000e+00
    endloop
  endfacet
  facet normal 0.000000e+00 0.000000e+00 1.000000e+00
    outer loop
      vertex   4.806798e+00 2.658201e+01 2.000000e+00
      vertex   6.619320e+01 2.658201e+01 2.000000e+00
      vertex   5.118113e+00 2.703525e+01 2.000000e+00
    endloop
  endfacet
  facet normal -0.000000e+00 0.000000e+00 1.000000e+00
    outer loop
      vertex   5.118113e+00 2.703525e+01 2.000000e+00
      vertex   6.619320e+01 2.658201e+01 2.000000e+00
      vertex   6.588189e+01 2.703525e+01 2.000000e+00
    endloop
  endfacet
  facet normal 0.000000e+00 0.000000e+00 1.000000e+00
    outer loop
      vertex   5.118113e+00 2.703525e+01 2.000000e+00
      vertex   6.588189e+01 2.703525e+01 2.000000e+00
      vertex   5.341475e+00 2.753770e+01 2.000000e+00
    endloop
  endfacet
  facet normal -0.000000e+00 0.000000e+00 1.000000e+00
    outer loop
      vertex   5.341475e+00 2.753770e+01 2.000000e+00
      vertex   6.588189e+01 2.703525e+01 2.000000e+00
      vertex   6.565852e+01 2.753770e+01 2.000000e+00
    endloop
  endfacet
  facet normal 0.000000e+00 0.000000e+00 1.000000e+00
    outer loop
      vertex   5.341475e+00 2.753770e+01 2.000000e+00
      vertex   6.565852e+01 2.753770e+01 2.000000e+00
      vertex   5.469381e+00 2.807248e+01 2.000000e+00
    endloop
  endfacet
  facet normal -0.000000e+00 0.000000e+00 1.000000e+00
    outer loop
      vertex   5.469381e+00 2.807248e+01 2.000000e+00
      vertex   6.565852e+01 2.753770e+01 2.000000e+00
      vertex   6.553062e+01 2.807248e+01 2.000000e+00
    endloop
  endfacet
  facet normal 0.000000e+00 0.000000e+00 1.000000e+00
    outer loop
      vertex   5.469381e+00 2.807248e+01 2.000000e+00
      vertex   6.553062e+01 2.807248e+01 2.000000e+00
      vertex   6.887482e+00 3.100000e+01 2.000000e+00
    endloop
  endfacet
  facet normal -0.000000e+00 0.000000e+00 1.000000e+00
    outer loop
      vertex   6.887482e+00 3.100000e+01 2.000000e+00
      vertex   6.553062e+01 2.807248e+01 2.000000e+00
      vertex   6.411252e+01 3.100000e+01 2.000000e+00
    endloop
  endfacet
  facet normal 0.000000e+00 0.000000e+00 1.000000e+00
    outer loop
      vertex   6.411252e+01 3.100000e+01 2.000000e+00
      vertex   6.553062e+01 2.807248e+01 2.000000e+00
      vertex   6.550247e+01 2.862161e+01 2.000000e+00
    endloop
  endfacet
  facet normal 0.000000e+00 0.000000e+00 1.000000e+00
    outer loop
      vertex   6.411252e+01 3.100000e+01 2.000000e+00
      vertex   6.550247e+01 2.862161e+01 2.000000e+00
      vertex   6.557501e+01 2.916667e+01 2.000000e+00
    endloop
  endfacet
  facet normal 0.000000e+00 0.000000e+00 1.000000e+00
    outer loop
      vertex   6.658201e+01 4.806798e+00 2.000000e+00
      vertex   4.417989e+00 4.806798e+00 2.000000e+00
      vertex   6.619320e+01 4.417989e+00 2.000000e+00
    endloop
  endfacet
  facet normal 0.000000e+00 0.000000e+00 1.000000e+00
    outer loop
      vertex   6.619320e+01 4.417989e+00 2.000000e+00
      vertex   4.417989e+00 4.806798e+00 2.000000e+00
      vertex   4.806798e+00 4.417989e+00 2.000000e+00
    endloop
  endfacet
  facet normal 0.000000e+00 0.000000e+00 1.000000e+00
    outer loop
      vertex   6.619320e+01 4.417989e+00 2.000000e+00
      vertex   4.806798e+00 4.417989e+00 2.000000e+00
      vertex   6.588189e+01 3.964747e+00 2.000000e+00
    endloop
  endfacet
  facet normal 0.000000e+00 0.000000e+00 1.000000e+00
    outer loop
      vertex   6.588189e+01 3.964747e+00 2.000000e+00
      vertex   4.806798e+00 4.417989e+00 2.000000e+00
      vertex   5.118113e+00 3.964747e+00 2.000000e+00
    endloop
  endfacet
  facet normal 0.000000e+00 0.000000e+00 1.000000e+00
    outer loop
      vertex   6.588189e+01 3.964747e+00 2.000000e+00
      vertex   5.118113e+00 3.964747e+00 2.000000e+00
      vertex   6.565852e+01 3.462299e+00 2.000000e+00
    endloop
  endfacet
  facet normal 0.000000e+00 0.000000e+00 1.000000e+00
    outer loop
      vertex   6.565852e+01 3.462299e+00 2.000000e+00
      vertex   5.118113e+00 3.964747e+00 2.000000e+00
      vertex   5.341475e+00 3.462299e+00 2.000000e+00
    endloop
  endfacet
  facet normal 0.000000e+00 0.000000e+00 1.000000e+00
    outer loop
      vertex   6.565852e+01 3.462299e+00 2.000000e+00
      vertex   5.341475e+00 3.462299e+00 2.000000e+00
      vertex   6.553062e+01 2.927523e+00 2.000000e+00
    endloop
  endfacet
  facet normal 0.000000e+00 0.000000e+00 1.000000e+00
    outer loop
      vertex   6.553062e+01 2.927523e+00 2.000000e+00
      vertex   5.341475e+00 3.462299e+00 2.000000e+00
      vertex   5.469381e+00 2.927523e+00 2.000000e+00
    endloop
  endfacet
  facet normal 0.000000e+00 0.000000e+00 1.000000e+00
    outer loop
      vertex   6.553062e+01 2.927523e+00 2.000000e+00
      vertex   5.469381e+00 2.927523e+00 2.000000e+00
      vertex   6.411252e+01 0.000000e+00 2.000000e+00
    endloop
  endfacet
  facet normal 0.000000e+00 0.000000e+00 1.000000e+00
    outer loop
      vertex   6.411252e+01 0.000000e+00 2.000000e+00
      vertex   5.469381e+00 2.927523e+00 2.000000e+00
      vertex   6.887482e+00 0.000000e+00 2.000000e+00
    endloop
  endfacet
  facet normal 0.000000e+00 0.000000e+00 1.000000e+00
    outer loop
      vertex   6.887482e+00 0.000000e+00 2.000000e+00
      vertex   5.469381e+00 2.927523e+00 2.000000e+00
      vertex   5.497534e+00 2.378386e+00 2.000000e+00
    endloop
  endfacet
  facet normal 0.000000e+00 0.000000e+00 1.000000e+00
    outer loop
      vertex   6.887482e+00 0.000000e+00 2.000000e+00
      vertex   5.497534e+00 2.378386e+00 2.000000e+00
      vertex   5.424988e+00 1.833333e+00 2.000000e+00
    endloop
  endfacet
  facet normal 0.000000e+00 0.000000e+00 1.000000e+00
    outer loop
      vertex   5.424988e+00 1.833333e+00 2.000000e+00
      vertex   5.388266e+00 1.451529e+00 2.000000e+00
      vertex   6.887482e+00 0.000000e+00 2.000000e+00
    endloop
  endfacet
  facet normal 0.000000e+00 0.000000e+00 1.000000e+00
    outer loop
      vertex   6.887482e+00 0.000000e+00 2.000000e+00
      vertex   5.388266e+00 1.451529e+00 2.000000e+00
      vertex   5.449574e+00 1.072894e+00 2.000000e+00
    endloop
  endfacet
  facet normal 0.000000e+00 0.000000e+00 1.000000e+00
    outer loop
      vertex   6.887482e+00 0.000000e+00 2.000000e+00
      vertex   5.449574e+00 1.072894e+00 2.000000e+00
      vertex   5.604904e+00 7.221866e-01 2.000000e+00
    endloop
  endfacet
  facet normal 0.000000e+00 0.000000e+00 1.000000e+00
    outer loop
      vertex   5.604904e+00 7.221866e-01 2.000000e+00
      vertex   5.844100e+00 4.223390e-01 2.000000e+00
      vertex   6.887482e+00 0.000000e+00 2.000000e+00
    endloop
  endfacet
  facet normal 0.000000e+00 0.000000e+00 1.000000e+00
    outer loop
      vertex   6.887482e+00 0.000000e+00 2.000000e+00
      vertex   5.844100e+00 4.223390e-01 2.000000e+00
      vertex   6.151520e+00 1.929575e-01 2.000000e+00
    endloop
  endfacet
  facet normal 0.000000e+00 0.000000e+00 1.000000e+00
    outer loop
      vertex   6.887482e+00 0.000000e+00 2.000000e+00
      vertex   6.151520e+00 1.929575e-01 2.000000e+00
      vertex   6.507064e+00 4.904105e-02 2.000000e+00
    endloop
  endfacet
  facet normal 0.000000e+00 -0.000000e+00 1.000000e+00
    outer loop
      vertex   6.449294e+01 4.904105e-02 2.000000e+00
      vertex   6.484848e+01 1.929575e-01 2.000000e+00
      vertex   6.411252e+01 0.000000e+00 2.000000e+00
    endloop
  endfacet
  facet normal 0.000000e+00 0.000000e+00 1.000000e+00
    outer loop
      vertex   6.411252e+01 0.000000e+00 2.000000e+00
      vertex   6.484848e+01 1.929575e-01 2.000000e+00
      vertex   6.515590e+01 4.223390e-01 2.000000e+00
    endloop
  endfacet
  facet normal 0.000000e+00 0.000000e+00 1.000000e+00
    outer loop
      vertex   6.411252e+01 0.000000e+00 2.000000e+00
      vertex   6.515590e+01 4.223390e-01 2.000000e+00
      vertex   6.539510e+01 7.221866e-01 2.000000e+00
    endloop
  endfacet
  facet normal 0.000000e+00 -0.000000e+00 1.000000e+00
    outer loop
      vertex   6.539510e+01 7.221866e-01 2.000000e+00
      vertex   6.555043e+01 1.072894e+00 2.000000e+00
      vertex   6.411252e+01 0.000000e+00 2.000000e+00
    endloop
  endfacet
  facet normal 0.000000e+00 0.000000e+00 1.000000e+00
    outer loop
      vertex   6.411252e+01 0.000000e+00 2.000000e+00
      vertex   6.555043e+01 1.072894e+00 2.000000e+00
      vertex   6.561173e+01 1.451529e+00 2.000000e+00
    endloop
  endfacet
  facet normal 0.000000e+00 0.000000e+00 1.000000e+00
    outer loop
      vertex   6.411252e+01 0.000000e+00 2.000000e+00
      vertex   6.561173e+01 1.451529e+00 2.000000e+00
      vertex   6.557501e+01 1.833333e+00 2.000000e+00
    endloop
  endfacet
  facet normal 0.000000e+00 0.000000e+00 1.000000e+00
    outer loop
      vertex   6.557501e+01 1.833333e+00 2.000000e+00
      vertex   6.550247e+01 2.378386e+00 2.000000e+00
      vertex   6.411252e+01 0.000000e+00 2.000000e+00
    endloop
  endfacet
  facet normal 0.000000e+00 0.000000e+00 1.000000e+00
    outer loop
      vertex   6.411252e+01 0.000000e+00 2.000000e+00
      vertex   6.550247e+01 2.378386e+00 2.000000e+00
      vertex   6.553062e+01 2.927523e+00 2.000000e+00
    endloop
  endfacet
  facet normal 0.000000e+00 0.000000e+00 1.000000e+00
    outer loop
      vertex   6.703525e+01 2.588189e+01 2.000000e+00
      vertex   6.703525e+01 5.118113e+00 2.000000e+00
      vertex   6.753770e+01 2.565852e+01 2.000000e+00
    endloop
  endfacet
  facet normal 0.000000e+00 0.000000e+00 1.000000e+00
    outer loop
      vertex   6.753770e+01 2.565852e+01 2.000000e+00
      vertex   6.703525e+01 5.118113e+00 2.000000e+00
      vertex   6.753770e+01 5.341475e+00 2.000000e+00
    endloop
  endfacet
  facet normal 0.000000e+00 0.000000e+00 1.000000e+00
    outer loop
      vertex   6.753770e+01 2.565852e+01 2.000000e+00
      vertex   6.753770e+01 5.341475e+00 2.000000e+00
      vertex   7.100000e+01 2.411252e+01 2.000000e+00
    endloop
  endfacet
  facet normal 0.000000e+00 0.000000e+00 1.000000e+00
    outer loop
      vertex   7.100000e+01 2.411252e+01 2.000000e+00
      vertex   6.753770e+01 5.341475e+00 2.000000e+00
      vertex   7.100000e+01 6.887482e+00 2.000000e+00
    endloop
  endfacet
  facet normal 0.000000e+00 0.000000e+00 1.000000e+00
    outer loop
      vertex   7.100000e+01 6.887482e+00 2.000000e+00
      vertex   6.753770e+01 5.341475e+00 2.000000e+00
      vertex   6.807248e+01 5.469381e+00 2.000000e+00
    endloop
  endfacet
  facet normal 0.000000e+00 0.000000e+00 1.000000e+00
    outer loop
      vertex   7.100000e+01 6.887482e+00 2.000000e+00
      vertex   6.807248e+01 5.469381e+00 2.000000e+00
      vertex   6.862161e+01 5.497534e+00 2.000000e+00
    endloop
  endfacet
  facet normal 0.000000e+00 -0.000000e+00 1.000000e+00
    outer loop
      vertex   6.916667e+01 5.424988e+00 2.000000e+00
      vertex   7.057766e+01 5.844100e+00 2.000000e+00
      vertex   6.862161e+01 5.497534e+00 2.000000e+00
    endloop
  endfacet
  facet normal 0.000000e+00 0.000000e+00 1.000000e+00
    outer loop
      vertex   6.862161e+01 5.497534e+00 2.000000e+00
      vertex   7.057766e+01 5.844100e+00 2.000000e+00
      vertex   7.080704e+01 6.151520e+00 2.000000e+00
    endloop
  endfacet
  facet normal 0.000000e+00 0.000000e+00 1.000000e+00
    outer loop
      vertex   6.862161e+01 5.497534e+00 2.000000e+00
      vertex   7.080704e+01 6.151520e+00 2.000000e+00
      vertex   7.095096e+01 6.507064e+00 2.000000e+00
    endloop
  endfacet
  facet normal 0.000000e+00 -0.000000e+00 1.000000e+00
    outer loop
      vertex   6.954847e+01 5.388266e+00 2.000000e+00
      vertex   6.992711e+01 5.449574e+00 2.000000e+00
      vertex   6.916667e+01 5.424988e+00 2.000000e+00
    endloop
  endfacet
  facet normal 0.000000e+00 0.000000e+00 1.000000e+00
    outer loop
      vertex   6.916667e+01 5.424988e+00 2.000000e+00
      vertex   6.992711e+01 5.449574e+00 2.000000e+00
      vertex   7.027781e+01 5.604904e+00 2.000000e+00
    endloop
  endfacet
  facet normal 0.000000e+00 0.000000e+00 1.000000e+00
    outer loop
      vertex   6.916667e+01 5.424988e+00 2.000000e+00
      vertex   7.027781e+01 5.604904e+00 2.000000e+00
      vertex   7.057766e+01 5.844100e+00 2.000000e+00
    endloop
  endfacet
  facet normal 0.000000e+00 -0.000000e+00 1.000000e+00
    outer loop
      vertex   7.095096e+01 6.507064e+00 2.000000e+00
      vertex   7.100000e+01 6.887482e+00 2.000000e+00
      vertex   6.862161e+01 5.497534e+00 2.000000e+00
    endloop
  endfacet
  facet normal 0.000000e+00 0.000000e+00 1.000000e+00
    outer loop
      vertex   7.095096e+01 2.449294e+01 2.000000e+00
      vertex   6.862161e+01 2.550247e+01 2.000000e+00
      vertex   7.100000e+01 2.411252e+01 2.000000e+00
    endloop
  endfacet
  facet normal 0.000000e+00 0.000000e+00 1.000000e+00
    outer loop
      vertex   7.100000e+01 2.411252e+01 2.000000e+00
      vertex   6.862161e+01 2.550247e+01 2.000000e+00
      vertex   6.807248e+01 2.553062e+01 2.000000e+00
    endloop
  endfacet
  facet normal 0.000000e+00 0.000000e+00 1.000000e+00
    outer loop
      vertex   7.100000e+01 2.411252e+01 2.000000e+00
      vertex   6.807248e+01 2.553062e+01 2.000000e+00
      vertex   6.753770e+01 2.565852e+01 2.000000e+00
    endloop
  endfacet
  facet normal 0.000000e+00 0.000000e+00 1.000000e+00
    outer loop
      vertex   7.095096e+01 2.449294e+01 2.000000e+00
      vertex   7.080704e+01 2.484848e+01 2.000000e+00
      vertex   6.862161e+01 2.550247e+01 2.000000e+00
    endloop
  endfacet
  facet normal 0.000000e+00 0.000000e+00 1.000000e+00
    outer loop
      vertex   6.862161e+01 2.550247e+01 2.000000e+00
      vertex   7.080704e+01 2.484848e+01 2.000000e+00
      vertex   7.057766e+01 2.515590e+01 2.000000e+00
    endloop
  endfacet
  facet normal -0.000000e+00 0.000000e+00 1.000000e+00
    outer loop
      vertex   6.862161e+01 2.550247e+01 2.000000e+00
      vertex   7.057766e+01 2.515590e+01 2.000000e+00
      vertex   6.916667e+01 2.557501e+01 2.000000e+00
    endloop
  endfacet
  facet normal 0.000000e+00 0.000000e+00 1.000000e+00
    outer loop
      vertex   6.916667e+01 2.557501e+01 2.000000e+00
      vertex   7.057766e+01 2.515590e+01 2.000000e+00
      vertex   7.027781e+01 2.539510e+01 2.000000e+00
    endloop
  endfacet
  facet normal 0.000000e+00 0.000000e+00 1.000000e+00
    outer loop
      vertex   6.916667e+01 2.557501e+01 2.000000e+00
      vertex   7.027781e+01 2.539510e+01 2.000000e+00
      vertex   6.992711e+01 2.555043e+01 2.000000e+00
    endloop
  endfacet
  facet normal 0.000000e+00 0.000000e+00 1.000000e+00
    outer loop
      vertex   6.992711e+01 2.555043e+01 2.000000e+00
      vertex   6.954847e+01 2.561173e+01 2.000000e+00
      vertex   6.916667e+01 2.557501e+01 2.000000e+00
    endloop
  endfacet
  facet normal 0.000000e+00 -0.000000e+00 1.000000e+00
    outer loop
      vertex   6.557501e+01 2.916667e+01 2.000000e+00
      vertex   6.561173e+01 2.954847e+01 2.000000e+00
      vertex   6.411252e+01 3.100000e+01 2.000000e+00
    endloop
  endfacet
  facet normal 0.000000e+00 0.000000e+00 1.000000e+00
    outer loop
      vertex   6.411252e+01 3.100000e+01 2.000000e+00
      vertex   6.561173e+01 2.954847e+01 2.000000e+00
      vertex   6.555043e+01 2.992711e+01 2.000000e+00
    endloop
  endfacet
  facet normal 0.000000e+00 0.000000e+00 1.000000e+00
    outer loop
      vertex   6.411252e+01 3.100000e+01 2.000000e+00
      vertex   6.555043e+01 2.992711e+01 2.000000e+00
      vertex   6.539510e+01 3.027781e+01 2.000000e+00
    endloop
  endfacet
  facet normal 0.000000e+00 0.000000e+00 1.000000e+00
    outer loop
      vertex   6.539510e+01 3.027781e+01 2.000000e+00
      vertex   6.515590e+01 3.057766e+01 2.000000e+00
      vertex   6.411252e+01 3.100000e+01 2.000000e+00
    endloop
  endfacet
  facet normal 0.000000e+00 0.000000e+00 1.000000e+00
    outer loop
      vertex   6.411252e+01 3.100000e+01 2.000000e+00
      vertex   6.515590e+01 3.057766e+01 2.000000e+00
      vertex   6.484848e+01 3.080704e+01 2.000000e+00
    endloop
  endfacet
  facet normal 0.000000e+00 0.000000e+00 1.000000e+00
    outer loop
      vertex   6.411252e+01 3.100000e+01 2.000000e+00
      vertex   6.484848e+01 3.080704e+01 2.000000e+00
      vertex   6.449294e+01 3.095096e+01 2.000000e+00
    endloop
  endfacet
  facet normal -0.000000e+00 0.000000e+00 1.000000e+00
    outer loop
      vertex   6.507064e+00 3.095096e+01 2.000000e+00
      vertex   6.151520e+00 3.080704e+01 2.000000e+00
      vertex   6.887482e+00 3.100000e+01 2.000000e+00
    endloop
  endfacet
  facet normal 0.000000e+00 0.000000e+00 1.000000e+00
    outer loop
      vertex   6.887482e+00 3.100000e+01 2.000000e+00
      vertex   6.151520e+00 3.080704e+01 2.000000e+00
      vertex   5.844100e+00 3.057766e+01 2.000000e+00
    endloop
  endfacet
  facet normal 0.000000e+00 0.000000e+00 1.000000e+00
    outer loop
      vertex   6.887482e+00 3.100000e+01 2.000000e+00
      vertex   5.844100e+00 3.057766e+01 2.000000e+00
      vertex   5.604904e+00 3.027781e+01 2.000000e+00
    endloop
  endfacet
  facet normal -0.000000e+00 0.000000e+00 1.000000e+00
    outer loop
      vertex   5.604904e+00 3.027781e+01 2.000000e+00
      vertex   5.449574e+00 2.992711e+01 2.000000e+00
      vertex   6.887482e+00 3.100000e+01 2.000000e+00
    endloop
  endfacet
  facet normal 0.000000e+00 0.000000e+00 1.000000e+00
    outer loop
      vertex   6.887482e+00 3.100000e+01 2.000000e+00
      vertex   5.449574e+00 2.992711e+01 2.000000e+00
      vertex   5.388266e+00 2.954847e+01 2.000000e+00
    endloop
  endfacet
  facet normal 0.000000e+00 0.000000e+00 1.000000e+00
    outer loop
      vertex   6.887482e+00 3.100000e+01 2.000000e+00
      vertex   5.388266e+00 2.954847e+01 2.000000e+00
      vertex   5.424988e+00 2.916667e+01 2.000000e+00
    endloop
  endfacet
  facet normal -0.000000e+00 0.000000e+00 1.000000e+00
    outer loop
      vertex   5.424988e+00 2.916667e+01 2.000000e+00
      vertex   5.497534e+00 2.862161e+01 2.000000e+00
      vertex   6.887482e+00 3.100000e+01 2.000000e+00
    endloop
  endfacet
  facet normal 0.000000e+00 0.000000e+00 1.000000e+00
    outer loop
      vertex   6.887482e+00 3.100000e+01 2.000000e+00
      vertex   5.497534e+00 2.862161e+01 2.000000e+00
      vertex   5.469381e+00 2.807248e+01 2.000000e+00
    endloop
  endfacet
  facet normal 0.000000e+00 0.000000e+00 1.000000e+00
    outer loop
      vertex   3.964747e+00 2.588189e+01 2.000000e+00
      vertex   3.462299e+00 2.565852e+01 2.000000e+00
      vertex   3.964747e+00 5.118113e+00 2.000000e+00
    endloop
  endfacet
  facet normal 1.319354e-01 -9.912583e-01 0.000000e+00
    outer loop
      vertex   6.916667e+01 2.557501e+01 2.000000e+00
      vertex   6.916667e+01 2.557501e+01 5.000000e+00
      vertex   6.862161e+01 2.550247e+01 2.000000e+00
    endloop
  endfacet
  facet normal 1.319354e-01 -9.912583e-01 0.000000e+00
    outer loop
      vertex   6.862161e+01 2.550247e+01 2.000000e+00
      vertex   6.916667e+01 2.557501e+01 5.000000e+00
      vertex   6.862161e+01 2.550247e+01 5.000000e+00
    endloop
  endfacet
  facet normal -5.120031e-02 -9.986884e-01 0.000000e+00
    outer loop
      vertex   6.862161e+01 2.550247e+01 2.000000e+00
      vertex   6.862161e+01 2.550247e+01 5.000000e+00
      vertex   6.807248e+01 2.553062e+01 2.000000e+00
    endloop
  endfacet
  facet normal -5.120031e-02 -9.986884e-01 0.000000e+00
    outer loop
      vertex   6.807248e+01 2.553062e+01 2.000000e+00
      vertex   6.862161e+01 2.550247e+01 5.000000e+00
      vertex   6.807248e+01 2.553062e+01 5.000000e+00
    endloop
  endfacet
  facet normal -2.326160e-01 -9.725687e-01 0.000000e+00
    outer loop
      vertex   6.807248e+01 2.553062e+01 2.000000e+00
      vertex   6.807248e+01 2.553062e+01 5.000000e+00
      vertex   6.753770e+01 2.565852e+01 2.000000e+00
    endloop
  endfacet
  facet normal -2.326160e-01 -9.725687e-01 0.000000e+00
    outer loop
      vertex   6.753770e+01 2.565852e+01 2.000000e+00
      vertex   6.807248e+01 2.553062e+01 5.000000e+00
      vertex   6.753770e+01 2.565852e+01 5.000000e+00
    endloop
  endfacet
  facet normal -4.062171e-01 -9.137766e-01 0.000000e+00
    outer loop
      vertex   6.753770e+01 2.565852e+01 2.000000e+00
      vertex   6.753770e+01 2.565852e+01 5.000000e+00
      vertex   6.703525e+01 2.588189e+01 2.000000e+00
    endloop
  endfacet
  facet normal -4.062171e-01 -9.137766e-01 0.000000e+00
    outer loop
      vertex   6.703525e+01 2.588189e+01 2.000000e+00
      vertex   6.753770e+01 2.565852e+01 5.000000e+00
      vertex   6.703525e+01 2.588189e+01 5.000000e+00
    endloop
  endfacet
  facet normal -5.661719e-01 -8.242872e-01 0.000000e+00
    outer loop
      vertex   6.703525e+01 2.588189e+01 2.000000e+00
      vertex   6.703525e+01 2.588189e+01 5.000000e+00
      vertex   6.658201e+01 2.619320e+01 2.000000e+00
    endloop
  endfacet
  facet normal -5.661719e-01 -8.242872e-01 0.000000e+00
    outer loop
      vertex   6.658201e+01 2.619320e+01 2.000000e+00
      vertex   6.703525e+01 2.588189e+01 5.000000e+00
      vertex   6.658201e+01 2.619320e+01 5.000000e+00
    endloop
  endfacet
  facet normal -7.071068e-01 -7.071068e-01 0.000000e+00
    outer loop
      vertex   6.658201e+01 2.619320e+01 2.000000e+00
      vertex   6.658201e+01 2.619320e+01 5.000000e+00
      vertex   6.619320e+01 2.658201e+01 2.000000e+00
    endloop
  endfacet
  facet normal -7.071068e-01 -7.071068e-01 0.000000e+00
    outer loop
      vertex   6.619320e+01 2.658201e+01 2.000000e+00
      vertex   6.658201e+01 2.619320e+01 5.000000e+00
      vertex   6.619320e+01 2.658201e+01 5.000000e+00
    endloop
  endfacet
  facet normal -8.242872e-01 -5.661719e-01 0.000000e+00
    outer loop
      vertex   6.619320e+01 2.658201e+01 2.000000e+00
      vertex   6.619320e+01 2.658201e+01 5.000000e+00
      vertex   6.588189e+01 2.703525e+01 2.000000e+00
    endloop
  endfacet
  facet normal -8.242872e-01 -5.661719e-01 0.000000e+00
    outer loop
      vertex   6.588189e+01 2.703525e+01 2.000000e+00
      vertex   6.619320e+01 2.658201e+01 5.000000e+00
      vertex   6.588189e+01 2.703525e+01 5.000000e+00
    endloop
  endfacet
  facet normal -9.137766e-01 -4.062171e-01 0.000000e+00
    outer loop
      vertex   6.588189e+01 2.703525e+01 2.000000e+00
      vertex   6.588189e+01 2.703525e+01 5.000000e+00
      vertex   6.565852e+01 2.753770e+01 2.000000e+00
    endloop
  endfacet
  facet normal -9.137766e-01 -4.062171e-01 0.000000e+00
    outer loop
      vertex   6.565852e+01 2.753770e+01 2.000000e+00
      vertex   6.588189e+01 2.703525e+01 5.000000e+00
      vertex   6.565852e+01 2.753770e+01 5.000000e+00
    endloop
  endfacet
  facet normal -9.725687e-01 -2.326160e-01 0.000000e+00
    outer loop
      vertex   6.565852e+01 2.753770e+01 2.000000e+00
      vertex   6.565852e+01 2.753770e+01 5.000000e+00
      vertex   6.553062e+01 2.807248e+01 2.000000e+00
    endloop
  endfacet
  facet normal -9.725687e-01 -2.326160e-01 0.000000e+00
    outer loop
      vertex   6.553062e+01 2.807248e+01 2.000000e+00
      vertex   6.565852e+01 2.753770e+01 5.000000e+00
      vertex   6.553062e+01 2.807248e+01 5.000000e+00
    endloop
  endfacet
  facet normal -9.986884e-01 -5.120031e-02 0.000000e+00
    outer loop
      vertex   6.553062e+01 2.807248e+01 2.000000e+00
      vertex   6.553062e+01 2.807248e+01 5.000000e+00
      vertex   6.550247e+01 2.862161e+01 2.000000e+00
    endloop
  endfacet
  facet normal -9.986884e-01 -5.120031e-02 0.000000e+00
    outer loop
      vertex   6.550247e+01 2.862161e+01 2.000000e+00
      vertex   6.553062e+01 2.807248e+01 5.000000e+00
      vertex   6.550247e+01 2.862161e+01 5.000000e+00
    endloop
  endfacet
  facet normal -9.912583e-01 1.319354e-01 0.000000e+00
    outer loop
      vertex   6.550247e+01 2.862161e+01 2.000000e+00
      vertex   6.550247e+01 2.862161e+01 5.000000e+00
      vertex   6.557501e+01 2.916667e+01 2.000000e+00
    endloop
  endfacet
  facet normal -9.912583e-01 1.319354e-01 0.000000e+00
    outer loop
      vertex   6.557501e+01 2.916667e+01 2.000000e+00
      vertex   6.550247e+01 2.862161e+01 5.000000e+00
      vertex   6.557501e+01 2.916667e+01 5.000000e+00
    endloop
  endfacet
  facet normal -1.278555e-01 -9.917928e-01 -1.527149e-07
    outer loop
      vertex   6.411252e+01 3.100000e+01 5.000000e+00
      vertex   6.411252e+01 3.100000e+01 2.000000e+00
      vertex   6.449294e+01 3.095096e+01 5.000000e+00
    endloop
  endfacet
  facet normal -1.278566e-01 -9.917927e-01 -0.000000e+00
    outer loop
      vertex   6.449294e+01 3.095096e+01 5.000000e+00
      vertex   6.411252e+01 3.100000e+01 2.000000e+00
      vertex   6.449294e+01 3.095096e+01 2.000000e+00
    endloop
  endfacet
  facet normal -3.752061e-01 -9.269414e-01 -0.000000e+00
    outer loop
      vertex   6.449294e+01 3.095096e+01 5.000000e+00
      vertex   6.449294e+01 3.095096e+01 2.000000e+00
      vertex   6.484848e+01 3.080704e+01 5.000000e+00
    endloop
  endfacet
  facet normal -3.752061e-01 -9.269414e-01 -0.000000e+00
    outer loop
      vertex   6.484848e+01 3.080704e+01 5.000000e+00
      vertex   6.449294e+01 3.095096e+01 2.000000e+00
      vertex   6.484848e+01 3.080704e+01 2.000000e+00
    endloop
  endfacet
  facet normal -5.980228e-01 -8.014791e-01 -0.000000e+00
    outer loop
      vertex   6.484848e+01 3.080704e+01 5.000000e+00
      vertex   6.484848e+01 3.080704e+01 2.000000e+00
      vertex   6.515590e+01 3.057766e+01 5.000000e+00
    endloop
  endfacet
  facet normal -5.980228e-01 -8.014791e-01 -0.000000e+00
    outer loop
      vertex   6.515590e+01 3.057766e+01 5.000000e+00
      vertex   6.484848e+01 3.080704e+01 2.000000e+00
      vertex   6.515590e+01 3.057766e+01 2.000000e+00
    endloop
  endfacet
  facet normal -7.817360e-01 -6.236096e-01 -0.000000e+00
    outer loop
      vertex   6.515590e+01 3.057766e+01 5.000000e+00
      vertex   6.515590e+01 3.057766e+01 2.000000e+00
      vertex   6.539510e+01 3.027781e+01 5.000000e+00
    endloop
  endfacet
  facet normal -7.817360e-01 -6.236096e-01 -0.000000e+00
    outer loop
      vertex   6.539510e+01 3.027781e+01 5.000000e+00
      vertex   6.515590e+01 3.057766e+01 2.000000e+00
      vertex   6.539510e+01 3.027781e+01 2.000000e+00
    endloop
  endfacet
  facet normal -9.143329e-01 -4.049634e-01 -0.000000e+00
    outer loop
      vertex   6.539510e+01 3.027781e+01 5.000000e+00
      vertex   6.539510e+01 3.027781e+01 2.000000e+00
      vertex   6.555043e+01 2.992711e+01 5.000000e+00
    endloop
  endfacet
  facet normal -9.143329e-01 -4.049634e-01 -0.000000e+00
    outer loop
      vertex   6.555043e+01 2.992711e+01 5.000000e+00
      vertex   6.539510e+01 3.027781e+01 2.000000e+00
      vertex   6.555043e+01 2.992711e+01 2.000000e+00
    endloop
  endfacet
  facet normal -9.871433e-01 -1.598375e-01 -0.000000e+00
    outer loop
      vertex   6.555043e+01 2.992711e+01 5.000000e+00
      vertex   6.555043e+01 2.992711e+01 2.000000e+00
      vertex   6.561173e+01 2.954847e+01 5.000000e+00
    endloop
  endfacet
  facet normal -9.871433e-01 -1.598375e-01 -0.000000e+00
    outer loop
      vertex   6.561173e+01 2.954847e+01 5.000000e+00
      vertex   6.555043e+01 2.992711e+01 2.000000e+00
      vertex   6.561173e+01 2.954847e+01 2.000000e+00
    endloop
  endfacet
  facet normal -9.954064e-01 9.573984e-02 0.000000e+00
    outer loop
      vertex   6.561173e+01 2.954847e+01 5.000000e+00
      vertex   6.561173e+01 2.954847e+01 2.000000e+00
      vertex   6.557501e+01 2.916667e+01 5.000000e+00
    endloop
  endfacet
  facet normal -9.954064e-01 9.573984e-02 0.000000e+00
    outer loop
      vertex   6.557501e+01 2.916667e+01 5.000000e+00
      vertex   6.561173e+01 2.954847e+01 2.000000e+00
      vertex   6.557501e+01 2.916667e+01 2.000000e+00
    endloop
  endfacet
  facet normal -9.917928e-01 1.278555e-01 -3.497665e-07
    outer loop
      vertex   7.100000e+01 6.887482e+00 5.000000e+00
      vertex   7.100000e+01 6.887482e+00 2.000000e+00
      vertex   7.095096e+01 6.507064e+00 5.000000e+00
    endloop
  endfacet
  facet normal -9.917925e-01 1.278582e-01 0.000000e+00
    outer loop
      vertex   7.095096e+01 6.507064e+00 5.000000e+00
      vertex   7.100000e+01 6.887482e+00 2.000000e+00
      vertex   7.095096e+01 6.507064e+00 2.000000e+00
    endloop
  endfacet
  facet normal -9.269414e-01 3.752061e-01 0.000000e+00
    outer loop
      vertex   7.095096e+01 6.507064e+00 5.000000e+00
      vertex   7.095096e+01 6.507064e+00 2.000000e+00
      vertex   7.080704e+01 6.151520e+00 5.000000e+00
    endloop
  endfacet
  facet normal -9.269414e-01 3.752061e-01 0.000000e+00
    outer loop
      vertex   7.080704e+01 6.151520e+00 5.000000e+00
      vertex   7.095096e+01 6.507064e+00 2.000000e+00
      vertex   7.080704e+01 6.151520e+00 2.000000e+00
    endloop
  endfacet
  facet normal -8.014791e-01 5.980228e-01 0.000000e+00
    outer loop
      vertex   7.080704e+01 6.151520e+00 5.000000e+00
      vertex   7.080704e+01 6.151520e+00 2.000000e+00
      vertex   7.057766e+01 5.844100e+00 5.000000e+00
    endloop
  endfacet
  facet normal -8.014791e-01 5.980228e-01 0.000000e+00
    outer loop
      vertex   7.057766e+01 5.844100e+00 5.000000e+00
      vertex   7.080704e+01 6.151520e+00 2.000000e+00
      vertex   7.057766e+01 5.844100e+00 2.000000e+00
    endloop
  endfacet
  facet normal -6.236096e-01 7.817360e-01 0.000000e+00
    outer loop
      vertex   7.057766e+01 5.844100e+00 5.000000e+00
      vertex   7.057766e+01 5.844100e+00 2.000000e+00
      vertex   7.027781e+01 5.604904e+00 5.000000e+00
    endloop
  endfacet
  facet normal -6.236096e-01 7.817360e-01 0.000000e+00
    outer loop
      vertex   7.027781e+01 5.604904e+00 5.000000e+00
      vertex   7.057766e+01 5.844100e+00 2.000000e+00
      vertex   7.027781e+01 5.604904e+00 2.000000e+00
    endloop
  endfacet
  facet normal -4.049634e-01 9.143329e-01 0.000000e+00
    outer loop
      vertex   7.027781e+01 5.604904e+00 5.000000e+00
      vertex   7.027781e+01 5.604904e+00 2.000000e+00
      vertex   6.992711e+01 5.449574e+00 5.000000e+00
    endloop
  endfacet
  facet normal -4.049634e-01 9.143329e-01 0.000000e+00
    outer loop
      vertex   6.992711e+01 5.449574e+00 5.000000e+00
      vertex   7.027781e+01 5.604904e+00 2.000000e+00
      vertex   6.992711e+01 5.449574e+00 2.000000e+00
    endloop
  endfacet
  facet normal -1.598375e-01 9.871433e-01 0.000000e+00
    outer loop
      vertex   6.992711e+01 5.449574e+00 5.000000e+00
      vertex   6.992711e+01 5.449574e+00 2.000000e+00
      vertex   6.954847e+01 5.388266e+00 5.000000e+00
    endloop
  endfacet
  facet normal -1.598375e-01 9.871433e-01 0.000000e+00
    outer loop
      vertex   6.954847e+01 5.388266e+00 5.000000e+00
      vertex   6.992711e+01 5.449574e+00 2.000000e+00
      vertex   6.954847e+01 5.388266e+00 2.000000e+00
    endloop
  endfacet
  facet normal 9.573984e-02 9.954064e-01 0.000000e+00
    outer loop
      vertex   6.954847e+01 5.388266e+00 5.000000e+00
      vertex   6.954847e+01 5.388266e+00 2.000000e+00
      vertex   6.916667e+01 5.424988e+00 5.000000e+00
    endloop
  endfacet
  facet normal 9.573984e-02 9.954064e-01 0.000000e+00
    outer loop
      vertex   6.916667e+01 5.424988e+00 5.000000e+00
      vertex   6.954847e+01 5.388266e+00 2.000000e+00
      vertex   6.916667e+01 5.424988e+00 2.000000e+00
    endloop
  endfacet
  facet normal 1.319354e-01 9.912583e-01 0.000000e+00
    outer loop
      vertex   6.916667e+01 5.424988e+00 5.000000e+00
      vertex   6.916667e+01 5.424988e+00 2.000000e+00
      vertex   6.862161e+01 5.497534e+00 5.000000e+00
    endloop
  endfacet
  facet normal 1.319354e-01 9.912583e-01 0.000000e+00
    outer loop
      vertex   6.862161e+01 5.497534e+00 5.000000e+00
      vertex   6.916667e+01 5.424988e+00 2.000000e+00
      vertex   6.862161e+01 5.497534e+00 2.000000e+00
    endloop
  endfacet
  facet normal -5.120031e-02 9.986884e-01 0.000000e+00
    outer loop
      vertex   6.862161e+01 5.497534e+00 5.000000e+00
      vertex   6.862161e+01 5.497534e+00 2.000000e+00
      vertex   6.807248e+01 5.469381e+00 5.000000e+00
    endloop
  endfacet
  facet normal -5.120031e-02 9.986884e-01 0.000000e+00
    outer loop
      vertex   6.807248e+01 5.469381e+00 5.000000e+00
      vertex   6.862161e+01 5.497534e+00 2.000000e+00
      vertex   6.807248e+01 5.469381e+00 2.000000e+00
    endloop
  endfacet
  facet normal -2.326160e-01 9.725687e-01 0.000000e+00
    outer loop
      vertex   6.807248e+01 5.469381e+00 5.000000e+00
      vertex   6.807248e+01 5.469381e+00 2.000000e+00
      vertex   6.753770e+01 5.341475e+00 5.000000e+00
    endloop
  endfacet
  facet normal -2.326160e-01 9.725687e-01 0.000000e+00
    outer loop
      vertex   6.753770e+01 5.341475e+00 5.000000e+00
      vertex   6.807248e+01 5.469381e+00 2.000000e+00
      vertex   6.753770e+01 5.341475e+00 2.000000e+00
    endloop
  endfacet
  facet normal -4.062171e-01 9.137766e-01 0.000000e+00
    outer loop
      vertex   6.753770e+01 5.341475e+00 5.000000e+00
      vertex   6.753770e+01 5.341475e+00 2.000000e+00
      vertex   6.703525e+01 5.118113e+00 5.000000e+00
    endloop
  endfacet
  facet normal -4.062171e-01 9.137766e-01 0.000000e+00
    outer loop
      vertex   6.703525e+01 5.118113e+00 5.000000e+00
      vertex   6.753770e+01 5.341475e+00 2.000000e+00
      vertex   6.703525e+01 5.118113e+00 2.000000e+00
    endloop
  endfacet
  facet normal -5.661719e-01 8.242872e-01 0.000000e+00
    outer loop
      vertex   6.703525e+01 5.118113e+00 5.000000e+00
      vertex   6.703525e+01 5.118113e+00 2.000000e+00
      vertex   6.658201e+01 4.806798e+00 5.000000e+00
    endloop
  endfacet
  facet normal -5.661719e-01 8.242872e-01 2.440380e-16
    outer loop
      vertex   6.658201e+01 4.806798e+00 5.000000e+00
      vertex   6.703525e+01 5.118113e+00 2.000000e+00
      vertex   6.658201e+01 4.806798e+00 2.000000e+00
    endloop
  endfacet
  facet normal -7.071068e-01 7.071068e-01 2.093457e-16
    outer loop
      vertex   6.658201e+01 4.806798e+00 5.000000e+00
      vertex   6.658201e+01 4.806798e+00 2.000000e+00
      vertex   6.619320e+01 4.417989e+00 5.000000e+00
    endloop
  endfacet
  facet normal -7.071068e-01 7.071068e-01 0.000000e+00
    outer loop
      vertex   6.619320e+01 4.417989e+00 5.000000e+00
      vertex   6.658201e+01 4.806798e+00 2.000000e+00
      vertex   6.619320e+01 4.417989e+00 2.000000e+00
    endloop
  endfacet
  facet normal -8.242872e-01 5.661719e-01 0.000000e+00
    outer loop
      vertex   6.619320e+01 4.417989e+00 5.000000e+00
      vertex   6.619320e+01 4.417989e+00 2.000000e+00
      vertex   6.588189e+01 3.964747e+00 5.000000e+00
    endloop
  endfacet
  facet normal -8.242872e-01 5.661719e-01 0.000000e+00
    outer loop
      vertex   6.588189e+01 3.964747e+00 5.000000e+00
      vertex   6.619320e+01 4.417989e+00 2.000000e+00
      vertex   6.588189e+01 3.964747e+00 2.000000e+00
    endloop
  endfacet
  facet normal -9.137766e-01 4.062171e-01 0.000000e+00
    outer loop
      vertex   6.588189e+01 3.964747e+00 5.000000e+00
      vertex   6.588189e+01 3.964747e+00 2.000000e+00
      vertex   6.565852e+01 3.462299e+00 5.000000e+00
    endloop
  endfacet
  facet normal -9.137766e-01 4.062171e-01 0.000000e+00
    outer loop
      vertex   6.565852e+01 3.462299e+00 5.000000e+00
      vertex   6.588189e+01 3.964747e+00 2.000000e+00
      vertex   6.565852e+01 3.462299e+00 2.000000e+00
    endloop
  endfacet
  facet normal -9.725687e-01 2.326160e-01 0.000000e+00
    outer loop
      vertex   6.565852e+01 3.462299e+00 5.000000e+00
      vertex   6.565852e+01 3.462299e+00 2.000000e+00
      vertex   6.553062e+01 2.927523e+00 5.000000e+00
    endloop
  endfacet
  facet normal -9.725687e-01 2.326160e-01 0.000000e+00
    outer loop
      vertex   6.553062e+01 2.927523e+00 5.000000e+00
      vertex   6.565852e+01 3.462299e+00 2.000000e+00
      vertex   6.553062e+01 2.927523e+00 2.000000e+00
    endloop
  endfacet
  facet normal -9.986884e-01 5.120031e-02 0.000000e+00
    outer loop
      vertex   6.553062e+01 2.927523e+00 5.000000e+00
      vertex   6.553062e+01 2.927523e+00 2.000000e+00
      vertex   6.550247e+01 2.378386e+00 5.000000e+00
    endloop
  endfacet
  facet normal -9.986884e-01 5.120031e-02 0.000000e+00
    outer loop
      vertex   6.550247e+01 2.378386e+00 5.000000e+00
      vertex   6.553062e+01 2.927523e+00 2.000000e+00
      vertex   6.550247e+01 2.378386e+00 2.000000e+00
    endloop
  endfacet
  facet normal -9.912583e-01 -1.319354e-01 -0.000000e+00
    outer loop
      vertex   6.550247e+01 2.378386e+00 5.000000e+00
      vertex   6.550247e+01 2.378386e+00 2.000000e+00
      vertex   6.557501e+01 1.833333e+00 5.000000e+00
    endloop
  endfacet
  facet normal -9.912583e-01 -1.319354e-01 -0.000000e+00
    outer loop
      vertex   6.557501e+01 1.833333e+00 5.000000e+00
      vertex   6.550247e+01 2.378386e+00 2.000000e+00
      vertex   6.557501e+01 1.833333e+00 2.000000e+00
    endloop
  endfacet
  facet normal -9.954064e-01 -9.573984e-02 -0.000000e+00
    outer loop
      vertex   6.557501e+01 1.833333e+00 5.000000e+00
      vertex   6.557501e+01 1.833333e+00 2.000000e+00
      vertex   6.561173e+01 1.451529e+00 5.000000e+00
    endloop
  endfacet
  facet normal -9.954064e-01 -9.573984e-02 -0.000000e+00
    outer loop
      vertex   6.561173e+01 1.451529e+00 5.000000e+00
      vertex   6.557501e+01 1.833333e+00 2.000000e+00
      vertex   6.561173e+01 1.451529e+00 2.000000e+00
    endloop
  endfacet
  facet normal -9.871433e-01 1.598375e-01 0.000000e+00
    outer loop
      vertex   6.561173e+01 1.451529e+00 5.000000e+00
      vertex   6.561173e+01 1.451529e+00 2.000000e+00
      vertex   6.555043e+01 1.072894e+00 5.000000e+00
    endloop
  endfacet
  facet normal -9.871433e-01 1.598375e-01 0.000000e+00
    outer loop
      vertex   6.555043e+01 1.072894e+00 5.000000e+00
      vertex   6.561173e+01 1.451529e+00 2.000000e+00
      vertex   6.555043e+01 1.072894e+00 2.000000e+00
    endloop
  endfacet
  facet normal -9.143329e-01 4.049634e-01 0.000000e+00
    outer loop
      vertex   6.555043e+01 1.072894e+00 5.000000e+00
      vertex   6.555043e+01 1.072894e+00 2.000000e+00
      vertex   6.539510e+01 7.221866e-01 5.000000e+00
    endloop
  endfacet
  facet normal -9.143329e-01 4.049634e-01 0.000000e+00
    outer loop
      vertex   6.539510e+01 7.221866e-01 5.000000e+00
      vertex   6.555043e+01 1.072894e+00 2.000000e+00
      vertex   6.539510e+01 7.221866e-01 2.000000e+00
    endloop
  endfacet
  facet normal -7.817360e-01 6.236096e-01 0.000000e+00
    outer loop
      vertex   6.539510e+01 7.221866e-01 5.000000e+00
      vertex   6.539510e+01 7.221866e-01 2.000000e+00
      vertex   6.515590e+01 4.223390e-01 5.000000e+00
    endloop
  endfacet
  facet normal -7.817360e-01 6.236096e-01 0.000000e+00
    outer loop
      vertex   6.515590e+01 4.223390e-01 5.000000e+00
      vertex   6.539510e+01 7.221866e-01 2.000000e+00
      vertex   6.515590e+01 4.223390e-01 2.000000e+00
    endloop
  endfacet
  facet normal -5.980228e-01 8.014791e-01 0.000000e+00
    outer loop
      vertex   6.515590e+01 4.223390e-01 5.000000e+00
      vertex   6.515590e+01 4.223390e-01 2.000000e+00
      vertex   6.484848e+01 1.929575e-01 5.000000e+00
    endloop
  endfacet
  facet normal -5.980228e-01 8.014791e-01 0.000000e+00
    outer loop
      vertex   6.484848e+01 1.929575e-01 5.000000e+00
      vertex   6.515590e+01 4.223390e-01 2.000000e+00
      vertex   6.484848e+01 1.929575e-01 2.000000e+00
    endloop
  endfacet
  facet normal -3.752061e-01 9.269414e-01 0.000000e+00
    outer loop
      vertex   6.484848e+01 1.929575e-01 5.000000e+00
      vertex   6.484848e+01 1.929575e-01 2.000000e+00
      vertex   6.449294e+01 4.904105e-02 5.000000e+00
    endloop
  endfacet
  facet normal -3.752061e-01 9.269414e-01 0.000000e+00
    outer loop
      vertex   6.449294e+01 4.904105e-02 5.000000e+00
      vertex   6.484848e+01 1.929575e-01 2.000000e+00
      vertex   6.449294e+01 4.904105e-02 2.000000e+00
    endloop
  endfacet
  facet normal -1.278555e-01 9.917928e-01 0.000000e+00
    outer loop
      vertex   6.449294e+01 4.904105e-02 5.000000e+00
      vertex   6.449294e+01 4.904105e-02 2.000000e+00
      vertex   6.411252e+01 0.000000e+00 5.000000e+00
    endloop
  endfacet
  facet normal -1.278555e-01 9.917928e-01 0.000000e+00
    outer loop
      vertex   6.411252e+01 0.000000e+00 5.000000e+00
      vertex   6.449294e+01 4.904105e-02 2.000000e+00
      vertex   6.411252e+01 0.000000e+00 2.000000e+00
    endloop
  endfacet
  facet normal 0.000000e+00 1.000000e+00 -0.000000e+00
    outer loop
      vertex   7.100000e+01 0.000000e+00 5.000000e+00
      vertex   6.411252e+01 0.000000e+00 5.000000e+00
      vertex   7.100000e+01 0.000000e+00 2.200000e+01
    endloop
  endfacet
  facet normal 0.000000e+00 1.000000e+00 0.000000e+00
    outer loop
      vertex   7.100000e+01 0.000000e+00 2.200000e+01
      vertex   6.411252e+01 0.000000e+00 5.000000e+00
      vertex   6.887482e+00 0.000000e+00 5.000000e+00
    endloop
  endfacet
  facet normal 0.000000e+00 1.000000e+00 0.000000e+00
    outer loop
      vertex   7.100000e+01 0.000000e+00 2.200000e+01
      vertex   6.887482e+00 0.000000e+00 5.000000e+00
      vertex   0.000000e+00 0.000000e+00 2.200000e+01
    endloop
  endfacet
  facet normal 0.000000e+00 1.000000e+00 0.000000e+00
    outer loop
      vertex   0.000000e+00 0.000000e+00 2.200000e+01
      vertex   6.887482e+00 0.000000e+00 5.000000e+00
      vertex   0.000000e+00 0.000000e+00 5.000000e+00
    endloop
  endfacet
  facet normal 0.000000e+00 1.000000e+00 -0.000000e+00
    outer loop
      vertex   6.411252e+01 0.000000e+00 2.000000e+00
      vertex   6.887482e+00 0.000000e+00 2.000000e+00
      vertex   6.411252e+01 0.000000e+00 5.000000e+00
    endloop
  endfacet
  facet normal 0.000000e+00 1.000000e+00 0.000000e+00
    outer loop
      vertex   6.411252e+01 0.000000e+00 5.000000e+00
      vertex   6.887482e+00 0.000000e+00 2.000000e+00
      vertex   6.887482e+00 0.000000e+00 5.000000e+00
    endloop
  endfacet
  facet normal 1.278555e-01 9.917928e-01 0.000000e+00
    outer loop
      vertex   6.887482e+00 0.000000e+00 5.000000e+00
      vertex   6.887482e+00 0.000000e+00 2.000000e+00
      vertex   6.507064e+00 4.904105e-02 5.000000e+00
    endloop
  endfacet
  facet normal 1.278555e-01 9.917928e-01 0.000000e+00
    outer loop
      vertex   6.507064e+00 4.904105e-02 5.000000e+00
      vertex   6.887482e+00 0.000000e+00 2.000000e+00
      vertex   6.507064e+00 4.904105e-02 2.000000e+00
    endloop
  endfacet
  facet normal 3.752061e-01 9.269414e-01 0.000000e+00
    outer loop
      vertex   6.507064e+00 4.904105e-02 5.000000e+00
      vertex   6.507064e+00 4.904105e-02 2.000000e+00
      vertex   6.151520e+00 1.929575e-01 5.000000e+00
    endloop
  endfacet
  facet normal 3.752061e-01 9.269414e-01 0.000000e+00
    outer loop
      vertex   6.151520e+00 1.929575e-01 5.000000e+00
      vertex   6.507064e+00 4.904105e-02 2.000000e+00
      vertex   6.151520e+00 1.929575e-01 2.000000e+00
    endloop
  endfacet
  facet normal 5.980228e-01 8.014791e-01 0.000000e+00
    outer loop
      vertex   6.151520e+00 1.929575e-01 5.000000e+00
      vertex   6.151520e+00 1.929575e-01 2.000000e+00
      vertex   5.844100e+00 4.223390e-01 5.000000e+00
    endloop
  endfacet
  facet normal 5.980228e-01 8.014791e-01 0.000000e+00
    outer loop
      vertex   5.844100e+00 4.223390e-01 5.000000e+00
      vertex   6.151520e+00 1.929575e-01 2.000000e+00
      vertex   5.844100e+00 4.223390e-01 2.000000e+00
    endloop
  endfacet
  facet normal 7.817360e-01 6.236096e-01 0.000000e+00
    outer loop
      vertex   5.844100e+00 4.223390e-01 5.000000e+00
      vertex   5.844100e+00 4.223390e-01 2.000000e+00
      vertex   5.604904e+00 7.221866e-01 5.000000e+00
    endloop
  endfacet
  facet normal 7.817360e-01 6.236096e-01 0.000000e+00
    outer loop
      vertex   5.604904e+00 7.221866e-01 5.000000e+00
      vertex   5.844100e+00 4.223390e-01 2.000000e+00
      vertex   5.604904e+00 7.221866e-01 2.000000e+00
    endloop
  endfacet
  facet normal 9.143329e-01 4.049634e-01 0.000000e+00
    outer loop
      vertex   5.604904e+00 7.221866e-01 5.000000e+00
      vertex   5.604904e+00 7.221866e-01 2.000000e+00
      vertex   5.449574e+00 1.072894e+00 5.000000e+00
    endloop
  endfacet
  facet normal 9.143329e-01 4.049634e-01 0.000000e+00
    outer loop
      vertex   5.449574e+00 1.072894e+00 5.000000e+00
      vertex   5.604904e+00 7.221866e-01 2.000000e+00
      vertex   5.449574e+00 1.072894e+00 2.000000e+00
    endloop
  endfacet
  facet normal 9.871433e-01 1.598375e-01 0.000000e+00
    outer loop
      vertex   5.449574e+00 1.072894e+00 5.000000e+00
      vertex   5.449574e+00 1.072894e+00 2.000000e+00
      vertex   5.388266e+00 1.451529e+00 5.000000e+00
    endloop
  endfacet
  facet normal 9.871433e-01 1.598375e-01 0.000000e+00
    outer loop
      vertex   5.388266e+00 1.451529e+00 5.000000e+00
      vertex   5.449574e+00 1.072894e+00 2.000000e+00
      vertex   5.388266e+00 1.451529e+00 2.000000e+00
    endloop
  endfacet
  facet normal 9.954064e-01 -9.573984e-02 0.000000e+00
    outer loop
      vertex   5.388266e+00 1.451529e+00 5.000000e+00
      vertex   5.388266e+00 1.451529e+00 2.000000e+00
      vertex   5.424988e+00 1.833333e+00 5.000000e+00
    endloop
  endfacet
  facet normal 9.954064e-01 -9.573984e-02 0.000000e+00
    outer loop
      vertex   5.424988e+00 1.833333e+00 5.000000e+00
      vertex   5.388266e+00 1.451529e+00 2.000000e+00
      vertex   5.424988e+00 1.833333e+00 2.000000e+00
    endloop
  endfacet
  facet normal 9.912583e-01 -1.319354e-01 0.000000e+00
    outer loop
      vertex   5.424988e+00 1.833333e+00 5.000000e+00
      vertex   5.424988e+00 1.833333e+00 2.000000e+00
      vertex   5.497534e+00 2.378386e+00 5.000000e+00
    endloop
  endfacet
  facet normal 9.912583e-01 -1.319354e-01 -9.765179e-17
    outer loop
      vertex   5.497534e+00 2.378386e+00 5.000000e+00
      vertex   5.424988e+00 1.833333e+00 2.000000e+00
      vertex   5.497534e+00 2.378386e+00 2.000000e+00
    endloop
  endfacet
  facet normal 9.986884e-01 5.120031e-02 3.789584e-17
    outer loop
      vertex   5.497534e+00 2.378386e+00 5.000000e+00
      vertex   5.497534e+00 2.378386e+00 2.000000e+00
      vertex   5.469381e+00 2.927523e+00 5.000000e+00
    endloop
  endfacet
  facet normal 9.986884e-01 5.120031e-02 3.789584e-17
    outer loop
      vertex   5.469381e+00 2.927523e+00 5.000000e+00
      vertex   5.497534e+00 2.378386e+00 2.000000e+00
      vertex   5.469381e+00 2.927523e+00 2.000000e+00
    endloop
  endfacet
  facet normal 9.725687e-01 2.326160e-01 1.721704e-16
    outer loop
      vertex   5.469381e+00 2.927523e+00 5.000000e+00
      vertex   5.469381e+00 2.927523e+00 2.000000e+00
      vertex   5.341475e+00 3.462299e+00 5.000000e+00
    endloop
  endfacet
  facet normal 9.725687e-01 2.326160e-01 1.377363e-16
    outer loop
      vertex   5.341475e+00 3.462299e+00 5.000000e+00
      vertex   5.469381e+00 2.927523e+00 2.000000e+00
      vertex   5.341475e+00 3.462299e+00 2.000000e+00
    endloop
  endfacet
  facet normal 9.137766e-01 4.062171e-01 2.405289e-16
    outer loop
      vertex   5.341475e+00 3.462299e+00 5.000000e+00
      vertex   5.341475e+00 3.462299e+00 2.000000e+00
      vertex   5.118113e+00 3.964747e+00 5.000000e+00
    endloop
  endfacet
  facet normal 9.137766e-01 4.062171e-01 -3.000334e-17
    outer loop
      vertex   5.118113e+00 3.964747e+00 5.000000e+00
      vertex   5.341475e+00 3.462299e+00 2.000000e+00
      vertex   5.118113e+00 3.964747e+00 2.000000e+00
    endloop
  endfacet
  facet normal 8.242872e-01 5.661719e-01 9.120309e-17
    outer loop
      vertex   5.118113e+00 3.964747e+00 5.000000e+00
      vertex   5.118113e+00 3.964747e+00 2.000000e+00
      vertex   4.806798e+00 4.417989e+00 5.000000e+00
    endloop
  endfacet
  facet normal 8.242872e-01 5.661719e-01 9.120309e-17
    outer loop
      vertex   4.806798e+00 4.417989e+00 5.000000e+00
      vertex   5.118113e+00 3.964747e+00 2.000000e+00
      vertex   4.806798e+00 4.417989e+00 2.000000e+00
    endloop
  endfacet
  facet normal 7.071068e-01 7.071068e-01 2.093457e-16
    outer loop
      vertex   4.806798e+00 4.417989e+00 5.000000e+00
      vertex   4.806798e+00 4.417989e+00 2.000000e+00
      vertex   4.417989e+00 4.806798e+00 5.000000e+00
    endloop
  endfacet
  facet normal 7.071068e-01 7.071068e-01 2.093457e-16
    outer loop
      vertex   4.417989e+00 4.806798e+00 5.000000e+00
      vertex   4.806798e+00 4.417989e+00 2.000000e+00
      vertex   4.417989e+00 4.806798e+00 2.000000e+00
    endloop
  endfacet
  facet normal 5.661719e-01 8.242872e-01 2.440380e-16
    outer loop
      vertex   4.417989e+00 4.806798e+00 5.000000e+00
      vertex   4.417989e+00 4.806798e+00 2.000000e+00
      vertex   3.964747e+00 5.118113e+00 5.000000e+00
    endloop
  endfacet
  facet normal 5.661719e-01 8.242872e-01 -1.676206e-16
    outer loop
      vertex   3.964747e+00 5.118113e+00 5.000000e+00
      vertex   4.417989e+00 4.806798e+00 2.000000e+00
      vertex   3.964747e+00 5.118113e+00 2.000000e+00
    endloop
  endfacet
  facet normal 4.062171e-01 9.137766e-01 -1.202644e-16
    outer loop
      vertex   3.964747e+00 5.118113e+00 5.000000e+00
      vertex   3.964747e+00 5.118113e+00 2.000000e+00
      vertex   3.462299e+00 5.341475e+00 5.000000e+00
    endloop
  endfacet
  facet normal 4.062171e-01 9.137766e-01 0.000000e+00
    outer loop
      vertex   3.462299e+00 5.341475e+00 5.000000e+00
      vertex   3.964747e+00 5.118113e+00 2.000000e+00
      vertex   3.462299e+00 5.341475e+00 2.000000e+00
    endloop
  endfacet
  facet normal 2.326160e-01 9.725687e-01 0.000000e+00
    outer loop
      vertex   3.462299e+00 5.341475e+00 5.000000e+00
      vertex   3.462299e+00 5.341475e+00 2.000000e+00
      vertex   2.927523e+00 5.469381e+00 5.000000e+00
    endloop
  endfacet
  facet normal 2.326160e-01 9.725687e-01 0.000000e+00
    outer loop
      vertex   2.927523e+00 5.469381e+00 5.000000e+00
      vertex   3.462299e+00 5.341475e+00 2.000000e+00
      vertex   2.927523e+00 5.469381e+00 2.000000e+00
    endloop
  endfacet
  facet normal 5.120031e-02 9.986884e-01 0.000000e+00
    outer loop
      vertex   2.927523e+00 5.469381e+00 5.000000e+00
      vertex   2.927523e+00 5.469381e+00 2.000000e+00
      vertex   2.378386e+00 5.497534e+00 5.000000e+00
    endloop
  endfacet
  facet normal 5.120031e-02 9.986884e-01 0.000000e+00
    outer loop
      vertex   2.378386e+00 5.497534e+00 5.000000e+00
      vertex   2.927523e+00 5.469381e+00 2.000000e+00
      vertex   2.378386e+00 5.497534e+00 2.000000e+00
    endloop
  endfacet
  facet normal -1.319354e-01 9.912583e-01 0.000000e+00
    outer loop
      vertex   2.378386e+00 5.497534e+00 5.000000e+00
      vertex   2.378386e+00 5.497534e+00 2.000000e+00
      vertex   1.833333e+00 5.424988e+00 5.000000e+00
    endloop
  endfacet
  facet normal -1.319354e-01 9.912583e-01 0.000000e+00
    outer loop
      vertex   1.833333e+00 5.424988e+00 5.000000e+00
      vertex   2.378386e+00 5.497534e+00 2.000000e+00
      vertex   1.833333e+00 5.424988e+00 2.000000e+00
    endloop
  endfacet
  facet normal -9.573984e-02 9.954064e-01 0.000000e+00
    outer loop
      vertex   1.833333e+00 5.424988e+00 5.000000e+00
      vertex   1.833333e+00 5.424988e+00 2.000000e+00
      vertex   1.451529e+00 5.388266e+00 5.000000e+00
    endloop
  endfacet
  facet normal -9.573984e-02 9.954064e-01 0.000000e+00
    outer loop
      vertex   1.451529e+00 5.388266e+00 5.000000e+00
      vertex   1.833333e+00 5.424988e+00 2.000000e+00
      vertex   1.451529e+00 5.388266e+00 2.000000e+00
    endloop
  endfacet
  facet normal 1.598375e-01 9.871433e-01 0.000000e+00
    outer loop
      vertex   1.451529e+00 5.388266e+00 5.000000e+00
      vertex   1.451529e+00 5.388266e+00 2.000000e+00
      vertex   1.072894e+00 5.449574e+00 5.000000e+00
    endloop
  endfacet
  facet normal 1.598375e-01 9.871433e-01 0.000000e+00
    outer loop
      vertex   1.072894e+00 5.449574e+00 5.000000e+00
      vertex   1.451529e+00 5.388266e+00 2.000000e+00
      vertex   1.072894e+00 5.449574e+00 2.000000e+00
    endloop
  endfacet
  facet normal 4.049634e-01 9.143329e-01 0.000000e+00
    outer loop
      vertex   1.072894e+00 5.449574e+00 5.000000e+00
      vertex   1.072894e+00 5.449574e+00 2.000000e+00
      vertex   7.221866e-01 5.604904e+00 5.000000e+00
    endloop
  endfacet
  facet normal 4.049634e-01 9.143329e-01 0.000000e+00
    outer loop
      vertex   7.221866e-01 5.604904e+00 5.000000e+00
      vertex   1.072894e+00 5.449574e+00 2.000000e+00
      vertex   7.221866e-01 5.604904e+00 2.000000e+00
    endloop
  endfacet
  facet normal 6.236096e-01 7.817360e-01 0.000000e+00
    outer loop
      vertex   7.221866e-01 5.604904e+00 5.000000e+00
      vertex   7.221866e-01 5.604904e+00 2.000000e+00
      vertex   4.223390e-01 5.844100e+00 5.000000e+00
    endloop
  endfacet
  facet normal 6.236096e-01 7.817360e-01 0.000000e+00
    outer loop
      vertex   4.223390e-01 5.844100e+00 5.000000e+00
      vertex   7.221866e-01 5.604904e+00 2.000000e+00
      vertex   4.223390e-01 5.844100e+00 2.000000e+00
    endloop
  endfacet
  facet normal 8.014791e-01 5.980228e-01 0.000000e+00
    outer loop
      vertex   4.223390e-01 5.844100e+00 5.000000e+00
      vertex   4.223390e-01 5.844100e+00 2.000000e+00
      vertex   1.929575e-01 6.151520e+00 5.000000e+00
    endloop
  endfacet
  facet normal 8.014791e-01 5.980228e-01 0.000000e+00
    outer loop
      vertex   1.929575e-01 6.151520e+00 5.000000e+00
      vertex   4.223390e-01 5.844100e+00 2.000000e+00
      vertex   1.929575e-01 6.151520e+00 2.000000e+00
    endloop
  endfacet
  facet normal 9.269414e-01 3.752061e-01 0.000000e+00
    outer loop
      vertex   1.929575e-01 6.151520e+00 5.000000e+00
      vertex   1.929575e-01 6.151520e+00 2.000000e+00
      vertex   4.904105e-02 6.507064e+00 5.000000e+00
    endloop
  endfacet
  facet normal 9.269414e-01 3.752061e-01 0.000000e+00
    outer loop
      vertex   4.904105e-02 6.507064e+00 5.000000e+00
      vertex   1.929575e-01 6.151520e+00 2.000000e+00
      vertex   4.904105e-02 6.507064e+00 2.000000e+00
    endloop
  endfacet
  facet normal 9.917928e-01 1.278555e-01 0.000000e+00
    outer loop
      vertex   4.904105e-02 6.507064e+00 5.000000e+00
      vertex   4.904105e-02 6.507064e+00 2.000000e+00
      vertex   0.000000e+00 6.887482e+00 5.000000e+00
    endloop
  endfacet
  facet normal 9.917928e-01 1.278555e-01 0.000000e+00
    outer loop
      vertex   0.000000e+00 6.887482e+00 5.000000e+00
      vertex   4.904105e-02 6.507064e+00 2.000000e+00
      vertex   0.000000e+00 6.887482e+00 2.000000e+00
    endloop
  endfacet
  facet normal -0.000000e+00 0.000000e+00 -1.000000e+00
    outer loop
      vertex   7.296593e+01 -1.258819e+00 0.000000e+00
      vertex   7.200000e+01 -2.000000e+00 0.000000e+00
      vertex   7.300000e+01 -1.000000e+00 0.000000e+00
    endloop
  endfacet
  facet normal 0.000000e+00 0.000000e+00 -1.000000e+00
    outer loop
      vertex   7.300000e+01 -1.000000e+00 0.000000e+00
      vertex   7.200000e+01 -2.000000e+00 0.000000e+00
      vertex   -1.000000e+00 -2.000000e+00 0.000000e+00
    endloop
  endfacet
  facet normal -0.000000e+00 0.000000e+00 -1.000000e+00
    outer loop
      vertex   7.300000e+01 -1.000000e+00 0.000000e+00
      vertex   -1.000000e+00 -2.000000e+00 0.000000e+00
      vertex   -2.000000e+00 -1.000000e+00 0.000000e+00
    endloop
  endfacet
  facet normal 0.000000e+00 0.000000e+00 -1.000000e+00
    outer loop
      vertex   -2.000000e+00 -1.000000e+00 0.000000e+00
      vertex   -1.000000e+00 -2.000000e+00 0.000000e+00
      vertex   -1.965926e+00 -1.258819e+00 0.000000e+00
    endloop
  endfacet
  facet normal 0.000000e+00 0.000000e+00 -1.000000e+00
    outer loop
      vertex   -1.965926e+00 -1.258819e+00 0.000000e+00
      vertex   -1.000000e+00 -2.000000e+00 0.000000e+00
      vertex   -1.866025e+00 -1.500000e+00 0.000000e+00
    endloop
  endfacet
  facet normal 0.000000e+00 0.000000e+00 -1.000000e+00
    outer loop
      vertex   -1.866025e+00 -1.500000e+00 0.000000e+00
      vertex   -1.000000e+00 -2.000000e+00 0.000000e+00
      vertex   -1.707107e+00 -1.707107e+00 0.000000e+00
    endloop
  endfacet
  facet normal 0.000000e+00 0.000000e+00 -1.000000e+00
    outer loop
      vertex   -1.707107e+00 -1.707107e+00 0.000000e+00
      vertex   -1.000000e+00 -2.000000e+00 0.000000e+00
      vertex   -1.500000e+00 -1.866025e+00 0.000000e+00
    endloop
  endfacet
  facet normal 0.000000e+00 0.000000e+00 -1.000000e+00
    outer loop
      vertex   -1.500000e+00 -1.866025e+00 0.000000e+00
      vertex   -1.000000e+00 -2.000000e+00 0.000000e+00
      vertex   -1.258819e+00 -1.965926e+00 0.000000e+00
    endloop
  endfacet
  facet normal 0.000000e+00 0.000000e+00 -1.000000e+00
    outer loop
      vertex   7.296593e+01 -1.258819e+00 0.000000e+00
      vertex   7.286603e+01 -1.500000e+00 0.000000e+00
      vertex   7.200000e+01 -2.000000e+00 0.000000e+00
    endloop
  endfacet
  facet normal 0.000000e+00 0.000000e+00 -1.000000e+00
    outer loop
      vertex   7.200000e+01 -2.000000e+00 0.000000e+00
      vertex   7.286603e+01 -1.500000e+00 0.000000e+00
      vertex   7.270711e+01 -1.707107e+00 0.000000e+00
    endloop
  endfacet
  facet normal 0.000000e+00 0.000000e+00 -1.000000e+00
    outer loop
      vertex   7.200000e+01 -2.000000e+00 0.000000e+00
      vertex   7.270711e+01 -1.707107e+00 0.000000e+00
      vertex   7.250000e+01 -1.866025e+00 0.000000e+00
    endloop
  endfacet
  facet normal 0.000000e+00 0.000000e+00 -1.000000e+00
    outer loop
      vertex   7.250000e+01 -1.866025e+00 0.000000e+00
      vertex   7.225882e+01 -1.965926e+00 0.000000e+00
      vertex   7.200000e+01 -2.000000e+00 0.000000e+00
    endloop
  endfacet
  facet normal 0.000000e+00 0.000000e+00 -1.000000e+00
    outer loop
      vertex   7.300000e+01 -1.000000e+00 0.000000e+00
      vertex   -2.000000e+00 -1.000000e+00 0.000000e+00
      vertex   7.300000e+01 3.200000e+01 0.000000e+00
    endloop
  endfacet
  facet normal -0.000000e+00 0.000000e+00 -1.000000e+00
    outer loop
      vertex   7.300000e+01 3.200000e+01 0.000000e+00
      vertex   -2.000000e+00 -1.000000e+00 0.000000e+00
      vertex   -2.000000e+00 3.200000e+01 0.000000e+00
    endloop
  endfacet
  facet normal 0.000000e+00 0.000000e+00 -1.000000e+00
    outer loop
      vertex   7.300000e+01 3.200000e+01 0.000000e+00
      vertex   -2.000000e+00 3.200000e+01 0.000000e+00
      vertex   7.200000e+01 3.300000e+01 0.000000e+00
    endloop
  endfacet
  facet normal -0.000000e+00 0.000000e+00 -1.000000e+00
    outer loop
      vertex   7.200000e+01 3.300000e+01 0.000000e+00
      vertex   -2.000000e+00 3.200000e+01 0.000000e+00
      vertex   -1.000000e+00 3.300000e+01 0.000000e+00
    endloop
  endfacet
  facet normal 0.000000e+00 0.000000e+00 -1.000000e+00
    outer loop
      vertex   -1.000000e+00 3.300000e+01 0.000000e+00
      vertex   -2.000000e+00 3.200000e+01 0.000000e+00
      vertex   -1.965926e+00 3.225882e+01 0.000000e+00
    endloop
  endfacet
  facet normal 0.000000e+00 0.000000e+00 -1.000000e+00
    outer loop
      vertex   -1.000000e+00 3.300000e+01 0.000000e+00
      vertex   -1.965926e+00 3.225882e+01 0.000000e+00
      vertex   -1.866025e+00 3.250000e+01 0.000000e+00
    endloop
  endfacet
  facet normal 0.000000e+00 0.000000e+00 -1.000000e+00
    outer loop
      vertex   -1.866025e+00 3.250000e+01 0.000000e+00
      vertex   -1.707107e+00 3.270711e+01 0.000000e+00
      vertex   -1.000000e+00 3.300000e+01 0.000000e+00
    endloop
  endfacet
  facet normal 0.000000e+00 0.000000e+00 -1.000000e+00
    outer loop
      vertex   -1.000000e+00 3.300000e+01 0.000000e+00
      vertex   -1.707107e+00 3.270711e+01 0.000000e+00
      vertex   -1.500000e+00 3.286603e+01 0.000000e+00
    endloop
  endfacet
  facet normal 0.000000e+00 0.000000e+00 -1.000000e+00
    outer loop
      vertex   -1.000000e+00 3.300000e+01 0.000000e+00
      vertex   -1.500000e+00 3.286603e+01 0.000000e+00
      vertex   -1.258819e+00 3.296593e+01 0.000000e+00
    endloop
  endfacet
  facet normal -0.000000e+00 -0.000000e+00 -1.000000e+00
    outer loop
      vertex   7.225882e+01 3.296593e+01 0.000000e+00
      vertex   7.250000e+01 3.286603e+01 0.000000e+00
      vertex   7.200000e+01 3.300000e+01 0.000000e+00
    endloop
  endfacet
  facet normal 0.000000e+00 0.000000e+00 -1.000000e+00
    outer loop
      vertex   7.200000e+01 3.300000e+01 0.000000e+00
      vertex   7.250000e+01 3.286603e+01 0.000000e+00
      vertex   7.270711e+01 3.270711e+01 0.000000e+00
    endloop
  endfacet
  facet normal 0.000000e+00 0.000000e+00 -1.000000e+00
    outer loop
      vertex   7.200000e+01 3.300000e+01 0.000000e+00
      vertex   7.270711e+01 3.270711e+01 0.000000e+00
      vertex   7.286603e+01 3.250000e+01 0.000000e+00
    endloop
  endfacet
  facet normal -0.000000e+00 -0.000000e+00 -1.000000e+00
    outer loop
      vertex   7.286603e+01 3.250000e+01 0.000000e+00
      vertex   7.296593e+01 3.225882e+01 0.000000e+00
      vertex   7.200000e+01 3.300000e+01 0.000000e+00
    endloop
  endfacet
  facet normal 0.000000e+00 0.000000e+00 -1.000000e+00
    outer loop
      vertex   7.200000e+01 3.300000e+01 0.000000e+00
      vertex   7.296593e+01 3.225882e+01 0.000000e+00
      vertex   7.300000e+01 3.200000e+01 0.000000e+00
    endloop
  endfacet
  facet normal 0.000000e+00 1.000000e+00 -0.000000e+00
    outer loop
      vertex   7.200000e+01 3.300000e+01 0.000000e+00
      vertex   -1.000000e+00 3.300000e+01 0.000000e+00
      vertex   7.200000e+01 3.300000e+01 2.300000e+01
    endloop
  endfacet
  facet normal 0.000000e+00 1.000000e+00 0.000000e+00
    outer loop
      vertex   7.200000e+01 3.300000e+01 2.300000e+01
      vertex   -1.000000e+00 3.300000e+01 0.000000e+00
      vertex   -1.000000e+00 3.300000e+01 2.300000e+01
    endloop
  endfacet
  facet normal 1.000000e+00 0.000000e+00 -0.000000e+00
    outer loop
      vertex   7.300000e+01 -1.000000e+00 0.000000e+00
      vertex   7.300000e+01 3.200000e+01 0.000000e+00
      vertex   7.300000e+01 -1.000000e+00 2.300000e+01
    endloop
  endfacet
  facet normal 1.000000e+00 -0.000000e+00 0.000000e+00
    outer loop
      vertex   7.300000e+01 -1.000000e+00 2.300000e+01
      vertex   7.300000e+01 3.200000e+01 0.000000e+00
      vertex   7.300000e+01 3.200000e+01 2.300000e+01
    endloop
  endfacet
  facet normal -9.914449e-01 1.305262e-01 0.000000e+00
    outer loop
      vertex   6.990059e+01 2.124712e+00 2.000000e+00
      vertex   6.990059e+01 2.124712e+00 5.000000e+00
      vertex   6.995000e+01 2.500000e+00 2.000000e+00
    endloop
  endfacet
  facet normal -9.914449e-01 1.305262e-01 0.000000e+00
    outer loop
      vertex   6.995000e+01 2.500000e+00 2.000000e+00
      vertex   6.990059e+01 2.124712e+00 5.000000e+00
      vertex   6.995000e+01 2.500000e+00 5.000000e+00
    endloop
  endfacet
  facet normal -9.914449e-01 -1.305262e-01 0.000000e+00
    outer loop
      vertex   6.995000e+01 2.500000e+00 2.000000e+00
      vertex   6.995000e+01 2.500000e+00 5.000000e+00
      vertex   6.990059e+01 2.875288e+00 2.000000e+00
    endloop
  endfacet
  facet normal -9.914449e-01 -1.305262e-01 0.000000e+00
    outer loop
      vertex   6.990059e+01 2.875288e+00 2.000000e+00
      vertex   6.995000e+01 2.500000e+00 5.000000e+00
      vertex   6.990059e+01 2.875288e+00 5.000000e+00
    endloop
  endfacet
  facet normal -9.238795e-01 -3.826834e-01 0.000000e+00
    outer loop
      vertex   6.990059e+01 2.875288e+00 2.000000e+00
      vertex   6.990059e+01 2.875288e+00 5.000000e+00
      vertex   6.975574e+01 3.225000e+00 2.000000e+00
    endloop
  endfacet
  facet normal -9.238795e-01 -3.826834e-01 0.000000e+00
    outer loop
      vertex   6.975574e+01 3.225000e+00 2.000000e+00
      vertex   6.990059e+01 2.875288e+00 5.000000e+00
      vertex   6.975574e+01 3.225000e+00 5.000000e+00
    endloop
  endfacet
  facet normal -7.933533e-01 -6.087614e-01 0.000000e+00
    outer loop
      vertex   6.975574e+01 3.225000e+00 2.000000e+00
      vertex   6.975574e+01 3.225000e+00 5.000000e+00
      vertex   6.952530e+01 3.525305e+00 2.000000e+00
    endloop
  endfacet
  facet normal -7.933533e-01 -6.087614e-01 0.000000e+00
    outer loop
      vertex   6.952530e+01 3.525305e+00 2.000000e+00
      vertex   6.975574e+01 3.225000e+00 5.000000e+00
      vertex   6.952530e+01 3.525305e+00 5.000000e+00
    endloop
  endfacet
  facet normal -6.087614e-01 -7.933533e-01 0.000000e+00
    outer loop
      vertex   6.952530e+01 3.525305e+00 2.000000e+00
      vertex   6.952530e+01 3.525305e+00 5.000000e+00
      vertex   6.922500e+01 3.755737e+00 2.000000e+00
    endloop
  endfacet
  facet normal -6.087614e-01 -7.933533e-01 0.000000e+00
    outer loop
      vertex   6.922500e+01 3.755737e+00 2.000000e+00
      vertex   6.952530e+01 3.525305e+00 5.000000e+00
      vertex   6.922500e+01 3.755737e+00 5.000000e+00
    endloop
  endfacet
  facet normal -3.826834e-01 -9.238795e-01 0.000000e+00
    outer loop
      vertex   6.922500e+01 3.755737e+00 2.000000e+00
      vertex   6.922500e+01 3.755737e+00 5.000000e+00
      vertex   6.887529e+01 3.900592e+00 2.000000e+00
    endloop
  endfacet
  facet normal -3.826834e-01 -9.238795e-01 0.000000e+00
    outer loop
      vertex   6.887529e+01 3.900592e+00 2.000000e+00
      vertex   6.922500e+01 3.755737e+00 5.000000e+00
      vertex   6.887529e+01 3.900592e+00 5.000000e+00
    endloop
  endfacet
  facet normal -1.305262e-01 -9.914449e-01 0.000000e+00
    outer loop
      vertex   6.887529e+01 3.900592e+00 2.000000e+00
      vertex   6.887529e+01 3.900592e+00 5.000000e+00
      vertex   6.850000e+01 3.950000e+00 2.000000e+00
    endloop
  endfacet
  facet normal -1.305262e-01 -9.914449e-01 0.000000e+00
    outer loop
      vertex   6.850000e+01 3.950000e+00 2.000000e+00
      vertex   6.887529e+01 3.900592e+00 5.000000e+00
      vertex   6.850000e+01 3.950000e+00 5.000000e+00
    endloop
  endfacet
  facet normal 1.305262e-01 -9.914449e-01 0.000000e+00
    outer loop
      vertex   6.850000e+01 3.950000e+00 2.000000e+00
      vertex   6.850000e+01 3.950000e+00 5.000000e+00
      vertex   6.812471e+01 3.900592e+00 2.000000e+00
    endloop
  endfacet
  facet normal 1.305262e-01 -9.914449e-01 0.000000e+00
    outer loop
      vertex   6.812471e+01 3.900592e+00 2.000000e+00
      vertex   6.850000e+01 3.950000e+00 5.000000e+00
      vertex   6.812471e+01 3.900592e+00 5.000000e+00
    endloop
  endfacet
  facet normal 3.826834e-01 -9.238795e-01 0.000000e+00
    outer loop
      vertex   6.812471e+01 3.900592e+00 2.000000e+00
      vertex   6.812471e+01 3.900592e+00 5.000000e+00
      vertex   6.777500e+01 3.755737e+00 2.000000e+00
    endloop
  endfacet
  facet normal 3.826834e-01 -9.238795e-01 0.000000e+00
    outer loop
      vertex   6.777500e+01 3.755737e+00 2.000000e+00
      vertex   6.812471e+01 3.900592e+00 5.000000e+00
      vertex   6.777500e+01 3.755737e+00 5.000000e+00
    endloop
  endfacet
  facet normal 6.087614e-01 -7.933533e-01 0.000000e+00
    outer loop
      vertex   6.777500e+01 3.755737e+00 2.000000e+00
      vertex   6.777500e+01 3.755737e+00 5.000000e+00
      vertex   6.747470e+01 3.525305e+00 2.000000e+00
    endloop
  endfacet
  facet normal 6.087614e-01 -7.933533e-01 0.000000e+00
    outer loop
      vertex   6.747470e+01 3.525305e+00 2.000000e+00
      vertex   6.777500e+01 3.755737e+00 5.000000e+00
      vertex   6.747470e+01 3.525305e+00 5.000000e+00
    endloop
  endfacet
  facet normal 7.933533e-01 -6.087614e-01 0.000000e+00
    outer loop
      vertex   6.747470e+01 3.525305e+00 2.000000e+00
      vertex   6.747470e+01 3.525305e+00 5.000000e+00
      vertex   6.724426e+01 3.225000e+00 2.000000e+00
    endloop
  endfacet
  facet normal 7.933533e-01 -6.087614e-01 0.000000e+00
    outer loop
      vertex   6.724426e+01 3.225000e+00 2.000000e+00
      vertex   6.747470e+01 3.525305e+00 5.000000e+00
      vertex   6.724426e+01 3.225000e+00 5.000000e+00
    endloop
  endfacet
  facet normal 9.238795e-01 -3.826834e-01 0.000000e+00
    outer loop
      vertex   6.724426e+01 3.225000e+00 2.000000e+00
      vertex   6.724426e+01 3.225000e+00 5.000000e+00
      vertex   6.709941e+01 2.875288e+00 2.000000e+00
    endloop
  endfacet
  facet normal 9.238795e-01 -3.826834e-01 0.000000e+00
    outer loop
      vertex   6.709941e+01 2.875288e+00 2.000000e+00
      vertex   6.724426e+01 3.225000e+00 5.000000e+00
      vertex   6.709941e+01 2.875288e+00 5.000000e+00
    endloop
  endfacet
  facet normal 9.914449e-01 -1.305262e-01 0.000000e+00
    outer loop
      vertex   6.709941e+01 2.875288e+00 2.000000e+00
      vertex   6.709941e+01 2.875288e+00 5.000000e+00
      vertex   6.705000e+01 2.500000e+00 2.000000e+00
    endloop
  endfacet
  facet normal 9.914449e-01 -1.305262e-01 0.000000e+00
    outer loop
      vertex   6.705000e+01 2.500000e+00 2.000000e+00
      vertex   6.709941e+01 2.875288e+00 5.000000e+00
      vertex   6.705000e+01 2.500000e+00 5.000000e+00
    endloop
  endfacet
  facet normal 9.914449e-01 1.305262e-01 -0.000000e+00
    outer loop
      vertex   6.705000e+01 2.500000e+00 2.000000e+00
      vertex   6.705000e+01 2.500000e+00 5.000000e+00
      vertex   6.709941e+01 2.124712e+00 2.000000e+00
    endloop
  endfacet
  facet normal 9.914449e-01 1.305262e-01 -0.000000e+00
    outer loop
      vertex   6.709941e+01 2.124712e+00 2.000000e+00
      vertex   6.705000e+01 2.500000e+00 5.000000e+00
      vertex   6.709941e+01 2.124712e+00 5.000000e+00
    endloop
  endfacet
  facet normal 9.238795e-01 3.826834e-01 -0.000000e+00
    outer loop
      vertex   6.709941e+01 2.124712e+00 2.000000e+00
      vertex   6.709941e+01 2.124712e+00 5.000000e+00
      vertex   6.724426e+01 1.775000e+00 2.000000e+00
    endloop
  endfacet
  facet normal 9.238795e-01 3.826834e-01 -0.000000e+00
    outer loop
      vertex   6.724426e+01 1.775000e+00 2.000000e+00
      vertex   6.709941e+01 2.124712e+00 5.000000e+00
      vertex   6.724426e+01 1.775000e+00 5.000000e+00
    endloop
  endfacet
  facet normal 7.933533e-01 6.087614e-01 -0.000000e+00
    outer loop
      vertex   6.724426e+01 1.775000e+00 2.000000e+00
      vertex   6.724426e+01 1.775000e+00 5.000000e+00
      vertex   6.747470e+01 1.474695e+00 2.000000e+00
    endloop
  endfacet
  facet normal 7.933533e-01 6.087614e-01 -0.000000e+00
    outer loop
      vertex   6.747470e+01 1.474695e+00 2.000000e+00
      vertex   6.724426e+01 1.775000e+00 5.000000e+00
      vertex   6.747470e+01 1.474695e+00 5.000000e+00
    endloop
  endfacet
  facet normal 6.087614e-01 7.933533e-01 -0.000000e+00
    outer loop
      vertex   6.747470e+01 1.474695e+00 2.000000e+00
      vertex   6.747470e+01 1.474695e+00 5.000000e+00
      vertex   6.777500e+01 1.244263e+00 2.000000e+00
    endloop
  endfacet
  facet normal 6.087614e-01 7.933533e-01 -0.000000e+00
    outer loop
      vertex   6.777500e+01 1.244263e+00 2.000000e+00
      vertex   6.747470e+01 1.474695e+00 5.000000e+00
      vertex   6.777500e+01 1.244263e+00 5.000000e+00
    endloop
  endfacet
  facet normal 3.826834e-01 9.238795e-01 -0.000000e+00
    outer loop
      vertex   6.777500e+01 1.244263e+00 2.000000e+00
      vertex   6.777500e+01 1.244263e+00 5.000000e+00
      vertex   6.812471e+01 1.099408e+00 2.000000e+00
    endloop
  endfacet
  facet normal 3.826834e-01 9.238795e-01 -0.000000e+00
    outer loop
      vertex   6.812471e+01 1.099408e+00 2.000000e+00
      vertex   6.777500e+01 1.244263e+00 5.000000e+00
      vertex   6.812471e+01 1.099408e+00 5.000000e+00
    endloop
  endfacet
  facet normal 1.305262e-01 9.914449e-01 -0.000000e+00
    outer loop
      vertex   6.812471e+01 1.099408e+00 2.000000e+00
      vertex   6.812471e+01 1.099408e+00 5.000000e+00
      vertex   6.850000e+01 1.050000e+00 2.000000e+00
    endloop
  endfacet
  facet normal 1.305262e-01 9.914449e-01 -0.000000e+00
    outer loop
      vertex   6.850000e+01 1.050000e+00 2.000000e+00
      vertex   6.812471e+01 1.099408e+00 5.000000e+00
      vertex   6.850000e+01 1.050000e+00 5.000000e+00
    endloop
  endfacet
  facet normal -1.305262e-01 9.914449e-01 0.000000e+00
    outer loop
      vertex   6.850000e+01 1.050000e+00 2.000000e+00
      vertex   6.850000e+01 1.050000e+00 5.000000e+00
      vertex   6.887529e+01 1.099408e+00 2.000000e+00
    endloop
  endfacet
  facet normal -1.305262e-01 9.914449e-01 0.000000e+00
    outer loop
      vertex   6.887529e+01 1.099408e+00 2.000000e+00
      vertex   6.850000e+01 1.050000e+00 5.000000e+00
      vertex   6.887529e+01 1.099408e+00 5.000000e+00
    endloop
  endfacet
  facet normal -3.826834e-01 9.238795e-01 0.000000e+00
    outer loop
      vertex   6.887529e+01 1.099408e+00 2.000000e+00
      vertex   6.887529e+01 1.099408e+00 5.000000e+00
      vertex   6.922500e+01 1.244263e+00 2.000000e+00
    endloop
  endfacet
  facet normal -3.826834e-01 9.238795e-01 0.000000e+00
    outer loop
      vertex   6.922500e+01 1.244263e+00 2.000000e+00
      vertex   6.887529e+01 1.099408e+00 5.000000e+00
      vertex   6.922500e+01 1.244263e+00 5.000000e+00
    endloop
  endfacet
  facet normal -6.087614e-01 7.933533e-01 0.000000e+00
    outer loop
      vertex   6.922500e+01 1.244263e+00 2.000000e+00
      vertex   6.922500e+01 1.244263e+00 5.000000e+00
      vertex   6.952530e+01 1.474695e+00 2.000000e+00
    endloop
  endfacet
  facet normal -6.087614e-01 7.933533e-01 0.000000e+00
    outer loop
      vertex   6.952530e+01 1.474695e+00 2.000000e+00
      vertex   6.922500e+01 1.244263e+00 5.000000e+00
      vertex   6.952530e+01 1.474695e+00 5.000000e+00
    endloop
  endfacet
  facet normal -7.933533e-01 6.087614e-01 0.000000e+00
    outer loop
      vertex   6.952530e+01 1.474695e+00 2.000000e+00
      vertex   6.952530e+01 1.474695e+00 5.000000e+00
      vertex   6.975574e+01 1.775000e+00 2.000000e+00
    endloop
  endfacet
  facet normal -7.933533e-01 6.087614e-01 0.000000e+00
    outer loop
      vertex   6.975574e+01 1.775000e+00 2.000000e+00
      vertex   6.952530e+01 1.474695e+00 5.000000e+00
      vertex   6.975574e+01 1.775000e+00 5.000000e+00
    endloop
  endfacet
  facet normal -9.238795e-01 3.826834e-01 0.000000e+00
    outer loop
      vertex   6.975574e+01 1.775000e+00 2.000000e+00
      vertex   6.975574e+01 1.775000e+00 5.000000e+00
      vertex   6.990059e+01 2.124712e+00 2.000000e+00
    endloop
  endfacet
  facet normal -9.238795e-01 3.826834e-01 0.000000e+00
    outer loop
      vertex   6.990059e+01 2.124712e+00 2.000000e+00
      vertex   6.975574e+01 1.775000e+00 5.000000e+00
      vertex   6.990059e+01 2.124712e+00 5.000000e+00
    endloop
  endfacet
  facet normal 0.000000e+00 0.000000e+00 1.000000e+00
    outer loop
      vertex   6.990059e+01 2.875288e+00 2.000000e+00
      vertex   6.709941e+01 2.875288e+00 2.000000e+00
      vertex   6.995000e+01 2.500000e+00 2.000000e+00
    endloop
  endfacet
  facet normal 0.000000e+00 0.000000e+00 1.000000e+00
    outer loop
      vertex   6.995000e+01 2.500000e+00 2.000000e+00
      vertex   6.709941e+01 2.875288e+00 2.000000e+00
      vertex   6.705000e+01 2.500000e+00 2.000000e+00
    endloop
  endfacet
  facet normal 0.000000e+00 0.000000e+00 1.000000e+00
    outer loop
      vertex   6.995000e+01 2.500000e+00 2.000000e+00
      vertex   6.705000e+01 2.500000e+00 2.000000e+00
      vertex   6.990059e+01 2.124712e+00 2.000000e+00
    endloop
  endfacet
  facet normal 0.000000e+00 0.000000e+00 1.000000e+00
    outer loop
      vertex   6.990059e+01 2.124712e+00 2.000000e+00
      vertex   6.705000e+01 2.500000e+00 2.000000e+00
      vertex   6.709941e+01 2.124712e+00 2.000000e+00
    endloop
  endfacet
  facet normal 0.000000e+00 0.000000e+00 1.000000e+00
    outer loop
      vertex   6.990059e+01 2.124712e+00 2.000000e+00
      vertex   6.709941e+01 2.124712e+00 2.000000e+00
      vertex   6.975574e+01 1.775000e+00 2.000000e+00
    endloop
  endfacet
  facet normal 0.000000e+00 0.000000e+00 1.000000e+00
    outer loop
      vertex   6.975574e+01 1.775000e+00 2.000000e+00
      vertex   6.709941e+01 2.124712e+00 2.000000e+00
      vertex   6.724426e+01 1.775000e+00 2.000000e+00
    endloop
  endfacet
  facet normal 0.000000e+00 0.000000e+00 1.000000e+00
    outer loop
      vertex   6.975574e+01 1.775000e+00 2.000000e+00
      vertex   6.724426e+01 1.775000e+00 2.000000e+00
      vertex   6.952530e+01 1.474695e+00 2.000000e+00
    endloop
  endfacet
  facet normal 0.000000e+00 0.000000e+00 1.000000e+00
    outer loop
      vertex   6.952530e+01 1.474695e+00 2.000000e+00
      vertex   6.724426e+01 1.775000e+00 2.000000e+00
      vertex   6.747470e+01 1.474695e+00 2.000000e+00
    endloop
  endfacet
  facet normal 0.000000e+00 0.000000e+00 1.000000e+00
    outer loop
      vertex   6.952530e+01 1.474695e+00 2.000000e+00
      vertex   6.747470e+01 1.474695e+00 2.000000e+00
      vertex   6.922500e+01 1.244263e+00 2.000000e+00
    endloop
  endfacet
  facet normal 0.000000e+00 0.000000e+00 1.000000e+00
    outer loop
      vertex   6.922500e+01 1.244263e+00 2.000000e+00
      vertex   6.747470e+01 1.474695e+00 2.000000e+00
      vertex   6.777500e+01 1.244263e+00 2.000000e+00
    endloop
  endfacet
  facet normal 0.000000e+00 0.000000e+00 1.000000e+00
    outer loop
      vertex   6.922500e+01 1.244263e+00 2.000000e+00
      vertex   6.777500e+01 1.244263e+00 2.000000e+00
      vertex   6.887529e+01 1.099408e+00 2.000000e+00
    endloop
  endfacet
  facet normal 0.000000e+00 0.000000e+00 1.000000e+00
    outer loop
      vertex   6.887529e+01 1.099408e+00 2.000000e+00
      vertex   6.777500e+01 1.244263e+00 2.000000e+00
      vertex   6.812471e+01 1.099408e+00 2.000000e+00
    endloop
  endfacet
  facet normal 0.000000e+00 0.000000e+00 1.000000e+00
    outer loop
      vertex   6.887529e+01 1.099408e+00 2.000000e+00
      vertex   6.812471e+01 1.099408e+00 2.000000e+00
      vertex   6.850000e+01 1.050000e+00 2.000000e+00
    endloop
  endfacet
  facet normal 0.000000e+00 0.000000e+00 1.000000e+00
    outer loop
      vertex   6.709941e+01 2.875288e+00 2.000000e+00
      vertex   6.990059e+01 2.875288e+00 2.000000e+00
      vertex   6.724426e+01 3.225000e+00 2.000000e+00
    endloop
  endfacet
  facet normal -0.000000e+00 0.000000e+00 1.000000e+00
    outer loop
      vertex   6.724426e+01 3.225000e+00 2.000000e+00
      vertex   6.990059e+01 2.875288e+00 2.000000e+00
      vertex   6.975574e+01 3.225000e+00 2.000000e+00
    endloop
  endfacet
  facet normal 0.000000e+00 0.000000e+00 1.000000e+00
    outer loop
      vertex   6.724426e+01 3.225000e+00 2.000000e+00
      vertex   6.975574e+01 3.225000e+00 2.000000e+00
      vertex   6.747470e+01 3.525305e+00 2.000000e+00
    endloop
  endfacet
  facet normal -0.000000e+00 0.000000e+00 1.000000e+00
    outer loop
      vertex   6.747470e+01 3.525305e+00 2.000000e+00
      vertex   6.975574e+01 3.225000e+00 2.000000e+00
      vertex   6.952530e+01 3.525305e+00 2.000000e+00
    endloop
  endfacet
  facet normal 0.000000e+00 0.000000e+00 1.000000e+00
    outer loop
      vertex   6.747470e+01 3.525305e+00 2.000000e+00
      vertex   6.952530e+01 3.525305e+00 2.000000e+00
      vertex   6.777500e+01 3.755737e+00 2.000000e+00
    endloop
  endfacet
  facet normal -0.000000e+00 0.000000e+00 1.000000e+00
    outer loop
      vertex   6.777500e+01 3.755737e+00 2.000000e+00
      vertex   6.952530e+01 3.525305e+00 2.000000e+00
      vertex   6.922500e+01 3.755737e+00 2.000000e+00
    endloop
  endfacet
  facet normal 0.000000e+00 0.000000e+00 1.000000e+00
    outer loop
      vertex   6.777500e+01 3.755737e+00 2.000000e+00
      vertex   6.922500e+01 3.755737e+00 2.000000e+00
      vertex   6.812471e+01 3.900592e+00 2.000000e+00
    endloop
  endfacet
  facet normal -0.000000e+00 0.000000e+00 1.000000e+00
    outer loop
      vertex   6.812471e+01 3.900592e+00 2.000000e+00
      vertex   6.922500e+01 3.755737e+00 2.000000e+00
      vertex   6.887529e+01 3.900592e+00 2.000000e+00
    endloop
  endfacet
  facet normal 0.000000e+00 0.000000e+00 1.000000e+00
    outer loop
      vertex   6.812471e+01 3.900592e+00 2.000000e+00
      vertex   6.887529e+01 3.900592e+00 2.000000e+00
      vertex   6.850000e+01 3.950000e+00 2.000000e+00
    endloop
  endfacet
  facet normal -9.914449e-01 1.305262e-01 0.000000e+00
    outer loop
      vertex   3.900592e+00 2.812471e+01 2.000000e+00
      vertex   3.900592e+00 2.812471e+01 5.000000e+00
      vertex   3.950000e+00 2.850000e+01 2.000000e+00
    endloop
  endfacet
  facet normal -9.914449e-01 1.305262e-01 0.000000e+00
    outer loop
      vertex   3.950000e+00 2.850000e+01 2.000000e+00
      vertex   3.900592e+00 2.812471e+01 5.000000e+00
      vertex   3.950000e+00 2.850000e+01 5.000000e+00
    endloop
  endfacet
  facet normal -9.914449e-01 -1.305262e-01 0.000000e+00
    outer loop
      vertex   3.950000e+00 2.850000e+01 2.000000e+00
      vertex   3.950000e+00 2.850000e+01 5.000000e+00
      vertex   3.900592e+00 2.887529e+01 2.000000e+00
    endloop
  endfacet
  facet normal -9.914449e-01 -1.305262e-01 0.000000e+00
    outer loop
      vertex   3.900592e+00 2.887529e+01 2.000000e+00
      vertex   3.950000e+00 2.850000e+01 5.000000e+00
      vertex   3.900592e+00 2.887529e+01 5.000000e+00
    endloop
  endfacet
  facet normal -9.238795e-01 -3.826834e-01 0.000000e+00
    outer loop
      vertex   3.900592e+00 2.887529e+01 2.000000e+00
      vertex   3.900592e+00 2.887529e+01 5.000000e+00
      vertex   3.755737e+00 2.922500e+01 2.000000e+00
    endloop
  endfacet
  facet normal -9.238795e-01 -3.826834e-01 0.000000e+00
    outer loop
      vertex   3.755737e+00 2.922500e+01 2.000000e+00
      vertex   3.900592e+00 2.887529e+01 5.000000e+00
      vertex   3.755737e+00 2.922500e+01 5.000000e+00
    endloop
  endfacet
  facet normal -7.933533e-01 -6.087614e-01 0.000000e+00
    outer loop
      vertex   3.755737e+00 2.922500e+01 2.000000e+00
      vertex   3.755737e+00 2.922500e+01 5.000000e+00
      vertex   3.525305e+00 2.952530e+01 2.000000e+00
    endloop
  endfacet
  facet normal -7.933533e-01 -6.087614e-01 0.000000e+00
    outer loop
      vertex   3.525305e+00 2.952530e+01 2.000000e+00
      vertex   3.755737e+00 2.922500e+01 5.000000e+00
      vertex   3.525305e+00 2.952530e+01 5.000000e+00
    endloop
  endfacet
  facet normal -6.087614e-01 -7.933533e-01 0.000000e+00
    outer loop
      vertex   3.525305e+00 2.952530e+01 2.000000e+00
      vertex   3.525305e+00 2.952530e+01 5.000000e+00
      vertex   3.225000e+00 2.975574e+01 2.000000e+00
    endloop
  endfacet
  facet normal -6.087614e-01 -7.933533e-01 0.000000e+00
    outer loop
      vertex   3.225000e+00 2.975574e+01 2.000000e+00
      vertex   3.525305e+00 2.952530e+01 5.000000e+00
      vertex   3.225000e+00 2.975574e+01 5.000000e+00
    endloop
  endfacet
  facet normal -3.826834e-01 -9.238795e-01 0.000000e+00
    outer loop
      vertex   3.225000e+00 2.975574e+01 2.000000e+00
      vertex   3.225000e+00 2.975574e+01 5.000000e+00
      vertex   2.875288e+00 2.990059e+01 2.000000e+00
    endloop
  endfacet
  facet normal -3.826834e-01 -9.238795e-01 0.000000e+00
    outer loop
      vertex   2.875288e+00 2.990059e+01 2.000000e+00
      vertex   3.225000e+00 2.975574e+01 5.000000e+00
      vertex   2.875288e+00 2.990059e+01 5.000000e+00
    endloop
  endfacet
  facet normal -1.305262e-01 -9.914449e-01 0.000000e+00
    outer loop
      vertex   2.875288e+00 2.990059e+01 2.000000e+00
      vertex   2.875288e+00 2.990059e+01 5.000000e+00
      vertex   2.500000e+00 2.995000e+01 2.000000e+00
    endloop
  endfacet
  facet normal -1.305262e-01 -9.914449e-01 0.000000e+00
    outer loop
      vertex   2.500000e+00 2.995000e+01 2.000000e+00
      vertex   2.875288e+00 2.990059e+01 5.000000e+00
      vertex   2.500000e+00 2.995000e+01 5.000000e+00
    endloop
  endfacet
  facet normal 1.305262e-01 -9.914449e-01 0.000000e+00
    outer loop
      vertex   2.500000e+00 2.995000e+01 2.000000e+00
      vertex   2.500000e+00 2.995000e+01 5.000000e+00
      vertex   2.124712e+00 2.990059e+01 2.000000e+00
    endloop
  endfacet
  facet normal 1.305262e-01 -9.914449e-01 0.000000e+00
    outer loop
      vertex   2.124712e+00 2.990059e+01 2.000000e+00
      vertex   2.500000e+00 2.995000e+01 5.000000e+00
      vertex   2.124712e+00 2.990059e+01 5.000000e+00
    endloop
  endfacet
  facet normal 3.826834e-01 -9.238795e-01 0.000000e+00
    outer loop
      vertex   2.124712e+00 2.990059e+01 2.000000e+00
      vertex   2.124712e+00 2.990059e+01 5.000000e+00
      vertex   1.775000e+00 2.975574e+01 2.000000e+00
    endloop
  endfacet
  facet normal 3.826834e-01 -9.238795e-01 0.000000e+00
    outer loop
      vertex   1.775000e+00 2.975574e+01 2.000000e+00
      vertex   2.124712e+00 2.990059e+01 5.000000e+00
      vertex   1.775000e+00 2.975574e+01 5.000000e+00
    endloop
  endfacet
  facet normal 6.087614e-01 -7.933533e-01 0.000000e+00
    outer loop
      vertex   1.775000e+00 2.975574e+01 2.000000e+00
      vertex   1.775000e+00 2.975574e+01 5.000000e+00
      vertex   1.474695e+00 2.952530e+01 2.000000e+00
    endloop
  endfacet
  facet normal 6.087614e-01 -7.933533e-01 0.000000e+00
    outer loop
      vertex   1.474695e+00 2.952530e+01 2.000000e+00
      vertex   1.775000e+00 2.975574e+01 5.000000e+00
      vertex   1.474695e+00 2.952530e+01 5.000000e+00
    endloop
  endfacet
  facet normal 7.933533e-01 -6.087614e-01 0.000000e+00
    outer loop
      vertex   1.474695e+00 2.952530e+01 2.000000e+00
      vertex   1.474695e+00 2.952530e+01 5.000000e+00
      vertex   1.244263e+00 2.922500e+01 2.000000e+00
    endloop
  endfacet
  facet normal 7.933533e-01 -6.087614e-01 0.000000e+00
    outer loop
      vertex   1.244263e+00 2.922500e+01 2.000000e+00
      vertex   1.474695e+00 2.952530e+01 5.000000e+00
      vertex   1.244263e+00 2.922500e+01 5.000000e+00
    endloop
  endfacet
  facet normal 9.238795e-01 -3.826834e-01 0.000000e+00
    outer loop
      vertex   1.244263e+00 2.922500e+01 2.000000e+00
      vertex   1.244263e+00 2.922500e+01 5.000000e+00
      vertex   1.099408e+00 2.887529e+01 2.000000e+00
    endloop
  endfacet
  facet normal 9.238795e-01 -3.826834e-01 0.000000e+00
    outer loop
      vertex   1.099408e+00 2.887529e+01 2.000000e+00
      vertex   1.244263e+00 2.922500e+01 5.000000e+00
      vertex   1.099408e+00 2.887529e+01 5.000000e+00
    endloop
  endfacet
  facet normal 9.914449e-01 -1.305262e-01 0.000000e+00
    outer loop
      vertex   1.099408e+00 2.887529e+01 2.000000e+00
      vertex   1.099408e+00 2.887529e+01 5.000000e+00
      vertex   1.050000e+00 2.850000e+01 2.000000e+00
    endloop
  endfacet
  facet normal 9.914449e-01 -1.305262e-01 0.000000e+00
    outer loop
      vertex   1.050000e+00 2.850000e+01 2.000000e+00
      vertex   1.099408e+00 2.887529e+01 5.000000e+00
      vertex   1.050000e+00 2.850000e+01 5.000000e+00
    endloop
  endfacet
  facet normal 9.914449e-01 1.305262e-01 -0.000000e+00
    outer loop
      vertex   1.050000e+00 2.850000e+01 2.000000e+00
      vertex   1.050000e+00 2.850000e+01 5.000000e+00
      vertex   1.099408e+00 2.812471e+01 2.000000e+00
    endloop
  endfacet
  facet normal 9.914449e-01 1.305262e-01 -0.000000e+00
    outer loop
      vertex   1.099408e+00 2.812471e+01 2.000000e+00
      vertex   1.050000e+00 2.850000e+01 5.000000e+00
      vertex   1.099408e+00 2.812471e+01 5.000000e+00
    endloop
  endfacet
  facet normal 9.238795e-01 3.826834e-01 -0.000000e+00
    outer loop
      vertex   1.099408e+00 2.812471e+01 2.000000e+00
      vertex   1.099408e+00 2.812471e+01 5.000000e+00
      vertex   1.244263e+00 2.777500e+01 2.000000e+00
    endloop
  endfacet
  facet normal 9.238795e-01 3.826834e-01 -0.000000e+00
    outer loop
      vertex   1.244263e+00 2.777500e+01 2.000000e+00
      vertex   1.099408e+00 2.812471e+01 5.000000e+00
      vertex   1.244263e+00 2.777500e+01 5.000000e+00
    endloop
  endfacet
  facet normal 7.933533e-01 6.087614e-01 -0.000000e+00
    outer loop
      vertex   1.244263e+00 2.777500e+01 2.000000e+00
      vertex   1.244263e+00 2.777500e+01 5.000000e+00
      vertex   1.474695e+00 2.747470e+01 2.000000e+00
    endloop
  endfacet
  facet normal 7.933533e-01 6.087614e-01 -0.000000e+00
    outer loop
      vertex   1.474695e+00 2.747470e+01 2.000000e+00
      vertex   1.244263e+00 2.777500e+01 5.000000e+00
      vertex   1.474695e+00 2.747470e+01 5.000000e+00
    endloop
  endfacet
  facet normal 6.087614e-01 7.933533e-01 -0.000000e+00
    outer loop
      vertex   1.474695e+00 2.747470e+01 2.000000e+00
      vertex   1.474695e+00 2.747470e+01 5.000000e+00
      vertex   1.775000e+00 2.724426e+01 2.000000e+00
    endloop
  endfacet
  facet normal 6.087614e-01 7.933533e-01 -0.000000e+00
    outer loop
      vertex   1.775000e+00 2.724426e+01 2.000000e+00
      vertex   1.474695e+00 2.747470e+01 5.000000e+00
      vertex   1.775000e+00 2.724426e+01 5.000000e+00
    endloop
  endfacet
  facet normal 3.826834e-01 9.238795e-01 -0.000000e+00
    outer loop
      vertex   1.775000e+00 2.724426e+01 2.000000e+00
      vertex   1.775000e+00 2.724426e+01 5.000000e+00
      vertex   2.124712e+00 2.709941e+01 2.000000e+00
    endloop
  endfacet
  facet normal 3.826834e-01 9.238795e-01 -0.000000e+00
    outer loop
      vertex   2.124712e+00 2.709941e+01 2.000000e+00
      vertex   1.775000e+00 2.724426e+01 5.000000e+00
      vertex   2.124712e+00 2.709941e+01 5.000000e+00
    endloop
  endfacet
  facet normal 1.305262e-01 9.914449e-01 -0.000000e+00
    outer loop
      vertex   2.124712e+00 2.709941e+01 2.000000e+00
      vertex   2.124712e+00 2.709941e+01 5.000000e+00
      vertex   2.500000e+00 2.705000e+01 2.000000e+00
    endloop
  endfacet
  facet normal 1.305262e-01 9.914449e-01 -0.000000e+00
    outer loop
      vertex   2.500000e+00 2.705000e+01 2.000000e+00
      vertex   2.124712e+00 2.709941e+01 5.000000e+00
      vertex   2.500000e+00 2.705000e+01 5.000000e+00
    endloop
  endfacet
  facet normal -1.305262e-01 9.914449e-01 0.000000e+00
    outer loop
      vertex   2.500000e+00 2.705000e+01 2.000000e+00
      vertex   2.500000e+00 2.705000e+01 5.000000e+00
      vertex   2.875288e+00 2.709941e+01 2.000000e+00
    endloop
  endfacet
  facet normal -1.305262e-01 9.914449e-01 0.000000e+00
    outer loop
      vertex   2.875288e+00 2.709941e+01 2.000000e+00
      vertex   2.500000e+00 2.705000e+01 5.000000e+00
      vertex   2.875288e+00 2.709941e+01 5.000000e+00
    endloop
  endfacet
  facet normal -3.826834e-01 9.238795e-01 0.000000e+00
    outer loop
      vertex   2.875288e+00 2.709941e+01 2.000000e+00
      vertex   2.875288e+00 2.709941e+01 5.000000e+00
      vertex   3.225000e+00 2.724426e+01 2.000000e+00
    endloop
  endfacet
  facet normal -3.826834e-01 9.238795e-01 0.000000e+00
    outer loop
      vertex   3.225000e+00 2.724426e+01 2.000000e+00
      vertex   2.875288e+00 2.709941e+01 5.000000e+00
      vertex   3.225000e+00 2.724426e+01 5.000000e+00
    endloop
  endfacet
  facet normal -6.087614e-01 7.933533e-01 0.000000e+00
    outer loop
      vertex   3.225000e+00 2.724426e+01 2.000000e+00
      vertex   3.225000e+00 2.724426e+01 5.000000e+00
      vertex   3.525305e+00 2.747470e+01 2.000000e+00
    endloop
  endfacet
  facet normal -6.087614e-01 7.933533e-01 0.000000e+00
    outer loop
      vertex   3.525305e+00 2.747470e+01 2.000000e+00
      vertex   3.225000e+00 2.724426e+01 5.000000e+00
      vertex   3.525305e+00 2.747470e+01 5.000000e+00
    endloop
  endfacet
  facet normal -7.933533e-01 6.087614e-01 0.000000e+00
    outer loop
      vertex   3.525305e+00 2.747470e+01 2.000000e+00
      vertex   3.525305e+00 2.747470e+01 5.000000e+00
      vertex   3.755737e+00 2.777500e+01 2.000000e+00
    endloop
  endfacet
  facet normal -7.933533e-01 6.087614e-01 0.000000e+00
    outer loop
      vertex   3.755737e+00 2.777500e+01 2.000000e+00
      vertex   3.525305e+00 2.747470e+01 5.000000e+00
      vertex   3.755737e+00 2.777500e+01 5.000000e+00
    endloop
  endfacet
  facet normal -9.238795e-01 3.826834e-01 0.000000e+00
    outer loop
      vertex   3.755737e+00 2.777500e+01 2.000000e+00
      vertex   3.755737e+00 2.777500e+01 5.000000e+00
      vertex   3.900592e+00 2.812471e+01 2.000000e+00
    endloop
  endfacet
  facet normal -9.238795e-01 3.826834e-01 0.000000e+00
    outer loop
      vertex   3.900592e+00 2.812471e+01 2.000000e+00
      vertex   3.755737e+00 2.777500e+01 5.000000e+00
      vertex   3.900592e+00 2.812471e+01 5.000000e+00
    endloop
  endfacet
  facet normal 0.000000e+00 0.000000e+00 1.000000e+00
    outer loop
      vertex   3.900592e+00 2.887529e+01 2.000000e+00
      vertex   1.099408e+00 2.887529e+01 2.000000e+00
      vertex   3.950000e+00 2.850000e+01 2.000000e+00
    endloop
  endfacet
  facet normal 0.000000e+00 0.000000e+00 1.000000e+00
    outer loop
      vertex   3.950000e+00 2.850000e+01 2.000000e+00
      vertex   1.099408e+00 2.887529e+01 2.000000e+00
      vertex   1.050000e+00 2.850000e+01 2.000000e+00
    endloop
  endfacet
  facet normal 0.000000e+00 0.000000e+00 1.000000e+00
    outer loop
      vertex   3.950000e+00 2.850000e+01 2.000000e+00
      vertex   1.050000e+00 2.850000e+01 2.000000e+00
      vertex   3.900592e+00 2.812471e+01 2.000000e+00
    endloop
  endfacet
  facet normal 0.000000e+00 0.000000e+00 1.000000e+00
    outer loop
      vertex   3.900592e+00 2.812471e+01 2.000000e+00
      vertex   1.050000e+00 2.850000e+01 2.000000e+00
      vertex   1.099408e+00 2.812471e+01 2.000000e+00
    endloop
  endfacet
  facet normal 0.000000e+00 0.000000e+00 1.000000e+00
    outer loop
      vertex   3.900592e+00 2.812471e+01 2.000000e+00
      vertex   1.099408e+00 2.812471e+01 2.000000e+00
      vertex   3.755737e+00 2.777500e+01 2.000000e+00
    endloop
  endfacet
  facet normal 0.000000e+00 0.000000e+00 1.000000e+00
    outer loop
      vertex   3.755737e+00 2.777500e+01 2.000000e+00
      vertex   1.099408e+00 2.812471e+01 2.000000e+00
      vertex   1.244263e+00 2.777500e+01 2.000000e+00
    endloop
  endfacet
  facet normal 0.000000e+00 0.000000e+00 1.000000e+00
    outer loop
      vertex   3.755737e+00 2.777500e+01 2.000000e+00
      vertex   1.244263e+00 2.777500e+01 2.000000e+00
      vertex   3.525305e+00 2.747470e+01 2.000000e+00
    endloop
  endfacet
  facet normal 0.000000e+00 0.000000e+00 1.000000e+00
    outer loop
      vertex   3.525305e+00 2.747470e+01 2.000000e+00
      vertex   1.244263e+00 2.777500e+01 2.000000e+00
      vertex   1.474695e+00 2.747470e+01 2.000000e+00
    endloop
  endfacet
  facet normal 0.000000e+00 0.000000e+00 1.000000e+00
    outer loop
      vertex   3.525305e+00 2.747470e+01 2.000000e+00
      vertex   1.474695e+00 2.747470e+01 2.000000e+00
      vertex   3.225000e+00 2.724426e+01 2.000000e+00
    endloop
  endfacet
  facet normal 0.000000e+00 0.000000e+00 1.000000e+00
    outer loop
      vertex   3.225000e+00 2.724426e+01 2.000000e+00
      vertex   1.474695e+00 2.747470e+01 2.000000e+00
      vertex   1.775000e+00 2.724426e+01 2.000000e+00
    endloop
  endfacet
  facet normal 0.000000e+00 0.000000e+00 1.000000e+00
    outer loop
      vertex   3.225000e+00 2.724426e+01 2.000000e+00
      vertex   1.775000e+00 2.724426e+01 2.000000e+00
      vertex   2.875288e+00 2.709941e+01 2.000000e+00
    endloop
  endfacet
  facet normal 0.000000e+00 0.000000e+00 1.000000e+00
    outer loop
      vertex   2.875288e+00 2.709941e+01 2.000000e+00
      vertex   1.775000e+00 2.724426e+01 2.000000e+00
      vertex   2.124712e+00 2.709941e+01 2.000000e+00
    endloop
  endfacet
  facet normal 0.000000e+00 0.000000e+00 1.000000e+00
    outer loop
      vertex   2.875288e+00 2.709941e+01 2.000000e+00
      vertex   2.124712e+00 2.709941e+01 2.000000e+00
      vertex   2.500000e+00 2.705000e+01 2.000000e+00
    endloop
  endfacet
  facet normal 0.000000e+00 0.000000e+00 1.000000e+00
    outer loop
      vertex   1.099408e+00 2.887529e+01 2.000000e+00
      vertex   3.900592e+00 2.887529e+01 2.000000e+00
      vertex   1.244263e+00 2.922500e+01 2.000000e+00
    endloop
  endfacet
  facet normal -0.000000e+00 0.000000e+00 1.000000e+00
    outer loop
      vertex   1.244263e+00 2.922500e+01 2.000000e+00
      vertex   3.900592e+00 2.887529e+01 2.000000e+00
      vertex   3.755737e+00 2.922500e+01 2.000000e+00
    endloop
  endfacet
  facet normal 0.000000e+00 0.000000e+00 1.000000e+00
    outer loop
      vertex   1.244263e+00 2.922500e+01 2.000000e+00
      vertex   3.755737e+00 2.922500e+01 2.000000e+00
      vertex   1.474695e+00 2.952530e+01 2.000000e+00
    endloop
  endfacet
  facet normal -0.000000e+00 0.000000e+00 1.000000e+00
    outer loop
      vertex   1.474695e+00 2.952530e+01 2.000000e+00
      vertex   3.755737e+00 2.922500e+01 2.000000e+00
      vertex   3.525305e+00 2.952530e+01 2.000000e+00
    endloop
  endfacet
  facet normal 0.000000e+00 0.000000e+00 1.000000e+00
    outer loop
      vertex   1.474695e+00 2.952530e+01 2.000000e+00
      vertex   3.525305e+00 2.952530e+01 2.000000e+00
      vertex   1.775000e+00 2.975574e+01 2.000000e+00
    endloop
  endfacet
  facet normal -0.000000e+00 0.000000e+00 1.000000e+00
    outer loop
      vertex   1.775000e+00 2.975574e+01 2.000000e+00
      vertex   3.525305e+00 2.952530e+01 2.000000e+00
      vertex   3.225000e+00 2.975574e+01 2.000000e+00
    endloop
  endfacet
  facet normal 0.000000e+00 0.000000e+00 1.000000e+00
    outer loop
      vertex   1.775000e+00 2.975574e+01 2.000000e+00
      vertex   3.225000e+00 2.975574e+01 2.000000e+00
      vertex   2.124712e+00 2.990059e+01 2.000000e+00
    endloop
  endfacet
  facet normal -0.000000e+00 0.000000e+00 1.000000e+00
    outer loop
      vertex   2.124712e+00 2.990059e+01 2.000000e+00
      vertex   3.225000e+00 2.975574e+01 2.000000e+00
      vertex   2.875288e+00 2.990059e+01 2.000000e+00
    endloop
  endfacet
  facet normal 0.000000e+00 0.000000e+00 1.000000e+00
    outer loop
      vertex   2.124712e+00 2.990059e+01 2.000000e+00
      vertex   2.875288e+00 2.990059e+01 2.000000e+00
      vertex   2.500000e+00 2.995000e+01 2.000000e+00
    endloop
  endfacet
  facet normal -9.914449e-01 1.305262e-01 0.000000e+00
    outer loop
      vertex   3.900592e+00 2.124712e+00 2.000000e+00
      vertex   3.900592e+00 2.124712e+00 5.000000e+00
      vertex   3.950000e+00 2.500000e+00 2.000000e+00
    endloop
  endfacet
  facet normal -9.914449e-01 1.305262e-01 0.000000e+00
    outer loop
      vertex   3.950000e+00 2.500000e+00 2.000000e+00
      vertex   3.900592e+00 2.124712e+00 5.000000e+00
      vertex   3.950000e+00 2.500000e+00 5.000000e+00
    endloop
  endfacet
  facet normal -9.914449e-01 -1.305262e-01 0.000000e+00
    outer loop
      vertex   3.950000e+00 2.500000e+00 2.000000e+00
      vertex   3.950000e+00 2.500000e+00 5.000000e+00
      vertex   3.900592e+00 2.875288e+00 2.000000e+00
    endloop
  endfacet
  facet normal -9.914449e-01 -1.305262e-01 0.000000e+00
    outer loop
      vertex   3.900592e+00 2.875288e+00 2.000000e+00
      vertex   3.950000e+00 2.500000e+00 5.000000e+00
      vertex   3.900592e+00 2.875288e+00 5.000000e+00
    endloop
  endfacet
  facet normal -9.238795e-01 -3.826834e-01 0.000000e+00
    outer loop
      vertex   3.900592e+00 2.875288e+00 2.000000e+00
      vertex   3.900592e+00 2.875288e+00 5.000000e+00
      vertex   3.755737e+00 3.225000e+00 2.000000e+00
    endloop
  endfacet
  facet normal -9.238795e-01 -3.826834e-01 0.000000e+00
    outer loop
      vertex   3.755737e+00 3.225000e+00 2.000000e+00
      vertex   3.900592e+00 2.875288e+00 5.000000e+00
      vertex   3.755737e+00 3.225000e+00 5.000000e+00
    endloop
  endfacet
  facet normal -7.933533e-01 -6.087614e-01 0.000000e+00
    outer loop
      vertex   3.755737e+00 3.225000e+00 2.000000e+00
      vertex   3.755737e+00 3.225000e+00 5.000000e+00
      vertex   3.525305e+00 3.525305e+00 2.000000e+00
    endloop
  endfacet
  facet normal -7.933533e-01 -6.087614e-01 0.000000e+00
    outer loop
      vertex   3.525305e+00 3.525305e+00 2.000000e+00
      vertex   3.755737e+00 3.225000e+00 5.000000e+00
      vertex   3.525305e+00 3.525305e+00 5.000000e+00
    endloop
  endfacet
  facet normal -6.087614e-01 -7.933533e-01 0.000000e+00
    outer loop
      vertex   3.525305e+00 3.525305e+00 2.000000e+00
      vertex   3.525305e+00 3.525305e+00 5.000000e+00
      vertex   3.225000e+00 3.755737e+00 2.000000e+00
    endloop
  endfacet
  facet normal -6.087614e-01 -7.933533e-01 0.000000e+00
    outer loop
      vertex   3.225000e+00 3.755737e+00 2.000000e+00
      vertex   3.525305e+00 3.525305e+00 5.000000e+00
      vertex   3.225000e+00 3.755737e+00 5.000000e+00
    endloop
  endfacet
  facet normal -3.826834e-01 -9.238795e-01 0.000000e+00
    outer loop
      vertex   3.225000e+00 3.755737e+00 2.000000e+00
      vertex   3.225000e+00 3.755737e+00 5.000000e+00
      vertex   2.875288e+00 3.900592e+00 2.000000e+00
    endloop
  endfacet
  facet normal -3.826834e-01 -9.238795e-01 0.000000e+00
    outer loop
      vertex   2.875288e+00 3.900592e+00 2.000000e+00
      vertex   3.225000e+00 3.755737e+00 5.000000e+00
      vertex   2.875288e+00 3.900592e+00 5.000000e+00
    endloop
  endfacet
  facet normal -1.305262e-01 -9.914449e-01 0.000000e+00
    outer loop
      vertex   2.875288e+00 3.900592e+00 2.000000e+00
      vertex   2.875288e+00 3.900592e+00 5.000000e+00
      vertex   2.500000e+00 3.950000e+00 2.000000e+00
    endloop
  endfacet
  facet normal -1.305262e-01 -9.914449e-01 0.000000e+00
    outer loop
      vertex   2.500000e+00 3.950000e+00 2.000000e+00
      vertex   2.875288e+00 3.900592e+00 5.000000e+00
      vertex   2.500000e+00 3.950000e+00 5.000000e+00
    endloop
  endfacet
  facet normal 1.305262e-01 -9.914449e-01 0.000000e+00
    outer loop
      vertex   2.500000e+00 3.950000e+00 2.000000e+00
      vertex   2.500000e+00 3.950000e+00 5.000000e+00
      vertex   2.124712e+00 3.900592e+00 2.000000e+00
    endloop
  endfacet
  facet normal 1.305262e-01 -9.914449e-01 0.000000e+00
    outer loop
      vertex   2.124712e+00 3.900592e+00 2.000000e+00
      vertex   2.500000e+00 3.950000e+00 5.000000e+00
      vertex   2.124712e+00 3.900592e+00 5.000000e+00
    endloop
  endfacet
  facet normal 3.826834e-01 -9.238795e-01 0.000000e+00
    outer loop
      vertex   2.124712e+00 3.900592e+00 2.000000e+00
      vertex   2.124712e+00 3.900592e+00 5.000000e+00
      vertex   1.775000e+00 3.755737e+00 2.000000e+00
    endloop
  endfacet
  facet normal 3.826834e-01 -9.238795e-01 0.000000e+00
    outer loop
      vertex   1.775000e+00 3.755737e+00 2.000000e+00
      vertex   2.124712e+00 3.900592e+00 5.000000e+00
      vertex   1.775000e+00 3.755737e+00 5.000000e+00
    endloop
  endfacet
  facet normal 6.087614e-01 -7.933533e-01 0.000000e+00
    outer loop
      vertex   1.775000e+00 3.755737e+00 2.000000e+00
      vertex   1.775000e+00 3.755737e+00 5.000000e+00
      vertex   1.474695e+00 3.525305e+00 2.000000e+00
    endloop
  endfacet
  facet normal 6.087614e-01 -7.933533e-01 0.000000e+00
    outer loop
      vertex   1.474695e+00 3.525305e+00 2.000000e+00
      vertex   1.775000e+00 3.755737e+00 5.000000e+00
      vertex   1.474695e+00 3.525305e+00 5.000000e+00
    endloop
  endfacet
  facet normal 7.933533e-01 -6.087614e-01 0.000000e+00
    outer loop
      vertex   1.474695e+00 3.525305e+00 2.000000e+00
      vertex   1.474695e+00 3.525305e+00 5.000000e+00
      vertex   1.244263e+00 3.225000e+00 2.000000e+00
    endloop
  endfacet
  facet normal 7.933533e-01 -6.087614e-01 0.000000e+00
    outer loop
      vertex   1.244263e+00 3.225000e+00 2.000000e+00
      vertex   1.474695e+00 3.525305e+00 5.000000e+00
      vertex   1.244263e+00 3.225000e+00 5.000000e+00
    endloop
  endfacet
  facet normal 9.238795e-01 -3.826834e-01 0.000000e+00
    outer loop
      vertex   1.244263e+00 3.225000e+00 2.000000e+00
      vertex   1.244263e+00 3.225000e+00 5.000000e+00
      vertex   1.099408e+00 2.875288e+00 2.000000e+00
    endloop
  endfacet
  facet normal 9.238795e-01 -3.826834e-01 0.000000e+00
    outer loop
      vertex   1.099408e+00 2.875288e+00 2.000000e+00
      vertex   1.244263e+00 3.225000e+00 5.000000e+00
      vertex   1.099408e+00 2.875288e+00 5.000000e+00
    endloop
  endfacet
  facet normal 9.914449e-01 -1.305262e-01 0.000000e+00
    outer loop
      vertex   1.099408e+00 2.875288e+00 2.000000e+00
      vertex   1.099408e+00 2.875288e+00 5.000000e+00
      vertex   1.050000e+00 2.500000e+00 2.000000e+00
    endloop
  endfacet
  facet normal 9.914449e-01 -1.305262e-01 0.000000e+00
    outer loop
      vertex   1.050000e+00 2.500000e+00 2.000000e+00
      vertex   1.099408e+00 2.875288e+00 5.000000e+00
      vertex   1.050000e+00 2.500000e+00 5.000000e+00
    endloop
  endfacet
  facet normal 9.914449e-01 1.305262e-01 -0.000000e+00
    outer loop
      vertex   1.050000e+00 2.500000e+00 2.000000e+00
      vertex   1.050000e+00 2.500000e+00 5.000000e+00
      vertex   1.099408e+00 2.124712e+00 2.000000e+00
    endloop
  endfacet
  facet normal 9.914449e-01 1.305262e-01 -0.000000e+00
    outer loop
      vertex   1.099408e+00 2.124712e+00 2.000000e+00
      vertex   1.050000e+00 2.500000e+00 5.000000e+00
      vertex   1.099408e+00 2.124712e+00 5.000000e+00
    endloop
  endfacet
  facet normal 9.238795e-01 3.826834e-01 -0.000000e+00
    outer loop
      vertex   1.099408e+00 2.124712e+00 2.000000e+00
      vertex   1.099408e+00 2.124712e+00 5.000000e+00
      vertex   1.244263e+00 1.775000e+00 2.000000e+00
    endloop
  endfacet
  facet normal 9.238795e-01 3.826834e-01 -0.000000e+00
    outer loop
      vertex   1.244263e+00 1.775000e+00 2.000000e+00
      vertex   1.099408e+00 2.124712e+00 5.000000e+00
      vertex   1.244263e+00 1.775000e+00 5.000000e+00
    endloop
  endfacet
  facet normal 7.933533e-01 6.087614e-01 -0.000000e+00
    outer loop
      vertex   1.244263e+00 1.775000e+00 2.000000e+00
      vertex   1.244263e+00 1.775000e+00 5.000000e+00
      vertex   1.474695e+00 1.474695e+00 2.000000e+00
    endloop
  endfacet
  facet normal 7.933533e-01 6.087614e-01 -0.000000e+00
    outer loop
      vertex   1.474695e+00 1.474695e+00 2.000000e+00
      vertex   1.244263e+00 1.775000e+00 5.000000e+00
      vertex   1.474695e+00 1.474695e+00 5.000000e+00
    endloop
  endfacet
  facet normal 6.087614e-01 7.933533e-01 -0.000000e+00
    outer loop
      vertex   1.474695e+00 1.474695e+00 2.000000e+00
      vertex   1.474695e+00 1.474695e+00 5.000000e+00
      vertex   1.775000e+00 1.244263e+00 2.000000e+00
    endloop
  endfacet
  facet normal 6.087614e-01 7.933533e-01 -0.000000e+00
    outer loop
      vertex   1.775000e+00 1.244263e+00 2.000000e+00
      vertex   1.474695e+00 1.474695e+00 5.000000e+00
      vertex   1.775000e+00 1.244263e+00 5.000000e+00
    endloop
  endfacet
  facet normal 3.826834e-01 9.238795e-01 -0.000000e+00
    outer loop
      vertex   1.775000e+00 1.244263e+00 2.000000e+00
      vertex   1.775000e+00 1.244263e+00 5.000000e+00
      vertex   2.124712e+00 1.099408e+00 2.000000e+00
    endloop
  endfacet
  facet normal 3.826834e-01 9.238795e-01 -0.000000e+00
    outer loop
      vertex   2.124712e+00 1.099408e+00 2.000000e+00
      vertex   1.775000e+00 1.244263e+00 5.000000e+00
      vertex   2.124712e+00 1.099408e+00 5.000000e+00
    endloop
  endfacet
  facet normal 1.305262e-01 9.914449e-01 -0.000000e+00
    outer loop
      vertex   2.124712e+00 1.099408e+00 2.000000e+00
      vertex   2.124712e+00 1.099408e+00 5.000000e+00
      vertex   2.500000e+00 1.050000e+00 2.000000e+00
    endloop
  endfacet
  facet normal 1.305262e-01 9.914449e-01 -0.000000e+00
    outer loop
      vertex   2.500000e+00 1.050000e+00 2.000000e+00
      vertex   2.124712e+00 1.099408e+00 5.000000e+00
      vertex   2.500000e+00 1.050000e+00 5.000000e+00
    endloop
  endfacet
  facet normal -1.305262e-01 9.914449e-01 0.000000e+00
    outer loop
      vertex   2.500000e+00 1.050000e+00 2.000000e+00
      vertex   2.500000e+00 1.050000e+00 5.000000e+00
      vertex   2.875288e+00 1.099408e+00 2.000000e+00
    endloop
  endfacet
  facet normal -1.305262e-01 9.914449e-01 0.000000e+00
    outer loop
      vertex   2.875288e+00 1.099408e+00 2.000000e+00
      vertex   2.500000e+00 1.050000e+00 5.000000e+00
      vertex   2.875288e+00 1.099408e+00 5.000000e+00
    endloop
  endfacet
  facet normal -3.826834e-01 9.238795e-01 0.000000e+00
    outer loop
      vertex   2.875288e+00 1.099408e+00 2.000000e+00
      vertex   2.875288e+00 1.099408e+00 5.000000e+00
      vertex   3.225000e+00 1.244263e+00 2.000000e+00
    endloop
  endfacet
  facet normal -3.826834e-01 9.238795e-01 0.000000e+00
    outer loop
      vertex   3.225000e+00 1.244263e+00 2.000000e+00
      vertex   2.875288e+00 1.099408e+00 5.000000e+00
      vertex   3.225000e+00 1.244263e+00 5.000000e+00
    endloop
  endfacet
  facet normal -6.087614e-01 7.933533e-01 0.000000e+00
    outer loop
      vertex   3.225000e+00 1.244263e+00 2.000000e+00
      vertex   3.225000e+00 1.244263e+00 5.000000e+00
      vertex   3.525305e+00 1.474695e+00 2.000000e+00
    endloop
  endfacet
  facet normal -6.087614e-01 7.933533e-01 0.000000e+00
    outer loop
      vertex   3.525305e+00 1.474695e+00 2.000000e+00
      vertex   3.225000e+00 1.244263e+00 5.000000e+00
      vertex   3.525305e+00 1.474695e+00 5.000000e+00
    endloop
  endfacet
  facet normal -7.933533e-01 6.087614e-01 0.000000e+00
    outer loop
      vertex   3.525305e+00 1.474695e+00 2.000000e+00
      vertex   3.525305e+00 1.474695e+00 5.000000e+00
      vertex   3.755737e+00 1.775000e+00 2.000000e+00
    endloop
  endfacet
  facet normal -7.933533e-01 6.087614e-01 0.000000e+00
    outer loop
      vertex   3.755737e+00 1.775000e+00 2.000000e+00
      vertex   3.525305e+00 1.474695e+00 5.000000e+00
      vertex   3.755737e+00 1.775000e+00 5.000000e+00
    endloop
  endfacet
  facet normal -9.238795e-01 3.826834e-01 0.000000e+00
    outer loop
      vertex   3.755737e+00 1.775000e+00 2.000000e+00
      vertex   3.755737e+00 1.775000e+00 5.000000e+00
      vertex   3.900592e+00 2.124712e+00 2.000000e+00
    endloop
  endfacet
  facet normal -9.238795e-01 3.826834e-01 0.000000e+00
    outer loop
      vertex   3.900592e+00 2.124712e+00 2.000000e+00
      vertex   3.755737e+00 1.775000e+00 5.000000e+00
      vertex   3.900592e+00 2.124712e+00 5.000000e+00
    endloop
  endfacet
  facet normal 0.000000e+00 0.000000e+00 1.000000e+00
    outer loop
      vertex   3.900592e+00 2.875288e+00 2.000000e+00
      vertex   1.099408e+00 2.875288e+00 2.000000e+00
      vertex   3.950000e+00 2.500000e+00 2.000000e+00
    endloop
  endfacet
  facet normal 0.000000e+00 0.000000e+00 1.000000e+00
    outer loop
      vertex   3.950000e+00 2.500000e+00 2.000000e+00
      vertex   1.099408e+00 2.875288e+00 2.000000e+00
      vertex   1.050000e+00 2.500000e+00 2.000000e+00
    endloop
  endfacet
  facet normal 0.000000e+00 0.000000e+00 1.000000e+00
    outer loop
      vertex   3.950000e+00 2.500000e+00 2.000000e+00
      vertex   1.050000e+00 2.500000e+00 2.000000e+00
      vertex   3.900592e+00 2.124712e+00 2.000000e+00
    endloop
  endfacet
  facet normal 0.000000e+00 0.000000e+00 1.000000e+00
    outer loop
      vertex   3.900592e+00 2.124712e+00 2.000000e+00
      vertex   1.050000e+00 2.500000e+00 2.000000e+00
      vertex   1.099408e+00 2.124712e+00 2.000000e+00
    endloop
  endfacet
  facet normal 0.000000e+00 0.000000e+00 1.000000e+00
    outer loop
      vertex   3.900592e+00 2.124712e+00 2.000000e+00
      vertex   1.099408e+00 2.124712e+00 2.000000e+00
      vertex   3.755737e+00 1.775000e+00 2.000000e+00
    endloop
  endfacet
  facet normal 0.000000e+00 0.000000e+00 1.000000e+00
    outer loop
      vertex   3.755737e+00 1.775000e+00 2.000000e+00
      vertex   1.099408e+00 2.124712e+00 2.000000e+00
      vertex   1.244263e+00 1.775000e+00 2.000000e+00
    endloop
  endfacet
  facet normal 0.000000e+00 0.000000e+00 1.000000e+00
    outer loop
      vertex   3.755737e+00 1.775000e+00 2.000000e+00
      vertex   1.244263e+00 1.775000e+00 2.000000e+00
      vertex   3.525305e+00 1.474695e+00 2.000000e+00
    endloop
  endfacet
  facet normal 0.000000e+00 0.000000e+00 1.000000e+00
    outer loop
      vertex   3.525305e+00 1.474695e+00 2.000000e+00
      vertex   1.244263e+00 1.775000e+00 2.000000e+00
      vertex   1.474695e+00 1.474695e+00 2.000000e+00
    endloop
  endfacet
  facet normal 0.000000e+00 0.000000e+00 1.000000e+00
    outer loop
      vertex   3.525305e+00 1.474695e+00 2.000000e+00
      vertex   1.474695e+00 1.474695e+00 2.000000e+00
      vertex   3.225000e+00 1.244263e+00 2.000000e+00
    endloop
  endfacet
  facet normal 0.000000e+00 0.000000e+00 1.000000e+00
    outer loop
      vertex   3.225000e+00 1.244263e+00 2.000000e+00
      vertex   1.474695e+00 1.474695e+00 2.000000e+00
      vertex   1.775000e+00 1.244263e+00 2.000000e+00
    endloop
  endfacet
  facet normal 0.000000e+00 0.000000e+00 1.000000e+00
    outer loop
      vertex   3.225000e+00 1.244263e+00 2.000000e+00
      vertex   1.775000e+00 1.244263e+00 2.000000e+00
      vertex   2.875288e+00 1.099408e+00 2.000000e+00
    endloop
  endfacet
  facet normal 0.000000e+00 0.000000e+00 1.000000e+00
    outer loop
      vertex   2.875288e+00 1.099408e+00 2.000000e+00
      vertex   1.775000e+00 1.244263e+00 2.000000e+00
      vertex   2.124712e+00 1.099408e+00 2.000000e+00
    endloop
  endfacet
  facet normal 0.000000e+00 0.000000e+00 1.000000e+00
    outer loop
      vertex   2.875288e+00 1.099408e+00 2.000000e+00
      vertex   2.124712e+00 1.099408e+00 2.000000e+00
      vertex   2.500000e+00 1.050000e+00 2.000000e+00
    endloop
  endfacet
  facet normal 0.000000e+00 0.000000e+00 1.000000e+00
    outer loop
      vertex   1.099408e+00 2.875288e+00 2.000000e+00
      vertex   3.900592e+00 2.875288e+00 2.000000e+00
      vertex   1.244263e+00 3.225000e+00 2.000000e+00
    endloop
  endfacet
  facet normal -0.000000e+00 0.000000e+00 1.000000e+00
    outer loop
      vertex   1.244263e+00 3.225000e+00 2.000000e+00
      vertex   3.900592e+00 2.875288e+00 2.000000e+00
      vertex   3.755737e+00 3.225000e+00 2.000000e+00
    endloop
  endfacet
  facet normal 0.000000e+00 0.000000e+00 1.000000e+00
    outer loop
      vertex   1.244263e+00 3.225000e+00 2.000000e+00
      vertex   3.755737e+00 3.225000e+00 2.000000e+00
      vertex   1.474695e+00 3.525305e+00 2.000000e+00
    endloop
  endfacet
  facet normal -0.000000e+00 0.000000e+00 1.000000e+00
    outer loop
      vertex   1.474695e+00 3.525305e+00 2.000000e+00
      vertex   3.755737e+00 3.225000e+00 2.000000e+00
      vertex   3.525305e+00 3.525305e+00 2.000000e+00
    endloop
  endfacet
  facet normal 0.000000e+00 0.000000e+00 1.000000e+00
    outer loop
      vertex   1.474695e+00 3.525305e+00 2.000000e+00
      vertex   3.525305e+00 3.525305e+00 2.000000e+00
      vertex   1.775000e+00 3.755737e+00 2.000000e+00
    endloop
  endfacet
  facet normal -0.000000e+00 0.000000e+00 1.000000e+00
    outer loop
      vertex   1.775000e+00 3.755737e+00 2.000000e+00
      vertex   3.525305e+00 3.525305e+00 2.000000e+00
      vertex   3.225000e+00 3.755737e+00 2.000000e+00
    endloop
  endfacet
  facet normal 0.000000e+00 0.000000e+00 1.000000e+00
    outer loop
      vertex   1.775000e+00 3.755737e+00 2.000000e+00
      vertex   3.225000e+00 3.755737e+00 2.000000e+00
      vertex   2.124712e+00 3.900592e+00 2.000000e+00
    endloop
  endfacet
  facet normal -0.000000e+00 0.000000e+00 1.000000e+00
    outer loop
      vertex   2.124712e+00 3.900592e+00 2.000000e+00
      vertex   3.225000e+00 3.755737e+00 2.000000e+00
      vertex   2.875288e+00 3.900592e+00 2.000000e+00
    endloop
  endfacet
  facet normal 0.000000e+00 0.000000e+00 1.000000e+00
    outer loop
      vertex   2.124712e+00 3.900592e+00 2.000000e+00
      vertex   2.875288e+00 3.900592e+00 2.000000e+00
      vertex   2.500000e+00 3.950000e+00 2.000000e+00
    endloop
  endfacet
  facet normal -9.914449e-01 1.305262e-01 0.000000e+00
    outer loop
      vertex   6.990059e+01 2.812471e+01 2.000000e+00
      vertex   6.990059e+01 2.812471e+01 5.000000e+00
      vertex   6.995000e+01 2.850000e+01 2.000000e+00
    endloop
  endfacet
  facet normal -9.914449e-01 1.305262e-01 0.000000e+00
    outer loop
      vertex   6.995000e+01 2.850000e+01 2.000000e+00
      vertex   6.990059e+01 2.812471e+01 5.000000e+00
      vertex   6.995000e+01 2.850000e+01 5.000000e+00
    endloop
  endfacet
  facet normal -9.914449e-01 -1.305262e-01 0.000000e+00
    outer loop
      vertex   6.995000e+01 2.850000e+01 2.000000e+00
      vertex   6.995000e+01 2.850000e+01 5.000000e+00
      vertex   6.990059e+01 2.887529e+01 2.000000e+00
    endloop
  endfacet
  facet normal -9.914449e-01 -1.305262e-01 0.000000e+00
    outer loop
      vertex   6.990059e+01 2.887529e+01 2.000000e+00
      vertex   6.995000e+01 2.850000e+01 5.000000e+00
      vertex   6.990059e+01 2.887529e+01 5.000000e+00
    endloop
  endfacet
  facet normal -9.238795e-01 -3.826834e-01 0.000000e+00
    outer loop
      vertex   6.990059e+01 2.887529e+01 2.000000e+00
      vertex   6.990059e+01 2.887529e+01 5.000000e+00
      vertex   6.975574e+01 2.922500e+01 2.000000e+00
    endloop
  endfacet
  facet normal -9.238795e-01 -3.826834e-01 0.000000e+00
    outer loop
      vertex   6.975574e+01 2.922500e+01 2.000000e+00
      vertex   6.990059e+01 2.887529e+01 5.000000e+00
      vertex   6.975574e+01 2.922500e+01 5.000000e+00
    endloop
  endfacet
  facet normal -7.933533e-01 -6.087614e-01 0.000000e+00
    outer loop
      vertex   6.975574e+01 2.922500e+01 2.000000e+00
      vertex   6.975574e+01 2.922500e+01 5.000000e+00
      vertex   6.952530e+01 2.952530e+01 2.000000e+00
    endloop
  endfacet
  facet normal -7.933533e-01 -6.087614e-01 0.000000e+00
    outer loop
      vertex   6.952530e+01 2.952530e+01 2.000000e+00
      vertex   6.975574e+01 2.922500e+01 5.000000e+00
      vertex   6.952530e+01 2.952530e+01 5.000000e+00
    endloop
  endfacet
  facet normal -6.087614e-01 -7.933533e-01 0.000000e+00
    outer loop
      vertex   6.952530e+01 2.952530e+01 2.000000e+00
      vertex   6.952530e+01 2.952530e+01 5.000000e+00
      vertex   6.922500e+01 2.975574e+01 2.000000e+00
    endloop
  endfacet
  facet normal -6.087614e-01 -7.933533e-01 0.000000e+00
    outer loop
      vertex   6.922500e+01 2.975574e+01 2.000000e+00
      vertex   6.952530e+01 2.952530e+01 5.000000e+00
      vertex   6.922500e+01 2.975574e+01 5.000000e+00
    endloop
  endfacet
  facet normal -3.826834e-01 -9.238795e-01 0.000000e+00
    outer loop
      vertex   6.922500e+01 2.975574e+01 2.000000e+00
      vertex   6.922500e+01 2.975574e+01 5.000000e+00
      vertex   6.887529e+01 2.990059e+01 2.000000e+00
    endloop
  endfacet
  facet normal -3.826834e-01 -9.238795e-01 0.000000e+00
    outer loop
      vertex   6.887529e+01 2.990059e+01 2.000000e+00
      vertex   6.922500e+01 2.975574e+01 5.000000e+00
      vertex   6.887529e+01 2.990059e+01 5.000000e+00
    endloop
  endfacet
  facet normal -1.305262e-01 -9.914449e-01 0.000000e+00
    outer loop
      vertex   6.887529e+01 2.990059e+01 2.000000e+00
      vertex   6.887529e+01 2.990059e+01 5.000000e+00
      vertex   6.850000e+01 2.995000e+01 2.000000e+00
    endloop
  endfacet
  facet normal -1.305262e-01 -9.914449e-01 0.000000e+00
    outer loop
      vertex   6.850000e+01 2.995000e+01 2.000000e+00
      vertex   6.887529e+01 2.990059e+01 5.000000e+00
      vertex   6.850000e+01 2.995000e+01 5.000000e+00
    endloop
  endfacet
  facet normal 1.305262e-01 -9.914449e-01 0.000000e+00
    outer loop
      vertex   6.850000e+01 2.995000e+01 2.000000e+00
      vertex   6.850000e+01 2.995000e+01 5.000000e+00
      vertex   6.812471e+01 2.990059e+01 2.000000e+00
    endloop
  endfacet
  facet normal 1.305262e-01 -9.914449e-01 0.000000e+00
    outer loop
      vertex   6.812471e+01 2.990059e+01 2.000000e+00
      vertex   6.850000e+01 2.995000e+01 5.000000e+00
      vertex   6.812471e+01 2.990059e+01 5.000000e+00
    endloop
  endfacet
  facet normal 3.826834e-01 -9.238795e-01 0.000000e+00
    outer loop
      vertex   6.812471e+01 2.990059e+01 2.000000e+00
      vertex   6.812471e+01 2.990059e+01 5.000000e+00
      vertex   6.777500e+01 2.975574e+01 2.000000e+00
    endloop
  endfacet
  facet normal 3.826834e-01 -9.238795e-01 0.000000e+00
    outer loop
      vertex   6.777500e+01 2.975574e+01 2.000000e+00
      vertex   6.812471e+01 2.990059e+01 5.000000e+00
      vertex   6.777500e+01 2.975574e+01 5.000000e+00
    endloop
  endfacet
  facet normal 6.087614e-01 -7.933533e-01 0.000000e+00
    outer loop
      vertex   6.777500e+01 2.975574e+01 2.000000e+00
      vertex   6.777500e+01 2.975574e+01 5.000000e+00
      vertex   6.747470e+01 2.952530e+01 2.000000e+00
    endloop
  endfacet
  facet normal 6.087614e-01 -7.933533e-01 0.000000e+00
    outer loop
      vertex   6.747470e+01 2.952530e+01 2.000000e+00
      vertex   6.777500e+01 2.975574e+01 5.000000e+00
      vertex   6.747470e+01 2.952530e+01 5.000000e+00
    endloop
  endfacet
  facet normal 7.933533e-01 -6.087614e-01 0.000000e+00
    outer loop
      vertex   6.747470e+01 2.952530e+01 2.000000e+00
      vertex   6.747470e+01 2.952530e+01 5.000000e+00
      vertex   6.724426e+01 2.922500e+01 2.000000e+00
    endloop
  endfacet
  facet normal 7.933533e-01 -6.087614e-01 0.000000e+00
    outer loop
      vertex   6.724426e+01 2.922500e+01 2.000000e+00
      vertex   6.747470e+01 2.952530e+01 5.000000e+00
      vertex   6.724426e+01 2.922500e+01 5.000000e+00
    endloop
  endfacet
  facet normal 9.238795e-01 -3.826834e-01 0.000000e+00
    outer loop
      vertex   6.724426e+01 2.922500e+01 2.000000e+00
      vertex   6.724426e+01 2.922500e+01 5.000000e+00
      vertex   6.709941e+01 2.887529e+01 2.000000e+00
    endloop
  endfacet
  facet normal 9.238795e-01 -3.826834e-01 0.000000e+00
    outer loop
      vertex   6.709941e+01 2.887529e+01 2.000000e+00
      vertex   6.724426e+01 2.922500e+01 5.000000e+00
      vertex   6.709941e+01 2.887529e+01 5.000000e+00
    endloop
  endfacet
  facet normal 9.914449e-01 -1.305262e-01 0.000000e+00
    outer loop
      vertex   6.709941e+01 2.887529e+01 2.000000e+00
      vertex   6.709941e+01 2.887529e+01 5.000000e+00
      vertex   6.705000e+01 2.850000e+01 2.000000e+00
    endloop
  endfacet
  facet normal 9.914449e-01 -1.305262e-01 0.000000e+00
    outer loop
      vertex   6.705000e+01 2.850000e+01 2.000000e+00
      vertex   6.709941e+01 2.887529e+01 5.000000e+00
      vertex   6.705000e+01 2.850000e+01 5.000000e+00
    endloop
  endfacet
  facet normal 9.914449e-01 1.305262e-01 -0.000000e+00
    outer loop
      vertex   6.705000e+01 2.850000e+01 2.000000e+00
      vertex   6.705000e+01 2.850000e+01 5.000000e+00
      vertex   6.709941e+01 2.812471e+01 2.000000e+00
    endloop
  endfacet
  facet normal 9.914449e-01 1.305262e-01 -0.000000e+00
    outer loop
      vertex   6.709941e+01 2.812471e+01 2.000000e+00
      vertex   6.705000e+01 2.850000e+01 5.000000e+00
      vertex   6.709941e+01 2.812471e+01 5.000000e+00
    endloop
  endfacet
  facet normal 9.238795e-01 3.826834e-01 -0.000000e+00
    outer loop
      vertex   6.709941e+01 2.812471e+01 2.000000e+00
      vertex   6.709941e+01 2.812471e+01 5.000000e+00
      vertex   6.724426e+01 2.777500e+01 2.000000e+00
    endloop
  endfacet
  facet normal 9.238795e-01 3.826834e-01 -0.000000e+00
    outer loop
      vertex   6.724426e+01 2.777500e+01 2.000000e+00
      vertex   6.709941e+01 2.812471e+01 5.000000e+00
      vertex   6.724426e+01 2.777500e+01 5.000000e+00
    endloop
  endfacet
  facet normal 7.933533e-01 6.087614e-01 -0.000000e+00
    outer loop
      vertex   6.724426e+01 2.777500e+01 2.000000e+00
      vertex   6.724426e+01 2.777500e+01 5.000000e+00
      vertex   6.747470e+01 2.747470e+01 2.000000e+00
    endloop
  endfacet
  facet normal 7.933533e-01 6.087614e-01 -0.000000e+00
    outer loop
      vertex   6.747470e+01 2.747470e+01 2.000000e+00
      vertex   6.724426e+01 2.777500e+01 5.000000e+00
      vertex   6.747470e+01 2.747470e+01 5.000000e+00
    endloop
  endfacet
  facet normal 6.087614e-01 7.933533e-01 -0.000000e+00
    outer loop
      vertex   6.747470e+01 2.747470e+01 2.000000e+00
      vertex   6.747470e+01 2.747470e+01 5.000000e+00
      vertex   6.777500e+01 2.724426e+01 2.000000e+00
    endloop
  endfacet
  facet normal 6.087614e-01 7.933533e-01 -0.000000e+00
    outer loop
      vertex   6.777500e+01 2.724426e+01 2.000000e+00
      vertex   6.747470e+01 2.747470e+01 5.000000e+00
      vertex   6.777500e+01 2.724426e+01 5.000000e+00
    endloop
  endfacet
  facet normal 3.826834e-01 9.238795e-01 -0.000000e+00
    outer loop
      vertex   6.777500e+01 2.724426e+01 2.000000e+00
      vertex   6.777500e+01 2.724426e+01 5.000000e+00
      vertex   6.812471e+01 2.709941e+01 2.000000e+00
    endloop
  endfacet
  facet normal 3.826834e-01 9.238795e-01 -0.000000e+00
    outer loop
      vertex   6.812471e+01 2.709941e+01 2.000000e+00
      vertex   6.777500e+01 2.724426e+01 5.000000e+00
      vertex   6.812471e+01 2.709941e+01 5.000000e+00
    endloop
  endfacet
  facet normal 1.305262e-01 9.914449e-01 -0.000000e+00
    outer loop
      vertex   6.812471e+01 2.709941e+01 2.000000e+00
      vertex   6.812471e+01 2.709941e+01 5.000000e+00
      vertex   6.850000e+01 2.705000e+01 2.000000e+00
    endloop
  endfacet
  facet normal 1.305262e-01 9.914449e-01 -0.000000e+00
    outer loop
      vertex   6.850000e+01 2.705000e+01 2.000000e+00
      vertex   6.812471e+01 2.709941e+01 5.000000e+00
      vertex   6.850000e+01 2.705000e+01 5.000000e+00
    endloop
  endfacet
  facet normal -1.305262e-01 9.914449e-01 0.000000e+00
    outer loop
      vertex   6.850000e+01 2.705000e+01 2.000000e+00
      vertex   6.850000e+01 2.705000e+01 5.000000e+00
      vertex   6.887529e+01 2.709941e+01 2.000000e+00
    endloop
  endfacet
  facet normal -1.305262e-01 9.914449e-01 0.000000e+00
    outer loop
      vertex   6.887529e+01 2.709941e+01 2.000000e+00
      vertex   6.850000e+01 2.705000e+01 5.000000e+00
      vertex   6.887529e+01 2.709941e+01 5.000000e+00
    endloop
  endfacet
  facet normal -3.826834e-01 9.238795e-01 0.000000e+00
    outer loop
      vertex   6.887529e+01 2.709941e+01 2.000000e+00
      vertex   6.887529e+01 2.709941e+01 5.000000e+00
      vertex   6.922500e+01 2.724426e+01 2.000000e+00
    endloop
  endfacet
  facet normal -3.826834e-01 9.238795e-01 0.000000e+00
    outer loop
      vertex   6.922500e+01 2.724426e+01 2.000000e+00
      vertex   6.887529e+01 2.709941e+01 5.000000e+00
      vertex   6.922500e+01 2.724426e+01 5.000000e+00
    endloop
  endfacet
  facet normal -6.087614e-01 7.933533e-01 0.000000e+00
    outer loop
      vertex   6.922500e+01 2.724426e+01 2.000000e+00
      vertex   6.922500e+01 2.724426e+01 5.000000e+00
      vertex   6.952530e+01 2.747470e+01 2.000000e+00
    endloop
  endfacet
  facet normal -6.087614e-01 7.933533e-01 0.000000e+00
    outer loop
      vertex   6.952530e+01 2.747470e+01 2.000000e+00
      vertex   6.922500e+01 2.724426e+01 5.000000e+00
      vertex   6.952530e+01 2.747470e+01 5.000000e+00
    endloop
  endfacet
  facet normal -7.933533e-01 6.087614e-01 0.000000e+00
    outer loop
      vertex   6.952530e+01 2.747470e+01 2.000000e+00
      vertex   6.952530e+01 2.747470e+01 5.000000e+00
      vertex   6.975574e+01 2.777500e+01 2.000000e+00
    endloop
  endfacet
  facet normal -7.933533e-01 6.087614e-01 0.000000e+00
    outer loop
      vertex   6.975574e+01 2.777500e+01 2.000000e+00
      vertex   6.952530e+01 2.747470e+01 5.000000e+00
      vertex   6.975574e+01 2.777500e+01 5.000000e+00
    endloop
  endfacet
  facet normal -9.238795e-01 3.826834e-01 0.000000e+00
    outer loop
      vertex   6.975574e+01 2.777500e+01 2.000000e+00
      vertex   6.975574e+01 2.777500e+01 5.000000e+00
      vertex   6.990059e+01 2.812471e+01 2.000000e+00
    endloop
  endfacet
  facet normal -9.238795e-01 3.826834e-01 0.000000e+00
    outer loop
      vertex   6.990059e+01 2.812471e+01 2.000000e+00
      vertex   6.975574e+01 2.777500e+01 5.000000e+00
      vertex   6.990059e+01 2.812471e+01 5.000000e+00
    endloop
  endfacet
  facet normal 0.000000e+00 0.000000e+00 1.000000e+00
    outer loop
      vertex   6.990059e+01 2.887529e+01 2.000000e+00
      vertex   6.709941e+01 2.887529e+01 2.000000e+00
      vertex   6.995000e+01 2.850000e+01 2.000000e+00
    endloop
  endfacet
  facet normal 0.000000e+00 0.000000e+00 1.000000e+00
    outer loop
      vertex   6.995000e+01 2.850000e+01 2.000000e+00
      vertex   6.709941e+01 2.887529e+01 2.000000e+00
      vertex   6.705000e+01 2.850000e+01 2.000000e+00
    endloop
  endfacet
  facet normal 0.000000e+00 0.000000e+00 1.000000e+00
    outer loop
      vertex   6.995000e+01 2.850000e+01 2.000000e+00
      vertex   6.705000e+01 2.850000e+01 2.000000e+00
      vertex   6.990059e+01 2.812471e+01 2.000000e+00
    endloop
  endfacet
  facet normal 0.000000e+00 0.000000e+00 1.000000e+00
    outer loop
      vertex   6.990059e+01 2.812471e+01 2.000000e+00
      vertex   6.705000e+01 2.850000e+01 2.000000e+00
      vertex   6.709941e+01 2.812471e+01 2.000000e+00
    endloop
  endfacet
  facet normal 0.000000e+00 0.000000e+00 1.000000e+00
    outer loop
      vertex   6.990059e+01 2.812471e+01 2.000000e+00
      vertex   6.709941e+01 2.812471e+01 2.000000e+00
      vertex   6.975574e+01 2.777500e+01 2.000000e+00
    endloop
  endfacet
  facet normal 0.000000e+00 0.000000e+00 1.000000e+00
    outer loop
      vertex   6.975574e+01 2.777500e+01 2.000000e+00
      vertex   6.709941e+01 2.812471e+01 2.000000e+00
      vertex   6.724426e+01 2.777500e+01 2.000000e+00
    endloop
  endfacet
  facet normal 0.000000e+00 0.000000e+00 1.000000e+00
    outer loop
      vertex   6.975574e+01 2.777500e+01 2.000000e+00
      vertex   6.724426e+01 2.777500e+01 2.000000e+00
      vertex   6.952530e+01 2.747470e+01 2.000000e+00
    endloop
  endfacet
  facet normal 0.000000e+00 0.000000e+00 1.000000e+00
    outer loop
      vertex   6.952530e+01 2.747470e+01 2.000000e+00
      vertex   6.724426e+01 2.777500e+01 2.000000e+00
      vertex   6.747470e+01 2.747470e+01 2.000000e+00
    endloop
  endfacet
  facet normal 0.000000e+00 0.000000e+00 1.000000e+00
    outer loop
      vertex   6.952530e+01 2.747470e+01 2.000000e+00
      vertex   6.747470e+01 2.747470e+01 2.000000e+00
      vertex   6.922500e+01 2.724426e+01 2.000000e+00
    endloop
  endfacet
  facet normal 0.000000e+00 0.000000e+00 1.000000e+00
    outer loop
      vertex   6.922500e+01 2.724426e+01 2.000000e+00
      vertex   6.747470e+01 2.747470e+01 2.000000e+00
      vertex   6.777500e+01 2.724426e+01 2.000000e+00
    endloop
  endfacet
  facet normal 0.000000e+00 0.000000e+00 1.000000e+00
    outer loop
      vertex   6.922500e+01 2.724426e+01 2.000000e+00
      vertex   6.777500e+01 2.724426e+01 2.000000e+00
      vertex   6.887529e+01 2.709941e+01 2.000000e+00
    endloop
  endfacet
  facet normal 0.000000e+00 0.000000e+00 1.000000e+00
    outer loop
      vertex   6.887529e+01 2.709941e+01 2.000000e+00
      vertex   6.777500e+01 2.724426e+01 2.000000e+00
      vertex   6.812471e+01 2.709941e+01 2.000000e+00
    endloop
  endfacet
  facet normal 0.000000e+00 0.000000e+00 1.000000e+00
    outer loop
      vertex   6.887529e+01 2.709941e+01 2.000000e+00
      vertex   6.812471e+01 2.709941e+01 2.000000e+00
      vertex   6.850000e+01 2.705000e+01 2.000000e+00
    endloop
  endfacet
  facet normal 0.000000e+00 0.000000e+00 1.000000e+00
    outer loop
      vertex   6.709941e+01 2.887529e+01 2.000000e+00
      vertex   6.990059e+01 2.887529e+01 2.000000e+00
      vertex   6.724426e+01 2.922500e+01 2.000000e+00
    endloop
  endfacet
  facet normal -0.000000e+00 0.000000e+00 1.000000e+00
    outer loop
      vertex   6.724426e+01 2.922500e+01 2.000000e+00
      vertex   6.990059e+01 2.887529e+01 2.000000e+00
      vertex   6.975574e+01 2.922500e+01 2.000000e+00
    endloop
  endfacet
  facet normal 0.000000e+00 0.000000e+00 1.000000e+00
    outer loop
      vertex   6.724426e+01 2.922500e+01 2.000000e+00
      vertex   6.975574e+01 2.922500e+01 2.000000e+00
      vertex   6.747470e+01 2.952530e+01 2.000000e+00
    endloop
  endfacet
  facet normal -0.000000e+00 0.000000e+00 1.000000e+00
    outer loop
      vertex   6.747470e+01 2.952530e+01 2.000000e+00
      vertex   6.975574e+01 2.922500e+01 2.000000e+00
      vertex   6.952530e+01 2.952530e+01 2.000000e+00
    endloop
  endfacet
  facet normal 0.000000e+00 0.000000e+00 1.000000e+00
    outer loop
      vertex   6.747470e+01 2.952530e+01 2.000000e+00
      vertex   6.952530e+01 2.952530e+01 2.000000e+00
      vertex   6.777500e+01 2.975574e+01 2.000000e+00
    endloop
  endfacet
  facet normal -0.000000e+00 0.000000e+00 1.000000e+00
    outer loop
      vertex   6.777500e+01 2.975574e+01 2.000000e+00
      vertex   6.952530e+01 2.952530e+01 2.000000e+00
      vertex   6.922500e+01 2.975574e+01 2.000000e+00
    endloop
  endfacet
  facet normal 0.000000e+00 0.000000e+00 1.000000e+00
    outer loop
      vertex   6.777500e+01 2.975574e+01 2.000000e+00
      vertex   6.922500e+01 2.975574e+01 2.000000e+00
      vertex   6.812471e+01 2.990059e+01 2.000000e+00
    endloop
  endfacet
  facet normal -0.000000e+00 0.000000e+00 1.000000e+00
    outer loop
      vertex   6.812471e+01 2.990059e+01 2.000000e+00
      vertex   6.922500e+01 2.975574e+01 2.000000e+00
      vertex   6.887529e+01 2.990059e+01 2.000000e+00
    endloop
  endfacet
  facet normal 0.000000e+00 0.000000e+00 1.000000e+00
    outer loop
      vertex   6.812471e+01 2.990059e+01 2.000000e+00
      vertex   6.887529e+01 2.990059e+01 2.000000e+00
      vertex   6.850000e+01 2.995000e+01 2.000000e+00
    endloop
  endfacet
  facet normal -1.000000e+00 -0.000000e+00 -3.526608e-07
    outer loop
      vertex   7.100000e+01 2.411252e+01 2.000000e+00
      vertex   7.100000e+01 6.887482e+00 2.000000e+00
      vertex   7.100000e+01 2.411252e+01 5.000000e+00
    endloop
  endfacet
  facet normal -1.000000e+00 -0.000000e+00 -3.526608e-07
    outer loop
      vertex   7.100000e+01 2.411252e+01 5.000000e+00
      vertex   7.100000e+01 6.887482e+00 2.000000e+00
      vertex   7.100000e+01 6.887482e+00 5.000000e+00
    endloop
  endfacet
  facet normal -1.000000e+00 0.000000e+00 0.000000e+00
    outer loop
      vertex   7.100000e+01 2.411252e+01 5.000000e+00
      vertex   7.100000e+01 6.887482e+00 5.000000e+00
      vertex   7.100000e+01 3.100000e+01 2.200000e+01
    endloop
  endfacet
  facet normal -1.000000e+00 -0.000000e+00 0.000000e+00
    outer loop
      vertex   7.100000e+01 3.100000e+01 2.200000e+01
      vertex   7.100000e+01 6.887482e+00 5.000000e+00
      vertex   7.100000e+01 0.000000e+00 2.200000e+01
    endloop
  endfacet
  facet normal -1.000000e+00 0.000000e+00 0.000000e+00
    outer loop
      vertex   7.100000e+01 0.000000e+00 2.200000e+01
      vertex   7.100000e+01 6.887482e+00 5.000000e+00
      vertex   7.100000e+01 0.000000e+00 5.000000e+00
    endloop
  endfacet
  facet normal -1.000000e+00 0.000000e+00 -0.000000e+00
    outer loop
      vertex   7.100000e+01 3.100000e+01 2.200000e+01
      vertex   7.100000e+01 3.100000e+01 5.000000e+00
      vertex   7.100000e+01 2.411252e+01 5.000000e+00
    endloop
  endfacet
  facet normal -0.000000e+00 0.000000e+00 1.000000e+00
    outer loop
      vertex   6.990059e+01 2.812471e+01 5.000000e+00
      vertex   7.080704e+01 2.484848e+01 5.000000e+00
      vertex   6.995000e+01 2.850000e+01 5.000000e+00
    endloop
  endfacet
  facet normal -0.000000e+00 0.000000e+00 1.000000e+00
    outer loop
      vertex   6.995000e+01 2.850000e+01 5.000000e+00
      vertex   7.080704e+01 2.484848e+01 5.000000e+00
      vertex   7.100000e+01 3.100000e+01 5.000000e+00
    endloop
  endfacet
  facet normal 0.000000e+00 -0.000000e+00 1.000000e+00
    outer loop
      vertex   6.995000e+01 2.850000e+01 5.000000e+00
      vertex   7.100000e+01 3.100000e+01 5.000000e+00
      vertex   6.990059e+01 2.887529e+01 5.000000e+00
    endloop
  endfacet
  facet normal 0.000000e+00 -0.000000e+00 1.000000e+00
    outer loop
      vertex   6.990059e+01 2.887529e+01 5.000000e+00
      vertex   7.100000e+01 3.100000e+01 5.000000e+00
      vertex   6.975574e+01 2.922500e+01 5.000000e+00
    endloop
  endfacet
  facet normal 0.000000e+00 -0.000000e+00 1.000000e+00
    outer loop
      vertex   6.975574e+01 2.922500e+01 5.000000e+00
      vertex   7.100000e+01 3.100000e+01 5.000000e+00
      vertex   6.952530e+01 2.952530e+01 5.000000e+00
    endloop
  endfacet
  facet normal 0.000000e+00 -0.000000e+00 1.000000e+00
    outer loop
      vertex   6.952530e+01 2.952530e+01 5.000000e+00
      vertex   7.100000e+01 3.100000e+01 5.000000e+00
      vertex   6.922500e+01 2.975574e+01 5.000000e+00
    endloop
  endfacet
  facet normal 0.000000e+00 -0.000000e+00 1.000000e+00
    outer loop
      vertex   6.922500e+01 2.975574e+01 5.000000e+00
      vertex   7.100000e+01 3.100000e+01 5.000000e+00
      vertex   6.887529e+01 2.990059e+01 5.000000e+00
    endloop
  endfacet
  facet normal 0.000000e+00 -0.000000e+00 1.000000e+00
    outer loop
      vertex   6.887529e+01 2.990059e+01 5.000000e+00
      vertex   7.100000e+01 3.100000e+01 5.000000e+00
      vertex   6.850000e+01 2.995000e+01 5.000000e+00
    endloop
  endfacet
  facet normal 0.000000e+00 -0.000000e+00 1.000000e+00
    outer loop
      vertex   6.850000e+01 2.995000e+01 5.000000e+00
      vertex   7.100000e+01 3.100000e+01 5.000000e+00
      vertex   6.484848e+01 3.080704e+01 5.000000e+00
    endloop
  endfacet
  facet normal 0.000000e+00 0.000000e+00 1.000000e+00
    outer loop
      vertex   6.850000e+01 2.995000e+01 5.000000e+00
      vertex   6.484848e+01 3.080704e+01 5.000000e+00
      vertex   6.812471e+01 2.990059e+01 5.000000e+00
    endloop
  endfacet
  facet normal 0.000000e+00 0.000000e+00 1.000000e+00
    outer loop
      vertex   6.812471e+01 2.990059e+01 5.000000e+00
      vertex   6.484848e+01 3.080704e+01 5.000000e+00
      vertex   6.515590e+01 3.057766e+01 5.000000e+00
    endloop
  endfacet
  facet normal 0.000000e+00 0.000000e+00 1.000000e+00
    outer loop
      vertex   6.812471e+01 2.990059e+01 5.000000e+00
      vertex   6.515590e+01 3.057766e+01 5.000000e+00
      vertex   6.777500e+01 2.975574e+01 5.000000e+00
    endloop
  endfacet
  facet normal 0.000000e+00 0.000000e+00 1.000000e+00
    outer loop
      vertex   6.777500e+01 2.975574e+01 5.000000e+00
      vertex   6.515590e+01 3.057766e+01 5.000000e+00
      vertex   6.539510e+01 3.027781e+01 5.000000e+00
    endloop
  endfacet
  facet normal 0.000000e+00 0.000000e+00 1.000000e+00
    outer loop
      vertex   6.777500e+01 2.975574e+01 5.000000e+00
      vertex   6.539510e+01 3.027781e+01 5.000000e+00
      vertex   6.747470e+01 2.952530e+01 5.000000e+00
    endloop
  endfacet
  facet normal 0.000000e+00 0.000000e+00 1.000000e+00
    outer loop
      vertex   6.747470e+01 2.952530e+01 5.000000e+00
      vertex   6.539510e+01 3.027781e+01 5.000000e+00
      vertex   6.555043e+01 2.992711e+01 5.000000e+00
    endloop
  endfacet
  facet normal 0.000000e+00 0.000000e+00 1.000000e+00
    outer loop
      vertex   6.747470e+01 2.952530e+01 5.000000e+00
      vertex   6.555043e+01 2.992711e+01 5.000000e+00
      vertex   6.724426e+01 2.922500e+01 5.000000e+00
    endloop
  endfacet
  facet normal 0.000000e+00 0.000000e+00 1.000000e+00
    outer loop
      vertex   6.724426e+01 2.922500e+01 5.000000e+00
      vertex   6.555043e+01 2.992711e+01 5.000000e+00
      vertex   6.561173e+01 2.954847e+01 5.000000e+00
    endloop
  endfacet
  facet normal 0.000000e+00 0.000000e+00 1.000000e+00
    outer loop
      vertex   6.724426e+01 2.922500e+01 5.000000e+00
      vertex   6.561173e+01 2.954847e+01 5.000000e+00
      vertex   6.709941e+01 2.887529e+01 5.000000e+00
    endloop
  endfacet
  facet normal 0.000000e+00 0.000000e+00 1.000000e+00
    outer loop
      vertex   6.709941e+01 2.887529e+01 5.000000e+00
      vertex   6.561173e+01 2.954847e+01 5.000000e+00
      vertex   6.557501e+01 2.916667e+01 5.000000e+00
    endloop
  endfacet
  facet normal 0.000000e+00 0.000000e+00 1.000000e+00
    outer loop
      vertex   6.709941e+01 2.887529e+01 5.000000e+00
      vertex   6.557501e+01 2.916667e+01 5.000000e+00
      vertex   6.550247e+01 2.862161e+01 5.000000e+00
    endloop
  endfacet
  facet normal 0.000000e+00 0.000000e+00 1.000000e+00
    outer loop
      vertex   7.080704e+01 2.484848e+01 5.000000e+00
      vertex   6.990059e+01 2.812471e+01 5.000000e+00
      vertex   7.057766e+01 2.515590e+01 5.000000e+00
    endloop
  endfacet
  facet normal 0.000000e+00 0.000000e+00 1.000000e+00
    outer loop
      vertex   7.057766e+01 2.515590e+01 5.000000e+00
      vertex   6.990059e+01 2.812471e+01 5.000000e+00
      vertex   6.975574e+01 2.777500e+01 5.000000e+00
    endloop
  endfacet
  facet normal 0.000000e+00 0.000000e+00 1.000000e+00
    outer loop
      vertex   7.057766e+01 2.515590e+01 5.000000e+00
      vertex   6.975574e+01 2.777500e+01 5.000000e+00
      vertex   7.027781e+01 2.539510e+01 5.000000e+00
    endloop
  endfacet
  facet normal 0.000000e+00 0.000000e+00 1.000000e+00
    outer loop
      vertex   7.027781e+01 2.539510e+01 5.000000e+00
      vertex   6.975574e+01 2.777500e+01 5.000000e+00
      vertex   6.952530e+01 2.747470e+01 5.000000e+00
    endloop
  endfacet
  facet normal 0.000000e+00 0.000000e+00 1.000000e+00
    outer loop
      vertex   7.027781e+01 2.539510e+01 5.000000e+00
      vertex   6.952530e+01 2.747470e+01 5.000000e+00
      vertex   6.992711e+01 2.555043e+01 5.000000e+00
    endloop
  endfacet
  facet normal 0.000000e+00 0.000000e+00 1.000000e+00
    outer loop
      vertex   6.992711e+01 2.555043e+01 5.000000e+00
      vertex   6.952530e+01 2.747470e+01 5.000000e+00
      vertex   6.922500e+01 2.724426e+01 5.000000e+00
    endloop
  endfacet
  facet normal 0.000000e+00 0.000000e+00 1.000000e+00
    outer loop
      vertex   6.992711e+01 2.555043e+01 5.000000e+00
      vertex   6.922500e+01 2.724426e+01 5.000000e+00
      vertex   6.954847e+01 2.561173e+01 5.000000e+00
    endloop
  endfacet
  facet normal 0.000000e+00 0.000000e+00 1.000000e+00
    outer loop
      vertex   6.954847e+01 2.561173e+01 5.000000e+00
      vertex   6.922500e+01 2.724426e+01 5.000000e+00
      vertex   6.887529e+01 2.709941e+01 5.000000e+00
    endloop
  endfacet
  facet normal 0.000000e+00 0.000000e+00 1.000000e+00
    outer loop
      vertex   6.954847e+01 2.561173e+01 5.000000e+00
      vertex   6.887529e+01 2.709941e+01 5.000000e+00
      vertex   6.916667e+01 2.557501e+01 5.000000e+00
    endloop
  endfacet
  facet normal 0.000000e+00 0.000000e+00 1.000000e+00
    outer loop
      vertex   6.916667e+01 2.557501e+01 5.000000e+00
      vertex   6.887529e+01 2.709941e+01 5.000000e+00
      vertex   6.862161e+01 2.550247e+01 5.000000e+00
    endloop
  endfacet
  facet normal 0.000000e+00 -0.000000e+00 1.000000e+00
    outer loop
      vertex   6.862161e+01 2.550247e+01 5.000000e+00
      vertex   6.887529e+01 2.709941e+01 5.000000e+00
      vertex   6.850000e+01 2.705000e+01 5.000000e+00
    endloop
  endfacet
  facet normal 0.000000e+00 0.000000e+00 1.000000e+00
    outer loop
      vertex   6.862161e+01 2.550247e+01 5.000000e+00
      vertex   6.850000e+01 2.705000e+01 5.000000e+00
      vertex   6.807248e+01 2.553062e+01 5.000000e+00
    endloop
  endfacet
  facet normal 0.000000e+00 0.000000e+00 1.000000e+00
    outer loop
      vertex   6.807248e+01 2.553062e+01 5.000000e+00
      vertex   6.850000e+01 2.705000e+01 5.000000e+00
      vertex   6.812471e+01 2.709941e+01 5.000000e+00
    endloop
  endfacet
  facet normal 0.000000e+00 -0.000000e+00 1.000000e+00
    outer loop
      vertex   6.807248e+01 2.553062e+01 5.000000e+00
      vertex   6.812471e+01 2.709941e+01 5.000000e+00
      vertex   6.753770e+01 2.565852e+01 5.000000e+00
    endloop
  endfacet
  facet normal 0.000000e+00 0.000000e+00 1.000000e+00
    outer loop
      vertex   6.753770e+01 2.565852e+01 5.000000e+00
      vertex   6.812471e+01 2.709941e+01 5.000000e+00
      vertex   6.777500e+01 2.724426e+01 5.000000e+00
    endloop
  endfacet
  facet normal 0.000000e+00 -0.000000e+00 1.000000e+00
    outer loop
      vertex   6.753770e+01 2.565852e+01 5.000000e+00
      vertex   6.777500e+01 2.724426e+01 5.000000e+00
      vertex   6.703525e+01 2.588189e+01 5.000000e+00
    endloop
  endfacet
  facet normal 0.000000e+00 -0.000000e+00 1.000000e+00
    outer loop
      vertex   6.703525e+01 2.588189e+01 5.000000e+00
      vertex   6.777500e+01 2.724426e+01 5.000000e+00
      vertex   6.658201e+01 2.619320e+01 5.000000e+00
    endloop
  endfacet
  facet normal 0.000000e+00 0.000000e+00 1.000000e+00
    outer loop
      vertex   6.658201e+01 2.619320e+01 5.000000e+00
      vertex   6.777500e+01 2.724426e+01 5.000000e+00
      vertex   6.747470e+01 2.747470e+01 5.000000e+00
    endloop
  endfacet
  facet normal 0.000000e+00 -0.000000e+00 1.000000e+00
    outer loop
      vertex   6.658201e+01 2.619320e+01 5.000000e+00
      vertex   6.747470e+01 2.747470e+01 5.000000e+00
      vertex   6.619320e+01 2.658201e+01 5.000000e+00
    endloop
  endfacet
  facet normal 0.000000e+00 0.000000e+00 1.000000e+00
    outer loop
      vertex   6.619320e+01 2.658201e+01 5.000000e+00
      vertex   6.747470e+01 2.747470e+01 5.000000e+00
      vertex   6.724426e+01 2.777500e+01 5.000000e+00
    endloop
  endfacet
  facet normal 0.000000e+00 -0.000000e+00 1.000000e+00
    outer loop
      vertex   6.619320e+01 2.658201e+01 5.000000e+00
      vertex   6.724426e+01 2.777500e+01 5.000000e+00
      vertex   6.588189e+01 2.703525e+01 5.000000e+00
    endloop
  endfacet
  facet normal 0.000000e+00 -0.000000e+00 1.000000e+00
    outer loop
      vertex   6.588189e+01 2.703525e+01 5.000000e+00
      vertex   6.724426e+01 2.777500e+01 5.000000e+00
      vertex   6.565852e+01 2.753770e+01 5.000000e+00
    endloop
  endfacet
  facet normal 0.000000e+00 0.000000e+00 1.000000e+00
    outer loop
      vertex   6.565852e+01 2.753770e+01 5.000000e+00
      vertex   6.724426e+01 2.777500e+01 5.000000e+00
      vertex   6.709941e+01 2.812471e+01 5.000000e+00
    endloop
  endfacet
  facet normal 0.000000e+00 -0.000000e+00 1.000000e+00
    outer loop
      vertex   6.565852e+01 2.753770e+01 5.000000e+00
      vertex   6.709941e+01 2.812471e+01 5.000000e+00
      vertex   6.553062e+01 2.807248e+01 5.000000e+00
    endloop
  endfacet
  facet normal 0.000000e+00 0.000000e+00 1.000000e+00
    outer loop
      vertex   6.553062e+01 2.807248e+01 5.000000e+00
      vertex   6.709941e+01 2.812471e+01 5.000000e+00
      vertex   6.705000e+01 2.850000e+01 5.000000e+00
    endloop
  endfacet
  facet normal 0.000000e+00 -0.000000e+00 1.000000e+00
    outer loop
      vertex   6.553062e+01 2.807248e+01 5.000000e+00
      vertex   6.705000e+01 2.850000e+01 5.000000e+00
      vertex   6.550247e+01 2.862161e+01 5.000000e+00
    endloop
  endfacet
  facet normal -0.000000e+00 0.000000e+00 1.000000e+00
    outer loop
      vertex   6.550247e+01 2.862161e+01 5.000000e+00
      vertex   6.705000e+01 2.850000e+01 5.000000e+00
      vertex   6.709941e+01 2.887529e+01 5.000000e+00
    endloop
  endfacet
  facet normal -0.000000e+00 0.000000e+00 1.000000e+00
    outer loop
      vertex   6.411252e+01 3.100000e+01 5.000000e+00
      vertex   6.449294e+01 3.095096e+01 5.000000e+00
      vertex   7.100000e+01 3.100000e+01 5.000000e+00
    endloop
  endfacet
  facet normal 0.000000e+00 0.000000e+00 1.000000e+00
    outer loop
      vertex   7.100000e+01 3.100000e+01 5.000000e+00
      vertex   6.449294e+01 3.095096e+01 5.000000e+00
      vertex   6.484848e+01 3.080704e+01 5.000000e+00
    endloop
  endfacet
  facet normal -0.000000e+00 0.000000e+00 1.000000e+00
    outer loop
      vertex   7.080704e+01 2.484848e+01 5.000000e+00
      vertex   7.095096e+01 2.449294e+01 5.000000e+00
      vertex   7.100000e+01 3.100000e+01 5.000000e+00
    endloop
  endfacet
  facet normal 0.000000e+00 0.000000e+00 1.000000e+00
    outer loop
      vertex   7.100000e+01 3.100000e+01 5.000000e+00
      vertex   7.095096e+01 2.449294e+01 5.000000e+00
      vertex   7.100000e+01 2.411252e+01 5.000000e+00
    endloop
  endfacet
  facet normal -0.000000e+00 0.000000e+00 1.000000e+00
    outer loop
      vertex   6.990059e+01 2.124712e+00 5.000000e+00
      vertex   7.100000e+01 0.000000e+00 5.000000e+00
      vertex   6.995000e+01 2.500000e+00 5.000000e+00
    endloop
  endfacet
  facet normal -0.000000e+00 0.000000e+00 1.000000e+00
    outer loop
      vertex   6.995000e+01 2.500000e+00 5.000000e+00
      vertex   7.100000e+01 0.000000e+00 5.000000e+00
      vertex   7.080704e+01 6.151520e+00 5.000000e+00
    endloop
  endfacet
  facet normal 0.000000e+00 -0.000000e+00 1.000000e+00
    outer loop
      vertex   6.995000e+01 2.500000e+00 5.000000e+00
      vertex   7.080704e+01 6.151520e+00 5.000000e+00
      vertex   6.990059e+01 2.875288e+00 5.000000e+00
    endloop
  endfacet
  facet normal 0.000000e+00 0.000000e+00 1.000000e+00
    outer loop
      vertex   6.990059e+01 2.875288e+00 5.000000e+00
      vertex   7.080704e+01 6.151520e+00 5.000000e+00
      vertex   7.057766e+01 5.844100e+00 5.000000e+00
    endloop
  endfacet
  facet normal 0.000000e+00 -0.000000e+00 1.000000e+00
    outer loop
      vertex   6.990059e+01 2.875288e+00 5.000000e+00
      vertex   7.057766e+01 5.844100e+00 5.000000e+00
      vertex   6.975574e+01 3.225000e+00 5.000000e+00
    endloop
  endfacet
  facet normal 0.000000e+00 0.000000e+00 1.000000e+00
    outer loop
      vertex   6.975574e+01 3.225000e+00 5.000000e+00
      vertex   7.057766e+01 5.844100e+00 5.000000e+00
      vertex   7.027781e+01 5.604904e+00 5.000000e+00
    endloop
  endfacet
  facet normal 0.000000e+00 -0.000000e+00 1.000000e+00
    outer loop
      vertex   6.975574e+01 3.225000e+00 5.000000e+00
      vertex   7.027781e+01 5.604904e+00 5.000000e+00
      vertex   6.952530e+01 3.525305e+00 5.000000e+00
    endloop
  endfacet
  facet normal 0.000000e+00 0.000000e+00 1.000000e+00
    outer loop
      vertex   6.952530e+01 3.525305e+00 5.000000e+00
      vertex   7.027781e+01 5.604904e+00 5.000000e+00
      vertex   6.992711e+01 5.449574e+00 5.000000e+00
    endloop
  endfacet
  facet normal 0.000000e+00 -0.000000e+00 1.000000e+00
    outer loop
      vertex   6.952530e+01 3.525305e+00 5.000000e+00
      vertex   6.992711e+01 5.449574e+00 5.000000e+00
      vertex   6.922500e+01 3.755737e+00 5.000000e+00
    endloop
  endfacet
  facet normal 0.000000e+00 0.000000e+00 1.000000e+00
    outer loop
      vertex   6.922500e+01 3.755737e+00 5.000000e+00
      vertex   6.992711e+01 5.449574e+00 5.000000e+00
      vertex   6.954847e+01 5.388266e+00 5.000000e+00
    endloop
  endfacet
  facet normal 0.000000e+00 -0.000000e+00 1.000000e+00
    outer loop
      vertex   6.922500e+01 3.755737e+00 5.000000e+00
      vertex   6.954847e+01 5.388266e+00 5.000000e+00
      vertex   6.887529e+01 3.900592e+00 5.000000e+00
    endloop
  endfacet
  facet normal 0.000000e+00 0.000000e+00 1.000000e+00
    outer loop
      vertex   6.887529e+01 3.900592e+00 5.000000e+00
      vertex   6.954847e+01 5.388266e+00 5.000000e+00
      vertex   6.916667e+01 5.424988e+00 5.000000e+00
    endloop
  endfacet
  facet normal 0.000000e+00 -0.000000e+00 1.000000e+00
    outer loop
      vertex   6.887529e+01 3.900592e+00 5.000000e+00
      vertex   6.916667e+01 5.424988e+00 5.000000e+00
      vertex   6.862161e+01 5.497534e+00 5.000000e+00
    endloop
  endfacet
  facet normal 0.000000e+00 0.000000e+00 1.000000e+00
    outer loop
      vertex   6.990059e+01 2.124712e+00 5.000000e+00
      vertex   6.975574e+01 1.775000e+00 5.000000e+00
      vertex   7.100000e+01 0.000000e+00 5.000000e+00
    endloop
  endfacet
  facet normal 0.000000e+00 0.000000e+00 1.000000e+00
    outer loop
      vertex   7.100000e+01 0.000000e+00 5.000000e+00
      vertex   6.975574e+01 1.775000e+00 5.000000e+00
      vertex   6.952530e+01 1.474695e+00 5.000000e+00
    endloop
  endfacet
  facet normal 0.000000e+00 0.000000e+00 1.000000e+00
    outer loop
      vertex   7.100000e+01 0.000000e+00 5.000000e+00
      vertex   6.952530e+01 1.474695e+00 5.000000e+00
      vertex   6.922500e+01 1.244263e+00 5.000000e+00
    endloop
  endfacet
  facet normal 0.000000e+00 0.000000e+00 1.000000e+00
    outer loop
      vertex   6.922500e+01 1.244263e+00 5.000000e+00
      vertex   6.887529e+01 1.099408e+00 5.000000e+00
      vertex   7.100000e+01 0.000000e+00 5.000000e+00
    endloop
  endfacet
  facet normal 0.000000e+00 0.000000e+00 1.000000e+00
    outer loop
      vertex   7.100000e+01 0.000000e+00 5.000000e+00
      vertex   6.887529e+01 1.099408e+00 5.000000e+00
      vertex   6.850000e+01 1.050000e+00 5.000000e+00
    endloop
  endfacet
  facet normal 0.000000e+00 0.000000e+00 1.000000e+00
    outer loop
      vertex   7.100000e+01 0.000000e+00 5.000000e+00
      vertex   6.850000e+01 1.050000e+00 5.000000e+00
      vertex   6.484848e+01 1.929575e-01 5.000000e+00
    endloop
  endfacet
  facet normal 0.000000e+00 0.000000e+00 1.000000e+00
    outer loop
      vertex   6.484848e+01 1.929575e-01 5.000000e+00
      vertex   6.850000e+01 1.050000e+00 5.000000e+00
      vertex   6.812471e+01 1.099408e+00 5.000000e+00
    endloop
  endfacet
  facet normal 0.000000e+00 0.000000e+00 1.000000e+00
    outer loop
      vertex   6.484848e+01 1.929575e-01 5.000000e+00
      vertex   6.812471e+01 1.099408e+00 5.000000e+00
      vertex   6.515590e+01 4.223390e-01 5.000000e+00
    endloop
  endfacet
  facet normal 0.000000e+00 0.000000e+00 1.000000e+00
    outer loop
      vertex   6.515590e+01 4.223390e-01 5.000000e+00
      vertex   6.812471e+01 1.099408e+00 5.000000e+00
      vertex   6.777500e+01 1.244263e+00 5.000000e+00
    endloop
  endfacet
  facet normal 0.000000e+00 0.000000e+00 1.000000e+00
    outer loop
      vertex   6.515590e+01 4.223390e-01 5.000000e+00
      vertex   6.777500e+01 1.244263e+00 5.000000e+00
      vertex   6.539510e+01 7.221866e-01 5.000000e+00
    endloop
  endfacet
  facet normal 0.000000e+00 0.000000e+00 1.000000e+00
    outer loop
      vertex   6.539510e+01 7.221866e-01 5.000000e+00
      vertex   6.777500e+01 1.244263e+00 5.000000e+00
      vertex   6.747470e+01 1.474695e+00 5.000000e+00
    endloop
  endfacet
  facet normal 0.000000e+00 0.000000e+00 1.000000e+00
    outer loop
      vertex   6.539510e+01 7.221866e-01 5.000000e+00
      vertex   6.747470e+01 1.474695e+00 5.000000e+00
      vertex   6.555043e+01 1.072894e+00 5.000000e+00
    endloop
  endfacet
  facet normal 0.000000e+00 0.000000e+00 1.000000e+00
    outer loop
      vertex   6.555043e+01 1.072894e+00 5.000000e+00
      vertex   6.747470e+01 1.474695e+00 5.000000e+00
      vertex   6.724426e+01 1.775000e+00 5.000000e+00
    endloop
  endfacet
  facet normal 0.000000e+00 0.000000e+00 1.000000e+00
    outer loop
      vertex   6.555043e+01 1.072894e+00 5.000000e+00
      vertex   6.724426e+01 1.775000e+00 5.000000e+00
      vertex   6.561173e+01 1.451529e+00 5.000000e+00
    endloop
  endfacet
  facet normal 0.000000e+00 0.000000e+00 1.000000e+00
    outer loop
      vertex   6.561173e+01 1.451529e+00 5.000000e+00
      vertex   6.724426e+01 1.775000e+00 5.000000e+00
      vertex   6.709941e+01 2.124712e+00 5.000000e+00
    endloop
  endfacet
  facet normal 0.000000e+00 -0.000000e+00 1.000000e+00
    outer loop
      vertex   6.561173e+01 1.451529e+00 5.000000e+00
      vertex   6.709941e+01 2.124712e+00 5.000000e+00
      vertex   6.557501e+01 1.833333e+00 5.000000e+00
    endloop
  endfacet
  facet normal 0.000000e+00 -0.000000e+00 1.000000e+00
    outer loop
      vertex   6.557501e+01 1.833333e+00 5.000000e+00
      vertex   6.709941e+01 2.124712e+00 5.000000e+00
      vertex   6.550247e+01 2.378386e+00 5.000000e+00
    endloop
  endfacet
  facet normal -0.000000e+00 0.000000e+00 1.000000e+00
    outer loop
      vertex   6.550247e+01 2.378386e+00 5.000000e+00
      vertex   6.709941e+01 2.124712e+00 5.000000e+00
      vertex   6.705000e+01 2.500000e+00 5.000000e+00
    endloop
  endfacet
  facet normal 0.000000e+00 0.000000e+00 1.000000e+00
    outer loop
      vertex   6.550247e+01 2.378386e+00 5.000000e+00
      vertex   6.705000e+01 2.500000e+00 5.000000e+00
      vertex   6.553062e+01 2.927523e+00 5.000000e+00
    endloop
  endfacet
  facet normal 0.000000e+00 0.000000e+00 1.000000e+00
    outer loop
      vertex   6.553062e+01 2.927523e+00 5.000000e+00
      vertex   6.705000e+01 2.500000e+00 5.000000e+00
      vertex   6.709941e+01 2.875288e+00 5.000000e+00
    endloop
  endfacet
  facet normal -0.000000e+00 0.000000e+00 1.000000e+00
    outer loop
      vertex   6.553062e+01 2.927523e+00 5.000000e+00
      vertex   6.709941e+01 2.875288e+00 5.000000e+00
      vertex   6.565852e+01 3.462299e+00 5.000000e+00
    endloop
  endfacet
  facet normal 0.000000e+00 0.000000e+00 1.000000e+00
    outer loop
      vertex   6.565852e+01 3.462299e+00 5.000000e+00
      vertex   6.709941e+01 2.875288e+00 5.000000e+00
      vertex   6.724426e+01 3.225000e+00 5.000000e+00
    endloop
  endfacet
  facet normal -0.000000e+00 0.000000e+00 1.000000e+00
    outer loop
      vertex   6.565852e+01 3.462299e+00 5.000000e+00
      vertex   6.724426e+01 3.225000e+00 5.000000e+00
      vertex   6.588189e+01 3.964747e+00 5.000000e+00
    endloop
  endfacet
  facet normal -0.000000e+00 0.000000e+00 1.000000e+00
    outer loop
      vertex   6.588189e+01 3.964747e+00 5.000000e+00
      vertex   6.724426e+01 3.225000e+00 5.000000e+00
      vertex   6.619320e+01 4.417989e+00 5.000000e+00
    endloop
  endfacet
  facet normal 0.000000e+00 0.000000e+00 1.000000e+00
    outer loop
      vertex   6.619320e+01 4.417989e+00 5.000000e+00
      vertex   6.724426e+01 3.225000e+00 5.000000e+00
      vertex   6.747470e+01 3.525305e+00 5.000000e+00
    endloop
  endfacet
  facet normal -0.000000e+00 0.000000e+00 1.000000e+00
    outer loop
      vertex   6.619320e+01 4.417989e+00 5.000000e+00
      vertex   6.747470e+01 3.525305e+00 5.000000e+00
      vertex   6.658201e+01 4.806798e+00 5.000000e+00
    endloop
  endfacet
  facet normal 0.000000e+00 0.000000e+00 1.000000e+00
    outer loop
      vertex   6.658201e+01 4.806798e+00 5.000000e+00
      vertex   6.747470e+01 3.525305e+00 5.000000e+00
      vertex   6.777500e+01 3.755737e+00 5.000000e+00
    endloop
  endfacet
  facet normal -0.000000e+00 0.000000e+00 1.000000e+00
    outer loop
      vertex   6.658201e+01 4.806798e+00 5.000000e+00
      vertex   6.777500e+01 3.755737e+00 5.000000e+00
      vertex   6.703525e+01 5.118113e+00 5.000000e+00
    endloop
  endfacet
  facet normal -0.000000e+00 0.000000e+00 1.000000e+00
    outer loop
      vertex   6.703525e+01 5.118113e+00 5.000000e+00
      vertex   6.777500e+01 3.755737e+00 5.000000e+00
      vertex   6.753770e+01 5.341475e+00 5.000000e+00
    endloop
  endfacet
  facet normal 0.000000e+00 0.000000e+00 1.000000e+00
    outer loop
      vertex   6.753770e+01 5.341475e+00 5.000000e+00
      vertex   6.777500e+01 3.755737e+00 5.000000e+00
      vertex   6.812471e+01 3.900592e+00 5.000000e+00
    endloop
  endfacet
  facet normal -0.000000e+00 0.000000e+00 1.000000e+00
    outer loop
      vertex   6.753770e+01 5.341475e+00 5.000000e+00
      vertex   6.812471e+01 3.900592e+00 5.000000e+00
      vertex   6.807248e+01 5.469381e+00 5.000000e+00
    endloop
  endfacet
  facet normal 0.000000e+00 0.000000e+00 1.000000e+00
    outer loop
      vertex   6.807248e+01 5.469381e+00 5.000000e+00
      vertex   6.812471e+01 3.900592e+00 5.000000e+00
      vertex   6.850000e+01 3.950000e+00 5.000000e+00
    endloop
  endfacet
  facet normal -0.000000e+00 0.000000e+00 1.000000e+00
    outer loop
      vertex   6.807248e+01 5.469381e+00 5.000000e+00
      vertex   6.850000e+01 3.950000e+00 5.000000e+00
      vertex   6.862161e+01 5.497534e+00 5.000000e+00
    endloop
  endfacet
  facet normal 0.000000e+00 0.000000e+00 1.000000e+00
    outer loop
      vertex   6.862161e+01 5.497534e+00 5.000000e+00
      vertex   6.850000e+01 3.950000e+00 5.000000e+00
      vertex   6.887529e+01 3.900592e+00 5.000000e+00
    endloop
  endfacet
  facet normal 0.000000e+00 0.000000e+00 1.000000e+00
    outer loop
      vertex   6.411252e+01 0.000000e+00 5.000000e+00
      vertex   7.100000e+01 0.000000e+00 5.000000e+00
      vertex   6.449294e+01 4.904105e-02 5.000000e+00
    endloop
  endfacet
  facet normal -0.000000e+00 0.000000e+00 1.000000e+00
    outer loop
      vertex   6.449294e+01 4.904105e-02 5.000000e+00
      vertex   7.100000e+01 0.000000e+00 5.000000e+00
      vertex   6.484848e+01 1.929575e-01 5.000000e+00
    endloop
  endfacet
  facet normal 0.000000e+00 0.000000e+00 1.000000e+00
    outer loop
      vertex   7.100000e+01 6.887482e+00 5.000000e+00
      vertex   7.095096e+01 6.507064e+00 5.000000e+00
      vertex   7.100000e+01 0.000000e+00 5.000000e+00
    endloop
  endfacet
  facet normal 0.000000e+00 0.000000e+00 1.000000e+00
    outer loop
      vertex   7.100000e+01 0.000000e+00 5.000000e+00
      vertex   7.095096e+01 6.507064e+00 5.000000e+00
      vertex   7.080704e+01 6.151520e+00 5.000000e+00
    endloop
  endfacet
  facet normal 0.000000e+00 0.000000e+00 1.000000e+00
    outer loop
      vertex   3.900592e+00 2.124712e+00 5.000000e+00
      vertex   5.497534e+00 2.378386e+00 5.000000e+00
      vertex   3.950000e+00 2.500000e+00 5.000000e+00
    endloop
  endfacet
  facet normal -0.000000e+00 0.000000e+00 1.000000e+00
    outer loop
      vertex   3.950000e+00 2.500000e+00 5.000000e+00
      vertex   5.497534e+00 2.378386e+00 5.000000e+00
      vertex   5.469381e+00 2.927523e+00 5.000000e+00
    endloop
  endfacet
  facet normal 0.000000e+00 -0.000000e+00 1.000000e+00
    outer loop
      vertex   3.950000e+00 2.500000e+00 5.000000e+00
      vertex   5.469381e+00 2.927523e+00 5.000000e+00
      vertex   3.900592e+00 2.875288e+00 5.000000e+00
    endloop
  endfacet
  facet normal 0.000000e+00 0.000000e+00 1.000000e+00
    outer loop
      vertex   3.900592e+00 2.875288e+00 5.000000e+00
      vertex   5.469381e+00 2.927523e+00 5.000000e+00
      vertex   5.341475e+00 3.462299e+00 5.000000e+00
    endloop
  endfacet
  facet normal 0.000000e+00 -0.000000e+00 1.000000e+00
    outer loop
      vertex   3.900592e+00 2.875288e+00 5.000000e+00
      vertex   5.341475e+00 3.462299e+00 5.000000e+00
      vertex   3.755737e+00 3.225000e+00 5.000000e+00
    endloop
  endfacet
  facet normal 0.000000e+00 0.000000e+00 1.000000e+00
    outer loop
      vertex   3.755737e+00 3.225000e+00 5.000000e+00
      vertex   5.341475e+00 3.462299e+00 5.000000e+00
      vertex   5.118113e+00 3.964747e+00 5.000000e+00
    endloop
  endfacet
  facet normal 0.000000e+00 0.000000e+00 1.000000e+00
    outer loop
      vertex   3.755737e+00 3.225000e+00 5.000000e+00
      vertex   5.118113e+00 3.964747e+00 5.000000e+00
      vertex   4.806798e+00 4.417989e+00 5.000000e+00
    endloop
  endfacet
  facet normal -0.000000e+00 0.000000e+00 1.000000e+00
    outer loop
      vertex   3.755737e+00 1.775000e+00 5.000000e+00
      vertex   5.388266e+00 1.451529e+00 5.000000e+00
      vertex   3.900592e+00 2.124712e+00 5.000000e+00
    endloop
  endfacet
  facet normal 0.000000e+00 0.000000e+00 1.000000e+00
    outer loop
      vertex   3.900592e+00 2.124712e+00 5.000000e+00
      vertex   5.388266e+00 1.451529e+00 5.000000e+00
      vertex   5.424988e+00 1.833333e+00 5.000000e+00
    endloop
  endfacet
  facet normal -0.000000e+00 0.000000e+00 1.000000e+00
    outer loop
      vertex   3.900592e+00 2.124712e+00 5.000000e+00
      vertex   5.424988e+00 1.833333e+00 5.000000e+00
      vertex   5.497534e+00 2.378386e+00 5.000000e+00
    endloop
  endfacet
  facet normal 0.000000e+00 0.000000e+00 1.000000e+00
    outer loop
      vertex   5.388266e+00 1.451529e+00 5.000000e+00
      vertex   3.755737e+00 1.775000e+00 5.000000e+00
      vertex   5.449574e+00 1.072894e+00 5.000000e+00
    endloop
  endfacet
  facet normal 0.000000e+00 0.000000e+00 1.000000e+00
    outer loop
      vertex   5.449574e+00 1.072894e+00 5.000000e+00
      vertex   3.755737e+00 1.775000e+00 5.000000e+00
      vertex   3.525305e+00 1.474695e+00 5.000000e+00
    endloop
  endfacet
  facet normal 0.000000e+00 0.000000e+00 1.000000e+00
    outer loop
      vertex   5.449574e+00 1.072894e+00 5.000000e+00
      vertex   3.525305e+00 1.474695e+00 5.000000e+00
      vertex   5.604904e+00 7.221866e-01 5.000000e+00
    endloop
  endfacet
  facet normal 0.000000e+00 0.000000e+00 1.000000e+00
    outer loop
      vertex   5.604904e+00 7.221866e-01 5.000000e+00
      vertex   3.525305e+00 1.474695e+00 5.000000e+00
      vertex   3.225000e+00 1.244263e+00 5.000000e+00
    endloop
  endfacet
  facet normal 0.000000e+00 0.000000e+00 1.000000e+00
    outer loop
      vertex   5.604904e+00 7.221866e-01 5.000000e+00
      vertex   3.225000e+00 1.244263e+00 5.000000e+00
      vertex   5.844100e+00 4.223390e-01 5.000000e+00
    endloop
  endfacet
  facet normal 0.000000e+00 0.000000e+00 1.000000e+00
    outer loop
      vertex   5.844100e+00 4.223390e-01 5.000000e+00
      vertex   3.225000e+00 1.244263e+00 5.000000e+00
      vertex   2.875288e+00 1.099408e+00 5.000000e+00
    endloop
  endfacet
  facet normal 0.000000e+00 0.000000e+00 1.000000e+00
    outer loop
      vertex   5.844100e+00 4.223390e-01 5.000000e+00
      vertex   2.875288e+00 1.099408e+00 5.000000e+00
      vertex   6.151520e+00 1.929575e-01 5.000000e+00
    endloop
  endfacet
  facet normal 0.000000e+00 0.000000e+00 1.000000e+00
    outer loop
      vertex   6.151520e+00 1.929575e-01 5.000000e+00
      vertex   2.875288e+00 1.099408e+00 5.000000e+00
      vertex   2.500000e+00 1.050000e+00 5.000000e+00
    endloop
  endfacet
  facet normal 0.000000e+00 0.000000e+00 1.000000e+00
    outer loop
      vertex   6.151520e+00 1.929575e-01 5.000000e+00
      vertex   2.500000e+00 1.050000e+00 5.000000e+00
      vertex   0.000000e+00 0.000000e+00 5.000000e+00
    endloop
  endfacet
  facet normal 0.000000e+00 0.000000e+00 1.000000e+00
    outer loop
      vertex   0.000000e+00 0.000000e+00 5.000000e+00
      vertex   2.500000e+00 1.050000e+00 5.000000e+00
      vertex   2.124712e+00 1.099408e+00 5.000000e+00
    endloop
  endfacet
  facet normal 0.000000e+00 0.000000e+00 1.000000e+00
    outer loop
      vertex   0.000000e+00 0.000000e+00 5.000000e+00
      vertex   2.124712e+00 1.099408e+00 5.000000e+00
      vertex   1.775000e+00 1.244263e+00 5.000000e+00
    endloop
  endfacet
  facet normal 0.000000e+00 0.000000e+00 1.000000e+00
    outer loop
      vertex   1.775000e+00 1.244263e+00 5.000000e+00
      vertex   1.474695e+00 1.474695e+00 5.000000e+00
      vertex   0.000000e+00 0.000000e+00 5.000000e+00
    endloop
  endfacet
  facet normal 0.000000e+00 0.000000e+00 1.000000e+00
    outer loop
      vertex   0.000000e+00 0.000000e+00 5.000000e+00
      vertex   1.474695e+00 1.474695e+00 5.000000e+00
      vertex   1.244263e+00 1.775000e+00 5.000000e+00
    endloop
  endfacet
  facet normal 0.000000e+00 0.000000e+00 1.000000e+00
    outer loop
      vertex   0.000000e+00 0.000000e+00 5.000000e+00
      vertex   1.244263e+00 1.775000e+00 5.000000e+00
      vertex   1.099408e+00 2.124712e+00 5.000000e+00
    endloop
  endfacet
  facet normal 0.000000e+00 0.000000e+00 1.000000e+00
    outer loop
      vertex   1.099408e+00 2.124712e+00 5.000000e+00
      vertex   1.050000e+00 2.500000e+00 5.000000e+00
      vertex   0.000000e+00 0.000000e+00 5.000000e+00
    endloop
  endfacet
  facet normal 0.000000e+00 0.000000e+00 1.000000e+00
    outer loop
      vertex   0.000000e+00 0.000000e+00 5.000000e+00
      vertex   1.050000e+00 2.500000e+00 5.000000e+00
      vertex   1.929575e-01 6.151520e+00 5.000000e+00
    endloop
  endfacet
  facet normal 0.000000e+00 0.000000e+00 1.000000e+00
    outer loop
      vertex   0.000000e+00 0.000000e+00 5.000000e+00
      vertex   1.929575e-01 6.151520e+00 5.000000e+00
      vertex   4.904105e-02 6.507064e+00 5.000000e+00
    endloop
  endfacet
  facet normal 0.000000e+00 -0.000000e+00 1.000000e+00
    outer loop
      vertex   1.050000e+00 2.500000e+00 5.000000e+00
      vertex   1.099408e+00 2.875288e+00 5.000000e+00
      vertex   1.929575e-01 6.151520e+00 5.000000e+00
    endloop
  endfacet
  facet normal 0.000000e+00 0.000000e+00 1.000000e+00
    outer loop
      vertex   1.929575e-01 6.151520e+00 5.000000e+00
      vertex   1.099408e+00 2.875288e+00 5.000000e+00
      vertex   4.223390e-01 5.844100e+00 5.000000e+00
    endloop
  endfacet
  facet normal 0.000000e+00 0.000000e+00 1.000000e+00
    outer loop
      vertex   4.223390e-01 5.844100e+00 5.000000e+00
      vertex   1.099408e+00 2.875288e+00 5.000000e+00
      vertex   1.244263e+00 3.225000e+00 5.000000e+00
    endloop
  endfacet
  facet normal 0.000000e+00 0.000000e+00 1.000000e+00
    outer loop
      vertex   4.223390e-01 5.844100e+00 5.000000e+00
      vertex   1.244263e+00 3.225000e+00 5.000000e+00
      vertex   7.221866e-01 5.604904e+00 5.000000e+00
    endloop
  endfacet
  facet normal 0.000000e+00 0.000000e+00 1.000000e+00
    outer loop
      vertex   7.221866e-01 5.604904e+00 5.000000e+00
      vertex   1.244263e+00 3.225000e+00 5.000000e+00
      vertex   1.474695e+00 3.525305e+00 5.000000e+00
    endloop
  endfacet
  facet normal 0.000000e+00 0.000000e+00 1.000000e+00
    outer loop
      vertex   7.221866e-01 5.604904e+00 5.000000e+00
      vertex   1.474695e+00 3.525305e+00 5.000000e+00
      vertex   1.072894e+00 5.449574e+00 5.000000e+00
    endloop
  endfacet
  facet normal 0.000000e+00 0.000000e+00 1.000000e+00
    outer loop
      vertex   1.072894e+00 5.449574e+00 5.000000e+00
      vertex   1.474695e+00 3.525305e+00 5.000000e+00
      vertex   1.775000e+00 3.755737e+00 5.000000e+00
    endloop
  endfacet
  facet normal 0.000000e+00 0.000000e+00 1.000000e+00
    outer loop
      vertex   1.072894e+00 5.449574e+00 5.000000e+00
      vertex   1.775000e+00 3.755737e+00 5.000000e+00
      vertex   1.451529e+00 5.388266e+00 5.000000e+00
    endloop
  endfacet
  facet normal 0.000000e+00 0.000000e+00 1.000000e+00
    outer loop
      vertex   1.451529e+00 5.388266e+00 5.000000e+00
      vertex   1.775000e+00 3.755737e+00 5.000000e+00
      vertex   2.124712e+00 3.900592e+00 5.000000e+00
    endloop
  endfacet
  facet normal -0.000000e+00 0.000000e+00 1.000000e+00
    outer loop
      vertex   1.451529e+00 5.388266e+00 5.000000e+00
      vertex   2.124712e+00 3.900592e+00 5.000000e+00
      vertex   1.833333e+00 5.424988e+00 5.000000e+00
    endloop
  endfacet
  facet normal -0.000000e+00 0.000000e+00 1.000000e+00
    outer loop
      vertex   1.833333e+00 5.424988e+00 5.000000e+00
      vertex   2.124712e+00 3.900592e+00 5.000000e+00
      vertex   2.378386e+00 5.497534e+00 5.000000e+00
    endloop
  endfacet
  facet normal 0.000000e+00 0.000000e+00 1.000000e+00
    outer loop
      vertex   2.378386e+00 5.497534e+00 5.000000e+00
      vertex   2.124712e+00 3.900592e+00 5.000000e+00
      vertex   2.500000e+00 3.950000e+00 5.000000e+00
    endloop
  endfacet
  facet normal 0.000000e+00 0.000000e+00 1.000000e+00
    outer loop
      vertex   2.378386e+00 5.497534e+00 5.000000e+00
      vertex   2.500000e+00 3.950000e+00 5.000000e+00
      vertex   2.927523e+00 5.469381e+00 5.000000e+00
    endloop
  endfacet
  facet normal 0.000000e+00 0.000000e+00 1.000000e+00
    outer loop
      vertex   2.927523e+00 5.469381e+00 5.000000e+00
      vertex   2.500000e+00 3.950000e+00 5.000000e+00
      vertex   2.875288e+00 3.900592e+00 5.000000e+00
    endloop
  endfacet
  facet normal 0.000000e+00 0.000000e+00 1.000000e+00
    outer loop
      vertex   2.927523e+00 5.469381e+00 5.000000e+00
      vertex   2.875288e+00 3.900592e+00 5.000000e+00
      vertex   3.462299e+00 5.341475e+00 5.000000e+00
    endloop
  endfacet
  facet normal 0.000000e+00 0.000000e+00 1.000000e+00
    outer loop
      vertex   3.462299e+00 5.341475e+00 5.000000e+00
      vertex   2.875288e+00 3.900592e+00 5.000000e+00
      vertex   3.225000e+00 3.755737e+00 5.000000e+00
    endloop
  endfacet
  facet normal 0.000000e+00 0.000000e+00 1.000000e+00
    outer loop
      vertex   3.462299e+00 5.341475e+00 5.000000e+00
      vertex   3.225000e+00 3.755737e+00 5.000000e+00
      vertex   3.964747e+00 5.118113e+00 5.000000e+00
    endloop
  endfacet
  facet normal 0.000000e+00 0.000000e+00 1.000000e+00
    outer loop
      vertex   3.964747e+00 5.118113e+00 5.000000e+00
      vertex   3.225000e+00 3.755737e+00 5.000000e+00
      vertex   4.417989e+00 4.806798e+00 5.000000e+00
    endloop
  endfacet
  facet normal 0.000000e+00 0.000000e+00 1.000000e+00
    outer loop
      vertex   4.417989e+00 4.806798e+00 5.000000e+00
      vertex   3.225000e+00 3.755737e+00 5.000000e+00
      vertex   3.525305e+00 3.525305e+00 5.000000e+00
    endloop
  endfacet
  facet normal 0.000000e+00 0.000000e+00 1.000000e+00
    outer loop
      vertex   4.417989e+00 4.806798e+00 5.000000e+00
      vertex   3.525305e+00 3.525305e+00 5.000000e+00
      vertex   4.806798e+00 4.417989e+00 5.000000e+00
    endloop
  endfacet
  facet normal 0.000000e+00 0.000000e+00 1.000000e+00
    outer loop
      vertex   4.806798e+00 4.417989e+00 5.000000e+00
      vertex   3.525305e+00 3.525305e+00 5.000000e+00
      vertex   3.755737e+00 3.225000e+00 5.000000e+00
    endloop
  endfacet
  facet normal 0.000000e+00 0.000000e+00 1.000000e+00
    outer loop
      vertex   0.000000e+00 6.887482e+00 5.000000e+00
      vertex   0.000000e+00 0.000000e+00 5.000000e+00
      vertex   4.904105e-02 6.507064e+00 5.000000e+00
    endloop
  endfacet
  facet normal 0.000000e+00 0.000000e+00 1.000000e+00
    outer loop
      vertex   6.887482e+00 0.000000e+00 5.000000e+00
      vertex   6.507064e+00 4.904105e-02 5.000000e+00
      vertex   0.000000e+00 0.000000e+00 5.000000e+00
    endloop
  endfacet
  facet normal 0.000000e+00 0.000000e+00 1.000000e+00
    outer loop
      vertex   0.000000e+00 0.000000e+00 5.000000e+00
      vertex   6.507064e+00 4.904105e-02 5.000000e+00
      vertex   6.151520e+00 1.929575e-01 5.000000e+00
    endloop
  endfacet
  facet normal -0.000000e+00 0.000000e+00 1.000000e+00
    outer loop
      vertex   3.900592e+00 2.812471e+01 5.000000e+00
      vertex   5.469381e+00 2.807248e+01 5.000000e+00
      vertex   3.950000e+00 2.850000e+01 5.000000e+00
    endloop
  endfacet
  facet normal -0.000000e+00 0.000000e+00 1.000000e+00
    outer loop
      vertex   3.950000e+00 2.850000e+01 5.000000e+00
      vertex   5.469381e+00 2.807248e+01 5.000000e+00
      vertex   5.497534e+00 2.862161e+01 5.000000e+00
    endloop
  endfacet
  facet normal 0.000000e+00 -0.000000e+00 1.000000e+00
    outer loop
      vertex   3.950000e+00 2.850000e+01 5.000000e+00
      vertex   5.497534e+00 2.862161e+01 5.000000e+00
      vertex   3.900592e+00 2.887529e+01 5.000000e+00
    endloop
  endfacet
  facet normal -0.000000e+00 0.000000e+00 1.000000e+00
    outer loop
      vertex   3.900592e+00 2.887529e+01 5.000000e+00
      vertex   5.497534e+00 2.862161e+01 5.000000e+00
      vertex   5.424988e+00 2.916667e+01 5.000000e+00
    endloop
  endfacet
  facet normal 0.000000e+00 0.000000e+00 1.000000e+00
    outer loop
      vertex   3.900592e+00 2.887529e+01 5.000000e+00
      vertex   5.424988e+00 2.916667e+01 5.000000e+00
      vertex   5.388266e+00 2.954847e+01 5.000000e+00
    endloop
  endfacet
  facet normal 0.000000e+00 0.000000e+00 1.000000e+00
    outer loop
      vertex   5.469381e+00 2.807248e+01 5.000000e+00
      vertex   3.900592e+00 2.812471e+01 5.000000e+00
      vertex   5.341475e+00 2.753770e+01 5.000000e+00
    endloop
  endfacet
  facet normal 0.000000e+00 0.000000e+00 1.000000e+00
    outer loop
      vertex   5.341475e+00 2.753770e+01 5.000000e+00
      vertex   3.900592e+00 2.812471e+01 5.000000e+00
      vertex   3.755737e+00 2.777500e+01 5.000000e+00
    endloop
  endfacet
  facet normal 0.000000e+00 0.000000e+00 1.000000e+00
    outer loop
      vertex   5.341475e+00 2.753770e+01 5.000000e+00
      vertex   3.755737e+00 2.777500e+01 5.000000e+00
      vertex   5.118113e+00 2.703525e+01 5.000000e+00
    endloop
  endfacet
  facet normal 0.000000e+00 0.000000e+00 1.000000e+00
    outer loop
      vertex   5.118113e+00 2.703525e+01 5.000000e+00
      vertex   3.755737e+00 2.777500e+01 5.000000e+00
      vertex   4.806798e+00 2.658201e+01 5.000000e+00
    endloop
  endfacet
  facet normal 0.000000e+00 0.000000e+00 1.000000e+00
    outer loop
      vertex   4.806798e+00 2.658201e+01 5.000000e+00
      vertex   3.755737e+00 2.777500e+01 5.000000e+00
      vertex   3.525305e+00 2.747470e+01 5.000000e+00
    endloop
  endfacet
  facet normal 0.000000e+00 0.000000e+00 1.000000e+00
    outer loop
      vertex   4.806798e+00 2.658201e+01 5.000000e+00
      vertex   3.525305e+00 2.747470e+01 5.000000e+00
      vertex   4.417989e+00 2.619320e+01 5.000000e+00
    endloop
  endfacet
  facet normal 0.000000e+00 0.000000e+00 1.000000e+00
    outer loop
      vertex   4.417989e+00 2.619320e+01 5.000000e+00
      vertex   3.525305e+00 2.747470e+01 5.000000e+00
      vertex   3.225000e+00 2.724426e+01 5.000000e+00
    endloop
  endfacet
  facet normal 0.000000e+00 0.000000e+00 1.000000e+00
    outer loop
      vertex   4.417989e+00 2.619320e+01 5.000000e+00
      vertex   3.225000e+00 2.724426e+01 5.000000e+00
      vertex   3.964747e+00 2.588189e+01 5.000000e+00
    endloop
  endfacet
  facet normal 0.000000e+00 0.000000e+00 1.000000e+00
    outer loop
      vertex   3.964747e+00 2.588189e+01 5.000000e+00
      vertex   3.225000e+00 2.724426e+01 5.000000e+00
      vertex   3.462299e+00 2.565852e+01 5.000000e+00
    endloop
  endfacet
  facet normal 0.000000e+00 0.000000e+00 1.000000e+00
    outer loop
      vertex   3.462299e+00 2.565852e+01 5.000000e+00
      vertex   3.225000e+00 2.724426e+01 5.000000e+00
      vertex   2.875288e+00 2.709941e+01 5.000000e+00
    endloop
  endfacet
  facet normal 0.000000e+00 0.000000e+00 1.000000e+00
    outer loop
      vertex   3.462299e+00 2.565852e+01 5.000000e+00
      vertex   2.875288e+00 2.709941e+01 5.000000e+00
      vertex   2.927523e+00 2.553062e+01 5.000000e+00
    endloop
  endfacet
  facet normal 0.000000e+00 0.000000e+00 1.000000e+00
    outer loop
      vertex   2.927523e+00 2.553062e+01 5.000000e+00
      vertex   2.875288e+00 2.709941e+01 5.000000e+00
      vertex   2.500000e+00 2.705000e+01 5.000000e+00
    endloop
  endfacet
  facet normal 0.000000e+00 0.000000e+00 1.000000e+00
    outer loop
      vertex   2.927523e+00 2.553062e+01 5.000000e+00
      vertex   2.500000e+00 2.705000e+01 5.000000e+00
      vertex   2.378386e+00 2.550247e+01 5.000000e+00
    endloop
  endfacet
  facet normal 0.000000e+00 -0.000000e+00 1.000000e+00
    outer loop
      vertex   2.378386e+00 2.550247e+01 5.000000e+00
      vertex   2.500000e+00 2.705000e+01 5.000000e+00
      vertex   2.124712e+00 2.709941e+01 5.000000e+00
    endloop
  endfacet
  facet normal 0.000000e+00 0.000000e+00 1.000000e+00
    outer loop
      vertex   2.378386e+00 2.550247e+01 5.000000e+00
      vertex   2.124712e+00 2.709941e+01 5.000000e+00
      vertex   1.833333e+00 2.557501e+01 5.000000e+00
    endloop
  endfacet
  facet normal 0.000000e+00 -0.000000e+00 1.000000e+00
    outer loop
      vertex   1.833333e+00 2.557501e+01 5.000000e+00
      vertex   2.124712e+00 2.709941e+01 5.000000e+00
      vertex   1.451529e+00 2.561173e+01 5.000000e+00
    endloop
  endfacet
  facet normal 0.000000e+00 0.000000e+00 1.000000e+00
    outer loop
      vertex   1.451529e+00 2.561173e+01 5.000000e+00
      vertex   2.124712e+00 2.709941e+01 5.000000e+00
      vertex   1.775000e+00 2.724426e+01 5.000000e+00
    endloop
  endfacet
  facet normal 0.000000e+00 -0.000000e+00 1.000000e+00
    outer loop
      vertex   1.451529e+00 2.561173e+01 5.000000e+00
      vertex   1.775000e+00 2.724426e+01 5.000000e+00
      vertex   1.072894e+00 2.555043e+01 5.000000e+00
    endloop
  endfacet
  facet normal 0.000000e+00 0.000000e+00 1.000000e+00
    outer loop
      vertex   1.072894e+00 2.555043e+01 5.000000e+00
      vertex   1.775000e+00 2.724426e+01 5.000000e+00
      vertex   1.474695e+00 2.747470e+01 5.000000e+00
    endloop
  endfacet
  facet normal 0.000000e+00 -0.000000e+00 1.000000e+00
    outer loop
      vertex   1.072894e+00 2.555043e+01 5.000000e+00
      vertex   1.474695e+00 2.747470e+01 5.000000e+00
      vertex   7.221866e-01 2.539510e+01 5.000000e+00
    endloop
  endfacet
  facet normal 0.000000e+00 0.000000e+00 1.000000e+00
    outer loop
      vertex   7.221866e-01 2.539510e+01 5.000000e+00
      vertex   1.474695e+00 2.747470e+01 5.000000e+00
      vertex   1.244263e+00 2.777500e+01 5.000000e+00
    endloop
  endfacet
  facet normal 0.000000e+00 -0.000000e+00 1.000000e+00
    outer loop
      vertex   7.221866e-01 2.539510e+01 5.000000e+00
      vertex   1.244263e+00 2.777500e+01 5.000000e+00
      vertex   4.223390e-01 2.515590e+01 5.000000e+00
    endloop
  endfacet
  facet normal 0.000000e+00 0.000000e+00 1.000000e+00
    outer loop
      vertex   4.223390e-01 2.515590e+01 5.000000e+00
      vertex   1.244263e+00 2.777500e+01 5.000000e+00
      vertex   1.099408e+00 2.812471e+01 5.000000e+00
    endloop
  endfacet
  facet normal 0.000000e+00 -0.000000e+00 1.000000e+00
    outer loop
      vertex   4.223390e-01 2.515590e+01 5.000000e+00
      vertex   1.099408e+00 2.812471e+01 5.000000e+00
      vertex   1.929575e-01 2.484848e+01 5.000000e+00
    endloop
  endfacet
  facet normal 0.000000e+00 0.000000e+00 1.000000e+00
    outer loop
      vertex   1.929575e-01 2.484848e+01 5.000000e+00
      vertex   1.099408e+00 2.812471e+01 5.000000e+00
      vertex   1.050000e+00 2.850000e+01 5.000000e+00
    endloop
  endfacet
  facet normal 0.000000e+00 -0.000000e+00 1.000000e+00
    outer loop
      vertex   1.929575e-01 2.484848e+01 5.000000e+00
      vertex   1.050000e+00 2.850000e+01 5.000000e+00
      vertex   0.000000e+00 3.100000e+01 5.000000e+00
    endloop
  endfacet
  facet normal 0.000000e+00 0.000000e+00 1.000000e+00
    outer loop
      vertex   0.000000e+00 3.100000e+01 5.000000e+00
      vertex   1.050000e+00 2.850000e+01 5.000000e+00
      vertex   1.099408e+00 2.887529e+01 5.000000e+00
    endloop
  endfacet
  facet normal 0.000000e+00 0.000000e+00 1.000000e+00
    outer loop
      vertex   0.000000e+00 3.100000e+01 5.000000e+00
      vertex   1.099408e+00 2.887529e+01 5.000000e+00
      vertex   1.244263e+00 2.922500e+01 5.000000e+00
    endloop
  endfacet
  facet normal 0.000000e+00 -0.000000e+00 1.000000e+00
    outer loop
      vertex   1.244263e+00 2.922500e+01 5.000000e+00
      vertex   1.474695e+00 2.952530e+01 5.000000e+00
      vertex   0.000000e+00 3.100000e+01 5.000000e+00
    endloop
  endfacet
  facet normal 0.000000e+00 0.000000e+00 1.000000e+00
    outer loop
      vertex   0.000000e+00 3.100000e+01 5.000000e+00
      vertex   1.474695e+00 2.952530e+01 5.000000e+00
      vertex   1.775000e+00 2.975574e+01 5.000000e+00
    endloop
  endfacet
  facet normal 0.000000e+00 0.000000e+00 1.000000e+00
    outer loop
      vertex   0.000000e+00 3.100000e+01 5.000000e+00
      vertex   1.775000e+00 2.975574e+01 5.000000e+00
      vertex   2.124712e+00 2.990059e+01 5.000000e+00
    endloop
  endfacet
  facet normal 0.000000e+00 -0.000000e+00 1.000000e+00
    outer loop
      vertex   2.124712e+00 2.990059e+01 5.000000e+00
      vertex   2.500000e+00 2.995000e+01 5.000000e+00
      vertex   0.000000e+00 3.100000e+01 5.000000e+00
    endloop
  endfacet
  facet normal 0.000000e+00 0.000000e+00 1.000000e+00
    outer loop
      vertex   0.000000e+00 3.100000e+01 5.000000e+00
      vertex   2.500000e+00 2.995000e+01 5.000000e+00
      vertex   6.151520e+00 3.080704e+01 5.000000e+00
    endloop
  endfacet
  facet normal 0.000000e+00 0.000000e+00 1.000000e+00
    outer loop
      vertex   0.000000e+00 3.100000e+01 5.000000e+00
      vertex   6.151520e+00 3.080704e+01 5.000000e+00
      vertex   6.507064e+00 3.095096e+01 5.000000e+00
    endloop
  endfacet
  facet normal -0.000000e+00 0.000000e+00 1.000000e+00
    outer loop
      vertex   2.500000e+00 2.995000e+01 5.000000e+00
      vertex   2.875288e+00 2.990059e+01 5.000000e+00
      vertex   6.151520e+00 3.080704e+01 5.000000e+00
    endloop
  endfacet
  facet normal 0.000000e+00 0.000000e+00 1.000000e+00
    outer loop
      vertex   6.151520e+00 3.080704e+01 5.000000e+00
      vertex   2.875288e+00 2.990059e+01 5.000000e+00
      vertex   5.844100e+00 3.057766e+01 5.000000e+00
    endloop
  endfacet
  facet normal 0.000000e+00 0.000000e+00 1.000000e+00
    outer loop
      vertex   5.844100e+00 3.057766e+01 5.000000e+00
      vertex   2.875288e+00 2.990059e+01 5.000000e+00
      vertex   3.225000e+00 2.975574e+01 5.000000e+00
    endloop
  endfacet
  facet normal 0.000000e+00 0.000000e+00 1.000000e+00
    outer loop
      vertex   5.844100e+00 3.057766e+01 5.000000e+00
      vertex   3.225000e+00 2.975574e+01 5.000000e+00
      vertex   5.604904e+00 3.027781e+01 5.000000e+00
    endloop
  endfacet
  facet normal 0.000000e+00 0.000000e+00 1.000000e+00
    outer loop
      vertex   5.604904e+00 3.027781e+01 5.000000e+00
      vertex   3.225000e+00 2.975574e+01 5.000000e+00
      vertex   3.525305e+00 2.952530e+01 5.000000e+00
    endloop
  endfacet
  facet normal 0.000000e+00 0.000000e+00 1.000000e+00
    outer loop
      vertex   5.604904e+00 3.027781e+01 5.000000e+00
      vertex   3.525305e+00 2.952530e+01 5.000000e+00
      vertex   5.449574e+00 2.992711e+01 5.000000e+00
    endloop
  endfacet
  facet normal 0.000000e+00 0.000000e+00 1.000000e+00
    outer loop
      vertex   5.449574e+00 2.992711e+01 5.000000e+00
      vertex   3.525305e+00 2.952530e+01 5.000000e+00
      vertex   3.755737e+00 2.922500e+01 5.000000e+00
    endloop
  endfacet
  facet normal 0.000000e+00 0.000000e+00 1.000000e+00
    outer loop
      vertex   5.449574e+00 2.992711e+01 5.000000e+00
      vertex   3.755737e+00 2.922500e+01 5.000000e+00
      vertex   5.388266e+00 2.954847e+01 5.000000e+00
    endloop
  endfacet
  facet normal 0.000000e+00 0.000000e+00 1.000000e+00
    outer loop
      vertex   5.388266e+00 2.954847e+01 5.000000e+00
      vertex   3.755737e+00 2.922500e+01 5.000000e+00
      vertex   3.900592e+00 2.887529e+01 5.000000e+00
    endloop
  endfacet
  facet normal 0.000000e+00 0.000000e+00 1.000000e+00
    outer loop
      vertex   6.887482e+00 3.100000e+01 5.000000e+00
      vertex   0.000000e+00 3.100000e+01 5.000000e+00
      vertex   6.507064e+00 3.095096e+01 5.000000e+00
    endloop
  endfacet
  facet normal 0.000000e+00 0.000000e+00 1.000000e+00
    outer loop
      vertex   0.000000e+00 2.411252e+01 5.000000e+00
      vertex   4.904105e-02 2.449294e+01 5.000000e+00
      vertex   0.000000e+00 3.100000e+01 5.000000e+00
    endloop
  endfacet
  facet normal 0.000000e+00 0.000000e+00 1.000000e+00
    outer loop
      vertex   0.000000e+00 3.100000e+01 5.000000e+00
      vertex   4.904105e-02 2.449294e+01 5.000000e+00
      vertex   1.929575e-01 2.484848e+01 5.000000e+00
    endloop
  endfacet
endsolid
