solid ASCII
  facet normal -1.000000e+00 0.000000e+00 -2.980232e-08
    outer loop
      vertex   1.700000e+01 -2.100000e+01 1.650000e+01
      vertex   1.700000e+01 -2.100000e+01 2.500000e+01
      vertex   1.700000e+01 1.900000e+01 1.650000e+01
    endloop
  endfacet
  facet normal -1.000000e+00 0.000000e+00 -2.980232e-08
    outer loop
      vertex   1.700000e+01 1.900000e+01 1.650000e+01
      vertex   1.700000e+01 -2.100000e+01 2.500000e+01
      vertex   1.700000e+01 1.900000e+01 2.500000e+01
    endloop
  endfacet
  facet normal 0.000000e+00 -1.000000e+00 0.000000e+00
    outer loop
      vertex   1.700000e+01 -2.100000e+01 2.500000e+01
      vertex   1.700000e+01 -2.100000e+01 1.650000e+01
      vertex   1.900000e+01 -2.100000e+01 1.850000e+01
    endloop
  endfacet
  facet normal 0.000000e+00 -1.000000e+00 -0.000000e+00
    outer loop
      vertex   1.900000e+01 -2.100000e+01 1.850000e+01
      vertex   1.700000e+01 -2.100000e+01 1.650000e+01
      vertex   6.300000e+01 -2.100000e+01 1.650000e+01
    endloop
  endfacet
  facet normal 0.000000e+00 -1.000000e+00 0.000000e+00
    outer loop
      vertex   1.900000e+01 -2.100000e+01 1.850000e+01
      vertex   6.300000e+01 -2.100000e+01 1.650000e+01
      vertex   6.400000e+01 -2.100000e+01 1.850000e+01
    endloop
  endfacet
  facet normal 0.000000e+00 -1.000000e+00 -0.000000e+00
    outer loop
      vertex   6.400000e+01 -2.100000e+01 1.850000e+01
      vertex   6.300000e+01 -2.100000e+01 1.650000e+01
      vertex   6.486600e+01 -2.100000e+01 1.800000e+01
    endloop
  endfacet
  facet normal 0.000000e+00 -1.000000e+00 0.000000e+00
    outer loop
      vertex   6.400000e+01 -2.100000e+01 1.850000e+01
      vertex   6.486600e+01 -2.100000e+01 1.800000e+01
      vertex   6.450000e+01 -2.100000e+01 1.836600e+01
    endloop
  endfacet
  facet normal 0.000000e+00 -1.000000e+00 0.000000e+00
    outer loop
      vertex   6.300000e+01 -2.100000e+01 4.000000e+00
      vertex   6.500000e+01 -2.100000e+01 4.000000e+00
      vertex   6.300000e+01 -2.100000e+01 1.650000e+01
    endloop
  endfacet
  facet normal 0.000000e+00 -1.000000e+00 0.000000e+00
    outer loop
      vertex   6.300000e+01 -2.100000e+01 1.650000e+01
      vertex   6.500000e+01 -2.100000e+01 4.000000e+00
      vertex   6.500000e+01 -2.100000e+01 1.750000e+01
    endloop
  endfacet
  facet normal 0.000000e+00 -1.000000e+00 0.000000e+00
    outer loop
      vertex   6.300000e+01 -2.100000e+01 1.650000e+01
      vertex   6.500000e+01 -2.100000e+01 1.750000e+01
      vertex   6.486600e+01 -2.100000e+01 1.800000e+01
    endloop
  endfacet
  facet normal 0.000000e+00 -1.000000e+00 0.000000e+00
    outer loop
      vertex   6.300000e+01 -2.100000e+01 4.000000e+00
      vertex   6.313400e+01 -2.100000e+01 3.500000e+00
      vertex   6.500000e+01 -2.100000e+01 4.000000e+00
    endloop
  endfacet
  facet normal 0.000000e+00 -1.000000e+00 0.000000e+00
    outer loop
      vertex   6.500000e+01 -2.100000e+01 4.000000e+00
      vertex   6.313400e+01 -2.100000e+01 3.500000e+00
      vertex   6.478700e+01 -2.100000e+01 3.396000e+00
    endloop
  endfacet
  facet normal -0.000000e+00 -1.000000e+00 0.000000e+00
    outer loop
      vertex   6.478700e+01 -2.100000e+01 3.396000e+00
      vertex   6.313400e+01 -2.100000e+01 3.500000e+00
      vertex   6.339600e+01 -2.100000e+01 3.213000e+00
    endloop
  endfacet
  facet normal 0.000000e+00 -1.000000e+00 0.000000e+00
    outer loop
      vertex   6.478700e+01 -2.100000e+01 3.396000e+00
      vertex   6.339600e+01 -2.100000e+01 3.213000e+00
      vertex   6.450000e+01 -2.100000e+01 3.134000e+00
    endloop
  endfacet
  facet normal -0.000000e+00 -1.000000e+00 0.000000e+00
    outer loop
      vertex   6.450000e+01 -2.100000e+01 3.134000e+00
      vertex   6.339600e+01 -2.100000e+01 3.213000e+00
      vertex   6.374100e+01 -2.100000e+01 3.034000e+00
    endloop
  endfacet
  facet normal 0.000000e+00 -1.000000e+00 0.000000e+00
    outer loop
      vertex   6.450000e+01 -2.100000e+01 3.134000e+00
      vertex   6.374100e+01 -2.100000e+01 3.034000e+00
      vertex   6.412900e+01 -2.100000e+01 3.017000e+00
    endloop
  endfacet
  facet normal 0.000000e+00 -1.000000e+00 0.000000e+00
    outer loop
      vertex   1.900000e+01 -2.100000e+01 1.850000e+01
      vertex   1.900000e+01 -2.100000e+01 2.600000e+01
      vertex   1.700000e+01 -2.100000e+01 2.500000e+01
    endloop
  endfacet
  facet normal 0.000000e+00 -1.000000e+00 0.000000e+00
    outer loop
      vertex   1.700000e+01 -2.100000e+01 2.500000e+01
      vertex   1.900000e+01 -2.100000e+01 2.600000e+01
      vertex   1.886600e+01 -2.100000e+01 2.650000e+01
    endloop
  endfacet
  facet normal 0.000000e+00 -1.000000e+00 0.000000e+00
    outer loop
      vertex   1.700000e+01 -2.100000e+01 2.500000e+01
      vertex   1.886600e+01 -2.100000e+01 2.650000e+01
      vertex   1.800000e+01 -2.100000e+01 2.700000e+01
    endloop
  endfacet
  facet normal 0.000000e+00 -1.000000e+00 0.000000e+00
    outer loop
      vertex   1.800000e+01 -2.100000e+01 2.700000e+01
      vertex   1.886600e+01 -2.100000e+01 2.650000e+01
      vertex   1.825900e+01 -2.100000e+01 2.696600e+01
    endloop
  endfacet
  facet normal -0.000000e+00 -1.000000e+00 0.000000e+00
    outer loop
      vertex   1.800000e+01 -2.100000e+01 2.700000e+01
      vertex   -6.400000e+01 -2.100000e+01 2.700000e+01
      vertex   1.700000e+01 -2.100000e+01 2.500000e+01
    endloop
  endfacet
  facet normal 0.000000e+00 -1.000000e+00 0.000000e+00
    outer loop
      vertex   1.700000e+01 -2.100000e+01 2.500000e+01
      vertex   -6.400000e+01 -2.100000e+01 2.700000e+01
      vertex   -6.300000e+01 -2.100000e+01 2.500000e+01
    endloop
  endfacet
  facet normal 0.000000e+00 -1.000000e+00 0.000000e+00
    outer loop
      vertex   -6.300000e+01 -2.100000e+01 2.500000e+01
      vertex   -6.400000e+01 -2.100000e+01 2.700000e+01
      vertex   -6.486600e+01 -2.100000e+01 2.650000e+01
    endloop
  endfacet
  facet normal 0.000000e+00 -1.000000e+00 0.000000e+00
    outer loop
      vertex   -6.300000e+01 -2.100000e+01 2.500000e+01
      vertex   -6.486600e+01 -2.100000e+01 2.650000e+01
      vertex   -6.500000e+01 -2.100000e+01 2.600000e+01
    endloop
  endfacet
  facet normal 0.000000e+00 -1.000000e+00 0.000000e+00
    outer loop
      vertex   -6.400000e+01 -2.100000e+01 2.700000e+01
      vertex   -6.460400e+01 -2.100000e+01 2.678700e+01
      vertex   -6.486600e+01 -2.100000e+01 2.650000e+01
    endloop
  endfacet
  facet normal -0.000000e+00 -1.000000e+00 -0.000000e+00
    outer loop
      vertex   -6.300000e+01 -2.100000e+01 2.500000e+01
      vertex   -6.500000e+01 -2.100000e+01 2.600000e+01
      vertex   -6.300000e+01 -2.100000e+01 5.000000e+00
    endloop
  endfacet
  facet normal -0.000000e+00 -1.000000e+00 0.000000e+00
    outer loop
      vertex   -6.300000e+01 -2.100000e+01 5.000000e+00
      vertex   -6.500000e+01 -2.100000e+01 2.600000e+01
      vertex   -6.500000e+01 -2.100000e+01 1.000000e+00
    endloop
  endfacet
  facet normal 0.000000e+00 -1.000000e+00 -0.000000e+00
    outer loop
      vertex   -6.300000e+01 -2.100000e+01 5.000000e+00
      vertex   -6.500000e+01 -2.100000e+01 1.000000e+00
      vertex   -5.600000e+01 -2.100000e+01 2.000000e+00
    endloop
  endfacet
  facet normal 0.000000e+00 -1.000000e+00 0.000000e+00
    outer loop
      vertex   -5.600000e+01 -2.100000e+01 2.000000e+00
      vertex   -6.500000e+01 -2.100000e+01 1.000000e+00
      vertex   -6.486600e+01 -2.100000e+01 5.000000e-01
    endloop
  endfacet
  facet normal 0.000000e+00 -1.000000e+00 0.000000e+00
    outer loop
      vertex   -5.600000e+01 -2.100000e+01 2.000000e+00
      vertex   -6.486600e+01 -2.100000e+01 5.000000e-01
      vertex   -6.400000e+01 -2.100000e+01 0.000000e+00
    endloop
  endfacet
  facet normal 0.000000e+00 -1.000000e+00 0.000000e+00
    outer loop
      vertex   -6.400000e+01 -2.100000e+01 0.000000e+00
      vertex   -6.486600e+01 -2.100000e+01 5.000000e-01
      vertex   -6.425900e+01 -2.100000e+01 3.400000e-02
    endloop
  endfacet
  facet normal 0.000000e+00 -1.000000e+00 -0.000000e+00
    outer loop
      vertex   -5.600000e+01 -2.100000e+01 2.000000e+00
      vertex   -6.400000e+01 -2.100000e+01 0.000000e+00
      vertex   -1.050000e+01 -2.100000e+01 2.000000e+00
    endloop
  endfacet
  facet normal 0.000000e+00 -1.000000e+00 -0.000000e+00
    outer loop
      vertex   -1.050000e+01 -2.100000e+01 2.000000e+00
      vertex   -6.400000e+01 -2.100000e+01 0.000000e+00
      vertex   1.800000e+01 -2.100000e+01 0.000000e+00
    endloop
  endfacet
  facet normal 0.000000e+00 -1.000000e+00 0.000000e+00
    outer loop
      vertex   -1.050000e+01 -2.100000e+01 2.000000e+00
      vertex   1.800000e+01 -2.100000e+01 0.000000e+00
      vertex   -5.000000e-01 -2.100000e+01 2.000000e+00
    endloop
  endfacet
  facet normal 0.000000e+00 -1.000000e+00 0.000000e+00
    outer loop
      vertex   -5.000000e-01 -2.100000e+01 2.000000e+00
      vertex   1.800000e+01 -2.100000e+01 0.000000e+00
      vertex   1.700000e+01 -2.100000e+01 2.000000e+00
    endloop
  endfacet
  facet normal 0.000000e+00 -1.000000e+00 0.000000e+00
    outer loop
      vertex   1.700000e+01 -2.100000e+01 2.000000e+00
      vertex   1.800000e+01 -2.100000e+01 0.000000e+00
      vertex   1.886600e+01 -2.100000e+01 5.000000e-01
    endloop
  endfacet
  facet normal 0.000000e+00 -1.000000e+00 0.000000e+00
    outer loop
      vertex   1.700000e+01 -2.100000e+01 2.000000e+00
      vertex   1.886600e+01 -2.100000e+01 5.000000e-01
      vertex   1.900000e+01 -2.100000e+01 1.000000e+00
    endloop
  endfacet
  facet normal 0.000000e+00 -1.000000e+00 0.000000e+00
    outer loop
      vertex   1.800000e+01 -2.100000e+01 0.000000e+00
      vertex   1.860400e+01 -2.100000e+01 2.130000e-01
      vertex   1.886600e+01 -2.100000e+01 5.000000e-01
    endloop
  endfacet
  facet normal 0.000000e+00 -1.000000e+00 0.000000e+00
    outer loop
      vertex   1.900000e+01 -2.100000e+01 1.000000e+00
      vertex   1.900000e+01 -2.100000e+01 2.000000e+00
      vertex   1.700000e+01 -2.100000e+01 2.000000e+00
    endloop
  endfacet
  facet normal 0.000000e+00 -1.000000e+00 0.000000e+00
    outer loop
      vertex   1.700000e+01 -2.100000e+01 2.000000e+00
      vertex   1.900000e+01 -2.100000e+01 2.000000e+00
      vertex   1.913400e+01 -2.100000e+01 2.500000e+00
    endloop
  endfacet
  facet normal 0.000000e+00 -1.000000e+00 0.000000e+00
    outer loop
      vertex   1.700000e+01 -2.100000e+01 2.000000e+00
      vertex   1.913400e+01 -2.100000e+01 2.500000e+00
      vertex   1.950000e+01 -2.100000e+01 2.866000e+00
    endloop
  endfacet
  facet normal 0.000000e+00 -1.000000e+00 0.000000e+00
    outer loop
      vertex   1.700000e+01 -2.100000e+01 2.000000e+00
      vertex   1.950000e+01 -2.100000e+01 2.866000e+00
      vertex   1.700000e+01 -2.100000e+01 5.000000e+00
    endloop
  endfacet
  facet normal 0.000000e+00 -1.000000e+00 0.000000e+00
    outer loop
      vertex   1.700000e+01 -2.100000e+01 5.000000e+00
      vertex   1.950000e+01 -2.100000e+01 2.866000e+00
      vertex   2.000000e+01 -2.100000e+01 3.000000e+00
    endloop
  endfacet
  facet normal 0.000000e+00 -1.000000e+00 0.000000e+00
    outer loop
      vertex   1.700000e+01 -2.100000e+01 5.000000e+00
      vertex   2.000000e+01 -2.100000e+01 3.000000e+00
      vertex   2.155500e+01 -2.100000e+01 3.527000e+00
    endloop
  endfacet
  facet normal 0.000000e+00 -1.000000e+00 0.000000e+00
    outer loop
      vertex   2.155500e+01 -2.100000e+01 3.527000e+00
      vertex   2.000000e+01 -2.100000e+01 3.000000e+00
      vertex   2.119000e+01 -2.100000e+01 3.000000e+00
    endloop
  endfacet
  facet normal 0.000000e+00 -1.000000e+00 0.000000e+00
    outer loop
      vertex   2.155500e+01 -2.100000e+01 3.527000e+00
      vertex   2.200000e+01 -2.100000e+01 4.000000e+00
      vertex   1.700000e+01 -2.100000e+01 5.000000e+00
    endloop
  endfacet
  facet normal 0.000000e+00 -1.000000e+00 0.000000e+00
    outer loop
      vertex   1.700000e+01 -2.100000e+01 5.000000e+00
      vertex   2.200000e+01 -2.100000e+01 4.000000e+00
      vertex   2.163000e+01 -2.100000e+01 4.355000e+00
    endloop
  endfacet
  facet normal 0.000000e+00 -1.000000e+00 0.000000e+00
    outer loop
      vertex   1.700000e+01 -2.100000e+01 5.000000e+00
      vertex   2.163000e+01 -2.100000e+01 4.355000e+00
      vertex   2.122000e+01 -2.100000e+01 4.680000e+00
    endloop
  endfacet
  facet normal -0.000000e+00 -1.000000e+00 -0.000000e+00
    outer loop
      vertex   2.077100e+01 -2.100000e+01 4.907000e+00
      vertex   2.026800e+01 -2.100000e+01 5.000000e+00
      vertex   2.122000e+01 -2.100000e+01 4.680000e+00
    endloop
  endfacet
  facet normal 0.000000e+00 -1.000000e+00 0.000000e+00
    outer loop
      vertex   2.122000e+01 -2.100000e+01 4.680000e+00
      vertex   2.026800e+01 -2.100000e+01 5.000000e+00
      vertex   1.700000e+01 -2.100000e+01 5.000000e+00
    endloop
  endfacet
  facet normal 0.000000e+00 -1.000000e+00 0.000000e+00
    outer loop
      vertex   -5.000000e-01 -2.100000e+01 2.000000e+00
      vertex   -5.000000e-01 -2.100000e+01 5.000000e+00
      vertex   -1.050000e+01 -2.100000e+01 2.000000e+00
    endloop
  endfacet
  facet normal 0.000000e+00 -1.000000e+00 0.000000e+00
    outer loop
      vertex   -1.050000e+01 -2.100000e+01 2.000000e+00
      vertex   -5.000000e-01 -2.100000e+01 5.000000e+00
      vertex   -1.050000e+01 -2.100000e+01 5.000000e+00
    endloop
  endfacet
  facet normal 0.000000e+00 -1.000000e+00 0.000000e+00
    outer loop
      vertex   -5.600000e+01 -2.100000e+01 2.000000e+00
      vertex   -5.600000e+01 -2.100000e+01 5.000000e+00
      vertex   -6.300000e+01 -2.100000e+01 5.000000e+00
    endloop
  endfacet
  facet normal 0.000000e+00 0.000000e+00 1.000000e+00
    outer loop
      vertex   -5.000000e-01 -2.100000e+01 5.000000e+00
      vertex   -1.018000e+00 -2.093200e+01 5.000000e+00
      vertex   -1.050000e+01 -2.100000e+01 5.000000e+00
    endloop
  endfacet
  facet normal 0.000000e+00 0.000000e+00 1.000000e+00
    outer loop
      vertex   -1.050000e+01 -2.100000e+01 5.000000e+00
      vertex   -1.018000e+00 -2.093200e+01 5.000000e+00
      vertex   -9.982000e+00 -2.093200e+01 5.000000e+00
    endloop
  endfacet
  facet normal 0.000000e+00 0.000000e+00 1.000000e+00
    outer loop
      vertex   -9.982000e+00 -2.093200e+01 5.000000e+00
      vertex   -1.018000e+00 -2.093200e+01 5.000000e+00
      vertex   -9.500000e+00 -2.073200e+01 5.000000e+00
    endloop
  endfacet
  facet normal -0.000000e+00 0.000000e+00 1.000000e+00
    outer loop
      vertex   -9.500000e+00 -2.073200e+01 5.000000e+00
      vertex   -1.018000e+00 -2.093200e+01 5.000000e+00
      vertex   -1.500000e+00 -2.073200e+01 5.000000e+00
    endloop
  endfacet
  facet normal 0.000000e+00 0.000000e+00 1.000000e+00
    outer loop
      vertex   -9.500000e+00 -2.073200e+01 5.000000e+00
      vertex   -1.500000e+00 -2.073200e+01 5.000000e+00
      vertex   -1.914000e+00 -2.041400e+01 5.000000e+00
    endloop
  endfacet
  facet normal 0.000000e+00 0.000000e+00 1.000000e+00
    outer loop
      vertex   -2.232000e+00 -2.000000e+01 5.000000e+00
      vertex   -8.768000e+00 -2.000000e+01 5.000000e+00
      vertex   -1.914000e+00 -2.041400e+01 5.000000e+00
    endloop
  endfacet
  facet normal 0.000000e+00 0.000000e+00 1.000000e+00
    outer loop
      vertex   -1.914000e+00 -2.041400e+01 5.000000e+00
      vertex   -8.768000e+00 -2.000000e+01 5.000000e+00
      vertex   -9.086000e+00 -2.041400e+01 5.000000e+00
    endloop
  endfacet
  facet normal 0.000000e+00 0.000000e+00 1.000000e+00
    outer loop
      vertex   -1.914000e+00 -2.041400e+01 5.000000e+00
      vertex   -9.086000e+00 -2.041400e+01 5.000000e+00
      vertex   -9.500000e+00 -2.073200e+01 5.000000e+00
    endloop
  endfacet
  facet normal 0.000000e+00 0.000000e+00 1.000000e+00
    outer loop
      vertex   -8.768000e+00 -2.000000e+01 5.000000e+00
      vertex   -2.232000e+00 -2.000000e+01 5.000000e+00
      vertex   -8.568000e+00 -1.951800e+01 5.000000e+00
    endloop
  endfacet
  facet normal -0.000000e+00 0.000000e+00 1.000000e+00
    outer loop
      vertex   -8.568000e+00 -1.951800e+01 5.000000e+00
      vertex   -2.232000e+00 -2.000000e+01 5.000000e+00
      vertex   -2.432000e+00 -1.951800e+01 5.000000e+00
    endloop
  endfacet
  facet normal 0.000000e+00 0.000000e+00 1.000000e+00
    outer loop
      vertex   -8.568000e+00 -1.951800e+01 5.000000e+00
      vertex   -2.432000e+00 -1.951800e+01 5.000000e+00
      vertex   -2.587000e+00 -1.828200e+01 5.000000e+00
    endloop
  endfacet
  facet normal 0.000000e+00 0.000000e+00 1.000000e+00
    outer loop
      vertex   -8.568000e+00 -1.951800e+01 5.000000e+00
      vertex   -2.587000e+00 -1.828200e+01 5.000000e+00
      vertex   -8.413000e+00 -1.828200e+01 5.000000e+00
    endloop
  endfacet
  facet normal 0.000000e+00 0.000000e+00 1.000000e+00
    outer loop
      vertex   -8.413000e+00 -1.828200e+01 5.000000e+00
      vertex   -2.587000e+00 -1.828200e+01 5.000000e+00
      vertex   -2.844000e+00 -1.760600e+01 5.000000e+00
    endloop
  endfacet
  facet normal 0.000000e+00 0.000000e+00 1.000000e+00
    outer loop
      vertex   -8.413000e+00 -1.828200e+01 5.000000e+00
      vertex   -2.844000e+00 -1.760600e+01 5.000000e+00
      vertex   -8.156000e+00 -1.760600e+01 5.000000e+00
    endloop
  endfacet
  facet normal 0.000000e+00 0.000000e+00 1.000000e+00
    outer loop
      vertex   -8.156000e+00 -1.760600e+01 5.000000e+00
      vertex   -2.844000e+00 -1.760600e+01 5.000000e+00
      vertex   -7.746000e+00 -1.701100e+01 5.000000e+00
    endloop
  endfacet
  facet normal -0.000000e+00 0.000000e+00 1.000000e+00
    outer loop
      vertex   -7.746000e+00 -1.701100e+01 5.000000e+00
      vertex   -2.844000e+00 -1.760600e+01 5.000000e+00
      vertex   -3.254000e+00 -1.701100e+01 5.000000e+00
    endloop
  endfacet
  facet normal 0.000000e+00 0.000000e+00 1.000000e+00
    outer loop
      vertex   -7.746000e+00 -1.701100e+01 5.000000e+00
      vertex   -3.254000e+00 -1.701100e+01 5.000000e+00
      vertex   -3.796000e+00 -1.653100e+01 5.000000e+00
    endloop
  endfacet
  facet normal 0.000000e+00 0.000000e+00 1.000000e+00
    outer loop
      vertex   -4.436000e+00 -1.619500e+01 5.000000e+00
      vertex   -6.564000e+00 -1.619500e+01 5.000000e+00
      vertex   -3.796000e+00 -1.653100e+01 5.000000e+00
    endloop
  endfacet
  facet normal 0.000000e+00 0.000000e+00 1.000000e+00
    outer loop
      vertex   -3.796000e+00 -1.653100e+01 5.000000e+00
      vertex   -6.564000e+00 -1.619500e+01 5.000000e+00
      vertex   -7.204000e+00 -1.653100e+01 5.000000e+00
    endloop
  endfacet
  facet normal 0.000000e+00 0.000000e+00 1.000000e+00
    outer loop
      vertex   -3.796000e+00 -1.653100e+01 5.000000e+00
      vertex   -7.204000e+00 -1.653100e+01 5.000000e+00
      vertex   -7.746000e+00 -1.701100e+01 5.000000e+00
    endloop
  endfacet
  facet normal 0.000000e+00 0.000000e+00 1.000000e+00
    outer loop
      vertex   -5.138000e+00 -1.602200e+01 5.000000e+00
      vertex   -5.862000e+00 -1.602200e+01 5.000000e+00
      vertex   -4.436000e+00 -1.619500e+01 5.000000e+00
    endloop
  endfacet
  facet normal 0.000000e+00 0.000000e+00 1.000000e+00
    outer loop
      vertex   -4.436000e+00 -1.619500e+01 5.000000e+00
      vertex   -5.862000e+00 -1.602200e+01 5.000000e+00
      vertex   -6.564000e+00 -1.619500e+01 5.000000e+00
    endloop
  endfacet
  facet normal -5.847026e-02 9.934297e-01 9.837988e-02
    outer loop
      vertex   -6.409802e+01 -1.400482e+01 1.799037e+01
      vertex   -6.400000e+01 -1.400000e+01 1.800000e+01
      vertex   -6.409844e+01 -1.398528e+01 1.779289e+01
    endloop
  endfacet
  facet normal -1.254043e-01 9.836181e-01 1.294958e-01
    outer loop
      vertex   -6.409844e+01 -1.398528e+01 1.779289e+01
      vertex   -6.400000e+01 -1.400000e+01 1.800000e+01
      vertex   -6.400000e+01 -1.396593e+01 1.774118e+01
    endloop
  endfacet
  facet normal -3.066655e-02 9.538562e-01 2.986935e-01
    outer loop
      vertex   -6.409844e+01 -1.398528e+01 1.779289e+01
      vertex   -6.400000e+01 -1.396593e+01 1.774118e+01
      vertex   -6.408332e+01 -1.392668e+01 1.760730e+01
    endloop
  endfacet
  facet normal -1.769077e-01 9.093076e-01 3.766475e-01
    outer loop
      vertex   -6.408332e+01 -1.392668e+01 1.760730e+01
      vertex   -6.400000e+01 -1.396593e+01 1.774118e+01
      vertex   -6.400000e+01 -1.386603e+01 1.750000e+01
    endloop
  endfacet
  facet normal -7.837129e-02 8.927020e-01 4.437804e-01
    outer loop
      vertex   -6.408332e+01 -1.392668e+01 1.760730e+01
      vertex   -6.400000e+01 -1.386603e+01 1.750000e+01
      vertex   -6.407657e+01 -1.386944e+01 1.749336e+01
    endloop
  endfacet
  facet normal -8.649320e-02 8.100991e-01 5.798779e-01
    outer loop
      vertex   -6.407657e+01 -1.386944e+01 1.749336e+01
      vertex   -6.400000e+01 -1.386603e+01 1.750000e+01
      vertex   -6.407147e+01 -1.375938e+01 1.734035e+01
    endloop
  endfacet
  facet normal -2.522808e-01 7.894907e-01 5.595167e-01
    outer loop
      vertex   -6.407657e+01 -1.386944e+01 1.749336e+01
      vertex   -6.407147e+01 -1.375938e+01 1.734035e+01
      vertex   -6.415968e+01 -1.388102e+01 1.747222e+01
    endloop
  endfacet
  facet normal -2.432614e-01 7.886058e-01 5.647343e-01
    outer loop
      vertex   -6.415968e+01 -1.388102e+01 1.747222e+01
      vertex   -6.407147e+01 -1.375938e+01 1.734035e+01
      vertex   -6.415050e+01 -1.377246e+01 1.732458e+01
    endloop
  endfacet
  facet normal -4.049015e-01 7.484928e-01 5.251794e-01
    outer loop
      vertex   -6.415968e+01 -1.388102e+01 1.747222e+01
      vertex   -6.415050e+01 -1.377246e+01 1.732458e+01
      vertex   -6.424964e+01 -1.390330e+01 1.743461e+01
    endloop
  endfacet
  facet normal -3.942675e-01 7.478938e-01 5.340487e-01
    outer loop
      vertex   -6.424964e+01 -1.390330e+01 1.743461e+01
      vertex   -6.415050e+01 -1.377246e+01 1.732458e+01
      vertex   -6.423763e+01 -1.379747e+01 1.729528e+01
    endloop
  endfacet
  facet normal -5.383731e-01 6.927954e-01 4.797800e-01
    outer loop
      vertex   -6.424964e+01 -1.390330e+01 1.743461e+01
      vertex   -6.423763e+01 -1.379747e+01 1.729528e+01
      vertex   -6.434532e+01 -1.393888e+01 1.737862e+01
    endloop
  endfacet
  facet normal -5.286939e-01 6.921967e-01 4.912703e-01
    outer loop
      vertex   -6.434532e+01 -1.393888e+01 1.737862e+01
      vertex   -6.423763e+01 -1.379747e+01 1.729528e+01
      vertex   -6.433178e+01 -1.383717e+01 1.724988e+01
    endloop
  endfacet
  facet normal -6.906379e-01 6.010325e-01 4.022179e-01
    outer loop
      vertex   -6.434532e+01 -1.393888e+01 1.737862e+01
      vertex   -6.433178e+01 -1.383717e+01 1.724988e+01
      vertex   -6.453540e+01 -1.404990e+01 1.721813e+01
    endloop
  endfacet
  facet normal -6.852535e-01 5.927512e-01 4.231708e-01
    outer loop
      vertex   -6.453540e+01 -1.404990e+01 1.721813e+01
      vertex   -6.433178e+01 -1.383717e+01 1.724988e+01
      vertex   -6.452260e+01 -1.396016e+01 1.711316e+01
    endloop
  endfacet
  facet normal -8.285080e-01 4.715203e-01 3.020647e-01
    outer loop
      vertex   -6.453540e+01 -1.404990e+01 1.721813e+01
      vertex   -6.452260e+01 -1.396016e+01 1.711316e+01
      vertex   -6.472125e+01 -1.422533e+01 1.698223e+01
    endloop
  endfacet
  facet normal -8.267477e-01 4.581439e-01 3.264849e-01
    outer loop
      vertex   -6.472125e+01 -1.422533e+01 1.698223e+01
      vertex   -6.452260e+01 -1.396016e+01 1.711316e+01
      vertex   -6.471242e+01 -1.415323e+01 1.690341e+01
    endloop
  endfacet
  facet normal -9.171920e-01 3.397879e-01 2.080940e-01
    outer loop
      vertex   -6.472125e+01 -1.422533e+01 1.698223e+01
      vertex   -6.471242e+01 -1.415323e+01 1.690341e+01
      vertex   -6.486665e+01 -1.444436e+01 1.669904e+01
    endloop
  endfacet
  facet normal -9.174679e-01 3.230738e-01 2.321118e-01
    outer loop
      vertex   -6.486665e+01 -1.444436e+01 1.669904e+01
      vertex   -6.471242e+01 -1.415323e+01 1.690341e+01
      vertex   -6.486212e+01 -1.439326e+01 1.664581e+01
    endloop
  endfacet
  facet normal -9.705530e-01 2.096273e-01 1.186726e-01
    outer loop
      vertex   -6.486665e+01 -1.444436e+01 1.669904e+01
      vertex   -6.486212e+01 -1.439326e+01 1.664581e+01
      vertex   -6.496565e+01 -1.471150e+01 1.636121e+01
    endloop
  endfacet
  facet normal -9.716465e-01 1.886548e-01 1.425219e-01
    outer loop
      vertex   -6.496565e+01 -1.471150e+01 1.636121e+01
      vertex   -6.486212e+01 -1.439326e+01 1.664581e+01
      vertex   -6.496444e+01 -1.468517e+01 1.633461e+01
    endloop
  endfacet
  facet normal -9.964077e-01 7.833008e-02 3.218805e-02
    outer loop
      vertex   -6.496565e+01 -1.471150e+01 1.636121e+01
      vertex   -6.496444e+01 -1.468517e+01 1.633461e+01
      vertex   -6.500000e+01 -1.500000e+01 1.600000e+01
    endloop
  endfacet
  facet normal -1.733432e-01 7.813431e-01 5.995457e-01
    outer loop
      vertex   -6.400000e+01 -1.386603e+01 1.750000e+01
      vertex   -6.400000e+01 -1.370711e+01 1.729289e+01
      vertex   -6.407147e+01 -1.375938e+01 1.734035e+01
    endloop
  endfacet
  facet normal -2.452528e-02 6.901681e-01 7.232334e-01
    outer loop
      vertex   -6.407147e+01 -1.375938e+01 1.734035e+01
      vertex   -6.400000e+01 -1.370711e+01 1.729289e+01
      vertex   -6.407220e+01 -1.362293e+01 1.721011e+01
    endloop
  endfacet
  facet normal -2.504409e-01 6.677317e-01 7.010091e-01
    outer loop
      vertex   -6.407147e+01 -1.375938e+01 1.734035e+01
      vertex   -6.407220e+01 -1.362293e+01 1.721011e+01
      vertex   -6.415050e+01 -1.377246e+01 1.732458e+01
    endloop
  endfacet
  facet normal -2.518230e-01 6.679308e-01 7.003239e-01
    outer loop
      vertex   -6.415050e+01 -1.377246e+01 1.732458e+01
      vertex   -6.407220e+01 -1.362293e+01 1.721011e+01
      vertex   -6.415183e+01 -1.363988e+01 1.719765e+01
    endloop
  endfacet
  facet normal -4.038791e-01 6.305088e-01 6.628275e-01
    outer loop
      vertex   -6.415050e+01 -1.377246e+01 1.732458e+01
      vertex   -6.415183e+01 -1.363988e+01 1.719765e+01
      vertex   -6.423763e+01 -1.379747e+01 1.729528e+01
    endloop
  endfacet
  facet normal -4.055667e-01 6.306849e-01 6.616285e-01
    outer loop
      vertex   -6.423763e+01 -1.379747e+01 1.729528e+01
      vertex   -6.415183e+01 -1.363988e+01 1.719765e+01
      vertex   -6.423937e+01 -1.367102e+01 1.717367e+01
    endloop
  endfacet
  facet normal -5.390157e-01 5.799791e-01 6.108080e-01
    outer loop
      vertex   -6.423763e+01 -1.379747e+01 1.729528e+01
      vertex   -6.423937e+01 -1.367102e+01 1.717367e+01
      vertex   -6.433178e+01 -1.383717e+01 1.724988e+01
    endloop
  endfacet
  facet normal -5.406255e-01 5.801475e-01 6.092232e-01
    outer loop
      vertex   -6.433178e+01 -1.383717e+01 1.724988e+01
      vertex   -6.423937e+01 -1.367102e+01 1.717367e+01
      vertex   -6.433374e+01 -1.371879e+01 1.713542e+01
    endloop
  endfacet
  facet normal -6.938268e-01 4.946263e-01 5.234016e-01
    outer loop
      vertex   -6.433178e+01 -1.383717e+01 1.724988e+01
      vertex   -6.433374e+01 -1.371879e+01 1.713542e+01
      vertex   -6.452260e+01 -1.396016e+01 1.711316e+01
    endloop
  endfacet
  facet normal -6.951206e-01 4.959098e-01 5.204621e-01
    outer loop
      vertex   -6.452260e+01 -1.396016e+01 1.711316e+01
      vertex   -6.433374e+01 -1.371879e+01 1.713542e+01
      vertex   -6.452445e+01 -1.386098e+01 1.701619e+01
    endloop
  endfacet
  facet normal -8.323499e-01 3.794593e-01 4.039855e-01
    outer loop
      vertex   -6.452260e+01 -1.396016e+01 1.711316e+01
      vertex   -6.452445e+01 -1.386098e+01 1.701619e+01
      vertex   -6.471242e+01 -1.415323e+01 1.690341e+01
    endloop
  endfacet
  facet normal -8.331923e-01 3.813724e-01 4.004319e-01
    outer loop
      vertex   -6.471242e+01 -1.415323e+01 1.690341e+01
      vertex   -6.452445e+01 -1.386098e+01 1.701619e+01
      vertex   -6.471370e+01 -1.407696e+01 1.682811e+01
    endloop
  endfacet
  facet normal -9.202816e-01 2.669667e-01 2.860256e-01
    outer loop
      vertex   -6.471242e+01 -1.415323e+01 1.690341e+01
      vertex   -6.471370e+01 -1.407696e+01 1.682811e+01
      vertex   -6.486212e+01 -1.439326e+01 1.664581e+01
    endloop
  endfacet
  facet normal -9.207284e-01 2.692543e-01 2.824205e-01
    outer loop
      vertex   -6.486212e+01 -1.439326e+01 1.664581e+01
      vertex   -6.471370e+01 -1.407696e+01 1.682811e+01
      vertex   -6.486277e+01 -1.434083e+01 1.659369e+01
    endloop
  endfacet
  facet normal -9.724265e-01 1.581920e-01 1.713537e-01
    outer loop
      vertex   -6.486212e+01 -1.439326e+01 1.664581e+01
      vertex   -6.486277e+01 -1.434083e+01 1.659369e+01
      vertex   -6.496444e+01 -1.468517e+01 1.633461e+01
    endloop
  endfacet
  facet normal -9.726045e-01 1.610063e-01 1.676829e-01
    outer loop
      vertex   -6.496444e+01 -1.468517e+01 1.633461e+01
      vertex   -6.486277e+01 -1.434083e+01 1.659369e+01
      vertex   -6.496462e+01 -1.465867e+01 1.630816e+01
    endloop
  endfacet
  facet normal -9.970155e-01 5.114973e-02 5.782607e-02
    outer loop
      vertex   -6.496444e+01 -1.468517e+01 1.633461e+01
      vertex   -6.496462e+01 -1.465867e+01 1.630816e+01
      vertex   -6.500000e+01 -1.500000e+01 1.600000e+01
    endloop
  endfacet
  facet normal -1.959476e-01 5.969602e-01 7.779737e-01
    outer loop
      vertex   -6.400000e+01 -1.370711e+01 1.729289e+01
      vertex   -6.400000e+01 -1.350000e+01 1.713397e+01
      vertex   -6.407220e+01 -1.362293e+01 1.721011e+01
    endloop
  endfacet
  facet normal -4.036724e-02 5.431620e-01 8.386570e-01
    outer loop
      vertex   -6.407220e+01 -1.362293e+01 1.721011e+01
      vertex   -6.400000e+01 -1.350000e+01 1.713397e+01
      vertex   -6.407879e+01 -1.346493e+01 1.710747e+01
    endloop
  endfacet
  facet normal -2.392857e-01 5.219291e-01 8.187383e-01
    outer loop
      vertex   -6.407220e+01 -1.362293e+01 1.721011e+01
      vertex   -6.407879e+01 -1.346493e+01 1.710747e+01
      vertex   -6.415183e+01 -1.363988e+01 1.719765e+01
    endloop
  endfacet
  facet normal -2.519947e-01 5.244347e-01 8.133061e-01
    outer loop
      vertex   -6.415183e+01 -1.363988e+01 1.719765e+01
      vertex   -6.407879e+01 -1.346493e+01 1.710747e+01
      vertex   -6.416367e+01 -1.348771e+01 1.709586e+01
    endloop
  endfacet
  facet normal -3.883072e-01 4.913036e-01 7.796399e-01
    outer loop
      vertex   -6.415183e+01 -1.363988e+01 1.719765e+01
      vertex   -6.416367e+01 -1.348771e+01 1.709586e+01
      vertex   -6.423937e+01 -1.367102e+01 1.717367e+01
    endloop
  endfacet
  facet normal -4.045341e-01 4.938050e-01 7.697459e-01
    outer loop
      vertex   -6.423937e+01 -1.367102e+01 1.717367e+01
      vertex   -6.416367e+01 -1.348771e+01 1.709586e+01
      vertex   -6.425485e+01 -1.352782e+01 1.707367e+01
    endloop
  endfacet
  facet normal -5.215884e-01 4.498709e-01 7.249564e-01
    outer loop
      vertex   -6.423937e+01 -1.367102e+01 1.717367e+01
      vertex   -6.425485e+01 -1.352782e+01 1.707367e+01
      vertex   -6.433374e+01 -1.371879e+01 1.713542e+01
    endloop
  endfacet
  facet normal -5.378473e-01 4.522306e-01 7.114827e-01
    outer loop
      vertex   -6.433374e+01 -1.371879e+01 1.713542e+01
      vertex   -6.425485e+01 -1.352782e+01 1.707367e+01
      vertex   -6.435119e+01 -1.358695e+01 1.703843e+01
    endloop
  endfacet
  facet normal -6.763900e-01 3.762804e-01 6.331742e-01
    outer loop
      vertex   -6.433374e+01 -1.371879e+01 1.713542e+01
      vertex   -6.435119e+01 -1.358695e+01 1.703843e+01
      vertex   -6.452445e+01 -1.386098e+01 1.701619e+01
    endloop
  endfacet
  facet normal -6.926493e-01 3.886344e-01 6.076185e-01
    outer loop
      vertex   -6.452445e+01 -1.386098e+01 1.701619e+01
      vertex   -6.435119e+01 -1.358695e+01 1.703843e+01
      vertex   -6.454096e+01 -1.375429e+01 1.692913e+01
    endloop
  endfacet
  facet normal -8.187130e-01 2.816426e-01 5.003864e-01
    outer loop
      vertex   -6.452445e+01 -1.386098e+01 1.701619e+01
      vertex   -6.454096e+01 -1.375429e+01 1.692913e+01
      vertex   -6.471370e+01 -1.407696e+01 1.682811e+01
    endloop
  endfacet
  facet normal -8.315314e-01 2.985011e-01 4.684577e-01
    outer loop
      vertex   -6.471370e+01 -1.407696e+01 1.682811e+01
      vertex   -6.454096e+01 -1.375429e+01 1.692913e+01
      vertex   -6.472508e+01 -1.399739e+01 1.675721e+01
    endloop
  endfacet
  facet normal -9.117276e-01 1.928196e-01 3.627305e-01
    outer loop
      vertex   -6.471370e+01 -1.407696e+01 1.682811e+01
      vertex   -6.472508e+01 -1.399739e+01 1.675721e+01
      vertex   -6.486277e+01 -1.434083e+01 1.659369e+01
    endloop
  endfacet
  facet normal -9.200721e-01 2.120314e-01 3.294086e-01
    outer loop
      vertex   -6.486277e+01 -1.434083e+01 1.659369e+01
      vertex   -6.472508e+01 -1.399739e+01 1.675721e+01
      vertex   -6.486861e+01 -1.428736e+01 1.654296e+01
    endloop
  endfacet
  facet normal -9.683075e-01 1.079259e-01 2.252388e-01
    outer loop
      vertex   -6.486277e+01 -1.434083e+01 1.659369e+01
      vertex   -6.486861e+01 -1.428736e+01 1.654296e+01
      vertex   -6.496462e+01 -1.465867e+01 1.630816e+01
    endloop
  endfacet
  facet normal -9.728905e-01 1.310419e-01 1.905572e-01
    outer loop
      vertex   -6.496462e+01 -1.465867e+01 1.630816e+01
      vertex   -6.486861e+01 -1.428736e+01 1.654296e+01
      vertex   -6.496618e+01 -1.463205e+01 1.628188e+01
    endloop
  endfacet
  facet normal -9.959954e-01 2.603157e-02 8.553067e-02
    outer loop
      vertex   -6.496462e+01 -1.465867e+01 1.630816e+01
      vertex   -6.496618e+01 -1.463205e+01 1.628188e+01
      vertex   -6.500000e+01 -1.500000e+01 1.600000e+01
    endloop
  endfacet
  facet normal -1.390889e-01 3.789637e-01 9.148993e-01
    outer loop
      vertex   -6.400000e+01 -1.350000e+01 1.713397e+01
      vertex   -6.400000e+01 -1.325882e+01 1.703407e+01
      vertex   -6.407879e+01 -1.346493e+01 1.710747e+01
    endloop
  endfacet
  facet normal -1.072064e-01 3.696486e-01 9.229662e-01
    outer loop
      vertex   -6.407879e+01 -1.346493e+01 1.710747e+01
      vertex   -6.400000e+01 -1.325882e+01 1.703407e+01
      vertex   -6.409105e+01 -1.329076e+01 1.703629e+01
    endloop
  endfacet
  facet normal -2.197342e-01 3.557674e-01 9.083757e-01
    outer loop
      vertex   -6.407879e+01 -1.346493e+01 1.710747e+01
      vertex   -6.409105e+01 -1.329076e+01 1.703629e+01
      vertex   -6.416367e+01 -1.348771e+01 1.709586e+01
    endloop
  endfacet
  facet normal -2.430747e-01 3.618382e-01 8.999932e-01
    outer loop
      vertex   -6.416367e+01 -1.348771e+01 1.709586e+01
      vertex   -6.409105e+01 -1.329076e+01 1.703629e+01
      vertex   -6.418573e+01 -1.332088e+01 1.702283e+01
    endloop
  endfacet
  facet normal -3.590294e-01 3.340313e-01 8.715050e-01
    outer loop
      vertex   -6.416367e+01 -1.348771e+01 1.709586e+01
      vertex   -6.418573e+01 -1.332088e+01 1.702283e+01
      vertex   -6.425485e+01 -1.352782e+01 1.707367e+01
    endloop
  endfacet
  facet normal -3.905181e-01 3.405636e-01 8.552847e-01
    outer loop
      vertex   -6.425485e+01 -1.352782e+01 1.707367e+01
      vertex   -6.418573e+01 -1.332088e+01 1.702283e+01
      vertex   -6.428373e+01 -1.337212e+01 1.699849e+01
    endloop
  endfacet
  facet normal -4.866714e-01 3.050188e-01 8.186052e-01
    outer loop
      vertex   -6.425485e+01 -1.352782e+01 1.707367e+01
      vertex   -6.428373e+01 -1.337212e+01 1.699849e+01
      vertex   -6.435119e+01 -1.358695e+01 1.703843e+01
    endloop
  endfacet
  facet normal -5.199908e-01 3.111808e-01 7.954722e-01
    outer loop
      vertex   -6.435119e+01 -1.358695e+01 1.703843e+01
      vertex   -6.428373e+01 -1.337212e+01 1.699849e+01
      vertex   -6.438379e+01 -1.344512e+01 1.696164e+01
    endloop
  endfacet
  facet normal -6.383111e-01 2.478808e-01 7.287757e-01
    outer loop
      vertex   -6.435119e+01 -1.358695e+01 1.703843e+01
      vertex   -6.438379e+01 -1.344512e+01 1.696164e+01
      vertex   -6.454096e+01 -1.375429e+01 1.692913e+01
    endloop
  endfacet
  facet normal -6.774867e-01 2.725922e-01 6.831583e-01
    outer loop
      vertex   -6.454096e+01 -1.375429e+01 1.692913e+01
      vertex   -6.438379e+01 -1.344512e+01 1.696164e+01
      vertex   -6.457187e+01 -1.364207e+01 1.685371e+01
    endloop
  endfacet
  facet normal -7.874792e-01 1.794355e-01 5.896434e-01
    outer loop
      vertex   -6.454096e+01 -1.375429e+01 1.692913e+01
      vertex   -6.457187e+01 -1.364207e+01 1.685371e+01
      vertex   -6.472508e+01 -1.399739e+01 1.675721e+01
    endloop
  endfacet
  facet normal -8.215381e-01 2.103356e-01 5.299378e-01
    outer loop
      vertex   -6.472508e+01 -1.399739e+01 1.675721e+01
      vertex   -6.457187e+01 -1.364207e+01 1.685371e+01
      vertex   -6.474646e+01 -1.391544e+01 1.669154e+01
    endloop
  endfacet
  facet normal -8.914501e-01 1.180101e-01 4.374818e-01
    outer loop
      vertex   -6.472508e+01 -1.399739e+01 1.675721e+01
      vertex   -6.474646e+01 -1.391544e+01 1.669154e+01
      vertex   -6.486861e+01 -1.428736e+01 1.654296e+01
    endloop
  endfacet
  facet normal -9.153899e-01 1.516703e-01 3.729041e-01
    outer loop
      vertex   -6.486861e+01 -1.428736e+01 1.654296e+01
      vertex   -6.474646e+01 -1.391544e+01 1.669154e+01
      vertex   -6.487961e+01 -1.423315e+01 1.649391e+01
    endloop
  endfacet
  facet normal -9.581489e-01 5.903239e-02 2.801177e-01
    outer loop
      vertex   -6.486861e+01 -1.428736e+01 1.654296e+01
      vertex   -6.487961e+01 -1.423315e+01 1.649391e+01
      vertex   -6.496618e+01 -1.463205e+01 1.628188e+01
    endloop
  endfacet
  facet normal -9.724485e-01 9.879555e-02 2.111475e-01
    outer loop
      vertex   -6.496618e+01 -1.463205e+01 1.628188e+01
      vertex   -6.487961e+01 -1.423315e+01 1.649391e+01
      vertex   -6.496912e+01 -1.460533e+01 1.625582e+01
    endloop
  endfacet
  facet normal -9.933274e-01 2.988679e-03 1.152896e-01
    outer loop
      vertex   -6.496618e+01 -1.463205e+01 1.628188e+01
      vertex   -6.496912e+01 -1.460533e+01 1.625582e+01
      vertex   -6.500000e+01 -1.500000e+01 1.600000e+01
    endloop
  endfacet
  facet normal -5.303597e-02 2.187903e-01 9.743295e-01
    outer loop
      vertex   -6.409105e+01 -1.329076e+01 1.703629e+01
      vertex   -6.400000e+01 -1.325882e+01 1.703407e+01
      vertex   -6.410360e+01 -1.315386e+01 1.700487e+01
    endloop
  endfacet
  facet normal -1.457088e-01 1.291332e-01 9.808637e-01
    outer loop
      vertex   -6.410360e+01 -1.315386e+01 1.700487e+01
      vertex   -6.400000e+01 -1.325882e+01 1.703407e+01
      vertex   -6.400000e+01 -1.300000e+01 1.700000e+01
    endloop
  endfacet
  facet normal -5.571436e-02 6.901669e-02 9.960585e-01
    outer loop
      vertex   -6.410360e+01 -1.315386e+01 1.700487e+01
      vertex   -6.400000e+01 -1.300000e+01 1.700000e+01
      vertex   -6.409802e+01 -1.300963e+01 1.699518e+01
    endloop
  endfacet
  facet normal -1.673505e-01 7.247784e-02 9.832298e-01
    outer loop
      vertex   -6.409802e+01 -1.300963e+01 1.699518e+01
      vertex   -6.419509e+01 -1.303843e+01 1.698079e+01
      vertex   -6.410360e+01 -1.315386e+01 1.700487e+01
    endloop
  endfacet
  facet normal -1.779151e-01 6.384237e-02 9.819727e-01
    outer loop
      vertex   -6.410360e+01 -1.315386e+01 1.700487e+01
      vertex   -6.419509e+01 -1.303843e+01 1.698079e+01
      vertex   -6.420838e+01 -1.319011e+01 1.698824e+01
    endloop
  endfacet
  facet normal -2.244780e-01 2.126601e-01 9.509918e-01
    outer loop
      vertex   -6.410360e+01 -1.315386e+01 1.700487e+01
      vertex   -6.420838e+01 -1.319011e+01 1.698824e+01
      vertex   -6.418573e+01 -1.332088e+01 1.702283e+01
    endloop
  endfacet
  facet normal -3.282441e-01 1.879987e-01 9.256956e-01
    outer loop
      vertex   -6.418573e+01 -1.332088e+01 1.702283e+01
      vertex   -6.420838e+01 -1.319011e+01 1.698824e+01
      vertex   -6.428373e+01 -1.337212e+01 1.699849e+01
    endloop
  endfacet
  facet normal -2.758131e-01 7.127122e-02 9.585653e-01
    outer loop
      vertex   -6.419509e+01 -1.303843e+01 1.698079e+01
      vertex   -6.429028e+01 -1.308612e+01 1.695694e+01
      vertex   -6.420838e+01 -1.319011e+01 1.698824e+01
    endloop
  endfacet
  facet normal -2.923493e-01 5.705604e-02 9.546080e-01
    outer loop
      vertex   -6.420838e+01 -1.319011e+01 1.698824e+01
      vertex   -6.429028e+01 -1.308612e+01 1.695694e+01
      vertex   -6.431344e+01 -1.325057e+01 1.695968e+01
    endloop
  endfacet
  facet normal -3.632958e-01 2.016031e-01 9.096001e-01
    outer loop
      vertex   -6.420838e+01 -1.319011e+01 1.698824e+01
      vertex   -6.431344e+01 -1.325057e+01 1.695968e+01
      vertex   -6.428373e+01 -1.337212e+01 1.699849e+01
    endloop
  endfacet
  facet normal -4.478039e-01 1.707507e-01 8.776764e-01
    outer loop
      vertex   -6.428373e+01 -1.337212e+01 1.699849e+01
      vertex   -6.431344e+01 -1.325057e+01 1.695968e+01
      vertex   -6.438379e+01 -1.344512e+01 1.696164e+01
    endloop
  endfacet
  facet normal -3.793622e-01 6.877897e-02 9.226883e-01
    outer loop
      vertex   -6.429028e+01 -1.308612e+01 1.695694e+01
      vertex   -6.438268e+01 -1.315224e+01 1.692388e+01
      vertex   -6.431344e+01 -1.325057e+01 1.695968e+01
    endloop
  endfacet
  facet normal -4.021167e-01 4.967982e-02 9.142396e-01
    outer loop
      vertex   -6.431344e+01 -1.325057e+01 1.695968e+01
      vertex   -6.438268e+01 -1.315224e+01 1.692388e+01
      vertex   -6.441741e+01 -1.333498e+01 1.691853e+01
    endloop
  endfacet
  facet normal -4.877731e-01 1.849547e-01 8.531525e-01
    outer loop
      vertex   -6.431344e+01 -1.325057e+01 1.695968e+01
      vertex   -6.441741e+01 -1.333498e+01 1.691853e+01
      vertex   -6.438379e+01 -1.344512e+01 1.696164e+01
    endloop
  endfacet
  facet normal -5.925297e-01 1.301951e-01 7.949577e-01
    outer loop
      vertex   -6.438379e+01 -1.344512e+01 1.696164e+01
      vertex   -6.441741e+01 -1.333498e+01 1.691853e+01
      vertex   -6.457187e+01 -1.364207e+01 1.685371e+01
    endloop
  endfacet
  facet normal -5.324111e-01 7.652564e-02 8.430197e-01
    outer loop
      vertex   -6.438268e+01 -1.315224e+01 1.692388e+01
      vertex   -6.455557e+01 -1.333706e+01 1.683147e+01
      vertex   -6.441741e+01 -1.333498e+01 1.691853e+01
    endloop
  endfacet
  facet normal -5.332578e-01 1.844546e-02 8.457516e-01
    outer loop
      vertex   -6.441741e+01 -1.333498e+01 1.691853e+01
      vertex   -6.455557e+01 -1.333706e+01 1.683147e+01
      vertex   -6.460394e+01 -1.355593e+01 1.680574e+01
    endloop
  endfacet
  facet normal -6.498170e-01 1.704555e-01 7.407313e-01
    outer loop
      vertex   -6.441741e+01 -1.333498e+01 1.691853e+01
      vertex   -6.460394e+01 -1.355593e+01 1.680574e+01
      vertex   -6.457187e+01 -1.364207e+01 1.685371e+01
    endloop
  endfacet
  facet normal -7.481300e-01 8.763410e-02 6.577399e-01
    outer loop
      vertex   -6.457187e+01 -1.364207e+01 1.685371e+01
      vertex   -6.460394e+01 -1.355593e+01 1.680574e+01
      vertex   -6.474646e+01 -1.391544e+01 1.669154e+01
    endloop
  endfacet
  facet normal -7.000024e-01 7.118582e-02 7.105837e-01
    outer loop
      vertex   -6.455557e+01 -1.333706e+01 1.683147e+01
      vertex   -6.470711e+01 -1.358579e+01 1.670711e+01
      vertex   -6.460394e+01 -1.355593e+01 1.680574e+01
    endloop
  endfacet
  facet normal -6.902634e-01 -5.274874e-03 7.235389e-01
    outer loop
      vertex   -6.460394e+01 -1.355593e+01 1.680574e+01
      vertex   -6.470711e+01 -1.358579e+01 1.670711e+01
      vertex   -6.476879e+01 -1.385321e+01 1.664631e+01
    endloop
  endfacet
  facet normal -8.030535e-01 1.338908e-01 5.806707e-01
    outer loop
      vertex   -6.460394e+01 -1.355593e+01 1.680574e+01
      vertex   -6.476879e+01 -1.385321e+01 1.664631e+01
      vertex   -6.474646e+01 -1.391544e+01 1.669154e+01
    endloop
  endfacet
  facet normal -8.650838e-01 5.221211e-02 4.989027e-01
    outer loop
      vertex   -6.474646e+01 -1.391544e+01 1.669154e+01
      vertex   -6.476879e+01 -1.385321e+01 1.664631e+01
      vertex   -6.487961e+01 -1.423315e+01 1.649391e+01
    endloop
  endfacet
  facet normal -8.330955e-01 6.734479e-02 5.490142e-01
    outer loop
      vertex   -6.470711e+01 -1.358579e+01 1.670711e+01
      vertex   -6.483147e+01 -1.388886e+01 1.655557e+01
      vertex   -6.476879e+01 -1.385321e+01 1.664631e+01
    endloop
  endfacet
  facet normal -8.183810e-01 -2.269822e-02 5.742277e-01
    outer loop
      vertex   -6.476879e+01 -1.385321e+01 1.664631e+01
      vertex   -6.483147e+01 -1.388886e+01 1.655557e+01
      vertex   -6.489116e+01 -1.419234e+01 1.645851e+01
    endloop
  endfacet
  facet normal -9.063763e-01 9.970227e-02 4.105380e-01
    outer loop
      vertex   -6.476879e+01 -1.385321e+01 1.664631e+01
      vertex   -6.489116e+01 -1.419234e+01 1.645851e+01
      vertex   -6.487961e+01 -1.423315e+01 1.649391e+01
    endloop
  endfacet
  facet normal -9.445177e-01 1.732260e-02 3.280033e-01
    outer loop
      vertex   -6.487961e+01 -1.423315e+01 1.649391e+01
      vertex   -6.489116e+01 -1.419234e+01 1.645851e+01
      vertex   -6.496912e+01 -1.460533e+01 1.625582e+01
    endloop
  endfacet
  facet normal -9.290606e-01 6.633045e-02 3.639323e-01
    outer loop
      vertex   -6.483147e+01 -1.388886e+01 1.655557e+01
      vertex   -6.492388e+01 -1.423463e+01 1.638268e+01
      vertex   -6.489116e+01 -1.419234e+01 1.645851e+01
    endloop
  endfacet
  facet normal -9.066490e-01 -4.965294e-02 4.189537e-01
    outer loop
      vertex   -6.489116e+01 -1.419234e+01 1.645851e+01
      vertex   -6.492388e+01 -1.423463e+01 1.638268e+01
      vertex   -6.497222e+01 -1.458533e+01 1.623650e+01
    endloop
  endfacet
  facet normal -9.708062e-01 7.078548e-02 2.291826e-01
    outer loop
      vertex   -6.489116e+01 -1.419234e+01 1.645851e+01
      vertex   -6.497222e+01 -1.458533e+01 1.623650e+01
      vertex   -6.496912e+01 -1.460533e+01 1.625582e+01
    endloop
  endfacet
  facet normal -9.895982e-01 -1.529284e-02 1.430441e-01
    outer loop
      vertex   -6.496912e+01 -1.460533e+01 1.625582e+01
      vertex   -6.497222e+01 -1.458533e+01 1.623650e+01
      vertex   -6.500000e+01 -1.500000e+01 1.600000e+01
    endloop
  endfacet
  facet normal -8.696686e-01 2.872280e-01 -4.014681e-01
    outer loop
      vertex   -6.492388e+01 -1.423463e+01 1.638268e+01
      vertex   -6.500000e+01 -1.500000e+01 1.600000e+01
      vertex   -6.497222e+01 -1.458533e+01 1.623650e+01
    endloop
  endfacet
  facet normal -9.267207e-01 3.705326e-01 6.240499e-02
    outer loop
      vertex   -6.483147e+01 -1.444443e+01 1.711114e+01
      vertex   -6.488637e+01 -1.452798e+01 1.679191e+01
      vertex   -6.492388e+01 -1.461732e+01 1.676537e+01
    endloop
  endfacet
  facet normal -9.180786e-01 3.950713e-01 -3.241025e-02
    outer loop
      vertex   -6.492388e+01 -1.461732e+01 1.676537e+01
      vertex   -6.488637e+01 -1.452798e+01 1.679191e+01
      vertex   -6.497094e+01 -1.475607e+01 1.640696e+01
    endloop
  endfacet
  facet normal -9.376475e-01 -2.645058e-01 2.255078e-01
    outer loop
      vertex   -6.492388e+01 -1.461732e+01 1.676537e+01
      vertex   -6.497094e+01 -1.475607e+01 1.640696e+01
      vertex   -6.500000e+01 -1.500000e+01 1.600000e+01
    endloop
  endfacet
  facet normal -8.316520e-01 5.552924e-01 -2.303004e-03
    outer loop
      vertex   -6.488637e+01 -1.452798e+01 1.679191e+01
      vertex   -6.483147e+01 -1.444443e+01 1.711114e+01
      vertex   -6.475955e+01 -1.433667e+01 1.712274e+01
    endloop
  endfacet
  facet normal -8.332102e-01 5.488226e-01 6.748765e-02
    outer loop
      vertex   -6.475955e+01 -1.433667e+01 1.712274e+01
      vertex   -6.483147e+01 -1.444443e+01 1.711114e+01
      vertex   -6.470711e+01 -1.429289e+01 1.741421e+01
    endloop
  endfacet
  facet normal -7.060892e-01 7.078192e-01 2.073855e-02
    outer loop
      vertex   -6.475955e+01 -1.433667e+01 1.712274e+01
      vertex   -6.470711e+01 -1.429289e+01 1.741421e+01
      vertex   -6.459069e+01 -1.417666e+01 1.741070e+01
    endloop
  endfacet
  facet normal -7.034192e-01 7.067898e-01 7.516450e-02
    outer loop
      vertex   -6.459069e+01 -1.417666e+01 1.741070e+01
      vertex   -6.470711e+01 -1.429289e+01 1.741421e+01
      vertex   -6.455557e+01 -1.416853e+01 1.766294e+01
    endloop
  endfacet
  facet normal -5.480164e-01 8.350080e-01 4.939209e-02
    outer loop
      vertex   -6.459069e+01 -1.417666e+01 1.741070e+01
      vertex   -6.455557e+01 -1.416853e+01 1.766294e+01
      vertex   -6.440355e+01 -1.406635e+01 1.762227e+01
    endloop
  endfacet
  facet normal -5.397648e-01 8.373888e-01 8.622007e-02
    outer loop
      vertex   -6.440355e+01 -1.406635e+01 1.762227e+01
      vertex   -6.455557e+01 -1.416853e+01 1.766294e+01
      vertex   -6.438268e+01 -1.407612e+01 1.784776e+01
    endloop
  endfacet
  facet normal -4.083963e-01 9.095350e-01 7.719125e-02
    outer loop
      vertex   -6.440355e+01 -1.406635e+01 1.762227e+01
      vertex   -6.438268e+01 -1.407612e+01 1.784776e+01
      vertex   -6.430120e+01 -1.402718e+01 1.770221e+01
    endloop
  endfacet
  facet normal -3.913422e-01 9.159418e-01 8.889314e-02
    outer loop
      vertex   -6.430120e+01 -1.402718e+01 1.770221e+01
      vertex   -6.438268e+01 -1.407612e+01 1.784776e+01
      vertex   -6.429028e+01 -1.404306e+01 1.791388e+01
    endloop
  endfacet
  facet normal -2.965429e-01 9.510814e-01 8.664048e-02
    outer loop
      vertex   -6.430120e+01 -1.402718e+01 1.770221e+01
      vertex   -6.429028e+01 -1.404306e+01 1.791388e+01
      vertex   -6.419906e+01 -1.400051e+01 1.775905e+01
    endloop
  endfacet
  facet normal -2.858180e-01 9.536942e-01 9.367770e-02
    outer loop
      vertex   -6.419906e+01 -1.400051e+01 1.775905e+01
      vertex   -6.429028e+01 -1.404306e+01 1.791388e+01
      vertex   -6.419509e+01 -1.401921e+01 1.796157e+01
    endloop
  endfacet
  facet normal -1.797860e-01 9.792084e-01 9.395704e-02
    outer loop
      vertex   -6.419906e+01 -1.400051e+01 1.775905e+01
      vertex   -6.419509e+01 -1.401921e+01 1.796157e+01
      vertex   -6.409844e+01 -1.398528e+01 1.779289e+01
    endloop
  endfacet
  facet normal -1.742151e-01 9.798900e-01 9.728632e-02
    outer loop
      vertex   -6.409844e+01 -1.398528e+01 1.779289e+01
      vertex   -6.419509e+01 -1.401921e+01 1.796157e+01
      vertex   -6.409802e+01 -1.400482e+01 1.799037e+01
    endloop
  endfacet
  facet normal -9.946184e-01 1.028587e-01 1.242646e-02
    outer loop
      vertex   -6.496565e+01 -1.471150e+01 1.636121e+01
      vertex   -6.500000e+01 -1.500000e+01 1.600000e+01
      vertex   -6.496726e+01 -1.472920e+01 1.637927e+01
    endloop
  endfacet
  facet normal -9.916168e-01 1.290483e-01 -6.532171e-03
    outer loop
      vertex   -6.496726e+01 -1.472920e+01 1.637927e+01
      vertex   -6.500000e+01 -1.500000e+01 1.600000e+01
      vertex   -6.497094e+01 -1.475607e+01 1.640696e+01
    endloop
  endfacet
  facet normal -2.004729e-01 2.016859e-01 9.587144e-01
    outer loop
      vertex   -6.418573e+01 -1.332088e+01 1.702283e+01
      vertex   -6.409105e+01 -1.329076e+01 1.703629e+01
      vertex   -6.410360e+01 -1.315386e+01 1.700487e+01
    endloop
  endfacet
  facet normal -2.337397e-01 9.324789e-01 2.754067e-01
    outer loop
      vertex   -6.419906e+01 -1.400051e+01 1.775905e+01
      vertex   -6.409844e+01 -1.398528e+01 1.779289e+01
      vertex   -6.408332e+01 -1.392668e+01 1.760730e+01
    endloop
  endfacet
  facet normal -2.422661e-01 8.726554e-01 4.240044e-01
    outer loop
      vertex   -6.408332e+01 -1.392668e+01 1.760730e+01
      vertex   -6.407657e+01 -1.386944e+01 1.749336e+01
      vertex   -6.417182e+01 -1.393874e+01 1.758156e+01
    endloop
  endfacet
  facet normal -2.316385e-01 8.706658e-01 4.339178e-01
    outer loop
      vertex   -6.417182e+01 -1.393874e+01 1.758156e+01
      vertex   -6.407657e+01 -1.386944e+01 1.749336e+01
      vertex   -6.415968e+01 -1.388102e+01 1.747222e+01
    endloop
  endfacet
  facet normal -3.892520e-01 8.317291e-01 3.958657e-01
    outer loop
      vertex   -6.417182e+01 -1.393874e+01 1.758156e+01
      vertex   -6.415968e+01 -1.388102e+01 1.747222e+01
      vertex   -6.426551e+01 -1.396136e+01 1.753695e+01
    endloop
  endfacet
  facet normal -3.775797e-01 8.293023e-01 4.119360e-01
    outer loop
      vertex   -6.426551e+01 -1.396136e+01 1.753695e+01
      vertex   -6.415968e+01 -1.388102e+01 1.747222e+01
      vertex   -6.424964e+01 -1.390330e+01 1.743461e+01
    endloop
  endfacet
  facet normal -5.189061e-01 7.755519e-01 3.595215e-01
    outer loop
      vertex   -6.426551e+01 -1.396136e+01 1.753695e+01
      vertex   -6.424964e+01 -1.390330e+01 1.743461e+01
      vertex   -6.436322e+01 -1.399671e+01 1.747219e+01
    endloop
  endfacet
  facet normal -5.093988e-01 7.721637e-01 3.798369e-01
    outer loop
      vertex   -6.436322e+01 -1.399671e+01 1.747219e+01
      vertex   -6.424964e+01 -1.390330e+01 1.743461e+01
      vertex   -6.434532e+01 -1.393888e+01 1.737862e+01
    endloop
  endfacet
  facet normal -6.682298e-01 6.831984e-01 2.944638e-01
    outer loop
      vertex   -6.436322e+01 -1.399671e+01 1.747219e+01
      vertex   -6.434532e+01 -1.393888e+01 1.737862e+01
      vertex   -6.455234e+01 -1.410435e+01 1.729274e+01
    endloop
  endfacet
  facet normal -6.691464e-01 6.643701e-01 3.329496e-01
    outer loop
      vertex   -6.455234e+01 -1.410435e+01 1.729274e+01
      vertex   -6.434532e+01 -1.393888e+01 1.737862e+01
      vertex   -6.453540e+01 -1.404990e+01 1.721813e+01
    endloop
  endfacet
  facet normal -8.094590e-01 5.463991e-01 2.149980e-01
    outer loop
      vertex   -6.455234e+01 -1.410435e+01 1.729274e+01
      vertex   -6.453540e+01 -1.404990e+01 1.721813e+01
      vertex   -6.473294e+01 -1.427131e+01 1.703712e+01
    endloop
  endfacet
  facet normal -8.161984e-01 5.165145e-01 2.589073e-01
    outer loop
      vertex   -6.473294e+01 -1.427131e+01 1.703712e+01
      vertex   -6.453540e+01 -1.404990e+01 1.721813e+01
      vertex   -6.472125e+01 -1.422533e+01 1.698223e+01
    endloop
  endfacet
  facet normal -9.044954e-01 4.015230e-01 1.437612e-01
    outer loop
      vertex   -6.473294e+01 -1.427131e+01 1.703712e+01
      vertex   -6.472125e+01 -1.422533e+01 1.698223e+01
      vertex   -6.487265e+01 -1.447806e+01 1.673555e+01
    endloop
  endfacet
  facet normal -9.123241e-01 3.645667e-01 1.864291e-01
    outer loop
      vertex   -6.487265e+01 -1.447806e+01 1.673555e+01
      vertex   -6.472125e+01 -1.422533e+01 1.698223e+01
      vertex   -6.486665e+01 -1.444436e+01 1.669904e+01
    endloop
  endfacet
  facet normal -9.640054e-01 2.546453e-01 7.648136e-02
    outer loop
      vertex   -6.487265e+01 -1.447806e+01 1.673555e+01
      vertex   -6.486665e+01 -1.444436e+01 1.669904e+01
      vertex   -6.496726e+01 -1.472920e+01 1.637927e+01
    endloop
  endfacet
  facet normal -9.705878e-01 2.093250e-01 1.189219e-01
    outer loop
      vertex   -6.496726e+01 -1.472920e+01 1.637927e+01
      vertex   -6.486665e+01 -1.444436e+01 1.669904e+01
      vertex   -6.496565e+01 -1.471150e+01 1.636121e+01
    endloop
  endfacet
  facet normal -3.738460e-01 8.922745e-01 2.531508e-01
    outer loop
      vertex   -6.430120e+01 -1.402718e+01 1.770221e+01
      vertex   -6.419906e+01 -1.400051e+01 1.775905e+01
      vertex   -6.417182e+01 -1.393874e+01 1.758156e+01
    endloop
  endfacet
  facet normal -2.120469e-01 9.326111e-01 2.920149e-01
    outer loop
      vertex   -6.417182e+01 -1.393874e+01 1.758156e+01
      vertex   -6.419906e+01 -1.400051e+01 1.775905e+01
      vertex   -6.408332e+01 -1.392668e+01 1.760730e+01
    endloop
  endfacet
  facet normal -3.494016e-01 8.939687e-01 2.806039e-01
    outer loop
      vertex   -6.430120e+01 -1.402718e+01 1.770221e+01
      vertex   -6.417182e+01 -1.393874e+01 1.758156e+01
      vertex   -6.426551e+01 -1.396136e+01 1.753695e+01
    endloop
  endfacet
  facet normal -4.972631e-01 8.375885e-01 2.262187e-01
    outer loop
      vertex   -6.440355e+01 -1.406635e+01 1.762227e+01
      vertex   -6.430120e+01 -1.402718e+01 1.770221e+01
      vertex   -6.426551e+01 -1.396136e+01 1.753695e+01
    endloop
  endfacet
  facet normal -4.768436e-01 8.392513e-01 2.612995e-01
    outer loop
      vertex   -6.440355e+01 -1.406635e+01 1.762227e+01
      vertex   -6.426551e+01 -1.396136e+01 1.753695e+01
      vertex   -6.436322e+01 -1.399671e+01 1.747219e+01
    endloop
  endfacet
  facet normal -6.395310e-01 7.484744e-01 1.754599e-01
    outer loop
      vertex   -6.459069e+01 -1.417666e+01 1.741070e+01
      vertex   -6.440355e+01 -1.406635e+01 1.762227e+01
      vertex   -6.436322e+01 -1.399671e+01 1.747219e+01
    endloop
  endfacet
  facet normal -6.413515e-01 7.292282e-01 2.385255e-01
    outer loop
      vertex   -6.459069e+01 -1.417666e+01 1.741070e+01
      vertex   -6.436322e+01 -1.399671e+01 1.747219e+01
      vertex   -6.455234e+01 -1.410435e+01 1.729274e+01
    endloop
  endfacet
  facet normal -7.828473e-01 6.105758e-01 1.197801e-01
    outer loop
      vertex   -6.475955e+01 -1.433667e+01 1.712274e+01
      vertex   -6.459069e+01 -1.417666e+01 1.741070e+01
      vertex   -6.455234e+01 -1.410435e+01 1.729274e+01
    endloop
  endfacet
  facet normal -7.975440e-01 5.727730e-01 1.893532e-01
    outer loop
      vertex   -6.475955e+01 -1.433667e+01 1.712274e+01
      vertex   -6.455234e+01 -1.410435e+01 1.729274e+01
      vertex   -6.473294e+01 -1.427131e+01 1.703712e+01
    endloop
  endfacet
  facet normal -8.856955e-01 4.582441e-01 7.453701e-02
    outer loop
      vertex   -6.488637e+01 -1.452798e+01 1.679191e+01
      vertex   -6.475955e+01 -1.433667e+01 1.712274e+01
      vertex   -6.473294e+01 -1.427131e+01 1.703712e+01
    endloop
  endfacet
  facet normal -9.030304e-01 4.061555e-01 1.399067e-01
    outer loop
      vertex   -6.488637e+01 -1.452798e+01 1.679191e+01
      vertex   -6.473294e+01 -1.427131e+01 1.703712e+01
      vertex   -6.487265e+01 -1.447806e+01 1.673555e+01
    endloop
  endfacet
  facet normal -9.537596e-01 2.988123e-01 3.246302e-02
    outer loop
      vertex   -6.497094e+01 -1.475607e+01 1.640696e+01
      vertex   -6.488637e+01 -1.452798e+01 1.679191e+01
      vertex   -6.487265e+01 -1.447806e+01 1.673555e+01
    endloop
  endfacet
  facet normal -9.684844e-01 2.303204e-01 9.481752e-02
    outer loop
      vertex   -6.497094e+01 -1.475607e+01 1.640696e+01
      vertex   -6.487265e+01 -1.447806e+01 1.673555e+01
      vertex   -6.496726e+01 -1.472920e+01 1.637927e+01
    endloop
  endfacet
  facet normal 0.000000e+00 1.305262e-01 9.914449e-01
    outer loop
      vertex   -6.300000e+01 -1.300000e+01 1.700000e+01
      vertex   -6.400000e+01 -1.300000e+01 1.700000e+01
      vertex   -6.300000e+01 -1.325882e+01 1.703407e+01
    endloop
  endfacet
  facet normal 0.000000e+00 1.305262e-01 9.914449e-01
    outer loop
      vertex   -6.300000e+01 -1.325882e+01 1.703407e+01
      vertex   -6.400000e+01 -1.300000e+01 1.700000e+01
      vertex   -6.400000e+01 -1.325882e+01 1.703407e+01
    endloop
  endfacet
  facet normal 0.000000e+00 3.826834e-01 9.238795e-01
    outer loop
      vertex   -6.300000e+01 -1.325882e+01 1.703407e+01
      vertex   -6.400000e+01 -1.325882e+01 1.703407e+01
      vertex   -6.300000e+01 -1.350000e+01 1.713397e+01
    endloop
  endfacet
  facet normal -6.797823e-16 3.826834e-01 9.238795e-01
    outer loop
      vertex   -6.300000e+01 -1.350000e+01 1.713397e+01
      vertex   -6.400000e+01 -1.325882e+01 1.703407e+01
      vertex   -6.400000e+01 -1.350000e+01 1.713397e+01
    endloop
  endfacet
  facet normal -1.081378e-15 6.087614e-01 7.933533e-01
    outer loop
      vertex   -6.300000e+01 -1.350000e+01 1.713397e+01
      vertex   -6.400000e+01 -1.350000e+01 1.713397e+01
      vertex   -6.300000e+01 -1.370711e+01 1.729289e+01
    endloop
  endfacet
  facet normal 2.162755e-15 6.087614e-01 7.933533e-01
    outer loop
      vertex   -6.300000e+01 -1.370711e+01 1.729289e+01
      vertex   -6.400000e+01 -1.350000e+01 1.713397e+01
      vertex   -6.400000e+01 -1.370711e+01 1.729289e+01
    endloop
  endfacet
  facet normal 2.818557e-15 7.933533e-01 6.087614e-01
    outer loop
      vertex   -6.300000e+01 -1.370711e+01 1.729289e+01
      vertex   -6.400000e+01 -1.370711e+01 1.729289e+01
      vertex   -6.300000e+01 -1.386603e+01 1.750000e+01
    endloop
  endfacet
  facet normal -1.409279e-15 7.933533e-01 6.087614e-01
    outer loop
      vertex   -6.300000e+01 -1.386603e+01 1.750000e+01
      vertex   -6.400000e+01 -1.370711e+01 1.729289e+01
      vertex   -6.400000e+01 -1.386603e+01 1.750000e+01
    endloop
  endfacet
  facet normal -1.641140e-15 9.238795e-01 3.826834e-01
    outer loop
      vertex   -6.300000e+01 -1.386603e+01 1.750000e+01
      vertex   -6.400000e+01 -1.386603e+01 1.750000e+01
      vertex   -6.300000e+01 -1.396593e+01 1.774118e+01
    endloop
  endfacet
  facet normal -1.641140e-15 9.238795e-01 3.826834e-01
    outer loop
      vertex   -6.300000e+01 -1.396593e+01 1.774118e+01
      vertex   -6.400000e+01 -1.386603e+01 1.750000e+01
      vertex   -6.400000e+01 -1.396593e+01 1.774118e+01
    endloop
  endfacet
  facet normal -1.761160e-15 9.914449e-01 1.305262e-01
    outer loop
      vertex   -6.300000e+01 -1.396593e+01 1.774118e+01
      vertex   -6.400000e+01 -1.396593e+01 1.774118e+01
      vertex   -6.300000e+01 -1.400000e+01 1.800000e+01
    endloop
  endfacet
  facet normal -4.637222e-16 9.914449e-01 1.305262e-01
    outer loop
      vertex   -6.300000e+01 -1.400000e+01 1.800000e+01
      vertex   -6.400000e+01 -1.396593e+01 1.774118e+01
      vertex   -6.400000e+01 -1.400000e+01 1.800000e+01
    endloop
  endfacet
  facet normal 0.000000e+00 1.000000e+00 0.000000e+00
    outer loop
      vertex   -6.400000e+01 -1.400000e+01 1.800000e+01
      vertex   -6.400000e+01 -1.400000e+01 2.200000e+01
      vertex   -6.300000e+01 -1.400000e+01 1.800000e+01
    endloop
  endfacet
  facet normal 0.000000e+00 1.000000e+00 -0.000000e+00
    outer loop
      vertex   -6.300000e+01 -1.400000e+01 1.800000e+01
      vertex   -6.400000e+01 -1.400000e+01 2.200000e+01
      vertex   -6.300000e+01 -1.400000e+01 2.200000e+01
    endloop
  endfacet
  facet normal -4.906767e-02 9.987955e-01 0.000000e+00
    outer loop
      vertex   -6.400000e+01 -1.400000e+01 2.200000e+01
      vertex   -6.400000e+01 -1.400000e+01 1.800000e+01
      vertex   -6.409802e+01 -1.400482e+01 2.200963e+01
    endloop
  endfacet
  facet normal -4.906767e-02 9.987955e-01 0.000000e+00
    outer loop
      vertex   -6.409802e+01 -1.400482e+01 2.200963e+01
      vertex   -6.400000e+01 -1.400000e+01 1.800000e+01
      vertex   -6.409802e+01 -1.400482e+01 1.799037e+01
    endloop
  endfacet
  facet normal -1.790169e-01 9.838460e-01 0.000000e+00
    outer loop
      vertex   -6.409802e+01 -1.400482e+01 2.200963e+01
      vertex   -6.409802e+01 -1.400482e+01 1.799037e+01
      vertex   -6.425882e+01 -1.403407e+01 2.000000e+01
    endloop
  endfacet
  facet normal -1.474844e-01 9.890610e-01 2.599018e-03
    outer loop
      vertex   -6.425882e+01 -1.403407e+01 2.000000e+01
      vertex   -6.409802e+01 -1.400482e+01 1.799037e+01
      vertex   -6.419509e+01 -1.401921e+01 1.796157e+01
    endloop
  endfacet
  facet normal -2.427363e-01 9.700922e-01 -5.171811e-04
    outer loop
      vertex   -6.425882e+01 -1.403407e+01 2.000000e+01
      vertex   -6.419509e+01 -1.401921e+01 1.796157e+01
      vertex   -6.429028e+01 -1.404306e+01 1.791388e+01
    endloop
  endfacet
  facet normal -3.375474e-01 9.413080e-01 1.036867e-03
    outer loop
      vertex   -6.429028e+01 -1.404306e+01 1.791388e+01
      vertex   -6.438268e+01 -1.407612e+01 1.784776e+01
      vertex   -6.425882e+01 -1.403407e+01 2.000000e+01
    endloop
  endfacet
  facet normal -3.826804e-01 9.238722e-01 3.974960e-03
    outer loop
      vertex   -6.425882e+01 -1.403407e+01 2.000000e+01
      vertex   -6.438268e+01 -1.407612e+01 1.784776e+01
      vertex   -6.450000e+01 -1.413397e+01 2.000000e+01
    endloop
  endfacet
  facet normal -3.826804e-01 9.238722e-01 -3.974960e-03
    outer loop
      vertex   -6.425882e+01 -1.403407e+01 2.000000e+01
      vertex   -6.450000e+01 -1.413397e+01 2.000000e+01
      vertex   -6.438268e+01 -1.407612e+01 2.215224e+01
    endloop
  endfacet
  facet normal -4.698313e-01 8.827542e-01 1.880839e-03
    outer loop
      vertex   -6.438268e+01 -1.407612e+01 2.215224e+01
      vertex   -6.450000e+01 -1.413397e+01 2.000000e+01
      vertex   -6.455557e+01 -1.416853e+01 2.233706e+01
    endloop
  endfacet
  facet normal -6.087591e-01 7.933504e-01 -2.744489e-03
    outer loop
      vertex   -6.455557e+01 -1.416853e+01 2.233706e+01
      vertex   -6.450000e+01 -1.413397e+01 2.000000e+01
      vertex   -6.470711e+01 -1.429289e+01 2.000000e+01
    endloop
  endfacet
  facet normal -6.343933e-01 7.730105e-01 0.000000e+00
    outer loop
      vertex   -6.455557e+01 -1.416853e+01 2.233706e+01
      vertex   -6.470711e+01 -1.429289e+01 2.000000e+01
      vertex   -6.470711e+01 -1.429289e+01 2.258579e+01
    endloop
  endfacet
  facet normal -7.730105e-01 6.343933e-01 0.000000e+00
    outer loop
      vertex   -6.470711e+01 -1.429289e+01 2.258579e+01
      vertex   -6.470711e+01 -1.429289e+01 2.000000e+01
      vertex   -6.483147e+01 -1.444443e+01 2.288886e+01
    endloop
  endfacet
  facet normal -7.933514e-01 6.087599e-01 -2.220269e-03
    outer loop
      vertex   -6.483147e+01 -1.444443e+01 2.288886e+01
      vertex   -6.470711e+01 -1.429289e+01 2.000000e+01
      vertex   -6.486603e+01 -1.450000e+01 2.000000e+01
    endloop
  endfacet
  facet normal -8.807330e-01 4.736110e-01 1.424698e-03
    outer loop
      vertex   -6.483147e+01 -1.444443e+01 2.288886e+01
      vertex   -6.486603e+01 -1.450000e+01 2.000000e+01
      vertex   -6.492388e+01 -1.461732e+01 2.323463e+01
    endloop
  endfacet
  facet normal -9.238763e-01 3.826821e-01 -2.644847e-03
    outer loop
      vertex   -6.492388e+01 -1.461732e+01 2.323463e+01
      vertex   -6.486603e+01 -1.450000e+01 2.000000e+01
      vertex   -6.496593e+01 -1.474118e+01 2.000000e+01
    endloop
  endfacet
  facet normal -9.788558e-01 2.044930e-01 4.893246e-03
    outer loop
      vertex   -6.492388e+01 -1.461732e+01 2.323463e+01
      vertex   -6.496593e+01 -1.474118e+01 2.000000e+01
      vertex   -6.500000e+01 -1.500000e+01 2.400000e+01
    endloop
  endfacet
  facet normal -9.914449e-01 1.305262e-01 0.000000e+00
    outer loop
      vertex   -6.500000e+01 -1.500000e+01 2.400000e+01
      vertex   -6.496593e+01 -1.474118e+01 2.000000e+01
      vertex   -6.500000e+01 -1.500000e+01 1.600000e+01
    endloop
  endfacet
  facet normal -9.788558e-01 2.044930e-01 -4.893246e-03
    outer loop
      vertex   -6.500000e+01 -1.500000e+01 1.600000e+01
      vertex   -6.496593e+01 -1.474118e+01 2.000000e+01
      vertex   -6.492388e+01 -1.461732e+01 1.676537e+01
    endloop
  endfacet
  facet normal -9.238763e-01 3.826821e-01 2.644847e-03
    outer loop
      vertex   -6.492388e+01 -1.461732e+01 1.676537e+01
      vertex   -6.496593e+01 -1.474118e+01 2.000000e+01
      vertex   -6.486603e+01 -1.450000e+01 2.000000e+01
    endloop
  endfacet
  facet normal -8.807330e-01 4.736110e-01 -1.424698e-03
    outer loop
      vertex   -6.492388e+01 -1.461732e+01 1.676537e+01
      vertex   -6.486603e+01 -1.450000e+01 2.000000e+01
      vertex   -6.483147e+01 -1.444443e+01 1.711114e+01
    endloop
  endfacet
  facet normal -7.933514e-01 6.087599e-01 2.220269e-03
    outer loop
      vertex   -6.483147e+01 -1.444443e+01 1.711114e+01
      vertex   -6.486603e+01 -1.450000e+01 2.000000e+01
      vertex   -6.470711e+01 -1.429289e+01 2.000000e+01
    endloop
  endfacet
  facet normal -7.730105e-01 6.343933e-01 0.000000e+00
    outer loop
      vertex   -6.483147e+01 -1.444443e+01 1.711114e+01
      vertex   -6.470711e+01 -1.429289e+01 2.000000e+01
      vertex   -6.470711e+01 -1.429289e+01 1.741421e+01
    endloop
  endfacet
  facet normal -6.343933e-01 7.730105e-01 0.000000e+00
    outer loop
      vertex   -6.470711e+01 -1.429289e+01 1.741421e+01
      vertex   -6.470711e+01 -1.429289e+01 2.000000e+01
      vertex   -6.455557e+01 -1.416853e+01 1.766294e+01
    endloop
  endfacet
  facet normal -6.087591e-01 7.933504e-01 2.744489e-03
    outer loop
      vertex   -6.455557e+01 -1.416853e+01 1.766294e+01
      vertex   -6.470711e+01 -1.429289e+01 2.000000e+01
      vertex   -6.450000e+01 -1.413397e+01 2.000000e+01
    endloop
  endfacet
  facet normal -4.698313e-01 8.827542e-01 -1.880839e-03
    outer loop
      vertex   -6.455557e+01 -1.416853e+01 1.766294e+01
      vertex   -6.450000e+01 -1.413397e+01 2.000000e+01
      vertex   -6.438268e+01 -1.407612e+01 1.784776e+01
    endloop
  endfacet
  facet normal -3.375474e-01 9.413080e-01 -1.036867e-03
    outer loop
      vertex   -6.438268e+01 -1.407612e+01 2.215224e+01
      vertex   -6.429028e+01 -1.404306e+01 2.208612e+01
      vertex   -6.425882e+01 -1.403407e+01 2.000000e+01
    endloop
  endfacet
  facet normal -2.427363e-01 9.700922e-01 5.171811e-04
    outer loop
      vertex   -6.425882e+01 -1.403407e+01 2.000000e+01
      vertex   -6.429028e+01 -1.404306e+01 2.208612e+01
      vertex   -6.419509e+01 -1.401921e+01 2.203843e+01
    endloop
  endfacet
  facet normal -1.474844e-01 9.890610e-01 -2.599018e-03
    outer loop
      vertex   -6.425882e+01 -1.403407e+01 2.000000e+01
      vertex   -6.419509e+01 -1.401921e+01 2.203843e+01
      vertex   -6.409802e+01 -1.400482e+01 2.200963e+01
    endloop
  endfacet
  facet normal -5.847026e-02 9.837988e-02 -9.934297e-01
    outer loop
      vertex   -6.409802e+01 -1.300963e+01 2.300482e+01
      vertex   -6.400000e+01 -1.300000e+01 2.300000e+01
      vertex   -6.409844e+01 -1.320711e+01 2.298528e+01
    endloop
  endfacet
  facet normal -1.254043e-01 1.294958e-01 -9.836181e-01
    outer loop
      vertex   -6.409844e+01 -1.320711e+01 2.298528e+01
      vertex   -6.400000e+01 -1.300000e+01 2.300000e+01
      vertex   -6.400000e+01 -1.325882e+01 2.296593e+01
    endloop
  endfacet
  facet normal -3.066655e-02 2.986935e-01 -9.538562e-01
    outer loop
      vertex   -6.409844e+01 -1.320711e+01 2.298528e+01
      vertex   -6.400000e+01 -1.325882e+01 2.296593e+01
      vertex   -6.408332e+01 -1.339270e+01 2.292668e+01
    endloop
  endfacet
  facet normal -1.769077e-01 3.766475e-01 -9.093076e-01
    outer loop
      vertex   -6.408332e+01 -1.339270e+01 2.292668e+01
      vertex   -6.400000e+01 -1.325882e+01 2.296593e+01
      vertex   -6.400000e+01 -1.350000e+01 2.286603e+01
    endloop
  endfacet
  facet normal -7.837129e-02 4.437804e-01 -8.927020e-01
    outer loop
      vertex   -6.408332e+01 -1.339270e+01 2.292668e+01
      vertex   -6.400000e+01 -1.350000e+01 2.286603e+01
      vertex   -6.407657e+01 -1.350665e+01 2.286944e+01
    endloop
  endfacet
  facet normal -8.649320e-02 5.798779e-01 -8.100991e-01
    outer loop
      vertex   -6.407657e+01 -1.350665e+01 2.286944e+01
      vertex   -6.400000e+01 -1.350000e+01 2.286603e+01
      vertex   -6.407147e+01 -1.365965e+01 2.275938e+01
    endloop
  endfacet
  facet normal -2.522808e-01 5.595167e-01 -7.894907e-01
    outer loop
      vertex   -6.407657e+01 -1.350665e+01 2.286944e+01
      vertex   -6.407147e+01 -1.365965e+01 2.275938e+01
      vertex   -6.415968e+01 -1.352779e+01 2.288102e+01
    endloop
  endfacet
  facet normal -2.432614e-01 5.647343e-01 -7.886058e-01
    outer loop
      vertex   -6.415968e+01 -1.352779e+01 2.288102e+01
      vertex   -6.407147e+01 -1.365965e+01 2.275938e+01
      vertex   -6.415050e+01 -1.367542e+01 2.277246e+01
    endloop
  endfacet
  facet normal -4.049015e-01 5.251794e-01 -7.484928e-01
    outer loop
      vertex   -6.415968e+01 -1.352779e+01 2.288102e+01
      vertex   -6.415050e+01 -1.367542e+01 2.277246e+01
      vertex   -6.424964e+01 -1.356539e+01 2.290330e+01
    endloop
  endfacet
  facet normal -3.942675e-01 5.340487e-01 -7.478938e-01
    outer loop
      vertex   -6.424964e+01 -1.356539e+01 2.290330e+01
      vertex   -6.415050e+01 -1.367542e+01 2.277246e+01
      vertex   -6.423763e+01 -1.370472e+01 2.279747e+01
    endloop
  endfacet
  facet normal -5.383731e-01 4.797800e-01 -6.927954e-01
    outer loop
      vertex   -6.424964e+01 -1.356539e+01 2.290330e+01
      vertex   -6.423763e+01 -1.370472e+01 2.279747e+01
      vertex   -6.434532e+01 -1.362138e+01 2.293888e+01
    endloop
  endfacet
  facet normal -5.286939e-01 4.912703e-01 -6.921967e-01
    outer loop
      vertex   -6.434532e+01 -1.362138e+01 2.293888e+01
      vertex   -6.423763e+01 -1.370472e+01 2.279747e+01
      vertex   -6.433178e+01 -1.375012e+01 2.283717e+01
    endloop
  endfacet
  facet normal -6.906379e-01 4.022179e-01 -6.010325e-01
    outer loop
      vertex   -6.434532e+01 -1.362138e+01 2.293888e+01
      vertex   -6.433178e+01 -1.375012e+01 2.283717e+01
      vertex   -6.453540e+01 -1.378187e+01 2.304990e+01
    endloop
  endfacet
  facet normal -6.852535e-01 4.231708e-01 -5.927512e-01
    outer loop
      vertex   -6.453540e+01 -1.378187e+01 2.304990e+01
      vertex   -6.433178e+01 -1.375012e+01 2.283717e+01
      vertex   -6.452260e+01 -1.388684e+01 2.296016e+01
    endloop
  endfacet
  facet normal -8.285080e-01 3.020647e-01 -4.715203e-01
    outer loop
      vertex   -6.453540e+01 -1.378187e+01 2.304990e+01
      vertex   -6.452260e+01 -1.388684e+01 2.296016e+01
      vertex   -6.472125e+01 -1.401777e+01 2.322533e+01
    endloop
  endfacet
  facet normal -8.267477e-01 3.264849e-01 -4.581439e-01
    outer loop
      vertex   -6.472125e+01 -1.401777e+01 2.322533e+01
      vertex   -6.452260e+01 -1.388684e+01 2.296016e+01
      vertex   -6.471242e+01 -1.409659e+01 2.315323e+01
    endloop
  endfacet
  facet normal -9.171920e-01 2.080940e-01 -3.397879e-01
    outer loop
      vertex   -6.472125e+01 -1.401777e+01 2.322533e+01
      vertex   -6.471242e+01 -1.409659e+01 2.315323e+01
      vertex   -6.486665e+01 -1.430096e+01 2.344436e+01
    endloop
  endfacet
  facet normal -9.174679e-01 2.321118e-01 -3.230738e-01
    outer loop
      vertex   -6.486665e+01 -1.430096e+01 2.344436e+01
      vertex   -6.471242e+01 -1.409659e+01 2.315323e+01
      vertex   -6.486212e+01 -1.435419e+01 2.339326e+01
    endloop
  endfacet
  facet normal -9.705530e-01 1.186726e-01 -2.096273e-01
    outer loop
      vertex   -6.486665e+01 -1.430096e+01 2.344436e+01
      vertex   -6.486212e+01 -1.435419e+01 2.339326e+01
      vertex   -6.496565e+01 -1.463879e+01 2.371150e+01
    endloop
  endfacet
  facet normal -9.716465e-01 1.425219e-01 -1.886548e-01
    outer loop
      vertex   -6.496565e+01 -1.463879e+01 2.371150e+01
      vertex   -6.486212e+01 -1.435419e+01 2.339326e+01
      vertex   -6.496444e+01 -1.466539e+01 2.368517e+01
    endloop
  endfacet
  facet normal -9.964077e-01 3.218805e-02 -7.833008e-02
    outer loop
      vertex   -6.496565e+01 -1.463879e+01 2.371150e+01
      vertex   -6.496444e+01 -1.466539e+01 2.368517e+01
      vertex   -6.500000e+01 -1.500000e+01 2.400000e+01
    endloop
  endfacet
  facet normal -1.733432e-01 5.995457e-01 -7.813431e-01
    outer loop
      vertex   -6.400000e+01 -1.350000e+01 2.286603e+01
      vertex   -6.400000e+01 -1.370711e+01 2.270711e+01
      vertex   -6.407147e+01 -1.365965e+01 2.275938e+01
    endloop
  endfacet
  facet normal -2.452528e-02 7.232334e-01 -6.901681e-01
    outer loop
      vertex   -6.407147e+01 -1.365965e+01 2.275938e+01
      vertex   -6.400000e+01 -1.370711e+01 2.270711e+01
      vertex   -6.407220e+01 -1.378989e+01 2.262293e+01
    endloop
  endfacet
  facet normal -2.504409e-01 7.010091e-01 -6.677317e-01
    outer loop
      vertex   -6.407147e+01 -1.365965e+01 2.275938e+01
      vertex   -6.407220e+01 -1.378989e+01 2.262293e+01
      vertex   -6.415050e+01 -1.367542e+01 2.277246e+01
    endloop
  endfacet
  facet normal -2.518230e-01 7.003239e-01 -6.679308e-01
    outer loop
      vertex   -6.415050e+01 -1.367542e+01 2.277246e+01
      vertex   -6.407220e+01 -1.378989e+01 2.262293e+01
      vertex   -6.415183e+01 -1.380235e+01 2.263988e+01
    endloop
  endfacet
  facet normal -4.038791e-01 6.628275e-01 -6.305088e-01
    outer loop
      vertex   -6.415050e+01 -1.367542e+01 2.277246e+01
      vertex   -6.415183e+01 -1.380235e+01 2.263988e+01
      vertex   -6.423763e+01 -1.370472e+01 2.279747e+01
    endloop
  endfacet
  facet normal -4.055667e-01 6.616285e-01 -6.306849e-01
    outer loop
      vertex   -6.423763e+01 -1.370472e+01 2.279747e+01
      vertex   -6.415183e+01 -1.380235e+01 2.263988e+01
      vertex   -6.423937e+01 -1.382633e+01 2.267102e+01
    endloop
  endfacet
  facet normal -5.390157e-01 6.108080e-01 -5.799791e-01
    outer loop
      vertex   -6.423763e+01 -1.370472e+01 2.279747e+01
      vertex   -6.423937e+01 -1.382633e+01 2.267102e+01
      vertex   -6.433178e+01 -1.375012e+01 2.283717e+01
    endloop
  endfacet
  facet normal -5.406255e-01 6.092232e-01 -5.801475e-01
    outer loop
      vertex   -6.433178e+01 -1.375012e+01 2.283717e+01
      vertex   -6.423937e+01 -1.382633e+01 2.267102e+01
      vertex   -6.433374e+01 -1.386458e+01 2.271879e+01
    endloop
  endfacet
  facet normal -6.938268e-01 5.234016e-01 -4.946263e-01
    outer loop
      vertex   -6.433178e+01 -1.375012e+01 2.283717e+01
      vertex   -6.433374e+01 -1.386458e+01 2.271879e+01
      vertex   -6.452260e+01 -1.388684e+01 2.296016e+01
    endloop
  endfacet
  facet normal -6.951206e-01 5.204621e-01 -4.959098e-01
    outer loop
      vertex   -6.452260e+01 -1.388684e+01 2.296016e+01
      vertex   -6.433374e+01 -1.386458e+01 2.271879e+01
      vertex   -6.452445e+01 -1.398381e+01 2.286098e+01
    endloop
  endfacet
  facet normal -8.323499e-01 4.039855e-01 -3.794593e-01
    outer loop
      vertex   -6.452260e+01 -1.388684e+01 2.296016e+01
      vertex   -6.452445e+01 -1.398381e+01 2.286098e+01
      vertex   -6.471242e+01 -1.409659e+01 2.315323e+01
    endloop
  endfacet
  facet normal -8.331923e-01 4.004319e-01 -3.813724e-01
    outer loop
      vertex   -6.471242e+01 -1.409659e+01 2.315323e+01
      vertex   -6.452445e+01 -1.398381e+01 2.286098e+01
      vertex   -6.471370e+01 -1.417189e+01 2.307696e+01
    endloop
  endfacet
  facet normal -9.202816e-01 2.860256e-01 -2.669667e-01
    outer loop
      vertex   -6.471242e+01 -1.409659e+01 2.315323e+01
      vertex   -6.471370e+01 -1.417189e+01 2.307696e+01
      vertex   -6.486212e+01 -1.435419e+01 2.339326e+01
    endloop
  endfacet
  facet normal -9.207284e-01 2.824205e-01 -2.692543e-01
    outer loop
      vertex   -6.486212e+01 -1.435419e+01 2.339326e+01
      vertex   -6.471370e+01 -1.417189e+01 2.307696e+01
      vertex   -6.486277e+01 -1.440631e+01 2.334083e+01
    endloop
  endfacet
  facet normal -9.724265e-01 1.713537e-01 -1.581920e-01
    outer loop
      vertex   -6.486212e+01 -1.435419e+01 2.339326e+01
      vertex   -6.486277e+01 -1.440631e+01 2.334083e+01
      vertex   -6.496444e+01 -1.466539e+01 2.368517e+01
    endloop
  endfacet
  facet normal -9.726045e-01 1.676829e-01 -1.610063e-01
    outer loop
      vertex   -6.496444e+01 -1.466539e+01 2.368517e+01
      vertex   -6.486277e+01 -1.440631e+01 2.334083e+01
      vertex   -6.496462e+01 -1.469184e+01 2.365867e+01
    endloop
  endfacet
  facet normal -9.970155e-01 5.782607e-02 -5.114973e-02
    outer loop
      vertex   -6.496444e+01 -1.466539e+01 2.368517e+01
      vertex   -6.496462e+01 -1.469184e+01 2.365867e+01
      vertex   -6.500000e+01 -1.500000e+01 2.400000e+01
    endloop
  endfacet
  facet normal -1.959476e-01 7.779737e-01 -5.969602e-01
    outer loop
      vertex   -6.400000e+01 -1.370711e+01 2.270711e+01
      vertex   -6.400000e+01 -1.386603e+01 2.250000e+01
      vertex   -6.407220e+01 -1.378989e+01 2.262293e+01
    endloop
  endfacet
  facet normal -4.036724e-02 8.386570e-01 -5.431620e-01
    outer loop
      vertex   -6.407220e+01 -1.378989e+01 2.262293e+01
      vertex   -6.400000e+01 -1.386603e+01 2.250000e+01
      vertex   -6.407879e+01 -1.389253e+01 2.246493e+01
    endloop
  endfacet
  facet normal -2.392857e-01 8.187383e-01 -5.219291e-01
    outer loop
      vertex   -6.407220e+01 -1.378989e+01 2.262293e+01
      vertex   -6.407879e+01 -1.389253e+01 2.246493e+01
      vertex   -6.415183e+01 -1.380235e+01 2.263988e+01
    endloop
  endfacet
  facet normal -2.519947e-01 8.133061e-01 -5.244347e-01
    outer loop
      vertex   -6.415183e+01 -1.380235e+01 2.263988e+01
      vertex   -6.407879e+01 -1.389253e+01 2.246493e+01
      vertex   -6.416367e+01 -1.390414e+01 2.248771e+01
    endloop
  endfacet
  facet normal -3.883072e-01 7.796399e-01 -4.913036e-01
    outer loop
      vertex   -6.415183e+01 -1.380235e+01 2.263988e+01
      vertex   -6.416367e+01 -1.390414e+01 2.248771e+01
      vertex   -6.423937e+01 -1.382633e+01 2.267102e+01
    endloop
  endfacet
  facet normal -4.045341e-01 7.697459e-01 -4.938050e-01
    outer loop
      vertex   -6.423937e+01 -1.382633e+01 2.267102e+01
      vertex   -6.416367e+01 -1.390414e+01 2.248771e+01
      vertex   -6.425485e+01 -1.392633e+01 2.252782e+01
    endloop
  endfacet
  facet normal -5.215884e-01 7.249564e-01 -4.498709e-01
    outer loop
      vertex   -6.423937e+01 -1.382633e+01 2.267102e+01
      vertex   -6.425485e+01 -1.392633e+01 2.252782e+01
      vertex   -6.433374e+01 -1.386458e+01 2.271879e+01
    endloop
  endfacet
  facet normal -5.378473e-01 7.114827e-01 -4.522306e-01
    outer loop
      vertex   -6.433374e+01 -1.386458e+01 2.271879e+01
      vertex   -6.425485e+01 -1.392633e+01 2.252782e+01
      vertex   -6.435119e+01 -1.396157e+01 2.258695e+01
    endloop
  endfacet
  facet normal -6.763900e-01 6.331742e-01 -3.762804e-01
    outer loop
      vertex   -6.433374e+01 -1.386458e+01 2.271879e+01
      vertex   -6.435119e+01 -1.396157e+01 2.258695e+01
      vertex   -6.452445e+01 -1.398381e+01 2.286098e+01
    endloop
  endfacet
  facet normal -6.926493e-01 6.076185e-01 -3.886344e-01
    outer loop
      vertex   -6.452445e+01 -1.398381e+01 2.286098e+01
      vertex   -6.435119e+01 -1.396157e+01 2.258695e+01
      vertex   -6.454096e+01 -1.407087e+01 2.275429e+01
    endloop
  endfacet
  facet normal -8.187130e-01 5.003864e-01 -2.816426e-01
    outer loop
      vertex   -6.452445e+01 -1.398381e+01 2.286098e+01
      vertex   -6.454096e+01 -1.407087e+01 2.275429e+01
      vertex   -6.471370e+01 -1.417189e+01 2.307696e+01
    endloop
  endfacet
  facet normal -8.315314e-01 4.684577e-01 -2.985011e-01
    outer loop
      vertex   -6.471370e+01 -1.417189e+01 2.307696e+01
      vertex   -6.454096e+01 -1.407087e+01 2.275429e+01
      vertex   -6.472508e+01 -1.424279e+01 2.299739e+01
    endloop
  endfacet
  facet normal -9.117276e-01 3.627305e-01 -1.928196e-01
    outer loop
      vertex   -6.471370e+01 -1.417189e+01 2.307696e+01
      vertex   -6.472508e+01 -1.424279e+01 2.299739e+01
      vertex   -6.486277e+01 -1.440631e+01 2.334083e+01
    endloop
  endfacet
  facet normal -9.200721e-01 3.294086e-01 -2.120314e-01
    outer loop
      vertex   -6.486277e+01 -1.440631e+01 2.334083e+01
      vertex   -6.472508e+01 -1.424279e+01 2.299739e+01
      vertex   -6.486861e+01 -1.445704e+01 2.328736e+01
    endloop
  endfacet
  facet normal -9.683075e-01 2.252388e-01 -1.079259e-01
    outer loop
      vertex   -6.486277e+01 -1.440631e+01 2.334083e+01
      vertex   -6.486861e+01 -1.445704e+01 2.328736e+01
      vertex   -6.496462e+01 -1.469184e+01 2.365867e+01
    endloop
  endfacet
  facet normal -9.728905e-01 1.905572e-01 -1.310419e-01
    outer loop
      vertex   -6.496462e+01 -1.469184e+01 2.365867e+01
      vertex   -6.486861e+01 -1.445704e+01 2.328736e+01
      vertex   -6.496618e+01 -1.471812e+01 2.363205e+01
    endloop
  endfacet
  facet normal -9.959954e-01 8.553067e-02 -2.603157e-02
    outer loop
      vertex   -6.496462e+01 -1.469184e+01 2.365867e+01
      vertex   -6.496618e+01 -1.471812e+01 2.363205e+01
      vertex   -6.500000e+01 -1.500000e+01 2.400000e+01
    endloop
  endfacet
  facet normal -1.390889e-01 9.148993e-01 -3.789637e-01
    outer loop
      vertex   -6.400000e+01 -1.386603e+01 2.250000e+01
      vertex   -6.400000e+01 -1.396593e+01 2.225882e+01
      vertex   -6.407879e+01 -1.389253e+01 2.246493e+01
    endloop
  endfacet
  facet normal -1.072064e-01 9.229662e-01 -3.696486e-01
    outer loop
      vertex   -6.407879e+01 -1.389253e+01 2.246493e+01
      vertex   -6.400000e+01 -1.396593e+01 2.225882e+01
      vertex   -6.409105e+01 -1.396371e+01 2.229076e+01
    endloop
  endfacet
  facet normal -2.197342e-01 9.083757e-01 -3.557674e-01
    outer loop
      vertex   -6.407879e+01 -1.389253e+01 2.246493e+01
      vertex   -6.409105e+01 -1.396371e+01 2.229076e+01
      vertex   -6.416367e+01 -1.390414e+01 2.248771e+01
    endloop
  endfacet
  facet normal -2.430747e-01 8.999932e-01 -3.618382e-01
    outer loop
      vertex   -6.416367e+01 -1.390414e+01 2.248771e+01
      vertex   -6.409105e+01 -1.396371e+01 2.229076e+01
      vertex   -6.418573e+01 -1.397717e+01 2.232088e+01
    endloop
  endfacet
  facet normal -3.590294e-01 8.715050e-01 -3.340313e-01
    outer loop
      vertex   -6.416367e+01 -1.390414e+01 2.248771e+01
      vertex   -6.418573e+01 -1.397717e+01 2.232088e+01
      vertex   -6.425485e+01 -1.392633e+01 2.252782e+01
    endloop
  endfacet
  facet normal -3.905181e-01 8.552847e-01 -3.405636e-01
    outer loop
      vertex   -6.425485e+01 -1.392633e+01 2.252782e+01
      vertex   -6.418573e+01 -1.397717e+01 2.232088e+01
      vertex   -6.428373e+01 -1.400152e+01 2.237212e+01
    endloop
  endfacet
  facet normal -4.866714e-01 8.186052e-01 -3.050188e-01
    outer loop
      vertex   -6.425485e+01 -1.392633e+01 2.252782e+01
      vertex   -6.428373e+01 -1.400152e+01 2.237212e+01
      vertex   -6.435119e+01 -1.396157e+01 2.258695e+01
    endloop
  endfacet
  facet normal -5.199908e-01 7.954722e-01 -3.111808e-01
    outer loop
      vertex   -6.435119e+01 -1.396157e+01 2.258695e+01
      vertex   -6.428373e+01 -1.400152e+01 2.237212e+01
      vertex   -6.438379e+01 -1.403836e+01 2.244512e+01
    endloop
  endfacet
  facet normal -6.383111e-01 7.287757e-01 -2.478808e-01
    outer loop
      vertex   -6.435119e+01 -1.396157e+01 2.258695e+01
      vertex   -6.438379e+01 -1.403836e+01 2.244512e+01
      vertex   -6.454096e+01 -1.407087e+01 2.275429e+01
    endloop
  endfacet
  facet normal -6.774867e-01 6.831583e-01 -2.725922e-01
    outer loop
      vertex   -6.454096e+01 -1.407087e+01 2.275429e+01
      vertex   -6.438379e+01 -1.403836e+01 2.244512e+01
      vertex   -6.457187e+01 -1.414629e+01 2.264207e+01
    endloop
  endfacet
  facet normal -7.874792e-01 5.896434e-01 -1.794355e-01
    outer loop
      vertex   -6.454096e+01 -1.407087e+01 2.275429e+01
      vertex   -6.457187e+01 -1.414629e+01 2.264207e+01
      vertex   -6.472508e+01 -1.424279e+01 2.299739e+01
    endloop
  endfacet
  facet normal -8.215381e-01 5.299378e-01 -2.103356e-01
    outer loop
      vertex   -6.472508e+01 -1.424279e+01 2.299739e+01
      vertex   -6.457187e+01 -1.414629e+01 2.264207e+01
      vertex   -6.474646e+01 -1.430846e+01 2.291544e+01
    endloop
  endfacet
  facet normal -8.914501e-01 4.374818e-01 -1.180101e-01
    outer loop
      vertex   -6.472508e+01 -1.424279e+01 2.299739e+01
      vertex   -6.474646e+01 -1.430846e+01 2.291544e+01
      vertex   -6.486861e+01 -1.445704e+01 2.328736e+01
    endloop
  endfacet
  facet normal -9.153899e-01 3.729041e-01 -1.516703e-01
    outer loop
      vertex   -6.486861e+01 -1.445704e+01 2.328736e+01
      vertex   -6.474646e+01 -1.430846e+01 2.291544e+01
      vertex   -6.487961e+01 -1.450609e+01 2.323315e+01
    endloop
  endfacet
  facet normal -9.581489e-01 2.801177e-01 -5.903239e-02
    outer loop
      vertex   -6.486861e+01 -1.445704e+01 2.328736e+01
      vertex   -6.487961e+01 -1.450609e+01 2.323315e+01
      vertex   -6.496618e+01 -1.471812e+01 2.363205e+01
    endloop
  endfacet
  facet normal -9.724485e-01 2.111475e-01 -9.879555e-02
    outer loop
      vertex   -6.496618e+01 -1.471812e+01 2.363205e+01
      vertex   -6.487961e+01 -1.450609e+01 2.323315e+01
      vertex   -6.496912e+01 -1.474418e+01 2.360533e+01
    endloop
  endfacet
  facet normal -9.933274e-01 1.152896e-01 -2.988679e-03
    outer loop
      vertex   -6.496618e+01 -1.471812e+01 2.363205e+01
      vertex   -6.496912e+01 -1.474418e+01 2.360533e+01
      vertex   -6.500000e+01 -1.500000e+01 2.400000e+01
    endloop
  endfacet
  facet normal -5.303597e-02 9.743295e-01 -2.187903e-01
    outer loop
      vertex   -6.409105e+01 -1.396371e+01 2.229076e+01
      vertex   -6.400000e+01 -1.396593e+01 2.225882e+01
      vertex   -6.410360e+01 -1.399513e+01 2.215386e+01
    endloop
  endfacet
  facet normal -1.457088e-01 9.808637e-01 -1.291332e-01
    outer loop
      vertex   -6.410360e+01 -1.399513e+01 2.215386e+01
      vertex   -6.400000e+01 -1.396593e+01 2.225882e+01
      vertex   -6.400000e+01 -1.400000e+01 2.200000e+01
    endloop
  endfacet
  facet normal -5.571436e-02 9.960585e-01 -6.901669e-02
    outer loop
      vertex   -6.410360e+01 -1.399513e+01 2.215386e+01
      vertex   -6.400000e+01 -1.400000e+01 2.200000e+01
      vertex   -6.409802e+01 -1.400482e+01 2.200963e+01
    endloop
  endfacet
  facet normal -1.673505e-01 9.832298e-01 -7.247784e-02
    outer loop
      vertex   -6.409802e+01 -1.400482e+01 2.200963e+01
      vertex   -6.419509e+01 -1.401921e+01 2.203843e+01
      vertex   -6.410360e+01 -1.399513e+01 2.215386e+01
    endloop
  endfacet
  facet normal -1.779151e-01 9.819727e-01 -6.384237e-02
    outer loop
      vertex   -6.410360e+01 -1.399513e+01 2.215386e+01
      vertex   -6.419509e+01 -1.401921e+01 2.203843e+01
      vertex   -6.420838e+01 -1.401176e+01 2.219011e+01
    endloop
  endfacet
  facet normal -2.244780e-01 9.509918e-01 -2.126601e-01
    outer loop
      vertex   -6.410360e+01 -1.399513e+01 2.215386e+01
      vertex   -6.420838e+01 -1.401176e+01 2.219011e+01
      vertex   -6.418573e+01 -1.397717e+01 2.232088e+01
    endloop
  endfacet
  facet normal -3.282441e-01 9.256956e-01 -1.879987e-01
    outer loop
      vertex   -6.418573e+01 -1.397717e+01 2.232088e+01
      vertex   -6.420838e+01 -1.401176e+01 2.219011e+01
      vertex   -6.428373e+01 -1.400152e+01 2.237212e+01
    endloop
  endfacet
  facet normal -2.758131e-01 9.585653e-01 -7.127122e-02
    outer loop
      vertex   -6.419509e+01 -1.401921e+01 2.203843e+01
      vertex   -6.429028e+01 -1.404306e+01 2.208612e+01
      vertex   -6.420838e+01 -1.401176e+01 2.219011e+01
    endloop
  endfacet
  facet normal -2.923493e-01 9.546080e-01 -5.705604e-02
    outer loop
      vertex   -6.420838e+01 -1.401176e+01 2.219011e+01
      vertex   -6.429028e+01 -1.404306e+01 2.208612e+01
      vertex   -6.431344e+01 -1.404032e+01 2.225057e+01
    endloop
  endfacet
  facet normal -3.632958e-01 9.096001e-01 -2.016031e-01
    outer loop
      vertex   -6.420838e+01 -1.401176e+01 2.219011e+01
      vertex   -6.431344e+01 -1.404032e+01 2.225057e+01
      vertex   -6.428373e+01 -1.400152e+01 2.237212e+01
    endloop
  endfacet
  facet normal -4.478039e-01 8.776764e-01 -1.707507e-01
    outer loop
      vertex   -6.428373e+01 -1.400152e+01 2.237212e+01
      vertex   -6.431344e+01 -1.404032e+01 2.225057e+01
      vertex   -6.438379e+01 -1.403836e+01 2.244512e+01
    endloop
  endfacet
  facet normal -3.793622e-01 9.226883e-01 -6.877897e-02
    outer loop
      vertex   -6.429028e+01 -1.404306e+01 2.208612e+01
      vertex   -6.438268e+01 -1.407612e+01 2.215224e+01
      vertex   -6.431344e+01 -1.404032e+01 2.225057e+01
    endloop
  endfacet
  facet normal -4.021167e-01 9.142396e-01 -4.967982e-02
    outer loop
      vertex   -6.431344e+01 -1.404032e+01 2.225057e+01
      vertex   -6.438268e+01 -1.407612e+01 2.215224e+01
      vertex   -6.441741e+01 -1.408147e+01 2.233498e+01
    endloop
  endfacet
  facet normal -4.877731e-01 8.531525e-01 -1.849547e-01
    outer loop
      vertex   -6.431344e+01 -1.404032e+01 2.225057e+01
      vertex   -6.441741e+01 -1.408147e+01 2.233498e+01
      vertex   -6.438379e+01 -1.403836e+01 2.244512e+01
    endloop
  endfacet
  facet normal -5.925297e-01 7.949577e-01 -1.301951e-01
    outer loop
      vertex   -6.438379e+01 -1.403836e+01 2.244512e+01
      vertex   -6.441741e+01 -1.408147e+01 2.233498e+01
      vertex   -6.457187e+01 -1.414629e+01 2.264207e+01
    endloop
  endfacet
  facet normal -5.324111e-01 8.430197e-01 -7.652564e-02
    outer loop
      vertex   -6.438268e+01 -1.407612e+01 2.215224e+01
      vertex   -6.455557e+01 -1.416853e+01 2.233706e+01
      vertex   -6.441741e+01 -1.408147e+01 2.233498e+01
    endloop
  endfacet
  facet normal -5.332578e-01 8.457516e-01 -1.844546e-02
    outer loop
      vertex   -6.441741e+01 -1.408147e+01 2.233498e+01
      vertex   -6.455557e+01 -1.416853e+01 2.233706e+01
      vertex   -6.460394e+01 -1.419426e+01 2.255593e+01
    endloop
  endfacet
  facet normal -6.498170e-01 7.407313e-01 -1.704555e-01
    outer loop
      vertex   -6.441741e+01 -1.408147e+01 2.233498e+01
      vertex   -6.460394e+01 -1.419426e+01 2.255593e+01
      vertex   -6.457187e+01 -1.414629e+01 2.264207e+01
    endloop
  endfacet
  facet normal -7.481300e-01 6.577399e-01 -8.763410e-02
    outer loop
      vertex   -6.457187e+01 -1.414629e+01 2.264207e+01
      vertex   -6.460394e+01 -1.419426e+01 2.255593e+01
      vertex   -6.474646e+01 -1.430846e+01 2.291544e+01
    endloop
  endfacet
  facet normal -7.000024e-01 7.105837e-01 -7.118582e-02
    outer loop
      vertex   -6.455557e+01 -1.416853e+01 2.233706e+01
      vertex   -6.470711e+01 -1.429289e+01 2.258579e+01
      vertex   -6.460394e+01 -1.419426e+01 2.255593e+01
    endloop
  endfacet
  facet normal -6.902634e-01 7.235389e-01 5.274874e-03
    outer loop
      vertex   -6.460394e+01 -1.419426e+01 2.255593e+01
      vertex   -6.470711e+01 -1.429289e+01 2.258579e+01
      vertex   -6.476879e+01 -1.435369e+01 2.285321e+01
    endloop
  endfacet
  facet normal -8.030535e-01 5.806707e-01 -1.338908e-01
    outer loop
      vertex   -6.460394e+01 -1.419426e+01 2.255593e+01
      vertex   -6.476879e+01 -1.435369e+01 2.285321e+01
      vertex   -6.474646e+01 -1.430846e+01 2.291544e+01
    endloop
  endfacet
  facet normal -8.650838e-01 4.989027e-01 -5.221211e-02
    outer loop
      vertex   -6.474646e+01 -1.430846e+01 2.291544e+01
      vertex   -6.476879e+01 -1.435369e+01 2.285321e+01
      vertex   -6.487961e+01 -1.450609e+01 2.323315e+01
    endloop
  endfacet
  facet normal -8.330955e-01 5.490142e-01 -6.734479e-02
    outer loop
      vertex   -6.470711e+01 -1.429289e+01 2.258579e+01
      vertex   -6.483147e+01 -1.444443e+01 2.288886e+01
      vertex   -6.476879e+01 -1.435369e+01 2.285321e+01
    endloop
  endfacet
  facet normal -8.183810e-01 5.742277e-01 2.269822e-02
    outer loop
      vertex   -6.476879e+01 -1.435369e+01 2.285321e+01
      vertex   -6.483147e+01 -1.444443e+01 2.288886e+01
      vertex   -6.489116e+01 -1.454149e+01 2.319234e+01
    endloop
  endfacet
  facet normal -9.063763e-01 4.105380e-01 -9.970227e-02
    outer loop
      vertex   -6.476879e+01 -1.435369e+01 2.285321e+01
      vertex   -6.489116e+01 -1.454149e+01 2.319234e+01
      vertex   -6.487961e+01 -1.450609e+01 2.323315e+01
    endloop
  endfacet
  facet normal -9.445177e-01 3.280033e-01 -1.732260e-02
    outer loop
      vertex   -6.487961e+01 -1.450609e+01 2.323315e+01
      vertex   -6.489116e+01 -1.454149e+01 2.319234e+01
      vertex   -6.496912e+01 -1.474418e+01 2.360533e+01
    endloop
  endfacet
  facet normal -9.290606e-01 3.639323e-01 -6.633045e-02
    outer loop
      vertex   -6.483147e+01 -1.444443e+01 2.288886e+01
      vertex   -6.492388e+01 -1.461732e+01 2.323463e+01
      vertex   -6.489116e+01 -1.454149e+01 2.319234e+01
    endloop
  endfacet
  facet normal -9.066490e-01 4.189537e-01 4.965294e-02
    outer loop
      vertex   -6.489116e+01 -1.454149e+01 2.319234e+01
      vertex   -6.492388e+01 -1.461732e+01 2.323463e+01
      vertex   -6.497222e+01 -1.476350e+01 2.358533e+01
    endloop
  endfacet
  facet normal -9.708062e-01 2.291826e-01 -7.078548e-02
    outer loop
      vertex   -6.489116e+01 -1.454149e+01 2.319234e+01
      vertex   -6.497222e+01 -1.476350e+01 2.358533e+01
      vertex   -6.496912e+01 -1.474418e+01 2.360533e+01
    endloop
  endfacet
  facet normal -9.895982e-01 1.430441e-01 1.529284e-02
    outer loop
      vertex   -6.496912e+01 -1.474418e+01 2.360533e+01
      vertex   -6.497222e+01 -1.476350e+01 2.358533e+01
      vertex   -6.500000e+01 -1.500000e+01 2.400000e+01
    endloop
  endfacet
  facet normal -8.696686e-01 -4.014681e-01 -2.872280e-01
    outer loop
      vertex   -6.492388e+01 -1.461732e+01 2.323463e+01
      vertex   -6.500000e+01 -1.500000e+01 2.400000e+01
      vertex   -6.497222e+01 -1.476350e+01 2.358533e+01
    endloop
  endfacet
  facet normal -9.267207e-01 6.240499e-02 -3.705326e-01
    outer loop
      vertex   -6.483147e+01 -1.388886e+01 2.344443e+01
      vertex   -6.488637e+01 -1.420809e+01 2.352798e+01
      vertex   -6.492388e+01 -1.423463e+01 2.361732e+01
    endloop
  endfacet
  facet normal -9.180786e-01 -3.241025e-02 -3.950713e-01
    outer loop
      vertex   -6.492388e+01 -1.423463e+01 2.361732e+01
      vertex   -6.488637e+01 -1.420809e+01 2.352798e+01
      vertex   -6.497094e+01 -1.459304e+01 2.375607e+01
    endloop
  endfacet
  facet normal -9.376475e-01 2.255078e-01 2.645058e-01
    outer loop
      vertex   -6.492388e+01 -1.423463e+01 2.361732e+01
      vertex   -6.497094e+01 -1.459304e+01 2.375607e+01
      vertex   -6.500000e+01 -1.500000e+01 2.400000e+01
    endloop
  endfacet
  facet normal -8.316520e-01 -2.303004e-03 -5.552924e-01
    outer loop
      vertex   -6.488637e+01 -1.420809e+01 2.352798e+01
      vertex   -6.483147e+01 -1.388886e+01 2.344443e+01
      vertex   -6.475955e+01 -1.387726e+01 2.333667e+01
    endloop
  endfacet
  facet normal -8.332102e-01 6.748765e-02 -5.488226e-01
    outer loop
      vertex   -6.475955e+01 -1.387726e+01 2.333667e+01
      vertex   -6.483147e+01 -1.388886e+01 2.344443e+01
      vertex   -6.470711e+01 -1.358579e+01 2.329289e+01
    endloop
  endfacet
  facet normal -7.060892e-01 2.073855e-02 -7.078192e-01
    outer loop
      vertex   -6.475955e+01 -1.387726e+01 2.333667e+01
      vertex   -6.470711e+01 -1.358579e+01 2.329289e+01
      vertex   -6.459069e+01 -1.358930e+01 2.317666e+01
    endloop
  endfacet
  facet normal -7.034192e-01 7.516450e-02 -7.067898e-01
    outer loop
      vertex   -6.459069e+01 -1.358930e+01 2.317666e+01
      vertex   -6.470711e+01 -1.358579e+01 2.329289e+01
      vertex   -6.455557e+01 -1.333706e+01 2.316853e+01
    endloop
  endfacet
  facet normal -5.480164e-01 4.939209e-02 -8.350080e-01
    outer loop
      vertex   -6.459069e+01 -1.358930e+01 2.317666e+01
      vertex   -6.455557e+01 -1.333706e+01 2.316853e+01
      vertex   -6.440355e+01 -1.337773e+01 2.306635e+01
    endloop
  endfacet
  facet normal -5.397648e-01 8.622007e-02 -8.373888e-01
    outer loop
      vertex   -6.440355e+01 -1.337773e+01 2.306635e+01
      vertex   -6.455557e+01 -1.333706e+01 2.316853e+01
      vertex   -6.438268e+01 -1.315224e+01 2.307612e+01
    endloop
  endfacet
  facet normal -4.083963e-01 7.719125e-02 -9.095350e-01
    outer loop
      vertex   -6.440355e+01 -1.337773e+01 2.306635e+01
      vertex   -6.438268e+01 -1.315224e+01 2.307612e+01
      vertex   -6.430120e+01 -1.329779e+01 2.302718e+01
    endloop
  endfacet
  facet normal -3.913422e-01 8.889314e-02 -9.159418e-01
    outer loop
      vertex   -6.430120e+01 -1.329779e+01 2.302718e+01
      vertex   -6.438268e+01 -1.315224e+01 2.307612e+01
      vertex   -6.429028e+01 -1.308612e+01 2.304306e+01
    endloop
  endfacet
  facet normal -2.965429e-01 8.664048e-02 -9.510814e-01
    outer loop
      vertex   -6.430120e+01 -1.329779e+01 2.302718e+01
      vertex   -6.429028e+01 -1.308612e+01 2.304306e+01
      vertex   -6.419906e+01 -1.324095e+01 2.300051e+01
    endloop
  endfacet
  facet normal -2.858180e-01 9.367770e-02 -9.536942e-01
    outer loop
      vertex   -6.419906e+01 -1.324095e+01 2.300051e+01
      vertex   -6.429028e+01 -1.308612e+01 2.304306e+01
      vertex   -6.419509e+01 -1.303843e+01 2.301922e+01
    endloop
  endfacet
  facet normal -1.797860e-01 9.395704e-02 -9.792084e-01
    outer loop
      vertex   -6.419906e+01 -1.324095e+01 2.300051e+01
      vertex   -6.419509e+01 -1.303843e+01 2.301922e+01
      vertex   -6.409844e+01 -1.320711e+01 2.298528e+01
    endloop
  endfacet
  facet normal -1.742151e-01 9.728632e-02 -9.798900e-01
    outer loop
      vertex   -6.409844e+01 -1.320711e+01 2.298528e+01
      vertex   -6.419509e+01 -1.303843e+01 2.301922e+01
      vertex   -6.409802e+01 -1.300963e+01 2.300482e+01
    endloop
  endfacet
  facet normal -9.946184e-01 1.242646e-02 -1.028587e-01
    outer loop
      vertex   -6.496565e+01 -1.463879e+01 2.371150e+01
      vertex   -6.500000e+01 -1.500000e+01 2.400000e+01
      vertex   -6.496726e+01 -1.462073e+01 2.372920e+01
    endloop
  endfacet
  facet normal -9.916168e-01 -6.532171e-03 -1.290483e-01
    outer loop
      vertex   -6.496726e+01 -1.462073e+01 2.372920e+01
      vertex   -6.500000e+01 -1.500000e+01 2.400000e+01
      vertex   -6.497094e+01 -1.459304e+01 2.375607e+01
    endloop
  endfacet
  facet normal -2.004729e-01 9.587144e-01 -2.016859e-01
    outer loop
      vertex   -6.418573e+01 -1.397717e+01 2.232088e+01
      vertex   -6.409105e+01 -1.396371e+01 2.229076e+01
      vertex   -6.410360e+01 -1.399513e+01 2.215386e+01
    endloop
  endfacet
  facet normal -2.337397e-01 2.754067e-01 -9.324789e-01
    outer loop
      vertex   -6.419906e+01 -1.324095e+01 2.300051e+01
      vertex   -6.409844e+01 -1.320711e+01 2.298528e+01
      vertex   -6.408332e+01 -1.339270e+01 2.292668e+01
    endloop
  endfacet
  facet normal -2.422661e-01 4.240044e-01 -8.726554e-01
    outer loop
      vertex   -6.408332e+01 -1.339270e+01 2.292668e+01
      vertex   -6.407657e+01 -1.350665e+01 2.286944e+01
      vertex   -6.417182e+01 -1.341844e+01 2.293874e+01
    endloop
  endfacet
  facet normal -2.316385e-01 4.339178e-01 -8.706658e-01
    outer loop
      vertex   -6.417182e+01 -1.341844e+01 2.293874e+01
      vertex   -6.407657e+01 -1.350665e+01 2.286944e+01
      vertex   -6.415968e+01 -1.352779e+01 2.288102e+01
    endloop
  endfacet
  facet normal -3.892520e-01 3.958657e-01 -8.317291e-01
    outer loop
      vertex   -6.417182e+01 -1.341844e+01 2.293874e+01
      vertex   -6.415968e+01 -1.352779e+01 2.288102e+01
      vertex   -6.426551e+01 -1.346305e+01 2.296136e+01
    endloop
  endfacet
  facet normal -3.775797e-01 4.119360e-01 -8.293023e-01
    outer loop
      vertex   -6.426551e+01 -1.346305e+01 2.296136e+01
      vertex   -6.415968e+01 -1.352779e+01 2.288102e+01
      vertex   -6.424964e+01 -1.356539e+01 2.290330e+01
    endloop
  endfacet
  facet normal -5.189061e-01 3.595215e-01 -7.755519e-01
    outer loop
      vertex   -6.426551e+01 -1.346305e+01 2.296136e+01
      vertex   -6.424964e+01 -1.356539e+01 2.290330e+01
      vertex   -6.436322e+01 -1.352781e+01 2.299671e+01
    endloop
  endfacet
  facet normal -5.093988e-01 3.798369e-01 -7.721637e-01
    outer loop
      vertex   -6.436322e+01 -1.352781e+01 2.299671e+01
      vertex   -6.424964e+01 -1.356539e+01 2.290330e+01
      vertex   -6.434532e+01 -1.362138e+01 2.293888e+01
    endloop
  endfacet
  facet normal -6.682298e-01 2.944638e-01 -6.831984e-01
    outer loop
      vertex   -6.436322e+01 -1.352781e+01 2.299671e+01
      vertex   -6.434532e+01 -1.362138e+01 2.293888e+01
      vertex   -6.455234e+01 -1.370726e+01 2.310435e+01
    endloop
  endfacet
  facet normal -6.691464e-01 3.329496e-01 -6.643701e-01
    outer loop
      vertex   -6.455234e+01 -1.370726e+01 2.310435e+01
      vertex   -6.434532e+01 -1.362138e+01 2.293888e+01
      vertex   -6.453540e+01 -1.378187e+01 2.304990e+01
    endloop
  endfacet
  facet normal -8.094590e-01 2.149980e-01 -5.463991e-01
    outer loop
      vertex   -6.455234e+01 -1.370726e+01 2.310435e+01
      vertex   -6.453540e+01 -1.378187e+01 2.304990e+01
      vertex   -6.473294e+01 -1.396288e+01 2.327131e+01
    endloop
  endfacet
  facet normal -8.161984e-01 2.589073e-01 -5.165145e-01
    outer loop
      vertex   -6.473294e+01 -1.396288e+01 2.327131e+01
      vertex   -6.453540e+01 -1.378187e+01 2.304990e+01
      vertex   -6.472125e+01 -1.401777e+01 2.322533e+01
    endloop
  endfacet
  facet normal -9.044954e-01 1.437612e-01 -4.015230e-01
    outer loop
      vertex   -6.473294e+01 -1.396288e+01 2.327131e+01
      vertex   -6.472125e+01 -1.401777e+01 2.322533e+01
      vertex   -6.487265e+01 -1.426445e+01 2.347806e+01
    endloop
  endfacet
  facet normal -9.123241e-01 1.864291e-01 -3.645667e-01
    outer loop
      vertex   -6.487265e+01 -1.426445e+01 2.347806e+01
      vertex   -6.472125e+01 -1.401777e+01 2.322533e+01
      vertex   -6.486665e+01 -1.430096e+01 2.344436e+01
    endloop
  endfacet
  facet normal -9.640054e-01 7.648136e-02 -2.546453e-01
    outer loop
      vertex   -6.487265e+01 -1.426445e+01 2.347806e+01
      vertex   -6.486665e+01 -1.430096e+01 2.344436e+01
      vertex   -6.496726e+01 -1.462073e+01 2.372920e+01
    endloop
  endfacet
  facet normal -9.705878e-01 1.189219e-01 -2.093250e-01
    outer loop
      vertex   -6.496726e+01 -1.462073e+01 2.372920e+01
      vertex   -6.486665e+01 -1.430096e+01 2.344436e+01
      vertex   -6.496565e+01 -1.463879e+01 2.371150e+01
    endloop
  endfacet
  facet normal -3.738460e-01 2.531508e-01 -8.922745e-01
    outer loop
      vertex   -6.430120e+01 -1.329779e+01 2.302718e+01
      vertex   -6.419906e+01 -1.324095e+01 2.300051e+01
      vertex   -6.417182e+01 -1.341844e+01 2.293874e+01
    endloop
  endfacet
  facet normal -2.120469e-01 2.920149e-01 -9.326111e-01
    outer loop
      vertex   -6.417182e+01 -1.341844e+01 2.293874e+01
      vertex   -6.419906e+01 -1.324095e+01 2.300051e+01
      vertex   -6.408332e+01 -1.339270e+01 2.292668e+01
    endloop
  endfacet
  facet normal -3.494016e-01 2.806039e-01 -8.939687e-01
    outer loop
      vertex   -6.430120e+01 -1.329779e+01 2.302718e+01
      vertex   -6.417182e+01 -1.341844e+01 2.293874e+01
      vertex   -6.426551e+01 -1.346305e+01 2.296136e+01
    endloop
  endfacet
  facet normal -4.972631e-01 2.262187e-01 -8.375885e-01
    outer loop
      vertex   -6.440355e+01 -1.337773e+01 2.306635e+01
      vertex   -6.430120e+01 -1.329779e+01 2.302718e+01
      vertex   -6.426551e+01 -1.346305e+01 2.296136e+01
    endloop
  endfacet
  facet normal -4.768436e-01 2.612995e-01 -8.392513e-01
    outer loop
      vertex   -6.440355e+01 -1.337773e+01 2.306635e+01
      vertex   -6.426551e+01 -1.346305e+01 2.296136e+01
      vertex   -6.436322e+01 -1.352781e+01 2.299671e+01
    endloop
  endfacet
  facet normal -6.395310e-01 1.754599e-01 -7.484744e-01
    outer loop
      vertex   -6.459069e+01 -1.358930e+01 2.317666e+01
      vertex   -6.440355e+01 -1.337773e+01 2.306635e+01
      vertex   -6.436322e+01 -1.352781e+01 2.299671e+01
    endloop
  endfacet
  facet normal -6.413515e-01 2.385255e-01 -7.292282e-01
    outer loop
      vertex   -6.459069e+01 -1.358930e+01 2.317666e+01
      vertex   -6.436322e+01 -1.352781e+01 2.299671e+01
      vertex   -6.455234e+01 -1.370726e+01 2.310435e+01
    endloop
  endfacet
  facet normal -7.828473e-01 1.197801e-01 -6.105758e-01
    outer loop
      vertex   -6.475955e+01 -1.387726e+01 2.333667e+01
      vertex   -6.459069e+01 -1.358930e+01 2.317666e+01
      vertex   -6.455234e+01 -1.370726e+01 2.310435e+01
    endloop
  endfacet
  facet normal -7.975440e-01 1.893532e-01 -5.727730e-01
    outer loop
      vertex   -6.475955e+01 -1.387726e+01 2.333667e+01
      vertex   -6.455234e+01 -1.370726e+01 2.310435e+01
      vertex   -6.473294e+01 -1.396288e+01 2.327131e+01
    endloop
  endfacet
  facet normal -8.856955e-01 7.453701e-02 -4.582441e-01
    outer loop
      vertex   -6.488637e+01 -1.420809e+01 2.352798e+01
      vertex   -6.475955e+01 -1.387726e+01 2.333667e+01
      vertex   -6.473294e+01 -1.396288e+01 2.327131e+01
    endloop
  endfacet
  facet normal -9.030304e-01 1.399067e-01 -4.061555e-01
    outer loop
      vertex   -6.488637e+01 -1.420809e+01 2.352798e+01
      vertex   -6.473294e+01 -1.396288e+01 2.327131e+01
      vertex   -6.487265e+01 -1.426445e+01 2.347806e+01
    endloop
  endfacet
  facet normal -9.537596e-01 3.246302e-02 -2.988123e-01
    outer loop
      vertex   -6.497094e+01 -1.459304e+01 2.375607e+01
      vertex   -6.488637e+01 -1.420809e+01 2.352798e+01
      vertex   -6.487265e+01 -1.426445e+01 2.347806e+01
    endloop
  endfacet
  facet normal -9.684844e-01 9.481752e-02 -2.303204e-01
    outer loop
      vertex   -6.497094e+01 -1.459304e+01 2.375607e+01
      vertex   -6.487265e+01 -1.426445e+01 2.347806e+01
      vertex   -6.496726e+01 -1.462073e+01 2.372920e+01
    endloop
  endfacet
  facet normal 0.000000e+00 9.914449e-01 -1.305262e-01
    outer loop
      vertex   -6.300000e+01 -1.400000e+01 2.200000e+01
      vertex   -6.400000e+01 -1.400000e+01 2.200000e+01
      vertex   -6.300000e+01 -1.396593e+01 2.225882e+01
    endloop
  endfacet
  facet normal -3.522320e-15 9.914449e-01 -1.305262e-01
    outer loop
      vertex   -6.300000e+01 -1.396593e+01 2.225882e+01
      vertex   -6.400000e+01 -1.400000e+01 2.200000e+01
      vertex   -6.400000e+01 -1.396593e+01 2.225882e+01
    endloop
  endfacet
  facet normal -3.282279e-15 9.238795e-01 -3.826834e-01
    outer loop
      vertex   -6.300000e+01 -1.396593e+01 2.225882e+01
      vertex   -6.400000e+01 -1.396593e+01 2.225882e+01
      vertex   -6.300000e+01 -1.386603e+01 2.250000e+01
    endloop
  endfacet
  facet normal -1.359565e-15 9.238795e-01 -3.826834e-01
    outer loop
      vertex   -6.300000e+01 -1.386603e+01 2.250000e+01
      vertex   -6.400000e+01 -1.396593e+01 2.225882e+01
      vertex   -6.400000e+01 -1.386603e+01 2.250000e+01
    endloop
  endfacet
  facet normal -2.162755e-15 7.933533e-01 -6.087614e-01
    outer loop
      vertex   -6.300000e+01 -1.386603e+01 2.250000e+01
      vertex   -6.400000e+01 -1.386603e+01 2.250000e+01
      vertex   -6.300000e+01 -1.370711e+01 2.270711e+01
    endloop
  endfacet
  facet normal 7.534764e-16 7.933533e-01 -6.087614e-01
    outer loop
      vertex   -6.300000e+01 -1.370711e+01 2.270711e+01
      vertex   -6.400000e+01 -1.386603e+01 2.250000e+01
      vertex   -6.400000e+01 -1.370711e+01 2.270711e+01
    endloop
  endfacet
  facet normal 1.737180e-15 6.087614e-01 -7.933533e-01
    outer loop
      vertex   -6.300000e+01 -1.370711e+01 2.270711e+01
      vertex   -6.400000e+01 -1.370711e+01 2.270711e+01
      vertex   -6.300000e+01 -1.350000e+01 2.286603e+01
    endloop
  endfacet
  facet normal -2.162755e-15 6.087614e-01 -7.933533e-01
    outer loop
      vertex   -6.300000e+01 -1.350000e+01 2.286603e+01
      vertex   -6.400000e+01 -1.370711e+01 2.270711e+01
      vertex   -6.400000e+01 -1.350000e+01 2.286603e+01
    endloop
  endfacet
  facet normal -1.359565e-15 3.826834e-01 -9.238795e-01
    outer loop
      vertex   -6.300000e+01 -1.350000e+01 2.286603e+01
      vertex   -6.400000e+01 -1.350000e+01 2.286603e+01
      vertex   -6.300000e+01 -1.325882e+01 2.296593e+01
    endloop
  endfacet
  facet normal -6.797823e-16 3.826834e-01 -9.238795e-01
    outer loop
      vertex   -6.300000e+01 -1.325882e+01 2.296593e+01
      vertex   -6.400000e+01 -1.350000e+01 2.286603e+01
      vertex   -6.400000e+01 -1.325882e+01 2.296593e+01
    endloop
  endfacet
  facet normal -2.318611e-16 1.305262e-01 -9.914449e-01
    outer loop
      vertex   -6.300000e+01 -1.325882e+01 2.296593e+01
      vertex   -6.400000e+01 -1.325882e+01 2.296593e+01
      vertex   -6.300000e+01 -1.300000e+01 2.300000e+01
    endloop
  endfacet
  facet normal -4.637222e-16 1.305262e-01 -9.914449e-01
    outer loop
      vertex   -6.300000e+01 -1.300000e+01 2.300000e+01
      vertex   -6.400000e+01 -1.325882e+01 2.296593e+01
      vertex   -6.400000e+01 -1.300000e+01 2.300000e+01
    endloop
  endfacet
  facet normal 0.000000e+00 0.000000e+00 -1.000000e+00
    outer loop
      vertex   -6.400000e+01 -1.300000e+01 2.300000e+01
      vertex   -6.400000e+01 -3.500000e+00 2.300000e+01
      vertex   -6.300000e+01 -1.300000e+01 2.300000e+01
    endloop
  endfacet
  facet normal 0.000000e+00 0.000000e+00 -1.000000e+00
    outer loop
      vertex   -6.300000e+01 -1.300000e+01 2.300000e+01
      vertex   -6.400000e+01 -3.500000e+00 2.300000e+01
      vertex   -6.300000e+01 -3.500000e+00 2.300000e+01
    endloop
  endfacet
  facet normal -4.989384e-02 8.446817e-03 -9.987188e-01
    outer loop
      vertex   -6.409802e+01 -1.300963e+01 2.300482e+01
      vertex   -6.425882e+01 -1.050000e+01 2.303407e+01
      vertex   -6.400000e+01 -1.300000e+01 2.300000e+01
    endloop
  endfacet
  facet normal -1.305262e-01 0.000000e+00 -9.914449e-01
    outer loop
      vertex   -6.400000e+01 -1.300000e+01 2.300000e+01
      vertex   -6.425882e+01 -1.050000e+01 2.303407e+01
      vertex   -6.425882e+01 -6.000000e+00 2.303407e+01
    endloop
  endfacet
  facet normal -1.614052e-01 -1.163909e-03 -9.868875e-01
    outer loop
      vertex   -6.400000e+01 -1.300000e+01 2.300000e+01
      vertex   -6.425882e+01 -6.000000e+00 2.303407e+01
      vertex   -6.409802e+01 -3.490369e+00 2.300482e+01
    endloop
  endfacet
  facet normal -1.473371e-01 -2.090917e-03 -9.890841e-01
    outer loop
      vertex   -6.409802e+01 -3.490369e+00 2.300482e+01
      vertex   -6.425882e+01 -6.000000e+00 2.303407e+01
      vertex   -6.419509e+01 -3.461571e+00 2.301922e+01
    endloop
  endfacet
  facet normal -2.427838e-01 4.165711e-04 -9.700803e-01
    outer loop
      vertex   -6.419509e+01 -3.461571e+00 2.301922e+01
      vertex   -6.425882e+01 -6.000000e+00 2.303407e+01
      vertex   -6.429028e+01 -3.413881e+00 2.304306e+01
    endloop
  endfacet
  facet normal -3.374192e-01 -8.346791e-04 -9.413541e-01
    outer loop
      vertex   -6.429028e+01 -3.413881e+00 2.304306e+01
      vertex   -6.425882e+01 -6.000000e+00 2.303407e+01
      vertex   -6.438268e+01 -3.347759e+00 2.307612e+01
    endloop
  endfacet
  facet normal -3.826814e-01 -3.225610e-03 -9.238747e-01
    outer loop
      vertex   -6.438268e+01 -3.347759e+00 2.307612e+01
      vertex   -6.425882e+01 -6.000000e+00 2.303407e+01
      vertex   -6.450000e+01 -6.000000e+00 2.313397e+01
    endloop
  endfacet
  facet normal -4.701135e-01 1.542012e-03 -8.826046e-01
    outer loop
      vertex   -6.438268e+01 -3.347759e+00 2.307612e+01
      vertex   -6.450000e+01 -6.000000e+00 2.313397e+01
      vertex   -6.455557e+01 -3.162939e+00 2.316853e+01
    endloop
  endfacet
  facet normal -6.087599e-01 -2.260807e-03 -7.933513e-01
    outer loop
      vertex   -6.455557e+01 -3.162939e+00 2.316853e+01
      vertex   -6.450000e+01 -6.000000e+00 2.313397e+01
      vertex   -6.470711e+01 -6.000000e+00 2.329289e+01
    endloop
  endfacet
  facet normal -6.343933e-01 0.000000e+00 -7.730105e-01
    outer loop
      vertex   -6.455557e+01 -3.162939e+00 2.316853e+01
      vertex   -6.470711e+01 -6.000000e+00 2.329289e+01
      vertex   -6.470711e+01 -2.914214e+00 2.329289e+01
    endloop
  endfacet
  facet normal -7.730105e-01 -0.000000e+00 -6.343933e-01
    outer loop
      vertex   -6.470711e+01 -2.914214e+00 2.329289e+01
      vertex   -6.470711e+01 -6.000000e+00 2.329289e+01
      vertex   -6.483147e+01 -2.611141e+00 2.344443e+01
    endloop
  endfacet
  facet normal -7.933519e-01 -1.892687e-03 -6.087603e-01
    outer loop
      vertex   -6.483147e+01 -2.611141e+00 2.344443e+01
      vertex   -6.470711e+01 -6.000000e+00 2.329289e+01
      vertex   -6.486603e+01 -6.000000e+00 2.350000e+01
    endloop
  endfacet
  facet normal -8.809030e-01 1.221406e-03 -4.732953e-01
    outer loop
      vertex   -6.483147e+01 -2.611141e+00 2.344443e+01
      vertex   -6.486603e+01 -6.000000e+00 2.350000e+01
      vertex   -6.492388e+01 -2.265367e+00 2.361732e+01
    endloop
  endfacet
  facet normal -9.238771e-01 -2.290751e-03 -3.826824e-01
    outer loop
      vertex   -6.492388e+01 -2.265367e+00 2.361732e+01
      vertex   -6.486603e+01 -6.000000e+00 2.350000e+01
      vertex   -6.496593e+01 -6.000000e+00 2.374118e+01
    endloop
  endfacet
  facet normal -9.791039e-01 4.279966e-03 -2.033158e-01
    outer loop
      vertex   -6.492388e+01 -2.265367e+00 2.361732e+01
      vertex   -6.496593e+01 -6.000000e+00 2.374118e+01
      vertex   -6.500000e+01 -1.500000e+00 2.400000e+01
    endloop
  endfacet
  facet normal -9.914449e-01 0.000000e+00 -1.305262e-01
    outer loop
      vertex   -6.500000e+01 -1.500000e+00 2.400000e+01
      vertex   -6.496593e+01 -6.000000e+00 2.374118e+01
      vertex   -6.496593e+01 -1.050000e+01 2.374118e+01
    endloop
  endfacet
  facet normal -9.914449e-01 -0.000000e+00 -1.305262e-01
    outer loop
      vertex   -6.500000e+01 -1.500000e+00 2.400000e+01
      vertex   -6.496593e+01 -1.050000e+01 2.374118e+01
      vertex   -6.500000e+01 -1.500000e+01 2.400000e+01
    endloop
  endfacet
  facet normal -9.791039e-01 -4.279966e-03 -2.033158e-01
    outer loop
      vertex   -6.500000e+01 -1.500000e+01 2.400000e+01
      vertex   -6.496593e+01 -1.050000e+01 2.374118e+01
      vertex   -6.492388e+01 -1.423463e+01 2.361732e+01
    endloop
  endfacet
  facet normal -9.238771e-01 2.290751e-03 -3.826824e-01
    outer loop
      vertex   -6.492388e+01 -1.423463e+01 2.361732e+01
      vertex   -6.496593e+01 -1.050000e+01 2.374118e+01
      vertex   -6.486603e+01 -1.050000e+01 2.350000e+01
    endloop
  endfacet
  facet normal -8.809030e-01 -1.221406e-03 -4.732953e-01
    outer loop
      vertex   -6.492388e+01 -1.423463e+01 2.361732e+01
      vertex   -6.486603e+01 -1.050000e+01 2.350000e+01
      vertex   -6.483147e+01 -1.388886e+01 2.344443e+01
    endloop
  endfacet
  facet normal -7.933519e-01 1.892687e-03 -6.087603e-01
    outer loop
      vertex   -6.483147e+01 -1.388886e+01 2.344443e+01
      vertex   -6.486603e+01 -1.050000e+01 2.350000e+01
      vertex   -6.470711e+01 -1.050000e+01 2.329289e+01
    endloop
  endfacet
  facet normal -7.730105e-01 0.000000e+00 -6.343933e-01
    outer loop
      vertex   -6.483147e+01 -1.388886e+01 2.344443e+01
      vertex   -6.470711e+01 -1.050000e+01 2.329289e+01
      vertex   -6.470711e+01 -1.358579e+01 2.329289e+01
    endloop
  endfacet
  facet normal -6.343933e-01 0.000000e+00 -7.730105e-01
    outer loop
      vertex   -6.470711e+01 -1.358579e+01 2.329289e+01
      vertex   -6.470711e+01 -1.050000e+01 2.329289e+01
      vertex   -6.455557e+01 -1.333706e+01 2.316853e+01
    endloop
  endfacet
  facet normal -6.087599e-01 2.260807e-03 -7.933513e-01
    outer loop
      vertex   -6.455557e+01 -1.333706e+01 2.316853e+01
      vertex   -6.470711e+01 -1.050000e+01 2.329289e+01
      vertex   -6.450000e+01 -1.050000e+01 2.313397e+01
    endloop
  endfacet
  facet normal -4.701135e-01 -1.542012e-03 -8.826046e-01
    outer loop
      vertex   -6.455557e+01 -1.333706e+01 2.316853e+01
      vertex   -6.450000e+01 -1.050000e+01 2.313397e+01
      vertex   -6.438268e+01 -1.315224e+01 2.307612e+01
    endloop
  endfacet
  facet normal -3.826814e-01 3.225610e-03 -9.238747e-01
    outer loop
      vertex   -6.438268e+01 -1.315224e+01 2.307612e+01
      vertex   -6.450000e+01 -1.050000e+01 2.313397e+01
      vertex   -6.425882e+01 -1.050000e+01 2.303407e+01
    endloop
  endfacet
  facet normal -3.374192e-01 8.346791e-04 -9.413541e-01
    outer loop
      vertex   -6.438268e+01 -1.315224e+01 2.307612e+01
      vertex   -6.425882e+01 -1.050000e+01 2.303407e+01
      vertex   -6.429028e+01 -1.308612e+01 2.304306e+01
    endloop
  endfacet
  facet normal -2.427838e-01 -4.165711e-04 -9.700803e-01
    outer loop
      vertex   -6.429028e+01 -1.308612e+01 2.304306e+01
      vertex   -6.425882e+01 -1.050000e+01 2.303407e+01
      vertex   -6.419509e+01 -1.303843e+01 2.301922e+01
    endloop
  endfacet
  facet normal -1.473371e-01 2.090917e-03 -9.890841e-01
    outer loop
      vertex   -6.419509e+01 -1.303843e+01 2.301922e+01
      vertex   -6.425882e+01 -1.050000e+01 2.303407e+01
      vertex   -6.409802e+01 -1.300963e+01 2.300482e+01
    endloop
  endfacet
  facet normal -4.906767e-02 0.000000e+00 -9.987955e-01
    outer loop
      vertex   -6.409802e+01 -3.490369e+00 2.300482e+01
      vertex   -6.400000e+01 -3.500000e+00 2.300000e+01
      vertex   -6.400000e+01 -1.300000e+01 2.300000e+01
    endloop
  endfacet
  facet normal -3.826834e-01 0.000000e+00 -9.238795e-01
    outer loop
      vertex   -6.450000e+01 -6.000000e+00 2.313397e+01
      vertex   -6.425882e+01 -6.000000e+00 2.303407e+01
      vertex   -6.425882e+01 -1.050000e+01 2.303407e+01
    endloop
  endfacet
  facet normal -6.087614e-01 0.000000e+00 -7.933533e-01
    outer loop
      vertex   -6.470711e+01 -6.000000e+00 2.329289e+01
      vertex   -6.450000e+01 -6.000000e+00 2.313397e+01
      vertex   -6.450000e+01 -1.050000e+01 2.313397e+01
    endloop
  endfacet
  facet normal -3.826834e-01 0.000000e+00 -9.238795e-01
    outer loop
      vertex   -6.450000e+01 -1.050000e+01 2.313397e+01
      vertex   -6.450000e+01 -6.000000e+00 2.313397e+01
      vertex   -6.425882e+01 -1.050000e+01 2.303407e+01
    endloop
  endfacet
  facet normal -7.933533e-01 0.000000e+00 -6.087614e-01
    outer loop
      vertex   -6.486603e+01 -6.000000e+00 2.350000e+01
      vertex   -6.470711e+01 -6.000000e+00 2.329289e+01
      vertex   -6.470711e+01 -1.050000e+01 2.329289e+01
    endloop
  endfacet
  facet normal -6.087614e-01 0.000000e+00 -7.933533e-01
    outer loop
      vertex   -6.470711e+01 -1.050000e+01 2.329289e+01
      vertex   -6.470711e+01 -6.000000e+00 2.329289e+01
      vertex   -6.450000e+01 -1.050000e+01 2.313397e+01
    endloop
  endfacet
  facet normal -9.238795e-01 0.000000e+00 -3.826834e-01
    outer loop
      vertex   -6.496593e+01 -6.000000e+00 2.374118e+01
      vertex   -6.486603e+01 -6.000000e+00 2.350000e+01
      vertex   -6.486603e+01 -1.050000e+01 2.350000e+01
    endloop
  endfacet
  facet normal -7.933533e-01 0.000000e+00 -6.087614e-01
    outer loop
      vertex   -6.486603e+01 -1.050000e+01 2.350000e+01
      vertex   -6.486603e+01 -6.000000e+00 2.350000e+01
      vertex   -6.470711e+01 -1.050000e+01 2.329289e+01
    endloop
  endfacet
  facet normal -9.238795e-01 0.000000e+00 -3.826834e-01
    outer loop
      vertex   -6.496593e+01 -1.050000e+01 2.374118e+01
      vertex   -6.496593e+01 -6.000000e+00 2.374118e+01
      vertex   -6.486603e+01 -1.050000e+01 2.350000e+01
    endloop
  endfacet
  facet normal -5.571436e-02 -9.960585e-01 -6.901669e-02
    outer loop
      vertex   -6.409802e+01 -2.495185e+00 2.200963e+01
      vertex   -6.400000e+01 -2.500000e+00 2.200000e+01
      vertex   -6.410360e+01 -2.504866e+00 2.215386e+01
    endloop
  endfacet
  facet normal -1.457088e-01 -9.808637e-01 -1.291332e-01
    outer loop
      vertex   -6.410360e+01 -2.504866e+00 2.215386e+01
      vertex   -6.400000e+01 -2.500000e+00 2.200000e+01
      vertex   -6.400000e+01 -2.534074e+00 2.225882e+01
    endloop
  endfacet
  facet normal -5.303597e-02 -9.743295e-01 -2.187903e-01
    outer loop
      vertex   -6.410360e+01 -2.504866e+00 2.215386e+01
      vertex   -6.400000e+01 -2.534074e+00 2.225882e+01
      vertex   -6.409105e+01 -2.536290e+00 2.229076e+01
    endloop
  endfacet
  facet normal -1.072064e-01 -9.229662e-01 -3.696486e-01
    outer loop
      vertex   -6.409105e+01 -2.536290e+00 2.229076e+01
      vertex   -6.400000e+01 -2.534074e+00 2.225882e+01
      vertex   -6.407879e+01 -2.607472e+00 2.246493e+01
    endloop
  endfacet
  facet normal -2.407474e-01 -9.042710e-01 -3.526112e-01
    outer loop
      vertex   -6.409105e+01 -2.536290e+00 2.229076e+01
      vertex   -6.407879e+01 -2.607472e+00 2.246493e+01
      vertex   -6.418573e+01 -2.522828e+00 2.232088e+01
    endloop
  endfacet
  facet normal -2.219033e-01 -9.036709e-01 -3.662482e-01
    outer loop
      vertex   -6.418573e+01 -2.522828e+00 2.232088e+01
      vertex   -6.407879e+01 -2.607472e+00 2.246493e+01
      vertex   -6.416367e+01 -2.595861e+00 2.248771e+01
    endloop
  endfacet
  facet normal -3.852558e-01 -8.629925e-01 -3.268362e-01
    outer loop
      vertex   -6.418573e+01 -2.522828e+00 2.232088e+01
      vertex   -6.416367e+01 -2.595861e+00 2.248771e+01
      vertex   -6.428373e+01 -2.498485e+00 2.237212e+01
    endloop
  endfacet
  facet normal -3.638421e-01 -8.634282e-01 -3.494434e-01
    outer loop
      vertex   -6.428373e+01 -2.498485e+00 2.237212e+01
      vertex   -6.416367e+01 -2.595861e+00 2.248771e+01
      vertex   -6.425485e+01 -2.573668e+00 2.252782e+01
    endloop
  endfacet
  facet normal -5.120868e-01 -8.068258e-01 -2.946171e-01
    outer loop
      vertex   -6.428373e+01 -2.498485e+00 2.237212e+01
      vertex   -6.425485e+01 -2.573668e+00 2.252782e+01
      vertex   -6.438379e+01 -2.461637e+00 2.244512e+01
    endloop
  endfacet
  facet normal -4.938279e-01 -8.071401e-01 -3.235102e-01
    outer loop
      vertex   -6.438379e+01 -2.461637e+00 2.244512e+01
      vertex   -6.425485e+01 -2.573668e+00 2.252782e+01
      vertex   -6.435119e+01 -2.538427e+00 2.258695e+01
    endloop
  endfacet
  facet normal -6.351904e-01 -7.308678e-01 -2.497307e-01
    outer loop
      vertex   -6.438379e+01 -2.461637e+00 2.244512e+01
      vertex   -6.435119e+01 -2.538427e+00 2.258695e+01
      vertex   -6.451985e+01 -2.389229e+00 2.257928e+01
    endloop
  endfacet
  facet normal -6.265950e-01 -7.232399e-01 -2.903495e-01
    outer loop
      vertex   -6.451985e+01 -2.389229e+00 2.257928e+01
      vertex   -6.435119e+01 -2.538427e+00 2.258695e+01
      vertex   -6.448733e+01 -2.465834e+00 2.269992e+01
    endloop
  endfacet
  facet normal -7.477877e-01 -6.329804e-01 -2.003730e-01
    outer loop
      vertex   -6.451985e+01 -2.389229e+00 2.257928e+01
      vertex   -6.448733e+01 -2.465834e+00 2.269992e+01
      vertex   -6.465259e+01 -2.287995e+00 2.275488e+01
    endloop
  endfacet
  facet normal -7.467667e-01 -6.179794e-01 -2.458474e-01
    outer loop
      vertex   -6.465259e+01 -2.287995e+00 2.275488e+01
      vertex   -6.448733e+01 -2.465834e+00 2.269992e+01
      vertex   -6.462540e+01 -2.360128e+00 2.285359e+01
    endloop
  endfacet
  facet normal -8.287543e-01 -5.353776e-01 -1.629020e-01
    outer loop
      vertex   -6.465259e+01 -2.287995e+00 2.275488e+01
      vertex   -6.462540e+01 -2.360128e+00 2.285359e+01
      vertex   -6.474646e+01 -2.191537e+00 2.291544e+01
    endloop
  endfacet
  facet normal -8.291256e-01 -5.214620e-01 -2.015644e-01
    outer loop
      vertex   -6.474646e+01 -2.191537e+00 2.291544e+01
      vertex   -6.462540e+01 -2.360128e+00 2.285359e+01
      vertex   -6.472508e+01 -2.257213e+00 2.299739e+01
    endloop
  endfacet
  facet normal -8.838403e-01 -4.494758e-01 -1.296064e-01
    outer loop
      vertex   -6.474646e+01 -2.191537e+00 2.291544e+01
      vertex   -6.472508e+01 -2.257213e+00 2.299739e+01
      vertex   -6.482931e+01 -2.080503e+00 2.309537e+01
    endloop
  endfacet
  facet normal -8.869903e-01 -4.303755e-01 -1.674070e-01
    outer loop
      vertex   -6.482931e+01 -2.080503e+00 2.309537e+01
      vertex   -6.472508e+01 -2.257213e+00 2.299739e+01
      vertex   -6.481415e+01 -2.137253e+00 2.316092e+01
    endloop
  endfacet
  facet normal -9.286006e-01 -3.585544e-01 -9.560196e-02
    outer loop
      vertex   -6.482931e+01 -2.080503e+00 2.309537e+01
      vertex   -6.481415e+01 -2.137253e+00 2.316092e+01
      vertex   -6.490184e+01 -1.948509e+00 2.330475e+01
    endloop
  endfacet
  facet normal -9.336591e-01 -3.327158e-01 -1.325932e-01
    outer loop
      vertex   -6.490184e+01 -1.948509e+00 2.330475e+01
      vertex   -6.481415e+01 -2.137253e+00 2.316092e+01
      vertex   -6.489276e+01 -1.993350e+00 2.335337e+01
    endloop
  endfacet
  facet normal -9.625906e-01 -2.634579e-01 -6.331846e-02
    outer loop
      vertex   -6.490184e+01 -1.948509e+00 2.330475e+01
      vertex   -6.489276e+01 -1.993350e+00 2.335337e+01
      vertex   -6.495571e+01 -1.805404e+00 2.352839e+01
    endloop
  endfacet
  facet normal -9.675854e-01 -2.326878e-01 -9.815794e-02
    outer loop
      vertex   -6.495571e+01 -1.805404e+00 2.352839e+01
      vertex   -6.489276e+01 -1.993350e+00 2.335337e+01
      vertex   -6.495152e+01 -1.836408e+00 2.356052e+01
    endloop
  endfacet
  facet normal -9.855020e-01 -1.666072e-01 -3.206022e-02
    outer loop
      vertex   -6.495571e+01 -1.805404e+00 2.352839e+01
      vertex   -6.495152e+01 -1.836408e+00 2.356052e+01
      vertex   -6.498879e+01 -1.654637e+00 2.376175e+01
    endloop
  endfacet
  facet normal -9.891745e-01 -1.320916e-01 -6.391896e-02
    outer loop
      vertex   -6.498879e+01 -1.654637e+00 2.376175e+01
      vertex   -6.495152e+01 -1.836408e+00 2.356052e+01
      vertex   -6.498771e+01 -1.670474e+00 2.377773e+01
    endloop
  endfacet
  facet normal -9.975598e-01 -6.979798e-02 -1.616397e-03
    outer loop
      vertex   -6.498879e+01 -1.654637e+00 2.376175e+01
      vertex   -6.498771e+01 -1.670474e+00 2.377773e+01
      vertex   -6.500000e+01 -1.500000e+00 2.400000e+01
    endloop
  endfacet
  facet normal -1.390889e-01 -9.148993e-01 -3.789637e-01
    outer loop
      vertex   -6.400000e+01 -2.534074e+00 2.225882e+01
      vertex   -6.400000e+01 -2.633975e+00 2.250000e+01
      vertex   -6.407879e+01 -2.607472e+00 2.246493e+01
    endloop
  endfacet
  facet normal -4.036724e-02 -8.386570e-01 -5.431620e-01
    outer loop
      vertex   -6.407879e+01 -2.607472e+00 2.246493e+01
      vertex   -6.400000e+01 -2.633975e+00 2.250000e+01
      vertex   -6.407220e+01 -2.710114e+00 2.262293e+01
    endloop
  endfacet
  facet normal -2.512142e-01 -8.164317e-01 -5.199333e-01
    outer loop
      vertex   -6.407879e+01 -2.607472e+00 2.246493e+01
      vertex   -6.407220e+01 -2.710114e+00 2.262293e+01
      vertex   -6.416367e+01 -2.595861e+00 2.248771e+01
    endloop
  endfacet
  facet normal -2.398108e-01 -8.154481e-01 -5.268160e-01
    outer loop
      vertex   -6.416367e+01 -2.595861e+00 2.248771e+01
      vertex   -6.407220e+01 -2.710114e+00 2.262293e+01
      vertex   -6.415183e+01 -2.697648e+00 2.263988e+01
    endloop
  endfacet
  facet normal -4.028199e-01 -7.749427e-01 -4.870318e-01
    outer loop
      vertex   -6.416367e+01 -2.595861e+00 2.248771e+01
      vertex   -6.415183e+01 -2.697648e+00 2.263988e+01
      vertex   -6.425485e+01 -2.573668e+00 2.252782e+01
    endloop
  endfacet
  facet normal -3.894797e-01 -7.743669e-01 -4.986596e-01
    outer loop
      vertex   -6.425485e+01 -2.573668e+00 2.252782e+01
      vertex   -6.415183e+01 -2.697648e+00 2.263988e+01
      vertex   -6.423937e+01 -2.673671e+00 2.267102e+01
    endloop
  endfacet
  facet normal -5.353407e-01 -7.185694e-01 -4.439237e-01
    outer loop
      vertex   -6.425485e+01 -2.573668e+00 2.252782e+01
      vertex   -6.423937e+01 -2.673671e+00 2.267102e+01
      vertex   -6.435119e+01 -2.538427e+00 2.258695e+01
    endloop
  endfacet
  facet normal -5.233455e-01 -7.179787e-01 -4.589293e-01
    outer loop
      vertex   -6.435119e+01 -2.538427e+00 2.258695e+01
      vertex   -6.423937e+01 -2.673671e+00 2.267102e+01
      vertex   -6.433374e+01 -2.635418e+00 2.271879e+01
    endloop
  endfacet
  facet normal -6.622947e-01 -6.426777e-01 -3.851378e-01
    outer loop
      vertex   -6.435119e+01 -2.538427e+00 2.258695e+01
      vertex   -6.433374e+01 -2.635418e+00 2.271879e+01
      vertex   -6.448733e+01 -2.465834e+00 2.269992e+01
    endloop
  endfacet
  facet normal -6.542847e-01 -6.377857e-01 -4.063755e-01
    outer loop
      vertex   -6.448733e+01 -2.465834e+00 2.269992e+01
      vertex   -6.433374e+01 -2.635418e+00 2.271879e+01
      vertex   -6.446995e+01 -2.556291e+00 2.281392e+01
    endloop
  endfacet
  facet normal -7.734229e-01 -5.486534e-01 -3.174846e-01
    outer loop
      vertex   -6.448733e+01 -2.465834e+00 2.269992e+01
      vertex   -6.446995e+01 -2.556291e+00 2.281392e+01
      vertex   -6.462540e+01 -2.360128e+00 2.285359e+01
    endloop
  endfacet
  facet normal -7.689885e-01 -5.402257e-01 -3.417789e-01
    outer loop
      vertex   -6.462540e+01 -2.360128e+00 2.285359e+01
      vertex   -6.446995e+01 -2.556291e+00 2.281392e+01
      vertex   -6.461090e+01 -2.440722e+00 2.294836e+01
    endloop
  endfacet
  facet normal -8.494413e-01 -4.589744e-01 -2.603690e-01
    outer loop
      vertex   -6.462540e+01 -2.360128e+00 2.285359e+01
      vertex   -6.461090e+01 -2.440722e+00 2.294836e+01
      vertex   -6.472508e+01 -2.257213e+00 2.299739e+01
    endloop
  endfacet
  facet normal -8.466739e-01 -4.516450e-01 -2.813539e-01
    outer loop
      vertex   -6.472508e+01 -2.257213e+00 2.299739e+01
      vertex   -6.461090e+01 -2.440722e+00 2.294836e+01
      vertex   -6.471370e+01 -2.328113e+00 2.307696e+01
    endloop
  endfacet
  facet normal -9.002053e-01 -3.810484e-01 -2.107902e-01
    outer loop
      vertex   -6.472508e+01 -2.257213e+00 2.299739e+01
      vertex   -6.471370e+01 -2.328113e+00 2.307696e+01
      vertex   -6.481415e+01 -2.137253e+00 2.316092e+01
    endloop
  endfacet
  facet normal -8.991500e-01 -3.713441e-01 -2.315878e-01
    outer loop
      vertex   -6.481415e+01 -2.137253e+00 2.316092e+01
      vertex   -6.471370e+01 -2.328113e+00 2.307696e+01
      vertex   -6.480609e+01 -2.196848e+00 2.322519e+01
    endloop
  endfacet
  facet normal -9.404970e-01 -2.997604e-01 -1.600286e-01
    outer loop
      vertex   -6.481415e+01 -2.137253e+00 2.316092e+01
      vertex   -6.480609e+01 -2.196848e+00 2.322519e+01
      vertex   -6.489276e+01 -1.993350e+00 2.335337e+01
    endloop
  endfacet
  facet normal -9.407760e-01 -2.868776e-01 -1.806703e-01
    outer loop
      vertex   -6.489276e+01 -1.993350e+00 2.335337e+01
      vertex   -6.480609e+01 -2.196848e+00 2.322519e+01
      vertex   -6.488795e+01 -2.039420e+00 2.340144e+01
    endloop
  endfacet
  facet normal -9.698828e-01 -2.169436e-01 -1.107377e-01
    outer loop
      vertex   -6.489276e+01 -1.993350e+00 2.335337e+01
      vertex   -6.488795e+01 -2.039420e+00 2.340144e+01
      vertex   -6.495152e+01 -1.836408e+00 2.356052e+01
    endloop
  endfacet
  facet normal -9.707094e-01 -2.017631e-01 -1.304414e-01
    outer loop
      vertex   -6.495152e+01 -1.836408e+00 2.356052e+01
      vertex   -6.488795e+01 -2.039420e+00 2.340144e+01
      vertex   -6.494929e+01 -1.867780e+00 2.359249e+01
    endloop
  endfacet
  facet normal -9.890243e-01 -1.338642e-01 -6.253974e-02
    outer loop
      vertex   -6.495152e+01 -1.836408e+00 2.356052e+01
      vertex   -6.494929e+01 -1.867780e+00 2.359249e+01
      vertex   -6.498771e+01 -1.670474e+00 2.377773e+01
    endloop
  endfacet
  facet normal -9.898530e-01 -1.168965e-01 -8.078500e-02
    outer loop
      vertex   -6.498771e+01 -1.670474e+00 2.377773e+01
      vertex   -6.494929e+01 -1.867780e+00 2.359249e+01
      vertex   -6.498714e+01 -1.686359e+00 2.379369e+01
    endloop
  endfacet
  facet normal -9.985424e-01 -5.168000e-02 -1.556646e-02
    outer loop
      vertex   -6.498771e+01 -1.670474e+00 2.377773e+01
      vertex   -6.498714e+01 -1.686359e+00 2.379369e+01
      vertex   -6.500000e+01 -1.500000e+00 2.400000e+01
    endloop
  endfacet
  facet normal -1.959476e-01 -7.779737e-01 -5.969602e-01
    outer loop
      vertex   -6.400000e+01 -2.633975e+00 2.250000e+01
      vertex   -6.400000e+01 -2.792893e+00 2.270711e+01
      vertex   -6.407220e+01 -2.710114e+00 2.262293e+01
    endloop
  endfacet
  facet normal -2.452528e-02 -7.232334e-01 -6.901681e-01
    outer loop
      vertex   -6.407220e+01 -2.710114e+00 2.262293e+01
      vertex   -6.400000e+01 -2.792893e+00 2.270711e+01
      vertex   -6.407147e+01 -2.840349e+00 2.275938e+01
    endloop
  endfacet
  facet normal -2.517962e-01 -7.007584e-01 -6.674851e-01
    outer loop
      vertex   -6.407220e+01 -2.710114e+00 2.262293e+01
      vertex   -6.407147e+01 -2.840349e+00 2.275938e+01
      vertex   -6.415183e+01 -2.697648e+00 2.263988e+01
    endloop
  endfacet
  facet normal -2.504304e-01 -7.005779e-01 -6.681880e-01
    outer loop
      vertex   -6.415183e+01 -2.697648e+00 2.263988e+01
      vertex   -6.407147e+01 -2.840349e+00 2.275938e+01
      vertex   -6.415050e+01 -2.824579e+00 2.277246e+01
    endloop
  endfacet
  facet normal -4.055111e-01 -6.623139e-01 -6.300008e-01
    outer loop
      vertex   -6.415183e+01 -2.697648e+00 2.263988e+01
      vertex   -6.415050e+01 -2.824579e+00 2.277246e+01
      vertex   -6.423937e+01 -2.673671e+00 2.267102e+01
    endloop
  endfacet
  facet normal -4.038595e-01 -6.621614e-01 -6.312209e-01
    outer loop
      vertex   -6.423937e+01 -2.673671e+00 2.267102e+01
      vertex   -6.415050e+01 -2.824579e+00 2.277246e+01
      vertex   -6.423763e+01 -2.795277e+00 2.279747e+01
    endloop
  endfacet
  facet normal -5.405490e-01 -6.101097e-01 -5.792865e-01
    outer loop
      vertex   -6.423937e+01 -2.673671e+00 2.267102e+01
      vertex   -6.423763e+01 -2.795277e+00 2.279747e+01
      vertex   -6.433374e+01 -2.635418e+00 2.271879e+01
    endloop
  endfacet
  facet normal -5.389922e-01 -6.099628e-01 -5.808897e-01
    outer loop
      vertex   -6.433374e+01 -2.635418e+00 2.271879e+01
      vertex   -6.423763e+01 -2.795277e+00 2.279747e+01
      vertex   -6.433178e+01 -2.749884e+00 2.283717e+01
    endloop
  endfacet
  facet normal -6.697615e-01 -5.393335e-01 -5.104301e-01
    outer loop
      vertex   -6.433374e+01 -2.635418e+00 2.271879e+01
      vertex   -6.433178e+01 -2.749884e+00 2.283717e+01
      vertex   -6.446995e+01 -2.556291e+00 2.281392e+01
    endloop
  endfacet
  facet normal -6.685032e-01 -5.387117e-01 -5.127311e-01
    outer loop
      vertex   -6.446995e+01 -2.556291e+00 2.281392e+01
      vertex   -6.433178e+01 -2.749884e+00 2.283717e+01
      vertex   -6.446800e+01 -2.658606e+00 2.291887e+01
    endloop
  endfacet
  facet normal -7.811079e-01 -4.542983e-01 -4.283498e-01
    outer loop
      vertex   -6.446995e+01 -2.556291e+00 2.281392e+01
      vertex   -6.446800e+01 -2.658606e+00 2.291887e+01
      vertex   -6.461090e+01 -2.440722e+00 2.294836e+01
    endloop
  endfacet
  facet normal -7.801859e-01 -4.533283e-01 -4.310493e-01
    outer loop
      vertex   -6.461090e+01 -2.440722e+00 2.294836e+01
      vertex   -6.446800e+01 -2.658606e+00 2.291887e+01
      vertex   -6.460927e+01 -2.528485e+00 2.303771e+01
    endloop
  endfacet
  facet normal -8.558870e-01 -3.766660e-01 -3.543730e-01
    outer loop
      vertex   -6.461090e+01 -2.440722e+00 2.294836e+01
      vertex   -6.460927e+01 -2.528485e+00 2.303771e+01
      vertex   -6.471370e+01 -2.328113e+00 2.307696e+01
    endloop
  endfacet
  facet normal -8.552494e-01 -3.758677e-01 -3.567520e-01
    outer loop
      vertex   -6.471370e+01 -2.328113e+00 2.307696e+01
      vertex   -6.460927e+01 -2.528485e+00 2.303771e+01
      vertex   -6.471242e+01 -2.403411e+00 2.315323e+01
    endloop
  endfacet
  facet normal -9.055014e-01 -3.094590e-01 -2.903487e-01
    outer loop
      vertex   -6.471370e+01 -2.328113e+00 2.307696e+01
      vertex   -6.471242e+01 -2.403411e+00 2.315323e+01
      vertex   -6.480609e+01 -2.196848e+00 2.322519e+01
    endloop
  endfacet
  facet normal -9.050797e-01 -3.084328e-01 -2.927455e-01
    outer loop
      vertex   -6.480609e+01 -2.196848e+00 2.322519e+01
      vertex   -6.471242e+01 -2.403411e+00 2.315323e+01
      vertex   -6.480519e+01 -2.258822e+00 2.328769e+01
    endloop
  endfacet
  facet normal -9.445116e-01 -2.399783e-01 -2.242952e-01
    outer loop
      vertex   -6.480609e+01 -2.196848e+00 2.322519e+01
      vertex   -6.480519e+01 -2.258822e+00 2.328769e+01
      vertex   -6.488795e+01 -2.039420e+00 2.340144e+01
    endloop
  endfacet
  facet normal -9.442745e-01 -2.386348e-01 -2.267139e-01
    outer loop
      vertex   -6.488795e+01 -2.039420e+00 2.340144e+01
      vertex   -6.480519e+01 -2.258822e+00 2.328769e+01
      vertex   -6.488741e+01 -2.086513e+00 2.344876e+01
    endloop
  endfacet
  facet normal -9.724242e-01 -1.707628e-01 -1.588432e-01
    outer loop
      vertex   -6.488795e+01 -2.039420e+00 2.340144e+01
      vertex   -6.488741e+01 -2.086513e+00 2.344876e+01
      vertex   -6.494929e+01 -1.867780e+00 2.359249e+01
    endloop
  endfacet
  facet normal -9.723133e-01 -1.691915e-01 -1.611867e-01
    outer loop
      vertex   -6.494929e+01 -1.867780e+00 2.359249e+01
      vertex   -6.488741e+01 -2.086513e+00 2.344876e+01
      vertex   -6.494904e+01 -1.899459e+00 2.362424e+01
    endloop
  endfacet
  facet normal -9.903018e-01 -1.021610e-01 -9.415665e-02
    outer loop
      vertex   -6.494929e+01 -1.867780e+00 2.359249e+01
      vertex   -6.494904e+01 -1.899459e+00 2.362424e+01
      vertex   -6.498714e+01 -1.686359e+00 2.379369e+01
    endloop
  endfacet
  facet normal -9.902697e-01 -1.004075e-01 -9.635472e-02
    outer loop
      vertex   -6.498714e+01 -1.686359e+00 2.379369e+01
      vertex   -6.494904e+01 -1.899459e+00 2.362424e+01
      vertex   -6.498707e+01 -1.702282e+00 2.380962e+01
    endloop
  endfacet
  facet normal -9.989181e-01 -3.484724e-02 -3.079461e-02
    outer loop
      vertex   -6.498714e+01 -1.686359e+00 2.379369e+01
      vertex   -6.498707e+01 -1.702282e+00 2.380962e+01
      vertex   -6.500000e+01 -1.500000e+00 2.400000e+01
    endloop
  endfacet
  facet normal -1.733432e-01 -5.995457e-01 -7.813431e-01
    outer loop
      vertex   -6.400000e+01 -2.792893e+00 2.270711e+01
      vertex   -6.400000e+01 -3.000000e+00 2.286603e+01
      vertex   -6.407147e+01 -2.840349e+00 2.275938e+01
    endloop
  endfacet
  facet normal -8.649320e-02 -5.798779e-01 -8.100991e-01
    outer loop
      vertex   -6.407147e+01 -2.840349e+00 2.275938e+01
      vertex   -6.400000e+01 -3.000000e+00 2.286603e+01
      vertex   -6.407657e+01 -2.993355e+00 2.286944e+01
    endloop
  endfacet
  facet normal -2.429802e-01 -5.611106e-01 -7.912746e-01
    outer loop
      vertex   -6.407147e+01 -2.840349e+00 2.275938e+01
      vertex   -6.407657e+01 -2.993355e+00 2.286944e+01
      vertex   -6.415050e+01 -2.824579e+00 2.277246e+01
    endloop
  endfacet
  facet normal -2.527837e-01 -5.629017e-01 -7.869194e-01
    outer loop
      vertex   -6.415050e+01 -2.824579e+00 2.277246e+01
      vertex   -6.407657e+01 -2.993355e+00 2.286944e+01
      vertex   -6.415968e+01 -2.972215e+00 2.288102e+01
    endloop
  endfacet
  facet normal -3.936322e-01 -5.285499e-01 -7.521228e-01
    outer loop
      vertex   -6.415050e+01 -2.824579e+00 2.277246e+01
      vertex   -6.415968e+01 -2.972215e+00 2.288102e+01
      vertex   -6.423763e+01 -2.795277e+00 2.279747e+01
    endloop
  endfacet
  facet normal -4.059965e-01 -5.302942e-01 -7.442815e-01
    outer loop
      vertex   -6.423763e+01 -2.795277e+00 2.279747e+01
      vertex   -6.415968e+01 -2.972215e+00 2.288102e+01
      vertex   -6.424964e+01 -2.934613e+00 2.290330e+01
    endloop
  endfacet
  facet normal -5.277309e-01 -4.844401e-01 -6.977234e-01
    outer loop
      vertex   -6.423763e+01 -2.795277e+00 2.279747e+01
      vertex   -6.424964e+01 -2.934613e+00 2.290330e+01
      vertex   -6.433178e+01 -2.749884e+00 2.283717e+01
    endloop
  endfacet
  facet normal -5.399616e-01 -4.860890e-01 -6.871382e-01
    outer loop
      vertex   -6.433178e+01 -2.749884e+00 2.283717e+01
      vertex   -6.424964e+01 -2.934613e+00 2.290330e+01
      vertex   -6.434532e+01 -2.878623e+00 2.293888e+01
    endloop
  endfacet
  facet normal -6.574957e-01 -4.233025e-01 -6.233092e-01
    outer loop
      vertex   -6.433178e+01 -2.749884e+00 2.283717e+01
      vertex   -6.434532e+01 -2.878623e+00 2.293888e+01
      vertex   -6.446800e+01 -2.658606e+00 2.291887e+01
    endloop
  endfacet
  facet normal -6.687377e-01 -4.281645e-01 -6.078363e-01
    outer loop
      vertex   -6.446800e+01 -2.658606e+00 2.291887e+01
      vertex   -6.434532e+01 -2.878623e+00 2.293888e+01
      vertex   -6.448148e+01 -2.770528e+00 2.301254e+01
    endloop
  endfacet
  facet normal -7.708143e-01 -3.517121e-01 -5.311722e-01
    outer loop
      vertex   -6.446800e+01 -2.658606e+00 2.291887e+01
      vertex   -6.448148e+01 -2.770528e+00 2.301254e+01
      vertex   -6.460927e+01 -2.528485e+00 2.303771e+01
    endloop
  endfacet
  facet normal -7.801548e-01 -3.585724e-01 -5.126249e-01
    outer loop
      vertex   -6.460927e+01 -2.528485e+00 2.303771e+01
      vertex   -6.448148e+01 -2.770528e+00 2.301254e+01
      vertex   -6.462052e+01 -2.622015e+00 2.312025e+01
    endloop
  endfacet
  facet normal -8.480718e-01 -2.896113e-01 -4.437337e-01
    outer loop
      vertex   -6.460927e+01 -2.528485e+00 2.303771e+01
      vertex   -6.462052e+01 -2.622015e+00 2.312025e+01
      vertex   -6.471242e+01 -2.403411e+00 2.315323e+01
    endloop
  endfacet
  facet normal -8.547596e-01 -2.949353e-01 -4.270822e-01
    outer loop
      vertex   -6.471242e+01 -2.403411e+00 2.315323e+01
      vertex   -6.462052e+01 -2.622015e+00 2.312025e+01
      vertex   -6.472125e+01 -2.482227e+00 2.322533e+01
    endloop
  endfacet
  facet normal -8.997135e-01 -2.354363e-01 -3.675396e-01
    outer loop
      vertex   -6.471242e+01 -2.403411e+00 2.315323e+01
      vertex   -6.472125e+01 -2.482227e+00 2.322533e+01
      vertex   -6.480519e+01 -2.258822e+00 2.328769e+01
    endloop
  endfacet
  facet normal -9.047319e-01 -2.420745e-01 -3.505140e-01
    outer loop
      vertex   -6.480519e+01 -2.258822e+00 2.328769e+01
      vertex   -6.472125e+01 -2.482227e+00 2.322533e+01
      vertex   -6.481144e+01 -2.322690e+00 2.334793e+01
    endloop
  endfacet
  facet normal -9.406355e-01 -1.796030e-01 -2.880061e-01
    outer loop
      vertex   -6.480519e+01 -2.258822e+00 2.328769e+01
      vertex   -6.481144e+01 -2.322690e+00 2.334793e+01
      vertex   -6.488741e+01 -2.086513e+00 2.344876e+01
    endloop
  endfacet
  facet normal -9.441311e-01 -1.881714e-01 -2.705699e-01
    outer loop
      vertex   -6.488741e+01 -2.086513e+00 2.344876e+01
      vertex   -6.481144e+01 -2.322690e+00 2.334793e+01
      vertex   -6.489114e+01 -2.134417e+00 2.349511e+01
    endloop
  endfacet
  facet normal -9.702121e-01 -1.250837e-01 -2.074670e-01
    outer loop
      vertex   -6.488741e+01 -2.086513e+00 2.344876e+01
      vertex   -6.489114e+01 -2.134417e+00 2.349511e+01
      vertex   -6.494904e+01 -1.899459e+00 2.362424e+01
    endloop
  endfacet
  facet normal -9.723858e-01 -1.350251e-01 -1.903524e-01
    outer loop
      vertex   -6.494904e+01 -1.899459e+00 2.362424e+01
      vertex   -6.489114e+01 -2.134417e+00 2.349511e+01
      vertex   -6.495077e+01 -1.931379e+00 2.365569e+01
    endloop
  endfacet
  facet normal -9.893367e-01 -7.154367e-02 -1.268636e-01
    outer loop
      vertex   -6.494904e+01 -1.899459e+00 2.362424e+01
      vertex   -6.495077e+01 -1.931379e+00 2.365569e+01
      vertex   -6.498707e+01 -1.702282e+00 2.380962e+01
    endloop
  endfacet
  facet normal -9.904213e-01 -8.262142e-02 -1.106317e-01
    outer loop
      vertex   -6.498707e+01 -1.702282e+00 2.380962e+01
      vertex   -6.495077e+01 -1.931379e+00 2.365569e+01
      vertex   -6.498752e+01 -1.718236e+00 2.382551e+01
    endloop
  endfacet
  facet normal -9.986942e-01 -1.929578e-02 -4.730299e-02
    outer loop
      vertex   -6.498707e+01 -1.702282e+00 2.380962e+01
      vertex   -6.498752e+01 -1.718236e+00 2.382551e+01
      vertex   -6.500000e+01 -1.500000e+00 2.400000e+01
    endloop
  endfacet
  facet normal -7.837129e-02 -4.437804e-01 -8.927020e-01
    outer loop
      vertex   -6.407657e+01 -2.993355e+00 2.286944e+01
      vertex   -6.400000e+01 -3.000000e+00 2.286603e+01
      vertex   -6.408332e+01 -3.107296e+00 2.292668e+01
    endloop
  endfacet
  facet normal -1.769077e-01 -3.766475e-01 -9.093076e-01
    outer loop
      vertex   -6.408332e+01 -3.107296e+00 2.292668e+01
      vertex   -6.400000e+01 -3.000000e+00 2.286603e+01
      vertex   -6.400000e+01 -3.241181e+00 2.296593e+01
    endloop
  endfacet
  facet normal -3.066655e-02 -2.986935e-01 -9.538562e-01
    outer loop
      vertex   -6.408332e+01 -3.107296e+00 2.292668e+01
      vertex   -6.400000e+01 -3.241181e+00 2.296593e+01
      vertex   -6.409844e+01 -3.292893e+00 2.298528e+01
    endloop
  endfacet
  facet normal -1.254043e-01 -1.294958e-01 -9.836181e-01
    outer loop
      vertex   -6.409844e+01 -3.292893e+00 2.298528e+01
      vertex   -6.400000e+01 -3.241181e+00 2.296593e+01
      vertex   -6.400000e+01 -3.500000e+00 2.300000e+01
    endloop
  endfacet
  facet normal -5.847026e-02 -9.837988e-02 -9.934297e-01
    outer loop
      vertex   -6.409844e+01 -3.292893e+00 2.298528e+01
      vertex   -6.400000e+01 -3.500000e+00 2.300000e+01
      vertex   -6.409802e+01 -3.490369e+00 2.300482e+01
    endloop
  endfacet
  facet normal -1.742151e-01 -9.728632e-02 -9.798900e-01
    outer loop
      vertex   -6.409802e+01 -3.490369e+00 2.300482e+01
      vertex   -6.419509e+01 -3.461571e+00 2.301922e+01
      vertex   -6.409844e+01 -3.292893e+00 2.298528e+01
    endloop
  endfacet
  facet normal -1.797860e-01 -9.395704e-02 -9.792084e-01
    outer loop
      vertex   -6.409844e+01 -3.292893e+00 2.298528e+01
      vertex   -6.419509e+01 -3.461571e+00 2.301922e+01
      vertex   -6.419906e+01 -3.259051e+00 2.300051e+01
    endloop
  endfacet
  facet normal -2.368982e-01 -2.866913e-01 -9.282711e-01
    outer loop
      vertex   -6.409844e+01 -3.292893e+00 2.298528e+01
      vertex   -6.419906e+01 -3.259051e+00 2.300051e+01
      vertex   -6.417182e+01 -3.081555e+00 2.293874e+01
    endloop
  endfacet
  facet normal -3.423605e-01 -2.615194e-01 -9.024394e-01
    outer loop
      vertex   -6.417182e+01 -3.081555e+00 2.293874e+01
      vertex   -6.419906e+01 -3.259051e+00 2.300051e+01
      vertex   -6.426551e+01 -3.036950e+00 2.296136e+01
    endloop
  endfacet
  facet normal -3.928235e-01 -4.069452e-01 -8.246729e-01
    outer loop
      vertex   -6.417182e+01 -3.081555e+00 2.293874e+01
      vertex   -6.426551e+01 -3.036950e+00 2.296136e+01
      vertex   -6.424964e+01 -2.934613e+00 2.290330e+01
    endloop
  endfacet
  facet normal -5.046905e-01 -3.654585e-01 -7.821301e-01
    outer loop
      vertex   -6.424964e+01 -2.934613e+00 2.290330e+01
      vertex   -6.426551e+01 -3.036950e+00 2.296136e+01
      vertex   -6.434532e+01 -2.878623e+00 2.293888e+01
    endloop
  endfacet
  facet normal -2.858180e-01 -9.367770e-02 -9.536942e-01
    outer loop
      vertex   -6.419509e+01 -3.461571e+00 2.301922e+01
      vertex   -6.429028e+01 -3.413881e+00 2.304306e+01
      vertex   -6.419906e+01 -3.259051e+00 2.300051e+01
    endloop
  endfacet
  facet normal -2.965429e-01 -8.664048e-02 -9.510814e-01
    outer loop
      vertex   -6.419906e+01 -3.259051e+00 2.300051e+01
      vertex   -6.429028e+01 -3.413881e+00 2.304306e+01
      vertex   -6.430120e+01 -3.202212e+00 2.302718e+01
    endloop
  endfacet
  facet normal -3.810770e-01 -2.699010e-01 -8.842702e-01
    outer loop
      vertex   -6.419906e+01 -3.259051e+00 2.300051e+01
      vertex   -6.430120e+01 -3.202212e+00 2.302718e+01
      vertex   -6.426551e+01 -3.036950e+00 2.296136e+01
    endloop
  endfacet
  facet normal -4.663301e-01 -2.385719e-01 -8.518331e-01
    outer loop
      vertex   -6.426551e+01 -3.036950e+00 2.296136e+01
      vertex   -6.430120e+01 -3.202212e+00 2.302718e+01
      vertex   -6.436322e+01 -2.972185e+00 2.299671e+01
    endloop
  endfacet
  facet normal -5.241989e-01 -3.729430e-01 -7.655907e-01
    outer loop
      vertex   -6.426551e+01 -3.036950e+00 2.296136e+01
      vertex   -6.436322e+01 -2.972185e+00 2.299671e+01
      vertex   -6.434532e+01 -2.878623e+00 2.293888e+01
    endloop
  endfacet
  facet normal -6.330437e-01 -3.157728e-01 -7.067837e-01
    outer loop
      vertex   -6.434532e+01 -2.878623e+00 2.293888e+01
      vertex   -6.436322e+01 -2.972185e+00 2.299671e+01
      vertex   -6.448148e+01 -2.770528e+00 2.301254e+01
    endloop
  endfacet
  facet normal -3.913422e-01 -8.889314e-02 -9.159418e-01
    outer loop
      vertex   -6.429028e+01 -3.413881e+00 2.304306e+01
      vertex   -6.438268e+01 -3.347759e+00 2.307612e+01
      vertex   -6.430120e+01 -3.202212e+00 2.302718e+01
    endloop
  endfacet
  facet normal -4.083963e-01 -7.719125e-02 -9.095350e-01
    outer loop
      vertex   -6.430120e+01 -3.202212e+00 2.302718e+01
      vertex   -6.438268e+01 -3.347759e+00 2.307612e+01
      vertex   -6.440355e+01 -3.122272e+00 2.306635e+01
    endloop
  endfacet
  facet normal -5.082534e-01 -2.463490e-01 -8.252216e-01
    outer loop
      vertex   -6.430120e+01 -3.202212e+00 2.302718e+01
      vertex   -6.440355e+01 -3.122272e+00 2.306635e+01
      vertex   -6.436322e+01 -2.972185e+00 2.299671e+01
    endloop
  endfacet
  facet normal -5.921746e-01 -2.027598e-01 -7.798831e-01
    outer loop
      vertex   -6.436322e+01 -2.972185e+00 2.299671e+01
      vertex   -6.440355e+01 -3.122272e+00 2.306635e+01
      vertex   -6.449931e+01 -2.850564e+00 2.306843e+01
    endloop
  endfacet
  facet normal -6.537188e-01 -3.299198e-01 -6.810320e-01
    outer loop
      vertex   -6.436322e+01 -2.972185e+00 2.299671e+01
      vertex   -6.449931e+01 -2.850564e+00 2.306843e+01
      vertex   -6.448148e+01 -2.770528e+00 2.301254e+01
    endloop
  endfacet
  facet normal -7.490427e-01 -2.589563e-01 -6.098169e-01
    outer loop
      vertex   -6.448148e+01 -2.770528e+00 2.301254e+01
      vertex   -6.449931e+01 -2.850564e+00 2.306843e+01
      vertex   -6.462052e+01 -2.622015e+00 2.312025e+01
    endloop
  endfacet
  facet normal -5.397648e-01 -8.622007e-02 -8.373888e-01
    outer loop
      vertex   -6.438268e+01 -3.347759e+00 2.307612e+01
      vertex   -6.455557e+01 -3.162939e+00 2.316853e+01
      vertex   -6.440355e+01 -3.122272e+00 2.306635e+01
    endloop
  endfacet
  facet normal -5.416190e-01 -7.824763e-02 -8.369744e-01
    outer loop
      vertex   -6.440355e+01 -3.122272e+00 2.306635e+01
      vertex   -6.455557e+01 -3.162939e+00 2.316853e+01
      vertex   -6.453962e+01 -2.977618e+00 2.314089e+01
    endloop
  endfacet
  facet normal -6.374488e-01 -2.190315e-01 -7.387045e-01
    outer loop
      vertex   -6.440355e+01 -3.122272e+00 2.306635e+01
      vertex   -6.453962e+01 -2.977618e+00 2.314089e+01
      vertex   -6.449931e+01 -2.850564e+00 2.306843e+01
    endloop
  endfacet
  facet normal -7.123670e-01 -1.632406e-01 -6.825582e-01
    outer loop
      vertex   -6.449931e+01 -2.850564e+00 2.306843e+01
      vertex   -6.453962e+01 -2.977618e+00 2.314089e+01
      vertex   -6.463540e+01 -2.687867e+00 2.317155e+01
    endloop
  endfacet
  facet normal -7.680904e-01 -2.763542e-01 -5.776379e-01
    outer loop
      vertex   -6.449931e+01 -2.850564e+00 2.306843e+01
      vertex   -6.463540e+01 -2.687867e+00 2.317155e+01
      vertex   -6.462052e+01 -2.622015e+00 2.312025e+01
    endloop
  endfacet
  facet normal -8.310547e-01 -2.125309e-01 -5.139832e-01
    outer loop
      vertex   -6.462052e+01 -2.622015e+00 2.312025e+01
      vertex   -6.463540e+01 -2.687867e+00 2.317155e+01
      vertex   -6.472125e+01 -2.482227e+00 2.322533e+01
    endloop
  endfacet
  facet normal -6.815832e-01 -5.024908e-02 -7.300133e-01
    outer loop
      vertex   -6.455557e+01 -3.162939e+00 2.316853e+01
      vertex   -6.470711e+01 -2.914214e+00 2.329289e+01
      vertex   -6.453962e+01 -2.977618e+00 2.314089e+01
    endloop
  endfacet
  facet normal -6.873262e-01 -8.663581e-02 -7.211636e-01
    outer loop
      vertex   -6.453962e+01 -2.977618e+00 2.314089e+01
      vertex   -6.470711e+01 -2.914214e+00 2.329289e+01
      vertex   -6.466919e+01 -2.791340e+00 2.324200e+01
    endloop
  endfacet
  facet normal -7.545489e-01 -1.827149e-01 -6.302946e-01
    outer loop
      vertex   -6.453962e+01 -2.977618e+00 2.314089e+01
      vertex   -6.466919e+01 -2.791340e+00 2.324200e+01
      vertex   -6.463540e+01 -2.687867e+00 2.317155e+01
    endloop
  endfacet
  facet normal -8.022442e-01 -1.340864e-01 -5.817431e-01
    outer loop
      vertex   -6.463540e+01 -2.687867e+00 2.317155e+01
      vertex   -6.466919e+01 -2.791340e+00 2.324200e+01
      vertex   -6.473294e+01 -2.537117e+00 2.327131e+01
    endloop
  endfacet
  facet normal -8.450187e-01 -2.260410e-01 -4.846120e-01
    outer loop
      vertex   -6.463540e+01 -2.687867e+00 2.317155e+01
      vertex   -6.473294e+01 -2.537117e+00 2.327131e+01
      vertex   -6.472125e+01 -2.482227e+00 2.322533e+01
    endloop
  endfacet
  facet normal -8.866646e-01 -1.710824e-01 -4.296005e-01
    outer loop
      vertex   -6.472125e+01 -2.482227e+00 2.322533e+01
      vertex   -6.473294e+01 -2.537117e+00 2.327131e+01
      vertex   -6.481144e+01 -2.322690e+00 2.334793e+01
    endloop
  endfacet
  facet normal -7.555887e-01 -3.773307e-02 -6.539586e-01
    outer loop
      vertex   -6.466919e+01 -2.791340e+00 2.324200e+01
      vertex   -6.470711e+01 -2.914214e+00 2.329289e+01
      vertex   -6.475955e+01 -2.622736e+00 2.333667e+01
    endloop
  endfacet
  facet normal -8.332102e-01 -6.748765e-02 -5.488226e-01
    outer loop
      vertex   -6.475955e+01 -2.622736e+00 2.333667e+01
      vertex   -6.470711e+01 -2.914214e+00 2.329289e+01
      vertex   -6.483147e+01 -2.611141e+00 2.344443e+01
    endloop
  endfacet
  facet normal -8.329656e-01 -3.364431e-02 -5.523010e-01
    outer loop
      vertex   -6.475955e+01 -2.622736e+00 2.333667e+01
      vertex   -6.483147e+01 -2.611141e+00 2.344443e+01
      vertex   -6.483862e+01 -2.435017e+00 2.344448e+01
    endloop
  endfacet
  facet normal -9.100725e-01 -3.681664e-02 -4.128106e-01
    outer loop
      vertex   -6.483862e+01 -2.435017e+00 2.344448e+01
      vertex   -6.483147e+01 -2.611141e+00 2.344443e+01
      vertex   -6.492388e+01 -2.265367e+00 2.361732e+01
    endloop
  endfacet
  facet normal -9.174007e-01 -6.030609e-02 -3.933689e-01
    outer loop
      vertex   -6.483862e+01 -2.435017e+00 2.344448e+01
      vertex   -6.492388e+01 -2.265367e+00 2.361732e+01
      vertex   -6.490742e+01 -2.217697e+00 2.357161e+01
    endloop
  endfacet
  facet normal -9.395520e-01 -3.775482e-03 -3.423854e-01
    outer loop
      vertex   -6.490742e+01 -2.217697e+00 2.357161e+01
      vertex   -6.492388e+01 -2.265367e+00 2.361732e+01
      vertex   -6.495830e+01 -1.986404e+00 2.370869e+01
    endloop
  endfacet
  facet normal -9.690154e-01 -7.340066e-02 -2.358422e-01
    outer loop
      vertex   -6.490742e+01 -2.217697e+00 2.357161e+01
      vertex   -6.495830e+01 -1.986404e+00 2.370869e+01
      vertex   -6.495306e+01 -1.953087e+00 2.367679e+01
    endloop
  endfacet
  facet normal -9.825462e-01 -2.227603e-02 -1.846799e-01
    outer loop
      vertex   -6.495306e+01 -1.953087e+00 2.367679e+01
      vertex   -6.495830e+01 -1.986404e+00 2.370869e+01
      vertex   -6.498811e+01 -1.729046e+00 2.383625e+01
    endloop
  endfacet
  facet normal -9.901501e-01 -6.767293e-02 -1.225691e-01
    outer loop
      vertex   -6.495306e+01 -1.953087e+00 2.367679e+01
      vertex   -6.498811e+01 -1.729046e+00 2.383625e+01
      vertex   -6.498752e+01 -1.718236e+00 2.382551e+01
    endloop
  endfacet
  facet normal -9.980355e-01 -7.330637e-03 -6.222108e-02
    outer loop
      vertex   -6.498752e+01 -1.718236e+00 2.382551e+01
      vertex   -6.498811e+01 -1.729046e+00 2.383625e+01
      vertex   -6.500000e+01 -1.500000e+00 2.400000e+01
    endloop
  endfacet
  facet normal -9.930870e-01 -1.152696e-01 -2.216248e-02
    outer loop
      vertex   -6.495830e+01 -1.986404e+00 2.370869e+01
      vertex   -6.492388e+01 -2.265367e+00 2.361732e+01
      vertex   -6.498946e+01 -1.745596e+00 2.385262e+01
    endloop
  endfacet
  facet normal -8.262172e-01 -3.155232e-01 4.667015e-01
    outer loop
      vertex   -6.498946e+01 -1.745596e+00 2.385262e+01
      vertex   -6.492388e+01 -2.265367e+00 2.361732e+01
      vertex   -6.500000e+01 -1.500000e+00 2.400000e+01
    endloop
  endfacet
  facet normal -9.177888e-01 -3.941301e-01 -4.821912e-02
    outer loop
      vertex   -6.483147e+01 -2.055570e+00 2.288886e+01
      vertex   -6.491137e+01 -1.915927e+00 2.326820e+01
      vertex   -6.492388e+01 -1.882683e+00 2.323463e+01
    endloop
  endfacet
  facet normal -9.371097e-01 -3.490157e-01 3.666872e-03
    outer loop
      vertex   -6.492388e+01 -1.882683e+00 2.323463e+01
      vertex   -6.491137e+01 -1.915927e+00 2.326820e+01
      vertex   -6.496013e+01 -1.782517e+00 2.350431e+01
    endloop
  endfacet
  facet normal -9.855288e-01 6.491113e-02 -1.565869e-01
    outer loop
      vertex   -6.492388e+01 -1.882683e+00 2.323463e+01
      vertex   -6.496013e+01 -1.782517e+00 2.350431e+01
      vertex   -6.498993e+01 -1.642840e+00 2.374980e+01
    endloop
  endfacet
  facet normal -9.804428e-01 -1.966752e-01 -7.132058e-03
    outer loop
      vertex   -6.498993e+01 -1.642840e+00 2.374980e+01
      vertex   -6.496013e+01 -1.782517e+00 2.350431e+01
      vertex   -6.495571e+01 -1.805404e+00 2.352839e+01
    endloop
  endfacet
  facet normal -9.885065e-01 -1.435637e-01 -4.737388e-02
    outer loop
      vertex   -6.498993e+01 -1.642840e+00 2.374980e+01
      vertex   -6.495571e+01 -1.805404e+00 2.352839e+01
      vertex   -6.498879e+01 -1.654637e+00 2.376175e+01
    endloop
  endfacet
  facet normal -8.330955e-01 -5.490142e-01 -6.734479e-02
    outer loop
      vertex   -6.470711e+01 -2.207107e+00 2.258579e+01
      vertex   -6.476879e+01 -2.146313e+00 2.285321e+01
      vertex   -6.483147e+01 -2.055570e+00 2.288886e+01
    endloop
  endfacet
  facet normal -8.257900e-01 -5.637192e-01 -1.707385e-02
    outer loop
      vertex   -6.483147e+01 -2.055570e+00 2.288886e+01
      vertex   -6.476879e+01 -2.146313e+00 2.285321e+01
      vertex   -6.484520e+01 -2.040214e+00 2.304586e+01
    endloop
  endfacet
  facet normal -9.092827e-01 -4.143491e-01 -3.898442e-02
    outer loop
      vertex   -6.483147e+01 -2.055570e+00 2.288886e+01
      vertex   -6.484520e+01 -2.040214e+00 2.304586e+01
      vertex   -6.491137e+01 -1.915927e+00 2.326820e+01
    endloop
  endfacet
  facet normal -9.109553e-01 -4.103926e-01 -4.169390e-02
    outer loop
      vertex   -6.491137e+01 -1.915927e+00 2.326820e+01
      vertex   -6.484520e+01 -2.040214e+00 2.304586e+01
      vertex   -6.482931e+01 -2.080503e+00 2.309537e+01
    endloop
  endfacet
  facet normal -9.252285e-01 -3.691175e-01 -8.777499e-02
    outer loop
      vertex   -6.491137e+01 -1.915927e+00 2.326820e+01
      vertex   -6.482931e+01 -2.080503e+00 2.309537e+01
      vertex   -6.490184e+01 -1.948509e+00 2.330475e+01
    endloop
  endfacet
  facet normal -6.745472e-01 -7.370094e-01 -4.246440e-02
    outer loop
      vertex   -6.455557e+01 -2.331470e+00 2.233706e+01
      vertex   -6.455353e+01 -2.341939e+00 2.248637e+01
      vertex   -6.470711e+01 -2.207107e+00 2.258579e+01
    endloop
  endfacet
  facet normal -6.823273e-01 -7.279970e-01 -6.670685e-02
    outer loop
      vertex   -6.470711e+01 -2.207107e+00 2.258579e+01
      vertex   -6.455353e+01 -2.341939e+00 2.248637e+01
      vertex   -6.468089e+01 -2.240264e+00 2.267948e+01
    endloop
  endfacet
  facet normal -7.511599e-01 -6.597096e-01 -2.328150e-02
    outer loop
      vertex   -6.470711e+01 -2.207107e+00 2.258579e+01
      vertex   -6.468089e+01 -2.240264e+00 2.267948e+01
      vertex   -6.476879e+01 -2.146313e+00 2.285321e+01
    endloop
  endfacet
  facet normal -7.971640e-01 -5.984834e-01 -7.966863e-02
    outer loop
      vertex   -6.476879e+01 -2.146313e+00 2.285321e+01
      vertex   -6.468089e+01 -2.240264e+00 2.267948e+01
      vertex   -6.465259e+01 -2.287995e+00 2.275488e+01
    endloop
  endfacet
  facet normal -8.084712e-01 -5.745580e-01 -1.275047e-01
    outer loop
      vertex   -6.476879e+01 -2.146313e+00 2.285321e+01
      vertex   -6.465259e+01 -2.287995e+00 2.275488e+01
      vertex   -6.474646e+01 -2.191537e+00 2.291544e+01
    endloop
  endfacet
  facet normal -5.329900e-01 -8.445261e-01 -5.193616e-02
    outer loop
      vertex   -6.455353e+01 -2.341939e+00 2.248637e+01
      vertex   -6.455557e+01 -2.331470e+00 2.233706e+01
      vertex   -6.441741e+01 -2.418534e+00 2.233498e+01
    endloop
  endfacet
  facet normal -5.324111e-01 -8.430197e-01 -7.652564e-02
    outer loop
      vertex   -6.441741e+01 -2.418534e+00 2.233498e+01
      vertex   -6.455557e+01 -2.331470e+00 2.233706e+01
      vertex   -6.438268e+01 -2.423880e+00 2.215224e+01
    endloop
  endfacet
  facet normal -4.021167e-01 -9.142396e-01 -4.967982e-02
    outer loop
      vertex   -6.441741e+01 -2.418534e+00 2.233498e+01
      vertex   -6.438268e+01 -2.423880e+00 2.215224e+01
      vertex   -6.431344e+01 -2.459677e+00 2.225057e+01
    endloop
  endfacet
  facet normal -3.793622e-01 -9.226883e-01 -6.877897e-02
    outer loop
      vertex   -6.431344e+01 -2.459677e+00 2.225057e+01
      vertex   -6.438268e+01 -2.423880e+00 2.215224e+01
      vertex   -6.429028e+01 -2.456940e+00 2.208612e+01
    endloop
  endfacet
  facet normal -2.923493e-01 -9.546080e-01 -5.705604e-02
    outer loop
      vertex   -6.431344e+01 -2.459677e+00 2.225057e+01
      vertex   -6.429028e+01 -2.456940e+00 2.208612e+01
      vertex   -6.420838e+01 -2.488238e+00 2.219011e+01
    endloop
  endfacet
  facet normal -2.758131e-01 -9.585653e-01 -7.127122e-02
    outer loop
      vertex   -6.420838e+01 -2.488238e+00 2.219011e+01
      vertex   -6.429028e+01 -2.456940e+00 2.208612e+01
      vertex   -6.419509e+01 -2.480785e+00 2.203843e+01
    endloop
  endfacet
  facet normal -1.779151e-01 -9.819727e-01 -6.384237e-02
    outer loop
      vertex   -6.420838e+01 -2.488238e+00 2.219011e+01
      vertex   -6.419509e+01 -2.480785e+00 2.203843e+01
      vertex   -6.410360e+01 -2.504866e+00 2.215386e+01
    endloop
  endfacet
  facet normal -1.673505e-01 -9.832298e-01 -7.247784e-02
    outer loop
      vertex   -6.410360e+01 -2.504866e+00 2.215386e+01
      vertex   -6.419509e+01 -2.480785e+00 2.203843e+01
      vertex   -6.409802e+01 -2.495185e+00 2.200963e+01
    endloop
  endfacet
  facet normal -9.969293e-01 4.148103e-03 -7.819635e-02
    outer loop
      vertex   -6.498946e+01 -1.745596e+00 2.385262e+01
      vertex   -6.500000e+01 -1.500000e+00 2.400000e+01
      vertex   -6.498811e+01 -1.729046e+00 2.383625e+01
    endloop
  endfacet
  facet normal -9.961852e-01 -8.675139e-02 9.451771e-03
    outer loop
      vertex   -6.498879e+01 -1.654637e+00 2.376175e+01
      vertex   -6.500000e+01 -1.500000e+00 2.400000e+01
      vertex   -6.498993e+01 -1.642840e+00 2.374980e+01
    endloop
  endfacet
  facet normal -7.133105e-01 5.959059e-01 -3.688961e-01
    outer loop
      vertex   -6.500000e+01 -1.500000e+00 2.400000e+01
      vertex   -6.492388e+01 -1.882683e+00 2.323463e+01
      vertex   -6.498993e+01 -1.642840e+00 2.374980e+01
    endloop
  endfacet
  facet normal -2.302012e-01 -4.258954e-01 -8.749975e-01
    outer loop
      vertex   -6.415968e+01 -2.972215e+00 2.288102e+01
      vertex   -6.407657e+01 -2.993355e+00 2.286944e+01
      vertex   -6.408332e+01 -3.107296e+00 2.292668e+01
    endloop
  endfacet
  facet normal -2.438708e-01 -4.314442e-01 -8.685522e-01
    outer loop
      vertex   -6.415968e+01 -2.972215e+00 2.288102e+01
      vertex   -6.408332e+01 -3.107296e+00 2.292668e+01
      vertex   -6.417182e+01 -3.081555e+00 2.293874e+01
    endloop
  endfacet
  facet normal -2.088889e-01 -2.789557e-01 -9.373095e-01
    outer loop
      vertex   -6.417182e+01 -3.081555e+00 2.293874e+01
      vertex   -6.408332e+01 -3.107296e+00 2.292668e+01
      vertex   -6.409844e+01 -3.292893e+00 2.298528e+01
    endloop
  endfacet
  facet normal -2.203690e-01 -9.549041e-01 -1.989868e-01
    outer loop
      vertex   -6.420838e+01 -2.488238e+00 2.219011e+01
      vertex   -6.410360e+01 -2.504866e+00 2.215386e+01
      vertex   -6.409105e+01 -2.536290e+00 2.229076e+01
    endloop
  endfacet
  facet normal -2.047388e-01 -9.544604e-01 -2.169960e-01
    outer loop
      vertex   -6.420838e+01 -2.488238e+00 2.219011e+01
      vertex   -6.409105e+01 -2.536290e+00 2.229076e+01
      vertex   -6.418573e+01 -2.522828e+00 2.232088e+01
    endloop
  endfacet
  facet normal -3.744014e-01 -4.000493e-01 -8.365311e-01
    outer loop
      vertex   -6.424964e+01 -2.934613e+00 2.290330e+01
      vertex   -6.415968e+01 -2.972215e+00 2.288102e+01
      vertex   -6.417182e+01 -3.081555e+00 2.293874e+01
    endloop
  endfacet
  facet normal -3.538360e-01 -9.175457e-01 -1.814110e-01
    outer loop
      vertex   -6.431344e+01 -2.459677e+00 2.225057e+01
      vertex   -6.420838e+01 -2.488238e+00 2.219011e+01
      vertex   -6.418573e+01 -2.522828e+00 2.232088e+01
    endloop
  endfacet
  facet normal -3.378508e-01 -9.174011e-01 -2.103143e-01
    outer loop
      vertex   -6.431344e+01 -2.459677e+00 2.225057e+01
      vertex   -6.418573e+01 -2.522828e+00 2.232088e+01
      vertex   -6.428373e+01 -2.498485e+00 2.237212e+01
    endloop
  endfacet
  facet normal -4.733006e-01 -8.660966e-01 -1.608203e-01
    outer loop
      vertex   -6.441741e+01 -2.418534e+00 2.233498e+01
      vertex   -6.431344e+01 -2.459677e+00 2.225057e+01
      vertex   -6.428373e+01 -2.498485e+00 2.237212e+01
    endloop
  endfacet
  facet normal -4.622627e-01 -8.645378e-01 -1.971993e-01
    outer loop
      vertex   -6.441741e+01 -2.418534e+00 2.233498e+01
      vertex   -6.428373e+01 -2.498485e+00 2.237212e+01
      vertex   -6.438379e+01 -2.461637e+00 2.244512e+01
    endloop
  endfacet
  facet normal -5.923336e-01 -7.950859e-01 -1.303051e-01
    outer loop
      vertex   -6.455353e+01 -2.341939e+00 2.248637e+01
      vertex   -6.441741e+01 -2.418534e+00 2.233498e+01
      vertex   -6.438379e+01 -2.461637e+00 2.244512e+01
    endloop
  endfacet
  facet normal -5.958313e-01 -7.821884e-01 -1.821165e-01
    outer loop
      vertex   -6.455353e+01 -2.341939e+00 2.248637e+01
      vertex   -6.438379e+01 -2.461637e+00 2.244512e+01
      vertex   -6.451985e+01 -2.389229e+00 2.257928e+01
    endloop
  endfacet
  facet normal -7.082127e-01 -6.990183e-01 -9.903680e-02
    outer loop
      vertex   -6.468089e+01 -2.240264e+00 2.267948e+01
      vertex   -6.455353e+01 -2.341939e+00 2.248637e+01
      vertex   -6.451985e+01 -2.389229e+00 2.257928e+01
    endloop
  endfacet
  facet normal -7.213619e-01 -6.746772e-01 -1.563575e-01
    outer loop
      vertex   -6.468089e+01 -2.240264e+00 2.267948e+01
      vertex   -6.451985e+01 -2.389229e+00 2.257928e+01
      vertex   -6.465259e+01 -2.287995e+00 2.275488e+01
    endloop
  endfacet
  facet normal -8.898988e-01 -1.224633e-01 -4.394119e-01
    outer loop
      vertex   -6.483862e+01 -2.435017e+00 2.344448e+01
      vertex   -6.481972e+01 -2.366745e+00 2.338718e+01
      vertex   -6.475955e+01 -2.622736e+00 2.333667e+01
    endloop
  endfacet
  facet normal -8.645315e-01 -1.062795e-01 -4.912127e-01
    outer loop
      vertex   -6.475955e+01 -2.622736e+00 2.333667e+01
      vertex   -6.481972e+01 -2.366745e+00 2.338718e+01
      vertex   -6.473294e+01 -2.537117e+00 2.327131e+01
    endloop
  endfacet
  facet normal -8.333923e-01 -1.475624e-01 -5.326187e-01
    outer loop
      vertex   -6.475955e+01 -2.622736e+00 2.333667e+01
      vertex   -6.473294e+01 -2.537117e+00 2.327131e+01
      vertex   -6.466919e+01 -2.791340e+00 2.324200e+01
    endloop
  endfacet
  facet normal -9.314851e-01 -1.281960e-01 -3.404429e-01
    outer loop
      vertex   -6.489114e+01 -2.134417e+00 2.349511e+01
      vertex   -6.481144e+01 -2.322690e+00 2.334793e+01
      vertex   -6.481972e+01 -2.366745e+00 2.338718e+01
    endloop
  endfacet
  facet normal -8.980000e-01 -1.863074e-01 -3.986046e-01
    outer loop
      vertex   -6.481972e+01 -2.366745e+00 2.338718e+01
      vertex   -6.481144e+01 -2.322690e+00 2.334793e+01
      vertex   -6.473294e+01 -2.537117e+00 2.327131e+01
    endloop
  endfacet
  facet normal -9.159699e-01 -7.695955e-02 -3.937973e-01
    outer loop
      vertex   -6.481972e+01 -2.366745e+00 2.338718e+01
      vertex   -6.483862e+01 -2.435017e+00 2.344448e+01
      vertex   -6.489609e+01 -2.167190e+00 2.352582e+01
    endloop
  endfacet
  facet normal -9.356162e-01 -9.775217e-02 -3.392149e-01
    outer loop
      vertex   -6.489609e+01 -2.167190e+00 2.352582e+01
      vertex   -6.483862e+01 -2.435017e+00 2.344448e+01
      vertex   -6.490742e+01 -2.217697e+00 2.357161e+01
    endloop
  endfacet
  facet normal -9.555498e-01 -4.928149e-02 -2.906817e-01
    outer loop
      vertex   -6.489609e+01 -2.167190e+00 2.352582e+01
      vertex   -6.490742e+01 -2.217697e+00 2.357161e+01
      vertex   -6.495306e+01 -1.953087e+00 2.367679e+01
    endloop
  endfacet
  facet normal -8.591710e-01 -5.080425e-01 -6.097568e-02
    outer loop
      vertex   -6.476879e+01 -2.146313e+00 2.285321e+01
      vertex   -6.474646e+01 -2.191537e+00 2.291544e+01
      vertex   -6.484520e+01 -2.040214e+00 2.304586e+01
    endloop
  endfacet
  facet normal -8.725699e-01 -4.764529e-01 -1.077698e-01
    outer loop
      vertex   -6.484520e+01 -2.040214e+00 2.304586e+01
      vertex   -6.474646e+01 -2.191537e+00 2.291544e+01
      vertex   -6.482931e+01 -2.080503e+00 2.309537e+01
    endloop
  endfacet
  facet normal -9.707606e-01 -1.066516e-01 -2.150563e-01
    outer loop
      vertex   -6.495306e+01 -1.953087e+00 2.367679e+01
      vertex   -6.495077e+01 -1.931379e+00 2.365569e+01
      vertex   -6.489609e+01 -2.167190e+00 2.352582e+01
    endloop
  endfacet
  facet normal -9.647694e-01 -8.694538e-02 -2.483154e-01
    outer loop
      vertex   -6.489609e+01 -2.167190e+00 2.352582e+01
      vertex   -6.495077e+01 -1.931379e+00 2.365569e+01
      vertex   -6.489114e+01 -2.134417e+00 2.349511e+01
    endloop
  endfacet
  facet normal -9.402370e-01 -1.461648e-01 -3.075553e-01
    outer loop
      vertex   -6.489609e+01 -2.167190e+00 2.352582e+01
      vertex   -6.489114e+01 -2.134417e+00 2.349511e+01
      vertex   -6.481972e+01 -2.366745e+00 2.338718e+01
    endloop
  endfacet
  facet normal -9.900529e-01 -4.938205e-02 -1.317448e-01
    outer loop
      vertex   -6.498946e+01 -1.745596e+00 2.385262e+01
      vertex   -6.498811e+01 -1.729046e+00 2.383625e+01
      vertex   -6.495830e+01 -1.986404e+00 2.370869e+01
    endloop
  endfacet
  facet normal -9.868097e-01 -4.663002e-02 -1.550232e-01
    outer loop
      vertex   -6.495077e+01 -1.931379e+00 2.365569e+01
      vertex   -6.495306e+01 -1.953087e+00 2.367679e+01
      vertex   -6.498752e+01 -1.718236e+00 2.382551e+01
    endloop
  endfacet
  facet normal -9.519173e-01 -3.054115e-01 -2.402860e-02
    outer loop
      vertex   -6.491137e+01 -1.915927e+00 2.326820e+01
      vertex   -6.490184e+01 -1.948509e+00 2.330475e+01
      vertex   -6.496013e+01 -1.782517e+00 2.350431e+01
    endloop
  endfacet
  facet normal -9.639904e-01 -2.571833e-01 -6.767077e-02
    outer loop
      vertex   -6.496013e+01 -1.782517e+00 2.350431e+01
      vertex   -6.490184e+01 -1.948509e+00 2.330475e+01
      vertex   -6.495571e+01 -1.805404e+00 2.352839e+01
    endloop
  endfacet
  facet normal 1.159305e-16 -1.305262e-01 -9.914449e-01
    outer loop
      vertex   -6.300000e+01 -3.500000e+00 2.300000e+01
      vertex   -6.400000e+01 -3.500000e+00 2.300000e+01
      vertex   -6.300000e+01 -3.241181e+00 2.296593e+01
    endloop
  endfacet
  facet normal 3.638250e-15 -1.305262e-01 -9.914449e-01
    outer loop
      vertex   -6.300000e+01 -3.241181e+00 2.296593e+01
      vertex   -6.400000e+01 -3.500000e+00 2.300000e+01
      vertex   -6.400000e+01 -3.241181e+00 2.296593e+01
    endloop
  endfacet
  facet normal 3.622171e-15 -3.826834e-01 -9.238795e-01
    outer loop
      vertex   -6.300000e+01 -3.241181e+00 2.296593e+01
      vertex   -6.400000e+01 -3.241181e+00 2.296593e+01
      vertex   -6.300000e+01 -3.000000e+00 2.286603e+01
    endloop
  endfacet
  facet normal 3.792116e-15 -3.826834e-01 -9.238795e-01
    outer loop
      vertex   -6.300000e+01 -3.000000e+00 2.286603e+01
      vertex   -6.400000e+01 -3.241181e+00 2.296593e+01
      vertex   -6.400000e+01 -3.000000e+00 2.286603e+01
    endloop
  endfacet
  facet normal 3.629590e-15 -6.087614e-01 -7.933533e-01
    outer loop
      vertex   -6.300000e+01 -3.000000e+00 2.286603e+01
      vertex   -6.400000e+01 -3.000000e+00 2.286603e+01
      vertex   -6.300000e+01 -2.792893e+00 2.270711e+01
    endloop
  endfacet
  facet normal 3.088902e-15 -6.087614e-01 -7.933533e-01
    outer loop
      vertex   -6.300000e+01 -2.792893e+00 2.270711e+01
      vertex   -6.400000e+01 -3.000000e+00 2.286603e+01
      vertex   -6.400000e+01 -2.792893e+00 2.270711e+01
    endloop
  endfacet
  facet normal 2.515075e-15 -7.933533e-01 -6.087614e-01
    outer loop
      vertex   -6.300000e+01 -2.792893e+00 2.270711e+01
      vertex   -6.400000e+01 -2.792893e+00 2.270711e+01
      vertex   -6.300000e+01 -2.633975e+00 2.250000e+01
    endloop
  endfacet
  facet normal 6.488265e-15 -7.933533e-01 -6.087614e-01
    outer loop
      vertex   -6.300000e+01 -2.633975e+00 2.250000e+01
      vertex   -6.400000e+01 -2.792893e+00 2.270711e+01
      vertex   -6.400000e+01 -2.633975e+00 2.250000e+01
    endloop
  endfacet
  facet normal 4.078694e-15 -9.238795e-01 -3.826834e-01
    outer loop
      vertex   -6.300000e+01 -2.633975e+00 2.250000e+01
      vertex   -6.400000e+01 -2.633975e+00 2.250000e+01
      vertex   -6.300000e+01 -2.534074e+00 2.225882e+01
    endloop
  endfacet
  facet normal 1.769850e-15 -9.238795e-01 -3.826834e-01
    outer loop
      vertex   -6.300000e+01 -2.534074e+00 2.225882e+01
      vertex   -6.400000e+01 -2.633975e+00 2.250000e+01
      vertex   -6.400000e+01 -2.534074e+00 2.225882e+01
    endloop
  endfacet
  facet normal 9.040122e-16 -9.914449e-01 -1.305262e-01
    outer loop
      vertex   -6.300000e+01 -2.534074e+00 2.225882e+01
      vertex   -6.400000e+01 -2.534074e+00 2.225882e+01
      vertex   -6.300000e+01 -2.500000e+00 2.200000e+01
    endloop
  endfacet
  facet normal 4.637222e-16 -9.914449e-01 -1.305262e-01
    outer loop
      vertex   -6.300000e+01 -2.500000e+00 2.200000e+01
      vertex   -6.400000e+01 -2.534074e+00 2.225882e+01
      vertex   -6.400000e+01 -2.500000e+00 2.200000e+01
    endloop
  endfacet
  facet normal 0.000000e+00 -1.000000e+00 0.000000e+00
    outer loop
      vertex   -6.400000e+01 -2.500000e+00 2.200000e+01
      vertex   -6.400000e+01 -2.500000e+00 1.800000e+01
      vertex   -6.300000e+01 -2.500000e+00 2.200000e+01
    endloop
  endfacet
  facet normal 0.000000e+00 -1.000000e+00 -0.000000e+00
    outer loop
      vertex   -6.300000e+01 -2.500000e+00 2.200000e+01
      vertex   -6.400000e+01 -2.500000e+00 1.800000e+01
      vertex   -6.300000e+01 -2.500000e+00 1.800000e+01
    endloop
  endfacet
  facet normal -4.906767e-02 -9.987955e-01 0.000000e+00
    outer loop
      vertex   -6.400000e+01 -2.500000e+00 1.800000e+01
      vertex   -6.400000e+01 -2.500000e+00 2.200000e+01
      vertex   -6.409802e+01 -2.495185e+00 1.799037e+01
    endloop
  endfacet
  facet normal -4.906767e-02 -9.987955e-01 0.000000e+00
    outer loop
      vertex   -6.409802e+01 -2.495185e+00 1.799037e+01
      vertex   -6.400000e+01 -2.500000e+00 2.200000e+01
      vertex   -6.409802e+01 -2.495185e+00 2.200963e+01
    endloop
  endfacet
  facet normal -1.790169e-01 -9.838460e-01 0.000000e+00
    outer loop
      vertex   -6.409802e+01 -2.495185e+00 1.799037e+01
      vertex   -6.409802e+01 -2.495185e+00 2.200963e+01
      vertex   -6.425882e+01 -2.465926e+00 2.000000e+01
    endloop
  endfacet
  facet normal -1.474844e-01 -9.890610e-01 -2.599018e-03
    outer loop
      vertex   -6.425882e+01 -2.465926e+00 2.000000e+01
      vertex   -6.409802e+01 -2.495185e+00 2.200963e+01
      vertex   -6.419509e+01 -2.480785e+00 2.203843e+01
    endloop
  endfacet
  facet normal -2.427363e-01 -9.700922e-01 5.171811e-04
    outer loop
      vertex   -6.425882e+01 -2.465926e+00 2.000000e+01
      vertex   -6.419509e+01 -2.480785e+00 2.203843e+01
      vertex   -6.429028e+01 -2.456940e+00 2.208612e+01
    endloop
  endfacet
  facet normal -3.375474e-01 -9.413080e-01 -1.036867e-03
    outer loop
      vertex   -6.429028e+01 -2.456940e+00 2.208612e+01
      vertex   -6.438268e+01 -2.423880e+00 2.215224e+01
      vertex   -6.425882e+01 -2.465926e+00 2.000000e+01
    endloop
  endfacet
  facet normal -3.826804e-01 -9.238722e-01 -3.974960e-03
    outer loop
      vertex   -6.425882e+01 -2.465926e+00 2.000000e+01
      vertex   -6.438268e+01 -2.423880e+00 2.215224e+01
      vertex   -6.450000e+01 -2.366025e+00 2.000000e+01
    endloop
  endfacet
  facet normal -3.826804e-01 -9.238722e-01 3.974960e-03
    outer loop
      vertex   -6.425882e+01 -2.465926e+00 2.000000e+01
      vertex   -6.450000e+01 -2.366025e+00 2.000000e+01
      vertex   -6.438268e+01 -2.423880e+00 1.784776e+01
    endloop
  endfacet
  facet normal -4.698313e-01 -8.827542e-01 -1.880839e-03
    outer loop
      vertex   -6.438268e+01 -2.423880e+00 1.784776e+01
      vertex   -6.450000e+01 -2.366025e+00 2.000000e+01
      vertex   -6.455557e+01 -2.331470e+00 1.766294e+01
    endloop
  endfacet
  facet normal -6.087591e-01 -7.933504e-01 2.744489e-03
    outer loop
      vertex   -6.455557e+01 -2.331470e+00 1.766294e+01
      vertex   -6.450000e+01 -2.366025e+00 2.000000e+01
      vertex   -6.470711e+01 -2.207107e+00 2.000000e+01
    endloop
  endfacet
  facet normal -6.343933e-01 -7.730105e-01 -1.368881e-16
    outer loop
      vertex   -6.455557e+01 -2.331470e+00 1.766294e+01
      vertex   -6.470711e+01 -2.207107e+00 2.000000e+01
      vertex   -6.470711e+01 -2.207107e+00 1.741421e+01
    endloop
  endfacet
  facet normal -7.730105e-01 -6.343933e-01 -1.089522e-16
    outer loop
      vertex   -6.470711e+01 -2.207107e+00 1.741421e+01
      vertex   -6.470711e+01 -2.207107e+00 2.000000e+01
      vertex   -6.483147e+01 -2.055570e+00 1.711114e+01
    endloop
  endfacet
  facet normal -7.933514e-01 -6.087599e-01 2.220269e-03
    outer loop
      vertex   -6.483147e+01 -2.055570e+00 1.711114e+01
      vertex   -6.470711e+01 -2.207107e+00 2.000000e+01
      vertex   -6.486603e+01 -2.000000e+00 2.000000e+01
    endloop
  endfacet
  facet normal -8.807330e-01 -4.736110e-01 -1.424698e-03
    outer loop
      vertex   -6.483147e+01 -2.055570e+00 1.711114e+01
      vertex   -6.486603e+01 -2.000000e+00 2.000000e+01
      vertex   -6.492388e+01 -1.882683e+00 1.676537e+01
    endloop
  endfacet
  facet normal -9.238763e-01 -3.826821e-01 2.644847e-03
    outer loop
      vertex   -6.492388e+01 -1.882683e+00 1.676537e+01
      vertex   -6.486603e+01 -2.000000e+00 2.000000e+01
      vertex   -6.496593e+01 -1.758819e+00 2.000000e+01
    endloop
  endfacet
  facet normal -9.788558e-01 -2.044930e-01 -4.893246e-03
    outer loop
      vertex   -6.492388e+01 -1.882683e+00 1.676537e+01
      vertex   -6.496593e+01 -1.758819e+00 2.000000e+01
      vertex   -6.500000e+01 -1.500000e+00 1.600000e+01
    endloop
  endfacet
  facet normal -9.914449e-01 -1.305262e-01 0.000000e+00
    outer loop
      vertex   -6.500000e+01 -1.500000e+00 1.600000e+01
      vertex   -6.496593e+01 -1.758819e+00 2.000000e+01
      vertex   -6.500000e+01 -1.500000e+00 2.400000e+01
    endloop
  endfacet
  facet normal -9.788558e-01 -2.044930e-01 4.893246e-03
    outer loop
      vertex   -6.500000e+01 -1.500000e+00 2.400000e+01
      vertex   -6.496593e+01 -1.758819e+00 2.000000e+01
      vertex   -6.492388e+01 -1.882683e+00 2.323463e+01
    endloop
  endfacet
  facet normal -9.238763e-01 -3.826821e-01 -2.644847e-03
    outer loop
      vertex   -6.492388e+01 -1.882683e+00 2.323463e+01
      vertex   -6.496593e+01 -1.758819e+00 2.000000e+01
      vertex   -6.486603e+01 -2.000000e+00 2.000000e+01
    endloop
  endfacet
  facet normal -8.807330e-01 -4.736110e-01 1.424698e-03
    outer loop
      vertex   -6.492388e+01 -1.882683e+00 2.323463e+01
      vertex   -6.486603e+01 -2.000000e+00 2.000000e+01
      vertex   -6.483147e+01 -2.055570e+00 2.288886e+01
    endloop
  endfacet
  facet normal -7.933514e-01 -6.087599e-01 -2.220269e-03
    outer loop
      vertex   -6.483147e+01 -2.055570e+00 2.288886e+01
      vertex   -6.486603e+01 -2.000000e+00 2.000000e+01
      vertex   -6.470711e+01 -2.207107e+00 2.000000e+01
    endloop
  endfacet
  facet normal -7.730105e-01 -6.343933e-01 1.095104e-16
    outer loop
      vertex   -6.483147e+01 -2.055570e+00 2.288886e+01
      vertex   -6.470711e+01 -2.207107e+00 2.000000e+01
      vertex   -6.470711e+01 -2.207107e+00 2.258579e+01
    endloop
  endfacet
  facet normal -6.343933e-01 -7.730105e-01 1.327587e-16
    outer loop
      vertex   -6.470711e+01 -2.207107e+00 2.258579e+01
      vertex   -6.470711e+01 -2.207107e+00 2.000000e+01
      vertex   -6.455557e+01 -2.331470e+00 2.233706e+01
    endloop
  endfacet
  facet normal -6.087591e-01 -7.933504e-01 -2.744489e-03
    outer loop
      vertex   -6.455557e+01 -2.331470e+00 2.233706e+01
      vertex   -6.470711e+01 -2.207107e+00 2.000000e+01
      vertex   -6.450000e+01 -2.366025e+00 2.000000e+01
    endloop
  endfacet
  facet normal -4.698313e-01 -8.827542e-01 1.880839e-03
    outer loop
      vertex   -6.455557e+01 -2.331470e+00 2.233706e+01
      vertex   -6.450000e+01 -2.366025e+00 2.000000e+01
      vertex   -6.438268e+01 -2.423880e+00 2.215224e+01
    endloop
  endfacet
  facet normal -3.375474e-01 -9.413080e-01 1.036867e-03
    outer loop
      vertex   -6.438268e+01 -2.423880e+00 1.784776e+01
      vertex   -6.429028e+01 -2.456940e+00 1.791388e+01
      vertex   -6.425882e+01 -2.465926e+00 2.000000e+01
    endloop
  endfacet
  facet normal -2.427363e-01 -9.700922e-01 -5.171811e-04
    outer loop
      vertex   -6.425882e+01 -2.465926e+00 2.000000e+01
      vertex   -6.429028e+01 -2.456940e+00 1.791388e+01
      vertex   -6.419509e+01 -2.480785e+00 1.796157e+01
    endloop
  endfacet
  facet normal -1.474844e-01 -9.890610e-01 2.599018e-03
    outer loop
      vertex   -6.425882e+01 -2.465926e+00 2.000000e+01
      vertex   -6.419509e+01 -2.480785e+00 1.796157e+01
      vertex   -6.409802e+01 -2.495185e+00 1.799037e+01
    endloop
  endfacet
  facet normal -5.847026e-02 -9.837988e-02 9.934297e-01
    outer loop
      vertex   -6.409802e+01 -3.490369e+00 1.699518e+01
      vertex   -6.400000e+01 -3.500000e+00 1.700000e+01
      vertex   -6.409844e+01 -3.292893e+00 1.701472e+01
    endloop
  endfacet
  facet normal -1.254043e-01 -1.294958e-01 9.836181e-01
    outer loop
      vertex   -6.409844e+01 -3.292893e+00 1.701472e+01
      vertex   -6.400000e+01 -3.500000e+00 1.700000e+01
      vertex   -6.400000e+01 -3.241181e+00 1.703407e+01
    endloop
  endfacet
  facet normal -3.066655e-02 -2.986935e-01 9.538562e-01
    outer loop
      vertex   -6.409844e+01 -3.292893e+00 1.701472e+01
      vertex   -6.400000e+01 -3.241181e+00 1.703407e+01
      vertex   -6.408332e+01 -3.107296e+00 1.707332e+01
    endloop
  endfacet
  facet normal -1.769077e-01 -3.766475e-01 9.093076e-01
    outer loop
      vertex   -6.408332e+01 -3.107296e+00 1.707332e+01
      vertex   -6.400000e+01 -3.241181e+00 1.703407e+01
      vertex   -6.400000e+01 -3.000000e+00 1.713397e+01
    endloop
  endfacet
  facet normal -7.837129e-02 -4.437804e-01 8.927020e-01
    outer loop
      vertex   -6.408332e+01 -3.107296e+00 1.707332e+01
      vertex   -6.400000e+01 -3.000000e+00 1.713397e+01
      vertex   -6.407657e+01 -2.993355e+00 1.713056e+01
    endloop
  endfacet
  facet normal -8.649320e-02 -5.798779e-01 8.100991e-01
    outer loop
      vertex   -6.407657e+01 -2.993355e+00 1.713056e+01
      vertex   -6.400000e+01 -3.000000e+00 1.713397e+01
      vertex   -6.407147e+01 -2.840349e+00 1.724062e+01
    endloop
  endfacet
  facet normal -2.522808e-01 -5.595167e-01 7.894907e-01
    outer loop
      vertex   -6.407657e+01 -2.993355e+00 1.713056e+01
      vertex   -6.407147e+01 -2.840349e+00 1.724062e+01
      vertex   -6.415968e+01 -2.972215e+00 1.711898e+01
    endloop
  endfacet
  facet normal -2.432614e-01 -5.647343e-01 7.886058e-01
    outer loop
      vertex   -6.415968e+01 -2.972215e+00 1.711898e+01
      vertex   -6.407147e+01 -2.840349e+00 1.724062e+01
      vertex   -6.415050e+01 -2.824579e+00 1.722754e+01
    endloop
  endfacet
  facet normal -4.049015e-01 -5.251794e-01 7.484928e-01
    outer loop
      vertex   -6.415968e+01 -2.972215e+00 1.711898e+01
      vertex   -6.415050e+01 -2.824579e+00 1.722754e+01
      vertex   -6.424964e+01 -2.934613e+00 1.709670e+01
    endloop
  endfacet
  facet normal -3.942675e-01 -5.340487e-01 7.478938e-01
    outer loop
      vertex   -6.424964e+01 -2.934613e+00 1.709670e+01
      vertex   -6.415050e+01 -2.824579e+00 1.722754e+01
      vertex   -6.423763e+01 -2.795277e+00 1.720253e+01
    endloop
  endfacet
  facet normal -5.383731e-01 -4.797800e-01 6.927954e-01
    outer loop
      vertex   -6.424964e+01 -2.934613e+00 1.709670e+01
      vertex   -6.423763e+01 -2.795277e+00 1.720253e+01
      vertex   -6.434532e+01 -2.878623e+00 1.706112e+01
    endloop
  endfacet
  facet normal -5.286939e-01 -4.912703e-01 6.921967e-01
    outer loop
      vertex   -6.434532e+01 -2.878623e+00 1.706112e+01
      vertex   -6.423763e+01 -2.795277e+00 1.720253e+01
      vertex   -6.433178e+01 -2.749884e+00 1.716283e+01
    endloop
  endfacet
  facet normal -6.906379e-01 -4.022179e-01 6.010325e-01
    outer loop
      vertex   -6.434532e+01 -2.878623e+00 1.706112e+01
      vertex   -6.433178e+01 -2.749884e+00 1.716283e+01
      vertex   -6.453540e+01 -2.718132e+00 1.695010e+01
    endloop
  endfacet
  facet normal -6.852535e-01 -4.231708e-01 5.927512e-01
    outer loop
      vertex   -6.453540e+01 -2.718132e+00 1.695010e+01
      vertex   -6.433178e+01 -2.749884e+00 1.716283e+01
      vertex   -6.452260e+01 -2.613158e+00 1.703984e+01
    endloop
  endfacet
  facet normal -8.285080e-01 -3.020647e-01 4.715203e-01
    outer loop
      vertex   -6.453540e+01 -2.718132e+00 1.695010e+01
      vertex   -6.452260e+01 -2.613158e+00 1.703984e+01
      vertex   -6.472125e+01 -2.482227e+00 1.677467e+01
    endloop
  endfacet
  facet normal -8.267477e-01 -3.264849e-01 4.581439e-01
    outer loop
      vertex   -6.472125e+01 -2.482227e+00 1.677467e+01
      vertex   -6.452260e+01 -2.613158e+00 1.703984e+01
      vertex   -6.471242e+01 -2.403411e+00 1.684677e+01
    endloop
  endfacet
  facet normal -9.171920e-01 -2.080940e-01 3.397879e-01
    outer loop
      vertex   -6.472125e+01 -2.482227e+00 1.677467e+01
      vertex   -6.471242e+01 -2.403411e+00 1.684677e+01
      vertex   -6.486665e+01 -2.199038e+00 1.655564e+01
    endloop
  endfacet
  facet normal -9.174679e-01 -2.321118e-01 3.230738e-01
    outer loop
      vertex   -6.486665e+01 -2.199038e+00 1.655564e+01
      vertex   -6.471242e+01 -2.403411e+00 1.684677e+01
      vertex   -6.486212e+01 -2.145808e+00 1.660674e+01
    endloop
  endfacet
  facet normal -9.705530e-01 -1.186726e-01 2.096273e-01
    outer loop
      vertex   -6.486665e+01 -2.199038e+00 1.655564e+01
      vertex   -6.486212e+01 -2.145808e+00 1.660674e+01
      vertex   -6.496565e+01 -1.861210e+00 1.628850e+01
    endloop
  endfacet
  facet normal -9.716465e-01 -1.425219e-01 1.886548e-01
    outer loop
      vertex   -6.496565e+01 -1.861210e+00 1.628850e+01
      vertex   -6.486212e+01 -2.145808e+00 1.660674e+01
      vertex   -6.496444e+01 -1.834613e+00 1.631483e+01
    endloop
  endfacet
  facet normal -9.964077e-01 -3.218805e-02 7.833008e-02
    outer loop
      vertex   -6.496565e+01 -1.861210e+00 1.628850e+01
      vertex   -6.496444e+01 -1.834613e+00 1.631483e+01
      vertex   -6.500000e+01 -1.500000e+00 1.600000e+01
    endloop
  endfacet
  facet normal -1.733432e-01 -5.995457e-01 7.813431e-01
    outer loop
      vertex   -6.400000e+01 -3.000000e+00 1.713397e+01
      vertex   -6.400000e+01 -2.792893e+00 1.729289e+01
      vertex   -6.407147e+01 -2.840349e+00 1.724062e+01
    endloop
  endfacet
  facet normal -2.452528e-02 -7.232334e-01 6.901681e-01
    outer loop
      vertex   -6.407147e+01 -2.840349e+00 1.724062e+01
      vertex   -6.400000e+01 -2.792893e+00 1.729289e+01
      vertex   -6.407220e+01 -2.710114e+00 1.737707e+01
    endloop
  endfacet
  facet normal -2.504409e-01 -7.010091e-01 6.677317e-01
    outer loop
      vertex   -6.407147e+01 -2.840349e+00 1.724062e+01
      vertex   -6.407220e+01 -2.710114e+00 1.737707e+01
      vertex   -6.415050e+01 -2.824579e+00 1.722754e+01
    endloop
  endfacet
  facet normal -2.518230e-01 -7.003239e-01 6.679308e-01
    outer loop
      vertex   -6.415050e+01 -2.824579e+00 1.722754e+01
      vertex   -6.407220e+01 -2.710114e+00 1.737707e+01
      vertex   -6.415183e+01 -2.697648e+00 1.736012e+01
    endloop
  endfacet
  facet normal -4.038791e-01 -6.628275e-01 6.305088e-01
    outer loop
      vertex   -6.415050e+01 -2.824579e+00 1.722754e+01
      vertex   -6.415183e+01 -2.697648e+00 1.736012e+01
      vertex   -6.423763e+01 -2.795277e+00 1.720253e+01
    endloop
  endfacet
  facet normal -4.055667e-01 -6.616285e-01 6.306849e-01
    outer loop
      vertex   -6.423763e+01 -2.795277e+00 1.720253e+01
      vertex   -6.415183e+01 -2.697648e+00 1.736012e+01
      vertex   -6.423937e+01 -2.673671e+00 1.732898e+01
    endloop
  endfacet
  facet normal -5.390157e-01 -6.108080e-01 5.799791e-01
    outer loop
      vertex   -6.423763e+01 -2.795277e+00 1.720253e+01
      vertex   -6.423937e+01 -2.673671e+00 1.732898e+01
      vertex   -6.433178e+01 -2.749884e+00 1.716283e+01
    endloop
  endfacet
  facet normal -5.406255e-01 -6.092232e-01 5.801475e-01
    outer loop
      vertex   -6.433178e+01 -2.749884e+00 1.716283e+01
      vertex   -6.423937e+01 -2.673671e+00 1.732898e+01
      vertex   -6.433374e+01 -2.635418e+00 1.728121e+01
    endloop
  endfacet
  facet normal -6.938268e-01 -5.234016e-01 4.946263e-01
    outer loop
      vertex   -6.433178e+01 -2.749884e+00 1.716283e+01
      vertex   -6.433374e+01 -2.635418e+00 1.728121e+01
      vertex   -6.452260e+01 -2.613158e+00 1.703984e+01
    endloop
  endfacet
  facet normal -6.951206e-01 -5.204621e-01 4.959098e-01
    outer loop
      vertex   -6.452260e+01 -2.613158e+00 1.703984e+01
      vertex   -6.433374e+01 -2.635418e+00 1.728121e+01
      vertex   -6.452445e+01 -2.516190e+00 1.713902e+01
    endloop
  endfacet
  facet normal -8.323499e-01 -4.039855e-01 3.794593e-01
    outer loop
      vertex   -6.452260e+01 -2.613158e+00 1.703984e+01
      vertex   -6.452445e+01 -2.516190e+00 1.713902e+01
      vertex   -6.471242e+01 -2.403411e+00 1.684677e+01
    endloop
  endfacet
  facet normal -8.331923e-01 -4.004319e-01 3.813724e-01
    outer loop
      vertex   -6.471242e+01 -2.403411e+00 1.684677e+01
      vertex   -6.452445e+01 -2.516190e+00 1.713902e+01
      vertex   -6.471370e+01 -2.328113e+00 1.692304e+01
    endloop
  endfacet
  facet normal -9.202816e-01 -2.860256e-01 2.669667e-01
    outer loop
      vertex   -6.471242e+01 -2.403411e+00 1.684677e+01
      vertex   -6.471370e+01 -2.328113e+00 1.692304e+01
      vertex   -6.486212e+01 -2.145808e+00 1.660674e+01
    endloop
  endfacet
  facet normal -9.207284e-01 -2.824205e-01 2.692543e-01
    outer loop
      vertex   -6.486212e+01 -2.145808e+00 1.660674e+01
      vertex   -6.471370e+01 -2.328113e+00 1.692304e+01
      vertex   -6.486277e+01 -2.093686e+00 1.665917e+01
    endloop
  endfacet
  facet normal -9.724265e-01 -1.713537e-01 1.581920e-01
    outer loop
      vertex   -6.486212e+01 -2.145808e+00 1.660674e+01
      vertex   -6.486277e+01 -2.093686e+00 1.665917e+01
      vertex   -6.496444e+01 -1.834613e+00 1.631483e+01
    endloop
  endfacet
  facet normal -9.726045e-01 -1.676829e-01 1.610063e-01
    outer loop
      vertex   -6.496444e+01 -1.834613e+00 1.631483e+01
      vertex   -6.486277e+01 -2.093686e+00 1.665917e+01
      vertex   -6.496462e+01 -1.808158e+00 1.634133e+01
    endloop
  endfacet
  facet normal -9.970155e-01 -5.782607e-02 5.114973e-02
    outer loop
      vertex   -6.496444e+01 -1.834613e+00 1.631483e+01
      vertex   -6.496462e+01 -1.808158e+00 1.634133e+01
      vertex   -6.500000e+01 -1.500000e+00 1.600000e+01
    endloop
  endfacet
  facet normal -1.959476e-01 -7.779737e-01 5.969602e-01
    outer loop
      vertex   -6.400000e+01 -2.792893e+00 1.729289e+01
      vertex   -6.400000e+01 -2.633975e+00 1.750000e+01
      vertex   -6.407220e+01 -2.710114e+00 1.737707e+01
    endloop
  endfacet
  facet normal -4.036724e-02 -8.386570e-01 5.431620e-01
    outer loop
      vertex   -6.407220e+01 -2.710114e+00 1.737707e+01
      vertex   -6.400000e+01 -2.633975e+00 1.750000e+01
      vertex   -6.407879e+01 -2.607472e+00 1.753507e+01
    endloop
  endfacet
  facet normal -2.392857e-01 -8.187383e-01 5.219291e-01
    outer loop
      vertex   -6.407220e+01 -2.710114e+00 1.737707e+01
      vertex   -6.407879e+01 -2.607472e+00 1.753507e+01
      vertex   -6.415183e+01 -2.697648e+00 1.736012e+01
    endloop
  endfacet
  facet normal -2.519947e-01 -8.133061e-01 5.244347e-01
    outer loop
      vertex   -6.415183e+01 -2.697648e+00 1.736012e+01
      vertex   -6.407879e+01 -2.607472e+00 1.753507e+01
      vertex   -6.416367e+01 -2.595861e+00 1.751229e+01
    endloop
  endfacet
  facet normal -3.883072e-01 -7.796399e-01 4.913036e-01
    outer loop
      vertex   -6.415183e+01 -2.697648e+00 1.736012e+01
      vertex   -6.416367e+01 -2.595861e+00 1.751229e+01
      vertex   -6.423937e+01 -2.673671e+00 1.732898e+01
    endloop
  endfacet
  facet normal -4.045341e-01 -7.697459e-01 4.938050e-01
    outer loop
      vertex   -6.423937e+01 -2.673671e+00 1.732898e+01
      vertex   -6.416367e+01 -2.595861e+00 1.751229e+01
      vertex   -6.425485e+01 -2.573668e+00 1.747218e+01
    endloop
  endfacet
  facet normal -5.215884e-01 -7.249564e-01 4.498709e-01
    outer loop
      vertex   -6.423937e+01 -2.673671e+00 1.732898e+01
      vertex   -6.425485e+01 -2.573668e+00 1.747218e+01
      vertex   -6.433374e+01 -2.635418e+00 1.728121e+01
    endloop
  endfacet
  facet normal -5.378473e-01 -7.114827e-01 4.522306e-01
    outer loop
      vertex   -6.433374e+01 -2.635418e+00 1.728121e+01
      vertex   -6.425485e+01 -2.573668e+00 1.747218e+01
      vertex   -6.435119e+01 -2.538427e+00 1.741305e+01
    endloop
  endfacet
  facet normal -6.763900e-01 -6.331742e-01 3.762804e-01
    outer loop
      vertex   -6.433374e+01 -2.635418e+00 1.728121e+01
      vertex   -6.435119e+01 -2.538427e+00 1.741305e+01
      vertex   -6.452445e+01 -2.516190e+00 1.713902e+01
    endloop
  endfacet
  facet normal -6.926493e-01 -6.076185e-01 3.886344e-01
    outer loop
      vertex   -6.452445e+01 -2.516190e+00 1.713902e+01
      vertex   -6.435119e+01 -2.538427e+00 1.741305e+01
      vertex   -6.454096e+01 -2.429134e+00 1.724571e+01
    endloop
  endfacet
  facet normal -8.187130e-01 -5.003864e-01 2.816426e-01
    outer loop
      vertex   -6.452445e+01 -2.516190e+00 1.713902e+01
      vertex   -6.454096e+01 -2.429134e+00 1.724571e+01
      vertex   -6.471370e+01 -2.328113e+00 1.692304e+01
    endloop
  endfacet
  facet normal -8.315314e-01 -4.684577e-01 2.985011e-01
    outer loop
      vertex   -6.471370e+01 -2.328113e+00 1.692304e+01
      vertex   -6.454096e+01 -2.429134e+00 1.724571e+01
      vertex   -6.472508e+01 -2.257213e+00 1.700261e+01
    endloop
  endfacet
  facet normal -9.117276e-01 -3.627305e-01 1.928196e-01
    outer loop
      vertex   -6.471370e+01 -2.328113e+00 1.692304e+01
      vertex   -6.472508e+01 -2.257213e+00 1.700261e+01
      vertex   -6.486277e+01 -2.093686e+00 1.665917e+01
    endloop
  endfacet
  facet normal -9.200721e-01 -3.294086e-01 2.120314e-01
    outer loop
      vertex   -6.486277e+01 -2.093686e+00 1.665917e+01
      vertex   -6.472508e+01 -2.257213e+00 1.700261e+01
      vertex   -6.486861e+01 -2.042959e+00 1.671264e+01
    endloop
  endfacet
  facet normal -9.683075e-01 -2.252388e-01 1.079259e-01
    outer loop
      vertex   -6.486277e+01 -2.093686e+00 1.665917e+01
      vertex   -6.486861e+01 -2.042959e+00 1.671264e+01
      vertex   -6.496462e+01 -1.808158e+00 1.634133e+01
    endloop
  endfacet
  facet normal -9.728905e-01 -1.905572e-01 1.310419e-01
    outer loop
      vertex   -6.496462e+01 -1.808158e+00 1.634133e+01
      vertex   -6.486861e+01 -2.042959e+00 1.671264e+01
      vertex   -6.496618e+01 -1.781879e+00 1.636795e+01
    endloop
  endfacet
  facet normal -9.959954e-01 -8.553067e-02 2.603157e-02
    outer loop
      vertex   -6.496462e+01 -1.808158e+00 1.634133e+01
      vertex   -6.496618e+01 -1.781879e+00 1.636795e+01
      vertex   -6.500000e+01 -1.500000e+00 1.600000e+01
    endloop
  endfacet
  facet normal -1.390889e-01 -9.148993e-01 3.789637e-01
    outer loop
      vertex   -6.400000e+01 -2.633975e+00 1.750000e+01
      vertex   -6.400000e+01 -2.534074e+00 1.774118e+01
      vertex   -6.407879e+01 -2.607472e+00 1.753507e+01
    endloop
  endfacet
  facet normal -1.072064e-01 -9.229662e-01 3.696486e-01
    outer loop
      vertex   -6.407879e+01 -2.607472e+00 1.753507e+01
      vertex   -6.400000e+01 -2.534074e+00 1.774118e+01
      vertex   -6.409105e+01 -2.536290e+00 1.770924e+01
    endloop
  endfacet
  facet normal -2.197342e-01 -9.083757e-01 3.557674e-01
    outer loop
      vertex   -6.407879e+01 -2.607472e+00 1.753507e+01
      vertex   -6.409105e+01 -2.536290e+00 1.770924e+01
      vertex   -6.416367e+01 -2.595861e+00 1.751229e+01
    endloop
  endfacet
  facet normal -2.430747e-01 -8.999932e-01 3.618382e-01
    outer loop
      vertex   -6.416367e+01 -2.595861e+00 1.751229e+01
      vertex   -6.409105e+01 -2.536290e+00 1.770924e+01
      vertex   -6.418573e+01 -2.522828e+00 1.767912e+01
    endloop
  endfacet
  facet normal -3.590294e-01 -8.715050e-01 3.340313e-01
    outer loop
      vertex   -6.416367e+01 -2.595861e+00 1.751229e+01
      vertex   -6.418573e+01 -2.522828e+00 1.767912e+01
      vertex   -6.425485e+01 -2.573668e+00 1.747218e+01
    endloop
  endfacet
  facet normal -3.905181e-01 -8.552847e-01 3.405636e-01
    outer loop
      vertex   -6.425485e+01 -2.573668e+00 1.747218e+01
      vertex   -6.418573e+01 -2.522828e+00 1.767912e+01
      vertex   -6.428373e+01 -2.498485e+00 1.762788e+01
    endloop
  endfacet
  facet normal -4.866714e-01 -8.186052e-01 3.050188e-01
    outer loop
      vertex   -6.425485e+01 -2.573668e+00 1.747218e+01
      vertex   -6.428373e+01 -2.498485e+00 1.762788e+01
      vertex   -6.435119e+01 -2.538427e+00 1.741305e+01
    endloop
  endfacet
  facet normal -5.199908e-01 -7.954722e-01 3.111808e-01
    outer loop
      vertex   -6.435119e+01 -2.538427e+00 1.741305e+01
      vertex   -6.428373e+01 -2.498485e+00 1.762788e+01
      vertex   -6.438379e+01 -2.461637e+00 1.755488e+01
    endloop
  endfacet
  facet normal -6.383111e-01 -7.287757e-01 2.478808e-01
    outer loop
      vertex   -6.435119e+01 -2.538427e+00 1.741305e+01
      vertex   -6.438379e+01 -2.461637e+00 1.755488e+01
      vertex   -6.454096e+01 -2.429134e+00 1.724571e+01
    endloop
  endfacet
  facet normal -6.774867e-01 -6.831583e-01 2.725922e-01
    outer loop
      vertex   -6.454096e+01 -2.429134e+00 1.724571e+01
      vertex   -6.438379e+01 -2.461637e+00 1.755488e+01
      vertex   -6.457187e+01 -2.353705e+00 1.735793e+01
    endloop
  endfacet
  facet normal -7.874792e-01 -5.896434e-01 1.794355e-01
    outer loop
      vertex   -6.454096e+01 -2.429134e+00 1.724571e+01
      vertex   -6.457187e+01 -2.353705e+00 1.735793e+01
      vertex   -6.472508e+01 -2.257213e+00 1.700261e+01
    endloop
  endfacet
  facet normal -8.215381e-01 -5.299378e-01 2.103356e-01
    outer loop
      vertex   -6.472508e+01 -2.257213e+00 1.700261e+01
      vertex   -6.457187e+01 -2.353705e+00 1.735793e+01
      vertex   -6.474646e+01 -2.191537e+00 1.708456e+01
    endloop
  endfacet
  facet normal -8.914501e-01 -4.374818e-01 1.180101e-01
    outer loop
      vertex   -6.472508e+01 -2.257213e+00 1.700261e+01
      vertex   -6.474646e+01 -2.191537e+00 1.708456e+01
      vertex   -6.486861e+01 -2.042959e+00 1.671264e+01
    endloop
  endfacet
  facet normal -9.153899e-01 -3.729041e-01 1.516703e-01
    outer loop
      vertex   -6.486861e+01 -2.042959e+00 1.671264e+01
      vertex   -6.474646e+01 -2.191537e+00 1.708456e+01
      vertex   -6.487961e+01 -1.993906e+00 1.676685e+01
    endloop
  endfacet
  facet normal -9.581489e-01 -2.801177e-01 5.903239e-02
    outer loop
      vertex   -6.486861e+01 -2.042959e+00 1.671264e+01
      vertex   -6.487961e+01 -1.993906e+00 1.676685e+01
      vertex   -6.496618e+01 -1.781879e+00 1.636795e+01
    endloop
  endfacet
  facet normal -9.724485e-01 -2.111475e-01 9.879555e-02
    outer loop
      vertex   -6.496618e+01 -1.781879e+00 1.636795e+01
      vertex   -6.487961e+01 -1.993906e+00 1.676685e+01
      vertex   -6.496912e+01 -1.755815e+00 1.639467e+01
    endloop
  endfacet
  facet normal -9.933274e-01 -1.152896e-01 2.988679e-03
    outer loop
      vertex   -6.496618e+01 -1.781879e+00 1.636795e+01
      vertex   -6.496912e+01 -1.755815e+00 1.639467e+01
      vertex   -6.500000e+01 -1.500000e+00 1.600000e+01
    endloop
  endfacet
  facet normal -5.303597e-02 -9.743295e-01 2.187903e-01
    outer loop
      vertex   -6.409105e+01 -2.536290e+00 1.770924e+01
      vertex   -6.400000e+01 -2.534074e+00 1.774118e+01
      vertex   -6.410360e+01 -2.504866e+00 1.784614e+01
    endloop
  endfacet
  facet normal -1.457088e-01 -9.808637e-01 1.291332e-01
    outer loop
      vertex   -6.410360e+01 -2.504866e+00 1.784614e+01
      vertex   -6.400000e+01 -2.534074e+00 1.774118e+01
      vertex   -6.400000e+01 -2.500000e+00 1.800000e+01
    endloop
  endfacet
  facet normal -5.571436e-02 -9.960585e-01 6.901669e-02
    outer loop
      vertex   -6.410360e+01 -2.504866e+00 1.784614e+01
      vertex   -6.400000e+01 -2.500000e+00 1.800000e+01
      vertex   -6.409802e+01 -2.495185e+00 1.799037e+01
    endloop
  endfacet
  facet normal -1.673505e-01 -9.832298e-01 7.247784e-02
    outer loop
      vertex   -6.409802e+01 -2.495185e+00 1.799037e+01
      vertex   -6.419509e+01 -2.480785e+00 1.796157e+01
      vertex   -6.410360e+01 -2.504866e+00 1.784614e+01
    endloop
  endfacet
  facet normal -1.779151e-01 -9.819727e-01 6.384237e-02
    outer loop
      vertex   -6.410360e+01 -2.504866e+00 1.784614e+01
      vertex   -6.419509e+01 -2.480785e+00 1.796157e+01
      vertex   -6.420838e+01 -2.488238e+00 1.780989e+01
    endloop
  endfacet
  facet normal -2.244780e-01 -9.509918e-01 2.126601e-01
    outer loop
      vertex   -6.410360e+01 -2.504866e+00 1.784614e+01
      vertex   -6.420838e+01 -2.488238e+00 1.780989e+01
      vertex   -6.418573e+01 -2.522828e+00 1.767912e+01
    endloop
  endfacet
  facet normal -3.282441e-01 -9.256956e-01 1.879987e-01
    outer loop
      vertex   -6.418573e+01 -2.522828e+00 1.767912e+01
      vertex   -6.420838e+01 -2.488238e+00 1.780989e+01
      vertex   -6.428373e+01 -2.498485e+00 1.762788e+01
    endloop
  endfacet
  facet normal -2.758131e-01 -9.585653e-01 7.127122e-02
    outer loop
      vertex   -6.419509e+01 -2.480785e+00 1.796157e+01
      vertex   -6.429028e+01 -2.456940e+00 1.791388e+01
      vertex   -6.420838e+01 -2.488238e+00 1.780989e+01
    endloop
  endfacet
  facet normal -2.923493e-01 -9.546080e-01 5.705604e-02
    outer loop
      vertex   -6.420838e+01 -2.488238e+00 1.780989e+01
      vertex   -6.429028e+01 -2.456940e+00 1.791388e+01
      vertex   -6.431344e+01 -2.459677e+00 1.774943e+01
    endloop
  endfacet
  facet normal -3.632958e-01 -9.096001e-01 2.016031e-01
    outer loop
      vertex   -6.420838e+01 -2.488238e+00 1.780989e+01
      vertex   -6.431344e+01 -2.459677e+00 1.774943e+01
      vertex   -6.428373e+01 -2.498485e+00 1.762788e+01
    endloop
  endfacet
  facet normal -4.478039e-01 -8.776764e-01 1.707507e-01
    outer loop
      vertex   -6.428373e+01 -2.498485e+00 1.762788e+01
      vertex   -6.431344e+01 -2.459677e+00 1.774943e+01
      vertex   -6.438379e+01 -2.461637e+00 1.755488e+01
    endloop
  endfacet
  facet normal -3.793622e-01 -9.226883e-01 6.877897e-02
    outer loop
      vertex   -6.429028e+01 -2.456940e+00 1.791388e+01
      vertex   -6.438268e+01 -2.423880e+00 1.784776e+01
      vertex   -6.431344e+01 -2.459677e+00 1.774943e+01
    endloop
  endfacet
  facet normal -4.021167e-01 -9.142396e-01 4.967982e-02
    outer loop
      vertex   -6.431344e+01 -2.459677e+00 1.774943e+01
      vertex   -6.438268e+01 -2.423880e+00 1.784776e+01
      vertex   -6.441741e+01 -2.418534e+00 1.766502e+01
    endloop
  endfacet
  facet normal -4.877731e-01 -8.531525e-01 1.849547e-01
    outer loop
      vertex   -6.431344e+01 -2.459677e+00 1.774943e+01
      vertex   -6.441741e+01 -2.418534e+00 1.766502e+01
      vertex   -6.438379e+01 -2.461637e+00 1.755488e+01
    endloop
  endfacet
  facet normal -5.925297e-01 -7.949577e-01 1.301951e-01
    outer loop
      vertex   -6.438379e+01 -2.461637e+00 1.755488e+01
      vertex   -6.441741e+01 -2.418534e+00 1.766502e+01
      vertex   -6.457187e+01 -2.353705e+00 1.735793e+01
    endloop
  endfacet
  facet normal -5.324111e-01 -8.430197e-01 7.652564e-02
    outer loop
      vertex   -6.438268e+01 -2.423880e+00 1.784776e+01
      vertex   -6.455557e+01 -2.331470e+00 1.766294e+01
      vertex   -6.441741e+01 -2.418534e+00 1.766502e+01
    endloop
  endfacet
  facet normal -5.332578e-01 -8.457516e-01 1.844546e-02
    outer loop
      vertex   -6.441741e+01 -2.418534e+00 1.766502e+01
      vertex   -6.455557e+01 -2.331470e+00 1.766294e+01
      vertex   -6.460394e+01 -2.305743e+00 1.744407e+01
    endloop
  endfacet
  facet normal -6.498170e-01 -7.407313e-01 1.704555e-01
    outer loop
      vertex   -6.441741e+01 -2.418534e+00 1.766502e+01
      vertex   -6.460394e+01 -2.305743e+00 1.744407e+01
      vertex   -6.457187e+01 -2.353705e+00 1.735793e+01
    endloop
  endfacet
  facet normal -7.481300e-01 -6.577399e-01 8.763410e-02
    outer loop
      vertex   -6.457187e+01 -2.353705e+00 1.735793e+01
      vertex   -6.460394e+01 -2.305743e+00 1.744407e+01
      vertex   -6.474646e+01 -2.191537e+00 1.708456e+01
    endloop
  endfacet
  facet normal -7.000024e-01 -7.105837e-01 7.118582e-02
    outer loop
      vertex   -6.455557e+01 -2.331470e+00 1.766294e+01
      vertex   -6.470711e+01 -2.207107e+00 1.741421e+01
      vertex   -6.460394e+01 -2.305743e+00 1.744407e+01
    endloop
  endfacet
  facet normal -6.902634e-01 -7.235389e-01 -5.274874e-03
    outer loop
      vertex   -6.460394e+01 -2.305743e+00 1.744407e+01
      vertex   -6.470711e+01 -2.207107e+00 1.741421e+01
      vertex   -6.476879e+01 -2.146313e+00 1.714679e+01
    endloop
  endfacet
  facet normal -8.030535e-01 -5.806707e-01 1.338908e-01
    outer loop
      vertex   -6.460394e+01 -2.305743e+00 1.744407e+01
      vertex   -6.476879e+01 -2.146313e+00 1.714679e+01
      vertex   -6.474646e+01 -2.191537e+00 1.708456e+01
    endloop
  endfacet
  facet normal -8.650838e-01 -4.989027e-01 5.221211e-02
    outer loop
      vertex   -6.474646e+01 -2.191537e+00 1.708456e+01
      vertex   -6.476879e+01 -2.146313e+00 1.714679e+01
      vertex   -6.487961e+01 -1.993906e+00 1.676685e+01
    endloop
  endfacet
  facet normal -8.330955e-01 -5.490142e-01 6.734479e-02
    outer loop
      vertex   -6.470711e+01 -2.207107e+00 1.741421e+01
      vertex   -6.483147e+01 -2.055570e+00 1.711114e+01
      vertex   -6.476879e+01 -2.146313e+00 1.714679e+01
    endloop
  endfacet
  facet normal -8.183810e-01 -5.742277e-01 -2.269822e-02
    outer loop
      vertex   -6.476879e+01 -2.146313e+00 1.714679e+01
      vertex   -6.483147e+01 -2.055570e+00 1.711114e+01
      vertex   -6.489116e+01 -1.958506e+00 1.680766e+01
    endloop
  endfacet
  facet normal -9.063763e-01 -4.105380e-01 9.970227e-02
    outer loop
      vertex   -6.476879e+01 -2.146313e+00 1.714679e+01
      vertex   -6.489116e+01 -1.958506e+00 1.680766e+01
      vertex   -6.487961e+01 -1.993906e+00 1.676685e+01
    endloop
  endfacet
  facet normal -9.445177e-01 -3.280033e-01 1.732260e-02
    outer loop
      vertex   -6.487961e+01 -1.993906e+00 1.676685e+01
      vertex   -6.489116e+01 -1.958506e+00 1.680766e+01
      vertex   -6.496912e+01 -1.755815e+00 1.639467e+01
    endloop
  endfacet
  facet normal -9.290606e-01 -3.639323e-01 6.633045e-02
    outer loop
      vertex   -6.483147e+01 -2.055570e+00 1.711114e+01
      vertex   -6.492388e+01 -1.882683e+00 1.676537e+01
      vertex   -6.489116e+01 -1.958506e+00 1.680766e+01
    endloop
  endfacet
  facet normal -9.066490e-01 -4.189537e-01 -4.965294e-02
    outer loop
      vertex   -6.489116e+01 -1.958506e+00 1.680766e+01
      vertex   -6.492388e+01 -1.882683e+00 1.676537e+01
      vertex   -6.497222e+01 -1.736503e+00 1.641467e+01
    endloop
  endfacet
  facet normal -9.708062e-01 -2.291826e-01 7.078548e-02
    outer loop
      vertex   -6.489116e+01 -1.958506e+00 1.680766e+01
      vertex   -6.497222e+01 -1.736503e+00 1.641467e+01
      vertex   -6.496912e+01 -1.755815e+00 1.639467e+01
    endloop
  endfacet
  facet normal -9.895982e-01 -1.430441e-01 -1.529284e-02
    outer loop
      vertex   -6.496912e+01 -1.755815e+00 1.639467e+01
      vertex   -6.497222e+01 -1.736503e+00 1.641467e+01
      vertex   -6.500000e+01 -1.500000e+00 1.600000e+01
    endloop
  endfacet
  facet normal -8.696686e-01 4.014681e-01 2.872280e-01
    outer loop
      vertex   -6.492388e+01 -1.882683e+00 1.676537e+01
      vertex   -6.500000e+01 -1.500000e+00 1.600000e+01
      vertex   -6.497222e+01 -1.736503e+00 1.641467e+01
    endloop
  endfacet
  facet normal -9.267207e-01 -6.240499e-02 3.705326e-01
    outer loop
      vertex   -6.483147e+01 -2.611141e+00 1.655557e+01
      vertex   -6.488637e+01 -2.291905e+00 1.647202e+01
      vertex   -6.492388e+01 -2.265367e+00 1.638268e+01
    endloop
  endfacet
  facet normal -9.180786e-01 3.241025e-02 3.950713e-01
    outer loop
      vertex   -6.492388e+01 -2.265367e+00 1.638268e+01
      vertex   -6.488637e+01 -2.291905e+00 1.647202e+01
      vertex   -6.497094e+01 -1.906961e+00 1.624393e+01
    endloop
  endfacet
  facet normal -9.376475e-01 -2.255078e-01 -2.645058e-01
    outer loop
      vertex   -6.492388e+01 -2.265367e+00 1.638268e+01
      vertex   -6.497094e+01 -1.906961e+00 1.624393e+01
      vertex   -6.500000e+01 -1.500000e+00 1.600000e+01
    endloop
  endfacet
  facet normal -8.316520e-01 2.303004e-03 5.552924e-01
    outer loop
      vertex   -6.488637e+01 -2.291905e+00 1.647202e+01
      vertex   -6.483147e+01 -2.611141e+00 1.655557e+01
      vertex   -6.475955e+01 -2.622736e+00 1.666333e+01
    endloop
  endfacet
  facet normal -8.332102e-01 -6.748765e-02 5.488226e-01
    outer loop
      vertex   -6.475955e+01 -2.622736e+00 1.666333e+01
      vertex   -6.483147e+01 -2.611141e+00 1.655557e+01
      vertex   -6.470711e+01 -2.914214e+00 1.670711e+01
    endloop
  endfacet
  facet normal -7.060892e-01 -2.073855e-02 7.078192e-01
    outer loop
      vertex   -6.475955e+01 -2.622736e+00 1.666333e+01
      vertex   -6.470711e+01 -2.914214e+00 1.670711e+01
      vertex   -6.459069e+01 -2.910701e+00 1.682334e+01
    endloop
  endfacet
  facet normal -7.034192e-01 -7.516450e-02 7.067898e-01
    outer loop
      vertex   -6.459069e+01 -2.910701e+00 1.682334e+01
      vertex   -6.470711e+01 -2.914214e+00 1.670711e+01
      vertex   -6.455557e+01 -3.162939e+00 1.683147e+01
    endloop
  endfacet
  facet normal -5.480164e-01 -4.939209e-02 8.350080e-01
    outer loop
      vertex   -6.459069e+01 -2.910701e+00 1.682334e+01
      vertex   -6.455557e+01 -3.162939e+00 1.683147e+01
      vertex   -6.440355e+01 -3.122272e+00 1.693365e+01
    endloop
  endfacet
  facet normal -5.397648e-01 -8.622007e-02 8.373888e-01
    outer loop
      vertex   -6.440355e+01 -3.122272e+00 1.693365e+01
      vertex   -6.455557e+01 -3.162939e+00 1.683147e+01
      vertex   -6.438268e+01 -3.347759e+00 1.692388e+01
    endloop
  endfacet
  facet normal -4.083963e-01 -7.719125e-02 9.095350e-01
    outer loop
      vertex   -6.440355e+01 -3.122272e+00 1.693365e+01
      vertex   -6.438268e+01 -3.347759e+00 1.692388e+01
      vertex   -6.430120e+01 -3.202212e+00 1.697282e+01
    endloop
  endfacet
  facet normal -3.913422e-01 -8.889314e-02 9.159418e-01
    outer loop
      vertex   -6.430120e+01 -3.202212e+00 1.697282e+01
      vertex   -6.438268e+01 -3.347759e+00 1.692388e+01
      vertex   -6.429028e+01 -3.413881e+00 1.695694e+01
    endloop
  endfacet
  facet normal -2.965429e-01 -8.664048e-02 9.510814e-01
    outer loop
      vertex   -6.430120e+01 -3.202212e+00 1.697282e+01
      vertex   -6.429028e+01 -3.413881e+00 1.695694e+01
      vertex   -6.419906e+01 -3.259051e+00 1.699949e+01
    endloop
  endfacet
  facet normal -2.858180e-01 -9.367770e-02 9.536942e-01
    outer loop
      vertex   -6.419906e+01 -3.259051e+00 1.699949e+01
      vertex   -6.429028e+01 -3.413881e+00 1.695694e+01
      vertex   -6.419509e+01 -3.461571e+00 1.698079e+01
    endloop
  endfacet
  facet normal -1.797860e-01 -9.395704e-02 9.792084e-01
    outer loop
      vertex   -6.419906e+01 -3.259051e+00 1.699949e+01
      vertex   -6.419509e+01 -3.461571e+00 1.698079e+01
      vertex   -6.409844e+01 -3.292893e+00 1.701472e+01
    endloop
  endfacet
  facet normal -1.742151e-01 -9.728632e-02 9.798900e-01
    outer loop
      vertex   -6.409844e+01 -3.292893e+00 1.701472e+01
      vertex   -6.419509e+01 -3.461571e+00 1.698079e+01
      vertex   -6.409802e+01 -3.490369e+00 1.699518e+01
    endloop
  endfacet
  facet normal -9.946184e-01 -1.242646e-02 1.028587e-01
    outer loop
      vertex   -6.496565e+01 -1.861210e+00 1.628850e+01
      vertex   -6.500000e+01 -1.500000e+00 1.600000e+01
      vertex   -6.496726e+01 -1.879270e+00 1.627080e+01
    endloop
  endfacet
  facet normal -9.916168e-01 6.532171e-03 1.290483e-01
    outer loop
      vertex   -6.496726e+01 -1.879270e+00 1.627080e+01
      vertex   -6.500000e+01 -1.500000e+00 1.600000e+01
      vertex   -6.497094e+01 -1.906961e+00 1.624393e+01
    endloop
  endfacet
  facet normal -2.004729e-01 -9.587144e-01 2.016859e-01
    outer loop
      vertex   -6.418573e+01 -2.522828e+00 1.767912e+01
      vertex   -6.409105e+01 -2.536290e+00 1.770924e+01
      vertex   -6.410360e+01 -2.504866e+00 1.784614e+01
    endloop
  endfacet
  facet normal -2.337397e-01 -2.754067e-01 9.324789e-01
    outer loop
      vertex   -6.419906e+01 -3.259051e+00 1.699949e+01
      vertex   -6.409844e+01 -3.292893e+00 1.701472e+01
      vertex   -6.408332e+01 -3.107296e+00 1.707332e+01
    endloop
  endfacet
  facet normal -2.422661e-01 -4.240044e-01 8.726554e-01
    outer loop
      vertex   -6.408332e+01 -3.107296e+00 1.707332e+01
      vertex   -6.407657e+01 -2.993355e+00 1.713056e+01
      vertex   -6.417182e+01 -3.081555e+00 1.706126e+01
    endloop
  endfacet
  facet normal -2.316385e-01 -4.339178e-01 8.706658e-01
    outer loop
      vertex   -6.417182e+01 -3.081555e+00 1.706126e+01
      vertex   -6.407657e+01 -2.993355e+00 1.713056e+01
      vertex   -6.415968e+01 -2.972215e+00 1.711898e+01
    endloop
  endfacet
  facet normal -3.892520e-01 -3.958657e-01 8.317291e-01
    outer loop
      vertex   -6.417182e+01 -3.081555e+00 1.706126e+01
      vertex   -6.415968e+01 -2.972215e+00 1.711898e+01
      vertex   -6.426551e+01 -3.036950e+00 1.703864e+01
    endloop
  endfacet
  facet normal -3.775797e-01 -4.119360e-01 8.293023e-01
    outer loop
      vertex   -6.426551e+01 -3.036950e+00 1.703864e+01
      vertex   -6.415968e+01 -2.972215e+00 1.711898e+01
      vertex   -6.424964e+01 -2.934613e+00 1.709670e+01
    endloop
  endfacet
  facet normal -5.189061e-01 -3.595215e-01 7.755519e-01
    outer loop
      vertex   -6.426551e+01 -3.036950e+00 1.703864e+01
      vertex   -6.424964e+01 -2.934613e+00 1.709670e+01
      vertex   -6.436322e+01 -2.972185e+00 1.700329e+01
    endloop
  endfacet
  facet normal -5.093988e-01 -3.798369e-01 7.721637e-01
    outer loop
      vertex   -6.436322e+01 -2.972185e+00 1.700329e+01
      vertex   -6.424964e+01 -2.934613e+00 1.709670e+01
      vertex   -6.434532e+01 -2.878623e+00 1.706112e+01
    endloop
  endfacet
  facet normal -6.682298e-01 -2.944638e-01 6.831984e-01
    outer loop
      vertex   -6.436322e+01 -2.972185e+00 1.700329e+01
      vertex   -6.434532e+01 -2.878623e+00 1.706112e+01
      vertex   -6.455234e+01 -2.792740e+00 1.689565e+01
    endloop
  endfacet
  facet normal -6.691464e-01 -3.329496e-01 6.643701e-01
    outer loop
      vertex   -6.455234e+01 -2.792740e+00 1.689565e+01
      vertex   -6.434532e+01 -2.878623e+00 1.706112e+01
      vertex   -6.453540e+01 -2.718132e+00 1.695010e+01
    endloop
  endfacet
  facet normal -8.094590e-01 -2.149980e-01 5.463991e-01
    outer loop
      vertex   -6.455234e+01 -2.792740e+00 1.689565e+01
      vertex   -6.453540e+01 -2.718132e+00 1.695010e+01
      vertex   -6.473294e+01 -2.537117e+00 1.672869e+01
    endloop
  endfacet
  facet normal -8.161984e-01 -2.589073e-01 5.165145e-01
    outer loop
      vertex   -6.473294e+01 -2.537117e+00 1.672869e+01
      vertex   -6.453540e+01 -2.718132e+00 1.695010e+01
      vertex   -6.472125e+01 -2.482227e+00 1.677467e+01
    endloop
  endfacet
  facet normal -9.044954e-01 -1.437612e-01 4.015230e-01
    outer loop
      vertex   -6.473294e+01 -2.537117e+00 1.672869e+01
      vertex   -6.472125e+01 -2.482227e+00 1.677467e+01
      vertex   -6.487265e+01 -2.235547e+00 1.652194e+01
    endloop
  endfacet
  facet normal -9.123241e-01 -1.864291e-01 3.645667e-01
    outer loop
      vertex   -6.487265e+01 -2.235547e+00 1.652194e+01
      vertex   -6.472125e+01 -2.482227e+00 1.677467e+01
      vertex   -6.486665e+01 -2.199038e+00 1.655564e+01
    endloop
  endfacet
  facet normal -9.640054e-01 -7.648136e-02 2.546453e-01
    outer loop
      vertex   -6.487265e+01 -2.235547e+00 1.652194e+01
      vertex   -6.486665e+01 -2.199038e+00 1.655564e+01
      vertex   -6.496726e+01 -1.879270e+00 1.627080e+01
    endloop
  endfacet
  facet normal -9.705878e-01 -1.189219e-01 2.093250e-01
    outer loop
      vertex   -6.496726e+01 -1.879270e+00 1.627080e+01
      vertex   -6.486665e+01 -2.199038e+00 1.655564e+01
      vertex   -6.496565e+01 -1.861210e+00 1.628850e+01
    endloop
  endfacet
  facet normal -3.738460e-01 -2.531508e-01 8.922745e-01
    outer loop
      vertex   -6.430120e+01 -3.202212e+00 1.697282e+01
      vertex   -6.419906e+01 -3.259051e+00 1.699949e+01
      vertex   -6.417182e+01 -3.081555e+00 1.706126e+01
    endloop
  endfacet
  facet normal -2.120469e-01 -2.920149e-01 9.326111e-01
    outer loop
      vertex   -6.417182e+01 -3.081555e+00 1.706126e+01
      vertex   -6.419906e+01 -3.259051e+00 1.699949e+01
      vertex   -6.408332e+01 -3.107296e+00 1.707332e+01
    endloop
  endfacet
  facet normal -3.494016e-01 -2.806039e-01 8.939687e-01
    outer loop
      vertex   -6.430120e+01 -3.202212e+00 1.697282e+01
      vertex   -6.417182e+01 -3.081555e+00 1.706126e+01
      vertex   -6.426551e+01 -3.036950e+00 1.703864e+01
    endloop
  endfacet
  facet normal -4.972631e-01 -2.262187e-01 8.375885e-01
    outer loop
      vertex   -6.440355e+01 -3.122272e+00 1.693365e+01
      vertex   -6.430120e+01 -3.202212e+00 1.697282e+01
      vertex   -6.426551e+01 -3.036950e+00 1.703864e+01
    endloop
  endfacet
  facet normal -4.768436e-01 -2.612995e-01 8.392513e-01
    outer loop
      vertex   -6.440355e+01 -3.122272e+00 1.693365e+01
      vertex   -6.426551e+01 -3.036950e+00 1.703864e+01
      vertex   -6.436322e+01 -2.972185e+00 1.700329e+01
    endloop
  endfacet
  facet normal -6.395310e-01 -1.754599e-01 7.484744e-01
    outer loop
      vertex   -6.459069e+01 -2.910701e+00 1.682334e+01
      vertex   -6.440355e+01 -3.122272e+00 1.693365e+01
      vertex   -6.436322e+01 -2.972185e+00 1.700329e+01
    endloop
  endfacet
  facet normal -6.413515e-01 -2.385255e-01 7.292282e-01
    outer loop
      vertex   -6.459069e+01 -2.910701e+00 1.682334e+01
      vertex   -6.436322e+01 -2.972185e+00 1.700329e+01
      vertex   -6.455234e+01 -2.792740e+00 1.689565e+01
    endloop
  endfacet
  facet normal -7.828473e-01 -1.197801e-01 6.105758e-01
    outer loop
      vertex   -6.475955e+01 -2.622736e+00 1.666333e+01
      vertex   -6.459069e+01 -2.910701e+00 1.682334e+01
      vertex   -6.455234e+01 -2.792740e+00 1.689565e+01
    endloop
  endfacet
  facet normal -7.975440e-01 -1.893532e-01 5.727730e-01
    outer loop
      vertex   -6.475955e+01 -2.622736e+00 1.666333e+01
      vertex   -6.455234e+01 -2.792740e+00 1.689565e+01
      vertex   -6.473294e+01 -2.537117e+00 1.672869e+01
    endloop
  endfacet
  facet normal -8.856955e-01 -7.453701e-02 4.582441e-01
    outer loop
      vertex   -6.488637e+01 -2.291905e+00 1.647202e+01
      vertex   -6.475955e+01 -2.622736e+00 1.666333e+01
      vertex   -6.473294e+01 -2.537117e+00 1.672869e+01
    endloop
  endfacet
  facet normal -9.030304e-01 -1.399067e-01 4.061555e-01
    outer loop
      vertex   -6.488637e+01 -2.291905e+00 1.647202e+01
      vertex   -6.473294e+01 -2.537117e+00 1.672869e+01
      vertex   -6.487265e+01 -2.235547e+00 1.652194e+01
    endloop
  endfacet
  facet normal -9.537596e-01 -3.246302e-02 2.988123e-01
    outer loop
      vertex   -6.497094e+01 -1.906961e+00 1.624393e+01
      vertex   -6.488637e+01 -2.291905e+00 1.647202e+01
      vertex   -6.487265e+01 -2.235547e+00 1.652194e+01
    endloop
  endfacet
  facet normal -9.684844e-01 -9.481752e-02 2.303204e-01
    outer loop
      vertex   -6.497094e+01 -1.906961e+00 1.624393e+01
      vertex   -6.487265e+01 -2.235547e+00 1.652194e+01
      vertex   -6.496726e+01 -1.879270e+00 1.627080e+01
    endloop
  endfacet
  facet normal 0.000000e+00 -9.914449e-01 1.305262e-01
    outer loop
      vertex   -6.300000e+01 -2.500000e+00 1.800000e+01
      vertex   -6.400000e+01 -2.500000e+00 1.800000e+01
      vertex   -6.300000e+01 -2.534074e+00 1.774118e+01
    endloop
  endfacet
  facet normal 8.571477e-16 -9.914449e-01 1.305262e-01
    outer loop
      vertex   -6.300000e+01 -2.534074e+00 1.774118e+01
      vertex   -6.400000e+01 -2.500000e+00 1.800000e+01
      vertex   -6.400000e+01 -2.534074e+00 1.774118e+01
    endloop
  endfacet
  facet normal -1.287099e-16 -9.238795e-01 3.826834e-01
    outer loop
      vertex   -6.300000e+01 -2.534074e+00 1.774118e+01
      vertex   -6.400000e+01 -2.534074e+00 1.774118e+01
      vertex   -6.300000e+01 -2.633975e+00 1.750000e+01
    endloop
  endfacet
  facet normal 1.641140e-15 -9.238795e-01 3.826834e-01
    outer loop
      vertex   -6.300000e+01 -2.633975e+00 1.750000e+01
      vertex   -6.400000e+01 -2.534074e+00 1.774118e+01
      vertex   -6.400000e+01 -2.633975e+00 1.750000e+01
    endloop
  endfacet
  facet normal 1.409279e-15 -7.933533e-01 6.087614e-01
    outer loop
      vertex   -6.300000e+01 -2.633975e+00 1.750000e+01
      vertex   -6.400000e+01 -2.633975e+00 1.750000e+01
      vertex   -6.300000e+01 -2.792893e+00 1.729289e+01
    endloop
  endfacet
  facet normal 1.761598e-15 -7.933533e-01 6.087614e-01
    outer loop
      vertex   -6.300000e+01 -2.792893e+00 1.729289e+01
      vertex   -6.400000e+01 -2.633975e+00 1.750000e+01
      vertex   -6.400000e+01 -2.792893e+00 1.729289e+01
    endloop
  endfacet
  facet normal 1.351722e-15 -6.087614e-01 7.933533e-01
    outer loop
      vertex   -6.300000e+01 -2.792893e+00 1.729289e+01
      vertex   -6.400000e+01 -2.792893e+00 1.729289e+01
      vertex   -6.300000e+01 -3.000000e+00 1.713397e+01
    endloop
  endfacet
  facet normal -9.261466e-16 -6.087614e-01 7.933533e-01
    outer loop
      vertex   -6.300000e+01 -3.000000e+00 1.713397e+01
      vertex   -6.400000e+01 -2.792893e+00 1.729289e+01
      vertex   -6.400000e+01 -3.000000e+00 1.713397e+01
    endloop
  endfacet
  facet normal -2.092660e-15 -3.826834e-01 9.238795e-01
    outer loop
      vertex   -6.300000e+01 -3.000000e+00 1.713397e+01
      vertex   -6.400000e+01 -3.000000e+00 1.713397e+01
      vertex   -6.300000e+01 -3.241181e+00 1.703407e+01
    endloop
  endfacet
  facet normal 8.497279e-16 -3.826834e-01 9.238795e-01
    outer loop
      vertex   -6.300000e+01 -3.241181e+00 1.703407e+01
      vertex   -6.400000e+01 -3.000000e+00 1.713397e+01
      vertex   -6.400000e+01 -3.241181e+00 1.703407e+01
    endloop
  endfacet
  facet normal 2.898264e-16 -1.305262e-01 9.914449e-01
    outer loop
      vertex   -6.300000e+01 -3.241181e+00 1.703407e+01
      vertex   -6.400000e+01 -3.241181e+00 1.703407e+01
      vertex   -6.300000e+01 -3.500000e+00 1.700000e+01
    endloop
  endfacet
  facet normal 2.898264e-16 -1.305262e-01 9.914449e-01
    outer loop
      vertex   -6.300000e+01 -3.500000e+00 1.700000e+01
      vertex   -6.400000e+01 -3.241181e+00 1.703407e+01
      vertex   -6.400000e+01 -3.500000e+00 1.700000e+01
    endloop
  endfacet
  facet normal 0.000000e+00 -0.000000e+00 1.000000e+00
    outer loop
      vertex   -6.300000e+01 -1.300000e+01 1.700000e+01
      vertex   -6.300000e+01 -3.500000e+00 1.700000e+01
      vertex   -6.400000e+01 -1.300000e+01 1.700000e+01
    endloop
  endfacet
  facet normal 0.000000e+00 0.000000e+00 1.000000e+00
    outer loop
      vertex   -6.400000e+01 -1.300000e+01 1.700000e+01
      vertex   -6.300000e+01 -3.500000e+00 1.700000e+01
      vertex   -6.400000e+01 -3.500000e+00 1.700000e+01
    endloop
  endfacet
  facet normal -9.791039e-01 -4.279966e-03 2.033158e-01
    outer loop
      vertex   -6.492388e+01 -1.423463e+01 1.638268e+01
      vertex   -6.496593e+01 -1.050000e+01 1.625882e+01
      vertex   -6.500000e+01 -1.500000e+01 1.600000e+01
    endloop
  endfacet
  facet normal -9.914449e-01 0.000000e+00 1.305262e-01
    outer loop
      vertex   -6.500000e+01 -1.500000e+01 1.600000e+01
      vertex   -6.496593e+01 -1.050000e+01 1.625882e+01
      vertex   -6.496593e+01 -6.000000e+00 1.625882e+01
    endloop
  endfacet
  facet normal -9.914449e-01 0.000000e+00 1.305262e-01
    outer loop
      vertex   -6.500000e+01 -1.500000e+01 1.600000e+01
      vertex   -6.496593e+01 -6.000000e+00 1.625882e+01
      vertex   -6.500000e+01 -1.500000e+00 1.600000e+01
    endloop
  endfacet
  facet normal -9.791039e-01 4.279966e-03 2.033158e-01
    outer loop
      vertex   -6.500000e+01 -1.500000e+00 1.600000e+01
      vertex   -6.496593e+01 -6.000000e+00 1.625882e+01
      vertex   -6.492388e+01 -2.265367e+00 1.638268e+01
    endloop
  endfacet
  facet normal -9.238771e-01 -2.290751e-03 3.826824e-01
    outer loop
      vertex   -6.492388e+01 -2.265367e+00 1.638268e+01
      vertex   -6.496593e+01 -6.000000e+00 1.625882e+01
      vertex   -6.486603e+01 -6.000000e+00 1.650000e+01
    endloop
  endfacet
  facet normal -8.809030e-01 1.221406e-03 4.732953e-01
    outer loop
      vertex   -6.492388e+01 -2.265367e+00 1.638268e+01
      vertex   -6.486603e+01 -6.000000e+00 1.650000e+01
      vertex   -6.483147e+01 -2.611141e+00 1.655557e+01
    endloop
  endfacet
  facet normal -7.933519e-01 -1.892687e-03 6.087603e-01
    outer loop
      vertex   -6.483147e+01 -2.611141e+00 1.655557e+01
      vertex   -6.486603e+01 -6.000000e+00 1.650000e+01
      vertex   -6.470711e+01 -6.000000e+00 1.670711e+01
    endloop
  endfacet
  facet normal -7.730105e-01 0.000000e+00 6.343933e-01
    outer loop
      vertex   -6.483147e+01 -2.611141e+00 1.655557e+01
      vertex   -6.470711e+01 -6.000000e+00 1.670711e+01
      vertex   -6.470711e+01 -2.914214e+00 1.670711e+01
    endloop
  endfacet
  facet normal -6.343933e-01 0.000000e+00 7.730105e-01
    outer loop
      vertex   -6.470711e+01 -2.914214e+00 1.670711e+01
      vertex   -6.470711e+01 -6.000000e+00 1.670711e+01
      vertex   -6.455557e+01 -3.162939e+00 1.683147e+01
    endloop
  endfacet
  facet normal -6.087599e-01 -2.260807e-03 7.933513e-01
    outer loop
      vertex   -6.455557e+01 -3.162939e+00 1.683147e+01
      vertex   -6.470711e+01 -6.000000e+00 1.670711e+01
      vertex   -6.450000e+01 -6.000000e+00 1.686603e+01
    endloop
  endfacet
  facet normal -4.701135e-01 1.542012e-03 8.826046e-01
    outer loop
      vertex   -6.455557e+01 -3.162939e+00 1.683147e+01
      vertex   -6.450000e+01 -6.000000e+00 1.686603e+01
      vertex   -6.438268e+01 -3.347759e+00 1.692388e+01
    endloop
  endfacet
  facet normal -3.826814e-01 -3.225610e-03 9.238747e-01
    outer loop
      vertex   -6.438268e+01 -3.347759e+00 1.692388e+01
      vertex   -6.450000e+01 -6.000000e+00 1.686603e+01
      vertex   -6.425882e+01 -6.000000e+00 1.696593e+01
    endloop
  endfacet
  facet normal -3.374192e-01 -8.346791e-04 9.413541e-01
    outer loop
      vertex   -6.438268e+01 -3.347759e+00 1.692388e+01
      vertex   -6.425882e+01 -6.000000e+00 1.696593e+01
      vertex   -6.429028e+01 -3.413881e+00 1.695694e+01
    endloop
  endfacet
  facet normal -2.427838e-01 4.165711e-04 9.700803e-01
    outer loop
      vertex   -6.429028e+01 -3.413881e+00 1.695694e+01
      vertex   -6.425882e+01 -6.000000e+00 1.696593e+01
      vertex   -6.419509e+01 -3.461571e+00 1.698079e+01
    endloop
  endfacet
  facet normal -1.473371e-01 -2.090917e-03 9.890841e-01
    outer loop
      vertex   -6.419509e+01 -3.461571e+00 1.698079e+01
      vertex   -6.425882e+01 -6.000000e+00 1.696593e+01
      vertex   -6.409802e+01 -3.490369e+00 1.699518e+01
    endloop
  endfacet
  facet normal -4.989384e-02 -8.446817e-03 9.987188e-01
    outer loop
      vertex   -6.409802e+01 -3.490369e+00 1.699518e+01
      vertex   -6.425882e+01 -6.000000e+00 1.696593e+01
      vertex   -6.400000e+01 -3.500000e+00 1.700000e+01
    endloop
  endfacet
  facet normal -1.305262e-01 0.000000e+00 9.914449e-01
    outer loop
      vertex   -6.400000e+01 -3.500000e+00 1.700000e+01
      vertex   -6.425882e+01 -6.000000e+00 1.696593e+01
      vertex   -6.425882e+01 -1.050000e+01 1.696593e+01
    endloop
  endfacet
  facet normal -1.614052e-01 1.163909e-03 9.868875e-01
    outer loop
      vertex   -6.400000e+01 -3.500000e+00 1.700000e+01
      vertex   -6.425882e+01 -1.050000e+01 1.696593e+01
      vertex   -6.409802e+01 -1.300963e+01 1.699518e+01
    endloop
  endfacet
  facet normal -1.473371e-01 2.090917e-03 9.890841e-01
    outer loop
      vertex   -6.409802e+01 -1.300963e+01 1.699518e+01
      vertex   -6.425882e+01 -1.050000e+01 1.696593e+01
      vertex   -6.419509e+01 -1.303843e+01 1.698079e+01
    endloop
  endfacet
  facet normal -2.427838e-01 -4.165711e-04 9.700803e-01
    outer loop
      vertex   -6.419509e+01 -1.303843e+01 1.698079e+01
      vertex   -6.425882e+01 -1.050000e+01 1.696593e+01
      vertex   -6.429028e+01 -1.308612e+01 1.695694e+01
    endloop
  endfacet
  facet normal -3.374192e-01 8.346791e-04 9.413541e-01
    outer loop
      vertex   -6.429028e+01 -1.308612e+01 1.695694e+01
      vertex   -6.425882e+01 -1.050000e+01 1.696593e+01
      vertex   -6.438268e+01 -1.315224e+01 1.692388e+01
    endloop
  endfacet
  facet normal -3.826814e-01 3.225610e-03 9.238747e-01
    outer loop
      vertex   -6.438268e+01 -1.315224e+01 1.692388e+01
      vertex   -6.425882e+01 -1.050000e+01 1.696593e+01
      vertex   -6.450000e+01 -1.050000e+01 1.686603e+01
    endloop
  endfacet
  facet normal -4.701135e-01 -1.542012e-03 8.826046e-01
    outer loop
      vertex   -6.438268e+01 -1.315224e+01 1.692388e+01
      vertex   -6.450000e+01 -1.050000e+01 1.686603e+01
      vertex   -6.455557e+01 -1.333706e+01 1.683147e+01
    endloop
  endfacet
  facet normal -6.087599e-01 2.260807e-03 7.933513e-01
    outer loop
      vertex   -6.455557e+01 -1.333706e+01 1.683147e+01
      vertex   -6.450000e+01 -1.050000e+01 1.686603e+01
      vertex   -6.470711e+01 -1.050000e+01 1.670711e+01
    endloop
  endfacet
  facet normal -6.343933e-01 0.000000e+00 7.730105e-01
    outer loop
      vertex   -6.455557e+01 -1.333706e+01 1.683147e+01
      vertex   -6.470711e+01 -1.050000e+01 1.670711e+01
      vertex   -6.470711e+01 -1.358579e+01 1.670711e+01
    endloop
  endfacet
  facet normal -7.730105e-01 0.000000e+00 6.343933e-01
    outer loop
      vertex   -6.470711e+01 -1.358579e+01 1.670711e+01
      vertex   -6.470711e+01 -1.050000e+01 1.670711e+01
      vertex   -6.483147e+01 -1.388886e+01 1.655557e+01
    endloop
  endfacet
  facet normal -7.933519e-01 1.892687e-03 6.087603e-01
    outer loop
      vertex   -6.483147e+01 -1.388886e+01 1.655557e+01
      vertex   -6.470711e+01 -1.050000e+01 1.670711e+01
      vertex   -6.486603e+01 -1.050000e+01 1.650000e+01
    endloop
  endfacet
  facet normal -8.809030e-01 -1.221406e-03 4.732953e-01
    outer loop
      vertex   -6.483147e+01 -1.388886e+01 1.655557e+01
      vertex   -6.486603e+01 -1.050000e+01 1.650000e+01
      vertex   -6.492388e+01 -1.423463e+01 1.638268e+01
    endloop
  endfacet
  facet normal -9.238771e-01 2.290751e-03 3.826824e-01
    outer loop
      vertex   -6.492388e+01 -1.423463e+01 1.638268e+01
      vertex   -6.486603e+01 -1.050000e+01 1.650000e+01
      vertex   -6.496593e+01 -1.050000e+01 1.625882e+01
    endloop
  endfacet
  facet normal -4.906767e-02 0.000000e+00 9.987955e-01
    outer loop
      vertex   -6.409802e+01 -1.300963e+01 1.699518e+01
      vertex   -6.400000e+01 -1.300000e+01 1.700000e+01
      vertex   -6.400000e+01 -3.500000e+00 1.700000e+01
    endloop
  endfacet
  facet normal -9.238795e-01 0.000000e+00 3.826834e-01
    outer loop
      vertex   -6.486603e+01 -6.000000e+00 1.650000e+01
      vertex   -6.496593e+01 -6.000000e+00 1.625882e+01
      vertex   -6.496593e+01 -1.050000e+01 1.625882e+01
    endloop
  endfacet
  facet normal -7.933533e-01 0.000000e+00 6.087614e-01
    outer loop
      vertex   -6.470711e+01 -6.000000e+00 1.670711e+01
      vertex   -6.486603e+01 -6.000000e+00 1.650000e+01
      vertex   -6.486603e+01 -1.050000e+01 1.650000e+01
    endloop
  endfacet
  facet normal -9.238795e-01 0.000000e+00 3.826834e-01
    outer loop
      vertex   -6.486603e+01 -1.050000e+01 1.650000e+01
      vertex   -6.486603e+01 -6.000000e+00 1.650000e+01
      vertex   -6.496593e+01 -1.050000e+01 1.625882e+01
    endloop
  endfacet
  facet normal -6.087614e-01 0.000000e+00 7.933533e-01
    outer loop
      vertex   -6.450000e+01 -6.000000e+00 1.686603e+01
      vertex   -6.470711e+01 -6.000000e+00 1.670711e+01
      vertex   -6.470711e+01 -1.050000e+01 1.670711e+01
    endloop
  endfacet
  facet normal -7.933533e-01 0.000000e+00 6.087614e-01
    outer loop
      vertex   -6.470711e+01 -1.050000e+01 1.670711e+01
      vertex   -6.470711e+01 -6.000000e+00 1.670711e+01
      vertex   -6.486603e+01 -1.050000e+01 1.650000e+01
    endloop
  endfacet
  facet normal -3.826834e-01 0.000000e+00 9.238795e-01
    outer loop
      vertex   -6.425882e+01 -6.000000e+00 1.696593e+01
      vertex   -6.450000e+01 -6.000000e+00 1.686603e+01
      vertex   -6.450000e+01 -1.050000e+01 1.686603e+01
    endloop
  endfacet
  facet normal -6.087614e-01 0.000000e+00 7.933533e-01
    outer loop
      vertex   -6.450000e+01 -1.050000e+01 1.686603e+01
      vertex   -6.450000e+01 -6.000000e+00 1.686603e+01
      vertex   -6.470711e+01 -1.050000e+01 1.670711e+01
    endloop
  endfacet
  facet normal -3.826834e-01 0.000000e+00 9.238795e-01
    outer loop
      vertex   -6.425882e+01 -1.050000e+01 1.696593e+01
      vertex   -6.425882e+01 -6.000000e+00 1.696593e+01
      vertex   -6.450000e+01 -1.050000e+01 1.686603e+01
    endloop
  endfacet
  facet normal -1.000000e+00 0.000000e+00 0.000000e+00
    outer loop
      vertex   -6.500000e+01 2.000000e+01 1.000000e+00
      vertex   -6.500000e+01 -1.500000e+00 1.600000e+01
      vertex   -6.500000e+01 2.000000e+01 2.600000e+01
    endloop
  endfacet
  facet normal -1.000000e+00 0.000000e+00 0.000000e+00
    outer loop
      vertex   -6.500000e+01 2.000000e+01 2.600000e+01
      vertex   -6.500000e+01 -1.500000e+00 1.600000e+01
      vertex   -6.500000e+01 -1.500000e+00 2.400000e+01
    endloop
  endfacet
  facet normal -1.000000e+00 -0.000000e+00 0.000000e+00
    outer loop
      vertex   -6.500000e+01 2.000000e+01 2.600000e+01
      vertex   -6.500000e+01 -1.500000e+00 2.400000e+01
      vertex   -6.500000e+01 -2.100000e+01 2.600000e+01
    endloop
  endfacet
  facet normal -1.000000e+00 0.000000e+00 0.000000e+00
    outer loop
      vertex   -6.500000e+01 -2.100000e+01 2.600000e+01
      vertex   -6.500000e+01 -1.500000e+00 2.400000e+01
      vertex   -6.500000e+01 -1.500000e+01 2.400000e+01
    endloop
  endfacet
  facet normal -1.000000e+00 0.000000e+00 0.000000e+00
    outer loop
      vertex   -6.500000e+01 -2.100000e+01 2.600000e+01
      vertex   -6.500000e+01 -1.500000e+01 2.400000e+01
      vertex   -6.500000e+01 -1.500000e+01 1.600000e+01
    endloop
  endfacet
  facet normal -1.000000e+00 0.000000e+00 0.000000e+00
    outer loop
      vertex   -6.500000e+01 2.000000e+01 1.000000e+00
      vertex   -6.500000e+01 -2.100000e+01 1.000000e+00
      vertex   -6.500000e+01 -1.500000e+00 1.600000e+01
    endloop
  endfacet
  facet normal -1.000000e+00 -0.000000e+00 0.000000e+00
    outer loop
      vertex   -6.500000e+01 -1.500000e+00 1.600000e+01
      vertex   -6.500000e+01 -2.100000e+01 1.000000e+00
      vertex   -6.500000e+01 -1.500000e+01 1.600000e+01
    endloop
  endfacet
  facet normal -1.000000e+00 -0.000000e+00 0.000000e+00
    outer loop
      vertex   -6.500000e+01 -1.500000e+01 1.600000e+01
      vertex   -6.500000e+01 -2.100000e+01 1.000000e+00
      vertex   -6.500000e+01 -2.100000e+01 2.600000e+01
    endloop
  endfacet
  facet normal 6.190310e-03 -8.657176e-01 5.004945e-01
    outer loop
      vertex   -2.850000e+01 1.683400e+01 2.625900e+01
      vertex   -2.850000e+01 1.709300e+01 2.670700e+01
      vertex   -3.400000e+01 1.693400e+01 2.650000e+01
    endloop
  endfacet
  facet normal -2.049989e-03 4.625348e-01 8.865988e-01
    outer loop
      vertex   -6.400000e+01 2.000000e+01 2.700000e+01
      vertex   -2.026700e+01 2.025900e+01 2.696600e+01
      vertex   -3.120000e+01 2.070700e+01 2.670700e+01
    endloop
  endfacet
  facet normal -4.727888e-02 -8.651164e-01 4.993379e-01
    outer loop
      vertex   -2.026700e+01 2.025900e+01 2.696600e+01
      vertex   -2.573300e+01 2.050000e+01 2.686600e+01
      vertex   -3.120000e+01 2.070700e+01 2.670700e+01
    endloop
  endfacet
  facet normal 4.066167e-03 4.605372e-01 8.876311e-01
    outer loop
      vertex   -2.573300e+01 2.050000e+01 2.686600e+01
      vertex   -2.026700e+01 2.025900e+01 2.696600e+01
      vertex   -2.026700e+01 2.060400e+01 2.678700e+01
    endloop
  endfacet
  facet normal -1.283340e-04 6.091502e-01 7.930549e-01
    outer loop
      vertex   -2.573300e+01 2.050000e+01 2.686600e+01
      vertex   -2.026700e+01 2.060400e+01 2.678700e+01
      vertex   -2.573300e+01 2.070700e+01 2.670700e+01
    endloop
  endfacet
  facet normal 6.028650e-03 7.930405e-01 6.091391e-01
    outer loop
      vertex   -2.026700e+01 2.060400e+01 2.678700e+01
      vertex   -2.573300e+01 2.086600e+01 2.650000e+01
      vertex   -2.573300e+01 2.070700e+01 2.670700e+01
    endloop
  endfacet
  facet normal 0.000000e+00 7.385431e-01 6.742063e-01
    outer loop
      vertex   -2.026700e+01 2.060400e+01 2.678700e+01
      vertex   -2.026700e+01 2.086600e+01 2.650000e+01
      vertex   -2.573300e+01 2.086600e+01 2.650000e+01
    endloop
  endfacet
  facet normal -6.228833e-03 7.930395e-01 6.091384e-01
    outer loop
      vertex   -3.120000e+01 2.091600e+01 2.637900e+01
      vertex   -2.573300e+01 2.070700e+01 2.670700e+01
      vertex   -2.573300e+01 2.086600e+01 2.650000e+01
    endloop
  endfacet
  facet normal -0.000000e+00 6.091502e-01 7.930549e-01
    outer loop
      vertex   -3.120000e+01 2.070700e+01 2.670700e+01
      vertex   -2.573300e+01 2.050000e+01 2.686600e+01
      vertex   -2.573300e+01 2.070700e+01 2.670700e+01
    endloop
  endfacet
  facet normal 0.000000e+00 8.433449e-01 5.373726e-01
    outer loop
      vertex   -3.120000e+01 2.091600e+01 2.637900e+01
      vertex   -3.120000e+01 2.070700e+01 2.670700e+01
      vertex   -2.573300e+01 2.070700e+01 2.670700e+01
    endloop
  endfacet
  facet normal -1.684775e-03 -1.930177e-01 9.811938e-01
    outer loop
      vertex   -2.850000e+01 1.742100e+01 2.691600e+01
      vertex   -2.338300e+01 1.741700e+01 2.692400e+01
      vertex   -2.300000e+01 1.780000e+01 2.700000e+01
    endloop
  endfacet
  facet normal -3.167221e-01 3.064658e-03 9.485134e-01
    outer loop
      vertex   -2.300000e+01 1.780000e+01 2.700000e+01
      vertex   -2.350000e+01 7.600000e+00 2.686600e+01
      vertex   -2.328900e+01 2.789000e+00 2.695200e+01
    endloop
  endfacet
  facet normal -1.980253e-01 3.521932e-03 9.801906e-01
    outer loop
      vertex   -2.338300e+01 1.741700e+01 2.692400e+01
      vertex   -2.325900e+01 1.270000e+01 2.696600e+01
      vertex   -2.300000e+01 1.780000e+01 2.700000e+01
    endloop
  endfacet
  facet normal 3.383238e-03 -9.466532e-01 3.222364e-01
    outer loop
      vertex   -2.850000e+01 1.683400e+01 2.625900e+01
      vertex   -2.398800e+01 1.681200e+01 2.614700e+01
      vertex   -2.387800e+01 1.692200e+01 2.646900e+01
    endloop
  endfacet
  facet normal -6.256848e-03 -8.657172e-01 5.004943e-01
    outer loop
      vertex   -2.850000e+01 1.709300e+01 2.670700e+01
      vertex   -2.850000e+01 1.683400e+01 2.625900e+01
      vertex   -2.387800e+01 1.692200e+01 2.646900e+01
    endloop
  endfacet
  facet normal -9.966851e-01 0.000000e+00 8.135650e-02
    outer loop
      vertex   -2.398800e+01 1.681200e+01 2.614700e+01
      vertex   -2.400000e+01 1.680000e+01 2.600000e+01
      vertex   -2.398800e+01 3.488000e+00 2.614700e+01
    endloop
  endfacet
  facet normal 0.000000e+00 -8.121182e-01 5.834929e-01
    outer loop
      vertex   -2.850000e+01 1.709300e+01 2.670700e+01
      vertex   -2.387800e+01 1.692200e+01 2.646900e+01
      vertex   -2.370700e+01 1.709300e+01 2.670700e+01
    endloop
  endfacet
  facet normal -1.734176e-03 -5.552747e-01 8.316652e-01
    outer loop
      vertex   -2.850000e+01 1.742100e+01 2.691600e+01
      vertex   -2.370700e+01 1.709300e+01 2.670700e+01
      vertex   -2.338300e+01 1.741700e+01 2.692400e+01
    endloop
  endfacet
  facet normal 0.000000e+00 -5.373749e-01 8.433435e-01
    outer loop
      vertex   -2.370700e+01 1.709300e+01 2.670700e+01
      vertex   -2.850000e+01 1.742100e+01 2.691600e+01
      vertex   -2.850000e+01 1.709300e+01 2.670700e+01
    endloop
  endfacet
  facet normal -5.515651e-01 -7.072546e-03 8.341019e-01
    outer loop
      vertex   -2.325900e+01 1.270000e+01 2.696600e+01
      vertex   -2.338300e+01 1.741700e+01 2.692400e+01
      vertex   -2.370700e+01 1.709300e+01 2.670700e+01
    endloop
  endfacet
  facet normal -4.658355e-01 4.662695e-03 8.848591e-01
    outer loop
      vertex   -2.350000e+01 7.600000e+00 2.686600e+01
      vertex   -2.325900e+01 1.270000e+01 2.696600e+01
      vertex   -2.370700e+01 1.709300e+01 2.670700e+01
    endloop
  endfacet
  facet normal 9.635180e-01 -5.068378e-02 2.628008e-01
    outer loop
      vertex   -2.300000e+01 1.780000e+01 2.700000e+01
      vertex   -2.325900e+01 1.270000e+01 2.696600e+01
      vertex   -2.350000e+01 7.600000e+00 2.686600e+01
    endloop
  endfacet
  facet normal -1.638468e-01 0.000000e+00 9.864858e-01
    outer loop
      vertex   -2.328900e+01 2.789000e+00 2.695200e+01
      vertex   -2.300000e+01 2.500000e+00 2.700000e+01
      vertex   -2.300000e+01 1.780000e+01 2.700000e+01
    endloop
  endfacet
  facet normal -1.000000e+00 0.000000e+00 0.000000e+00
    outer loop
      vertex   -2.400000e+01 3.500000e+00 2.500000e+01
      vertex   -2.400000e+01 1.680000e+01 2.600000e+01
      vertex   -2.400000e+01 1.680000e+01 2.500000e+01
    endloop
  endfacet
  facet normal -9.999451e-01 -7.859042e-04 1.045253e-02
    outer loop
      vertex   -2.400000e+01 3.500000e+00 2.500000e+01
      vertex   -2.398800e+01 3.488000e+00 2.614700e+01
      vertex   -2.400000e+01 1.680000e+01 2.600000e+01
    endloop
  endfacet
  facet normal 0.000000e+00 -9.659132e-01 2.588662e-01
    outer loop
      vertex   -2.400000e+01 1.680000e+01 2.600000e+01
      vertex   -3.400000e+01 1.693400e+01 2.650000e+01
      vertex   -4.400000e+01 1.680000e+01 2.600000e+01
    endloop
  endfacet
  facet normal -4.115613e-02 -7.903150e-01 -6.113169e-01
    outer loop
      vertex   -2.850000e+01 1.683400e+01 2.625900e+01
      vertex   -3.400000e+01 1.693400e+01 2.650000e+01
      vertex   -2.400000e+01 1.680000e+01 2.600000e+01
    endloop
  endfacet
  facet normal -2.833938e-03 -9.966612e-01 8.159882e-02
    outer loop
      vertex   -2.400000e+01 1.680000e+01 2.600000e+01
      vertex   -2.398800e+01 1.681200e+01 2.614700e+01
      vertex   -2.850000e+01 1.683400e+01 2.625900e+01
    endloop
  endfacet
  facet normal 0.000000e+00 -1.000000e+00 0.000000e+00
    outer loop
      vertex   -4.400000e+01 1.680000e+01 2.600000e+01
      vertex   -4.400000e+01 1.680000e+01 2.500000e+01
      vertex   -2.400000e+01 1.680000e+01 2.600000e+01
    endloop
  endfacet
  facet normal 0.000000e+00 -1.000000e+00 -0.000000e+00
    outer loop
      vertex   -2.400000e+01 1.680000e+01 2.600000e+01
      vertex   -4.400000e+01 1.680000e+01 2.500000e+01
      vertex   -2.400000e+01 1.680000e+01 2.500000e+01
    endloop
  endfacet
  facet normal -1.551677e-03 9.236408e-01 3.832561e-01
    outer loop
      vertex   -2.026700e+01 2.096600e+01 2.625900e+01
      vertex   -6.400000e+01 2.100000e+01 2.600000e+01
      vertex   -2.026700e+01 2.086600e+01 2.650000e+01
    endloop
  endfacet
  facet normal 1.301567e-01 -9.914934e-01 0.000000e+00
    outer loop
      vertex   -6.000000e+01 1.400000e+01 5.000000e+00
      vertex   -6.000000e+01 1.400000e+01 2.000000e+00
      vertex   -5.948200e+01 1.406800e+01 5.000000e+00
    endloop
  endfacet
  facet normal 1.301567e-01 -9.914934e-01 0.000000e+00
    outer loop
      vertex   -5.948200e+01 1.406800e+01 5.000000e+00
      vertex   -6.000000e+01 1.400000e+01 2.000000e+00
      vertex   -5.948200e+01 1.406800e+01 2.000000e+00
    endloop
  endfacet
  facet normal 0.000000e+00 9.242001e-01 3.819087e-01
    outer loop
      vertex   -3.120000e+01 2.091600e+01 2.637900e+01
      vertex   -2.573300e+01 2.086600e+01 2.650000e+01
      vertex   -2.026700e+01 2.086600e+01 2.650000e+01
    endloop
  endfacet
  facet normal 1.183209e-02 2.350744e-01 -9.719054e-01
    outer loop
      vertex   -6.400000e+01 2.100000e+01 2.600000e+01
      vertex   -3.586020e+01 2.092778e+01 2.632511e+01
      vertex   -2.026700e+01 2.086600e+01 2.650000e+01
    endloop
  endfacet
  facet normal 6.091548e-01 -7.930514e-01 0.000000e+00
    outer loop
      vertex   -5.900000e+01 1.426800e+01 5.000000e+00
      vertex   -5.900000e+01 1.426800e+01 2.000000e+00
      vertex   -5.858600e+01 1.458600e+01 5.000000e+00
    endloop
  endfacet
  facet normal 6.091548e-01 -7.930514e-01 0.000000e+00
    outer loop
      vertex   -5.858600e+01 1.458600e+01 5.000000e+00
      vertex   -5.900000e+01 1.426800e+01 2.000000e+00
      vertex   -5.858600e+01 1.458600e+01 2.000000e+00
    endloop
  endfacet
  facet normal 7.930535e-01 -6.091519e-01 0.000000e+00
    outer loop
      vertex   -5.858600e+01 1.458600e+01 5.000000e+00
      vertex   -5.858600e+01 1.458600e+01 2.000000e+00
      vertex   -5.826800e+01 1.500000e+01 5.000000e+00
    endloop
  endfacet
  facet normal 7.930535e-01 -6.091519e-01 0.000000e+00
    outer loop
      vertex   -5.826800e+01 1.500000e+01 5.000000e+00
      vertex   -5.858600e+01 1.458600e+01 2.000000e+00
      vertex   -5.826800e+01 1.500000e+01 2.000000e+00
    endloop
  endfacet
  facet normal 9.236424e-01 -3.832553e-01 0.000000e+00
    outer loop
      vertex   -5.826800e+01 1.500000e+01 5.000000e+00
      vertex   -5.826800e+01 1.500000e+01 2.000000e+00
      vertex   -5.806800e+01 1.548200e+01 5.000000e+00
    endloop
  endfacet
  facet normal 9.236424e-01 -3.832553e-01 0.000000e+00
    outer loop
      vertex   -5.806800e+01 1.548200e+01 5.000000e+00
      vertex   -5.826800e+01 1.500000e+01 2.000000e+00
      vertex   -5.806800e+01 1.548200e+01 2.000000e+00
    endloop
  endfacet
  facet normal -0.000000e+00 4.605410e-01 8.876384e-01
    outer loop
      vertex   -2.026700e+01 2.025900e+01 2.696600e+01
      vertex   -1.480000e+01 2.025900e+01 2.696600e+01
      vertex   -2.026700e+01 2.060400e+01 2.678700e+01
    endloop
  endfacet
  facet normal 9.914931e-01 -1.301590e-01 0.000000e+00
    outer loop
      vertex   -5.806800e+01 1.548200e+01 5.000000e+00
      vertex   -5.806800e+01 1.548200e+01 2.000000e+00
      vertex   -5.800000e+01 1.600000e+01 5.000000e+00
    endloop
  endfacet
  facet normal 9.914931e-01 -1.301590e-01 0.000000e+00
    outer loop
      vertex   -5.800000e+01 1.600000e+01 5.000000e+00
      vertex   -5.806800e+01 1.548200e+01 2.000000e+00
      vertex   -5.800000e+01 1.600000e+01 2.000000e+00
    endloop
  endfacet
  facet normal 1.000000e+00 0.000000e+00 -0.000000e+00
    outer loop
      vertex   -5.800000e+01 1.700000e+01 2.000000e+00
      vertex   -5.800000e+01 1.700000e+01 5.000000e+00
      vertex   -5.800000e+01 1.600000e+01 2.000000e+00
    endloop
  endfacet
  facet normal 1.000000e+00 0.000000e+00 0.000000e+00
    outer loop
      vertex   -5.800000e+01 1.600000e+01 2.000000e+00
      vertex   -5.800000e+01 1.700000e+01 5.000000e+00
      vertex   -5.800000e+01 1.600000e+01 5.000000e+00
    endloop
  endfacet
  facet normal 3.238841e-03 5.004987e-01 8.657312e-01
    outer loop
      vertex   -2.026700e+01 2.060400e+01 2.678700e+01
      vertex   -1.480000e+01 2.025900e+01 2.696600e+01
      vertex   -1.480000e+01 2.070700e+01 2.670700e+01
    endloop
  endfacet
  facet normal 1.235012e-02 9.235715e-01 3.832274e-01
    outer loop
      vertex   -2.026700e+01 2.086600e+01 2.650000e+01
      vertex   -1.480000e+01 2.070700e+01 2.670700e+01
      vertex   -2.026700e+01 2.096600e+01 2.625900e+01
    endloop
  endfacet
  facet normal -4.048615e-03 7.385370e-01 6.742008e-01
    outer loop
      vertex   -2.026700e+01 2.086600e+01 2.650000e+01
      vertex   -2.026700e+01 2.060400e+01 2.678700e+01
      vertex   -1.480000e+01 2.070700e+01 2.670700e+01
    endloop
  endfacet
  facet normal 0.000000e+00 9.914932e-01 1.301585e-01
    outer loop
      vertex   -9.333000e+00 2.096600e+01 2.625900e+01
      vertex   1.800000e+01 2.100000e+01 2.600000e+01
      vertex   -2.026700e+01 2.096600e+01 2.625900e+01
    endloop
  endfacet
  facet normal 0.000000e+00 9.914932e-01 1.301585e-01
    outer loop
      vertex   -2.026700e+01 2.096600e+01 2.625900e+01
      vertex   1.800000e+01 2.100000e+01 2.600000e+01
      vertex   -6.400000e+01 2.100000e+01 2.600000e+01
    endloop
  endfacet
  facet normal 9.236424e-01 -3.832553e-01 0.000000e+00
    outer loop
      vertex   -6.293200e+01 1.251800e+01 5.000000e+00
      vertex   -6.293200e+01 1.251800e+01 2.000000e+00
      vertex   -6.273200e+01 1.300000e+01 5.000000e+00
    endloop
  endfacet
  facet normal 9.236424e-01 -3.832553e-01 0.000000e+00
    outer loop
      vertex   -6.273200e+01 1.300000e+01 5.000000e+00
      vertex   -6.293200e+01 1.251800e+01 2.000000e+00
      vertex   -6.273200e+01 1.300000e+01 2.000000e+00
    endloop
  endfacet
  facet normal 7.930535e-01 -6.091519e-01 0.000000e+00
    outer loop
      vertex   -6.273200e+01 1.300000e+01 5.000000e+00
      vertex   -6.273200e+01 1.300000e+01 2.000000e+00
      vertex   -6.241400e+01 1.341400e+01 5.000000e+00
    endloop
  endfacet
  facet normal 7.930535e-01 -6.091519e-01 0.000000e+00
    outer loop
      vertex   -6.241400e+01 1.341400e+01 5.000000e+00
      vertex   -6.273200e+01 1.300000e+01 2.000000e+00
      vertex   -6.241400e+01 1.341400e+01 2.000000e+00
    endloop
  endfacet
  facet normal 6.091548e-01 -7.930514e-01 0.000000e+00
    outer loop
      vertex   -6.241400e+01 1.341400e+01 5.000000e+00
      vertex   -6.241400e+01 1.341400e+01 2.000000e+00
      vertex   -6.200000e+01 1.373200e+01 5.000000e+00
    endloop
  endfacet
  facet normal 6.091548e-01 -7.930514e-01 0.000000e+00
    outer loop
      vertex   -6.200000e+01 1.373200e+01 5.000000e+00
      vertex   -6.241400e+01 1.341400e+01 2.000000e+00
      vertex   -6.200000e+01 1.373200e+01 2.000000e+00
    endloop
  endfacet
  facet normal 3.832550e-01 -9.236426e-01 0.000000e+00
    outer loop
      vertex   -6.200000e+01 1.373200e+01 5.000000e+00
      vertex   -6.200000e+01 1.373200e+01 2.000000e+00
      vertex   -6.151800e+01 1.393200e+01 5.000000e+00
    endloop
  endfacet
  facet normal 3.832550e-01 -9.236426e-01 0.000000e+00
    outer loop
      vertex   -6.151800e+01 1.393200e+01 5.000000e+00
      vertex   -6.200000e+01 1.373200e+01 2.000000e+00
      vertex   -6.151800e+01 1.393200e+01 2.000000e+00
    endloop
  endfacet
  facet normal -9.347284e-01 -3.553629e-01 0.000000e+00
    outer loop
      vertex   -8.156000e+00 1.560600e+01 2.000000e+00
      vertex   -8.156000e+00 1.560600e+01 5.000000e+00
      vertex   -8.413000e+00 1.628200e+01 2.000000e+00
    endloop
  endfacet
  facet normal -9.347284e-01 -3.553629e-01 0.000000e+00
    outer loop
      vertex   -8.413000e+00 1.628200e+01 2.000000e+00
      vertex   -8.156000e+00 1.560600e+01 5.000000e+00
      vertex   -8.413000e+00 1.628200e+01 5.000000e+00
    endloop
  endfacet
  facet normal 0.000000e+00 -1.000000e+00 0.000000e+00
    outer loop
      vertex   -6.100000e+01 1.400000e+01 5.000000e+00
      vertex   -6.100000e+01 1.400000e+01 2.000000e+00
      vertex   -6.000000e+01 1.400000e+01 5.000000e+00
    endloop
  endfacet
  facet normal 0.000000e+00 -1.000000e+00 -0.000000e+00
    outer loop
      vertex   -6.000000e+01 1.400000e+01 5.000000e+00
      vertex   -6.100000e+01 1.400000e+01 2.000000e+00
      vertex   -6.000000e+01 1.400000e+01 2.000000e+00
    endloop
  endfacet
  facet normal 1.301567e-01 -9.914934e-01 0.000000e+00
    outer loop
      vertex   -6.151800e+01 1.393200e+01 5.000000e+00
      vertex   -6.151800e+01 1.393200e+01 2.000000e+00
      vertex   -6.100000e+01 1.400000e+01 5.000000e+00
    endloop
  endfacet
  facet normal 1.301567e-01 -9.914934e-01 0.000000e+00
    outer loop
      vertex   -6.100000e+01 1.400000e+01 5.000000e+00
      vertex   -6.151800e+01 1.393200e+01 2.000000e+00
      vertex   -6.100000e+01 1.400000e+01 2.000000e+00
    endloop
  endfacet
  facet normal 4.648345e-01 -8.853976e-01 0.000000e+00
    outer loop
      vertex   -3.796000e+00 1.453100e+01 2.000000e+00
      vertex   -3.796000e+00 1.453100e+01 5.000000e+00
      vertex   -4.436000e+00 1.419500e+01 2.000000e+00
    endloop
  endfacet
  facet normal 4.648345e-01 -8.853976e-01 0.000000e+00
    outer loop
      vertex   -4.436000e+00 1.419500e+01 2.000000e+00
      vertex   -3.796000e+00 1.453100e+01 5.000000e+00
      vertex   -4.436000e+00 1.419500e+01 5.000000e+00
    endloop
  endfacet
  facet normal -1.375564e-01 -1.247560e-02 -9.904154e-01
    outer loop
      vertex   -6.450000e+01 1.487500e+01 1.340000e-01
      vertex   -6.400000e+01 2.000000e+01 0.000000e+00
      vertex   -6.460400e+01 9.750000e+00 2.130000e-01
    endloop
  endfacet
  facet normal 0.000000e+00 -1.000000e+00 0.000000e+00
    outer loop
      vertex   -5.138000e+00 1.402200e+01 2.000000e+00
      vertex   -5.138000e+00 1.402200e+01 5.000000e+00
      vertex   -5.862000e+00 1.402200e+01 2.000000e+00
    endloop
  endfacet
  facet normal 0.000000e+00 -1.000000e+00 0.000000e+00
    outer loop
      vertex   -5.862000e+00 1.402200e+01 2.000000e+00
      vertex   -5.138000e+00 1.402200e+01 5.000000e+00
      vertex   -5.862000e+00 1.402200e+01 5.000000e+00
    endloop
  endfacet
  facet normal 2.392790e-01 -9.709509e-01 0.000000e+00
    outer loop
      vertex   -5.138000e+00 1.402200e+01 5.000000e+00
      vertex   -5.138000e+00 1.402200e+01 2.000000e+00
      vertex   -4.436000e+00 1.419500e+01 5.000000e+00
    endloop
  endfacet
  facet normal 2.392790e-01 -9.709509e-01 0.000000e+00
    outer loop
      vertex   -4.436000e+00 1.419500e+01 5.000000e+00
      vertex   -5.138000e+00 1.402200e+01 2.000000e+00
      vertex   -4.436000e+00 1.419500e+01 2.000000e+00
    endloop
  endfacet
  facet normal -2.858167e-01 -3.071348e-03 -9.582794e-01
    outer loop
      vertex   -6.400000e+01 2.000000e+01 0.000000e+00
      vertex   -6.470700e+01 -5.625000e+00 2.930000e-01
      vertex   -6.460400e+01 9.750000e+00 2.130000e-01
    endloop
  endfacet
  facet normal -2.392790e-01 -9.709509e-01 0.000000e+00
    outer loop
      vertex   -5.862000e+00 1.402200e+01 2.000000e+00
      vertex   -5.862000e+00 1.402200e+01 5.000000e+00
      vertex   -6.564000e+00 1.419500e+01 2.000000e+00
    endloop
  endfacet
  facet normal -2.392790e-01 -9.709509e-01 0.000000e+00
    outer loop
      vertex   -6.564000e+00 1.419500e+01 2.000000e+00
      vertex   -5.862000e+00 1.402200e+01 5.000000e+00
      vertex   -6.564000e+00 1.419500e+01 5.000000e+00
    endloop
  endfacet
  facet normal -9.235536e-01 1.324130e-02 -3.832407e-01
    outer loop
      vertex   -6.496600e+01 1.487500e+01 7.410000e-01
      vertex   -6.500000e+01 2.000000e+01 1.000000e+00
      vertex   -6.486600e+01 1.487500e+01 5.000000e-01
    endloop
  endfacet
  facet normal -9.659123e-01 0.000000e+00 -2.588697e-01
    outer loop
      vertex   -6.500000e+01 2.000000e+01 1.000000e+00
      vertex   -6.486600e+01 2.000000e+01 5.000000e-01
      vertex   -6.486600e+01 1.487500e+01 5.000000e-01
    endloop
  endfacet
  facet normal -9.933589e-01 -1.237029e-02 1.143897e-01
    outer loop
      vertex   -6.496600e+01 1.487500e+01 7.410000e-01
      vertex   -6.491600e+01 9.750000e+00 6.210000e-01
      vertex   -6.500000e+01 2.000000e+01 1.000000e+00
    endloop
  endfacet
  facet normal -4.648345e-01 -8.853976e-01 -0.000000e+00
    outer loop
      vertex   -7.204000e+00 1.453100e+01 5.000000e+00
      vertex   -7.204000e+00 1.453100e+01 2.000000e+00
      vertex   -6.564000e+00 1.419500e+01 5.000000e+00
    endloop
  endfacet
  facet normal -4.648345e-01 -8.853976e-01 -0.000000e+00
    outer loop
      vertex   -6.564000e+00 1.419500e+01 5.000000e+00
      vertex   -7.204000e+00 1.453100e+01 2.000000e+00
      vertex   -6.564000e+00 1.419500e+01 2.000000e+00
    endloop
  endfacet
  facet normal -9.498815e-01 1.887189e-03 -3.126044e-01
    outer loop
      vertex   -6.500000e+01 2.000000e+01 1.000000e+00
      vertex   -6.486600e+01 4.625000e+00 5.000000e-01
      vertex   -6.491600e+01 -5.000000e-01 6.210000e-01
    endloop
  endfacet
  facet normal -9.763083e-01 -0.000000e+00 -2.163840e-01
    outer loop
      vertex   -6.500000e+01 2.000000e+01 1.000000e+00
      vertex   -6.491600e+01 -5.000000e-01 6.210000e-01
      vertex   -6.500000e+01 -2.100000e+01 1.000000e+00
    endloop
  endfacet
  facet normal -3.344336e-01 1.331146e-03 -9.424184e-01
    outer loop
      vertex   -6.425900e+01 -2.100000e+01 3.400000e-02
      vertex   -6.450000e+01 -1.075000e+01 1.340000e-01
      vertex   -6.400000e+01 2.000000e+01 0.000000e+00
    endloop
  endfacet
  facet normal -2.588648e-01 -0.000000e+00 -9.659136e-01
    outer loop
      vertex   -6.450000e+01 2.000000e+01 1.340000e-01
      vertex   -6.400000e+01 2.000000e+01 0.000000e+00
      vertex   -6.450000e+01 1.487500e+01 1.340000e-01
    endloop
  endfacet
  facet normal -6.629908e-01 -7.486276e-01 0.000000e+00
    outer loop
      vertex   -7.204000e+00 1.453100e+01 2.000000e+00
      vertex   -7.204000e+00 1.453100e+01 5.000000e+00
      vertex   -7.746000e+00 1.501100e+01 2.000000e+00
    endloop
  endfacet
  facet normal -6.629908e-01 -7.486276e-01 0.000000e+00
    outer loop
      vertex   -7.746000e+00 1.501100e+01 2.000000e+00
      vertex   -7.204000e+00 1.453100e+01 5.000000e+00
      vertex   -7.746000e+00 1.501100e+01 5.000000e+00
    endloop
  endfacet
  facet normal -1.301561e-01 0.000000e+00 -9.914935e-01
    outer loop
      vertex   -6.400000e+01 -2.100000e+01 0.000000e+00
      vertex   -6.425900e+01 -2.100000e+01 3.400000e-02
      vertex   -6.400000e+01 2.000000e+01 0.000000e+00
    endloop
  endfacet
  facet normal -8.234357e-01 -5.674096e-01 0.000000e+00
    outer loop
      vertex   -7.746000e+00 1.501100e+01 2.000000e+00
      vertex   -7.746000e+00 1.501100e+01 5.000000e+00
      vertex   -8.156000e+00 1.560600e+01 2.000000e+00
    endloop
  endfacet
  facet normal -8.234357e-01 -5.674096e-01 0.000000e+00
    outer loop
      vertex   -8.156000e+00 1.560600e+01 2.000000e+00
      vertex   -7.746000e+00 1.501100e+01 5.000000e+00
      vertex   -8.156000e+00 1.560600e+01 5.000000e+00
    endloop
  endfacet
  facet normal -9.931671e-01 -1.242964e-02 1.160372e-01
    outer loop
      vertex   -6.500000e+01 2.000000e+01 1.000000e+00
      vertex   -6.491600e+01 9.750000e+00 6.210000e-01
      vertex   -6.486600e+01 4.625000e+00 5.000000e-01
    endloop
  endfacet
  facet normal 9.347283e-01 -3.553632e-01 0.000000e+00
    outer loop
      vertex   -2.587000e+00 1.628200e+01 2.000000e+00
      vertex   -2.587000e+00 1.628200e+01 5.000000e+00
      vertex   -2.844000e+00 1.560600e+01 2.000000e+00
    endloop
  endfacet
  facet normal 9.347283e-01 -3.553632e-01 0.000000e+00
    outer loop
      vertex   -2.844000e+00 1.560600e+01 2.000000e+00
      vertex   -2.587000e+00 1.628200e+01 5.000000e+00
      vertex   -2.844000e+00 1.560600e+01 5.000000e+00
    endloop
  endfacet
  facet normal -6.333706e-01 6.622588e-01 -4.003186e-01
    outer loop
      vertex   -6.470700e+01 2.070700e+01 1.000000e+00
      vertex   -6.483200e+01 2.031000e+01 5.410000e-01
      vertex   -6.489000e+01 2.039900e+01 7.800000e-01
    endloop
  endfacet
  facet normal -8.374895e-01 5.050182e-01 -2.087292e-01
    outer loop
      vertex   -6.470700e+01 2.070700e+01 1.000000e+00
      vertex   -6.469700e+01 2.051900e+01 5.050000e-01
      vertex   -6.483200e+01 2.031000e+01 5.410000e-01
    endloop
  endfacet
  facet normal -6.635058e-01 3.114098e-01 -6.802823e-01
    outer loop
      vertex   -6.483200e+01 2.031000e+01 5.410000e-01
      vertex   -6.469700e+01 2.051900e+01 5.050000e-01
      vertex   -6.449500e+01 2.049500e+01 2.970000e-01
    endloop
  endfacet
  facet normal -4.966938e-01 2.759820e-01 -8.228786e-01
    outer loop
      vertex   -6.471800e+01 2.020100e+01 3.330000e-01
      vertex   -6.449500e+01 2.049500e+01 2.970000e-01
      vertex   -6.450000e+01 2.000000e+01 1.340000e-01
    endloop
  endfacet
  facet normal -8.422580e-01 5.366801e-01 -5.075310e-02
    outer loop
      vertex   -6.491600e+01 2.037900e+01 1.000000e+00
      vertex   -6.470700e+01 2.070700e+01 1.000000e+00
      vertex   -6.489000e+01 2.039900e+01 7.800000e-01
    endloop
  endfacet
  facet normal -9.567142e-01 -2.570640e-01 -1.364404e-01
    outer loop
      vertex   -6.483200e+01 2.031000e+01 5.410000e-01
      vertex   -6.491600e+01 2.037900e+01 1.000000e+00
      vertex   -6.489000e+01 2.039900e+01 7.800000e-01
    endloop
  endfacet
  facet normal -9.762983e-01 2.163820e-01 4.527123e-03
    outer loop
      vertex   -6.500000e+01 2.000000e+01 1.000000e+00
      vertex   -6.486600e+01 2.050000e+01 6.000000e+00
      vertex   -6.491600e+01 2.037900e+01 1.000000e+00
    endloop
  endfacet
  facet normal -7.071094e-01 -0.000000e+00 -7.071042e-01
    outer loop
      vertex   -6.486600e+01 2.000000e+01 5.000000e-01
      vertex   -6.450000e+01 2.000000e+01 1.340000e-01
      vertex   -6.486600e+01 1.487500e+01 5.000000e-01
    endloop
  endfacet
  facet normal -7.071094e-01 0.000000e+00 -7.071042e-01
    outer loop
      vertex   -6.486600e+01 1.487500e+01 5.000000e-01
      vertex   -6.450000e+01 2.000000e+01 1.340000e-01
      vertex   -6.450000e+01 1.487500e+01 1.340000e-01
    endloop
  endfacet
  facet normal -8.271448e-01 1.618872e-01 -5.381672e-01
    outer loop
      vertex   -6.483200e+01 2.031000e+01 5.410000e-01
      vertex   -6.471800e+01 2.020100e+01 3.330000e-01
      vertex   -6.486600e+01 2.000000e+01 5.000000e-01
    endloop
  endfacet
  facet normal -7.055344e-01 -6.670550e-02 -7.055293e-01
    outer loop
      vertex   -6.450000e+01 2.000000e+01 1.340000e-01
      vertex   -6.486600e+01 2.000000e+01 5.000000e-01
      vertex   -6.471800e+01 2.020100e+01 3.330000e-01
    endloop
  endfacet
  facet normal 6.629906e-01 -7.486277e-01 0.000000e+00
    outer loop
      vertex   -3.254000e+00 1.501100e+01 2.000000e+00
      vertex   -3.254000e+00 1.501100e+01 5.000000e+00
      vertex   -3.796000e+00 1.453100e+01 2.000000e+00
    endloop
  endfacet
  facet normal 6.629906e-01 -7.486277e-01 0.000000e+00
    outer loop
      vertex   -3.796000e+00 1.453100e+01 2.000000e+00
      vertex   -3.254000e+00 1.501100e+01 5.000000e+00
      vertex   -3.796000e+00 1.453100e+01 5.000000e+00
    endloop
  endfacet
  facet normal 8.234360e-01 -5.674092e-01 0.000000e+00
    outer loop
      vertex   -3.254000e+00 1.501100e+01 5.000000e+00
      vertex   -3.254000e+00 1.501100e+01 2.000000e+00
      vertex   -2.844000e+00 1.560600e+01 5.000000e+00
    endloop
  endfacet
  facet normal 8.234360e-01 -5.674092e-01 0.000000e+00
    outer loop
      vertex   -2.844000e+00 1.560600e+01 5.000000e+00
      vertex   -3.254000e+00 1.501100e+01 2.000000e+00
      vertex   -2.844000e+00 1.560600e+01 2.000000e+00
    endloop
  endfacet
  facet normal -6.724287e-01 4.368771e-01 -5.974764e-01
    outer loop
      vertex   -6.449500e+01 2.049500e+01 2.970000e-01
      vertex   -6.471800e+01 2.020100e+01 3.330000e-01
      vertex   -6.483200e+01 2.031000e+01 5.410000e-01
    endloop
  endfacet
  facet normal 0.000000e+00 3.832554e-01 -9.236424e-01
    outer loop
      vertex   -2.026700e+01 2.050000e+01 1.340000e-01
      vertex   -1.480000e+01 2.025900e+01 3.400000e-02
      vertex   -2.573300e+01 2.025900e+01 3.400000e-02
    endloop
  endfacet
  facet normal -9.712475e-01 1.326590e-01 -1.976862e-01
    outer loop
      vertex   -6.486600e+01 2.000000e+01 5.000000e-01
      vertex   -6.491600e+01 2.037900e+01 1.000000e+00
      vertex   -6.483200e+01 2.031000e+01 5.410000e-01
    endloop
  endfacet
  facet normal -9.445111e-01 2.093368e-01 -2.531341e-01
    outer loop
      vertex   -6.486600e+01 2.000000e+01 5.000000e-01
      vertex   -6.500000e+01 2.000000e+01 1.000000e+00
      vertex   -6.491600e+01 2.037900e+01 1.000000e+00
    endloop
  endfacet
  facet normal 0.000000e+00 6.091538e-01 -7.930521e-01
    outer loop
      vertex   -2.026700e+01 2.050000e+01 1.340000e-01
      vertex   -2.026700e+01 2.070700e+01 2.930000e-01
      vertex   -1.480000e+01 2.070700e+01 2.930000e-01
    endloop
  endfacet
  facet normal 6.227674e-03 5.004933e-01 -8.657180e-01
    outer loop
      vertex   -1.480000e+01 2.025900e+01 3.400000e-02
      vertex   -2.026700e+01 2.050000e+01 1.340000e-01
      vertex   -1.480000e+01 2.070700e+01 2.930000e-01
    endloop
  endfacet
  facet normal -1.183244e-02 2.353833e-01 9.718306e-01
    outer loop
      vertex   -1.013980e+01 2.092778e+01 6.748900e-01
      vertex   -1.228800e+01 2.092235e+01 6.500500e-01
      vertex   -2.573300e+01 2.086600e+01 5.000000e-01
    endloop
  endfacet
  facet normal 0.000000e+00 9.241997e-01 -3.819095e-01
    outer loop
      vertex   -2.026700e+01 2.086600e+01 5.000000e-01
      vertex   -2.573300e+01 2.086600e+01 5.000000e-01
      vertex   -1.480000e+01 2.091600e+01 6.210000e-01
    endloop
  endfacet
  facet normal -9.659123e-01 2.588697e-01 0.000000e+00
    outer loop
      vertex   -6.486600e+01 2.050000e+01 6.000000e+00
      vertex   -6.500000e+01 2.000000e+01 1.000000e+00
      vertex   -6.500000e+01 2.000000e+01 2.600000e+01
    endloop
  endfacet
  facet normal 4.020103e-03 8.447616e-01 -5.351278e-01
    outer loop
      vertex   -9.333000e+00 2.096600e+01 7.410000e-01
      vertex   -1.010114e+01 2.092803e+01 6.752900e-01
      vertex   -1.480000e+01 2.091600e+01 6.210000e-01
    endloop
  endfacet
  facet normal 6.228841e-03 7.930385e-01 -6.091397e-01
    outer loop
      vertex   -2.026700e+01 2.070700e+01 2.930000e-01
      vertex   -2.026700e+01 2.086600e+01 5.000000e-01
      vertex   -1.480000e+01 2.091600e+01 6.210000e-01
    endloop
  endfacet
  facet normal 0.000000e+00 8.433441e-01 -5.373739e-01
    outer loop
      vertex   -1.480000e+01 2.070700e+01 2.930000e-01
      vertex   -2.026700e+01 2.070700e+01 2.930000e-01
      vertex   -1.480000e+01 2.091600e+01 6.210000e-01
    endloop
  endfacet
  facet normal -1.985932e-01 3.523135e-01 -9.145687e-01
    outer loop
      vertex   -6.424800e+01 2.011100e+01 3.800000e-02
      vertex   -6.443000e+01 2.026800e+01 1.380000e-01
      vertex   -6.400000e+01 2.050000e+01 1.340000e-01
    endloop
  endfacet
  facet normal 4.082704e-03 8.433371e-01 -5.373694e-01
    outer loop
      vertex   -1.228800e+01 2.092235e+01 6.500500e-01
      vertex   -1.480000e+01 2.070700e+01 2.930000e-01
      vertex   -1.480000e+01 2.091600e+01 6.210000e-01
    endloop
  endfacet
  facet normal -1.183350e-02 2.360968e-01 9.716575e-01
    outer loop
      vertex   -1.480000e+01 2.091600e+01 6.210000e-01
      vertex   -2.573300e+01 2.086600e+01 5.000000e-01
      vertex   -1.228800e+01 2.092235e+01 6.500500e-01
    endloop
  endfacet
  facet normal -2.758997e-01 4.971824e-01 -8.226111e-01
    outer loop
      vertex   -6.443000e+01 2.026800e+01 1.380000e-01
      vertex   -6.449500e+01 2.049500e+01 2.970000e-01
      vertex   -6.400000e+01 2.050000e+01 1.340000e-01
    endloop
  endfacet
  facet normal 1.177594e-02 -3.112605e-01 -9.502517e-01
    outer loop
      vertex   -1.480000e+01 2.091600e+01 6.210000e-01
      vertex   -1.010114e+01 2.092803e+01 6.752900e-01
      vertex   -1.228800e+01 2.092235e+01 6.500500e-01
    endloop
  endfacet
  facet normal -3.212319e-02 2.587312e-01 -9.654151e-01
    outer loop
      vertex   -6.424800e+01 2.011100e+01 3.800000e-02
      vertex   -6.400000e+01 2.050000e+01 1.340000e-01
      vertex   -6.400000e+01 2.000000e+01 0.000000e+00
    endloop
  endfacet
  facet normal -5.297290e-01 4.917464e-03 -8.481527e-01
    outer loop
      vertex   -6.450000e+01 -1.075000e+01 1.340000e-01
      vertex   -6.470700e+01 -5.625000e+00 2.930000e-01
      vertex   -6.400000e+01 2.000000e+01 0.000000e+00
    endloop
  endfacet
  facet normal -3.983494e-01 1.176232e-01 -9.096607e-01
    outer loop
      vertex   -6.450000e+01 2.000000e+01 1.340000e-01
      vertex   -6.443000e+01 2.026800e+01 1.380000e-01
      vertex   -6.424800e+01 2.011100e+01 3.800000e-02
    endloop
  endfacet
  facet normal -2.512715e-01 -2.404284e-01 -9.375803e-01
    outer loop
      vertex   -6.450000e+01 2.000000e+01 1.340000e-01
      vertex   -6.424800e+01 2.011100e+01 3.800000e-02
      vertex   -6.400000e+01 2.000000e+01 0.000000e+00
    endloop
  endfacet
  facet normal -6.256533e-03 2.588598e-01 -9.658946e-01
    outer loop
      vertex   -6.400000e+01 2.000000e+01 0.000000e+00
      vertex   -6.400000e+01 2.050000e+01 1.340000e-01
      vertex   -5.853300e+01 2.025900e+01 3.400000e-02
    endloop
  endfacet
  facet normal -8.433361e-01 5.373670e-01 -4.570438e-03
    outer loop
      vertex   -6.491600e+01 2.037900e+01 1.000000e+00
      vertex   -6.486600e+01 2.050000e+01 6.000000e+00
      vertex   -6.470700e+01 2.070700e+01 1.000000e+00
    endloop
  endfacet
  facet normal 2.434889e-03 4.298768e-01 -9.028843e-01
    outer loop
      vertex   -6.400000e+01 2.050000e+01 1.340000e-01
      vertex   -5.306700e+01 2.060400e+01 2.130000e-01
      vertex   -5.853300e+01 2.025900e+01 3.400000e-02
    endloop
  endfacet
  facet normal 1.426677e-01 9.897706e-01 -0.000000e+00
    outer loop
      vertex   1.800000e+01 2.100000e+01 1.000000e+00
      vertex   1.800000e+01 2.100000e+01 2.000000e+00
      vertex   1.822200e+01 2.096800e+01 9.230000e-01
    endloop
  endfacet
  facet normal 1.551664e-03 9.236412e-01 -3.832551e-01
    outer loop
      vertex   1.800000e+01 2.100000e+01 1.000000e+00
      vertex   -2.573300e+01 2.086600e+01 5.000000e-01
      vertex   -2.573300e+01 2.096600e+01 7.410000e-01
    endloop
  endfacet
  facet normal -1.179471e-02 2.957800e-01 9.551833e-01
    outer loop
      vertex   -1.010114e+01 2.092803e+01 6.752900e-01
      vertex   -1.013980e+01 2.092778e+01 6.748900e-01
      vertex   1.800000e+01 2.100000e+01 1.000000e+00
    endloop
  endfacet
  facet normal 7.531706e-01 6.547534e-01 -6.349876e-02
    outer loop
      vertex   1.865100e+01 2.073500e+01 8.730000e-01
      vertex   1.886600e+01 2.050000e+01 1.000000e+00
      vertex   1.876200e+01 2.059500e+01 7.460000e-01
    endloop
  endfacet
  facet normal 5.831212e-01 4.550163e-01 -6.730006e-01
    outer loop
      vertex   1.840700e+01 2.058300e+01 2.970000e-01
      vertex   1.869700e+01 2.051900e+01 5.050000e-01
      vertex   1.850700e+01 2.033800e+01 2.180000e-01
    endloop
  endfacet
  facet normal 5.964852e-01 6.768928e-01 -4.313022e-01
    outer loop
      vertex   1.865100e+01 2.073500e+01 8.730000e-01
      vertex   1.840700e+01 2.058300e+01 2.970000e-01
      vertex   1.835400e+01 2.086100e+01 6.600000e-01
    endloop
  endfacet
  facet normal 4.946339e-01 7.654899e-01 -4.115368e-01
    outer loop
      vertex   1.865100e+01 2.073500e+01 8.730000e-01
      vertex   1.876200e+01 2.059500e+01 7.460000e-01
      vertex   1.840700e+01 2.058300e+01 2.970000e-01
    endloop
  endfacet
  facet normal 4.489543e-01 8.103078e-01 -3.766182e-01
    outer loop
      vertex   1.876200e+01 2.059500e+01 7.460000e-01
      vertex   1.869700e+01 2.051900e+01 5.050000e-01
      vertex   1.840700e+01 2.058300e+01 2.970000e-01
    endloop
  endfacet
  facet normal 4.622132e-01 8.778889e-01 -1.251799e-01
    outer loop
      vertex   1.865100e+01 2.073500e+01 8.730000e-01
      vertex   1.835400e+01 2.086100e+01 6.600000e-01
      vertex   1.822200e+01 2.096800e+01 9.230000e-01
    endloop
  endfacet
  facet normal 8.966573e-01 3.816442e-01 -2.243957e-01
    outer loop
      vertex   1.886600e+01 2.050000e+01 1.000000e+00
      vertex   1.883200e+01 2.031000e+01 5.410000e-01
      vertex   1.876200e+01 2.059500e+01 7.460000e-01
    endloop
  endfacet
  facet normal 8.920657e-01 3.903674e-01 -2.276665e-01
    outer loop
      vertex   1.886600e+01 2.050000e+01 1.000000e+00
      vertex   1.896800e+01 2.022200e+01 9.230000e-01
      vertex   1.883200e+01 2.031000e+01 5.410000e-01
    endloop
  endfacet
  facet normal 9.333993e-01 3.556651e-01 -4.762351e-02
    outer loop
      vertex   1.893600e+01 2.050000e+01 2.372000e+00
      vertex   1.896800e+01 2.022200e+01 9.230000e-01
      vertex   1.886600e+01 2.050000e+01 1.000000e+00
    endloop
  endfacet
  facet normal 7.464137e-01 6.646235e-01 -3.379644e-02
    outer loop
      vertex   1.874000e+01 2.070700e+01 2.288000e+00
      vertex   1.886600e+01 2.050000e+01 1.000000e+00
      vertex   1.865100e+01 2.073500e+01 8.730000e-01
    endloop
  endfacet
  facet normal 5.683169e-01 8.225794e-01 -1.946889e-02
    outer loop
      vertex   1.865100e+01 2.073500e+01 8.730000e-01
      vertex   1.850000e+01 2.086600e+01 2.000000e+00
      vertex   1.874000e+01 2.070700e+01 2.288000e+00
    endloop
  endfacet
  facet normal 4.734118e-01 8.799837e-01 -3.885705e-02
    outer loop
      vertex   1.865100e+01 2.073500e+01 8.730000e-01
      vertex   1.822200e+01 2.096800e+01 9.230000e-01
      vertex   1.850000e+01 2.086600e+01 2.000000e+00
    endloop
  endfacet
  facet normal 2.587876e-01 9.656196e-01 2.465315e-02
    outer loop
      vertex   1.850000e+01 2.086600e+01 2.000000e+00
      vertex   1.822200e+01 2.096800e+01 9.230000e-01
      vertex   1.800000e+01 2.100000e+01 2.000000e+00
    endloop
  endfacet
  facet normal 7.274653e-01 6.372329e-01 -2.544181e-01
    outer loop
      vertex   1.850000e+01 2.086600e+01 2.000000e+00
      vertex   1.882700e+01 2.086600e+01 2.935000e+00
      vertex   1.874000e+01 2.070700e+01 2.288000e+00
    endloop
  endfacet
  facet normal 2.584423e-01 9.643315e-01 -5.720437e-02
    outer loop
      vertex   1.816800e+01 2.100000e+01 2.759000e+00
      vertex   1.850000e+01 2.086600e+01 2.000000e+00
      vertex   1.800000e+01 2.100000e+01 2.000000e+00
    endloop
  endfacet
  facet normal 2.182134e-01 9.729125e-01 -7.631625e-02
    outer loop
      vertex   1.850000e+01 2.086600e+01 2.000000e+00
      vertex   1.816800e+01 2.100000e+01 2.759000e+00
      vertex   1.882700e+01 2.086600e+01 2.935000e+00
    endloop
  endfacet
  facet normal 9.918517e-01 1.273727e-01 -2.533305e-03
    outer loop
      vertex   1.896600e+01 2.025900e+01 2.000000e+00
      vertex   1.896800e+01 2.022200e+01 9.230000e-01
      vertex   1.893600e+01 2.050000e+01 2.372000e+00
    endloop
  endfacet
  facet normal 8.847953e-01 4.203988e-01 -2.010027e-01
    outer loop
      vertex   1.893600e+01 2.050000e+01 2.372000e+00
      vertex   1.906800e+01 2.025900e+01 2.449000e+00
      vertex   1.896600e+01 2.025900e+01 2.000000e+00
    endloop
  endfacet
  facet normal 7.331625e-01 6.790239e-01 -3.740711e-02
    outer loop
      vertex   1.874000e+01 2.070700e+01 2.288000e+00
      vertex   1.893600e+01 2.050000e+01 2.372000e+00
      vertex   1.886600e+01 2.050000e+01 1.000000e+00
    endloop
  endfacet
  facet normal 6.881896e-01 6.278394e-01 -3.636107e-01
    outer loop
      vertex   1.893600e+01 2.050000e+01 2.372000e+00
      vertex   1.891200e+01 2.070700e+01 2.684000e+00
      vertex   1.911300e+01 2.050000e+01 2.707000e+00
    endloop
  endfacet
  facet normal 7.490079e-01 5.771902e-01 -3.253284e-01
    outer loop
      vertex   1.874000e+01 2.070700e+01 2.288000e+00
      vertex   1.891200e+01 2.070700e+01 2.684000e+00
      vertex   1.893600e+01 2.050000e+01 2.372000e+00
    endloop
  endfacet
  facet normal 8.383748e-01 3.176666e-01 -4.429623e-01
    outer loop
      vertex   1.893600e+01 2.050000e+01 2.372000e+00
      vertex   1.911300e+01 2.050000e+01 2.707000e+00
      vertex   1.906800e+01 2.025900e+01 2.449000e+00
    endloop
  endfacet
  facet normal 6.164469e-02 9.688110e-01 -2.400106e-01
    outer loop
      vertex   1.882700e+01 2.086600e+01 2.935000e+00
      vertex   1.858600e+01 2.100000e+01 3.414000e+00
      vertex   1.891400e+01 2.096600e+01 3.361000e+00
    endloop
  endfacet
  facet normal 2.353678e-01 9.602294e-01 -1.502046e-01
    outer loop
      vertex   1.882700e+01 2.086600e+01 2.935000e+00
      vertex   1.816800e+01 2.100000e+01 2.759000e+00
      vertex   1.858600e+01 2.100000e+01 3.414000e+00
    endloop
  endfacet
  facet normal -5.913252e-01 7.698485e-01 -2.401412e-01
    outer loop
      vertex   -6.470700e+01 2.070700e+01 1.000000e+00
      vertex   -6.450000e+01 2.086600e+01 1.000000e+00
      vertex   -6.451900e+01 2.069700e+01 5.050000e-01
    endloop
  endfacet
  facet normal -6.804129e-01 6.804129e-01 -2.721703e-01
    outer loop
      vertex   -6.470700e+01 2.070700e+01 1.000000e+00
      vertex   -6.451900e+01 2.069700e+01 5.050000e-01
      vertex   -6.469700e+01 2.051900e+01 5.050000e-01
    endloop
  endfacet
  facet normal 4.303159e-01 8.552824e-01 -2.886525e-01
    outer loop
      vertex   1.891400e+01 2.096600e+01 3.361000e+00
      vertex   1.919400e+01 2.070700e+01 3.011000e+00
      vertex   1.882700e+01 2.086600e+01 2.935000e+00
    endloop
  endfacet
  facet normal 4.328039e-01 8.205914e-01 -3.732433e-01
    outer loop
      vertex   1.882700e+01 2.086600e+01 2.935000e+00
      vertex   1.919400e+01 2.070700e+01 3.011000e+00
      vertex   1.891200e+01 2.070700e+01 2.684000e+00
    endloop
  endfacet
  facet normal 6.111066e-01 7.457176e-01 -2.654316e-01
    outer loop
      vertex   1.891200e+01 2.070700e+01 2.684000e+00
      vertex   1.874000e+01 2.070700e+01 2.288000e+00
      vertex   1.882700e+01 2.086600e+01 2.935000e+00
    endloop
  endfacet
  facet normal 6.041868e-01 5.195416e-01 -6.041811e-01
    outer loop
      vertex   1.929300e+01 2.050000e+01 2.887000e+00
      vertex   1.911300e+01 2.050000e+01 2.707000e+00
      vertex   1.891200e+01 2.070700e+01 2.684000e+00
    endloop
  endfacet
  facet normal -6.091502e-01 7.930549e-01 -1.398300e-04
    outer loop
      vertex   -6.460400e+01 2.078700e+01 6.000000e+00
      vertex   -6.450000e+01 2.086600e+01 1.000000e+00
      vertex   -6.470700e+01 2.070700e+01 1.000000e+00
    endloop
  endfacet
  facet normal -7.385334e-01 6.742024e-01 4.427219e-03
    outer loop
      vertex   -6.460400e+01 2.078700e+01 6.000000e+00
      vertex   -6.470700e+01 2.070700e+01 1.000000e+00
      vertex   -6.486600e+01 2.050000e+01 6.000000e+00
    endloop
  endfacet
  facet normal 6.048475e-01 6.017321e-01 -5.216110e-01
    outer loop
      vertex   1.929300e+01 2.050000e+01 2.887000e+00
      vertex   1.891200e+01 2.070700e+01 2.684000e+00
      vertex   1.919400e+01 2.070700e+01 3.011000e+00
    endloop
  endfacet
  facet normal -7.641431e-01 2.086988e-01 -6.103524e-01
    outer loop
      vertex   -6.449500e+01 2.049500e+01 2.970000e-01
      vertex   -6.443000e+01 2.026800e+01 1.380000e-01
      vertex   -6.450000e+01 2.000000e+01 1.340000e-01
    endloop
  endfacet
  facet normal -1.618937e-01 8.271379e-01 -5.381759e-01
    outer loop
      vertex   -6.420100e+01 2.071800e+01 3.330000e-01
      vertex   -6.431000e+01 2.083200e+01 5.410000e-01
      vertex   -6.400000e+01 2.086600e+01 5.000000e-01
    endloop
  endfacet
  facet normal -5.607277e-01 5.607277e-01 -6.092363e-01
    outer loop
      vertex   -6.469700e+01 2.051900e+01 5.050000e-01
      vertex   -6.451900e+01 2.069700e+01 5.050000e-01
      vertex   -6.449500e+01 2.049500e+01 2.970000e-01
    endloop
  endfacet
  facet normal 3.257863e-01 7.907178e-01 -5.182940e-01
    outer loop
      vertex   1.934900e+01 2.086600e+01 3.351000e+00
      vertex   1.943900e+01 2.070700e+01 3.165000e+00
      vertex   1.919400e+01 2.070700e+01 3.011000e+00
    endloop
  endfacet
  facet normal 4.233544e-01 6.059276e-01 -6.735153e-01
    outer loop
      vertex   1.943900e+01 2.070700e+01 3.165000e+00
      vertex   1.929300e+01 2.050000e+01 2.887000e+00
      vertex   1.919400e+01 2.070700e+01 3.011000e+00
    endloop
  endfacet
  facet normal 6.587272e-01 3.635346e-01 -6.587269e-01
    outer loop
      vertex   1.950800e+01 2.050000e+01 3.022000e+00
      vertex   1.955100e+01 2.025900e+01 2.932000e+00
      vertex   1.906800e+01 2.025900e+01 2.449000e+00
    endloop
  endfacet
  facet normal -3.114022e-01 6.635047e-01 -6.802868e-01
    outer loop
      vertex   -6.449500e+01 2.049500e+01 2.970000e-01
      vertex   -6.451900e+01 2.069700e+01 5.050000e-01
      vertex   -6.431000e+01 2.083200e+01 5.410000e-01
    endloop
  endfacet
  facet normal 4.183894e-01 3.823268e-01 -8.238789e-01
    outer loop
      vertex   1.973000e+01 2.060400e+01 3.183000e+00
      vertex   1.955100e+01 2.025900e+01 2.932000e+00
      vertex   1.950800e+01 2.050000e+01 3.022000e+00
    endloop
  endfacet
  facet normal 3.680752e-01 7.217320e-01 -5.861942e-01
    outer loop
      vertex   1.950800e+01 2.050000e+01 3.022000e+00
      vertex   1.906800e+01 2.025900e+01 2.449000e+00
      vertex   1.929300e+01 2.050000e+01 2.887000e+00
    endloop
  endfacet
  facet normal -4.368683e-01 6.724292e-01 -5.974822e-01
    outer loop
      vertex   -6.420100e+01 2.071800e+01 3.330000e-01
      vertex   -6.449500e+01 2.049500e+01 2.970000e-01
      vertex   -6.431000e+01 2.083200e+01 5.410000e-01
    endloop
  endfacet
  facet normal 2.609957e-01 6.060638e-01 -7.513774e-01
    outer loop
      vertex   1.943900e+01 2.070700e+01 3.165000e+00
      vertex   1.973000e+01 2.060400e+01 3.183000e+00
      vertex   1.950800e+01 2.050000e+01 3.022000e+00
    endloop
  endfacet
  facet normal 4.229038e-01 6.062437e-01 -6.735139e-01
    outer loop
      vertex   1.943900e+01 2.070700e+01 3.165000e+00
      vertex   1.950800e+01 2.050000e+01 3.022000e+00
      vertex   1.929300e+01 2.050000e+01 2.887000e+00
    endloop
  endfacet
  facet normal -2.759817e-01 4.967000e-01 -8.228750e-01
    outer loop
      vertex   -6.449500e+01 2.049500e+01 2.970000e-01
      vertex   -6.420100e+01 2.071800e+01 3.330000e-01
      vertex   -6.400000e+01 2.050000e+01 1.340000e-01
    endloop
  endfacet
  facet normal -7.902717e-02 9.883922e-01 -1.297518e-01
    outer loop
      vertex   2.000000e+01 2.100000e+01 4.000000e+00
      vertex   2.000000e+01 2.096600e+01 3.741000e+00
      vertex   1.963900e+01 2.091600e+01 3.580000e+00
    endloop
  endfacet
  facet normal 6.669629e-02 7.055330e-01 -7.055315e-01
    outer loop
      vertex   -6.400000e+01 2.086600e+01 5.000000e-01
      vertex   -6.400000e+01 2.050000e+01 1.340000e-01
      vertex   -6.420100e+01 2.071800e+01 3.330000e-01
    endloop
  endfacet
  facet normal 2.396521e-01 3.780616e-01 -8.942239e-01
    outer loop
      vertex   1.950000e+01 2.000000e+01 2.866000e+00
      vertex   1.973000e+01 2.060400e+01 3.183000e+00
      vertex   2.000000e+01 2.000000e+01 3.000000e+00
    endloop
  endfacet
  facet normal -7.536936e-02 2.581287e-01 -9.631662e-01
    outer loop
      vertex   2.000000e+01 2.050000e+01 3.134000e+00
      vertex   2.000000e+01 2.000000e+01 3.000000e+00
      vertex   1.973000e+01 2.060400e+01 3.183000e+00
    endloop
  endfacet
  facet normal 6.173491e-03 9.914743e-01 -1.301564e-01
    outer loop
      vertex   2.000000e+01 2.096600e+01 3.741000e+00
      vertex   2.000000e+01 2.100000e+01 4.000000e+00
      vertex   2.550000e+01 2.091600e+01 3.621000e+00
    endloop
  endfacet
  facet normal -1.293058e-03 6.875303e-01 -7.261546e-01
    outer loop
      vertex   -6.400000e+01 2.050000e+01 1.340000e-01
      vertex   -5.853300e+01 2.078700e+01 3.960000e-01
      vertex   -5.306700e+01 2.060400e+01 2.130000e-01
    endloop
  endfacet
  facet normal -2.053325e-03 9.536960e-01 -3.007652e-01
    outer loop
      vertex   3.650000e+01 2.091600e+01 3.621000e+00
      vertex   3.100000e+01 2.086600e+01 3.500000e+00
      vertex   2.000000e+01 2.100000e+01 4.000000e+00
    endloop
  endfacet
  facet normal 6.138830e-03 9.914102e-01 -1.306452e-01
    outer loop
      vertex   3.100000e+01 2.086600e+01 3.500000e+00
      vertex   2.550000e+01 2.091600e+01 3.621000e+00
      vertex   2.000000e+01 2.100000e+01 4.000000e+00
    endloop
  endfacet
  facet normal 3.898459e-02 9.648128e-01 -2.600318e-01
    outer loop
      vertex   1.963900e+01 2.091600e+01 3.580000e+00
      vertex   1.934900e+01 2.086600e+01 3.351000e+00
      vertex   1.924100e+01 2.100000e+01 3.832000e+00
    endloop
  endfacet
  facet normal 5.299988e-02 9.694620e-01 -2.394462e-01
    outer loop
      vertex   1.924100e+01 2.100000e+01 3.832000e+00
      vertex   2.000000e+01 2.100000e+01 4.000000e+00
      vertex   1.963900e+01 2.091600e+01 3.580000e+00
    endloop
  endfacet
  facet normal -1.395036e-01 9.546058e-01 -2.631855e-01
    outer loop
      vertex   -6.400000e+01 2.086600e+01 5.000000e-01
      vertex   -6.431000e+01 2.083200e+01 5.410000e-01
      vertex   -6.425900e+01 2.096600e+01 1.000000e+00
    endloop
  endfacet
  facet normal 2.351602e-02 2.355192e-01 9.715851e-01
    outer loop
      vertex   3.650000e+01 2.091600e+01 3.621000e+00
      vertex   2.000000e+01 2.100000e+01 4.000000e+00
      vertex   4.200000e+01 2.086600e+01 3.500000e+00
    endloop
  endfacet
  facet normal -1.257924e-01 9.582405e-01 -2.568100e-01
    outer loop
      vertex   -6.400000e+01 2.100000e+01 1.000000e+00
      vertex   -6.400000e+01 2.086600e+01 5.000000e-01
      vertex   -6.425900e+01 2.096600e+01 1.000000e+00
    endloop
  endfacet
  facet normal -3.049800e-03 8.657317e-01 -5.004990e-01
    outer loop
      vertex   2.000000e+01 2.070700e+01 3.293000e+00
      vertex   2.000000e+01 2.096600e+01 3.741000e+00
      vertex   2.550000e+01 2.091600e+01 3.621000e+00
    endloop
  endfacet
  facet normal -3.737454e-01 9.007131e-01 -2.214280e-01
    outer loop
      vertex   -6.431000e+01 2.083200e+01 5.410000e-01
      vertex   -6.450000e+01 2.086600e+01 1.000000e+00
      vertex   -6.425900e+01 2.096600e+01 1.000000e+00
    endloop
  endfacet
  facet normal -4.906735e-01 8.301944e-01 -2.646068e-01
    outer loop
      vertex   -6.431000e+01 2.083200e+01 5.410000e-01
      vertex   -6.451900e+01 2.069700e+01 5.050000e-01
      vertex   -6.450000e+01 2.086600e+01 1.000000e+00
    endloop
  endfacet
  facet normal 2.139418e-01 9.523745e-01 -2.172824e-01
    outer loop
      vertex   1.924100e+01 2.100000e+01 3.832000e+00
      vertex   1.934900e+01 2.086600e+01 3.351000e+00
      vertex   1.891400e+01 2.096600e+01 3.361000e+00
    endloop
  endfacet
  facet normal 8.175535e-02 9.883846e-01 -1.281092e-01
    outer loop
      vertex   1.891400e+01 2.096600e+01 3.361000e+00
      vertex   1.858600e+01 2.100000e+01 3.414000e+00
      vertex   1.924100e+01 2.100000e+01 3.832000e+00
    endloop
  endfacet
  facet normal 1.027622e-01 8.611525e-01 -4.978517e-01
    outer loop
      vertex   2.000000e+01 2.096600e+01 3.741000e+00
      vertex   2.000000e+01 2.070700e+01 3.293000e+00
      vertex   1.963900e+01 2.091600e+01 3.580000e+00
    endloop
  endfacet
  facet normal -4.083039e-03 -8.433209e-01 5.373948e-01
    outer loop
      vertex   -9.333000e+00 2.096600e+01 7.410000e-01
      vertex   -1.480000e+01 2.091600e+01 6.210000e-01
      vertex   -1.228800e+01 2.092235e+01 6.500500e-01
    endloop
  endfacet
  facet normal 6.040499e-03 7.943431e-01 -6.074394e-01
    outer loop
      vertex   2.000000e+01 2.070700e+01 3.293000e+00
      vertex   2.550000e+01 2.091600e+01 3.621000e+00
      vertex   2.550000e+01 2.060400e+01 3.213000e+00
    endloop
  endfacet
  facet normal 0.000000e+00 5.005030e-01 -8.657348e-01
    outer loop
      vertex   -9.333000e+00 2.025900e+01 3.400000e-02
      vertex   -1.480000e+01 2.025900e+01 3.400000e-02
      vertex   -1.480000e+01 2.070700e+01 2.930000e-01
    endloop
  endfacet
  facet normal -3.832522e-01 -9.236437e-01 -0.000000e+00
    outer loop
      vertex   -9.982000e+00 1.893200e+01 5.000000e+00
      vertex   -9.982000e+00 1.893200e+01 2.000000e+00
      vertex   -9.500000e+00 1.873200e+01 5.000000e+00
    endloop
  endfacet
  facet normal -3.832522e-01 -9.236437e-01 -0.000000e+00
    outer loop
      vertex   -9.500000e+00 1.873200e+01 5.000000e+00
      vertex   -9.982000e+00 1.893200e+01 2.000000e+00
      vertex   -9.500000e+00 1.873200e+01 2.000000e+00
    endloop
  endfacet
  facet normal -1.274376e-04 6.091536e-01 -7.930522e-01
    outer loop
      vertex   2.000000e+01 2.070700e+01 3.293000e+00
      vertex   2.550000e+01 2.060400e+01 3.213000e+00
      vertex   2.000000e+01 2.050000e+01 3.134000e+00
    endloop
  endfacet
  facet normal -4.376697e-02 7.805974e-01 -6.234999e-01
    outer loop
      vertex   1.973000e+01 2.060400e+01 3.183000e+00
      vertex   1.963900e+01 2.091600e+01 3.580000e+00
      vertex   2.000000e+01 2.070700e+01 3.293000e+00
    endloop
  endfacet
  facet normal -1.301590e-01 -9.914931e-01 -0.000000e+00
    outer loop
      vertex   -1.050000e+01 1.900000e+01 5.000000e+00
      vertex   -1.050000e+01 1.900000e+01 2.000000e+00
      vertex   -9.982000e+00 1.893200e+01 5.000000e+00
    endloop
  endfacet
  facet normal -1.301590e-01 -9.914931e-01 -0.000000e+00
    outer loop
      vertex   -9.982000e+00 1.893200e+01 5.000000e+00
      vertex   -1.050000e+01 1.900000e+01 2.000000e+00
      vertex   -9.982000e+00 1.893200e+01 2.000000e+00
    endloop
  endfacet
  facet normal -6.091565e-01 -7.930500e-01 0.000000e+00
    outer loop
      vertex   -9.086000e+00 1.841400e+01 2.000000e+00
      vertex   -9.086000e+00 1.841400e+01 5.000000e+00
      vertex   -9.500000e+00 1.873200e+01 2.000000e+00
    endloop
  endfacet
  facet normal -6.091565e-01 -7.930500e-01 0.000000e+00
    outer loop
      vertex   -9.500000e+00 1.873200e+01 2.000000e+00
      vertex   -9.086000e+00 1.841400e+01 5.000000e+00
      vertex   -9.500000e+00 1.873200e+01 5.000000e+00
    endloop
  endfacet
  facet normal -9.922284e-01 -1.244297e-01 0.000000e+00
    outer loop
      vertex   -8.413000e+00 1.628200e+01 2.000000e+00
      vertex   -8.413000e+00 1.628200e+01 5.000000e+00
      vertex   -8.568000e+00 1.751800e+01 2.000000e+00
    endloop
  endfacet
  facet normal -9.922284e-01 -1.244297e-01 0.000000e+00
    outer loop
      vertex   -8.568000e+00 1.751800e+01 2.000000e+00
      vertex   -8.413000e+00 1.628200e+01 5.000000e+00
      vertex   -8.568000e+00 1.751800e+01 5.000000e+00
    endloop
  endfacet
  facet normal 1.357902e-03 5.128707e-01 -8.584648e-01
    outer loop
      vertex   2.967000e+00 2.074700e+01 3.450000e-01
      vertex   -9.333000e+00 2.025900e+01 3.400000e-02
      vertex   -1.480000e+01 2.070700e+01 2.930000e-01
    endloop
  endfacet
  facet normal 2.881169e-01 7.922767e-01 -5.378534e-01
    outer loop
      vertex   1.943900e+01 2.070700e+01 3.165000e+00
      vertex   1.934900e+01 2.086600e+01 3.351000e+00
      vertex   1.963900e+01 2.091600e+01 3.580000e+00
    endloop
  endfacet
  facet normal 1.854160e-01 8.549949e-01 -4.843601e-01
    outer loop
      vertex   1.919400e+01 2.070700e+01 3.011000e+00
      vertex   1.891400e+01 2.096600e+01 3.361000e+00
      vertex   1.934900e+01 2.086600e+01 3.351000e+00
    endloop
  endfacet
  facet normal -1.183210e-02 2.351103e-01 9.718967e-01
    outer loop
      vertex   -2.573300e+01 2.086600e+01 5.000000e-01
      vertex   1.800000e+01 2.100000e+01 1.000000e+00
      vertex   -1.013980e+01 2.092778e+01 6.748900e-01
    endloop
  endfacet
  facet normal 3.099131e-01 7.807595e-01 -5.425574e-01
    outer loop
      vertex   1.973000e+01 2.060400e+01 3.183000e+00
      vertex   1.943900e+01 2.070700e+01 3.165000e+00
      vertex   1.963900e+01 2.091600e+01 3.580000e+00
    endloop
  endfacet
  facet normal -4.783411e-04 8.682537e-01 -4.961203e-01
    outer loop
      vertex   -1.013980e+01 2.092778e+01 6.748900e-01
      vertex   -1.010114e+01 2.092803e+01 6.752900e-01
      vertex   -1.480000e+01 2.070700e+01 2.930000e-01
    endloop
  endfacet
  facet normal -5.038755e-04 8.683836e-01 -4.958928e-01
    outer loop
      vertex   -1.010114e+01 2.092803e+01 6.752900e-01
      vertex   -9.333000e+00 2.096600e+01 7.410000e-01
      vertex   2.967000e+00 2.074700e+01 3.450000e-01
    endloop
  endfacet
  facet normal -5.036611e-04 8.683873e-01 -4.958864e-01
    outer loop
      vertex   2.967000e+00 2.074700e+01 3.450000e-01
      vertex   -1.480000e+01 2.070700e+01 2.930000e-01
      vertex   -1.010114e+01 2.092803e+01 6.752900e-01
    endloop
  endfacet
  facet normal 4.783903e-04 -8.682557e-01 4.961168e-01
    outer loop
      vertex   -1.010114e+01 2.092803e+01 6.752900e-01
      vertex   -9.333000e+00 2.096600e+01 7.410000e-01
      vertex   -1.013980e+01 2.092778e+01 6.748900e-01
    endloop
  endfacet
  facet normal 4.081847e-03 8.433399e-01 -5.373650e-01
    outer loop
      vertex   -1.013980e+01 2.092778e+01 6.748900e-01
      vertex   -1.480000e+01 2.070700e+01 2.930000e-01
      vertex   -1.228800e+01 2.092235e+01 6.500500e-01
    endloop
  endfacet
  facet normal 1.179313e-02 -2.952941e-01 -9.553336e-01
    outer loop
      vertex   -1.010114e+01 2.092803e+01 6.752900e-01
      vertex   -1.013980e+01 2.092778e+01 6.748900e-01
      vertex   -1.228800e+01 2.092235e+01 6.500500e-01
    endloop
  endfacet
  facet normal -4.081849e-03 -8.433398e-01 5.373652e-01
    outer loop
      vertex   -1.228800e+01 2.092235e+01 6.500500e-01
      vertex   -1.013980e+01 2.092778e+01 6.748900e-01
      vertex   -9.333000e+00 2.096600e+01 7.410000e-01
    endloop
  endfacet
  facet normal 9.034169e-02 6.066627e-01 -7.898093e-01
    outer loop
      vertex   1.973000e+01 2.060400e+01 3.183000e+00
      vertex   2.000000e+01 2.070700e+01 3.293000e+00
      vertex   2.000000e+01 2.050000e+01 3.134000e+00
    endloop
  endfacet
  facet normal -7.930500e-01 -6.091565e-01 0.000000e+00
    outer loop
      vertex   -8.768000e+00 1.800000e+01 2.000000e+00
      vertex   -8.768000e+00 1.800000e+01 5.000000e+00
      vertex   -9.086000e+00 1.841400e+01 2.000000e+00
    endloop
  endfacet
  facet normal -7.930500e-01 -6.091565e-01 0.000000e+00
    outer loop
      vertex   -9.086000e+00 1.841400e+01 2.000000e+00
      vertex   -8.768000e+00 1.800000e+01 5.000000e+00
      vertex   -9.086000e+00 1.841400e+01 5.000000e+00
    endloop
  endfacet
  facet normal -9.236431e-01 -3.832538e-01 -0.000000e+00
    outer loop
      vertex   -8.768000e+00 1.800000e+01 5.000000e+00
      vertex   -8.768000e+00 1.800000e+01 2.000000e+00
      vertex   -8.568000e+00 1.751800e+01 5.000000e+00
    endloop
  endfacet
  facet normal -9.236431e-01 -3.832538e-01 -0.000000e+00
    outer loop
      vertex   -8.568000e+00 1.751800e+01 5.000000e+00
      vertex   -8.768000e+00 1.800000e+01 2.000000e+00
      vertex   -8.568000e+00 1.751800e+01 2.000000e+00
    endloop
  endfacet
  facet normal 8.263811e-01 -1.931444e-02 -5.627800e-01
    outer loop
      vertex   1.950000e+01 2.000000e+01 2.866000e+00
      vertex   1.955100e+01 2.025900e+01 2.932000e+00
      vertex   1.973000e+01 2.060400e+01 3.183000e+00
    endloop
  endfacet
  facet normal 0.000000e+00 -4.605435e-01 -8.876372e-01
    outer loop
      vertex   2.100000e+01 1.939600e+01 3.213000e+00
      vertex   2.100000e+01 1.974100e+01 3.034000e+00
      vertex   2.550000e+01 1.974100e+01 3.034000e+00
    endloop
  endfacet
  facet normal 3.934764e-03 -5.004992e-01 -8.657281e-01
    outer loop
      vertex   2.100000e+01 1.939600e+01 3.213000e+00
      vertex   2.550000e+01 1.974100e+01 3.034000e+00
      vertex   2.550000e+01 1.929300e+01 3.293000e+00
    endloop
  endfacet
  facet normal 1.000000e+00 0.000000e+00 0.000000e+00
    outer loop
      vertex   2.100000e+01 2.000000e+01 3.000000e+00
      vertex   2.100000e+01 1.974100e+01 3.034000e+00
      vertex   2.100000e+01 -2.026800e+01 3.000000e+00
    endloop
  endfacet
  facet normal 1.000000e+00 0.000000e+00 0.000000e+00
    outer loop
      vertex   2.100000e+01 -2.026800e+01 3.000000e+00
      vertex   2.100000e+01 1.974100e+01 3.034000e+00
      vertex   2.100000e+01 1.939600e+01 3.213000e+00
    endloop
  endfacet
  facet normal 1.000000e+00 0.000000e+00 0.000000e+00
    outer loop
      vertex   2.100000e+01 -2.026800e+01 3.000000e+00
      vertex   2.100000e+01 1.939600e+01 3.213000e+00
      vertex   2.100000e+01 -2.007600e+01 3.484000e+00
    endloop
  endfacet
  facet normal 1.000000e+00 -0.000000e+00 0.000000e+00
    outer loop
      vertex   2.100000e+01 -2.007600e+01 3.484000e+00
      vertex   2.100000e+01 1.939600e+01 3.213000e+00
      vertex   2.100000e+01 1.908400e+01 3.621000e+00
    endloop
  endfacet
  facet normal 1.000000e+00 0.000000e+00 0.000000e+00
    outer loop
      vertex   2.100000e+01 -2.007600e+01 3.484000e+00
      vertex   2.100000e+01 1.908400e+01 3.621000e+00
      vertex   2.100000e+01 1.900000e+01 4.000000e+00
    endloop
  endfacet
  facet normal 0.000000e+00 -9.763083e-01 -2.163840e-01
    outer loop
      vertex   4.200000e+01 1.908400e+01 3.621000e+00
      vertex   6.300000e+01 1.900000e+01 4.000000e+00
      vertex   2.100000e+01 1.900000e+01 4.000000e+00
    endloop
  endfacet
  facet normal -1.805550e-03 -9.505035e-01 -3.107085e-01
    outer loop
      vertex   4.200000e+01 1.908400e+01 3.621000e+00
      vertex   2.100000e+01 1.900000e+01 4.000000e+00
      vertex   3.650000e+01 1.913400e+01 3.500000e+00
    endloop
  endfacet
  facet normal -7.382765e-03 -7.943359e-01 -6.074339e-01
    outer loop
      vertex   2.100000e+01 1.908400e+01 3.621000e+00
      vertex   2.100000e+01 1.939600e+01 3.213000e+00
      vertex   2.550000e+01 1.929300e+01 3.293000e+00
    endloop
  endfacet
  facet normal -2.560090e-03 -9.599096e-01 -2.802981e-01
    outer loop
      vertex   2.100000e+01 1.900000e+01 4.000000e+00
      vertex   2.550000e+01 1.913400e+01 3.500000e+00
      vertex   3.100000e+01 1.908400e+01 3.621000e+00
    endloop
  endfacet
  facet normal -7.567286e-03 -7.930312e-01 -6.091341e-01
    outer loop
      vertex   2.550000e+01 1.913400e+01 3.500000e+00
      vertex   2.100000e+01 1.908400e+01 3.621000e+00
      vertex   2.550000e+01 1.929300e+01 3.293000e+00
    endloop
  endfacet
  facet normal 5.029726e-03 -9.762960e-01 -2.163813e-01
    outer loop
      vertex   2.100000e+01 1.900000e+01 4.000000e+00
      vertex   2.100000e+01 1.908400e+01 3.621000e+00
      vertex   2.550000e+01 1.913400e+01 3.500000e+00
    endloop
  endfacet
  facet normal 1.003745e-02 -9.990062e-01 4.342563e-02
    outer loop
      vertex   2.100000e+01 1.900000e+01 4.000000e+00
      vertex   3.100000e+01 1.908400e+01 3.621000e+00
      vertex   3.650000e+01 1.913400e+01 3.500000e+00
    endloop
  endfacet
  facet normal 9.536985e-01 5.791157e-04 3.007637e-01
    outer loop
      vertex   2.100000e+01 1.900000e+01 4.000000e+00
      vertex   2.086600e+01 -2.000000e+01 4.500000e+00
      vertex   2.098300e+01 -2.000000e+01 4.129000e+00
    endloop
  endfacet
  facet normal 9.659132e-01 0.000000e+00 2.588662e-01
    outer loop
      vertex   2.100000e+01 1.900000e+01 4.000000e+00
      vertex   2.086600e+01 1.900000e+01 4.500000e+00
      vertex   2.086600e+01 -2.000000e+01 4.500000e+00
    endloop
  endfacet
  facet normal 9.996517e-01 -3.484646e-04 2.638877e-02
    outer loop
      vertex   2.100000e+01 1.900000e+01 4.000000e+00
      vertex   2.098300e+01 -2.000000e+01 4.129000e+00
      vertex   2.100000e+01 -2.007600e+01 3.484000e+00
    endloop
  endfacet
  facet normal -1.619815e-02 4.604830e-01 -8.875207e-01
    outer loop
      vertex   2.550000e+01 2.025900e+01 3.034000e+00
      vertex   2.000000e+01 2.000000e+01 3.000000e+00
      vertex   2.550000e+01 2.060400e+01 3.213000e+00
    endloop
  endfacet
  facet normal 0.000000e+00 1.301567e-01 -9.914934e-01
    outer loop
      vertex   2.550000e+01 2.025900e+01 3.034000e+00
      vertex   2.100000e+01 2.000000e+01 3.000000e+00
      vertex   2.000000e+01 2.000000e+01 3.000000e+00
    endloop
  endfacet
  facet normal -4.019878e-03 -8.447628e-01 5.351259e-01
    outer loop
      vertex   -9.333000e+00 2.096600e+01 7.410000e-01
      vertex   -1.010114e+01 2.092803e+01 6.752900e-01
      vertex   1.800000e+01 2.100000e+01 1.000000e+00
    endloop
  endfacet
  facet normal -2.078477e-03 9.394518e-01 -3.426747e-01
    outer loop
      vertex   -3.666700e+01 2.096600e+01 7.410000e-01
      vertex   -4.213300e+01 2.086600e+01 5.000000e-01
      vertex   -6.400000e+01 2.100000e+01 1.000000e+00
    endloop
  endfacet
  facet normal 2.078477e-03 9.394518e-01 -3.426747e-01
    outer loop
      vertex   -9.333000e+00 2.096600e+01 7.410000e-01
      vertex   1.800000e+01 2.100000e+01 1.000000e+00
      vertex   -3.867000e+00 2.086600e+01 5.000000e-01
    endloop
  endfacet
  facet normal -8.135701e-03 6.751517e-01 -7.376341e-01
    outer loop
      vertex   -9.333000e+00 2.025900e+01 3.400000e-02
      vertex   2.967000e+00 2.074700e+01 3.450000e-01
      vertex   1.600000e+00 2.050000e+01 1.340000e-01
    endloop
  endfacet
  facet normal 0.000000e+00 3.832554e-01 -9.236424e-01
    outer loop
      vertex   1.600000e+00 2.050000e+01 1.340000e-01
      vertex   1.253300e+01 2.025900e+01 3.400000e-02
      vertex   -9.333000e+00 2.025900e+01 3.400000e-02
    endloop
  endfacet
  facet normal 9.922284e-01 -1.244299e-01 0.000000e+00
    outer loop
      vertex   -2.587000e+00 1.628200e+01 5.000000e+00
      vertex   -2.587000e+00 1.628200e+01 2.000000e+00
      vertex   -2.432000e+00 1.751800e+01 5.000000e+00
    endloop
  endfacet
  facet normal 9.922284e-01 -1.244299e-01 0.000000e+00
    outer loop
      vertex   -2.432000e+00 1.751800e+01 5.000000e+00
      vertex   -2.587000e+00 1.628200e+01 2.000000e+00
      vertex   -2.432000e+00 1.751800e+01 2.000000e+00
    endloop
  endfacet
  facet normal 9.236431e-01 -3.832538e-01 0.000000e+00
    outer loop
      vertex   -2.232000e+00 1.800000e+01 2.000000e+00
      vertex   -2.232000e+00 1.800000e+01 5.000000e+00
      vertex   -2.432000e+00 1.751800e+01 2.000000e+00
    endloop
  endfacet
  facet normal 9.236431e-01 -3.832538e-01 0.000000e+00
    outer loop
      vertex   -2.432000e+00 1.751800e+01 2.000000e+00
      vertex   -2.232000e+00 1.800000e+01 5.000000e+00
      vertex   -2.432000e+00 1.751800e+01 5.000000e+00
    endloop
  endfacet
  facet normal 3.832524e-01 -9.236436e-01 0.000000e+00
    outer loop
      vertex   -1.018000e+00 1.893200e+01 2.000000e+00
      vertex   -1.018000e+00 1.893200e+01 5.000000e+00
      vertex   -1.500000e+00 1.873200e+01 2.000000e+00
    endloop
  endfacet
  facet normal 3.832524e-01 -9.236436e-01 0.000000e+00
    outer loop
      vertex   -1.500000e+00 1.873200e+01 2.000000e+00
      vertex   -1.018000e+00 1.893200e+01 5.000000e+00
      vertex   -1.500000e+00 1.873200e+01 5.000000e+00
    endloop
  endfacet
  facet normal 0.000000e+00 5.005014e-01 8.657358e-01
    outer loop
      vertex   -3.120000e+01 2.070700e+01 2.670700e+01
      vertex   -4.486700e+01 2.070700e+01 2.670700e+01
      vertex   -5.853300e+01 2.025900e+01 2.696600e+01
    endloop
  endfacet
  facet normal 0.000000e+00 5.005014e-01 8.657358e-01
    outer loop
      vertex   -5.853300e+01 2.025900e+01 2.696600e+01
      vertex   -4.486700e+01 2.070700e+01 2.670700e+01
      vertex   -5.853300e+01 2.070700e+01 2.670700e+01
    endloop
  endfacet
  facet normal -0.000000e+00 8.433449e-01 5.373726e-01
    outer loop
      vertex   -5.853300e+01 2.070700e+01 2.670700e+01
      vertex   -4.486700e+01 2.070700e+01 2.670700e+01
      vertex   -4.760000e+01 2.091600e+01 2.637900e+01
    endloop
  endfacet
  facet normal 2.365915e-02 2.358422e-01 -9.715033e-01
    outer loop
      vertex   -6.400000e+01 2.100000e+01 2.600000e+01
      vertex   -4.760000e+01 2.091600e+01 2.637900e+01
      vertex   -4.213300e+01 2.086600e+01 2.650000e+01
    endloop
  endfacet
  facet normal 2.361760e-02 2.769459e-01 -9.605952e-01
    outer loop
      vertex   -4.760000e+01 2.091600e+01 2.637900e+01
      vertex   -6.400000e+01 2.100000e+01 2.600000e+01
      vertex   -5.306700e+01 2.096600e+01 2.625900e+01
    endloop
  endfacet
  facet normal 4.019581e-03 -8.447821e-01 -5.350954e-01
    outer loop
      vertex   -3.666700e+01 2.096600e+01 2.625900e+01
      vertex   -3.590359e+01 2.092805e+01 2.632465e+01
      vertex   -6.400000e+01 2.100000e+01 2.600000e+01
    endloop
  endfacet
  facet normal 1.182477e-02 2.555576e-01 -9.667215e-01
    outer loop
      vertex   -3.590359e+01 2.092805e+01 2.632465e+01
      vertex   -3.586020e+01 2.092778e+01 2.632511e+01
      vertex   -6.400000e+01 2.100000e+01 2.600000e+01
    endloop
  endfacet
  facet normal -2.078493e-03 9.394516e-01 3.426753e-01
    outer loop
      vertex   -6.400000e+01 2.100000e+01 2.600000e+01
      vertex   -4.213300e+01 2.086600e+01 2.650000e+01
      vertex   -3.666700e+01 2.096600e+01 2.625900e+01
    endloop
  endfacet
  facet normal -1.646218e-02 -9.990169e-01 4.116096e-02
    outer loop
      vertex   -3.867000e+00 2.086600e+01 5.000000e-01
      vertex   2.967000e+00 2.074700e+01 3.450000e-01
      vertex   -9.333000e+00 2.096600e+01 7.410000e-01
    endloop
  endfacet
  facet normal 3.416168e-03 8.602638e-01 -5.098378e-01
    outer loop
      vertex   2.967000e+00 2.074700e+01 3.450000e-01
      vertex   -3.867000e+00 2.086600e+01 5.000000e-01
      vertex   1.600000e+00 2.091600e+01 6.210000e-01
    endloop
  endfacet
  facet normal -3.611215e-02 7.925366e-01 -6.087542e-01
    outer loop
      vertex   -3.666700e+01 2.070700e+01 2.930000e-01
      vertex   -4.213300e+01 2.025900e+01 3.400000e-02
      vertex   -3.666700e+01 2.086600e+01 5.000000e-01
    endloop
  endfacet
  facet normal 2.590715e-03 5.240090e-01 -8.517088e-01
    outer loop
      vertex   -5.306700e+01 2.060400e+01 2.130000e-01
      vertex   -4.760000e+01 2.070700e+01 2.930000e-01
      vertex   -4.213300e+01 2.025900e+01 3.400000e-02
    endloop
  endfacet
  facet normal -8.025176e-03 8.433170e-01 -5.373566e-01
    outer loop
      vertex   -4.760000e+01 2.070700e+01 2.930000e-01
      vertex   -5.306700e+01 2.060400e+01 2.130000e-01
      vertex   -4.760000e+01 2.091600e+01 6.210000e-01
    endloop
  endfacet
  facet normal 2.365916e-02 2.358588e-01 9.714993e-01
    outer loop
      vertex   -6.400000e+01 2.100000e+01 1.000000e+00
      vertex   -4.213300e+01 2.086600e+01 5.000000e-01
      vertex   -4.760000e+01 2.091600e+01 6.210000e-01
    endloop
  endfacet
  facet normal -4.180330e-03 8.433368e-01 -5.373692e-01
    outer loop
      vertex   -4.760000e+01 2.070700e+01 2.930000e-01
      vertex   -4.760000e+01 2.091600e+01 6.210000e-01
      vertex   -4.213300e+01 2.086600e+01 5.000000e-01
    endloop
  endfacet
  facet normal 0.000000e+00 6.089536e-01 -7.932058e-01
    outer loop
      vertex   -4.213300e+01 2.025900e+01 3.400000e-02
      vertex   -4.213300e+01 2.086600e+01 5.000000e-01
      vertex   -3.666700e+01 2.086600e+01 5.000000e-01
    endloop
  endfacet
  facet normal 1.232226e-02 6.089074e-01 -7.931456e-01
    outer loop
      vertex   -4.213300e+01 2.025900e+01 3.400000e-02
      vertex   -4.760000e+01 2.070700e+01 2.930000e-01
      vertex   -4.213300e+01 2.086600e+01 5.000000e-01
    endloop
  endfacet
  facet normal 0.000000e+00 4.605432e-01 -8.876373e-01
    outer loop
      vertex   -5.306700e+01 2.060400e+01 2.130000e-01
      vertex   -4.213300e+01 2.025900e+01 3.400000e-02
      vertex   -5.853300e+01 2.025900e+01 3.400000e-02
    endloop
  endfacet
  facet normal 0.000000e+00 5.005030e-01 -8.657348e-01
    outer loop
      vertex   -3.120000e+01 2.070700e+01 2.930000e-01
      vertex   -3.120000e+01 2.025900e+01 3.400000e-02
      vertex   -3.666700e+01 2.070700e+01 2.930000e-01
    endloop
  endfacet
  facet normal 0.000000e+00 5.005030e-01 -8.657348e-01
    outer loop
      vertex   -3.666700e+01 2.070700e+01 2.930000e-01
      vertex   -3.120000e+01 2.025900e+01 3.400000e-02
      vertex   -4.213300e+01 2.025900e+01 3.400000e-02
    endloop
  endfacet
  facet normal 0.000000e+00 9.236423e-01 -3.832556e-01
    outer loop
      vertex   -2.573300e+01 2.096600e+01 7.410000e-01
      vertex   -3.666700e+01 2.086600e+01 5.000000e-01
      vertex   -3.666700e+01 2.096600e+01 7.410000e-01
    endloop
  endfacet
  facet normal 0.000000e+00 9.236423e-01 -3.832556e-01
    outer loop
      vertex   -3.666700e+01 2.096600e+01 7.410000e-01
      vertex   -3.666700e+01 2.086600e+01 5.000000e-01
      vertex   -4.213300e+01 2.086600e+01 5.000000e-01
    endloop
  endfacet
  facet normal 0.000000e+00 9.914931e-01 -1.301589e-01
    outer loop
      vertex   -3.666700e+01 2.096600e+01 7.410000e-01
      vertex   -6.400000e+01 2.100000e+01 1.000000e+00
      vertex   -2.573300e+01 2.096600e+01 7.410000e-01
    endloop
  endfacet
  facet normal 0.000000e+00 9.914931e-01 -1.301589e-01
    outer loop
      vertex   -2.573300e+01 2.096600e+01 7.410000e-01
      vertex   -6.400000e+01 2.100000e+01 1.000000e+00
      vertex   1.800000e+01 2.100000e+01 1.000000e+00
    endloop
  endfacet
  facet normal 6.173271e-03 7.930387e-01 -6.091399e-01
    outer loop
      vertex   -2.573300e+01 2.096600e+01 7.410000e-01
      vertex   -3.666700e+01 2.070700e+01 2.930000e-01
      vertex   -3.666700e+01 2.086600e+01 5.000000e-01
    endloop
  endfacet
  facet normal -0.000000e+00 9.885886e-01 1.506405e-01
    outer loop
      vertex   -3.950000e+01 3.466000e+00 2.625900e+01
      vertex   -3.400000e+01 3.466000e+00 2.625900e+01
      vertex   -4.400200e+01 3.498000e+00 2.604900e+01
    endloop
  endfacet
  facet normal -5.904212e-03 9.619516e-01 2.731561e-01
    outer loop
      vertex   -4.400200e+01 3.498000e+00 2.604900e+01
      vertex   -4.412200e+01 3.378000e+00 2.646900e+01
      vertex   -3.950000e+01 3.466000e+00 2.625900e+01
    endloop
  endfacet
  facet normal 6.257010e-03 8.657178e-01 5.004933e-01
    outer loop
      vertex   -3.950000e+01 3.207000e+00 2.670700e+01
      vertex   -3.950000e+01 3.466000e+00 2.625900e+01
      vertex   -4.412200e+01 3.378000e+00 2.646900e+01
    endloop
  endfacet
  facet normal 5.373716e-01 -2.670431e-03 8.433413e-01
    outer loop
      vertex   2.070700e+01 1.900000e+01 4.707000e+00
      vertex   2.037900e+01 1.900000e+01 4.916000e+00
      vertex   2.025900e+01 1.064300e+01 4.966000e+00
    endloop
  endfacet
  facet normal -4.006922e-03 7.736139e-01 6.336446e-01
    outer loop
      vertex   -4.412200e+01 3.378000e+00 2.646900e+01
      vertex   -4.436900e+01 3.131000e+00 2.676900e+01
      vertex   -3.950000e+01 3.207000e+00 2.670700e+01
    endloop
  endfacet
  facet normal 7.498955e-01 5.120805e-02 6.595715e-01
    outer loop
      vertex   -4.412200e+01 3.378000e+00 2.646900e+01
      vertex   -4.450000e+01 3.800000e+00 2.686600e+01
      vertex   -4.436900e+01 3.131000e+00 2.676900e+01
    endloop
  endfacet
  facet normal 2.163845e-01 2.734174e-03 9.763044e-01
    outer loop
      vertex   2.025900e+01 1.064300e+01 4.966000e+00
      vertex   2.037900e+01 1.900000e+01 4.916000e+00
      vertex   2.000000e+01 1.900000e+01 5.000000e+00
    endloop
  endfacet
  facet normal 7.584984e-01 6.987732e-02 6.479177e-01
    outer loop
      vertex   -4.450000e+01 3.800000e+00 2.686600e+01
      vertex   -4.412200e+01 3.378000e+00 2.646900e+01
      vertex   -4.408400e+01 3.800000e+00 2.637900e+01
    endloop
  endfacet
  facet normal 9.633152e-01 -2.986823e-02 2.667054e-01
    outer loop
      vertex   -4.408400e+01 3.800000e+00 2.637900e+01
      vertex   -4.412200e+01 3.378000e+00 2.646900e+01
      vertex   -4.400200e+01 3.498000e+00 2.604900e+01
    endloop
  endfacet
  facet normal 0.000000e+00 -1.301567e-01 -9.914934e-01
    outer loop
      vertex   2.100000e+01 1.974100e+01 3.034000e+00
      vertex   2.100000e+01 2.000000e+01 3.000000e+00
      vertex   2.550000e+01 1.974100e+01 3.034000e+00
    endloop
  endfacet
  facet normal 9.763054e-01 -2.448166e-03 2.163835e-01
    outer loop
      vertex   -4.403400e+01 1.313300e+01 2.625900e+01
      vertex   -4.408400e+01 3.800000e+00 2.637900e+01
      vertex   -4.400000e+01 3.800000e+00 2.600000e+01
    endloop
  endfacet
  facet normal -3.219361e-03 -5.005005e-01 -8.657303e-01
    outer loop
      vertex   2.550000e+01 1.929300e+01 3.293000e+00
      vertex   2.550000e+01 1.974100e+01 3.034000e+00
      vertex   3.100000e+01 1.939600e+01 3.213000e+00
    endloop
  endfacet
  facet normal 9.759080e-01 2.863472e-02 2.162954e-01
    outer loop
      vertex   -4.408400e+01 3.800000e+00 2.637900e+01
      vertex   -4.400200e+01 3.498000e+00 2.604900e+01
      vertex   -4.400000e+01 3.800000e+00 2.600000e+01
    endloop
  endfacet
  facet normal 9.914932e-01 0.000000e+00 1.301585e-01
    outer loop
      vertex   -4.400000e+01 1.680000e+01 2.600000e+01
      vertex   -4.403400e+01 1.313300e+01 2.625900e+01
      vertex   -4.400000e+01 3.800000e+00 2.600000e+01
    endloop
  endfacet
  facet normal 5.991344e-03 -7.930396e-01 -6.091406e-01
    outer loop
      vertex   3.100000e+01 1.939600e+01 3.213000e+00
      vertex   2.550000e+01 1.913400e+01 3.500000e+00
      vertex   2.550000e+01 1.929300e+01 3.293000e+00
    endloop
  endfacet
  facet normal 9.999783e-01 -6.311519e-03 1.893455e-03
    outer loop
      vertex   -4.400000e+01 3.500000e+00 2.500000e+01
      vertex   -4.400000e+01 3.800000e+00 2.600000e+01
      vertex   -4.400200e+01 3.498000e+00 2.604900e+01
    endloop
  endfacet
  facet normal 5.413130e-01 -1.589372e-02 8.406709e-01
    outer loop
      vertex   -4.436900e+01 3.131000e+00 2.676900e+01
      vertex   -4.450000e+01 3.800000e+00 2.686600e+01
      vertex   -4.461700e+01 2.883000e+00 2.692400e+01
    endloop
  endfacet
  facet normal 3.857084e-01 1.486489e-04 9.226207e-01
    outer loop
      vertex   -4.471100e+01 1.751100e+01 2.695200e+01
      vertex   -4.474100e+01 8.467000e+00 2.696600e+01
      vertex   -4.450000e+01 3.800000e+00 2.686600e+01
    endloop
  endfacet
  facet normal 6.400432e-01 5.030420e-03 7.683225e-01
    outer loop
      vertex   -4.413400e+01 1.313300e+01 2.650000e+01
      vertex   -4.471100e+01 1.751100e+01 2.695200e+01
      vertex   -4.450000e+01 3.800000e+00 2.686600e+01
    endloop
  endfacet
  facet normal 2.588593e-01 -7.328843e-03 9.658872e-01
    outer loop
      vertex   -4.474100e+01 8.467000e+00 2.696600e+01
      vertex   -4.500000e+01 3.800000e+00 2.700000e+01
      vertex   -4.450000e+01 3.800000e+00 2.686600e+01
    endloop
  endfacet
  facet normal 7.555322e-03 0.000000e+00 -9.999715e-01
    outer loop
      vertex   2.550000e+01 2.025900e+01 3.034000e+00
      vertex   2.550000e+01 1.974100e+01 3.034000e+00
      vertex   2.100000e+01 2.000000e+01 3.000000e+00
    endloop
  endfacet
  facet normal 1.100267e-03 5.064833e-01 8.622491e-01
    outer loop
      vertex   -2.328900e+01 2.789000e+00 2.695200e+01
      vertex   -2.370700e+01 3.207000e+00 2.670700e+01
      vertex   -4.461700e+01 2.883000e+00 2.692400e+01
    endloop
  endfacet
  facet normal 0.000000e+00 1.946390e-01 9.808750e-01
    outer loop
      vertex   -4.461700e+01 2.883000e+00 2.692400e+01
      vertex   -4.500000e+01 2.500000e+00 2.700000e+01
      vertex   -2.300000e+01 2.500000e+00 2.700000e+01
    endloop
  endfacet
  facet normal 0.000000e+00 4.605435e-01 -8.876372e-01
    outer loop
      vertex   2.550000e+01 2.060400e+01 3.213000e+00
      vertex   5.300000e+01 2.025900e+01 3.034000e+00
      vertex   2.550000e+01 2.025900e+01 3.034000e+00
    endloop
  endfacet
  facet normal 0.000000e+00 9.659132e-01 -2.588662e-01
    outer loop
      vertex   2.000000e+01 2.100000e+01 4.000000e+00
      vertex   6.400000e+01 2.100000e+01 4.000000e+00
      vertex   4.200000e+01 2.086600e+01 3.500000e+00
    endloop
  endfacet
  facet normal -5.755430e-04 1.632864e-01 9.865785e-01
    outer loop
      vertex   -2.300000e+01 2.500000e+00 2.700000e+01
      vertex   -2.328900e+01 2.789000e+00 2.695200e+01
      vertex   -4.461700e+01 2.883000e+00 2.692400e+01
    endloop
  endfacet
  facet normal 1.946392e-01 0.000000e+00 9.808749e-01
    outer loop
      vertex   -4.500000e+01 3.800000e+00 2.700000e+01
      vertex   -4.500000e+01 2.500000e+00 2.700000e+01
      vertex   -4.461700e+01 2.883000e+00 2.692400e+01
    endloop
  endfacet
  facet normal 2.587643e-01 2.805439e-02 9.655330e-01
    outer loop
      vertex   -4.500000e+01 3.800000e+00 2.700000e+01
      vertex   -4.461700e+01 2.883000e+00 2.692400e+01
      vertex   -4.450000e+01 3.800000e+00 2.686600e+01
    endloop
  endfacet
  facet normal 7.603498e-01 -4.347228e-03 6.494992e-01
    outer loop
      vertex   -4.408400e+01 3.800000e+00 2.637900e+01
      vertex   -4.413400e+01 1.313300e+01 2.650000e+01
      vertex   -4.450000e+01 3.800000e+00 2.686600e+01
    endloop
  endfacet
  facet normal -4.099412e-03 8.446147e-01 -5.353590e-01
    outer loop
      vertex   2.550000e+01 2.060400e+01 3.213000e+00
      vertex   3.650000e+01 2.091600e+01 3.621000e+00
      vertex   4.200000e+01 2.086600e+01 3.500000e+00
    endloop
  endfacet
  facet normal 1.171602e-02 6.164696e-01 -7.872916e-01
    outer loop
      vertex   3.100000e+01 2.086600e+01 3.500000e+00
      vertex   3.650000e+01 2.091600e+01 3.621000e+00
      vertex   2.550000e+01 2.060400e+01 3.213000e+00
    endloop
  endfacet
  facet normal 9.198068e-04 5.173342e-01 -8.557829e-01
    outer loop
      vertex   4.200000e+01 2.070700e+01 3.293000e+00
      vertex   5.300000e+01 2.025900e+01 3.034000e+00
      vertex   2.550000e+01 2.060400e+01 3.213000e+00
    endloop
  endfacet
  facet normal 2.568559e-03 5.281503e-01 8.491470e-01
    outer loop
      vertex   -4.461700e+01 2.883000e+00 2.692400e+01
      vertex   -3.950000e+01 3.207000e+00 2.670700e+01
      vertex   -4.436900e+01 3.131000e+00 2.676900e+01
    endloop
  endfacet
  facet normal -1.997147e-03 7.930523e-01 -6.091503e-01
    outer loop
      vertex   4.200000e+01 2.070700e+01 3.293000e+00
      vertex   2.550000e+01 2.060400e+01 3.213000e+00
      vertex   4.200000e+01 2.086600e+01 3.500000e+00
    endloop
  endfacet
  facet normal 0.000000e+00 5.564725e-01 8.308660e-01
    outer loop
      vertex   -4.461700e+01 2.883000e+00 2.692400e+01
      vertex   -2.370700e+01 3.207000e+00 2.670700e+01
      vertex   -3.950000e+01 3.207000e+00 2.670700e+01
    endloop
  endfacet
  facet normal -6.142202e-03 7.943426e-01 -6.074390e-01
    outer loop
      vertex   3.100000e+01 2.086600e+01 3.500000e+00
      vertex   2.550000e+01 2.060400e+01 3.213000e+00
      vertex   2.550000e+01 2.091600e+01 3.621000e+00
    endloop
  endfacet
  facet normal 0.000000e+00 -4.605435e-01 -8.876372e-01
    outer loop
      vertex   3.100000e+01 1.939600e+01 3.213000e+00
      vertex   2.550000e+01 1.974100e+01 3.034000e+00
      vertex   3.650000e+01 1.974100e+01 3.034000e+00
    endloop
  endfacet
  facet normal 3.219361e-03 -5.005005e-01 -8.657303e-01
    outer loop
      vertex   3.650000e+01 1.974100e+01 3.034000e+00
      vertex   3.650000e+01 1.929300e+01 3.293000e+00
      vertex   3.100000e+01 1.939600e+01 3.213000e+00
    endloop
  endfacet
  facet normal 6.142202e-03 -7.943426e-01 -6.074390e-01
    outer loop
      vertex   3.100000e+01 1.939600e+01 3.213000e+00
      vertex   3.100000e+01 1.908400e+01 3.621000e+00
      vertex   2.550000e+01 1.913400e+01 3.500000e+00
    endloop
  endfacet
  facet normal -6.040499e-03 -7.943431e-01 -6.074394e-01
    outer loop
      vertex   3.100000e+01 1.939600e+01 3.213000e+00
      vertex   3.650000e+01 1.929300e+01 3.293000e+00
      vertex   3.100000e+01 1.908400e+01 3.621000e+00
    endloop
  endfacet
  facet normal -0.000000e+00 9.999453e-01 1.046158e-02
    outer loop
      vertex   -4.400000e+01 3.500000e+00 2.500000e+01
      vertex   -2.398800e+01 3.488000e+00 2.614700e+01
      vertex   -2.400000e+01 3.500000e+00 2.500000e+01
    endloop
  endfacet
  facet normal 9.236445e-01 -2.055989e-05 3.832504e-01
    outer loop
      vertex   -4.403400e+01 1.313300e+01 2.625900e+01
      vertex   -4.413400e+01 1.313300e+01 2.650000e+01
      vertex   -4.408400e+01 3.800000e+00 2.637900e+01
    endloop
  endfacet
  facet normal 1.638457e-01 0.000000e+00 9.864860e-01
    outer loop
      vertex   -4.500000e+01 1.780000e+01 2.700000e+01
      vertex   -4.500000e+01 3.800000e+00 2.700000e+01
      vertex   -4.471100e+01 1.751100e+01 2.695200e+01
    endloop
  endfacet
  facet normal 9.931702e-01 -1.242868e-02 -1.160107e-01
    outer loop
      vertex   1.886600e+01 4.625000e+00 2.650000e+01
      vertex   1.900000e+01 2.000000e+01 2.600000e+01
      vertex   1.891600e+01 9.750000e+00 2.637900e+01
    endloop
  endfacet
  facet normal 9.498841e-01 1.887028e-03 3.125965e-01
    outer loop
      vertex   1.886600e+01 4.625000e+00 2.650000e+01
      vertex   1.891600e+01 -5.000000e-01 2.637900e+01
      vertex   1.900000e+01 2.000000e+01 2.600000e+01
    endloop
  endfacet
  facet normal 1.000000e+00 0.000000e+00 0.000000e+00
    outer loop
      vertex   -4.400000e+01 1.680000e+01 2.600000e+01
      vertex   -4.400000e+01 3.800000e+00 2.600000e+01
      vertex   -4.400000e+01 1.680000e+01 2.500000e+01
    endloop
  endfacet
  facet normal 1.000000e+00 0.000000e+00 0.000000e+00
    outer loop
      vertex   -4.400000e+01 1.680000e+01 2.500000e+01
      vertex   -4.400000e+01 3.800000e+00 2.600000e+01
      vertex   -4.400000e+01 3.500000e+00 2.500000e+01
    endloop
  endfacet
  facet normal 0.000000e+00 -0.000000e+00 -1.000000e+00
    outer loop
      vertex   1.700000e+01 1.900000e+01 2.500000e+01
      vertex   1.700000e+01 -2.100000e+01 2.500000e+01
      vertex   -2.400000e+01 3.500000e+00 2.500000e+01
    endloop
  endfacet
  facet normal 0.000000e+00 -0.000000e+00 -1.000000e+00
    outer loop
      vertex   -2.400000e+01 3.500000e+00 2.500000e+01
      vertex   1.700000e+01 -2.100000e+01 2.500000e+01
      vertex   -6.300000e+01 -2.100000e+01 2.500000e+01
    endloop
  endfacet
  facet normal -0.000000e+00 0.000000e+00 -1.000000e+00
    outer loop
      vertex   -2.400000e+01 3.500000e+00 2.500000e+01
      vertex   -6.300000e+01 -2.100000e+01 2.500000e+01
      vertex   -4.400000e+01 3.500000e+00 2.500000e+01
    endloop
  endfacet
  facet normal -0.000000e+00 0.000000e+00 -1.000000e+00
    outer loop
      vertex   -4.400000e+01 3.500000e+00 2.500000e+01
      vertex   -6.300000e+01 -2.100000e+01 2.500000e+01
      vertex   -6.300000e+01 1.900000e+01 2.500000e+01
    endloop
  endfacet
  facet normal 0.000000e+00 0.000000e+00 -1.000000e+00
    outer loop
      vertex   -4.400000e+01 3.500000e+00 2.500000e+01
      vertex   -6.300000e+01 1.900000e+01 2.500000e+01
      vertex   -4.400000e+01 1.680000e+01 2.500000e+01
    endloop
  endfacet
  facet normal 0.000000e+00 0.000000e+00 -1.000000e+00
    outer loop
      vertex   -4.400000e+01 1.680000e+01 2.500000e+01
      vertex   -6.300000e+01 1.900000e+01 2.500000e+01
      vertex   -2.400000e+01 1.680000e+01 2.500000e+01
    endloop
  endfacet
  facet normal 0.000000e+00 0.000000e+00 -1.000000e+00
    outer loop
      vertex   -2.400000e+01 1.680000e+01 2.500000e+01
      vertex   -6.300000e+01 1.900000e+01 2.500000e+01
      vertex   1.700000e+01 1.900000e+01 2.500000e+01
    endloop
  endfacet
  facet normal 0.000000e+00 0.000000e+00 -1.000000e+00
    outer loop
      vertex   -2.400000e+01 1.680000e+01 2.500000e+01
      vertex   1.700000e+01 1.900000e+01 2.500000e+01
      vertex   -2.400000e+01 3.500000e+00 2.500000e+01
    endloop
  endfacet
  facet normal -3.170244e-04 9.862298e-01 1.653805e-01
    outer loop
      vertex   -2.398800e+01 3.488000e+00 2.614700e+01
      vertex   -4.400200e+01 3.498000e+00 2.604900e+01
      vertex   -3.400000e+01 3.466000e+00 2.625900e+01
    endloop
  endfacet
  facet normal 0.000000e+00 9.236422e-01 3.832558e-01
    outer loop
      vertex   -3.400000e+01 3.466000e+00 2.625900e+01
      vertex   -3.950000e+01 3.466000e+00 2.625900e+01
      vertex   -3.400000e+01 3.366000e+00 2.650000e+01
    endloop
  endfacet
  facet normal -6.190291e-03 8.657182e-01 5.004935e-01
    outer loop
      vertex   -3.400000e+01 3.366000e+00 2.650000e+01
      vertex   -3.950000e+01 3.466000e+00 2.625900e+01
      vertex   -3.950000e+01 3.207000e+00 2.670700e+01
    endloop
  endfacet
  facet normal 7.875903e-05 9.236422e-01 3.832558e-01
    outer loop
      vertex   -3.400000e+01 3.366000e+00 2.650000e+01
      vertex   -2.387800e+01 3.378000e+00 2.646900e+01
      vertex   -3.400000e+01 3.466000e+00 2.625900e+01
    endloop
  endfacet
  facet normal 9.236419e-01 -3.726979e-05 3.832566e-01
    outer loop
      vertex   1.891600e+01 9.750000e+00 2.637900e+01
      vertex   1.896600e+01 1.487500e+01 2.625900e+01
      vertex   1.886600e+01 1.487500e+01 2.650000e+01
    endloop
  endfacet
  facet normal 8.227097e-04 8.123972e-01 5.831039e-01
    outer loop
      vertex   -2.370700e+01 3.207000e+00 2.670700e+01
      vertex   -2.387800e+01 3.378000e+00 2.646900e+01
      vertex   -3.400000e+01 3.366000e+00 2.650000e+01
    endloop
  endfacet
  facet normal 7.385151e-01 -8.712090e-03 6.741807e-01
    outer loop
      vertex   1.860400e+01 1.487500e+01 2.678700e+01
      vertex   1.891600e+01 9.750000e+00 2.637900e+01
      vertex   1.886600e+01 1.487500e+01 2.650000e+01
    endloop
  endfacet
  facet normal -0.000000e+00 7.930523e-01 6.091536e-01
    outer loop
      vertex   -3.950000e+01 3.207000e+00 2.670700e+01
      vertex   -2.370700e+01 3.207000e+00 2.670700e+01
      vertex   -3.400000e+01 3.366000e+00 2.650000e+01
    endloop
  endfacet
  facet normal 8.047032e-01 1.726391e-03 5.936748e-01
    outer loop
      vertex   1.860400e+01 1.487500e+01 2.678700e+01
      vertex   1.870700e+01 -5.625000e+00 2.670700e+01
      vertex   1.891600e+01 9.750000e+00 2.637900e+01
    endloop
  endfacet
  facet normal 1.531390e-03 9.464651e-01 3.228026e-01
    outer loop
      vertex   -3.400000e+01 3.466000e+00 2.625900e+01
      vertex   -2.387800e+01 3.378000e+00 2.646900e+01
      vertex   -2.398800e+01 3.488000e+00 2.614700e+01
    endloop
  endfacet
  facet normal 5.005014e-01 -0.000000e+00 8.657358e-01
    outer loop
      vertex   1.825900e+01 -5.625000e+00 2.696600e+01
      vertex   1.870700e+01 -5.625000e+00 2.670700e+01
      vertex   1.825900e+01 1.231300e+01 2.696600e+01
    endloop
  endfacet
  facet normal 4.669905e-01 -1.104416e-03 8.842616e-01
    outer loop
      vertex   1.870700e+01 -5.625000e+00 2.670700e+01
      vertex   1.860400e+01 1.487500e+01 2.678700e+01
      vertex   1.825900e+01 1.231300e+01 2.696600e+01
    endloop
  endfacet
  facet normal 4.036963e-01 9.555434e-03 9.148432e-01
    outer loop
      vertex   1.800000e+01 2.000000e+01 2.700000e+01
      vertex   1.825900e+01 1.231300e+01 2.696600e+01
      vertex   1.860400e+01 1.487500e+01 2.678700e+01
    endloop
  endfacet
  facet normal 7.071026e-01 3.449491e-03 7.071026e-01
    outer loop
      vertex   1.886600e+01 2.000000e+01 2.650000e+01
      vertex   1.850000e+01 2.000000e+01 2.686600e+01
      vertex   1.860400e+01 1.487500e+01 2.678700e+01
    endloop
  endfacet
  facet normal 7.385431e-01 0.000000e+00 6.742063e-01
    outer loop
      vertex   1.860400e+01 1.487500e+01 2.678700e+01
      vertex   1.886600e+01 1.487500e+01 2.650000e+01
      vertex   1.886600e+01 2.000000e+01 2.650000e+01
    endloop
  endfacet
  facet normal 4.903082e-04 9.999981e-01 1.907598e-03
    outer loop
      vertex   -4.400200e+01 3.498000e+00 2.604900e+01
      vertex   -2.398800e+01 3.488000e+00 2.614700e+01
      vertex   -4.400000e+01 3.500000e+00 2.500000e+01
    endloop
  endfacet
  facet normal 9.236445e-01 2.110438e-04 3.832504e-01
    outer loop
      vertex   -4.413400e+01 1.313300e+01 2.650000e+01
      vertex   -4.403400e+01 1.313300e+01 2.625900e+01
      vertex   -4.412200e+01 1.692200e+01 2.646900e+01
    endloop
  endfacet
  facet normal 8.128648e-01 2.191569e-03 5.824483e-01
    outer loop
      vertex   -4.413400e+01 1.313300e+01 2.650000e+01
      vertex   -4.412200e+01 1.692200e+01 2.646900e+01
      vertex   -4.429300e+01 1.709300e+01 2.670700e+01
    endloop
  endfacet
  facet normal 0.000000e+00 0.000000e+00 1.000000e+00
    outer loop
      vertex   1.900000e+01 -2.100000e+01 1.850000e+01
      vertex   6.400000e+01 -2.100000e+01 1.850000e+01
      vertex   1.900000e+01 2.000000e+01 1.850000e+01
    endloop
  endfacet
  facet normal -0.000000e+00 0.000000e+00 1.000000e+00
    outer loop
      vertex   1.900000e+01 2.000000e+01 1.850000e+01
      vertex   6.400000e+01 -2.100000e+01 1.850000e+01
      vertex   6.400000e+01 2.000000e+01 1.850000e+01
    endloop
  endfacet
  facet normal -1.700045e-03 2.880015e-01 9.576284e-01
    outer loop
      vertex   1.900000e+01 2.000000e+01 1.850000e+01
      vertex   3.588900e+01 2.037900e+01 1.841600e+01
      vertex   2.822200e+01 2.050000e+01 1.836600e+01
    endloop
  endfacet
  facet normal -1.650458e-02 3.832044e-01 9.235161e-01
    outer loop
      vertex   1.900000e+01 2.000000e+01 1.850000e+01
      vertex   2.311100e+01 2.025900e+01 1.846600e+01
      vertex   2.311100e+01 2.050000e+01 1.836600e+01
    endloop
  endfacet
  facet normal 1.092966e-01 1.176125e-03 9.940085e-01
    outer loop
      vertex   -4.471100e+01 1.751100e+01 2.695200e+01
      vertex   -4.500000e+01 3.800000e+00 2.700000e+01
      vertex   -4.474100e+01 8.467000e+00 2.696600e+01
    endloop
  endfacet
  facet normal 0.000000e+00 2.163842e-01 9.763083e-01
    outer loop
      vertex   3.588900e+01 2.037900e+01 1.841600e+01
      vertex   1.900000e+01 2.000000e+01 1.850000e+01
      vertex   6.400000e+01 2.000000e+01 1.850000e+01
    endloop
  endfacet
  facet normal 4.325911e-02 -5.798278e-01 8.135898e-01
    outer loop
      vertex   1.900000e+01 2.000000e+01 1.850000e+01
      vertex   2.822200e+01 2.050000e+01 1.836600e+01
      vertex   2.311100e+01 2.025900e+01 1.846600e+01
    endloop
  endfacet
  facet normal 8.683209e-01 -4.936335e-01 4.842299e-02
    outer loop
      vertex   1.896600e+01 2.025900e+01 2.175000e+01
      vertex   1.886600e+01 2.050000e+01 2.600000e+01
      vertex   1.900000e+01 2.000000e+01 1.850000e+01
    endloop
  endfacet
  facet normal 1.113627e-02 -1.045168e-01 9.944608e-01
    outer loop
      vertex   -3.120000e+01 2.070700e+01 2.670700e+01
      vertex   -5.853300e+01 2.025900e+01 2.696600e+01
      vertex   -6.400000e+01 2.000000e+01 2.700000e+01
    endloop
  endfacet
  facet normal 9.571922e-01 2.894088e-01 -5.058426e-03
    outer loop
      vertex   1.883100e+01 2.055600e+01 1.833100e+01
      vertex   1.886600e+01 2.050000e+01 2.175000e+01
      vertex   1.900000e+01 2.000000e+01 1.850000e+01
    endloop
  endfacet
  facet normal 9.234406e-01 3.831731e-01 -2.087532e-02
    outer loop
      vertex   1.886600e+01 2.050000e+01 2.175000e+01
      vertex   1.896600e+01 2.025900e+01 2.175000e+01
      vertex   1.900000e+01 2.000000e+01 1.850000e+01
    endloop
  endfacet
  facet normal 2.530471e-02 2.354957e-01 -9.715459e-01
    outer loop
      vertex   3.333300e+01 2.091600e+01 1.787900e+01
      vertex   3.844400e+01 2.086600e+01 1.800000e+01
      vertex   1.800000e+01 2.100000e+01 1.750000e+01
    endloop
  endfacet
  facet normal -4.036424e-03 2.896946e-01 9.571106e-01
    outer loop
      vertex   1.900000e+01 2.000000e+01 1.850000e+01
      vertex   2.311100e+01 2.050000e+01 1.836600e+01
      vertex   1.883100e+01 2.055600e+01 1.833100e+01
    endloop
  endfacet
  facet normal 9.683014e-01 8.653652e-03 2.496346e-01
    outer loop
      vertex   -4.403400e+01 1.313300e+01 2.625900e+01
      vertex   -4.400000e+01 1.680000e+01 2.600000e+01
      vertex   -4.412200e+01 1.692200e+01 2.646900e+01
    endloop
  endfacet
  facet normal 2.781879e-03 6.742037e-01 7.385402e-01
    outer loop
      vertex   2.311100e+01 2.078700e+01 1.810400e+01
      vertex   1.883100e+01 2.055600e+01 1.833100e+01
      vertex   2.311100e+01 2.050000e+01 1.836600e+01
    endloop
  endfacet
  facet normal -7.074755e-03 -9.682141e-01 2.500227e-01
    outer loop
      vertex   -4.400000e+01 1.680000e+01 2.600000e+01
      vertex   -3.950000e+01 1.683400e+01 2.625900e+01
      vertex   -4.412200e+01 1.692200e+01 2.646900e+01
    endloop
  endfacet
  facet normal 2.526065e-02 2.766020e-01 -9.606525e-01
    outer loop
      vertex   2.822200e+01 2.096600e+01 1.775900e+01
      vertex   3.333300e+01 2.091600e+01 1.787900e+01
      vertex   1.800000e+01 2.100000e+01 1.750000e+01
    endloop
  endfacet
  facet normal 0.000000e+00 9.914932e-01 1.301585e-01
    outer loop
      vertex   2.822200e+01 2.096600e+01 1.775900e+01
      vertex   1.800000e+01 2.100000e+01 1.750000e+01
      vertex   2.311100e+01 2.096600e+01 1.775900e+01
    endloop
  endfacet
  facet normal -8.227817e-04 -8.123980e-01 5.831028e-01
    outer loop
      vertex   -3.400000e+01 1.693400e+01 2.650000e+01
      vertex   -4.429300e+01 1.709300e+01 2.670700e+01
      vertex   -4.412200e+01 1.692200e+01 2.646900e+01
    endloop
  endfacet
  facet normal -1.832819e-03 9.861863e-01 1.656299e-01
    outer loop
      vertex   2.311100e+01 2.096600e+01 1.775900e+01
      vertex   1.800000e+01 2.100000e+01 1.750000e+01
      vertex   1.828900e+01 2.095200e+01 1.778900e+01
    endloop
  endfacet
  facet normal 4.858946e-01 -2.615752e-02 8.736259e-01
    outer loop
      vertex   -4.413400e+01 1.313300e+01 2.650000e+01
      vertex   -4.429300e+01 1.709300e+01 2.670700e+01
      vertex   -4.471100e+01 1.751100e+01 2.695200e+01
    endloop
  endfacet
  facet normal 4.503978e-03 9.125094e-01 4.090309e-01
    outer loop
      vertex   2.311100e+01 2.078700e+01 1.810400e+01
      vertex   1.828900e+01 2.095200e+01 1.778900e+01
      vertex   1.855600e+01 2.083100e+01 1.805600e+01
    endloop
  endfacet
  facet normal 2.880102e-04 8.876384e-01 4.605410e-01
    outer loop
      vertex   2.311100e+01 2.096600e+01 1.775900e+01
      vertex   1.828900e+01 2.095200e+01 1.778900e+01
      vertex   2.311100e+01 2.078700e+01 1.810400e+01
    endloop
  endfacet
  facet normal 4.147100e-01 9.099506e-01 -2.334724e-03
    outer loop
      vertex   1.850000e+01 2.086600e+01 2.175000e+01
      vertex   1.855600e+01 2.083100e+01 1.805600e+01
      vertex   1.828900e+01 2.095200e+01 1.778900e+01
    endloop
  endfacet
  facet normal 5.901687e-04 -5.052261e-01 8.629868e-01
    outer loop
      vertex   -4.429300e+01 1.709300e+01 2.670700e+01
      vertex   -3.950000e+01 1.754100e+01 2.696600e+01
      vertex   -4.471100e+01 1.751100e+01 2.695200e+01
    endloop
  endfacet
  facet normal -4.308476e-03 -4.655500e-01 8.850111e-01
    outer loop
      vertex   -3.400000e+01 1.730000e+01 2.686600e+01
      vertex   -3.950000e+01 1.754100e+01 2.696600e+01
      vertex   -4.429300e+01 1.709300e+01 2.670700e+01
    endloop
  endfacet
  facet normal -6.275381e-04 7.067928e-01 7.074203e-01
    outer loop
      vertex   2.311100e+01 2.078700e+01 1.810400e+01
      vertex   1.855600e+01 2.083100e+01 1.805600e+01
      vertex   1.883100e+01 2.055600e+01 1.833100e+01
    endloop
  endfacet
  facet normal 7.051130e-01 7.090838e-01 3.970852e-03
    outer loop
      vertex   1.850000e+01 2.086600e+01 2.175000e+01
      vertex   1.883100e+01 2.055600e+01 1.833100e+01
      vertex   1.855600e+01 2.083100e+01 1.805600e+01
    endloop
  endfacet
  facet normal -1.696762e-03 -1.654975e-01 9.862087e-01
    outer loop
      vertex   -3.950000e+01 1.754100e+01 2.696600e+01
      vertex   -4.500000e+01 1.780000e+01 2.700000e+01
      vertex   -4.471100e+01 1.751100e+01 2.695200e+01
    endloop
  endfacet
  facet normal 3.297501e-03 -7.071029e-01 7.071029e-01
    outer loop
      vertex   -4.429300e+01 1.709300e+01 2.670700e+01
      vertex   -3.400000e+01 1.693400e+01 2.650000e+01
      vertex   -3.400000e+01 1.730000e+01 2.686600e+01
    endloop
  endfacet
  facet normal -2.222920e-03 9.394546e-01 3.426661e-01
    outer loop
      vertex   1.800000e+01 2.100000e+01 1.750000e+01
      vertex   3.844400e+01 2.086600e+01 1.800000e+01
      vertex   4.355600e+01 2.096600e+01 1.775900e+01
    endloop
  endfacet
  facet normal 0.000000e+00 9.914932e-01 1.301585e-01
    outer loop
      vertex   4.355600e+01 2.096600e+01 1.775900e+01
      vertex   6.400000e+01 2.100000e+01 1.750000e+01
      vertex   1.800000e+01 2.100000e+01 1.750000e+01
    endloop
  endfacet
  facet normal 4.612548e-03 8.876290e-01 4.605361e-01
    outer loop
      vertex   2.311100e+01 2.078700e+01 1.810400e+01
      vertex   2.822200e+01 2.070700e+01 1.820700e+01
      vertex   2.311100e+01 2.096600e+01 1.775900e+01
    endloop
  endfacet
  facet normal 0.000000e+00 8.657358e-01 5.005014e-01
    outer loop
      vertex   2.822200e+01 2.070700e+01 1.820700e+01
      vertex   2.822200e+01 2.096600e+01 1.775900e+01
      vertex   2.311100e+01 2.096600e+01 1.775900e+01
    endloop
  endfacet
  facet normal -6.447370e-03 6.091375e-01 7.930384e-01
    outer loop
      vertex   2.822200e+01 2.070700e+01 1.820700e+01
      vertex   2.311100e+01 2.078700e+01 1.810400e+01
      vertex   2.822200e+01 2.050000e+01 1.836600e+01
    endloop
  endfacet
  facet normal 0.000000e+00 6.742063e-01 7.385431e-01
    outer loop
      vertex   2.311100e+01 2.078700e+01 1.810400e+01
      vertex   2.311100e+01 2.050000e+01 1.836600e+01
      vertex   2.822200e+01 2.050000e+01 1.836600e+01
    endloop
  endfacet
  facet normal 2.316448e-02 6.213364e-01 7.832015e-01
    outer loop
      vertex   -4.213300e+01 2.086600e+01 2.650000e+01
      vertex   -4.486700e+01 2.070700e+01 2.670700e+01
      vertex   -3.666700e+01 2.096600e+01 2.625900e+01
    endloop
  endfacet
  facet normal -5.007453e-03 8.239034e-01 5.667082e-01
    outer loop
      vertex   -4.760000e+01 2.091600e+01 2.637900e+01
      vertex   -4.486700e+01 2.070700e+01 2.670700e+01
      vertex   -4.213300e+01 2.086600e+01 2.650000e+01
    endloop
  endfacet
  facet normal 8.876348e-01 -2.123058e-03 -4.605431e-01
    outer loop
      vertex   6.491600e+01 -5.625000e+00 3.621000e+00
      vertex   6.496600e+01 -1.075000e+01 3.741000e+00
      vertex   6.478700e+01 -1.075000e+01 3.396000e+00
    endloop
  endfacet
  facet normal -5.004985e-01 -3.454968e-03 -8.657305e-01
    outer loop
      vertex   6.329300e+01 -1.075000e+01 3.293000e+00
      vertex   6.339600e+01 -5.625000e+00 3.213000e+00
      vertex   6.374100e+01 -1.075000e+01 3.034000e+00
    endloop
  endfacet
  facet normal -8.471112e-05 -9.229561e-01 3.849053e-01
    outer loop
      vertex   -4.412200e+01 1.692200e+01 2.646900e+01
      vertex   -3.950000e+01 1.683400e+01 2.625900e+01
      vertex   -3.400000e+01 1.693400e+01 2.650000e+01
    endloop
  endfacet
  facet normal -5.005007e-01 1.727492e-03 -8.657344e-01
    outer loop
      vertex   6.374100e+01 -1.075000e+01 3.034000e+00
      vertex   6.339600e+01 -2.100000e+01 3.213000e+00
      vertex   6.329300e+01 -1.075000e+01 3.293000e+00
    endloop
  endfacet
  facet normal 4.115613e-02 -7.903150e-01 -6.113169e-01
    outer loop
      vertex   -4.400000e+01 1.680000e+01 2.600000e+01
      vertex   -3.400000e+01 1.693400e+01 2.650000e+01
      vertex   -3.950000e+01 1.683400e+01 2.625900e+01
    endloop
  endfacet
  facet normal -4.605414e-01 0.000000e+00 -8.876382e-01
    outer loop
      vertex   6.374100e+01 -1.075000e+01 3.034000e+00
      vertex   6.339600e+01 -5.625000e+00 3.213000e+00
      vertex   6.374100e+01 -5.000000e-01 3.034000e+00
    endloop
  endfacet
  facet normal 7.385431e-01 6.742063e-01 0.000000e+00
    outer loop
      vertex   1.860400e+01 2.078700e+01 2.600000e+01
      vertex   1.886600e+01 2.050000e+01 2.600000e+01
      vertex   1.886600e+01 2.050000e+01 2.175000e+01
    endloop
  endfacet
  facet normal -4.605414e-01 -0.000000e+00 -8.876382e-01
    outer loop
      vertex   6.374100e+01 -1.075000e+01 3.034000e+00
      vertex   6.374100e+01 -2.100000e+01 3.034000e+00
      vertex   6.339600e+01 -2.100000e+01 3.213000e+00
    endloop
  endfacet
  facet normal 1.000000e+00 0.000000e+00 -0.000000e+00
    outer loop
      vertex   1.900000e+01 2.000000e+01 1.850000e+01
      vertex   1.900000e+01 2.000000e+01 2.600000e+01
      vertex   1.900000e+01 -2.100000e+01 1.850000e+01
    endloop
  endfacet
  facet normal 1.000000e+00 0.000000e+00 0.000000e+00
    outer loop
      vertex   1.900000e+01 -2.100000e+01 1.850000e+01
      vertex   1.900000e+01 2.000000e+01 2.600000e+01
      vertex   1.900000e+01 -2.100000e+01 2.600000e+01
    endloop
  endfacet
  facet normal 9.659132e-01 2.588662e-01 -0.000000e+00
    outer loop
      vertex   1.900000e+01 2.000000e+01 1.850000e+01
      vertex   1.886600e+01 2.050000e+01 2.600000e+01
      vertex   1.900000e+01 2.000000e+01 2.600000e+01
    endloop
  endfacet
  facet normal -4.377260e-02 2.212125e-03 -9.990391e-01
    outer loop
      vertex   6.374100e+01 -2.100000e+01 3.034000e+00
      vertex   6.425900e+01 -1.075000e+01 3.034000e+00
      vertex   6.412900e+01 -2.100000e+01 3.017000e+00
    endloop
  endfacet
  facet normal 3.015050e-01 -2.242762e-03 -9.534620e-01
    outer loop
      vertex   6.425900e+01 -1.075000e+01 3.034000e+00
      vertex   6.437900e+01 -1.587500e+01 3.084000e+00
      vertex   6.412900e+01 -2.100000e+01 3.017000e+00
    endloop
  endfacet
  facet normal 9.236419e-01 3.832566e-01 0.000000e+00
    outer loop
      vertex   1.886600e+01 2.050000e+01 2.600000e+01
      vertex   1.896600e+01 2.025900e+01 2.175000e+01
      vertex   1.886600e+01 2.050000e+01 2.175000e+01
    endloop
  endfacet
  facet normal 0.000000e+00 -2.163842e-01 9.763083e-01
    outer loop
      vertex   -4.500000e+01 1.780000e+01 2.700000e+01
      vertex   -2.850000e+01 1.742100e+01 2.691600e+01
      vertex   -2.300000e+01 1.780000e+01 2.700000e+01
    endloop
  endfacet
  facet normal 2.765229e-01 2.519183e-02 9.606771e-01
    outer loop
      vertex   6.496600e+01 -1.075000e+01 3.741000e+00
      vertex   6.491600e+01 -5.625000e+00 3.621000e+00
      vertex   6.500000e+01 -2.100000e+01 4.000000e+00
    endloop
  endfacet
  facet normal 7.594229e-01 6.505909e-01 2.881909e-03
    outer loop
      vertex   1.886600e+01 2.050000e+01 2.175000e+01
      vertex   1.883100e+01 2.055600e+01 1.833100e+01
      vertex   1.860400e+01 2.078700e+01 2.600000e+01
    endloop
  endfacet
  facet normal 6.693124e-01 7.429766e-01 -2.568109e-03
    outer loop
      vertex   1.860400e+01 2.078700e+01 2.600000e+01
      vertex   1.883100e+01 2.055600e+01 1.833100e+01
      vertex   1.850000e+01 2.086600e+01 2.175000e+01
    endloop
  endfacet
  facet normal 5.654507e-01 -7.748614e-03 -8.247457e-01
    outer loop
      vertex   6.425900e+01 -1.075000e+01 3.034000e+00
      vertex   6.470700e+01 -5.625000e+00 3.293000e+00
      vertex   6.478700e+01 -1.075000e+01 3.396000e+00
    endloop
  endfacet
  facet normal 8.433418e-01 2.364798e-03 -5.373723e-01
    outer loop
      vertex   6.478700e+01 -1.075000e+01 3.396000e+00
      vertex   6.470700e+01 -5.625000e+00 3.293000e+00
      vertex   6.491600e+01 -5.625000e+00 3.621000e+00
    endloop
  endfacet
  facet normal 2.974060e-01 9.547386e-01 4.886426e-03
    outer loop
      vertex   1.800000e+01 2.100000e+01 2.600000e+01
      vertex   1.850000e+01 2.086600e+01 2.175000e+01
      vertex   1.828900e+01 2.095200e+01 1.778900e+01
    endloop
  endfacet
  facet normal 4.605347e-01 8.876263e-01 5.229541e-03
    outer loop
      vertex   1.850000e+01 2.086600e+01 2.175000e+01
      vertex   1.825900e+01 2.096600e+01 2.600000e+01
      vertex   1.860400e+01 2.078700e+01 2.600000e+01
    endloop
  endfacet
  facet normal 2.354900e-01 2.523565e-02 9.715491e-01
    outer loop
      vertex   6.486600e+01 -5.000000e-01 3.500000e+00
      vertex   6.500000e+01 -2.100000e+01 4.000000e+00
      vertex   6.491600e+01 -5.625000e+00 3.621000e+00
    endloop
  endfacet
  facet normal 1.301420e-01 9.913671e-01 -1.594658e-02
    outer loop
      vertex   1.825900e+01 2.096600e+01 2.600000e+01
      vertex   1.850000e+01 2.086600e+01 2.175000e+01
      vertex   1.800000e+01 2.100000e+01 2.600000e+01
    endloop
  endfacet
  facet normal 1.638468e-01 9.864858e-01 0.000000e+00
    outer loop
      vertex   1.828900e+01 2.095200e+01 1.778900e+01
      vertex   1.800000e+01 2.100000e+01 1.750000e+01
      vertex   1.800000e+01 2.100000e+01 2.600000e+01
    endloop
  endfacet
  facet normal -9.763083e-01 0.000000e+00 -2.163840e-01
    outer loop
      vertex   6.308400e+01 -1.587500e+01 3.621000e+00
      vertex   6.300000e+01 -2.100000e+01 4.000000e+00
      vertex   6.308400e+01 -5.625000e+00 3.621000e+00
    endloop
  endfacet
  facet normal -9.242049e-01 0.000000e+00 -3.818969e-01
    outer loop
      vertex   6.308400e+01 -1.587500e+01 3.621000e+00
      vertex   6.308400e+01 -5.625000e+00 3.621000e+00
      vertex   6.313400e+01 -1.075000e+01 3.500000e+00
    endloop
  endfacet
  facet normal 2.588542e-01 -9.635386e-03 9.658683e-01
    outer loop
      vertex   1.800000e+01 2.000000e+01 2.700000e+01
      vertex   1.860400e+01 1.487500e+01 2.678700e+01
      vertex   1.850000e+01 2.000000e+01 2.686600e+01
    endloop
  endfacet
  facet normal -7.943403e-01 6.591908e-03 -6.074373e-01
    outer loop
      vertex   6.313400e+01 -1.075000e+01 3.500000e+00
      vertex   6.308400e+01 -5.625000e+00 3.621000e+00
      vertex   6.339600e+01 -5.625000e+00 3.213000e+00
    endloop
  endfacet
  facet normal -7.930340e-01 6.429575e-03 -6.091435e-01
    outer loop
      vertex   6.329300e+01 -1.075000e+01 3.293000e+00
      vertex   6.313400e+01 -1.075000e+01 3.500000e+00
      vertex   6.339600e+01 -5.625000e+00 3.213000e+00
    endloop
  endfacet
  facet normal -1.301574e-01 9.914919e-01 1.697779e-03
    outer loop
      vertex   -6.425900e+01 2.096600e+01 1.000000e+00
      vertex   -6.437900e+01 2.091600e+01 2.100000e+01
      vertex   -6.400000e+01 2.100000e+01 1.000000e+00
    endloop
  endfacet
  facet normal 9.659123e-01 0.000000e+00 -2.588697e-01
    outer loop
      vertex   6.486600e+01 -5.000000e-01 3.500000e+00
      vertex   6.500000e+01 2.000000e+01 4.000000e+00
      vertex   6.500000e+01 -2.100000e+01 4.000000e+00
    endloop
  endfacet
  facet normal -1.034996e-03 9.659127e-01 -2.588661e-01
    outer loop
      vertex   -4.760000e+01 2.091600e+01 6.210000e-01
      vertex   -6.400000e+01 2.086600e+01 5.000000e-01
      vertex   -6.400000e+01 2.100000e+01 1.000000e+00
    endloop
  endfacet
  facet normal -1.000000e+00 0.000000e+00 0.000000e+00
    outer loop
      vertex   6.300000e+01 -2.100000e+01 4.000000e+00
      vertex   6.300000e+01 -2.100000e+01 1.650000e+01
      vertex   6.300000e+01 1.900000e+01 4.000000e+00
    endloop
  endfacet
  facet normal -1.000000e+00 0.000000e+00 0.000000e+00
    outer loop
      vertex   6.300000e+01 1.900000e+01 4.000000e+00
      vertex   6.300000e+01 -2.100000e+01 1.650000e+01
      vertex   6.300000e+01 1.900000e+01 1.650000e+01
    endloop
  endfacet
  facet normal 1.534835e-03 8.335315e-01 -5.524697e-01
    outer loop
      vertex   -4.760000e+01 2.091600e+01 6.210000e-01
      vertex   -5.853300e+01 2.078700e+01 3.960000e-01
      vertex   -6.400000e+01 2.086600e+01 5.000000e-01
    endloop
  endfacet
  facet normal -3.233667e-03 7.071038e-01 -7.071023e-01
    outer loop
      vertex   -5.853300e+01 2.078700e+01 3.960000e-01
      vertex   -6.400000e+01 2.050000e+01 1.340000e-01
      vertex   -6.400000e+01 2.086600e+01 5.000000e-01
    endloop
  endfacet
  facet normal -2.355286e-01 2.523563e-02 9.715397e-01
    outer loop
      vertex   6.300000e+01 -2.100000e+01 4.000000e+00
      vertex   6.313400e+01 -5.000000e-01 3.500000e+00
      vertex   6.308400e+01 -5.625000e+00 3.621000e+00
    endloop
  endfacet
  facet normal -3.832508e-01 9.236206e-01 6.621609e-03
    outer loop
      vertex   -6.450000e+01 2.086600e+01 1.000000e+00
      vertex   -6.460400e+01 2.078700e+01 6.000000e+00
      vertex   -6.425900e+01 2.096600e+01 1.000000e+00
    endloop
  endfacet
  facet normal -4.673114e-01 8.840926e-01 -5.935563e-04
    outer loop
      vertex   -6.460400e+01 2.078700e+01 6.000000e+00
      vertex   -6.437900e+01 2.091600e+01 2.100000e+01
      vertex   -6.425900e+01 2.096600e+01 1.000000e+00
    endloop
  endfacet
  facet normal -7.943403e-01 -6.591908e-03 -6.074373e-01
    outer loop
      vertex   6.339600e+01 -5.625000e+00 3.213000e+00
      vertex   6.308400e+01 -5.625000e+00 3.621000e+00
      vertex   6.313400e+01 -5.000000e-01 3.500000e+00
    endloop
  endfacet
  facet normal -7.071014e-01 3.449253e-03 -7.071037e-01
    outer loop
      vertex   6.339600e+01 -5.625000e+00 3.213000e+00
      vertex   6.313400e+01 -5.000000e-01 3.500000e+00
      vertex   6.350000e+01 -5.000000e-01 3.134000e+00
    endloop
  endfacet
  facet normal -3.832452e-01 -6.460245e-03 -9.236240e-01
    outer loop
      vertex   6.339600e+01 -5.625000e+00 3.213000e+00
      vertex   6.350000e+01 -5.000000e-01 3.134000e+00
      vertex   6.374100e+01 -5.000000e-01 3.034000e+00
    endloop
  endfacet
  facet normal 5.005047e-01 0.000000e+00 -8.657338e-01
    outer loop
      vertex   6.425900e+01 4.625000e+00 3.034000e+00
      vertex   6.470700e+01 -5.000000e-01 3.293000e+00
      vertex   6.425900e+01 -1.075000e+01 3.034000e+00
    endloop
  endfacet
  facet normal 5.005047e-01 0.000000e+00 -8.657338e-01
    outer loop
      vertex   6.425900e+01 -1.075000e+01 3.034000e+00
      vertex   6.470700e+01 -5.000000e-01 3.293000e+00
      vertex   6.470700e+01 -5.625000e+00 3.293000e+00
    endloop
  endfacet
  facet normal 8.433442e-01 0.000000e+00 -5.373738e-01
    outer loop
      vertex   6.470700e+01 -5.625000e+00 3.293000e+00
      vertex   6.470700e+01 -5.000000e-01 3.293000e+00
      vertex   6.491600e+01 -5.625000e+00 3.621000e+00
    endloop
  endfacet
  facet normal 4.605446e-01 -4.599367e-03 -8.876246e-01
    outer loop
      vertex   6.470700e+01 -5.000000e-01 3.293000e+00
      vertex   6.425900e+01 4.625000e+00 3.034000e+00
      vertex   6.460400e+01 4.625000e+00 3.213000e+00
    endloop
  endfacet
  facet normal 7.943367e-01 6.591463e-03 -6.074419e-01
    outer loop
      vertex   6.460400e+01 4.625000e+00 3.213000e+00
      vertex   6.491600e+01 4.625000e+00 3.621000e+00
      vertex   6.486600e+01 -5.000000e-01 3.500000e+00
    endloop
  endfacet
  facet normal -9.659141e-01 0.000000e+00 -2.588628e-01
    outer loop
      vertex   6.313400e+01 -5.000000e-01 3.500000e+00
      vertex   6.300000e+01 -2.100000e+01 4.000000e+00
      vertex   6.300000e+01 1.900000e+01 4.000000e+00
    endloop
  endfacet
  facet normal 9.914931e-01 -1.301590e-01 0.000000e+00
    outer loop
      vertex   -5.800000e+01 1.700000e+01 5.000000e+00
      vertex   -5.800000e+01 1.700000e+01 2.000000e+00
      vertex   -5.793200e+01 1.751800e+01 5.000000e+00
    endloop
  endfacet
  facet normal 9.914931e-01 -1.301590e-01 0.000000e+00
    outer loop
      vertex   -5.793200e+01 1.751800e+01 5.000000e+00
      vertex   -5.800000e+01 1.700000e+01 2.000000e+00
      vertex   -5.793200e+01 1.751800e+01 2.000000e+00
    endloop
  endfacet
  facet normal -7.071056e-01 0.000000e+00 -7.071079e-01
    outer loop
      vertex   6.313400e+01 -5.000000e-01 3.500000e+00
      vertex   6.350000e+01 9.750000e+00 3.134000e+00
      vertex   6.350000e+01 -5.000000e-01 3.134000e+00
    endloop
  endfacet
  facet normal 7.930410e-01 6.430451e-03 -6.091343e-01
    outer loop
      vertex   6.470700e+01 -5.000000e-01 3.293000e+00
      vertex   6.460400e+01 4.625000e+00 3.213000e+00
      vertex   6.486600e+01 -5.000000e-01 3.500000e+00
    endloop
  endfacet
  facet normal 7.930399e-01 -6.644051e-03 -6.091335e-01
    outer loop
      vertex   6.491600e+01 -5.625000e+00 3.621000e+00
      vertex   6.470700e+01 -5.000000e-01 3.293000e+00
      vertex   6.486600e+01 -5.000000e-01 3.500000e+00
    endloop
  endfacet
  facet normal 9.234459e-01 2.499186e-05 3.837287e-01
    outer loop
      vertex   6.486600e+01 -2.100000e+01 1.800000e+01
      vertex   6.496600e+01 -1.587500e+01 1.775900e+01
      vertex   6.491600e+01 -1.075000e+01 1.787900e+01
    endloop
  endfacet
  facet normal 7.710253e-01 3.755959e-03 6.367935e-01
    outer loop
      vertex   6.460400e+01 -1.587500e+01 1.828700e+01
      vertex   6.486600e+01 -2.100000e+01 1.800000e+01
      vertex   6.491600e+01 -1.075000e+01 1.787900e+01
    endloop
  endfacet
  facet normal 9.498816e-01 1.887179e-03 3.126041e-01
    outer loop
      vertex   6.491600e+01 -5.000000e-01 1.787900e+01
      vertex   6.500000e+01 2.000000e+01 1.750000e+01
      vertex   6.486600e+01 4.625000e+00 1.800000e+01
    endloop
  endfacet
  facet normal 8.662112e-01 -3.345682e-03 4.996668e-01
    outer loop
      vertex   6.491600e+01 -5.000000e-01 1.787900e+01
      vertex   6.486600e+01 4.625000e+00 1.800000e+01
      vertex   6.470700e+01 -5.625000e+00 1.820700e+01
    endloop
  endfacet
  facet normal 8.657279e-01 3.272377e-03 5.005042e-01
    outer loop
      vertex   6.491600e+01 -1.075000e+01 1.787900e+01
      vertex   6.496600e+01 -5.625000e+00 1.775900e+01
      vertex   6.470700e+01 -5.625000e+00 1.820700e+01
    endloop
  endfacet
  facet normal 8.657279e-01 -3.272377e-03 5.005042e-01
    outer loop
      vertex   6.496600e+01 -5.625000e+00 1.775900e+01
      vertex   6.491600e+01 -5.000000e-01 1.787900e+01
      vertex   6.470700e+01 -5.625000e+00 1.820700e+01
    endloop
  endfacet
  facet normal 5.230936e-01 5.312601e-03 8.522587e-01
    outer loop
      vertex   6.425900e+01 -3.063000e+00 1.846600e+01
      vertex   6.450000e+01 -1.075000e+01 1.836600e+01
      vertex   6.470700e+01 -5.625000e+00 1.820700e+01
    endloop
  endfacet
  facet normal 8.161920e-01 -3.692677e-03 5.777689e-01
    outer loop
      vertex   6.491600e+01 -1.075000e+01 1.787900e+01
      vertex   6.470700e+01 -5.625000e+00 1.820700e+01
      vertex   6.460400e+01 -1.587500e+01 1.828700e+01
    endloop
  endfacet
  facet normal 6.077334e-01 9.092569e-05 7.941411e-01
    outer loop
      vertex   6.460400e+01 -1.587500e+01 1.828700e+01
      vertex   6.470700e+01 -5.625000e+00 1.820700e+01
      vertex   6.450000e+01 -1.075000e+01 1.836600e+01
    endloop
  endfacet
  facet normal 9.763083e-01 0.000000e+00 2.163842e-01
    outer loop
      vertex   6.491600e+01 -5.000000e-01 1.787900e+01
      vertex   6.500000e+01 -2.100000e+01 1.750000e+01
      vertex   6.500000e+01 2.000000e+01 1.750000e+01
    endloop
  endfacet
  facet normal 9.585416e-01 -2.680490e-03 2.849400e-01
    outer loop
      vertex   6.496600e+01 -5.625000e+00 1.775900e+01
      vertex   6.491600e+01 -1.075000e+01 1.787900e+01
      vertex   6.500000e+01 -2.100000e+01 1.750000e+01
    endloop
  endfacet
  facet normal 9.933591e-01 1.237023e-02 -1.143882e-01
    outer loop
      vertex   6.496600e+01 -1.587500e+01 1.775900e+01
      vertex   6.500000e+01 -2.100000e+01 1.750000e+01
      vertex   6.491600e+01 -1.075000e+01 1.787900e+01
    endloop
  endfacet
  facet normal -6.565647e-01 1.125293e-02 -7.541858e-01
    outer loop
      vertex   6.491600e+01 -5.000000e-01 1.787900e+01
      vertex   6.496600e+01 -5.625000e+00 1.775900e+01
      vertex   6.500000e+01 -2.100000e+01 1.750000e+01
    endloop
  endfacet
  facet normal 9.658907e-01 -6.674921e-03 2.588639e-01
    outer loop
      vertex   6.496600e+01 -1.587500e+01 1.775900e+01
      vertex   6.486600e+01 -2.100000e+01 1.800000e+01
      vertex   6.500000e+01 -2.100000e+01 1.750000e+01
    endloop
  endfacet
  facet normal 7.071044e-01 -3.449031e-03 7.071007e-01
    outer loop
      vertex   6.460400e+01 -1.587500e+01 1.828700e+01
      vertex   6.450000e+01 -2.100000e+01 1.836600e+01
      vertex   6.486600e+01 -2.100000e+01 1.800000e+01
    endloop
  endfacet
  facet normal 3.581190e-01 -3.401274e-03 9.336697e-01
    outer loop
      vertex   6.460400e+01 -1.587500e+01 1.828700e+01
      vertex   6.425900e+01 -3.063000e+00 1.846600e+01
      vertex   6.400000e+01 -2.100000e+01 1.850000e+01
    endloop
  endfacet
  facet normal 2.588542e-01 9.635578e-03 9.658683e-01
    outer loop
      vertex   6.400000e+01 -2.100000e+01 1.850000e+01
      vertex   6.450000e+01 -2.100000e+01 1.836600e+01
      vertex   6.460400e+01 -1.587500e+01 1.828700e+01
    endloop
  endfacet
  facet normal -2.124849e-01 -1.937113e-02 9.769723e-01
    outer loop
      vertex   6.450000e+01 -1.075000e+01 1.836600e+01
      vertex   6.425900e+01 -3.063000e+00 1.846600e+01
      vertex   6.460400e+01 -1.587500e+01 1.828700e+01
    endloop
  endfacet
  facet normal -6.191474e-03 -7.930387e-01 -6.091398e-01
    outer loop
      vertex   3.650000e+01 1.929300e+01 3.293000e+00
      vertex   3.650000e+01 1.913400e+01 3.500000e+00
      vertex   3.100000e+01 1.908400e+01 3.621000e+00
    endloop
  endfacet
  facet normal 5.991344e-03 -7.930396e-01 -6.091406e-01
    outer loop
      vertex   3.650000e+01 1.913400e+01 3.500000e+00
      vertex   3.650000e+01 1.929300e+01 3.293000e+00
      vertex   4.200000e+01 1.939600e+01 3.213000e+00
    endloop
  endfacet
  facet normal 6.142202e-03 -7.943426e-01 -6.074390e-01
    outer loop
      vertex   3.650000e+01 1.913400e+01 3.500000e+00
      vertex   4.200000e+01 1.939600e+01 3.213000e+00
      vertex   4.200000e+01 1.908400e+01 3.621000e+00
    endloop
  endfacet
  facet normal -4.286258e-03 -4.605392e-01 -8.876290e-01
    outer loop
      vertex   4.200000e+01 1.939600e+01 3.213000e+00
      vertex   3.650000e+01 1.929300e+01 3.293000e+00
      vertex   4.200000e+01 1.974100e+01 3.034000e+00
    endloop
  endfacet
  facet normal 0.000000e+00 -5.005031e-01 -8.657348e-01
    outer loop
      vertex   3.650000e+01 1.929300e+01 3.293000e+00
      vertex   3.650000e+01 1.974100e+01 3.034000e+00
      vertex   4.200000e+01 1.974100e+01 3.034000e+00
    endloop
  endfacet
  facet normal -9.236341e-01 3.832753e-01 0.000000e+00
    outer loop
      vertex   -6.496600e+01 2.025900e+01 2.100000e+01
      vertex   -6.486600e+01 2.050000e+01 1.850000e+01
      vertex   -6.486600e+01 2.050000e+01 6.000000e+00
    endloop
  endfacet
  facet normal -9.999713e-01 3.700698e-03 -6.607425e-03
    outer loop
      vertex   -6.500000e+01 2.000000e+01 2.600000e+01
      vertex   -6.496600e+01 2.025900e+01 2.100000e+01
      vertex   -6.486600e+01 2.050000e+01 6.000000e+00
    endloop
  endfacet
  facet normal -5.301849e-01 8.478818e-01 6.609533e-04
    outer loop
      vertex   -6.470700e+01 2.070700e+01 2.600000e+01
      vertex   -6.437900e+01 2.091600e+01 2.100000e+01
      vertex   -6.460400e+01 2.078700e+01 6.000000e+00
    endloop
  endfacet
  facet normal -7.385402e-01 6.742085e-01 -1.106815e-03
    outer loop
      vertex   -6.486600e+01 2.050000e+01 6.000000e+00
      vertex   -6.470700e+01 2.070700e+01 2.600000e+01
      vertex   -6.460400e+01 2.078700e+01 6.000000e+00
    endloop
  endfacet
  facet normal -3.468705e-05 -9.236423e-01 -3.832556e-01
    outer loop
      vertex   4.200000e+01 1.908400e+01 3.621000e+00
      vertex   4.750000e+01 1.913400e+01 3.500000e+00
      vertex   4.750000e+01 1.903400e+01 3.741000e+00
    endloop
  endfacet
  facet normal -1.212123e-02 5.951421e-01 8.035291e-01
    outer loop
      vertex   4.750000e+01 1.903400e+01 3.741000e+00
      vertex   6.300000e+01 1.900000e+01 4.000000e+00
      vertex   4.200000e+01 1.908400e+01 3.621000e+00
    endloop
  endfacet
  facet normal 0.000000e+00 7.930539e-01 -6.091515e-01
    outer loop
      vertex   5.300000e+01 2.086600e+01 3.500000e+00
      vertex   5.300000e+01 2.070700e+01 3.293000e+00
      vertex   4.200000e+01 2.070700e+01 3.293000e+00
    endloop
  endfacet
  facet normal 9.236424e-01 -3.832553e-01 0.000000e+00
    outer loop
      vertex   -5.773200e+01 1.800000e+01 2.000000e+00
      vertex   -5.773200e+01 1.800000e+01 5.000000e+00
      vertex   -5.793200e+01 1.751800e+01 2.000000e+00
    endloop
  endfacet
  facet normal 9.236424e-01 -3.832553e-01 0.000000e+00
    outer loop
      vertex   -5.793200e+01 1.751800e+01 2.000000e+00
      vertex   -5.773200e+01 1.800000e+01 5.000000e+00
      vertex   -5.793200e+01 1.751800e+01 5.000000e+00
    endloop
  endfacet
  facet normal 7.930535e-01 -6.091519e-01 0.000000e+00
    outer loop
      vertex   -5.773200e+01 1.800000e+01 5.000000e+00
      vertex   -5.773200e+01 1.800000e+01 2.000000e+00
      vertex   -5.741400e+01 1.841400e+01 5.000000e+00
    endloop
  endfacet
  facet normal 7.930535e-01 -6.091519e-01 0.000000e+00
    outer loop
      vertex   -5.741400e+01 1.841400e+01 5.000000e+00
      vertex   -5.773200e+01 1.800000e+01 2.000000e+00
      vertex   -5.741400e+01 1.841400e+01 2.000000e+00
    endloop
  endfacet
  facet normal -2.351602e-02 2.355192e-01 9.715851e-01
    outer loop
      vertex   4.200000e+01 2.086600e+01 3.500000e+00
      vertex   6.400000e+01 2.100000e+01 4.000000e+00
      vertex   4.750000e+01 2.091600e+01 3.621000e+00
    endloop
  endfacet
  facet normal 6.191474e-03 7.930387e-01 -6.091398e-01
    outer loop
      vertex   4.200000e+01 2.086600e+01 3.500000e+00
      vertex   4.750000e+01 2.091600e+01 3.621000e+00
      vertex   4.200000e+01 2.070700e+01 3.293000e+00
    endloop
  endfacet
  facet normal -0.000000e+00 -4.605435e-01 -8.876372e-01
    outer loop
      vertex   5.025000e+01 1.974100e+01 3.034000e+00
      vertex   4.200000e+01 1.939600e+01 3.213000e+00
      vertex   4.200000e+01 1.974100e+01 3.034000e+00
    endloop
  endfacet
  facet normal 6.091548e-01 -7.930514e-01 0.000000e+00
    outer loop
      vertex   -5.700000e+01 1.873200e+01 2.000000e+00
      vertex   -5.700000e+01 1.873200e+01 5.000000e+00
      vertex   -5.741400e+01 1.841400e+01 2.000000e+00
    endloop
  endfacet
  facet normal 6.091548e-01 -7.930514e-01 0.000000e+00
    outer loop
      vertex   -5.741400e+01 1.841400e+01 2.000000e+00
      vertex   -5.700000e+01 1.873200e+01 5.000000e+00
      vertex   -5.741400e+01 1.841400e+01 5.000000e+00
    endloop
  endfacet
  facet normal 4.168899e-03 7.666133e-01 -6.420955e-01
    outer loop
      vertex   -4.760000e+01 2.091600e+01 6.210000e-01
      vertex   -5.306700e+01 2.060400e+01 2.130000e-01
      vertex   -5.853300e+01 2.078700e+01 3.960000e-01
    endloop
  endfacet
  facet normal 3.832535e-01 -9.236432e-01 0.000000e+00
    outer loop
      vertex   -5.651800e+01 1.893200e+01 2.000000e+00
      vertex   -5.651800e+01 1.893200e+01 5.000000e+00
      vertex   -5.700000e+01 1.873200e+01 2.000000e+00
    endloop
  endfacet
  facet normal 3.832535e-01 -9.236432e-01 0.000000e+00
    outer loop
      vertex   -5.700000e+01 1.873200e+01 2.000000e+00
      vertex   -5.651800e+01 1.893200e+01 5.000000e+00
      vertex   -5.700000e+01 1.873200e+01 5.000000e+00
    endloop
  endfacet
  facet normal 1.301585e-01 -9.914932e-01 0.000000e+00
    outer loop
      vertex   -5.600000e+01 1.900000e+01 2.000000e+00
      vertex   -5.600000e+01 1.900000e+01 5.000000e+00
      vertex   -5.651800e+01 1.893200e+01 2.000000e+00
    endloop
  endfacet
  facet normal 1.301585e-01 -9.914932e-01 0.000000e+00
    outer loop
      vertex   -5.651800e+01 1.893200e+01 2.000000e+00
      vertex   -5.600000e+01 1.900000e+01 5.000000e+00
      vertex   -5.651800e+01 1.893200e+01 5.000000e+00
    endloop
  endfacet
  facet normal 0.000000e+00 0.000000e+00 1.000000e+00
    outer loop
      vertex   -5.600000e+01 1.900000e+01 5.000000e+00
      vertex   -6.300000e+01 1.900000e+01 5.000000e+00
      vertex   -5.651800e+01 1.893200e+01 5.000000e+00
    endloop
  endfacet
  facet normal 0.000000e+00 0.000000e+00 1.000000e+00
    outer loop
      vertex   -5.651800e+01 1.893200e+01 5.000000e+00
      vertex   -6.300000e+01 1.900000e+01 5.000000e+00
      vertex   -5.700000e+01 1.873200e+01 5.000000e+00
    endloop
  endfacet
  facet normal 0.000000e+00 0.000000e+00 1.000000e+00
    outer loop
      vertex   -5.700000e+01 1.873200e+01 5.000000e+00
      vertex   -6.300000e+01 1.900000e+01 5.000000e+00
      vertex   -5.741400e+01 1.841400e+01 5.000000e+00
    endloop
  endfacet
  facet normal 0.000000e+00 0.000000e+00 1.000000e+00
    outer loop
      vertex   -5.741400e+01 1.841400e+01 5.000000e+00
      vertex   -6.300000e+01 1.900000e+01 5.000000e+00
      vertex   -5.773200e+01 1.800000e+01 5.000000e+00
    endloop
  endfacet
  facet normal 0.000000e+00 0.000000e+00 1.000000e+00
    outer loop
      vertex   -5.773200e+01 1.800000e+01 5.000000e+00
      vertex   -6.300000e+01 1.900000e+01 5.000000e+00
      vertex   -5.793200e+01 1.751800e+01 5.000000e+00
    endloop
  endfacet
  facet normal 0.000000e+00 0.000000e+00 1.000000e+00
    outer loop
      vertex   -5.793200e+01 1.751800e+01 5.000000e+00
      vertex   -6.300000e+01 1.900000e+01 5.000000e+00
      vertex   -5.800000e+01 1.700000e+01 5.000000e+00
    endloop
  endfacet
  facet normal 0.000000e+00 0.000000e+00 1.000000e+00
    outer loop
      vertex   -5.800000e+01 1.700000e+01 5.000000e+00
      vertex   -6.300000e+01 1.900000e+01 5.000000e+00
      vertex   -6.100000e+01 1.400000e+01 5.000000e+00
    endloop
  endfacet
  facet normal 0.000000e+00 0.000000e+00 1.000000e+00
    outer loop
      vertex   -5.800000e+01 1.700000e+01 5.000000e+00
      vertex   -6.100000e+01 1.400000e+01 5.000000e+00
      vertex   -5.800000e+01 1.600000e+01 5.000000e+00
    endloop
  endfacet
  facet normal 0.000000e+00 0.000000e+00 1.000000e+00
    outer loop
      vertex   -5.800000e+01 1.600000e+01 5.000000e+00
      vertex   -6.100000e+01 1.400000e+01 5.000000e+00
      vertex   -6.000000e+01 1.400000e+01 5.000000e+00
    endloop
  endfacet
  facet normal 0.000000e+00 0.000000e+00 1.000000e+00
    outer loop
      vertex   -5.800000e+01 1.600000e+01 5.000000e+00
      vertex   -6.000000e+01 1.400000e+01 5.000000e+00
      vertex   -5.948200e+01 1.406800e+01 5.000000e+00
    endloop
  endfacet
  facet normal 0.000000e+00 0.000000e+00 1.000000e+00
    outer loop
      vertex   -6.300000e+01 1.200000e+01 5.000000e+00
      vertex   -6.293200e+01 1.251800e+01 5.000000e+00
      vertex   -6.300000e+01 1.900000e+01 5.000000e+00
    endloop
  endfacet
  facet normal 0.000000e+00 0.000000e+00 1.000000e+00
    outer loop
      vertex   -6.300000e+01 1.900000e+01 5.000000e+00
      vertex   -6.293200e+01 1.251800e+01 5.000000e+00
      vertex   -6.273200e+01 1.300000e+01 5.000000e+00
    endloop
  endfacet
  facet normal 0.000000e+00 0.000000e+00 1.000000e+00
    outer loop
      vertex   -6.300000e+01 1.900000e+01 5.000000e+00
      vertex   -6.273200e+01 1.300000e+01 5.000000e+00
      vertex   -6.241400e+01 1.341400e+01 5.000000e+00
    endloop
  endfacet
  facet normal 0.000000e+00 -0.000000e+00 1.000000e+00
    outer loop
      vertex   -6.241400e+01 1.341400e+01 5.000000e+00
      vertex   -6.200000e+01 1.373200e+01 5.000000e+00
      vertex   -6.300000e+01 1.900000e+01 5.000000e+00
    endloop
  endfacet
  facet normal 0.000000e+00 0.000000e+00 1.000000e+00
    outer loop
      vertex   -6.300000e+01 1.900000e+01 5.000000e+00
      vertex   -6.200000e+01 1.373200e+01 5.000000e+00
      vertex   -6.151800e+01 1.393200e+01 5.000000e+00
    endloop
  endfacet
  facet normal 0.000000e+00 0.000000e+00 1.000000e+00
    outer loop
      vertex   -6.300000e+01 1.900000e+01 5.000000e+00
      vertex   -6.151800e+01 1.393200e+01 5.000000e+00
      vertex   -6.100000e+01 1.400000e+01 5.000000e+00
    endloop
  endfacet
  facet normal 0.000000e+00 0.000000e+00 1.000000e+00
    outer loop
      vertex   -5.948200e+01 1.406800e+01 5.000000e+00
      vertex   -5.900000e+01 1.426800e+01 5.000000e+00
      vertex   -5.800000e+01 1.600000e+01 5.000000e+00
    endloop
  endfacet
  facet normal 0.000000e+00 0.000000e+00 1.000000e+00
    outer loop
      vertex   -5.800000e+01 1.600000e+01 5.000000e+00
      vertex   -5.900000e+01 1.426800e+01 5.000000e+00
      vertex   -5.858600e+01 1.458600e+01 5.000000e+00
    endloop
  endfacet
  facet normal 0.000000e+00 0.000000e+00 1.000000e+00
    outer loop
      vertex   -5.800000e+01 1.600000e+01 5.000000e+00
      vertex   -5.858600e+01 1.458600e+01 5.000000e+00
      vertex   -5.826800e+01 1.500000e+01 5.000000e+00
    endloop
  endfacet
  facet normal 0.000000e+00 0.000000e+00 1.000000e+00
    outer loop
      vertex   -5.826800e+01 1.500000e+01 5.000000e+00
      vertex   -5.806800e+01 1.548200e+01 5.000000e+00
      vertex   -5.800000e+01 1.600000e+01 5.000000e+00
    endloop
  endfacet
  facet normal 7.930507e-01 -6.091557e-01 0.000000e+00
    outer loop
      vertex   -1.914000e+00 1.841400e+01 2.000000e+00
      vertex   -1.914000e+00 1.841400e+01 5.000000e+00
      vertex   -2.232000e+00 1.800000e+01 2.000000e+00
    endloop
  endfacet
  facet normal 7.930507e-01 -6.091557e-01 0.000000e+00
    outer loop
      vertex   -2.232000e+00 1.800000e+01 2.000000e+00
      vertex   -1.914000e+00 1.841400e+01 5.000000e+00
      vertex   -2.232000e+00 1.800000e+01 5.000000e+00
    endloop
  endfacet
  facet normal 6.091561e-01 -7.930504e-01 0.000000e+00
    outer loop
      vertex   -1.914000e+00 1.841400e+01 5.000000e+00
      vertex   -1.914000e+00 1.841400e+01 2.000000e+00
      vertex   -1.500000e+00 1.873200e+01 5.000000e+00
    endloop
  endfacet
  facet normal 6.091561e-01 -7.930504e-01 0.000000e+00
    outer loop
      vertex   -1.500000e+00 1.873200e+01 5.000000e+00
      vertex   -1.914000e+00 1.841400e+01 2.000000e+00
      vertex   -1.500000e+00 1.873200e+01 2.000000e+00
    endloop
  endfacet
  facet normal -7.930584e-01 6.091456e-01 0.000000e+00
    outer loop
      vertex   -6.470700e+01 2.070700e+01 2.600000e+01
      vertex   -6.486600e+01 2.050000e+01 6.000000e+00
      vertex   -6.486600e+01 2.050000e+01 1.850000e+01
    endloop
  endfacet
  facet normal -2.163852e-01 9.763081e-01 0.000000e+00
    outer loop
      vertex   -6.400000e+01 2.100000e+01 2.600000e+01
      vertex   -6.400000e+01 2.100000e+01 1.000000e+00
      vertex   -6.437900e+01 2.091600e+01 2.100000e+01
    endloop
  endfacet
  facet normal 1.301589e-01 -9.914931e-01 0.000000e+00
    outer loop
      vertex   -5.000000e-01 1.900000e+01 2.000000e+00
      vertex   -5.000000e-01 1.900000e+01 5.000000e+00
      vertex   -1.018000e+00 1.893200e+01 2.000000e+00
    endloop
  endfacet
  facet normal 1.301589e-01 -9.914931e-01 0.000000e+00
    outer loop
      vertex   -1.018000e+00 1.893200e+01 2.000000e+00
      vertex   -5.000000e-01 1.900000e+01 5.000000e+00
      vertex   -1.018000e+00 1.893200e+01 5.000000e+00
    endloop
  endfacet
  facet normal -4.605471e-01 0.000000e+00 8.876353e-01
    outer loop
      vertex   -6.425900e+01 9.750000e+00 2.696600e+01
      vertex   -6.460400e+01 4.625000e+00 2.678700e+01
      vertex   -6.425900e+01 4.625000e+00 2.696600e+01
    endloop
  endfacet
  facet normal -4.605422e-01 -4.599436e-03 8.876259e-01
    outer loop
      vertex   -6.425900e+01 4.625000e+00 2.696600e+01
      vertex   -6.460400e+01 4.625000e+00 2.678700e+01
      vertex   -6.470700e+01 -5.000000e-01 2.670700e+01
    endloop
  endfacet
  facet normal -5.005029e-01 0.000000e+00 8.657348e-01
    outer loop
      vertex   -6.425900e+01 -5.000000e-01 2.696600e+01
      vertex   -6.425900e+01 4.625000e+00 2.696600e+01
      vertex   -6.470700e+01 -5.000000e-01 2.670700e+01
    endloop
  endfacet
  facet normal -9.236341e-01 0.000000e+00 3.832753e-01
    outer loop
      vertex   -6.496600e+01 -5.000000e-01 2.625900e+01
      vertex   -6.486600e+01 -5.000000e-01 2.650000e+01
      vertex   -6.486600e+01 4.625000e+00 2.650000e+01
    endloop
  endfacet
  facet normal 0.000000e+00 0.000000e+00 1.000000e+00
    outer loop
      vertex   -5.000000e-01 1.900000e+01 5.000000e+00
      vertex   -1.050000e+01 1.900000e+01 5.000000e+00
      vertex   -1.018000e+00 1.893200e+01 5.000000e+00
    endloop
  endfacet
  facet normal 0.000000e+00 0.000000e+00 1.000000e+00
    outer loop
      vertex   -1.018000e+00 1.893200e+01 5.000000e+00
      vertex   -1.050000e+01 1.900000e+01 5.000000e+00
      vertex   -9.982000e+00 1.893200e+01 5.000000e+00
    endloop
  endfacet
  facet normal 0.000000e+00 0.000000e+00 1.000000e+00
    outer loop
      vertex   -1.018000e+00 1.893200e+01 5.000000e+00
      vertex   -9.982000e+00 1.893200e+01 5.000000e+00
      vertex   -9.500000e+00 1.873200e+01 5.000000e+00
    endloop
  endfacet
  facet normal 0.000000e+00 -0.000000e+00 1.000000e+00
    outer loop
      vertex   -9.086000e+00 1.841400e+01 5.000000e+00
      vertex   -1.914000e+00 1.841400e+01 5.000000e+00
      vertex   -9.500000e+00 1.873200e+01 5.000000e+00
    endloop
  endfacet
  facet normal -0.000000e+00 0.000000e+00 1.000000e+00
    outer loop
      vertex   -9.500000e+00 1.873200e+01 5.000000e+00
      vertex   -1.914000e+00 1.841400e+01 5.000000e+00
      vertex   -1.500000e+00 1.873200e+01 5.000000e+00
    endloop
  endfacet
  facet normal 0.000000e+00 0.000000e+00 1.000000e+00
    outer loop
      vertex   -9.500000e+00 1.873200e+01 5.000000e+00
      vertex   -1.500000e+00 1.873200e+01 5.000000e+00
      vertex   -1.018000e+00 1.893200e+01 5.000000e+00
    endloop
  endfacet
  facet normal -0.000000e+00 0.000000e+00 1.000000e+00
    outer loop
      vertex   -9.086000e+00 1.841400e+01 5.000000e+00
      vertex   -8.768000e+00 1.800000e+01 5.000000e+00
      vertex   -1.914000e+00 1.841400e+01 5.000000e+00
    endloop
  endfacet
  facet normal 0.000000e+00 0.000000e+00 1.000000e+00
    outer loop
      vertex   -1.914000e+00 1.841400e+01 5.000000e+00
      vertex   -8.768000e+00 1.800000e+01 5.000000e+00
      vertex   -2.232000e+00 1.800000e+01 5.000000e+00
    endloop
  endfacet
  facet normal 0.000000e+00 0.000000e+00 1.000000e+00
    outer loop
      vertex   -2.232000e+00 1.800000e+01 5.000000e+00
      vertex   -8.768000e+00 1.800000e+01 5.000000e+00
      vertex   -2.432000e+00 1.751800e+01 5.000000e+00
    endloop
  endfacet
  facet normal 0.000000e+00 0.000000e+00 1.000000e+00
    outer loop
      vertex   -2.432000e+00 1.751800e+01 5.000000e+00
      vertex   -8.768000e+00 1.800000e+01 5.000000e+00
      vertex   -8.568000e+00 1.751800e+01 5.000000e+00
    endloop
  endfacet
  facet normal 0.000000e+00 0.000000e+00 1.000000e+00
    outer loop
      vertex   -2.432000e+00 1.751800e+01 5.000000e+00
      vertex   -8.568000e+00 1.751800e+01 5.000000e+00
      vertex   -2.587000e+00 1.628200e+01 5.000000e+00
    endloop
  endfacet
  facet normal 0.000000e+00 0.000000e+00 1.000000e+00
    outer loop
      vertex   -2.587000e+00 1.628200e+01 5.000000e+00
      vertex   -8.568000e+00 1.751800e+01 5.000000e+00
      vertex   -8.413000e+00 1.628200e+01 5.000000e+00
    endloop
  endfacet
  facet normal 0.000000e+00 0.000000e+00 1.000000e+00
    outer loop
      vertex   -2.587000e+00 1.628200e+01 5.000000e+00
      vertex   -8.413000e+00 1.628200e+01 5.000000e+00
      vertex   -2.844000e+00 1.560600e+01 5.000000e+00
    endloop
  endfacet
  facet normal 0.000000e+00 0.000000e+00 1.000000e+00
    outer loop
      vertex   -2.844000e+00 1.560600e+01 5.000000e+00
      vertex   -8.413000e+00 1.628200e+01 5.000000e+00
      vertex   -8.156000e+00 1.560600e+01 5.000000e+00
    endloop
  endfacet
  facet normal 0.000000e+00 0.000000e+00 1.000000e+00
    outer loop
      vertex   -2.844000e+00 1.560600e+01 5.000000e+00
      vertex   -8.156000e+00 1.560600e+01 5.000000e+00
      vertex   -7.746000e+00 1.501100e+01 5.000000e+00
    endloop
  endfacet
  facet normal 0.000000e+00 -0.000000e+00 1.000000e+00
    outer loop
      vertex   -7.204000e+00 1.453100e+01 5.000000e+00
      vertex   -3.796000e+00 1.453100e+01 5.000000e+00
      vertex   -7.746000e+00 1.501100e+01 5.000000e+00
    endloop
  endfacet
  facet normal -0.000000e+00 0.000000e+00 1.000000e+00
    outer loop
      vertex   -7.746000e+00 1.501100e+01 5.000000e+00
      vertex   -3.796000e+00 1.453100e+01 5.000000e+00
      vertex   -3.254000e+00 1.501100e+01 5.000000e+00
    endloop
  endfacet
  facet normal 0.000000e+00 0.000000e+00 1.000000e+00
    outer loop
      vertex   -7.746000e+00 1.501100e+01 5.000000e+00
      vertex   -3.254000e+00 1.501100e+01 5.000000e+00
      vertex   -2.844000e+00 1.560600e+01 5.000000e+00
    endloop
  endfacet
  facet normal 0.000000e+00 0.000000e+00 1.000000e+00
    outer loop
      vertex   -3.796000e+00 1.453100e+01 5.000000e+00
      vertex   -7.204000e+00 1.453100e+01 5.000000e+00
      vertex   -4.436000e+00 1.419500e+01 5.000000e+00
    endloop
  endfacet
  facet normal 0.000000e+00 0.000000e+00 1.000000e+00
    outer loop
      vertex   -4.436000e+00 1.419500e+01 5.000000e+00
      vertex   -7.204000e+00 1.453100e+01 5.000000e+00
      vertex   -6.564000e+00 1.419500e+01 5.000000e+00
    endloop
  endfacet
  facet normal 0.000000e+00 0.000000e+00 1.000000e+00
    outer loop
      vertex   -4.436000e+00 1.419500e+01 5.000000e+00
      vertex   -6.564000e+00 1.419500e+01 5.000000e+00
      vertex   -5.138000e+00 1.402200e+01 5.000000e+00
    endloop
  endfacet
  facet normal 0.000000e+00 0.000000e+00 1.000000e+00
    outer loop
      vertex   -5.138000e+00 1.402200e+01 5.000000e+00
      vertex   -6.564000e+00 1.419500e+01 5.000000e+00
      vertex   -5.862000e+00 1.402200e+01 5.000000e+00
    endloop
  endfacet
  facet normal -5.005000e-01 3.454552e-03 8.657297e-01
    outer loop
      vertex   -6.460400e+01 4.625000e+00 2.678700e+01
      vertex   -6.425900e+01 9.750000e+00 2.696600e+01
      vertex   -6.470700e+01 9.750000e+00 2.670700e+01
    endloop
  endfacet
  facet normal 4.049356e-03 7.385370e-01 6.742008e-01
    outer loop
      vertex   -3.867000e+00 2.060400e+01 2.678700e+01
      vertex   -3.867000e+00 2.086600e+01 2.650000e+01
      vertex   -9.333000e+00 2.070700e+01 2.670700e+01
    endloop
  endfacet
  facet normal -4.048615e-03 7.385370e-01 6.742008e-01
    outer loop
      vertex   -3.867000e+00 2.060400e+01 2.678700e+01
      vertex   1.600000e+00 2.070700e+01 2.670700e+01
      vertex   -3.867000e+00 2.086600e+01 2.650000e+01
    endloop
  endfacet
  facet normal -7.385406e-01 0.000000e+00 6.742090e-01
    outer loop
      vertex   -6.460400e+01 4.625000e+00 2.678700e+01
      vertex   -6.486600e+01 4.625000e+00 2.650000e+01
      vertex   -6.486600e+01 -5.000000e-01 2.650000e+01
    endloop
  endfacet
  facet normal -4.312983e-03 4.605368e-01 8.876302e-01
    outer loop
      vertex   -3.867000e+00 2.060400e+01 2.678700e+01
      vertex   -9.333000e+00 2.070700e+01 2.670700e+01
      vertex   -3.867000e+00 2.025900e+01 2.696600e+01
    endloop
  endfacet
  facet normal 0.000000e+00 5.005014e-01 8.657358e-01
    outer loop
      vertex   -3.867000e+00 2.025900e+01 2.696600e+01
      vertex   -9.333000e+00 2.070700e+01 2.670700e+01
      vertex   -1.480000e+01 2.025900e+01 2.696600e+01
    endloop
  endfacet
  facet normal 0.000000e+00 5.005014e-01 8.657358e-01
    outer loop
      vertex   -1.480000e+01 2.025900e+01 2.696600e+01
      vertex   -9.333000e+00 2.070700e+01 2.670700e+01
      vertex   -1.480000e+01 2.070700e+01 2.670700e+01
    endloop
  endfacet
  facet normal -7.385338e-01 -4.319240e-03 6.742027e-01
    outer loop
      vertex   -6.460400e+01 4.625000e+00 2.678700e+01
      vertex   -6.470700e+01 9.750000e+00 2.670700e+01
      vertex   -6.486600e+01 4.625000e+00 2.650000e+01
    endloop
  endfacet
  facet normal -9.424113e-01 2.662582e-03 3.344457e-01
    outer loop
      vertex   -6.500000e+01 2.000000e+01 2.600000e+01
      vertex   -6.496600e+01 -5.000000e-01 2.625900e+01
      vertex   -6.486600e+01 4.625000e+00 2.650000e+01
    endloop
  endfacet
  facet normal -8.433365e-01 4.458966e-03 5.373673e-01
    outer loop
      vertex   -6.491600e+01 9.750000e+00 2.637900e+01
      vertex   -6.486600e+01 4.625000e+00 2.650000e+01
      vertex   -6.470700e+01 9.750000e+00 2.670700e+01
    endloop
  endfacet
  facet normal -9.931670e-01 -1.242966e-02 -1.160379e-01
    outer loop
      vertex   -6.486600e+01 4.625000e+00 2.650000e+01
      vertex   -6.491600e+01 9.750000e+00 2.637900e+01
      vertex   -6.500000e+01 2.000000e+01 2.600000e+01
    endloop
  endfacet
  facet normal 0.000000e+00 8.657358e-01 5.005014e-01
    outer loop
      vertex   -9.333000e+00 2.070700e+01 2.670700e+01
      vertex   -9.333000e+00 2.096600e+01 2.625900e+01
      vertex   -1.480000e+01 2.070700e+01 2.670700e+01
    endloop
  endfacet
  facet normal 0.000000e+00 8.657358e-01 5.005014e-01
    outer loop
      vertex   -1.480000e+01 2.070700e+01 2.670700e+01
      vertex   -9.333000e+00 2.096600e+01 2.625900e+01
      vertex   -2.026700e+01 2.096600e+01 2.625900e+01
    endloop
  endfacet
  facet normal 4.180325e-03 8.433375e-01 5.373680e-01
    outer loop
      vertex   1.600000e+00 2.070700e+01 2.670700e+01
      vertex   1.600000e+00 2.091600e+01 2.637900e+01
      vertex   -3.867000e+00 2.086600e+01 2.650000e+01
    endloop
  endfacet
  facet normal -6.228663e-03 8.657190e-01 5.004916e-01
    outer loop
      vertex   -9.333000e+00 2.070700e+01 2.670700e+01
      vertex   -3.867000e+00 2.086600e+01 2.650000e+01
      vertex   -9.333000e+00 2.096600e+01 2.625900e+01
    endloop
  endfacet
  facet normal 0.000000e+00 4.605410e-01 8.876384e-01
    outer loop
      vertex   -3.867000e+00 2.060400e+01 2.678700e+01
      vertex   -3.867000e+00 2.025900e+01 2.696600e+01
      vertex   1.600000e+00 2.025900e+01 2.696600e+01
    endloop
  endfacet
  facet normal -9.914951e-01 0.000000e+00 1.301442e-01
    outer loop
      vertex   -6.500000e+01 2.000000e+01 2.600000e+01
      vertex   -6.500000e+01 -2.100000e+01 2.600000e+01
      vertex   -6.496600e+01 -5.000000e-01 2.625900e+01
    endloop
  endfacet
  facet normal -8.657135e-01 -6.642435e-03 5.004958e-01
    outer loop
      vertex   -6.486600e+01 2.000000e+01 2.650000e+01
      vertex   -6.496600e+01 1.487500e+01 2.625900e+01
      vertex   -6.470700e+01 1.487500e+01 2.670700e+01
    endloop
  endfacet
  facet normal -8.433449e-01 0.000000e+00 5.373726e-01
    outer loop
      vertex   -6.470700e+01 9.750000e+00 2.670700e+01
      vertex   -6.470700e+01 1.487500e+01 2.670700e+01
      vertex   -6.491600e+01 9.750000e+00 2.637900e+01
    endloop
  endfacet
  facet normal -8.657279e-01 3.272377e-03 5.005042e-01
    outer loop
      vertex   -6.491600e+01 9.750000e+00 2.637900e+01
      vertex   -6.470700e+01 1.487500e+01 2.670700e+01
      vertex   -6.496600e+01 1.487500e+01 2.625900e+01
    endloop
  endfacet
  facet normal 2.308074e-05 -3.828046e-01 9.238293e-01
    outer loop
      vertex   -2.850000e+01 1.742100e+01 2.691600e+01
      vertex   -3.950000e+01 1.754100e+01 2.696600e+01
      vertex   -3.400000e+01 1.730000e+01 2.686600e+01
    endloop
  endfacet
  facet normal 3.325650e-01 -7.788101e-03 -9.430482e-01
    outer loop
      vertex   1.860400e+01 -2.100000e+01 2.130000e-01
      vertex   1.800000e+01 -2.100000e+01 0.000000e+00
      vertex   1.850000e+01 -1.587500e+01 1.340000e-01
    endloop
  endfacet
  facet normal 6.742057e-01 2.297131e-03 -7.385400e-01
    outer loop
      vertex   1.860400e+01 -2.100000e+01 2.130000e-01
      vertex   1.850000e+01 -1.587500e+01 1.340000e-01
      vertex   1.878700e+01 -1.587500e+01 3.960000e-01
    endloop
  endfacet
  facet normal -6.171039e-03 -7.070933e-01 7.070933e-01
    outer loop
      vertex   -3.400000e+01 1.730000e+01 2.686600e+01
      vertex   -3.400000e+01 1.693400e+01 2.650000e+01
      vertex   -2.850000e+01 1.709300e+01 2.670700e+01
    endloop
  endfacet
  facet normal 8.875047e-01 -1.738271e-02 -4.604707e-01
    outer loop
      vertex   1.900000e+01 -2.100000e+01 1.000000e+00
      vertex   1.878700e+01 -1.587500e+01 3.960000e-01
      vertex   1.896600e+01 -1.587500e+01 7.410000e-01
    endloop
  endfacet
  facet normal 7.385404e-01 -2.297313e-03 -6.742053e-01
    outer loop
      vertex   1.886600e+01 -2.100000e+01 5.000000e-01
      vertex   1.860400e+01 -2.100000e+01 2.130000e-01
      vertex   1.878700e+01 -1.587500e+01 3.960000e-01
    endloop
  endfacet
  facet normal 9.658683e-01 9.635390e-03 -2.588542e-01
    outer loop
      vertex   1.900000e+01 -2.100000e+01 1.000000e+00
      vertex   1.886600e+01 -2.100000e+01 5.000000e-01
      vertex   1.878700e+01 -1.587500e+01 3.960000e-01
    endloop
  endfacet
  facet normal 9.989693e-01 4.343970e-03 -4.518342e-02
    outer loop
      vertex   1.891600e+01 -5.625000e+00 6.210000e-01
      vertex   1.900000e+01 -2.100000e+01 1.000000e+00
      vertex   1.896600e+01 -1.587500e+01 7.410000e-01
    endloop
  endfacet
  facet normal 4.047788e-03 -4.518383e-02 9.989705e-01
    outer loop
      vertex   -4.500000e+01 1.780000e+01 2.700000e+01
      vertex   -3.950000e+01 1.754100e+01 2.696600e+01
      vertex   -2.850000e+01 1.742100e+01 2.691600e+01
    endloop
  endfacet
  facet normal 9.533470e-01 -2.232669e-03 -3.018683e-01
    outer loop
      vertex   1.900000e+01 -2.100000e+01 1.000000e+00
      vertex   1.891600e+01 -5.625000e+00 6.210000e-01
      vertex   1.896600e+01 -5.000000e-01 7.410000e-01
    endloop
  endfacet
  facet normal 7.071033e-01 3.449319e-03 -7.071019e-01
    outer loop
      vertex   1.913400e+01 -2.100000e+01 2.500000e+00
      vertex   1.939600e+01 -1.587500e+01 2.787000e+00
      vertex   1.950000e+01 -2.100000e+01 2.866000e+00
    endloop
  endfacet
  facet normal 7.385422e-01 0.000000e+00 -6.742072e-01
    outer loop
      vertex   1.939600e+01 -1.587500e+01 2.787000e+00
      vertex   1.913400e+01 -2.100000e+01 2.500000e+00
      vertex   1.913400e+01 -1.075000e+01 2.500000e+00
    endloop
  endfacet
  facet normal 9.659132e-01 0.000000e+00 -2.588662e-01
    outer loop
      vertex   1.913400e+01 -2.100000e+01 2.500000e+00
      vertex   1.900000e+01 -2.100000e+01 2.000000e+00
      vertex   1.913400e+01 -1.075000e+01 2.500000e+00
    endloop
  endfacet
  facet normal 9.536957e-01 2.203568e-03 -3.007651e-01
    outer loop
      vertex   1.913400e+01 -1.075000e+01 2.500000e+00
      vertex   1.900000e+01 -2.100000e+01 2.000000e+00
      vertex   1.908400e+01 -5.625000e+00 2.379000e+00
    endloop
  endfacet
  facet normal 1.183403e-02 2.366386e-01 -9.715257e-01
    outer loop
      vertex   -3.276800e+01 2.091996e+01 2.636087e+01
      vertex   -2.026700e+01 2.086600e+01 2.650000e+01
      vertex   -3.586020e+01 2.092778e+01 2.632511e+01
    endloop
  endfacet
  facet normal 1.289771e-01 9.824939e-01 1.344272e-01
    outer loop
      vertex   2.163000e+01 -2.100000e+01 4.355000e+00
      vertex   2.200000e+01 -2.100000e+01 4.000000e+00
      vertex   2.174100e+01 -2.096600e+01 4.000000e+00
    endloop
  endfacet
  facet normal 1.291935e-01 9.841421e-01 -1.215456e-01
    outer loop
      vertex   2.174100e+01 -2.096600e+01 4.000000e+00
      vertex   2.200000e+01 -2.100000e+01 4.000000e+00
      vertex   2.155500e+01 -2.100000e+01 3.527000e+00
    endloop
  endfacet
  facet normal -1.176183e-06 8.657451e-01 5.004852e-01
    outer loop
      vertex   -4.486700e+01 2.070700e+01 2.670700e+01
      vertex   -3.590359e+01 2.092805e+01 2.632465e+01
      vertex   -3.666700e+01 2.096600e+01 2.625900e+01
    endloop
  endfacet
  facet normal 7.314052e-05 8.661227e-01 4.998314e-01
    outer loop
      vertex   -3.586020e+01 2.092778e+01 2.632511e+01
      vertex   -3.590359e+01 2.092805e+01 2.632465e+01
      vertex   -3.120000e+01 2.070700e+01 2.670700e+01
    endloop
  endfacet
  facet normal 4.485922e-01 8.725127e-01 1.936147e-01
    outer loop
      vertex   2.129300e+01 -2.072000e+01 3.874000e+00
      vertex   2.132400e+01 -2.084800e+01 4.379000e+00
      vertex   2.163000e+01 -2.100000e+01 4.355000e+00
    endloop
  endfacet
  facet normal -0.000000e+00 8.657331e-01 5.005059e-01
    outer loop
      vertex   -4.486700e+01 2.070700e+01 2.670700e+01
      vertex   -3.120000e+01 2.070700e+01 2.670700e+01
      vertex   -3.590359e+01 2.092805e+01 2.632465e+01
    endloop
  endfacet
  facet normal 8.067865e-01 5.826334e-01 9.815192e-02
    outer loop
      vertex   2.129300e+01 -2.072000e+01 3.874000e+00
      vertex   2.119200e+01 -2.064500e+01 4.259000e+00
      vertex   2.132400e+01 -2.084800e+01 4.379000e+00
    endloop
  endfacet
  facet normal 7.655060e-01 6.191195e-01 1.751904e-01
    outer loop
      vertex   2.113400e+01 -2.050000e+01 4.000000e+00
      vertex   2.102300e+01 -2.047000e+01 4.379000e+00
      vertex   2.119200e+01 -2.064500e+01 4.259000e+00
    endloop
  endfacet
  facet normal -7.304396e-05 -8.661188e-01 -4.998382e-01
    outer loop
      vertex   -3.590359e+01 2.092805e+01 2.632465e+01
      vertex   -3.666700e+01 2.096600e+01 2.625900e+01
      vertex   -3.586020e+01 2.092778e+01 2.632511e+01
    endloop
  endfacet
  facet normal -4.018953e-03 8.447854e-01 5.350901e-01
    outer loop
      vertex   -3.590359e+01 2.092805e+01 2.632465e+01
      vertex   -3.120000e+01 2.091600e+01 2.637900e+01
      vertex   -3.666700e+01 2.096600e+01 2.625900e+01
    endloop
  endfacet
  facet normal 8.350967e-01 5.381077e-01 1.142525e-01
    outer loop
      vertex   2.129300e+01 -2.072000e+01 3.874000e+00
      vertex   2.113400e+01 -2.050000e+01 4.000000e+00
      vertex   2.119200e+01 -2.064500e+01 4.259000e+00
    endloop
  endfacet
  facet normal -4.081733e-03 8.433414e-01 5.373627e-01
    outer loop
      vertex   -3.120000e+01 2.070700e+01 2.670700e+01
      vertex   -3.276800e+01 2.091996e+01 2.636087e+01
      vertex   -3.586020e+01 2.092778e+01 2.632511e+01
    endloop
  endfacet
  facet normal 7.516968e-01 6.382962e-01 -1.659213e-01
    outer loop
      vertex   2.113400e+01 -2.068300e+01 3.296000e+00
      vertex   2.113400e+01 -2.050000e+01 4.000000e+00
      vertex   2.129300e+01 -2.072000e+01 3.874000e+00
    endloop
  endfacet
  facet normal -1.183095e-02 -1.918169e-01 9.813594e-01
    outer loop
      vertex   -3.120000e+01 2.091600e+01 2.637900e+01
      vertex   -3.590359e+01 2.092805e+01 2.632465e+01
      vertex   -3.276800e+01 2.091996e+01 2.636087e+01
    endloop
  endfacet
  facet normal -1.182611e-02 -2.559516e-01 9.666172e-01
    outer loop
      vertex   -3.586020e+01 2.092778e+01 2.632511e+01
      vertex   -3.276800e+01 2.091996e+01 2.636087e+01
      vertex   -3.590359e+01 2.092805e+01 2.632465e+01
    endloop
  endfacet
  facet normal 4.081871e-03 -8.433347e-01 -5.373732e-01
    outer loop
      vertex   -3.586020e+01 2.092778e+01 2.632511e+01
      vertex   -3.666700e+01 2.096600e+01 2.625900e+01
      vertex   -3.276800e+01 2.091996e+01 2.636087e+01
    endloop
  endfacet
  facet normal 4.084526e-03 -8.432844e-01 -5.374521e-01
    outer loop
      vertex   -3.120000e+01 2.091600e+01 2.637900e+01
      vertex   -3.276800e+01 2.091996e+01 2.636087e+01
      vertex   -3.666700e+01 2.096600e+01 2.625900e+01
    endloop
  endfacet
  facet normal 8.878476e-01 4.453377e-01 -1.157628e-01
    outer loop
      vertex   2.113400e+01 -2.068300e+01 3.296000e+00
      vertex   2.103400e+01 -2.055200e+01 3.033000e+00
      vertex   2.113400e+01 -2.050000e+01 4.000000e+00
    endloop
  endfacet
  facet normal 8.155703e-01 5.468018e-01 -1.893485e-01
    outer loop
      vertex   2.113400e+01 -2.068300e+01 3.296000e+00
      vertex   2.129300e+01 -2.072000e+01 3.874000e+00
      vertex   2.129300e+01 -2.092500e+01 3.282000e+00
    endloop
  endfacet
  facet normal 4.224518e-01 8.801760e-01 2.163902e-01
    outer loop
      vertex   2.129300e+01 -2.072000e+01 3.874000e+00
      vertex   2.163000e+01 -2.100000e+01 4.355000e+00
      vertex   2.174100e+01 -2.096600e+01 4.000000e+00
    endloop
  endfacet
  facet normal 5.213245e-01 8.063796e-01 -2.792361e-01
    outer loop
      vertex   2.129300e+01 -2.072000e+01 3.874000e+00
      vertex   2.174100e+01 -2.096600e+01 4.000000e+00
      vertex   2.129300e+01 -2.092500e+01 3.282000e+00
    endloop
  endfacet
  facet normal 4.728835e-01 8.458680e-01 -2.467561e-01
    outer loop
      vertex   2.174100e+01 -2.096600e+01 4.000000e+00
      vertex   2.155500e+01 -2.100000e+01 3.527000e+00
      vertex   2.129300e+01 -2.092500e+01 3.282000e+00
    endloop
  endfacet
  facet normal -7.930500e-01 6.091565e-01 0.000000e+00
    outer loop
      vertex   -9.086000e+00 -2.041400e+01 2.000000e+00
      vertex   -9.086000e+00 -2.041400e+01 5.000000e+00
      vertex   -8.768000e+00 -2.000000e+01 2.000000e+00
    endloop
  endfacet
  facet normal -7.930500e-01 6.091565e-01 0.000000e+00
    outer loop
      vertex   -8.768000e+00 -2.000000e+01 2.000000e+00
      vertex   -9.086000e+00 -2.041400e+01 5.000000e+00
      vertex   -8.768000e+00 -2.000000e+01 5.000000e+00
    endloop
  endfacet
  facet normal 5.778636e-01 7.112604e-01 -4.002279e-01
    outer loop
      vertex   2.129300e+01 -2.092500e+01 3.282000e+00
      vertex   2.155500e+01 -2.100000e+01 3.527000e+00
      vertex   2.119000e+01 -2.100000e+01 3.000000e+00
    endloop
  endfacet
  facet normal -6.091565e-01 7.930500e-01 0.000000e+00
    outer loop
      vertex   -9.086000e+00 -2.041400e+01 5.000000e+00
      vertex   -9.086000e+00 -2.041400e+01 2.000000e+00
      vertex   -9.500000e+00 -2.073200e+01 5.000000e+00
    endloop
  endfacet
  facet normal -6.091565e-01 7.930500e-01 0.000000e+00
    outer loop
      vertex   -9.500000e+00 -2.073200e+01 5.000000e+00
      vertex   -9.086000e+00 -2.041400e+01 2.000000e+00
      vertex   -9.500000e+00 -2.073200e+01 2.000000e+00
    endloop
  endfacet
  facet normal -3.832522e-01 9.236437e-01 0.000000e+00
    outer loop
      vertex   -9.982000e+00 -2.093200e+01 2.000000e+00
      vertex   -9.982000e+00 -2.093200e+01 5.000000e+00
      vertex   -9.500000e+00 -2.073200e+01 2.000000e+00
    endloop
  endfacet
  facet normal -3.832522e-01 9.236437e-01 0.000000e+00
    outer loop
      vertex   -9.500000e+00 -2.073200e+01 2.000000e+00
      vertex   -9.982000e+00 -2.093200e+01 5.000000e+00
      vertex   -9.500000e+00 -2.073200e+01 5.000000e+00
    endloop
  endfacet
  facet normal -1.301590e-01 9.914931e-01 0.000000e+00
    outer loop
      vertex   -9.982000e+00 -2.093200e+01 5.000000e+00
      vertex   -9.982000e+00 -2.093200e+01 2.000000e+00
      vertex   -1.050000e+01 -2.100000e+01 5.000000e+00
    endloop
  endfacet
  facet normal -1.301590e-01 9.914931e-01 0.000000e+00
    outer loop
      vertex   -1.050000e+01 -2.100000e+01 5.000000e+00
      vertex   -9.982000e+00 -2.093200e+01 2.000000e+00
      vertex   -1.050000e+01 -2.100000e+01 2.000000e+00
    endloop
  endfacet
  facet normal -9.347283e-01 3.553633e-01 0.000000e+00
    outer loop
      vertex   -8.156000e+00 -1.760600e+01 5.000000e+00
      vertex   -8.156000e+00 -1.760600e+01 2.000000e+00
      vertex   -8.413000e+00 -1.828200e+01 5.000000e+00
    endloop
  endfacet
  facet normal -9.347283e-01 3.553633e-01 0.000000e+00
    outer loop
      vertex   -8.413000e+00 -1.828200e+01 5.000000e+00
      vertex   -8.156000e+00 -1.760600e+01 2.000000e+00
      vertex   -8.413000e+00 -1.828200e+01 2.000000e+00
    endloop
  endfacet
  facet normal -9.922284e-01 1.244297e-01 0.000000e+00
    outer loop
      vertex   -8.568000e+00 -1.951800e+01 2.000000e+00
      vertex   -8.568000e+00 -1.951800e+01 5.000000e+00
      vertex   -8.413000e+00 -1.828200e+01 2.000000e+00
    endloop
  endfacet
  facet normal -9.922284e-01 1.244297e-01 0.000000e+00
    outer loop
      vertex   -8.413000e+00 -1.828200e+01 2.000000e+00
      vertex   -8.568000e+00 -1.951800e+01 5.000000e+00
      vertex   -8.413000e+00 -1.828200e+01 5.000000e+00
    endloop
  endfacet
  facet normal 7.505562e-01 5.169450e-01 -4.116226e-01
    outer loop
      vertex   2.119000e+01 -2.100000e+01 3.000000e+00
      vertex   2.113400e+01 -2.068300e+01 3.296000e+00
      vertex   2.129300e+01 -2.092500e+01 3.282000e+00
    endloop
  endfacet
  facet normal -9.236431e-01 3.832538e-01 0.000000e+00
    outer loop
      vertex   -8.568000e+00 -1.951800e+01 5.000000e+00
      vertex   -8.568000e+00 -1.951800e+01 2.000000e+00
      vertex   -8.768000e+00 -2.000000e+01 5.000000e+00
    endloop
  endfacet
  facet normal -9.236431e-01 3.832538e-01 0.000000e+00
    outer loop
      vertex   -8.768000e+00 -2.000000e+01 5.000000e+00
      vertex   -8.568000e+00 -1.951800e+01 2.000000e+00
      vertex   -8.768000e+00 -2.000000e+01 2.000000e+00
    endloop
  endfacet
  facet normal 6.091536e-01 -1.367623e-04 -7.930522e-01
    outer loop
      vertex   1.929300e+01 -1.075000e+01 2.707000e+00
      vertex   1.950000e+01 -1.075000e+01 2.866000e+00
      vertex   1.939600e+01 -1.587500e+01 2.787000e+00
    endloop
  endfacet
  facet normal 7.930375e-01 6.429718e-03 -6.091389e-01
    outer loop
      vertex   1.929300e+01 -1.075000e+01 2.707000e+00
      vertex   1.939600e+01 -1.587500e+01 2.787000e+00
      vertex   1.913400e+01 -1.075000e+01 2.500000e+00
    endloop
  endfacet
  facet normal 7.930364e-01 -6.644489e-03 -6.091380e-01
    outer loop
      vertex   1.929300e+01 -1.075000e+01 2.707000e+00
      vertex   1.913400e+01 -1.075000e+01 2.500000e+00
      vertex   1.908400e+01 -5.625000e+00 2.379000e+00
    endloop
  endfacet
  facet normal 4.766308e-01 1.270509e-03 8.791027e-01
    outer loop
      vertex   2.070700e+01 7.857000e+00 4.707000e+00
      vertex   2.025900e+01 -3.286000e+00 4.966000e+00
      vertex   2.060400e+01 -8.857000e+00 4.787000e+00
    endloop
  endfacet
  facet normal 0.000000e+00 -9.236423e-01 -3.832556e-01
    outer loop
      vertex   4.750000e+01 1.903400e+01 3.741000e+00
      vertex   4.750000e+01 1.913400e+01 3.500000e+00
      vertex   5.300000e+01 1.913400e+01 3.500000e+00
    endloop
  endfacet
  facet normal -6.191474e-03 -7.930387e-01 -6.091398e-01
    outer loop
      vertex   4.750000e+01 1.913400e+01 3.500000e+00
      vertex   4.200000e+01 1.908400e+01 3.621000e+00
      vertex   4.750000e+01 1.929300e+01 3.293000e+00
    endloop
  endfacet
  facet normal -6.040499e-03 -7.943431e-01 -6.074394e-01
    outer loop
      vertex   4.200000e+01 1.908400e+01 3.621000e+00
      vertex   4.200000e+01 1.939600e+01 3.213000e+00
      vertex   4.750000e+01 1.929300e+01 3.293000e+00
    endloop
  endfacet
  facet normal 5.991344e-03 -7.930396e-01 -6.091406e-01
    outer loop
      vertex   4.750000e+01 1.929300e+01 3.293000e+00
      vertex   5.300000e+01 1.939600e+01 3.213000e+00
      vertex   4.750000e+01 1.913400e+01 3.500000e+00
    endloop
  endfacet
  facet normal 0.000000e+00 -7.385422e-01 -6.742072e-01
    outer loop
      vertex   5.300000e+01 1.939600e+01 3.213000e+00
      vertex   5.300000e+01 1.913400e+01 3.500000e+00
      vertex   4.750000e+01 1.913400e+01 3.500000e+00
    endloop
  endfacet
  facet normal 9.147282e-01 3.500525e-01 -2.018307e-01
    outer loop
      vertex   2.119000e+01 -2.100000e+01 3.000000e+00
      vertex   2.105300e+01 -2.064200e+01 3.000000e+00
      vertex   2.113400e+01 -2.068300e+01 3.296000e+00
    endloop
  endfacet
  facet normal -3.117800e-03 8.662129e-01 -4.996654e-01
    outer loop
      vertex   4.750000e+01 2.091600e+01 3.621000e+00
      vertex   5.300000e+01 2.086600e+01 3.500000e+00
      vertex   4.200000e+01 2.070700e+01 3.293000e+00
    endloop
  endfacet
  facet normal 9.357868e-01 2.773550e-01 -2.176631e-01
    outer loop
      vertex   2.105300e+01 -2.064200e+01 3.000000e+00
      vertex   2.103400e+01 -2.055200e+01 3.033000e+00
      vertex   2.113400e+01 -2.068300e+01 3.296000e+00
    endloop
  endfacet
  facet normal 9.731713e-01 1.379078e-01 1.841714e-01
    outer loop
      vertex   2.100000e+01 -2.026800e+01 3.000000e+00
      vertex   2.103400e+01 -2.055200e+01 3.033000e+00
      vertex   2.105300e+01 -2.064200e+01 3.000000e+00
    endloop
  endfacet
  facet normal 9.925058e-01 1.135866e-01 -4.505902e-02
    outer loop
      vertex   2.100000e+01 -2.026800e+01 3.000000e+00
      vertex   2.100000e+01 -2.007600e+01 3.484000e+00
      vertex   2.103400e+01 -2.055200e+01 3.033000e+00
    endloop
  endfacet
  facet normal 0.000000e+00 0.000000e+00 -1.000000e+00
    outer loop
      vertex   2.119000e+01 -2.100000e+01 3.000000e+00
      vertex   2.000000e+01 -2.100000e+01 3.000000e+00
      vertex   2.105300e+01 -2.064200e+01 3.000000e+00
    endloop
  endfacet
  facet normal -0.000000e+00 0.000000e+00 -1.000000e+00
    outer loop
      vertex   2.105300e+01 -2.064200e+01 3.000000e+00
      vertex   2.000000e+01 -2.100000e+01 3.000000e+00
      vertex   2.100000e+01 -2.026800e+01 3.000000e+00
    endloop
  endfacet
  facet normal -0.000000e+00 0.000000e+00 -1.000000e+00
    outer loop
      vertex   2.100000e+01 -2.026800e+01 3.000000e+00
      vertex   2.000000e+01 -2.100000e+01 3.000000e+00
      vertex   2.000000e+01 2.000000e+01 3.000000e+00
    endloop
  endfacet
  facet normal 0.000000e+00 0.000000e+00 -1.000000e+00
    outer loop
      vertex   2.100000e+01 -2.026800e+01 3.000000e+00
      vertex   2.000000e+01 2.000000e+01 3.000000e+00
      vertex   2.100000e+01 2.000000e+01 3.000000e+00
    endloop
  endfacet
  facet normal 0.000000e+00 0.000000e+00 -1.000000e+00
    outer loop
      vertex   5.025000e+01 1.974100e+01 3.034000e+00
      vertex   4.200000e+01 1.974100e+01 3.034000e+00
      vertex   5.300000e+01 2.025900e+01 3.034000e+00
    endloop
  endfacet
  facet normal 0.000000e+00 0.000000e+00 -1.000000e+00
    outer loop
      vertex   5.300000e+01 2.025900e+01 3.034000e+00
      vertex   4.200000e+01 1.974100e+01 3.034000e+00
      vertex   3.650000e+01 1.974100e+01 3.034000e+00
    endloop
  endfacet
  facet normal -0.000000e+00 0.000000e+00 -1.000000e+00
    outer loop
      vertex   5.300000e+01 2.025900e+01 3.034000e+00
      vertex   3.650000e+01 1.974100e+01 3.034000e+00
      vertex   2.550000e+01 2.025900e+01 3.034000e+00
    endloop
  endfacet
  facet normal 0.000000e+00 0.000000e+00 -1.000000e+00
    outer loop
      vertex   2.550000e+01 2.025900e+01 3.034000e+00
      vertex   3.650000e+01 1.974100e+01 3.034000e+00
      vertex   2.550000e+01 1.974100e+01 3.034000e+00
    endloop
  endfacet
  facet normal 9.985124e-01 5.058214e-02 2.035760e-02
    outer loop
      vertex   2.098300e+01 -2.000000e+01 4.129000e+00
      vertex   2.099200e+01 -2.023000e+01 4.259000e+00
      vertex   2.100000e+01 -2.007600e+01 3.484000e+00
    endloop
  endfacet
  facet normal 9.348615e-01 2.478440e-01 2.541798e-01
    outer loop
      vertex   2.099200e+01 -2.023000e+01 4.259000e+00
      vertex   2.102300e+01 -2.047000e+01 4.379000e+00
      vertex   2.113400e+01 -2.050000e+01 4.000000e+00
    endloop
  endfacet
  facet normal 8.293893e-01 5.466717e-01 -1.151667e-01
    outer loop
      vertex   2.099200e+01 -2.023000e+01 4.259000e+00
      vertex   2.113400e+01 -2.050000e+01 4.000000e+00
      vertex   2.103400e+01 -2.055200e+01 3.033000e+00
    endloop
  endfacet
  facet normal 9.984450e-01 5.180111e-02 2.059912e-02
    outer loop
      vertex   2.100000e+01 -2.007600e+01 3.484000e+00
      vertex   2.099200e+01 -2.023000e+01 4.259000e+00
      vertex   2.103400e+01 -2.055200e+01 3.033000e+00
    endloop
  endfacet
  facet normal 2.475228e-02 6.215826e-01 7.829575e-01
    outer loop
      vertex   3.844400e+01 2.086600e+01 1.800000e+01
      vertex   3.588900e+01 2.070700e+01 1.820700e+01
      vertex   4.355600e+01 2.096600e+01 1.775900e+01
    endloop
  endfacet
  facet normal -5.356631e-03 8.238928e-01 5.667203e-01
    outer loop
      vertex   3.588900e+01 2.070700e+01 1.820700e+01
      vertex   3.844400e+01 2.086600e+01 1.800000e+01
      vertex   3.333300e+01 2.091600e+01 1.787900e+01
    endloop
  endfacet
  facet normal -3.281825e-03 8.657311e-01 5.004987e-01
    outer loop
      vertex   3.333300e+01 2.091600e+01 1.787900e+01
      vertex   2.822200e+01 2.096600e+01 1.775900e+01
      vertex   2.822200e+01 2.070700e+01 1.820700e+01
    endloop
  endfacet
  facet normal 5.005034e-01 0.000000e+00 8.657346e-01
    outer loop
      vertex   2.070700e+01 -1.442900e+01 4.707000e+00
      vertex   2.025900e+01 -1.442900e+01 4.966000e+00
      vertex   2.025900e+01 -2.000000e+01 4.966000e+00
    endloop
  endfacet
  facet normal 3.832269e-01 1.212000e-02 9.235747e-01
    outer loop
      vertex   2.025900e+01 -2.000000e+01 4.966000e+00
      vertex   2.050000e+01 -2.000000e+01 4.866000e+00
      vertex   2.070700e+01 -1.442900e+01 4.707000e+00
    endloop
  endfacet
  facet normal 1.466955e-01 1.118501e-04 9.891817e-01
    outer loop
      vertex   2.025900e+01 -2.000000e+01 4.966000e+00
      vertex   2.000000e+01 1.900000e+01 5.000000e+00
      vertex   2.003000e+01 -2.034700e+01 5.000000e+00
    endloop
  endfacet
  facet normal -1.192930e-03 8.597780e-01 5.106666e-01
    outer loop
      vertex   4.355600e+01 2.096600e+01 1.775900e+01
      vertex   4.866700e+01 2.070700e+01 1.820700e+01
      vertex   5.888900e+01 2.091600e+01 1.787900e+01
    endloop
  endfacet
  facet normal 4.441549e-03 6.091442e-01 7.930471e-01
    outer loop
      vertex   3.588900e+01 2.037900e+01 1.841600e+01
      vertex   2.822200e+01 2.070700e+01 1.820700e+01
      vertex   2.822200e+01 2.050000e+01 1.836600e+01
    endloop
  endfacet
  facet normal -2.306292e-03 4.605398e-01 8.876361e-01
    outer loop
      vertex   5.888900e+01 2.060400e+01 1.828700e+01
      vertex   4.866700e+01 2.070700e+01 1.820700e+01
      vertex   5.888900e+01 2.025900e+01 1.846600e+01
    endloop
  endfacet
  facet normal -0.000000e+00 5.373726e-01 8.433449e-01
    outer loop
      vertex   2.822200e+01 2.070700e+01 1.820700e+01
      vertex   3.588900e+01 2.037900e+01 1.841600e+01
      vertex   3.588900e+01 2.070700e+01 1.820700e+01
    endloop
  endfacet
  facet normal -0.000000e+00 5.373726e-01 8.433449e-01
    outer loop
      vertex   3.588900e+01 2.070700e+01 1.820700e+01
      vertex   3.588900e+01 2.037900e+01 1.841600e+01
      vertex   4.866700e+01 2.070700e+01 1.820700e+01
    endloop
  endfacet
  facet normal -0.000000e+00 8.657358e-01 5.005014e-01
    outer loop
      vertex   3.588900e+01 2.070700e+01 1.820700e+01
      vertex   4.866700e+01 2.070700e+01 1.820700e+01
      vertex   4.355600e+01 2.096600e+01 1.775900e+01
    endloop
  endfacet
  facet normal -3.132106e-01 9.493493e-01 -2.520014e-02
    outer loop
      vertex   6.437900e+01 2.091600e+01 9.625000e+00
      vertex   6.400000e+01 2.100000e+01 1.750000e+01
      vertex   6.425900e+01 2.096600e+01 1.300000e+01
    endloop
  endfacet
  facet normal 0.000000e+00 8.433449e-01 5.373726e-01
    outer loop
      vertex   3.333300e+01 2.091600e+01 1.787900e+01
      vertex   2.822200e+01 2.070700e+01 1.820700e+01
      vertex   3.588900e+01 2.070700e+01 1.820700e+01
    endloop
  endfacet
  facet normal 2.163852e-01 9.763081e-01 -0.000000e+00
    outer loop
      vertex   6.400000e+01 2.100000e+01 4.000000e+00
      vertex   6.400000e+01 2.100000e+01 1.750000e+01
      vertex   6.437900e+01 2.091600e+01 9.625000e+00
    endloop
  endfacet
  facet normal 8.199702e-04 5.144581e-01 8.575151e-01
    outer loop
      vertex   5.888900e+01 2.025900e+01 1.846600e+01
      vertex   4.866700e+01 2.070700e+01 1.820700e+01
      vertex   3.588900e+01 2.037900e+01 1.841600e+01
    endloop
  endfacet
  facet normal -5.344982e-09 -0.000000e+00 -1.000000e+00
    outer loop
      vertex   1.700000e+01 1.900000e+01 1.650000e+01
      vertex   6.300000e+01 1.900000e+01 1.650000e+01
      vertex   1.700000e+01 -2.100000e+01 1.650000e+01
    endloop
  endfacet
  facet normal -5.344982e-09 0.000000e+00 -1.000000e+00
    outer loop
      vertex   1.700000e+01 -2.100000e+01 1.650000e+01
      vertex   6.300000e+01 1.900000e+01 1.650000e+01
      vertex   6.300000e+01 -2.100000e+01 1.650000e+01
    endloop
  endfacet
  facet normal 3.838039e-01 9.234146e-01 -3.420089e-05
    outer loop
      vertex   6.425900e+01 2.096600e+01 1.300000e+01
      vertex   6.450000e+01 2.086600e+01 1.750000e+01
      vertex   6.437900e+01 2.091600e+01 9.625000e+00
    endloop
  endfacet
  facet normal 5.479371e-01 8.365082e-01 4.351150e-03
    outer loop
      vertex   6.470700e+01 2.070700e+01 8.500000e+00
      vertex   6.450000e+01 2.086600e+01 4.000000e+00
      vertex   6.437900e+01 2.091600e+01 9.625000e+00
    endloop
  endfacet
  facet normal 5.373704e-01 8.433463e-01 0.000000e+00
    outer loop
      vertex   6.470700e+01 2.070700e+01 1.300000e+01
      vertex   6.470700e+01 2.070700e+01 8.500000e+00
      vertex   6.437900e+01 2.091600e+01 9.625000e+00
    endloop
  endfacet
  facet normal 0.000000e+00 0.000000e+00 -1.000000e+00
    outer loop
      vertex   6.374100e+01 9.750000e+00 3.034000e+00
      vertex   6.425900e+01 4.625000e+00 3.034000e+00
      vertex   6.374100e+01 -5.000000e-01 3.034000e+00
    endloop
  endfacet
  facet normal 0.000000e+00 0.000000e+00 -1.000000e+00
    outer loop
      vertex   6.374100e+01 -5.000000e-01 3.034000e+00
      vertex   6.425900e+01 4.625000e+00 3.034000e+00
      vertex   6.425900e+01 -1.075000e+01 3.034000e+00
    endloop
  endfacet
  facet normal 0.000000e+00 0.000000e+00 -1.000000e+00
    outer loop
      vertex   6.374100e+01 -5.000000e-01 3.034000e+00
      vertex   6.425900e+01 -1.075000e+01 3.034000e+00
      vertex   6.374100e+01 -1.075000e+01 3.034000e+00
    endloop
  endfacet
  facet normal 0.000000e+00 0.000000e+00 -1.000000e+00
    outer loop
      vertex   6.374100e+01 -1.075000e+01 3.034000e+00
      vertex   6.425900e+01 -1.075000e+01 3.034000e+00
      vertex   6.374100e+01 -2.100000e+01 3.034000e+00
    endloop
  endfacet
  facet normal -4.377228e-02 -4.424217e-03 -9.990317e-01
    outer loop
      vertex   6.374100e+01 9.750000e+00 3.034000e+00
      vertex   6.412900e+01 9.750000e+00 3.017000e+00
      vertex   6.425900e+01 4.625000e+00 3.034000e+00
    endloop
  endfacet
  facet normal 9.235879e-01 3.832561e-01 -1.000193e-02
    outer loop
      vertex   6.496600e+01 2.025900e+01 1.075000e+01
      vertex   6.470700e+01 2.070700e+01 4.000000e+00
      vertex   6.486600e+01 2.050000e+01 1.075000e+01
    endloop
  endfacet
  facet normal 2.354900e-01 -2.523565e-02 9.715491e-01
    outer loop
      vertex   6.500000e+01 2.000000e+01 4.000000e+00
      vertex   6.486600e+01 -5.000000e-01 3.500000e+00
      vertex   6.491600e+01 4.625000e+00 3.621000e+00
    endloop
  endfacet
  facet normal 7.943367e-01 -6.591463e-03 -6.074419e-01
    outer loop
      vertex   6.486600e+01 9.750000e+00 3.500000e+00
      vertex   6.491600e+01 4.625000e+00 3.621000e+00
      vertex   6.460400e+01 4.625000e+00 3.213000e+00
    endloop
  endfacet
  facet normal 2.409752e-01 1.913160e-03 9.705294e-01
    outer loop
      vertex   6.400000e+01 2.000000e+01 1.850000e+01
      vertex   6.425900e+01 4.625000e+00 1.846600e+01
      vertex   6.437900e+01 1.487500e+01 1.841600e+01
    endloop
  endfacet
  facet normal 7.071051e-01 3.448858e-03 -7.071000e-01
    outer loop
      vertex   6.486600e+01 9.750000e+00 3.500000e+00
      vertex   6.460400e+01 4.625000e+00 3.213000e+00
      vertex   6.450000e+01 9.750000e+00 3.134000e+00
    endloop
  endfacet
  facet normal -5.756235e-01 -2.491285e-02 8.173353e-01
    outer loop
      vertex   6.300000e+01 1.900000e+01 4.000000e+00
      vertex   6.308400e+01 4.625000e+00 3.621000e+00
      vertex   6.313400e+01 -5.000000e-01 3.500000e+00
    endloop
  endfacet
  facet normal 2.588648e-01 3.311861e-03 9.659079e-01
    outer loop
      vertex   6.437900e+01 1.487500e+01 1.841600e+01
      vertex   6.450000e+01 2.000000e+01 1.836600e+01
      vertex   6.400000e+01 2.000000e+01 1.850000e+01
    endloop
  endfacet
  facet normal 6.741783e-01 -8.712262e-03 7.385173e-01
    outer loop
      vertex   6.450000e+01 2.000000e+01 1.836600e+01
      vertex   6.437900e+01 1.487500e+01 1.841600e+01
      vertex   6.478700e+01 2.000000e+01 1.810400e+01
    endloop
  endfacet
  facet normal -3.832532e-01 0.000000e+00 -9.236433e-01
    outer loop
      vertex   6.374100e+01 -5.000000e-01 3.034000e+00
      vertex   6.350000e+01 -5.000000e-01 3.134000e+00
      vertex   6.374100e+01 9.750000e+00 3.034000e+00
    endloop
  endfacet
  facet normal -3.832532e-01 0.000000e+00 -9.236433e-01
    outer loop
      vertex   6.374100e+01 9.750000e+00 3.034000e+00
      vertex   6.350000e+01 -5.000000e-01 3.134000e+00
      vertex   6.350000e+01 9.750000e+00 3.134000e+00
    endloop
  endfacet
  facet normal -7.936733e-01 6.618979e-03 -6.083082e-01
    outer loop
      vertex   6.308400e+01 4.625000e+00 3.621000e+00
      vertex   6.350000e+01 9.750000e+00 3.134000e+00
      vertex   6.313400e+01 -5.000000e-01 3.500000e+00
    endloop
  endfacet
  facet normal 5.005029e-01 0.000000e+00 8.657348e-01
    outer loop
      vertex   6.425900e+01 4.625000e+00 1.846600e+01
      vertex   6.425900e+01 -3.063000e+00 1.846600e+01
      vertex   6.470700e+01 4.625000e+00 1.820700e+01
    endloop
  endfacet
  facet normal 5.005029e-01 0.000000e+00 8.657348e-01
    outer loop
      vertex   6.470700e+01 4.625000e+00 1.820700e+01
      vertex   6.425900e+01 -3.063000e+00 1.846600e+01
      vertex   6.470700e+01 -5.625000e+00 1.820700e+01
    endloop
  endfacet
  facet normal 5.005000e-01 -3.454552e-03 8.657297e-01
    outer loop
      vertex   6.470700e+01 4.625000e+00 1.820700e+01
      vertex   6.460400e+01 9.750000e+00 1.828700e+01
      vertex   6.425900e+01 4.625000e+00 1.846600e+01
    endloop
  endfacet
  facet normal -8.433442e-01 0.000000e+00 -5.373738e-01
    outer loop
      vertex   6.329300e+01 9.750000e+00 3.293000e+00
      vertex   6.308400e+01 4.625000e+00 3.621000e+00
      vertex   6.308400e+01 9.750000e+00 3.621000e+00
    endloop
  endfacet
  facet normal 5.716264e-01 4.443034e-03 8.205020e-01
    outer loop
      vertex   6.437900e+01 1.487500e+01 1.841600e+01
      vertex   6.460400e+01 9.750000e+00 1.828700e+01
      vertex   6.478700e+01 2.000000e+01 1.810400e+01
    endloop
  endfacet
  facet normal 3.007498e-01 -8.597585e-03 -9.536643e-01
    outer loop
      vertex   6.450000e+01 9.750000e+00 3.134000e+00
      vertex   6.460400e+01 4.625000e+00 3.213000e+00
      vertex   6.412900e+01 9.750000e+00 3.017000e+00
    endloop
  endfacet
  facet normal 4.753910e-01 -1.273814e-03 8.797737e-01
    outer loop
      vertex   6.437900e+01 1.487500e+01 1.841600e+01
      vertex   6.425900e+01 4.625000e+00 1.846600e+01
      vertex   6.460400e+01 9.750000e+00 1.828700e+01
    endloop
  endfacet
  facet normal 4.605319e-01 8.737996e-03 -8.876001e-01
    outer loop
      vertex   6.425900e+01 4.625000e+00 3.034000e+00
      vertex   6.412900e+01 9.750000e+00 3.017000e+00
      vertex   6.460400e+01 4.625000e+00 3.213000e+00
    endloop
  endfacet
  facet normal 1.301576e-01 0.000000e+00 9.914933e-01
    outer loop
      vertex   6.425900e+01 4.625000e+00 1.846600e+01
      vertex   6.400000e+01 2.000000e+01 1.850000e+01
      vertex   6.425900e+01 -3.063000e+00 1.846600e+01
    endloop
  endfacet
  facet normal 1.301576e-01 0.000000e+00 9.914933e-01
    outer loop
      vertex   6.425900e+01 -3.063000e+00 1.846600e+01
      vertex   6.400000e+01 2.000000e+01 1.850000e+01
      vertex   6.400000e+01 -2.100000e+01 1.850000e+01
    endloop
  endfacet
  facet normal 7.930409e-01 6.644039e-03 6.091321e-01
    outer loop
      vertex   6.491600e+01 9.750000e+00 1.787900e+01
      vertex   6.470700e+01 4.625000e+00 1.820700e+01
      vertex   6.486600e+01 4.625000e+00 1.800000e+01
    endloop
  endfacet
  facet normal 9.236341e-01 -3.744349e-05 3.832753e-01
    outer loop
      vertex   6.491600e+01 9.750000e+00 1.787900e+01
      vertex   6.496600e+01 1.487500e+01 1.775900e+01
      vertex   6.486600e+01 1.487500e+01 1.800000e+01
    endloop
  endfacet
  facet normal 7.943374e-01 -6.591463e-03 6.074410e-01
    outer loop
      vertex   6.460400e+01 9.750000e+00 1.828700e+01
      vertex   6.491600e+01 9.750000e+00 1.787900e+01
      vertex   6.486600e+01 1.487500e+01 1.800000e+01
    endloop
  endfacet
  facet normal 7.943380e-01 6.482942e-03 6.074415e-01
    outer loop
      vertex   6.470700e+01 4.625000e+00 1.820700e+01
      vertex   6.491600e+01 9.750000e+00 1.787900e+01
      vertex   6.460400e+01 9.750000e+00 1.828700e+01
    endloop
  endfacet
  facet normal -6.089492e-01 -2.590512e-02 -7.927861e-01
    outer loop
      vertex   6.350000e+01 9.750000e+00 3.134000e+00
      vertex   6.308400e+01 4.625000e+00 3.621000e+00
      vertex   6.329300e+01 9.750000e+00 3.293000e+00
    endloop
  endfacet
  facet normal -9.236449e-01 -3.739639e-05 -3.832494e-01
    outer loop
      vertex   6.308400e+01 9.750000e+00 3.621000e+00
      vertex   6.303400e+01 1.487500e+01 3.741000e+00
      vertex   6.313400e+01 1.487500e+01 3.500000e+00
    endloop
  endfacet
  facet normal -8.433358e-01 -4.459602e-03 -5.373684e-01
    outer loop
      vertex   6.308400e+01 9.750000e+00 3.621000e+00
      vertex   6.313400e+01 1.487500e+01 3.500000e+00
      vertex   6.329300e+01 9.750000e+00 3.293000e+00
    endloop
  endfacet
  facet normal -6.091011e-01 1.313178e-02 -7.929839e-01
    outer loop
      vertex   6.313400e+01 1.487500e+01 3.500000e+00
      vertex   6.350000e+01 9.750000e+00 3.134000e+00
      vertex   6.329300e+01 9.750000e+00 3.293000e+00
    endloop
  endfacet
  facet normal 7.930584e-01 0.000000e+00 6.091456e-01
    outer loop
      vertex   6.486600e+01 4.625000e+00 1.800000e+01
      vertex   6.470700e+01 4.625000e+00 1.820700e+01
      vertex   6.470700e+01 -5.625000e+00 1.820700e+01
    endloop
  endfacet
  facet normal -9.763083e-01 0.000000e+00 -2.163840e-01
    outer loop
      vertex   6.300000e+01 1.900000e+01 4.000000e+00
      vertex   6.308400e+01 9.750000e+00 3.621000e+00
      vertex   6.308400e+01 4.625000e+00 3.621000e+00
    endloop
  endfacet
  facet normal -3.829682e-01 3.856296e-02 -9.229563e-01
    outer loop
      vertex   6.374100e+01 9.750000e+00 3.034000e+00
      vertex   6.350000e+01 9.750000e+00 3.134000e+00
      vertex   6.313400e+01 1.487500e+01 3.500000e+00
    endloop
  endfacet
  facet normal 3.250178e-03 7.943541e-01 6.074463e-01
    outer loop
      vertex   4.866700e+01 2.070700e+01 1.820700e+01
      vertex   5.888900e+01 2.060400e+01 1.828700e+01
      vertex   5.888900e+01 2.091600e+01 1.787900e+01
    endloop
  endfacet
  facet normal 1.342421e-03 9.723305e-01 2.336058e-01
    outer loop
      vertex   6.400000e+01 2.100000e+01 1.750000e+01
      vertex   4.355600e+01 2.096600e+01 1.775900e+01
      vertex   5.888900e+01 2.091600e+01 1.787900e+01
    endloop
  endfacet
  facet normal 9.236345e-01 0.000000e+00 -3.832743e-01
    outer loop
      vertex   6.486600e+01 1.487500e+01 3.500000e+00
      vertex   6.496600e+01 1.487500e+01 3.741000e+00
      vertex   6.486600e+01 9.750000e+00 3.500000e+00
    endloop
  endfacet
  facet normal 7.071093e-01 0.000000e+00 -7.071042e-01
    outer loop
      vertex   6.486600e+01 1.487500e+01 3.500000e+00
      vertex   6.486600e+01 9.750000e+00 3.500000e+00
      vertex   6.450000e+01 9.750000e+00 3.134000e+00
    endloop
  endfacet
  facet normal 0.000000e+00 4.605410e-01 8.876384e-01
    outer loop
      vertex   6.400000e+01 2.025900e+01 1.846600e+01
      vertex   5.888900e+01 2.060400e+01 1.828700e+01
      vertex   5.888900e+01 2.025900e+01 1.846600e+01
    endloop
  endfacet
  facet normal -1.651866e-03 9.804544e-02 9.951806e-01
    outer loop
      vertex   6.400000e+01 2.000000e+01 1.850000e+01
      vertex   5.888900e+01 2.025900e+01 1.846600e+01
      vertex   3.588900e+01 2.037900e+01 1.841600e+01
    endloop
  endfacet
  facet normal 6.091536e-01 0.000000e+00 -7.930523e-01
    outer loop
      vertex   6.450000e+01 2.000000e+01 3.134000e+00
      vertex   6.470700e+01 2.000000e+01 3.293000e+00
      vertex   6.450000e+01 9.750000e+00 3.134000e+00
    endloop
  endfacet
  facet normal 0.000000e+00 1.301585e-01 9.914932e-01
    outer loop
      vertex   6.400000e+01 2.025900e+01 1.846600e+01
      vertex   5.888900e+01 2.025900e+01 1.846600e+01
      vertex   6.400000e+01 2.000000e+01 1.850000e+01
    endloop
  endfacet
  facet normal 7.536538e-01 -1.721243e-03 6.572693e-01
    outer loop
      vertex   6.478700e+01 2.000000e+01 1.810400e+01
      vertex   6.460400e+01 9.750000e+00 1.828700e+01
      vertex   6.486600e+01 1.487500e+01 1.800000e+01
    endloop
  endfacet
  facet normal -1.301549e-01 -6.564815e-03 -9.914719e-01
    outer loop
      vertex   6.412900e+01 9.750000e+00 3.017000e+00
      vertex   6.374100e+01 1.487500e+01 3.034000e+00
      vertex   6.400000e+01 1.487500e+01 3.000000e+00
    endloop
  endfacet
  facet normal -4.377271e-02 0.000000e+00 -9.990415e-01
    outer loop
      vertex   6.374100e+01 9.750000e+00 3.034000e+00
      vertex   6.374100e+01 1.487500e+01 3.034000e+00
      vertex   6.412900e+01 9.750000e+00 3.017000e+00
    endloop
  endfacet
  facet normal 9.536936e-01 2.203745e-03 -3.007718e-01
    outer loop
      vertex   6.500000e+01 2.000000e+01 4.000000e+00
      vertex   6.491600e+01 4.625000e+00 3.621000e+00
      vertex   6.486600e+01 9.750000e+00 3.500000e+00
    endloop
  endfacet
  facet normal 3.464435e-03 5.004983e-01 8.657306e-01
    outer loop
      vertex   6.400000e+01 2.070700e+01 1.820700e+01
      vertex   5.888900e+01 2.060400e+01 1.828700e+01
      vertex   6.400000e+01 2.025900e+01 1.846600e+01
    endloop
  endfacet
  facet normal 8.657326e-01 5.005069e-01 0.000000e+00
    outer loop
      vertex   6.496600e+01 2.025900e+01 1.750000e+01
      vertex   6.496600e+01 2.025900e+01 1.075000e+01
      vertex   6.470700e+01 2.070700e+01 1.750000e+01
    endloop
  endfacet
  facet normal 9.914951e-01 1.301442e-01 0.000000e+00
    outer loop
      vertex   6.496600e+01 2.025900e+01 1.750000e+01
      vertex   6.500000e+01 2.000000e+01 1.750000e+01
      vertex   6.496600e+01 2.025900e+01 1.075000e+01
    endloop
  endfacet
  facet normal 9.914951e-01 1.301442e-01 0.000000e+00
    outer loop
      vertex   6.496600e+01 2.025900e+01 1.075000e+01
      vertex   6.500000e+01 2.000000e+01 1.750000e+01
      vertex   6.500000e+01 2.000000e+01 4.000000e+00
    endloop
  endfacet
  facet normal 9.914951e-01 1.301442e-01 0.000000e+00
    outer loop
      vertex   6.496600e+01 2.025900e+01 1.075000e+01
      vertex   6.500000e+01 2.000000e+01 4.000000e+00
      vertex   6.496600e+01 2.025900e+01 4.000000e+00
    endloop
  endfacet
  facet normal 3.007580e-01 4.406716e-03 -9.536903e-01
    outer loop
      vertex   6.412900e+01 9.750000e+00 3.017000e+00
      vertex   6.400000e+01 1.487500e+01 3.000000e+00
      vertex   6.450000e+01 9.750000e+00 3.134000e+00
    endloop
  endfacet
  facet normal -6.089513e-01 0.000000e+00 -7.932076e-01
    outer loop
      vertex   6.374100e+01 9.750000e+00 3.034000e+00
      vertex   6.313400e+01 1.487500e+01 3.500000e+00
      vertex   6.374100e+01 1.487500e+01 3.034000e+00
    endloop
  endfacet
  facet normal 2.688892e-01 9.763060e-02 9.582102e-01
    outer loop
      vertex   6.422000e+01 2.039900e+01 1.839000e+01
      vertex   6.400000e+01 2.025900e+01 1.846600e+01
      vertex   6.445900e+01 2.031000e+01 1.833200e+01
    endloop
  endfacet
  facet normal 2.631847e-01 1.395029e-01 9.546061e-01
    outer loop
      vertex   6.400000e+01 2.025900e+01 1.846600e+01
      vertex   6.450000e+01 2.000000e+01 1.836600e+01
      vertex   6.445900e+01 2.031000e+01 1.833200e+01
    endloop
  endfacet
  facet normal 2.087226e-01 5.050121e-01 8.374949e-01
    outer loop
      vertex   6.449500e+01 2.051900e+01 1.819700e+01
      vertex   6.400000e+01 2.070700e+01 1.820700e+01
      vertex   6.445900e+01 2.031000e+01 1.833200e+01
    endloop
  endfacet
  facet normal 4.003210e-01 6.622602e-01 6.333675e-01
    outer loop
      vertex   6.445900e+01 2.031000e+01 1.833200e+01
      vertex   6.400000e+01 2.070700e+01 1.820700e+01
      vertex   6.422000e+01 2.039900e+01 1.839000e+01
    endloop
  endfacet
  facet normal 7.373111e-01 -4.411052e-03 -6.755390e-01
    outer loop
      vertex   6.450000e+01 9.750000e+00 3.134000e+00
      vertex   6.470700e+01 2.000000e+01 3.293000e+00
      vertex   6.486600e+01 1.487500e+01 3.500000e+00
    endloop
  endfacet
  facet normal 7.048574e-01 1.687859e-01 6.889756e-01
    outer loop
      vertex   6.450000e+01 2.000000e+01 1.836600e+01
      vertex   6.486200e+01 2.026800e+01 1.793000e+01
      vertex   6.445900e+01 2.031000e+01 1.833200e+01
    endloop
  endfacet
  facet normal 6.473803e-01 2.792633e-01 7.091620e-01
    outer loop
      vertex   6.450000e+01 2.000000e+01 1.836600e+01
      vertex   6.478700e+01 2.000000e+01 1.810400e+01
      vertex   6.486200e+01 2.026800e+01 1.793000e+01
    endloop
  endfacet
  facet normal -1.942251e-02 5.004069e-01 8.655724e-01
    outer loop
      vertex   6.400000e+01 2.070700e+01 1.820700e+01
      vertex   6.400000e+01 2.025900e+01 1.846600e+01
      vertex   6.422000e+01 2.039900e+01 1.839000e+01
    endloop
  endfacet
  facet normal 8.910822e-01 4.391565e-02 4.517122e-01
    outer loop
      vertex   6.486200e+01 2.026800e+01 1.793000e+01
      vertex   6.478700e+01 2.000000e+01 1.810400e+01
      vertex   6.496200e+01 2.011100e+01 1.774800e+01
    endloop
  endfacet
  facet normal 8.694492e-01 -3.873636e-01 3.066066e-01
    outer loop
      vertex   6.500000e+01 2.000000e+01 1.750000e+01
      vertex   6.496200e+01 2.011100e+01 1.774800e+01
      vertex   6.478700e+01 2.000000e+01 1.810400e+01
    endloop
  endfacet
  facet normal 9.931670e-01 -1.242966e-02 -1.160379e-01
    outer loop
      vertex   6.491600e+01 9.750000e+00 1.787900e+01
      vertex   6.486600e+01 4.625000e+00 1.800000e+01
      vertex   6.500000e+01 2.000000e+01 1.750000e+01
    endloop
  endfacet
  facet normal 9.235532e-01 1.324141e-02 3.832417e-01
    outer loop
      vertex   6.500000e+01 2.000000e+01 1.750000e+01
      vertex   6.486600e+01 1.487500e+01 1.800000e+01
      vertex   6.496600e+01 1.487500e+01 1.775900e+01
    endloop
  endfacet
  facet normal -9.236449e-01 1.882550e-04 -3.832494e-01
    outer loop
      vertex   6.303400e+01 1.487500e+01 3.741000e+00
      vertex   6.312200e+01 1.912200e+01 3.531000e+00
      vertex   6.313400e+01 1.487500e+01 3.500000e+00
    endloop
  endfacet
  facet normal 9.430495e-01 7.787227e-03 3.325614e-01
    outer loop
      vertex   6.500000e+01 2.000000e+01 1.750000e+01
      vertex   6.478700e+01 2.000000e+01 1.810400e+01
      vertex   6.486600e+01 1.487500e+01 1.800000e+01
    endloop
  endfacet
  facet normal -8.127841e-01 1.956252e-03 -5.825617e-01
    outer loop
      vertex   6.313400e+01 1.487500e+01 3.500000e+00
      vertex   6.312200e+01 1.912200e+01 3.531000e+00
      vertex   6.329300e+01 1.929300e+01 3.293000e+00
    endloop
  endfacet
  facet normal 9.933591e-01 -1.237023e-02 -1.143882e-01
    outer loop
      vertex   6.491600e+01 9.750000e+00 1.787900e+01
      vertex   6.500000e+01 2.000000e+01 1.750000e+01
      vertex   6.496600e+01 1.487500e+01 1.775900e+01
    endloop
  endfacet
  facet normal -6.261735e-01 -1.398976e-02 -7.795582e-01
    outer loop
      vertex   6.313400e+01 1.487500e+01 3.500000e+00
      vertex   6.329300e+01 1.929300e+01 3.293000e+00
      vertex   6.344400e+01 1.944400e+01 3.169000e+00
    endloop
  endfacet
  facet normal -3.778037e-01 -4.137501e-02 -9.249608e-01
    outer loop
      vertex   6.313400e+01 1.487500e+01 3.500000e+00
      vertex   6.344400e+01 1.944400e+01 3.169000e+00
      vertex   6.371100e+01 1.971100e+01 3.048000e+00
    endloop
  endfacet
  facet normal 5.005009e-01 -3.177827e-03 8.657302e-01
    outer loop
      vertex   2.025900e+01 -1.442900e+01 4.966000e+00
      vertex   2.070700e+01 -1.442900e+01 4.707000e+00
      vertex   2.060400e+01 -8.857000e+00 4.787000e+00
    endloop
  endfacet
  facet normal 7.172192e-01 -1.084481e-03 6.968468e-01
    outer loop
      vertex   2.086600e+01 -2.000000e+01 4.500000e+00
      vertex   2.070700e+01 7.857000e+00 4.707000e+00
      vertex   2.060400e+01 -8.857000e+00 4.787000e+00
    endloop
  endfacet
  facet normal 9.149122e-01 1.111924e-02 4.034998e-01
    outer loop
      vertex   2.070700e+01 -1.442900e+01 4.707000e+00
      vertex   2.086600e+01 -2.000000e+01 4.500000e+00
      vertex   2.060400e+01 -8.857000e+00 4.787000e+00
    endloop
  endfacet
  facet normal 2.627489e-01 -5.043723e-02 9.635451e-01
    outer loop
      vertex   6.500000e+01 2.000000e+01 4.000000e+00
      vertex   6.486600e+01 9.750000e+00 3.500000e+00
      vertex   6.496600e+01 1.487500e+01 3.741000e+00
    endloop
  endfacet
  facet normal 4.605430e-01 0.000000e+00 8.876374e-01
    outer loop
      vertex   2.060400e+01 -8.857000e+00 4.787000e+00
      vertex   2.025900e+01 -3.286000e+00 4.966000e+00
      vertex   2.025900e+01 -1.442900e+01 4.966000e+00
    endloop
  endfacet
  facet normal 9.236423e-01 -3.721843e-05 -3.832556e-01
    outer loop
      vertex   1.886600e+01 -5.000000e-01 5.000000e-01
      vertex   1.896600e+01 -5.000000e-01 7.410000e-01
      vertex   1.891600e+01 -5.625000e+00 6.210000e-01
    endloop
  endfacet
  facet normal 3.018727e-01 -2.232757e-03 -9.533456e-01
    outer loop
      vertex   1.837900e+01 -5.625000e+00 8.400000e-02
      vertex   1.800000e+01 -2.100000e+01 0.000000e+00
      vertex   1.825900e+01 -5.000000e-01 3.400000e-02
    endloop
  endfacet
  facet normal 5.159521e-01 1.912155e-03 -8.566153e-01
    outer loop
      vertex   1.837900e+01 -5.625000e+00 8.400000e-02
      vertex   1.870700e+01 -5.000000e-01 2.930000e-01
      vertex   1.850000e+01 -1.587500e+01 1.340000e-01
    endloop
  endfacet
  facet normal -6.089506e-01 -1.481609e-03 -7.932067e-01
    outer loop
      vertex   6.371100e+01 1.971100e+01 3.048000e+00
      vertex   6.374100e+01 1.487500e+01 3.034000e+00
      vertex   6.313400e+01 1.487500e+01 3.500000e+00
    endloop
  endfacet
  facet normal 2.729067e-01 -1.471237e-03 -9.620394e-01
    outer loop
      vertex   1.837900e+01 -5.625000e+00 8.400000e-02
      vertex   1.850000e+01 -1.587500e+01 1.340000e-01
      vertex   1.800000e+01 -2.100000e+01 0.000000e+00
    endloop
  endfacet
  facet normal 7.930363e-01 -6.644484e-03 -6.091381e-01
    outer loop
      vertex   1.891600e+01 -5.625000e+00 6.210000e-01
      vertex   1.870700e+01 -5.000000e-01 2.930000e-01
      vertex   1.886600e+01 -5.000000e-01 5.000000e-01
    endloop
  endfacet
  facet normal 6.742068e-01 -1.439560e-03 -7.385412e-01
    outer loop
      vertex   1.878700e+01 -1.587500e+01 3.960000e-01
      vertex   1.850000e+01 -1.587500e+01 1.340000e-01
      vertex   1.870700e+01 -5.000000e-01 2.930000e-01
    endloop
  endfacet
  facet normal 8.495658e-01 8.868006e-04 -5.274820e-01
    outer loop
      vertex   1.870700e+01 -5.000000e-01 2.930000e-01
      vertex   1.891600e+01 -5.625000e+00 6.210000e-01
      vertex   1.878700e+01 -1.587500e+01 3.960000e-01
    endloop
  endfacet
  facet normal 8.876383e-01 -1.061812e-03 -4.605401e-01
    outer loop
      vertex   1.896600e+01 -1.587500e+01 7.410000e-01
      vertex   1.878700e+01 -1.587500e+01 3.960000e-01
      vertex   1.891600e+01 -5.625000e+00 6.210000e-01
    endloop
  endfacet
  facet normal 2.588649e-01 0.000000e+00 -9.659135e-01
    outer loop
      vertex   6.450000e+01 2.000000e+01 3.134000e+00
      vertex   6.450000e+01 9.750000e+00 3.134000e+00
      vertex   6.400000e+01 1.487500e+01 3.000000e+00
    endloop
  endfacet
  facet normal -3.677917e-03 -4.834831e-01 -8.753460e-01
    outer loop
      vertex   5.025000e+01 1.974100e+01 3.034000e+00
      vertex   5.300000e+01 1.939600e+01 3.213000e+00
      vertex   4.750000e+01 1.929300e+01 3.293000e+00
    endloop
  endfacet
  facet normal 3.581178e-01 3.401242e-03 -9.336702e-01
    outer loop
      vertex   1.974100e+01 -3.063000e+00 2.966000e+00
      vertex   2.000000e+01 -2.100000e+01 3.000000e+00
      vertex   1.939600e+01 -1.587500e+01 2.787000e+00
    endloop
  endfacet
  facet normal 9.533470e-01 2.232672e-03 -3.018684e-01
    outer loop
      vertex   1.900000e+01 -2.100000e+01 2.000000e+00
      vertex   1.903400e+01 -5.000000e-01 2.259000e+00
      vertex   1.908400e+01 -5.625000e+00 2.379000e+00
    endloop
  endfacet
  facet normal 8.433442e-01 0.000000e+00 -5.373738e-01
    outer loop
      vertex   1.908400e+01 -5.625000e+00 2.379000e+00
      vertex   1.929300e+01 -5.625000e+00 2.707000e+00
      vertex   1.929300e+01 -1.075000e+01 2.707000e+00
    endloop
  endfacet
  facet normal 8.433362e-01 -4.354734e-03 -5.373687e-01
    outer loop
      vertex   1.903400e+01 -5.000000e-01 2.259000e+00
      vertex   1.929300e+01 -5.625000e+00 2.707000e+00
      vertex   1.908400e+01 -5.625000e+00 2.379000e+00
    endloop
  endfacet
  facet normal 2.861716e-03 -5.136091e-01 -8.580195e-01
    outer loop
      vertex   5.025000e+01 1.974100e+01 3.034000e+00
      vertex   4.750000e+01 1.929300e+01 3.293000e+00
      vertex   4.200000e+01 1.939600e+01 3.213000e+00
    endloop
  endfacet
  facet normal 1.301567e-01 0.000000e+00 -9.914934e-01
    outer loop
      vertex   2.000000e+01 2.000000e+01 3.000000e+00
      vertex   2.000000e+01 -2.100000e+01 3.000000e+00
      vertex   1.974100e+01 -3.063000e+00 2.966000e+00
    endloop
  endfacet
  facet normal -3.566355e-03 -8.108960e-01 -5.851795e-01
    outer loop
      vertex   6.329300e+01 1.929300e+01 3.293000e+00
      vertex   6.312200e+01 1.912200e+01 3.531000e+00
      vertex   5.300000e+01 1.939600e+01 3.213000e+00
    endloop
  endfacet
  facet normal 5.230944e-01 -5.312790e-03 -8.522582e-01
    outer loop
      vertex   1.974100e+01 -3.063000e+00 2.966000e+00
      vertex   1.950000e+01 -1.075000e+01 2.866000e+00
      vertex   1.929300e+01 -5.625000e+00 2.707000e+00
    endloop
  endfacet
  facet normal 6.091536e-01 0.000000e+00 -7.930523e-01
    outer loop
      vertex   1.950000e+01 -1.075000e+01 2.866000e+00
      vertex   1.929300e+01 -1.075000e+01 2.707000e+00
      vertex   1.929300e+01 -5.625000e+00 2.707000e+00
    endloop
  endfacet
  facet normal 1.189199e-03 -7.385417e-01 -6.742067e-01
    outer loop
      vertex   6.312200e+01 1.912200e+01 3.531000e+00
      vertex   5.300000e+01 1.913400e+01 3.500000e+00
      vertex   5.300000e+01 1.939600e+01 3.213000e+00
    endloop
  endfacet
  facet normal 4.605383e-01 -4.599904e-03 -8.876279e-01
    outer loop
      vertex   1.870700e+01 -5.000000e-01 2.930000e-01
      vertex   1.825900e+01 4.625000e+00 3.400000e-02
      vertex   1.860400e+01 4.625000e+00 2.130000e-01
    endloop
  endfacet
  facet normal 5.005003e-01 3.272780e-03 -8.657302e-01
    outer loop
      vertex   1.837900e+01 -5.625000e+00 8.400000e-02
      vertex   1.825900e+01 -5.000000e-01 3.400000e-02
      vertex   1.870700e+01 -5.000000e-01 2.930000e-01
    endloop
  endfacet
  facet normal 5.005030e-01 0.000000e+00 -8.657348e-01
    outer loop
      vertex   1.825900e+01 -5.000000e-01 3.400000e-02
      vertex   1.825900e+01 4.625000e+00 3.400000e-02
      vertex   1.870700e+01 -5.000000e-01 2.930000e-01
    endloop
  endfacet
  facet normal 6.191474e-03 7.930387e-01 -6.091398e-01
    outer loop
      vertex   5.300000e+01 2.086600e+01 3.500000e+00
      vertex   5.850000e+01 2.091600e+01 3.621000e+00
      vertex   5.300000e+01 2.070700e+01 3.293000e+00
    endloop
  endfacet
  facet normal 0.000000e+00 8.433442e-01 -5.373738e-01
    outer loop
      vertex   5.850000e+01 2.091600e+01 3.621000e+00
      vertex   5.850000e+01 2.070700e+01 3.293000e+00
      vertex   5.300000e+01 2.070700e+01 3.293000e+00
    endloop
  endfacet
  facet normal 3.782974e-01 -1.603244e-01 9.116947e-01
    outer loop
      vertex   2.050000e+01 -2.000000e+01 4.866000e+00
      vertex   2.025900e+01 -2.000000e+01 4.966000e+00
      vertex   2.003000e+01 -2.034700e+01 5.000000e+00
    endloop
  endfacet
  facet normal 3.335243e-01 -8.932970e-02 9.384997e-01
    outer loop
      vertex   2.003000e+01 -2.034700e+01 5.000000e+00
      vertex   2.063900e+01 -2.031100e+01 4.787000e+00
      vertex   2.050000e+01 -2.000000e+01 4.866000e+00
    endloop
  endfacet
  facet normal 3.095089e-01 2.272535e-01 9.233418e-01
    outer loop
      vertex   2.063900e+01 -2.031100e+01 4.787000e+00
      vertex   2.003000e+01 -2.034700e+01 5.000000e+00
      vertex   2.043100e+01 -2.075500e+01 4.966000e+00
    endloop
  endfacet
  facet normal 4.967549e-01 1.141399e-01 8.603526e-01
    outer loop
      vertex   2.083500e+01 -2.056100e+01 4.707000e+00
      vertex   2.063900e+01 -2.031100e+01 4.787000e+00
      vertex   2.043100e+01 -2.075500e+01 4.966000e+00
    endloop
  endfacet
  facet normal 1.817872e-01 1.550169e-02 9.832157e-01
    outer loop
      vertex   2.026800e+01 -2.100000e+01 5.000000e+00
      vertex   2.077100e+01 -2.100000e+01 4.907000e+00
      vertex   2.043100e+01 -2.075500e+01 4.966000e+00
    endloop
  endfacet
  facet normal 1.333970e-01 4.861923e-02 9.898694e-01
    outer loop
      vertex   2.026800e+01 -2.100000e+01 5.000000e+00
      vertex   2.043100e+01 -2.075500e+01 4.966000e+00
      vertex   2.003000e+01 -2.034700e+01 5.000000e+00
    endloop
  endfacet
  facet normal 0.000000e+00 5.005031e-01 -8.657348e-01
    outer loop
      vertex   5.850000e+01 2.025900e+01 3.034000e+00
      vertex   5.300000e+01 2.025900e+01 3.034000e+00
      vertex   5.850000e+01 2.070700e+01 3.293000e+00
    endloop
  endfacet
  facet normal 0.000000e+00 5.005031e-01 -8.657348e-01
    outer loop
      vertex   5.850000e+01 2.070700e+01 3.293000e+00
      vertex   5.300000e+01 2.025900e+01 3.034000e+00
      vertex   5.300000e+01 2.070700e+01 3.293000e+00
    endloop
  endfacet
  facet normal 0.000000e+00 5.005031e-01 -8.657348e-01
    outer loop
      vertex   5.300000e+01 2.070700e+01 3.293000e+00
      vertex   5.300000e+01 2.025900e+01 3.034000e+00
      vertex   4.200000e+01 2.070700e+01 3.293000e+00
    endloop
  endfacet
  facet normal -3.407562e-04 -6.344245e-01 -7.729848e-01
    outer loop
      vertex   6.344400e+01 1.944400e+01 3.169000e+00
      vertex   6.329300e+01 1.929300e+01 3.293000e+00
      vertex   5.300000e+01 1.939600e+01 3.213000e+00
    endloop
  endfacet
  facet normal -1.950729e-03 -4.111540e-01 -9.115638e-01
    outer loop
      vertex   5.300000e+01 1.939600e+01 3.213000e+00
      vertex   6.371100e+01 1.971100e+01 3.048000e+00
      vertex   6.344400e+01 1.944400e+01 3.169000e+00
    endloop
  endfacet
  facet normal 7.339903e-01 4.613710e-01 4.983924e-01
    outer loop
      vertex   2.119200e+01 -2.064500e+01 4.259000e+00
      vertex   2.083500e+01 -2.056100e+01 4.707000e+00
      vertex   2.098900e+01 -2.080600e+01 4.707000e+00
    endloop
  endfacet
  facet normal 7.600964e-01 3.657074e-01 5.371327e-01
    outer loop
      vertex   2.119200e+01 -2.064500e+01 4.259000e+00
      vertex   2.102300e+01 -2.047000e+01 4.379000e+00
      vertex   2.083500e+01 -2.056100e+01 4.707000e+00
    endloop
  endfacet
  facet normal -6.138830e-03 9.914102e-01 -1.306452e-01
    outer loop
      vertex   5.300000e+01 2.086600e+01 3.500000e+00
      vertex   6.400000e+01 2.100000e+01 4.000000e+00
      vertex   5.850000e+01 2.091600e+01 3.621000e+00
    endloop
  endfacet
  facet normal 2.053325e-03 9.536960e-01 -3.007652e-01
    outer loop
      vertex   4.750000e+01 2.091600e+01 3.621000e+00
      vertex   6.400000e+01 2.100000e+01 4.000000e+00
      vertex   5.300000e+01 2.086600e+01 3.500000e+00
    endloop
  endfacet
  facet normal 5.661843e-01 6.600349e-01 4.937502e-01
    outer loop
      vertex   2.132400e+01 -2.084800e+01 4.379000e+00
      vertex   2.119200e+01 -2.064500e+01 4.259000e+00
      vertex   2.098900e+01 -2.080600e+01 4.707000e+00
    endloop
  endfacet
  facet normal 5.849712e-01 6.245129e-01 5.174866e-01
    outer loop
      vertex   2.122000e+01 -2.100000e+01 4.680000e+00
      vertex   2.132400e+01 -2.084800e+01 4.379000e+00
      vertex   2.098900e+01 -2.080600e+01 4.707000e+00
    endloop
  endfacet
  facet normal 3.252063e-03 -9.477369e-01 -3.190362e-01
    outer loop
      vertex   6.300000e+01 1.900000e+01 4.000000e+00
      vertex   4.750000e+01 1.903400e+01 3.741000e+00
      vertex   5.300000e+01 1.913400e+01 3.500000e+00
    endloop
  endfacet
  facet normal -4.115644e-02 -7.903088e-01 6.113249e-01
    outer loop
      vertex   5.850000e+01 1.903400e+01 3.741000e+00
      vertex   6.300000e+01 1.900000e+01 4.000000e+00
      vertex   5.300000e+01 1.913400e+01 3.500000e+00
    endloop
  endfacet
  facet normal 4.123254e-01 7.479416e-01 5.201645e-01
    outer loop
      vertex   2.122000e+01 -2.100000e+01 4.680000e+00
      vertex   2.163000e+01 -2.100000e+01 4.355000e+00
      vertex   2.132400e+01 -2.084800e+01 4.379000e+00
    endloop
  endfacet
  facet normal 4.170152e-01 3.817488e-01 8.248431e-01
    outer loop
      vertex   2.122000e+01 -2.100000e+01 4.680000e+00
      vertex   2.098900e+01 -2.080600e+01 4.707000e+00
      vertex   2.077100e+01 -2.100000e+01 4.907000e+00
    endloop
  endfacet
  facet normal 4.831331e-01 3.036874e-01 8.211920e-01
    outer loop
      vertex   2.083500e+01 -2.056100e+01 4.707000e+00
      vertex   2.077100e+01 -2.100000e+01 4.907000e+00
      vertex   2.098900e+01 -2.080600e+01 4.707000e+00
    endloop
  endfacet
  facet normal 3.897088e-01 3.341566e-01 8.581762e-01
    outer loop
      vertex   2.077100e+01 -2.100000e+01 4.907000e+00
      vertex   2.083500e+01 -2.056100e+01 4.707000e+00
      vertex   2.043100e+01 -2.075500e+01 4.966000e+00
    endloop
  endfacet
  facet normal 7.388863e-01 4.075743e-01 5.365913e-01
    outer loop
      vertex   2.083500e+01 -2.056100e+01 4.707000e+00
      vertex   2.102300e+01 -2.047000e+01 4.379000e+00
      vertex   2.063900e+01 -2.031100e+01 4.787000e+00
    endloop
  endfacet
  facet normal -1.049872e-04 -4.612027e-01 -8.872948e-01
    outer loop
      vertex   5.300000e+01 1.939600e+01 3.213000e+00
      vertex   5.025000e+01 1.974100e+01 3.034000e+00
      vertex   6.371100e+01 1.971100e+01 3.048000e+00
    endloop
  endfacet
  facet normal 4.154433e-03 2.163835e-01 -9.762996e-01
    outer loop
      vertex   6.400000e+01 2.037900e+01 3.084000e+00
      vertex   6.400000e+01 2.000000e+01 3.000000e+00
      vertex   5.850000e+01 2.025900e+01 3.034000e+00
    endloop
  endfacet
  facet normal -3.049610e-03 5.005008e-01 -8.657307e-01
    outer loop
      vertex   6.400000e+01 2.037900e+01 3.084000e+00
      vertex   5.850000e+01 2.025900e+01 3.034000e+00
      vertex   5.850000e+01 2.070700e+01 3.293000e+00
    endloop
  endfacet
  facet normal 7.006184e-01 1.351675e-01 7.006166e-01
    outer loop
      vertex   2.086600e+01 -2.000000e+01 4.500000e+00
      vertex   2.050000e+01 -2.000000e+01 4.866000e+00
      vertex   2.063900e+01 -2.031100e+01 4.787000e+00
    endloop
  endfacet
  facet normal -2.203270e-03 8.433422e-01 -5.373725e-01
    outer loop
      vertex   5.850000e+01 2.091600e+01 3.621000e+00
      vertex   6.400000e+01 2.078700e+01 3.396000e+00
      vertex   5.850000e+01 2.070700e+01 3.293000e+00
    endloop
  endfacet
  facet normal 8.339989e-01 -1.097186e-01 5.407474e-01
    outer loop
      vertex   2.099200e+01 -2.023000e+01 4.259000e+00
      vertex   2.086600e+01 -2.000000e+01 4.500000e+00
      vertex   2.063900e+01 -2.031100e+01 4.787000e+00
    endloop
  endfacet
  facet normal 7.437411e-01 3.733224e-01 5.545085e-01
    outer loop
      vertex   2.102300e+01 -2.047000e+01 4.379000e+00
      vertex   2.099200e+01 -2.023000e+01 4.259000e+00
      vertex   2.063900e+01 -2.031100e+01 4.787000e+00
    endloop
  endfacet
  facet normal 7.930535e-01 -0.000000e+00 6.091519e-01
    outer loop
      vertex   2.086600e+01 -2.000000e+01 4.500000e+00
      vertex   2.086600e+01 1.900000e+01 4.500000e+00
      vertex   2.070700e+01 7.857000e+00 4.707000e+00
    endloop
  endfacet
  facet normal 7.930535e-01 -0.000000e+00 6.091519e-01
    outer loop
      vertex   2.070700e+01 7.857000e+00 4.707000e+00
      vertex   2.086600e+01 1.900000e+01 4.500000e+00
      vertex   2.070700e+01 1.900000e+01 4.707000e+00
    endloop
  endfacet
  facet normal 7.070946e-01 -6.092455e-03 7.070927e-01
    outer loop
      vertex   2.050000e+01 -2.000000e+01 4.866000e+00
      vertex   2.086600e+01 -2.000000e+01 4.500000e+00
      vertex   2.070700e+01 -1.442900e+01 4.707000e+00
    endloop
  endfacet
  facet normal 0.000000e+00 -2.553942e-02 -9.996738e-01
    outer loop
      vertex   6.371100e+01 1.971100e+01 3.048000e+00
      vertex   5.300000e+01 2.025900e+01 3.034000e+00
      vertex   5.850000e+01 2.025900e+01 3.034000e+00
    endloop
  endfacet
  facet normal 1.027878e-03 -5.456864e-03 -9.999846e-01
    outer loop
      vertex   6.371100e+01 1.971100e+01 3.048000e+00
      vertex   5.025000e+01 1.974100e+01 3.034000e+00
      vertex   5.300000e+01 2.025900e+01 3.034000e+00
    endloop
  endfacet
  facet normal -1.321898e-02 -1.509536e-01 -9.884525e-01
    outer loop
      vertex   5.850000e+01 2.025900e+01 3.034000e+00
      vertex   6.400000e+01 2.000000e+01 3.000000e+00
      vertex   6.371100e+01 1.971100e+01 3.048000e+00
    endloop
  endfacet
  facet normal 9.338411e-01 2.030020e-01 2.945014e-01
    outer loop
      vertex   2.086600e+01 -2.000000e+01 4.500000e+00
      vertex   2.099200e+01 -2.023000e+01 4.259000e+00
      vertex   2.098300e+01 -2.000000e+01 4.129000e+00
    endloop
  endfacet
  facet normal 9.236345e-01 3.739882e-05 -3.832743e-01
    outer loop
      vertex   6.491600e+01 2.000000e+01 3.621000e+00
      vertex   6.496600e+01 1.487500e+01 3.741000e+00
      vertex   6.486600e+01 1.487500e+01 3.500000e+00
    endloop
  endfacet
  facet normal 3.832248e-01 -1.324006e-02 -9.235602e-01
    outer loop
      vertex   6.425900e+01 2.000000e+01 3.034000e+00
      vertex   6.450000e+01 2.000000e+01 3.134000e+00
      vertex   6.400000e+01 1.487500e+01 3.000000e+00
    endloop
  endfacet
  facet normal 9.871728e-01 1.295768e-01 9.327255e-02
    outer loop
      vertex   6.496200e+01 2.011100e+01 1.774800e+01
      vertex   6.500000e+01 2.000000e+01 1.750000e+01
      vertex   6.496600e+01 2.025900e+01 1.750000e+01
    endloop
  endfacet
  facet normal 9.481958e-01 2.246384e-01 2.246384e-01
    outer loop
      vertex   6.486200e+01 2.026800e+01 1.793000e+01
      vertex   6.496600e+01 2.025900e+01 1.750000e+01
      vertex   6.486200e+01 2.043000e+01 1.776800e+01
    endloop
  endfacet
  facet normal 9.173204e-01 3.352013e-01 2.148567e-01
    outer loop
      vertex   6.496600e+01 2.025900e+01 1.750000e+01
      vertex   6.486200e+01 2.026800e+01 1.793000e+01
      vertex   6.496200e+01 2.011100e+01 1.774800e+01
    endloop
  endfacet
  facet normal 1.301558e-01 0.000000e+00 -9.914936e-01
    outer loop
      vertex   6.400000e+01 1.487500e+01 3.000000e+00
      vertex   6.400000e+01 2.000000e+01 3.000000e+00
      vertex   6.425900e+01 2.000000e+01 3.034000e+00
    endloop
  endfacet
  facet normal 8.656131e-01 5.004378e-01 1.661388e-02
    outer loop
      vertex   6.470700e+01 2.070700e+01 1.750000e+01
      vertex   6.486200e+01 2.043000e+01 1.776800e+01
      vertex   6.496600e+01 2.025900e+01 1.750000e+01
    endloop
  endfacet
  facet normal -9.992054e-01 -1.064749e-02 3.840741e-02
    outer loop
      vertex   6.308400e+01 9.750000e+00 3.621000e+00
      vertex   6.300000e+01 1.900000e+01 4.000000e+00
      vertex   6.303400e+01 1.487500e+01 3.741000e+00
    endloop
  endfacet
  facet normal 6.880847e-01 3.063563e-01 6.577882e-01
    outer loop
      vertex   6.486200e+01 2.026800e+01 1.793000e+01
      vertex   6.449500e+01 2.051900e+01 1.819700e+01
      vertex   6.445900e+01 2.031000e+01 1.833200e+01
    endloop
  endfacet
  facet normal -9.682495e-01 7.707811e-03 -2.498671e-01
    outer loop
      vertex   6.312200e+01 1.912200e+01 3.531000e+00
      vertex   6.303400e+01 1.487500e+01 3.741000e+00
      vertex   6.300000e+01 1.900000e+01 4.000000e+00
    endloop
  endfacet
  facet normal -1.638449e-01 0.000000e+00 -9.864861e-01
    outer loop
      vertex   6.371100e+01 1.971100e+01 3.048000e+00
      vertex   6.400000e+01 2.000000e+01 3.000000e+00
      vertex   6.400000e+01 1.487500e+01 3.000000e+00
    endloop
  endfacet
  facet normal -1.301574e-01 2.062860e-03 -9.914912e-01
    outer loop
      vertex   6.400000e+01 1.487500e+01 3.000000e+00
      vertex   6.374100e+01 1.487500e+01 3.034000e+00
      vertex   6.371100e+01 1.971100e+01 3.048000e+00
    endloop
  endfacet
  facet normal 8.451081e-05 -9.229581e-01 -3.849004e-01
    outer loop
      vertex   6.312200e+01 1.912200e+01 3.531000e+00
      vertex   5.850000e+01 1.903400e+01 3.741000e+00
      vertex   5.300000e+01 1.913400e+01 3.500000e+00
    endloop
  endfacet
  facet normal 7.074492e-03 -9.682151e-01 -2.500189e-01
    outer loop
      vertex   5.850000e+01 1.903400e+01 3.741000e+00
      vertex   6.312200e+01 1.912200e+01 3.531000e+00
      vertex   6.300000e+01 1.900000e+01 4.000000e+00
    endloop
  endfacet
  facet normal 2.568099e-01 1.257933e-01 9.582404e-01
    outer loop
      vertex   6.400000e+01 2.000000e+01 1.850000e+01
      vertex   6.450000e+01 2.000000e+01 1.836600e+01
      vertex   6.400000e+01 2.025900e+01 1.846600e+01
    endloop
  endfacet
  facet normal -6.643371e-03 9.914713e-01 1.301557e-01
    outer loop
      vertex   6.400000e+01 2.096600e+01 1.775900e+01
      vertex   6.400000e+01 2.100000e+01 1.750000e+01
      vertex   5.888900e+01 2.091600e+01 1.787900e+01
    endloop
  endfacet
  facet normal 3.281825e-03 8.657311e-01 5.004987e-01
    outer loop
      vertex   6.400000e+01 2.096600e+01 1.775900e+01
      vertex   5.888900e+01 2.091600e+01 1.787900e+01
      vertex   6.400000e+01 2.070700e+01 1.820700e+01
    endloop
  endfacet
  facet normal -6.500252e-03 7.943415e-01 6.074367e-01
    outer loop
      vertex   6.400000e+01 2.070700e+01 1.820700e+01
      vertex   5.888900e+01 2.091600e+01 1.787900e+01
      vertex   5.888900e+01 2.060400e+01 1.828700e+01
    endloop
  endfacet
  facet normal 5.618808e-01 8.272113e-01 -3.381245e-03
    outer loop
      vertex   6.470700e+01 2.070700e+01 1.300000e+01
      vertex   6.437900e+01 2.091600e+01 9.625000e+00
      vertex   6.450000e+01 2.086600e+01 1.750000e+01
    endloop
  endfacet
  facet normal 6.091502e-01 7.930549e-01 0.000000e+00
    outer loop
      vertex   6.450000e+01 2.086600e+01 1.750000e+01
      vertex   6.470700e+01 2.070700e+01 1.750000e+01
      vertex   6.470700e+01 2.070700e+01 1.300000e+01
    endloop
  endfacet
  facet normal 7.930584e-01 6.091456e-01 0.000000e+00
    outer loop
      vertex   6.470700e+01 2.070700e+01 1.750000e+01
      vertex   6.486600e+01 2.050000e+01 1.075000e+01
      vertex   6.470700e+01 2.070700e+01 1.300000e+01
    endloop
  endfacet
  facet normal 7.930584e-01 6.091456e-01 0.000000e+00
    outer loop
      vertex   6.470700e+01 2.070700e+01 1.300000e+01
      vertex   6.486600e+01 2.050000e+01 1.075000e+01
      vertex   6.470700e+01 2.070700e+01 8.500000e+00
    endloop
  endfacet
  facet normal 7.930584e-01 6.091456e-01 0.000000e+00
    outer loop
      vertex   6.470700e+01 2.070700e+01 8.500000e+00
      vertex   6.486600e+01 2.050000e+01 1.075000e+01
      vertex   6.470700e+01 2.070700e+01 4.000000e+00
    endloop
  endfacet
  facet normal 9.235879e-01 3.832561e-01 1.000193e-02
    outer loop
      vertex   6.470700e+01 2.070700e+01 1.750000e+01
      vertex   6.496600e+01 2.025900e+01 1.075000e+01
      vertex   6.486600e+01 2.050000e+01 1.075000e+01
    endloop
  endfacet
  facet normal 2.828931e-01 9.486628e-01 1.414577e-01
    outer loop
      vertex   6.450000e+01 2.086600e+01 1.750000e+01
      vertex   6.422000e+01 2.089000e+01 1.789900e+01
      vertex   6.445900e+01 2.083200e+01 1.781000e+01
    endloop
  endfacet
  facet normal 4.003210e-01 6.333675e-01 6.622602e-01
    outer loop
      vertex   6.445900e+01 2.083200e+01 1.781000e+01
      vertex   6.422000e+01 2.089000e+01 1.789900e+01
      vertex   6.400000e+01 2.070700e+01 1.820700e+01
    endloop
  endfacet
  facet normal 2.721665e-01 6.804136e-01 6.804136e-01
    outer loop
      vertex   6.449500e+01 2.051900e+01 1.819700e+01
      vertex   6.449500e+01 2.069700e+01 1.801900e+01
      vertex   6.400000e+01 2.070700e+01 1.820700e+01
    endloop
  endfacet
  facet normal 2.087226e-01 8.374949e-01 5.050121e-01
    outer loop
      vertex   6.400000e+01 2.070700e+01 1.820700e+01
      vertex   6.449500e+01 2.069700e+01 1.801900e+01
      vertex   6.445900e+01 2.083200e+01 1.781000e+01
    endloop
  endfacet
  facet normal 6.007765e-01 7.821532e-01 1.652393e-01
    outer loop
      vertex   6.470700e+01 2.070700e+01 1.750000e+01
      vertex   6.450000e+01 2.086600e+01 1.750000e+01
      vertex   6.445900e+01 2.083200e+01 1.781000e+01
    endloop
  endfacet
  facet normal 7.064163e-01 5.004878e-01 5.004878e-01
    outer loop
      vertex   6.449500e+01 2.069700e+01 1.801900e+01
      vertex   6.449500e+01 2.051900e+01 1.819700e+01
      vertex   6.486200e+01 2.043000e+01 1.776800e+01
    endloop
  endfacet
  facet normal 7.064163e-01 5.004878e-01 5.004878e-01
    outer loop
      vertex   6.486200e+01 2.043000e+01 1.776800e+01
      vertex   6.449500e+01 2.051900e+01 1.819700e+01
      vertex   6.486200e+01 2.026800e+01 1.793000e+01
    endloop
  endfacet
  facet normal 2.568099e-01 9.582404e-01 1.257933e-01
    outer loop
      vertex   6.400000e+01 2.096600e+01 1.775900e+01
      vertex   6.450000e+01 2.086600e+01 1.750000e+01
      vertex   6.400000e+01 2.100000e+01 1.750000e+01
    endloop
  endfacet
  facet normal 2.545219e-01 9.594803e-01 1.208975e-01
    outer loop
      vertex   6.422000e+01 2.089000e+01 1.789900e+01
      vertex   6.450000e+01 2.086600e+01 1.750000e+01
      vertex   6.400000e+01 2.096600e+01 1.775900e+01
    endloop
  endfacet
  facet normal -1.942251e-02 8.655724e-01 5.004069e-01
    outer loop
      vertex   6.400000e+01 2.070700e+01 1.820700e+01
      vertex   6.422000e+01 2.089000e+01 1.789900e+01
      vertex   6.400000e+01 2.096600e+01 1.775900e+01
    endloop
  endfacet
  facet normal 6.040438e-03 6.074379e-01 -7.943442e-01
    outer loop
      vertex   5.850000e+01 2.070700e+01 3.293000e+00
      vertex   6.400000e+01 2.078700e+01 3.396000e+00
      vertex   6.400000e+01 2.037900e+01 3.084000e+00
    endloop
  endfacet
  facet normal 2.588588e-01 9.658853e-01 7.601029e-03
    outer loop
      vertex   6.400000e+01 2.100000e+01 1.750000e+01
      vertex   6.450000e+01 2.086600e+01 1.750000e+01
      vertex   6.425900e+01 2.096600e+01 1.300000e+01
    endloop
  endfacet
  facet normal 1.553296e-01 2.328047e-01 -9.600389e-01
    outer loop
      vertex   6.425900e+01 2.000000e+01 3.034000e+00
      vertex   6.400000e+01 2.037900e+01 3.084000e+00
      vertex   6.439900e+01 2.022000e+01 3.110000e+00
    endloop
  endfacet
  facet normal 3.821797e-01 7.497390e-02 -9.210416e-01
    outer loop
      vertex   6.439900e+01 2.022000e+01 3.110000e+00
      vertex   6.450000e+01 2.000000e+01 3.134000e+00
      vertex   6.425900e+01 2.000000e+01 3.034000e+00
    endloop
  endfacet
  facet normal 6.853411e-01 6.667686e-01 2.927920e-01
    outer loop
      vertex   6.470700e+01 2.070700e+01 1.750000e+01
      vertex   6.449500e+01 2.069700e+01 1.801900e+01
      vertex   6.486200e+01 2.043000e+01 1.776800e+01
    endloop
  endfacet
  facet normal 7.000457e-01 6.487395e-01 2.984510e-01
    outer loop
      vertex   6.470700e+01 2.070700e+01 1.750000e+01
      vertex   6.445900e+01 2.083200e+01 1.781000e+01
      vertex   6.449500e+01 2.069700e+01 1.801900e+01
    endloop
  endfacet
  facet normal 1.271226e-01 2.146298e-01 -9.683873e-01
    outer loop
      vertex   6.425900e+01 2.000000e+01 3.034000e+00
      vertex   6.400000e+01 2.000000e+01 3.000000e+00
      vertex   6.400000e+01 2.037900e+01 3.084000e+00
    endloop
  endfacet
  facet normal 9.762986e-01 4.458948e-03 -2.163819e-01
    outer loop
      vertex   6.491600e+01 2.000000e+01 3.621000e+00
      vertex   6.500000e+01 2.000000e+01 4.000000e+00
      vertex   6.496600e+01 1.487500e+01 3.741000e+00
    endloop
  endfacet
  facet normal 1.784617e-01 2.943100e-01 -9.388999e-01
    outer loop
      vertex   6.431000e+01 2.045900e+01 3.168000e+00
      vertex   6.439900e+01 2.022000e+01 3.110000e+00
      vertex   6.400000e+01 2.037900e+01 3.084000e+00
    endloop
  endfacet
  facet normal -0.000000e+00 0.000000e+00 1.000000e+00
    outer loop
      vertex   -4.500000e+01 2.500000e+00 2.700000e+01
      vertex   -6.400000e+01 -2.100000e+01 2.700000e+01
      vertex   -2.300000e+01 2.500000e+00 2.700000e+01
    endloop
  endfacet
  facet normal 0.000000e+00 0.000000e+00 1.000000e+00
    outer loop
      vertex   -2.300000e+01 2.500000e+00 2.700000e+01
      vertex   -6.400000e+01 -2.100000e+01 2.700000e+01
      vertex   1.800000e+01 -2.100000e+01 2.700000e+01
    endloop
  endfacet
  facet normal -0.000000e+00 0.000000e+00 1.000000e+00
    outer loop
      vertex   -2.300000e+01 2.500000e+00 2.700000e+01
      vertex   1.800000e+01 -2.100000e+01 2.700000e+01
      vertex   1.800000e+01 2.000000e+01 2.700000e+01
    endloop
  endfacet
  facet normal 0.000000e+00 0.000000e+00 1.000000e+00
    outer loop
      vertex   -6.400000e+01 -2.100000e+01 2.700000e+01
      vertex   -4.500000e+01 2.500000e+00 2.700000e+01
      vertex   -6.400000e+01 2.000000e+01 2.700000e+01
    endloop
  endfacet
  facet normal 0.000000e+00 0.000000e+00 1.000000e+00
    outer loop
      vertex   -6.400000e+01 2.000000e+01 2.700000e+01
      vertex   -4.500000e+01 2.500000e+00 2.700000e+01
      vertex   -4.500000e+01 3.800000e+00 2.700000e+01
    endloop
  endfacet
  facet normal 0.000000e+00 0.000000e+00 1.000000e+00
    outer loop
      vertex   -6.400000e+01 2.000000e+01 2.700000e+01
      vertex   -4.500000e+01 3.800000e+00 2.700000e+01
      vertex   -4.500000e+01 1.780000e+01 2.700000e+01
    endloop
  endfacet
  facet normal 0.000000e+00 -0.000000e+00 1.000000e+00
    outer loop
      vertex   -4.500000e+01 1.780000e+01 2.700000e+01
      vertex   -2.300000e+01 1.780000e+01 2.700000e+01
      vertex   -6.400000e+01 2.000000e+01 2.700000e+01
    endloop
  endfacet
  facet normal -0.000000e+00 0.000000e+00 1.000000e+00
    outer loop
      vertex   -6.400000e+01 2.000000e+01 2.700000e+01
      vertex   -2.300000e+01 1.780000e+01 2.700000e+01
      vertex   1.800000e+01 2.000000e+01 2.700000e+01
    endloop
  endfacet
  facet normal 0.000000e+00 0.000000e+00 1.000000e+00
    outer loop
      vertex   1.800000e+01 2.000000e+01 2.700000e+01
      vertex   -2.300000e+01 1.780000e+01 2.700000e+01
      vertex   -2.300000e+01 2.500000e+00 2.700000e+01
    endloop
  endfacet
  facet normal -6.629908e-01 7.486276e-01 0.000000e+00
    outer loop
      vertex   -7.204000e+00 -1.653100e+01 5.000000e+00
      vertex   -7.204000e+00 -1.653100e+01 2.000000e+00
      vertex   -7.746000e+00 -1.701100e+01 5.000000e+00
    endloop
  endfacet
  facet normal -6.629908e-01 7.486276e-01 0.000000e+00
    outer loop
      vertex   -7.746000e+00 -1.701100e+01 5.000000e+00
      vertex   -7.204000e+00 -1.653100e+01 2.000000e+00
      vertex   -7.746000e+00 -1.701100e+01 2.000000e+00
    endloop
  endfacet
  facet normal 6.629906e-01 7.486277e-01 -0.000000e+00
    outer loop
      vertex   -3.796000e+00 -1.653100e+01 2.000000e+00
      vertex   -3.796000e+00 -1.653100e+01 5.000000e+00
      vertex   -3.254000e+00 -1.701100e+01 2.000000e+00
    endloop
  endfacet
  facet normal 6.629906e-01 7.486277e-01 -0.000000e+00
    outer loop
      vertex   -3.254000e+00 -1.701100e+01 2.000000e+00
      vertex   -3.796000e+00 -1.653100e+01 5.000000e+00
      vertex   -3.254000e+00 -1.701100e+01 5.000000e+00
    endloop
  endfacet
  facet normal 8.234364e-01 5.674086e-01 0.000000e+00
    outer loop
      vertex   -2.844000e+00 -1.760600e+01 5.000000e+00
      vertex   -2.844000e+00 -1.760600e+01 2.000000e+00
      vertex   -3.254000e+00 -1.701100e+01 5.000000e+00
    endloop
  endfacet
  facet normal 8.234364e-01 5.674086e-01 0.000000e+00
    outer loop
      vertex   -3.254000e+00 -1.701100e+01 5.000000e+00
      vertex   -2.844000e+00 -1.760600e+01 2.000000e+00
      vertex   -3.254000e+00 -1.701100e+01 2.000000e+00
    endloop
  endfacet
  facet normal 9.347281e-01 3.553636e-01 -0.000000e+00
    outer loop
      vertex   -2.844000e+00 -1.760600e+01 2.000000e+00
      vertex   -2.844000e+00 -1.760600e+01 5.000000e+00
      vertex   -2.587000e+00 -1.828200e+01 2.000000e+00
    endloop
  endfacet
  facet normal 9.347281e-01 3.553636e-01 -0.000000e+00
    outer loop
      vertex   -2.587000e+00 -1.828200e+01 2.000000e+00
      vertex   -2.844000e+00 -1.760600e+01 5.000000e+00
      vertex   -2.587000e+00 -1.828200e+01 5.000000e+00
    endloop
  endfacet
  facet normal 7.930374e-01 6.429706e-03 -6.091390e-01
    outer loop
      vertex   1.860400e+01 4.625000e+00 2.130000e-01
      vertex   1.886600e+01 -5.000000e-01 5.000000e-01
      vertex   1.870700e+01 -5.000000e-01 2.930000e-01
    endloop
  endfacet
  facet normal 9.914931e-01 0.000000e+00 -1.301589e-01
    outer loop
      vertex   1.903400e+01 -5.000000e-01 2.259000e+00
      vertex   1.900000e+01 -2.100000e+01 2.000000e+00
      vertex   1.900000e+01 2.000000e+01 2.000000e+00
    endloop
  endfacet
  facet normal -1.000000e+00 0.000000e+00 0.000000e+00
    outer loop
      vertex   1.700000e+01 -2.100000e+01 2.000000e+00
      vertex   1.700000e+01 -2.100000e+01 5.000000e+00
      vertex   1.700000e+01 1.900000e+01 2.000000e+00
    endloop
  endfacet
  facet normal -1.000000e+00 0.000000e+00 0.000000e+00
    outer loop
      vertex   1.700000e+01 1.900000e+01 2.000000e+00
      vertex   1.700000e+01 -2.100000e+01 5.000000e+00
      vertex   1.700000e+01 1.900000e+01 5.000000e+00
    endloop
  endfacet
  facet normal -2.125201e-01 1.937216e-02 -9.769646e-01
    outer loop
      vertex   1.939600e+01 -1.587500e+01 2.787000e+00
      vertex   1.950000e+01 -1.075000e+01 2.866000e+00
      vertex   1.974100e+01 -3.063000e+00 2.966000e+00
    endloop
  endfacet
  facet normal 8.657358e-01 0.000000e+00 -5.005014e-01
    outer loop
      vertex   1.929300e+01 7.188000e+00 2.707000e+00
      vertex   1.929300e+01 -5.625000e+00 2.707000e+00
      vertex   1.903400e+01 -5.000000e-01 2.259000e+00
    endloop
  endfacet
  facet normal 4.918432e-01 2.014363e-03 -8.706814e-01
    outer loop
      vertex   1.974100e+01 -3.063000e+00 2.966000e+00
      vertex   1.929300e+01 -5.625000e+00 2.707000e+00
      vertex   1.962100e+01 4.625000e+00 2.916000e+00
    endloop
  endfacet
  facet normal 5.373731e-01 0.000000e+00 -8.433446e-01
    outer loop
      vertex   1.929300e+01 7.188000e+00 2.707000e+00
      vertex   1.962100e+01 4.625000e+00 2.916000e+00
      vertex   1.929300e+01 -5.625000e+00 2.707000e+00
    endloop
  endfacet
  facet normal -8.234361e-01 5.674090e-01 0.000000e+00
    outer loop
      vertex   -8.156000e+00 -1.760600e+01 2.000000e+00
      vertex   -8.156000e+00 -1.760600e+01 5.000000e+00
      vertex   -7.746000e+00 -1.701100e+01 2.000000e+00
    endloop
  endfacet
  facet normal -8.234361e-01 5.674090e-01 0.000000e+00
    outer loop
      vertex   -7.746000e+00 -1.701100e+01 2.000000e+00
      vertex   -8.156000e+00 -1.760600e+01 5.000000e+00
      vertex   -7.746000e+00 -1.701100e+01 5.000000e+00
    endloop
  endfacet
  facet normal -4.648345e-01 8.853976e-01 0.000000e+00
    outer loop
      vertex   -6.564000e+00 -1.619500e+01 5.000000e+00
      vertex   -6.564000e+00 -1.619500e+01 2.000000e+00
      vertex   -7.204000e+00 -1.653100e+01 5.000000e+00
    endloop
  endfacet
  facet normal -4.648345e-01 8.853976e-01 0.000000e+00
    outer loop
      vertex   -7.204000e+00 -1.653100e+01 5.000000e+00
      vertex   -6.564000e+00 -1.619500e+01 2.000000e+00
      vertex   -7.204000e+00 -1.653100e+01 2.000000e+00
    endloop
  endfacet
  facet normal 1.301567e-01 0.000000e+00 9.914934e-01
    outer loop
      vertex   2.025900e+01 1.064300e+01 4.966000e+00
      vertex   2.000000e+01 1.900000e+01 5.000000e+00
      vertex   2.025900e+01 -3.286000e+00 4.966000e+00
    endloop
  endfacet
  facet normal 1.301567e-01 0.000000e+00 9.914934e-01
    outer loop
      vertex   2.025900e+01 -3.286000e+00 4.966000e+00
      vertex   2.000000e+01 1.900000e+01 5.000000e+00
      vertex   2.025900e+01 -1.442900e+01 4.966000e+00
    endloop
  endfacet
  facet normal 1.301567e-01 0.000000e+00 9.914934e-01
    outer loop
      vertex   2.025900e+01 -1.442900e+01 4.966000e+00
      vertex   2.000000e+01 1.900000e+01 5.000000e+00
      vertex   2.025900e+01 -2.000000e+01 4.966000e+00
    endloop
  endfacet
  facet normal 0.000000e+00 0.000000e+00 1.000000e+00
    outer loop
      vertex   2.026800e+01 -2.100000e+01 5.000000e+00
      vertex   2.003000e+01 -2.034700e+01 5.000000e+00
      vertex   1.700000e+01 -2.100000e+01 5.000000e+00
    endloop
  endfacet
  facet normal 0.000000e+00 0.000000e+00 1.000000e+00
    outer loop
      vertex   1.700000e+01 -2.100000e+01 5.000000e+00
      vertex   2.003000e+01 -2.034700e+01 5.000000e+00
      vertex   2.000000e+01 1.900000e+01 5.000000e+00
    endloop
  endfacet
  facet normal 0.000000e+00 0.000000e+00 1.000000e+00
    outer loop
      vertex   1.700000e+01 -2.100000e+01 5.000000e+00
      vertex   2.000000e+01 1.900000e+01 5.000000e+00
      vertex   1.700000e+01 1.900000e+01 5.000000e+00
    endloop
  endfacet
  facet normal 9.234545e-01 2.487594e-05 3.837079e-01
    outer loop
      vertex   1.886600e+01 -2.100000e+01 2.650000e+01
      vertex   1.896600e+01 -1.587500e+01 2.625900e+01
      vertex   1.891600e+01 -1.075000e+01 2.637900e+01
    endloop
  endfacet
  facet normal 7.710284e-01 3.756042e-03 6.367897e-01
    outer loop
      vertex   1.886600e+01 -2.100000e+01 2.650000e+01
      vertex   1.891600e+01 -1.075000e+01 2.637900e+01
      vertex   1.860400e+01 -1.587500e+01 2.678700e+01
    endloop
  endfacet
  facet normal 9.585448e-01 -2.680062e-03 2.849291e-01
    outer loop
      vertex   1.896600e+01 -5.625000e+00 2.625900e+01
      vertex   1.891600e+01 -1.075000e+01 2.637900e+01
      vertex   1.900000e+01 -2.100000e+01 2.600000e+01
    endloop
  endfacet
  facet normal 9.933653e-01 1.236830e-02 -1.143344e-01
    outer loop
      vertex   1.891600e+01 -1.075000e+01 2.637900e+01
      vertex   1.896600e+01 -1.587500e+01 2.625900e+01
      vertex   1.900000e+01 -2.100000e+01 2.600000e+01
    endloop
  endfacet
  facet normal -6.566138e-01 1.125193e-02 -7.541430e-01
    outer loop
      vertex   1.891600e+01 -5.000000e-01 2.637900e+01
      vertex   1.896600e+01 -5.625000e+00 2.625900e+01
      vertex   1.900000e+01 -2.100000e+01 2.600000e+01
    endloop
  endfacet
  facet normal 9.658917e-01 -6.674022e-03 2.588605e-01
    outer loop
      vertex   1.896600e+01 -1.587500e+01 2.625900e+01
      vertex   1.886600e+01 -2.100000e+01 2.650000e+01
      vertex   1.900000e+01 -2.100000e+01 2.600000e+01
    endloop
  endfacet
  facet normal 6.088996e-01 -1.328769e-02 7.931360e-01
    outer loop
      vertex   1.825900e+01 -2.100000e+01 2.696600e+01
      vertex   1.886600e+01 -2.100000e+01 2.650000e+01
      vertex   1.860400e+01 -1.587500e+01 2.678700e+01
    endloop
  endfacet
  facet normal 4.605410e-01 -0.000000e+00 8.876384e-01
    outer loop
      vertex   1.825900e+01 -2.100000e+01 2.696600e+01
      vertex   1.860400e+01 -1.587500e+01 2.678700e+01
      vertex   1.825900e+01 -1.331300e+01 2.696600e+01
    endloop
  endfacet
  facet normal 1.301589e-01 9.914931e-01 -0.000000e+00
    outer loop
      vertex   -1.018000e+00 -2.093200e+01 2.000000e+00
      vertex   -1.018000e+00 -2.093200e+01 5.000000e+00
      vertex   -5.000000e-01 -2.100000e+01 2.000000e+00
    endloop
  endfacet
  facet normal 1.301589e-01 9.914931e-01 -0.000000e+00
    outer loop
      vertex   -5.000000e-01 -2.100000e+01 2.000000e+00
      vertex   -1.018000e+00 -2.093200e+01 5.000000e+00
      vertex   -5.000000e-01 -2.100000e+01 5.000000e+00
    endloop
  endfacet
  facet normal 3.832524e-01 9.236436e-01 -0.000000e+00
    outer loop
      vertex   -1.500000e+00 -2.073200e+01 2.000000e+00
      vertex   -1.500000e+00 -2.073200e+01 5.000000e+00
      vertex   -1.018000e+00 -2.093200e+01 2.000000e+00
    endloop
  endfacet
  facet normal 3.832524e-01 9.236436e-01 -0.000000e+00
    outer loop
      vertex   -1.018000e+00 -2.093200e+01 2.000000e+00
      vertex   -1.500000e+00 -2.073200e+01 5.000000e+00
      vertex   -1.018000e+00 -2.093200e+01 5.000000e+00
    endloop
  endfacet
  facet normal 8.161940e-01 -3.692416e-03 5.777661e-01
    outer loop
      vertex   1.870700e+01 -5.625000e+00 2.670700e+01
      vertex   1.860400e+01 -1.587500e+01 2.678700e+01
      vertex   1.891600e+01 -1.075000e+01 2.637900e+01
    endloop
  endfacet
  facet normal 6.091561e-01 7.930504e-01 0.000000e+00
    outer loop
      vertex   -1.500000e+00 -2.073200e+01 5.000000e+00
      vertex   -1.500000e+00 -2.073200e+01 2.000000e+00
      vertex   -1.914000e+00 -2.041400e+01 5.000000e+00
    endloop
  endfacet
  facet normal 6.091561e-01 7.930504e-01 0.000000e+00
    outer loop
      vertex   -1.914000e+00 -2.041400e+01 5.000000e+00
      vertex   -1.500000e+00 -2.073200e+01 2.000000e+00
      vertex   -1.914000e+00 -2.041400e+01 2.000000e+00
    endloop
  endfacet
  facet normal 9.763083e-01 -0.000000e+00 2.163842e-01
    outer loop
      vertex   1.900000e+01 -2.100000e+01 2.600000e+01
      vertex   1.900000e+01 2.000000e+01 2.600000e+01
      vertex   1.891600e+01 -5.000000e-01 2.637900e+01
    endloop
  endfacet
  facet normal 9.922284e-01 1.244299e-01 0.000000e+00
    outer loop
      vertex   -2.432000e+00 -1.951800e+01 5.000000e+00
      vertex   -2.432000e+00 -1.951800e+01 2.000000e+00
      vertex   -2.587000e+00 -1.828200e+01 5.000000e+00
    endloop
  endfacet
  facet normal 9.922284e-01 1.244299e-01 0.000000e+00
    outer loop
      vertex   -2.587000e+00 -1.828200e+01 5.000000e+00
      vertex   -2.432000e+00 -1.951800e+01 2.000000e+00
      vertex   -2.587000e+00 -1.828200e+01 2.000000e+00
    endloop
  endfacet
  facet normal 8.657311e-01 3.272861e-03 5.004987e-01
    outer loop
      vertex   1.896600e+01 -5.625000e+00 2.625900e+01
      vertex   1.870700e+01 -5.625000e+00 2.670700e+01
      vertex   1.891600e+01 -1.075000e+01 2.637900e+01
    endloop
  endfacet
  facet normal 7.930507e-01 6.091557e-01 -0.000000e+00
    outer loop
      vertex   -2.232000e+00 -2.000000e+01 2.000000e+00
      vertex   -2.232000e+00 -2.000000e+01 5.000000e+00
      vertex   -1.914000e+00 -2.041400e+01 2.000000e+00
    endloop
  endfacet
  facet normal 7.930507e-01 6.091557e-01 -0.000000e+00
    outer loop
      vertex   -1.914000e+00 -2.041400e+01 2.000000e+00
      vertex   -2.232000e+00 -2.000000e+01 5.000000e+00
      vertex   -1.914000e+00 -2.041400e+01 5.000000e+00
    endloop
  endfacet
  facet normal 9.236431e-01 3.832538e-01 0.000000e+00
    outer loop
      vertex   -2.232000e+00 -2.000000e+01 5.000000e+00
      vertex   -2.232000e+00 -2.000000e+01 2.000000e+00
      vertex   -2.432000e+00 -1.951800e+01 5.000000e+00
    endloop
  endfacet
  facet normal 9.236431e-01 3.832538e-01 0.000000e+00
    outer loop
      vertex   -2.432000e+00 -1.951800e+01 5.000000e+00
      vertex   -2.232000e+00 -2.000000e+01 2.000000e+00
      vertex   -2.432000e+00 -1.951800e+01 2.000000e+00
    endloop
  endfacet
  facet normal 5.004903e-01 6.643079e-03 8.657167e-01
    outer loop
      vertex   1.870700e+01 -5.625000e+00 2.670700e+01
      vertex   1.825900e+01 -5.625000e+00 2.696600e+01
      vertex   1.850000e+01 -1.075000e+01 2.686600e+01
    endloop
  endfacet
  facet normal 4.298752e-01 -5.193881e-03 9.028734e-01
    outer loop
      vertex   1.860400e+01 -1.587500e+01 2.678700e+01
      vertex   1.850000e+01 -1.075000e+01 2.686600e+01
      vertex   1.825900e+01 -1.331300e+01 2.696600e+01
    endloop
  endfacet
  facet normal 3.832566e-01 0.000000e+00 9.236419e-01
    outer loop
      vertex   1.825900e+01 -5.625000e+00 2.696600e+01
      vertex   1.825900e+01 -1.331300e+01 2.696600e+01
      vertex   1.850000e+01 -1.075000e+01 2.686600e+01
    endloop
  endfacet
  facet normal 8.662128e-01 -3.345923e-03 4.996640e-01
    outer loop
      vertex   1.870700e+01 -5.625000e+00 2.670700e+01
      vertex   1.891600e+01 -5.000000e-01 2.637900e+01
      vertex   1.886600e+01 4.625000e+00 2.650000e+01
    endloop
  endfacet
  facet normal 8.657311e-01 -3.272861e-03 5.004987e-01
    outer loop
      vertex   1.896600e+01 -5.625000e+00 2.625900e+01
      vertex   1.891600e+01 -5.000000e-01 2.637900e+01
      vertex   1.870700e+01 -5.625000e+00 2.670700e+01
    endloop
  endfacet
  facet normal 6.077287e-01 9.122719e-05 7.941447e-01
    outer loop
      vertex   1.860400e+01 -1.587500e+01 2.678700e+01
      vertex   1.870700e+01 -5.625000e+00 2.670700e+01
      vertex   1.850000e+01 -1.075000e+01 2.686600e+01
    endloop
  endfacet
  facet normal 9.235610e-01 1.323973e-02 3.832230e-01
    outer loop
      vertex   1.896600e+01 1.487500e+01 2.625900e+01
      vertex   1.900000e+01 2.000000e+01 2.600000e+01
      vertex   1.886600e+01 1.487500e+01 2.650000e+01
    endloop
  endfacet
  facet normal 2.392803e-01 9.709505e-01 0.000000e+00
    outer loop
      vertex   -4.436000e+00 -1.619500e+01 5.000000e+00
      vertex   -4.436000e+00 -1.619500e+01 2.000000e+00
      vertex   -5.138000e+00 -1.602200e+01 5.000000e+00
    endloop
  endfacet
  facet normal 2.392803e-01 9.709505e-01 0.000000e+00
    outer loop
      vertex   -5.138000e+00 -1.602200e+01 5.000000e+00
      vertex   -4.436000e+00 -1.619500e+01 2.000000e+00
      vertex   -5.138000e+00 -1.602200e+01 2.000000e+00
    endloop
  endfacet
  facet normal 4.648345e-01 8.853976e-01 0.000000e+00
    outer loop
      vertex   -3.796000e+00 -1.653100e+01 5.000000e+00
      vertex   -3.796000e+00 -1.653100e+01 2.000000e+00
      vertex   -4.436000e+00 -1.619500e+01 5.000000e+00
    endloop
  endfacet
  facet normal 4.648345e-01 8.853976e-01 0.000000e+00
    outer loop
      vertex   -4.436000e+00 -1.619500e+01 5.000000e+00
      vertex   -3.796000e+00 -1.653100e+01 2.000000e+00
      vertex   -4.436000e+00 -1.619500e+01 2.000000e+00
    endloop
  endfacet
  facet normal 9.659132e-01 -0.000000e+00 2.588662e-01
    outer loop
      vertex   1.886600e+01 1.487500e+01 2.650000e+01
      vertex   1.900000e+01 2.000000e+01 2.600000e+01
      vertex   1.886600e+01 2.000000e+01 2.650000e+01
    endloop
  endfacet
  facet normal -5.100616e-01 2.527525e-02 8.597665e-01
    outer loop
      vertex   1.870700e+01 -5.625000e+00 2.670700e+01
      vertex   1.886600e+01 4.625000e+00 2.650000e+01
      vertex   1.891600e+01 9.750000e+00 2.637900e+01
    endloop
  endfacet
  facet normal -2.392803e-01 9.709505e-01 0.000000e+00
    outer loop
      vertex   -5.862000e+00 -1.602200e+01 5.000000e+00
      vertex   -5.862000e+00 -1.602200e+01 2.000000e+00
      vertex   -6.564000e+00 -1.619500e+01 5.000000e+00
    endloop
  endfacet
  facet normal -2.392803e-01 9.709505e-01 0.000000e+00
    outer loop
      vertex   -6.564000e+00 -1.619500e+01 5.000000e+00
      vertex   -5.862000e+00 -1.602200e+01 2.000000e+00
      vertex   -6.564000e+00 -1.619500e+01 2.000000e+00
    endloop
  endfacet
  facet normal 0.000000e+00 1.000000e+00 0.000000e+00
    outer loop
      vertex   -5.862000e+00 -1.602200e+01 2.000000e+00
      vertex   -5.862000e+00 -1.602200e+01 5.000000e+00
      vertex   -5.138000e+00 -1.602200e+01 2.000000e+00
    endloop
  endfacet
  facet normal 0.000000e+00 1.000000e+00 -0.000000e+00
    outer loop
      vertex   -5.138000e+00 -1.602200e+01 2.000000e+00
      vertex   -5.862000e+00 -1.602200e+01 5.000000e+00
      vertex   -5.138000e+00 -1.602200e+01 5.000000e+00
    endloop
  endfacet
  facet normal 1.301585e-01 -0.000000e+00 9.914932e-01
    outer loop
      vertex   1.825900e+01 -2.100000e+01 2.696600e+01
      vertex   1.825900e+01 -1.331300e+01 2.696600e+01
      vertex   1.800000e+01 -2.100000e+01 2.700000e+01
    endloop
  endfacet
  facet normal 1.301585e-01 0.000000e+00 9.914932e-01
    outer loop
      vertex   1.800000e+01 -2.100000e+01 2.700000e+01
      vertex   1.825900e+01 -1.331300e+01 2.696600e+01
      vertex   1.825900e+01 -5.625000e+00 2.696600e+01
    endloop
  endfacet
  facet normal 1.301585e-01 -0.000000e+00 9.914932e-01
    outer loop
      vertex   1.800000e+01 -2.100000e+01 2.700000e+01
      vertex   1.825900e+01 -5.625000e+00 2.696600e+01
      vertex   1.800000e+01 2.000000e+01 2.700000e+01
    endloop
  endfacet
  facet normal 1.301585e-01 0.000000e+00 9.914932e-01
    outer loop
      vertex   1.800000e+01 2.000000e+01 2.700000e+01
      vertex   1.825900e+01 -5.625000e+00 2.696600e+01
      vertex   1.825900e+01 1.231300e+01 2.696600e+01
    endloop
  endfacet
  facet normal 6.718183e-03 6.277538e-01 -7.783829e-01
    outer loop
      vertex   1.600000e+00 2.050000e+01 1.340000e-01
      vertex   2.967000e+00 2.074700e+01 3.450000e-01
      vertex   1.253300e+01 2.025900e+01 3.400000e-02
    endloop
  endfacet
  facet normal -2.365916e-02 2.358604e-01 9.714989e-01
    outer loop
      vertex   -3.867000e+00 2.086600e+01 5.000000e-01
      vertex   1.800000e+01 2.100000e+01 1.000000e+00
      vertex   1.600000e+00 2.091600e+01 6.210000e-01
    endloop
  endfacet
  facet normal -2.192182e-03 8.845314e-01 -4.664755e-01
    outer loop
      vertex   1.800000e+01 2.086600e+01 5.000000e-01
      vertex   2.967000e+00 2.074700e+01 3.450000e-01
      vertex   7.067000e+00 2.096600e+01 7.410000e-01
    endloop
  endfacet
  facet normal 3.331622e-03 8.600819e-01 -5.101451e-01
    outer loop
      vertex   1.600000e+00 2.091600e+01 6.210000e-01
      vertex   7.067000e+00 2.096600e+01 7.410000e-01
      vertex   2.967000e+00 2.074700e+01 3.450000e-01
    endloop
  endfacet
  facet normal -2.361768e-02 2.769042e-01 9.606073e-01
    outer loop
      vertex   1.800000e+01 2.100000e+01 1.000000e+00
      vertex   7.067000e+00 2.096600e+01 7.410000e-01
      vertex   1.600000e+00 2.091600e+01 6.210000e-01
    endloop
  endfacet
  facet normal 3.128579e-03 9.659085e-01 -2.588650e-01
    outer loop
      vertex   1.800000e+01 2.100000e+01 1.000000e+00
      vertex   1.800000e+01 2.086600e+01 5.000000e-01
      vertex   7.067000e+00 2.096600e+01 7.410000e-01
    endloop
  endfacet
  facet normal -1.594699e-03 5.150168e-01 -8.571786e-01
    outer loop
      vertex   1.800000e+01 2.070700e+01 2.930000e-01
      vertex   1.253300e+01 2.025900e+01 3.400000e-02
      vertex   2.967000e+00 2.074700e+01 3.450000e-01
    endloop
  endfacet
  facet normal 3.026342e-06 7.930538e-01 -6.091515e-01
    outer loop
      vertex   2.967000e+00 2.074700e+01 3.450000e-01
      vertex   1.800000e+01 2.086600e+01 5.000000e-01
      vertex   1.800000e+01 2.070700e+01 2.930000e-01
    endloop
  endfacet
  facet normal -4.082096e-03 5.373689e-01 -8.433374e-01
    outer loop
      vertex   1.800000e+01 2.037900e+01 8.400000e-02
      vertex   1.253300e+01 2.025900e+01 3.400000e-02
      vertex   1.800000e+01 2.070700e+01 2.930000e-01
    endloop
  endfacet
  facet normal 0.000000e+00 -1.000000e+00 0.000000e+00
    outer loop
      vertex   1.700000e+01 1.900000e+01 2.000000e+00
      vertex   1.700000e+01 1.900000e+01 5.000000e+00
      vertex   -5.000000e-01 1.900000e+01 2.000000e+00
    endloop
  endfacet
  facet normal 0.000000e+00 -1.000000e+00 0.000000e+00
    outer loop
      vertex   -5.000000e-01 1.900000e+01 2.000000e+00
      vertex   1.700000e+01 1.900000e+01 5.000000e+00
      vertex   -5.000000e-01 1.900000e+01 5.000000e+00
    endloop
  endfacet
  facet normal 0.000000e+00 -1.000000e+00 0.000000e+00
    outer loop
      vertex   -5.000000e-01 1.900000e+01 5.000000e+00
      vertex   1.700000e+01 1.900000e+01 5.000000e+00
      vertex   1.700000e+01 1.900000e+01 1.650000e+01
    endloop
  endfacet
  facet normal 0.000000e+00 -1.000000e+00 0.000000e+00
    outer loop
      vertex   -5.000000e-01 1.900000e+01 5.000000e+00
      vertex   1.700000e+01 1.900000e+01 1.650000e+01
      vertex   -1.050000e+01 1.900000e+01 5.000000e+00
    endloop
  endfacet
  facet normal 0.000000e+00 -1.000000e+00 0.000000e+00
    outer loop
      vertex   -1.050000e+01 1.900000e+01 5.000000e+00
      vertex   1.700000e+01 1.900000e+01 1.650000e+01
      vertex   -5.600000e+01 1.900000e+01 5.000000e+00
    endloop
  endfacet
  facet normal -0.000000e+00 -1.000000e+00 0.000000e+00
    outer loop
      vertex   -1.050000e+01 1.900000e+01 5.000000e+00
      vertex   -5.600000e+01 1.900000e+01 5.000000e+00
      vertex   -5.600000e+01 1.900000e+01 2.000000e+00
    endloop
  endfacet
  facet normal 0.000000e+00 -1.000000e+00 0.000000e+00
    outer loop
      vertex   1.700000e+01 1.900000e+01 5.000000e+00
      vertex   2.000000e+01 1.900000e+01 5.000000e+00
      vertex   1.700000e+01 1.900000e+01 1.650000e+01
    endloop
  endfacet
  facet normal 0.000000e+00 -1.000000e+00 0.000000e+00
    outer loop
      vertex   1.700000e+01 1.900000e+01 1.650000e+01
      vertex   2.000000e+01 1.900000e+01 5.000000e+00
      vertex   6.300000e+01 1.900000e+01 1.650000e+01
    endloop
  endfacet
  facet normal 0.000000e+00 -1.000000e+00 -0.000000e+00
    outer loop
      vertex   6.300000e+01 1.900000e+01 1.650000e+01
      vertex   2.000000e+01 1.900000e+01 5.000000e+00
      vertex   6.300000e+01 1.900000e+01 4.000000e+00
    endloop
  endfacet
  facet normal 0.000000e+00 -1.000000e+00 0.000000e+00
    outer loop
      vertex   6.300000e+01 1.900000e+01 4.000000e+00
      vertex   2.000000e+01 1.900000e+01 5.000000e+00
      vertex   2.037900e+01 1.900000e+01 4.916000e+00
    endloop
  endfacet
  facet normal 0.000000e+00 -1.000000e+00 0.000000e+00
    outer loop
      vertex   6.300000e+01 1.900000e+01 4.000000e+00
      vertex   2.037900e+01 1.900000e+01 4.916000e+00
      vertex   2.070700e+01 1.900000e+01 4.707000e+00
    endloop
  endfacet
  facet normal 0.000000e+00 -1.000000e+00 0.000000e+00
    outer loop
      vertex   2.070700e+01 1.900000e+01 4.707000e+00
      vertex   2.086600e+01 1.900000e+01 4.500000e+00
      vertex   6.300000e+01 1.900000e+01 4.000000e+00
    endloop
  endfacet
  facet normal 0.000000e+00 -1.000000e+00 0.000000e+00
    outer loop
      vertex   6.300000e+01 1.900000e+01 4.000000e+00
      vertex   2.086600e+01 1.900000e+01 4.500000e+00
      vertex   2.100000e+01 1.900000e+01 4.000000e+00
    endloop
  endfacet
  facet normal -0.000000e+00 -1.000000e+00 -0.000000e+00
    outer loop
      vertex   1.700000e+01 1.900000e+01 2.500000e+01
      vertex   -6.300000e+01 1.900000e+01 2.500000e+01
      vertex   1.700000e+01 1.900000e+01 1.650000e+01
    endloop
  endfacet
  facet normal -0.000000e+00 -1.000000e+00 0.000000e+00
    outer loop
      vertex   1.700000e+01 1.900000e+01 1.650000e+01
      vertex   -6.300000e+01 1.900000e+01 2.500000e+01
      vertex   -5.600000e+01 1.900000e+01 5.000000e+00
    endloop
  endfacet
  facet normal 0.000000e+00 -1.000000e+00 0.000000e+00
    outer loop
      vertex   -6.300000e+01 1.900000e+01 2.500000e+01
      vertex   -6.300000e+01 1.900000e+01 5.000000e+00
      vertex   -5.600000e+01 1.900000e+01 5.000000e+00
    endloop
  endfacet
  facet normal 0.000000e+00 -1.000000e+00 0.000000e+00
    outer loop
      vertex   -5.600000e+01 1.900000e+01 2.000000e+00
      vertex   -1.050000e+01 1.900000e+01 2.000000e+00
      vertex   -1.050000e+01 1.900000e+01 5.000000e+00
    endloop
  endfacet
  facet normal 3.238840e-03 5.004987e-01 8.657312e-01
    outer loop
      vertex   1.600000e+00 2.070700e+01 2.670700e+01
      vertex   -3.867000e+00 2.060400e+01 2.678700e+01
      vertex   1.600000e+00 2.025900e+01 2.696600e+01
    endloop
  endfacet
  facet normal -3.238841e-03 5.004987e-01 8.657312e-01
    outer loop
      vertex   1.600000e+00 2.070700e+01 2.670700e+01
      vertex   1.600000e+00 2.025900e+01 2.696600e+01
      vertex   7.067000e+00 2.060400e+01 2.678700e+01
    endloop
  endfacet
  facet normal 8.681103e-03 5.654459e-01 8.247397e-01
    outer loop
      vertex   7.067000e+00 2.060400e+01 2.678700e+01
      vertex   1.253300e+01 2.025900e+01 2.696600e+01
      vertex   1.253300e+01 2.078700e+01 2.660400e+01
    endloop
  endfacet
  facet normal -4.168893e-03 7.666142e-01 6.420945e-01
    outer loop
      vertex   1.600000e+00 2.091600e+01 2.637900e+01
      vertex   7.067000e+00 2.060400e+01 2.678700e+01
      vertex   1.253300e+01 2.078700e+01 2.660400e+01
    endloop
  endfacet
  facet normal 8.025221e-03 8.433178e-01 5.373553e-01
    outer loop
      vertex   7.067000e+00 2.060400e+01 2.678700e+01
      vertex   1.600000e+00 2.091600e+01 2.637900e+01
      vertex   1.600000e+00 2.070700e+01 2.670700e+01
    endloop
  endfacet
  facet normal 0.000000e+00 4.605410e-01 8.876384e-01
    outer loop
      vertex   1.253300e+01 2.025900e+01 2.696600e+01
      vertex   7.067000e+00 2.060400e+01 2.678700e+01
      vertex   1.600000e+00 2.025900e+01 2.696600e+01
    endloop
  endfacet
  facet normal 2.078493e-03 9.394516e-01 3.426753e-01
    outer loop
      vertex   -3.867000e+00 2.086600e+01 2.650000e+01
      vertex   1.800000e+01 2.100000e+01 2.600000e+01
      vertex   -9.333000e+00 2.096600e+01 2.625900e+01
    endloop
  endfacet
  facet normal 0.000000e+00 1.301585e-01 9.914932e-01
    outer loop
      vertex   1.253300e+01 2.025900e+01 2.696600e+01
      vertex   1.600000e+00 2.025900e+01 2.696600e+01
      vertex   1.800000e+01 2.000000e+01 2.700000e+01
    endloop
  endfacet
  facet normal 0.000000e+00 1.301585e-01 9.914932e-01
    outer loop
      vertex   1.800000e+01 2.000000e+01 2.700000e+01
      vertex   1.600000e+00 2.025900e+01 2.696600e+01
      vertex   -3.867000e+00 2.025900e+01 2.696600e+01
    endloop
  endfacet
  facet normal 0.000000e+00 1.301585e-01 9.914932e-01
    outer loop
      vertex   1.800000e+01 2.000000e+01 2.700000e+01
      vertex   -3.867000e+00 2.025900e+01 2.696600e+01
      vertex   -1.480000e+01 2.025900e+01 2.696600e+01
    endloop
  endfacet
  facet normal 0.000000e+00 1.301585e-01 9.914932e-01
    outer loop
      vertex   -1.480000e+01 2.025900e+01 2.696600e+01
      vertex   -2.026700e+01 2.025900e+01 2.696600e+01
      vertex   1.800000e+01 2.000000e+01 2.700000e+01
    endloop
  endfacet
  facet normal 0.000000e+00 1.301585e-01 9.914932e-01
    outer loop
      vertex   1.800000e+01 2.000000e+01 2.700000e+01
      vertex   -2.026700e+01 2.025900e+01 2.696600e+01
      vertex   -6.400000e+01 2.000000e+01 2.700000e+01
    endloop
  endfacet
  facet normal -2.365915e-02 2.358438e-01 -9.715029e-01
    outer loop
      vertex   1.800000e+01 2.100000e+01 2.600000e+01
      vertex   -3.867000e+00 2.086600e+01 2.650000e+01
      vertex   1.600000e+00 2.091600e+01 2.637900e+01
    endloop
  endfacet
  facet normal 1.034992e-03 9.659127e-01 2.588661e-01
    outer loop
      vertex   1.800000e+01 2.086600e+01 2.650000e+01
      vertex   1.800000e+01 2.100000e+01 2.600000e+01
      vertex   1.600000e+00 2.091600e+01 2.637900e+01
    endloop
  endfacet
  facet normal -1.534841e-03 8.335319e-01 5.524692e-01
    outer loop
      vertex   1.800000e+01 2.086600e+01 2.650000e+01
      vertex   1.600000e+00 2.091600e+01 2.637900e+01
      vertex   1.253300e+01 2.078700e+01 2.660400e+01
    endloop
  endfacet
  facet normal 3.233703e-03 7.071031e-01 7.071031e-01
    outer loop
      vertex   1.800000e+01 2.050000e+01 2.686600e+01
      vertex   1.800000e+01 2.086600e+01 2.650000e+01
      vertex   1.253300e+01 2.078700e+01 2.660400e+01
    endloop
  endfacet
  facet normal -9.840344e-03 5.654398e-01 8.247308e-01
    outer loop
      vertex   1.253300e+01 2.025900e+01 2.696600e+01
      vertex   1.800000e+01 2.050000e+01 2.686600e+01
      vertex   1.253300e+01 2.078700e+01 2.660400e+01
    endloop
  endfacet
  facet normal 6.256531e-03 2.588612e-01 9.658943e-01
    outer loop
      vertex   1.800000e+01 2.000000e+01 2.700000e+01
      vertex   1.800000e+01 2.050000e+01 2.686600e+01
      vertex   1.253300e+01 2.025900e+01 2.696600e+01
    endloop
  endfacet
  facet normal 9.236423e-01 0.000000e+00 -3.832556e-01
    outer loop
      vertex   1.896600e+01 -5.000000e-01 7.410000e-01
      vertex   1.886600e+01 -5.000000e-01 5.000000e-01
      vertex   1.886600e+01 4.625000e+00 5.000000e-01
    endloop
  endfacet
  facet normal 6.213698e-01 2.470177e-02 -7.831280e-01
    outer loop
      vertex   1.913400e+01 4.625000e+00 2.500000e+00
      vertex   1.929300e+01 7.188000e+00 2.707000e+00
      vertex   1.903400e+01 -5.000000e-01 2.259000e+00
    endloop
  endfacet
  facet normal -1.301576e-01 0.000000e+00 9.914933e-01
    outer loop
      vertex   -6.425900e+01 9.750000e+00 2.696600e+01
      vertex   -6.425900e+01 4.625000e+00 2.696600e+01
      vertex   -6.400000e+01 2.000000e+01 2.700000e+01
    endloop
  endfacet
  facet normal -1.301576e-01 0.000000e+00 9.914933e-01
    outer loop
      vertex   -6.400000e+01 2.000000e+01 2.700000e+01
      vertex   -6.425900e+01 4.625000e+00 2.696600e+01
      vertex   -6.425900e+01 -5.000000e-01 2.696600e+01
    endloop
  endfacet
  facet normal -1.301576e-01 0.000000e+00 9.914933e-01
    outer loop
      vertex   -6.400000e+01 2.000000e+01 2.700000e+01
      vertex   -6.425900e+01 -5.000000e-01 2.696600e+01
      vertex   -6.400000e+01 -2.100000e+01 2.700000e+01
    endloop
  endfacet
  facet normal -5.004919e-01 -6.642986e-03 8.657157e-01
    outer loop
      vertex   -6.450000e+01 1.487500e+01 2.686600e+01
      vertex   -6.470700e+01 9.750000e+00 2.670700e+01
      vertex   -6.425900e+01 9.750000e+00 2.696600e+01
    endloop
  endfacet
  facet normal -6.091502e-01 0.000000e+00 7.930549e-01
    outer loop
      vertex   -6.470700e+01 9.750000e+00 2.670700e+01
      vertex   -6.450000e+01 1.487500e+01 2.686600e+01
      vertex   -6.470700e+01 1.487500e+01 2.670700e+01
    endloop
  endfacet
  facet normal 4.605432e-01 0.000000e+00 -8.876373e-01
    outer loop
      vertex   1.825900e+01 4.625000e+00 3.400000e-02
      vertex   1.825900e+01 9.750000e+00 3.400000e-02
      vertex   1.860400e+01 4.625000e+00 2.130000e-01
    endloop
  endfacet
  facet normal -6.091367e-01 6.644703e-03 7.930374e-01
    outer loop
      vertex   -6.470700e+01 1.487500e+01 2.670700e+01
      vertex   -6.450000e+01 1.487500e+01 2.686600e+01
      vertex   -6.437900e+01 2.000000e+01 2.691600e+01
    endloop
  endfacet
  facet normal 9.914931e-01 0.000000e+00 -1.301589e-01
    outer loop
      vertex   1.900000e+01 -2.100000e+01 1.000000e+00
      vertex   1.896600e+01 -5.000000e-01 7.410000e-01
      vertex   1.900000e+01 2.000000e+01 1.000000e+00
    endloop
  endfacet
  facet normal -5.373704e-01 0.000000e+00 8.433463e-01
    outer loop
      vertex   -6.437900e+01 2.000000e+01 2.691600e+01
      vertex   -6.470700e+01 2.000000e+01 2.670700e+01
      vertex   -6.470700e+01 1.487500e+01 2.670700e+01
    endloop
  endfacet
  facet normal 1.301570e-01 0.000000e+00 -9.914934e-01
    outer loop
      vertex   1.825900e+01 9.750000e+00 3.400000e-02
      vertex   1.825900e+01 4.625000e+00 3.400000e-02
      vertex   1.800000e+01 2.000000e+01 0.000000e+00
    endloop
  endfacet
  facet normal 1.301570e-01 0.000000e+00 -9.914934e-01
    outer loop
      vertex   1.800000e+01 2.000000e+01 0.000000e+00
      vertex   1.825900e+01 4.625000e+00 3.400000e-02
      vertex   1.825900e+01 -5.000000e-01 3.400000e-02
    endloop
  endfacet
  facet normal 1.301570e-01 0.000000e+00 -9.914934e-01
    outer loop
      vertex   1.800000e+01 2.000000e+01 0.000000e+00
      vertex   1.825900e+01 -5.000000e-01 3.400000e-02
      vertex   1.800000e+01 -2.100000e+01 0.000000e+00
    endloop
  endfacet
  facet normal 8.433358e-01 4.459285e-03 -5.373685e-01
    outer loop
      vertex   1.891600e+01 9.750000e+00 6.210000e-01
      vertex   1.886600e+01 4.625000e+00 5.000000e-01
      vertex   1.870700e+01 9.750000e+00 2.930000e-01
    endloop
  endfacet
  facet normal 7.385423e-01 0.000000e+00 -6.742071e-01
    outer loop
      vertex   1.886600e+01 4.625000e+00 5.000000e-01
      vertex   1.886600e+01 -5.000000e-01 5.000000e-01
      vertex   1.860400e+01 4.625000e+00 2.130000e-01
    endloop
  endfacet
  facet normal 7.385354e-01 -4.318741e-03 -6.742008e-01
    outer loop
      vertex   1.860400e+01 4.625000e+00 2.130000e-01
      vertex   1.870700e+01 9.750000e+00 2.930000e-01
      vertex   1.886600e+01 4.625000e+00 5.000000e-01
    endloop
  endfacet
  facet normal 5.005000e-01 3.454938e-03 -8.657296e-01
    outer loop
      vertex   1.870700e+01 9.750000e+00 2.930000e-01
      vertex   1.860400e+01 4.625000e+00 2.130000e-01
      vertex   1.825900e+01 9.750000e+00 3.400000e-02
    endloop
  endfacet
  facet normal -8.967027e-01 4.425813e-01 6.794401e-03
    outer loop
      vertex   -6.486600e+01 2.050000e+01 1.850000e+01
      vertex   -6.496600e+01 2.025900e+01 2.100000e+01
      vertex   -6.470700e+01 2.070700e+01 2.600000e+01
    endloop
  endfacet
  facet normal -9.914951e-01 1.301442e-01 0.000000e+00
    outer loop
      vertex   -6.496600e+01 2.025900e+01 2.100000e+01
      vertex   -6.500000e+01 2.000000e+01 2.600000e+01
      vertex   -6.496600e+01 2.025900e+01 2.600000e+01
    endloop
  endfacet
  facet normal -8.657326e-01 5.005069e-01 0.000000e+00
    outer loop
      vertex   -6.496600e+01 2.025900e+01 2.100000e+01
      vertex   -6.496600e+01 2.025900e+01 2.600000e+01
      vertex   -6.470700e+01 2.070700e+01 2.600000e+01
    endloop
  endfacet
  facet normal 8.239014e-01 -5.341597e-03 -5.667080e-01
    outer loop
      vertex   1.929300e+01 7.188000e+00 2.707000e+00
      vertex   1.913400e+01 4.625000e+00 2.500000e+00
      vertex   1.908400e+01 9.750000e+00 2.379000e+00
    endloop
  endfacet
  facet normal 9.424161e-01 -2.662215e-03 -3.344321e-01
    outer loop
      vertex   1.913400e+01 4.625000e+00 2.500000e+00
      vertex   1.903400e+01 -5.000000e-01 2.259000e+00
      vertex   1.900000e+01 2.000000e+01 2.000000e+00
    endloop
  endfacet
  facet normal 2.849304e-01 -1.786702e-03 -9.585465e-01
    outer loop
      vertex   2.000000e+01 2.000000e+01 3.000000e+00
      vertex   1.974100e+01 -3.063000e+00 2.966000e+00
      vertex   1.962100e+01 4.625000e+00 2.916000e+00
    endloop
  endfacet
  facet normal 3.007613e-01 -2.203434e-03 -9.536969e-01
    outer loop
      vertex   1.962100e+01 4.625000e+00 2.916000e+00
      vertex   1.950000e+01 9.750000e+00 2.866000e+00
      vertex   2.000000e+01 2.000000e+01 3.000000e+00
    endloop
  endfacet
  facet normal 5.667221e-01 5.342242e-03 -8.238917e-01
    outer loop
      vertex   1.929300e+01 7.188000e+00 2.707000e+00
      vertex   1.950000e+01 9.750000e+00 2.866000e+00
      vertex   1.962100e+01 4.625000e+00 2.916000e+00
    endloop
  endfacet
  facet normal -7.930584e-01 0.000000e+00 6.091456e-01
    outer loop
      vertex   -6.470700e+01 1.487500e+01 2.670700e+01
      vertex   -6.470700e+01 2.000000e+01 2.670700e+01
      vertex   -6.486600e+01 2.000000e+01 2.650000e+01
    endloop
  endfacet
  facet normal -2.163847e-01 2.229213e-03 9.763056e-01
    outer loop
      vertex   -6.400000e+01 2.000000e+01 2.700000e+01
      vertex   -6.437900e+01 2.000000e+01 2.691600e+01
      vertex   -6.425900e+01 9.750000e+00 2.696600e+01
    endloop
  endfacet
  facet normal -3.828063e-01 2.495965e-05 9.238286e-01
    outer loop
      vertex   -6.437900e+01 2.000000e+01 2.691600e+01
      vertex   -6.450000e+01 1.487500e+01 2.686600e+01
      vertex   -6.425900e+01 9.750000e+00 2.696600e+01
    endloop
  endfacet
  facet normal 5.005034e-01 -0.000000e+00 8.657346e-01
    outer loop
      vertex   2.025900e+01 -3.286000e+00 4.966000e+00
      vertex   2.070700e+01 7.857000e+00 4.707000e+00
      vertex   2.025900e+01 1.064300e+01 4.966000e+00
    endloop
  endfacet
  facet normal 5.005034e-01 0.000000e+00 8.657346e-01
    outer loop
      vertex   2.025900e+01 1.064300e+01 4.966000e+00
      vertex   2.070700e+01 7.857000e+00 4.707000e+00
      vertex   2.070700e+01 1.900000e+01 4.707000e+00
    endloop
  endfacet
  facet normal -9.582068e-01 9.765116e-02 2.688939e-01
    outer loop
      vertex   -6.496600e+01 2.025900e+01 2.600000e+01
      vertex   -6.483200e+01 2.031000e+01 2.645900e+01
      vertex   -6.489000e+01 2.039900e+01 2.622000e+01
    endloop
  endfacet
  facet normal -9.933591e-01 -1.237023e-02 -1.143882e-01
    outer loop
      vertex   -6.491600e+01 9.750000e+00 2.637900e+01
      vertex   -6.496600e+01 1.487500e+01 2.625900e+01
      vertex   -6.500000e+01 2.000000e+01 2.600000e+01
    endloop
  endfacet
  facet normal 8.433441e-01 0.000000e+00 -5.373739e-01
    outer loop
      vertex   1.891600e+01 9.750000e+00 6.210000e-01
      vertex   1.870700e+01 9.750000e+00 2.930000e-01
      vertex   1.870700e+01 1.487500e+01 2.930000e-01
    endloop
  endfacet
  facet normal -9.546046e-01 1.394980e-01 2.631927e-01
    outer loop
      vertex   -6.496600e+01 2.025900e+01 2.600000e+01
      vertex   -6.486600e+01 2.000000e+01 2.650000e+01
      vertex   -6.483200e+01 2.031000e+01 2.645900e+01
    endloop
  endfacet
  facet normal -9.582412e-01 1.257793e-01 2.568138e-01
    outer loop
      vertex   -6.500000e+01 2.000000e+01 2.600000e+01
      vertex   -6.486600e+01 2.000000e+01 2.650000e+01
      vertex   -6.496600e+01 2.025900e+01 2.600000e+01
    endloop
  endfacet
  facet normal 8.657311e-01 3.272965e-03 -5.004986e-01
    outer loop
      vertex   1.870700e+01 1.487500e+01 2.930000e-01
      vertex   1.896600e+01 1.487500e+01 7.410000e-01
      vertex   1.891600e+01 9.750000e+00 6.210000e-01
    endloop
  endfacet
  facet normal -6.333717e-01 6.622581e-01 4.003180e-01
    outer loop
      vertex   -6.470700e+01 2.070700e+01 2.600000e+01
      vertex   -6.489000e+01 2.039900e+01 2.622000e+01
      vertex   -6.483200e+01 2.031000e+01 2.645900e+01
    endloop
  endfacet
  facet normal -6.803141e-01 3.264071e-01 6.562250e-01
    outer loop
      vertex   -6.469700e+01 2.051900e+01 2.649500e+01
      vertex   -6.483200e+01 2.031000e+01 2.645900e+01
      vertex   -6.450700e+01 2.033800e+01 2.678200e+01
    endloop
  endfacet
  facet normal -9.658907e-01 6.674921e-03 2.588639e-01
    outer loop
      vertex   -6.486600e+01 2.000000e+01 2.650000e+01
      vertex   -6.500000e+01 2.000000e+01 2.600000e+01
      vertex   -6.496600e+01 1.487500e+01 2.625900e+01
    endloop
  endfacet
  facet normal -4.885664e-01 4.164037e-01 7.667535e-01
    outer loop
      vertex   -6.470700e+01 2.000000e+01 2.670700e+01
      vertex   -6.437900e+01 2.000000e+01 2.691600e+01
      vertex   -6.483200e+01 2.031000e+01 2.645900e+01
    endloop
  endfacet
  facet normal -7.821573e-01 1.652344e-01 6.007725e-01
    outer loop
      vertex   -6.486600e+01 2.000000e+01 2.650000e+01
      vertex   -6.470700e+01 2.000000e+01 2.670700e+01
      vertex   -6.483200e+01 2.031000e+01 2.645900e+01
    endloop
  endfacet
  facet normal 5.004920e-01 -6.643239e-03 -8.657157e-01
    outer loop
      vertex   1.870700e+01 9.750000e+00 2.930000e-01
      vertex   1.825900e+01 9.750000e+00 3.400000e-02
      vertex   1.850000e+01 1.487500e+01 1.340000e-01
    endloop
  endfacet
  facet normal -8.655694e-01 5.004126e-01 -1.941229e-02
    outer loop
      vertex   -6.470700e+01 2.070700e+01 2.600000e+01
      vertex   -6.496600e+01 2.025900e+01 2.600000e+01
      vertex   -6.489000e+01 2.039900e+01 2.622000e+01
    endloop
  endfacet
  facet normal 6.091536e-01 0.000000e+00 -7.930523e-01
    outer loop
      vertex   1.929300e+01 2.000000e+01 2.707000e+00
      vertex   1.950000e+01 9.750000e+00 2.866000e+00
      vertex   1.929300e+01 7.188000e+00 2.707000e+00
    endloop
  endfacet
  facet normal 8.433442e-01 0.000000e+00 -5.373738e-01
    outer loop
      vertex   1.929300e+01 7.188000e+00 2.707000e+00
      vertex   1.908400e+01 9.750000e+00 2.379000e+00
      vertex   1.929300e+01 2.000000e+01 2.707000e+00
    endloop
  endfacet
  facet normal -1.371210e-01 5.322968e-01 8.353789e-01
    outer loop
      vertex   -6.400000e+01 2.070700e+01 2.670700e+01
      vertex   -6.420100e+01 2.071800e+01 2.666700e+01
      vertex   -6.400000e+01 2.037900e+01 2.691600e+01
    endloop
  endfacet
  facet normal -2.246954e-01 4.867952e-01 8.441222e-01
    outer loop
      vertex   -6.411100e+01 2.024800e+01 2.696200e+01
      vertex   -6.400000e+01 2.037900e+01 2.691600e+01
      vertex   -6.420100e+01 2.071800e+01 2.666700e+01
    endloop
  endfacet
  facet normal -3.611330e-01 2.222749e-01 9.056362e-01
    outer loop
      vertex   -6.450700e+01 2.033800e+01 2.678200e+01
      vertex   -6.437900e+01 2.000000e+01 2.691600e+01
      vertex   -6.411100e+01 2.024800e+01 2.696200e+01
    endloop
  endfacet
  facet normal -2.730862e-01 4.733551e-01 8.374717e-01
    outer loop
      vertex   -6.450700e+01 2.033800e+01 2.678200e+01
      vertex   -6.411100e+01 2.024800e+01 2.696200e+01
      vertex   -6.420100e+01 2.071800e+01 2.666700e+01
    endloop
  endfacet
  facet normal -7.054540e-01 1.376800e-02 7.086220e-01
    outer loop
      vertex   -6.483200e+01 2.031000e+01 2.645900e+01
      vertex   -6.437900e+01 2.000000e+01 2.691600e+01
      vertex   -6.450700e+01 2.033800e+01 2.678200e+01
    endloop
  endfacet
  facet normal -2.160848e-01 5.267308e-02 9.749528e-01
    outer loop
      vertex   -6.411100e+01 2.024800e+01 2.696200e+01
      vertex   -6.437900e+01 2.000000e+01 2.691600e+01
      vertex   -6.400000e+01 2.000000e+01 2.700000e+01
    endloop
  endfacet
  facet normal 9.931703e-01 1.242866e-02 1.160101e-01
    outer loop
      vertex   1.900000e+01 2.000000e+01 2.000000e+00
      vertex   1.908400e+01 9.750000e+00 2.379000e+00
      vertex   1.913400e+01 4.625000e+00 2.500000e+00
    endloop
  endfacet
  facet normal -4.179368e-03 2.163823e-01 9.762998e-01
    outer loop
      vertex   -6.400000e+01 2.000000e+01 2.700000e+01
      vertex   -5.853300e+01 2.025900e+01 2.696600e+01
      vertex   -6.400000e+01 2.037900e+01 2.691600e+01
    endloop
  endfacet
  facet normal 6.091538e-01 0.000000e+00 -7.930521e-01
    outer loop
      vertex   1.870700e+01 9.750000e+00 2.930000e-01
      vertex   1.850000e+01 1.487500e+01 1.340000e-01
      vertex   1.870700e+01 1.487500e+01 2.930000e-01
    endloop
  endfacet
  facet normal 1.475846e-01 2.140146e-01 9.656172e-01
    outer loop
      vertex   -6.400000e+01 2.037900e+01 2.691600e+01
      vertex   -6.411100e+01 2.024800e+01 2.696200e+01
      vertex   -6.400000e+01 2.000000e+01 2.700000e+01
    endloop
  endfacet
  facet normal 9.424161e-01 2.662214e-03 -3.344321e-01
    outer loop
      vertex   1.900000e+01 2.000000e+01 1.000000e+00
      vertex   1.896600e+01 -5.000000e-01 7.410000e-01
      vertex   1.886600e+01 4.625000e+00 5.000000e-01
    endloop
  endfacet
  facet normal 9.933652e-01 -1.236835e-02 1.143359e-01
    outer loop
      vertex   1.891600e+01 9.750000e+00 6.210000e-01
      vertex   1.896600e+01 1.487500e+01 7.410000e-01
      vertex   1.900000e+01 2.000000e+01 1.000000e+00
    endloop
  endfacet
  facet normal 9.931703e-01 -1.242865e-02 1.160099e-01
    outer loop
      vertex   1.900000e+01 2.000000e+01 1.000000e+00
      vertex   1.886600e+01 4.625000e+00 5.000000e-01
      vertex   1.891600e+01 9.750000e+00 6.210000e-01
    endloop
  endfacet
  facet normal 9.658917e-01 6.673983e-03 -2.588605e-01
    outer loop
      vertex   1.886600e+01 2.000000e+01 5.000000e-01
      vertex   1.900000e+01 2.000000e+01 1.000000e+00
      vertex   1.896600e+01 1.487500e+01 7.410000e-01
    endloop
  endfacet
  facet normal 8.657167e-01 -6.643153e-03 -5.004903e-01
    outer loop
      vertex   1.896600e+01 1.487500e+01 7.410000e-01
      vertex   1.870700e+01 1.487500e+01 2.930000e-01
      vertex   1.886600e+01 2.000000e+01 5.000000e-01
    endloop
  endfacet
  facet normal 3.068122e-03 5.004990e-01 8.657317e-01
    outer loop
      vertex   -5.853300e+01 2.070700e+01 2.670700e+01
      vertex   -6.400000e+01 2.037900e+01 2.691600e+01
      vertex   -5.853300e+01 2.025900e+01 2.696600e+01
    endloop
  endfacet
  facet normal -1.301546e-01 9.914705e-01 -6.790970e-03
    outer loop
      vertex   -6.425900e+01 2.096600e+01 2.600000e+01
      vertex   -6.400000e+01 2.100000e+01 2.600000e+01
      vertex   -6.437900e+01 2.091600e+01 2.100000e+01
    endloop
  endfacet
  facet normal 1.000000e+00 0.000000e+00 -0.000000e+00
    outer loop
      vertex   1.900000e+01 2.000000e+01 1.000000e+00
      vertex   1.900000e+01 2.000000e+01 2.000000e+00
      vertex   1.900000e+01 -2.100000e+01 1.000000e+00
    endloop
  endfacet
  facet normal 1.000000e+00 0.000000e+00 0.000000e+00
    outer loop
      vertex   1.900000e+01 -2.100000e+01 1.000000e+00
      vertex   1.900000e+01 2.000000e+01 2.000000e+00
      vertex   1.900000e+01 -2.100000e+01 2.000000e+00
    endloop
  endfacet
  facet normal -3.832592e-01 9.236408e-01 -3.842110e-05
    outer loop
      vertex   -6.437900e+01 2.091600e+01 2.100000e+01
      vertex   -6.450000e+01 2.086600e+01 2.600000e+01
      vertex   -6.425900e+01 2.096600e+01 2.600000e+01
    endloop
  endfacet
  facet normal -6.091360e-01 7.930365e-01 -6.810813e-03
    outer loop
      vertex   -6.450000e+01 2.086600e+01 2.600000e+01
      vertex   -6.437900e+01 2.091600e+01 2.100000e+01
      vertex   -6.470700e+01 2.070700e+01 2.600000e+01
    endloop
  endfacet
  facet normal 9.914877e-01 3.312650e-03 -1.301582e-01
    outer loop
      vertex   1.903400e+01 2.000000e+01 2.259000e+00
      vertex   1.908400e+01 9.750000e+00 2.379000e+00
      vertex   1.900000e+01 2.000000e+01 2.000000e+00
    endloop
  endfacet
  facet normal -6.804129e-01 6.804129e-01 2.721699e-01
    outer loop
      vertex   -6.470700e+01 2.070700e+01 2.600000e+01
      vertex   -6.469700e+01 2.051900e+01 2.649500e+01
      vertex   -6.451900e+01 2.069700e+01 2.649500e+01
    endloop
  endfacet
  facet normal -5.913253e-01 7.698486e-01 2.401408e-01
    outer loop
      vertex   -6.451900e+01 2.069700e+01 2.649500e+01
      vertex   -6.450000e+01 2.086600e+01 2.600000e+01
      vertex   -6.470700e+01 2.070700e+01 2.600000e+01
    endloop
  endfacet
  facet normal -4.480343e-01 4.480343e-01 7.736475e-01
    outer loop
      vertex   -6.451900e+01 2.069700e+01 2.649500e+01
      vertex   -6.469700e+01 2.051900e+01 2.649500e+01
      vertex   -6.420100e+01 2.071800e+01 2.666700e+01
    endloop
  endfacet
  facet normal 4.996626e-01 -3.346085e-03 -8.662136e-01
    outer loop
      vertex   1.929300e+01 2.000000e+01 2.707000e+00
      vertex   1.962100e+01 1.487500e+01 2.916000e+00
      vertex   1.950000e+01 9.750000e+00 2.866000e+00
    endloop
  endfacet
  facet normal -4.644893e-01 5.772795e-01 6.715639e-01
    outer loop
      vertex   -6.469700e+01 2.051900e+01 2.649500e+01
      vertex   -6.450700e+01 2.033800e+01 2.678200e+01
      vertex   -6.420100e+01 2.071800e+01 2.666700e+01
    endloop
  endfacet
  facet normal -8.374901e-01 5.050175e-01 2.087286e-01
    outer loop
      vertex   -6.469700e+01 2.051900e+01 2.649500e+01
      vertex   -6.470700e+01 2.070700e+01 2.600000e+01
      vertex   -6.483200e+01 2.031000e+01 2.645900e+01
    endloop
  endfacet
  facet normal 6.091402e-01 6.644768e-03 -7.930347e-01
    outer loop
      vertex   1.950000e+01 2.000000e+01 2.866000e+00
      vertex   1.962100e+01 1.487500e+01 2.916000e+00
      vertex   1.929300e+01 2.000000e+01 2.707000e+00
    endloop
  endfacet
  facet normal 2.588635e-01 -3.311767e-03 -9.659082e-01
    outer loop
      vertex   1.950000e+01 2.000000e+01 2.866000e+00
      vertex   2.000000e+01 2.000000e+01 3.000000e+00
      vertex   1.962100e+01 1.487500e+01 2.916000e+00
    endloop
  endfacet
  facet normal 1.306514e-01 6.587595e-03 -9.914065e-01
    outer loop
      vertex   2.000000e+01 2.000000e+01 3.000000e+00
      vertex   1.950000e+01 9.750000e+00 2.866000e+00
      vertex   1.962100e+01 1.487500e+01 2.916000e+00
    endloop
  endfacet
  facet normal -4.906725e-01 8.301951e-01 2.646066e-01
    outer loop
      vertex   -6.450000e+01 2.086600e+01 2.600000e+01
      vertex   -6.451900e+01 2.069700e+01 2.649500e+01
      vertex   -6.431000e+01 2.083200e+01 2.645900e+01
    endloop
  endfacet
  facet normal -3.737454e-01 9.007130e-01 2.214281e-01
    outer loop
      vertex   -6.425900e+01 2.096600e+01 2.600000e+01
      vertex   -6.450000e+01 2.086600e+01 2.600000e+01
      vertex   -6.431000e+01 2.083200e+01 2.645900e+01
    endloop
  endfacet
  facet normal 8.657346e-01 -1.636483e-03 -5.005007e-01
    outer loop
      vertex   1.903400e+01 2.000000e+01 2.259000e+00
      vertex   1.929300e+01 2.000000e+01 2.707000e+00
      vertex   1.908400e+01 9.750000e+00 2.379000e+00
    endloop
  endfacet
  facet normal -3.653464e-01 7.222249e-01 5.872930e-01
    outer loop
      vertex   -6.451900e+01 2.069700e+01 2.649500e+01
      vertex   -6.420100e+01 2.071800e+01 2.666700e+01
      vertex   -6.431000e+01 2.083200e+01 2.645900e+01
    endloop
  endfacet
  facet normal -1.257924e-01 9.582405e-01 2.568100e-01
    outer loop
      vertex   -6.400000e+01 2.086600e+01 2.650000e+01
      vertex   -6.400000e+01 2.100000e+01 2.600000e+01
      vertex   -6.425900e+01 2.096600e+01 2.600000e+01
    endloop
  endfacet
  facet normal -1.395039e-01 9.546057e-01 2.631856e-01
    outer loop
      vertex   -6.400000e+01 2.086600e+01 2.650000e+01
      vertex   -6.425900e+01 2.096600e+01 2.600000e+01
      vertex   -6.431000e+01 2.083200e+01 2.645900e+01
    endloop
  endfacet
  facet normal -1.618943e-01 8.271379e-01 5.381757e-01
    outer loop
      vertex   -6.400000e+01 2.086600e+01 2.650000e+01
      vertex   -6.431000e+01 2.083200e+01 2.645900e+01
      vertex   -6.420100e+01 2.071800e+01 2.666700e+01
    endloop
  endfacet
  facet normal -7.759369e-02 7.906639e-01 6.073136e-01
    outer loop
      vertex   -6.400000e+01 2.086600e+01 2.650000e+01
      vertex   -6.420100e+01 2.071800e+01 2.666700e+01
      vertex   -6.400000e+01 2.070700e+01 2.670700e+01
    endloop
  endfacet
  facet normal 1.019359e-01 3.367853e-01 9.360474e-01
    outer loop
      vertex   1.800000e+01 2.050000e+01 2.686600e+01
      vertex   1.817900e+01 2.017900e+01 2.696200e+01
      vertex   1.826800e+01 2.043000e+01 2.686200e+01
    endloop
  endfacet
  facet normal 6.091404e-01 6.644767e-03 -7.930346e-01
    outer loop
      vertex   1.837900e+01 2.000000e+01 8.400000e-02
      vertex   1.870700e+01 1.487500e+01 2.930000e-01
      vertex   1.850000e+01 1.487500e+01 1.340000e-01
    endloop
  endfacet
  facet normal 7.930538e-01 0.000000e+00 -6.091515e-01
    outer loop
      vertex   1.870700e+01 2.000000e+01 2.930000e-01
      vertex   1.886600e+01 2.000000e+01 5.000000e-01
      vertex   1.870700e+01 1.487500e+01 2.930000e-01
    endloop
  endfacet
  facet normal 2.584922e-01 -5.373470e-02 9.645177e-01
    outer loop
      vertex   1.800000e+01 2.000000e+01 2.700000e+01
      vertex   1.850000e+01 2.000000e+01 2.686600e+01
      vertex   1.817900e+01 2.017900e+01 2.696200e+01
    endloop
  endfacet
  facet normal 5.373733e-01 0.000000e+00 -8.433445e-01
    outer loop
      vertex   1.870700e+01 2.000000e+01 2.930000e-01
      vertex   1.870700e+01 1.487500e+01 2.930000e-01
      vertex   1.837900e+01 2.000000e+01 8.400000e-02
    endloop
  endfacet
  facet normal -5.373470e-02 2.584922e-01 9.645177e-01
    outer loop
      vertex   1.800000e+01 2.000000e+01 2.700000e+01
      vertex   1.817900e+01 2.017900e+01 2.696200e+01
      vertex   1.800000e+01 2.050000e+01 2.686600e+01
    endloop
  endfacet
  facet normal 2.163845e-01 2.229207e-03 -9.763057e-01
    outer loop
      vertex   1.800000e+01 2.000000e+01 0.000000e+00
      vertex   1.837900e+01 2.000000e+01 8.400000e-02
      vertex   1.825900e+01 9.750000e+00 3.400000e-02
    endloop
  endfacet
  facet normal 3.828030e-01 2.493112e-05 -9.238300e-01
    outer loop
      vertex   1.850000e+01 1.487500e+01 1.340000e-01
      vertex   1.825900e+01 9.750000e+00 3.400000e-02
      vertex   1.837900e+01 2.000000e+01 8.400000e-02
    endloop
  endfacet
  facet normal 6.463455e-01 4.665904e-01 6.037639e-01
    outer loop
      vertex   1.851900e+01 2.069700e+01 2.649500e+01
      vertex   1.840700e+01 2.058300e+01 2.670300e+01
      vertex   1.883200e+01 2.031000e+01 2.645900e+01
    endloop
  endfacet
  facet normal 7.010667e-01 5.218001e-01 4.860351e-01
    outer loop
      vertex   1.883200e+01 2.031000e+01 2.645900e+01
      vertex   1.876200e+01 2.059500e+01 2.625400e+01
      vertex   1.851900e+01 2.069700e+01 2.649500e+01
    endloop
  endfacet
  facet normal 5.975753e-01 2.491240e-01 7.621293e-01
    outer loop
      vertex   1.883200e+01 2.031000e+01 2.645900e+01
      vertex   1.840700e+01 2.058300e+01 2.670300e+01
      vertex   1.826800e+01 2.043000e+01 2.686200e+01
    endloop
  endfacet
  facet normal 8.966572e-01 3.816443e-01 2.243959e-01
    outer loop
      vertex   1.876200e+01 2.059500e+01 2.625400e+01
      vertex   1.883200e+01 2.031000e+01 2.645900e+01
      vertex   1.886600e+01 2.050000e+01 2.600000e+01
    endloop
  endfacet
  facet normal 2.082525e-01 4.764066e-01 -8.542059e-01
    outer loop
      vertex   1.840700e+01 2.058300e+01 2.970000e-01
      vertex   1.811100e+01 2.024800e+01 3.800000e-02
      vertex   1.800000e+01 2.037900e+01 8.400000e-02
    endloop
  endfacet
  facet normal 5.930544e-01 1.076214e-01 7.979374e-01
    outer loop
      vertex   1.817900e+01 2.017900e+01 2.696200e+01
      vertex   1.883200e+01 2.031000e+01 2.645900e+01
      vertex   1.826800e+01 2.043000e+01 2.686200e+01
    endloop
  endfacet
  facet normal 3.611345e-01 2.222778e-01 -9.056348e-01
    outer loop
      vertex   1.837900e+01 2.000000e+01 8.400000e-02
      vertex   1.811100e+01 2.024800e+01 3.800000e-02
      vertex   1.850700e+01 2.033800e+01 2.180000e-01
    endloop
  endfacet
  facet normal 6.969815e-01 1.686223e-01 6.969815e-01
    outer loop
      vertex   1.850000e+01 2.000000e+01 2.686600e+01
      vertex   1.886600e+01 2.000000e+01 2.650000e+01
      vertex   1.883200e+01 2.031000e+01 2.645900e+01
    endloop
  endfacet
  facet normal 3.016463e-01 4.019005e-01 -8.645724e-01
    outer loop
      vertex   1.840700e+01 2.058300e+01 2.970000e-01
      vertex   1.850700e+01 2.033800e+01 2.180000e-01
      vertex   1.811100e+01 2.024800e+01 3.800000e-02
    endloop
  endfacet
  facet normal 4.808102e-01 4.628210e-01 7.447270e-01
    outer loop
      vertex   1.817900e+01 2.017900e+01 2.696200e+01
      vertex   1.850000e+01 2.000000e+01 2.686600e+01
      vertex   1.883200e+01 2.031000e+01 2.645900e+01
    endloop
  endfacet
  facet normal 2.160847e-01 5.267272e-02 -9.749528e-01
    outer loop
      vertex   1.811100e+01 2.024800e+01 3.800000e-02
      vertex   1.837900e+01 2.000000e+01 8.400000e-02
      vertex   1.800000e+01 2.000000e+01 0.000000e+00
    endloop
  endfacet
  facet normal 4.179481e-03 2.163832e-01 -9.762996e-01
    outer loop
      vertex   1.800000e+01 2.037900e+01 8.400000e-02
      vertex   1.800000e+01 2.000000e+01 0.000000e+00
      vertex   1.253300e+01 2.025900e+01 3.400000e-02
    endloop
  endfacet
  facet normal -1.475876e-01 2.140154e-01 -9.656165e-01
    outer loop
      vertex   1.800000e+01 2.037900e+01 8.400000e-02
      vertex   1.811100e+01 2.024800e+01 3.800000e-02
      vertex   1.800000e+01 2.000000e+01 0.000000e+00
    endloop
  endfacet
  facet normal 8.828912e-01 4.071568e-01 2.339370e-01
    outer loop
      vertex   1.897000e+01 2.018600e+01 2.615400e+01
      vertex   1.886600e+01 2.050000e+01 2.600000e+01
      vertex   1.883200e+01 2.031000e+01 2.645900e+01
    endloop
  endfacet
  facet normal 9.642628e-01 -5.843289e-02 2.584239e-01
    outer loop
      vertex   1.897000e+01 2.018600e+01 2.615400e+01
      vertex   1.886600e+01 2.000000e+01 2.650000e+01
      vertex   1.900000e+01 2.000000e+01 2.600000e+01
    endloop
  endfacet
  facet normal 9.423202e-01 1.433500e-01 -3.024622e-01
    outer loop
      vertex   1.886600e+01 2.000000e+01 5.000000e-01
      vertex   1.883200e+01 2.031000e+01 5.410000e-01
      vertex   1.896800e+01 2.022200e+01 9.230000e-01
    endloop
  endfacet
  facet normal 9.933653e-01 -1.236830e-02 -1.143344e-01
    outer loop
      vertex   1.891600e+01 9.750000e+00 2.637900e+01
      vertex   1.900000e+01 2.000000e+01 2.600000e+01
      vertex   1.896600e+01 1.487500e+01 2.625900e+01
    endloop
  endfacet
  facet normal 9.222612e-01 1.483589e-01 3.569650e-01
    outer loop
      vertex   1.886600e+01 2.000000e+01 2.650000e+01
      vertex   1.897000e+01 2.018600e+01 2.615400e+01
      vertex   1.883200e+01 2.031000e+01 2.645900e+01
    endloop
  endfacet
  facet normal 8.098002e-01 4.604470e-01 -3.636099e-01
    outer loop
      vertex   1.869700e+01 2.051900e+01 5.050000e-01
      vertex   1.876200e+01 2.059500e+01 7.460000e-01
      vertex   1.883200e+01 2.031000e+01 5.410000e-01
    endloop
  endfacet
  facet normal 6.803112e-01 3.264018e-01 -6.562305e-01
    outer loop
      vertex   1.850700e+01 2.033800e+01 2.180000e-01
      vertex   1.869700e+01 2.051900e+01 5.050000e-01
      vertex   1.883200e+01 2.031000e+01 5.410000e-01
    endloop
  endfacet
  facet normal 7.054503e-01 1.378104e-02 -7.086254e-01
    outer loop
      vertex   1.850700e+01 2.033800e+01 2.180000e-01
      vertex   1.883200e+01 2.031000e+01 5.410000e-01
      vertex   1.837900e+01 2.000000e+01 8.400000e-02
    endloop
  endfacet
  facet normal 4.885701e-01 4.163994e-01 -7.667534e-01
    outer loop
      vertex   1.883200e+01 2.031000e+01 5.410000e-01
      vertex   1.870700e+01 2.000000e+01 2.930000e-01
      vertex   1.837900e+01 2.000000e+01 8.400000e-02
    endloop
  endfacet
  facet normal 9.585144e-01 2.568834e-01 -1.235358e-01
    outer loop
      vertex   1.900000e+01 2.000000e+01 2.600000e+01
      vertex   1.886600e+01 2.050000e+01 2.600000e+01
      vertex   1.897000e+01 2.018600e+01 2.615400e+01
    endloop
  endfacet
  facet normal 9.647348e-01 4.938163e-02 -2.585504e-01
    outer loop
      vertex   1.900000e+01 2.000000e+01 1.000000e+00
      vertex   1.886600e+01 2.000000e+01 5.000000e-01
      vertex   1.896800e+01 2.022200e+01 9.230000e-01
    endloop
  endfacet
  facet normal 1.257933e-01 9.582404e-01 2.568099e-01
    outer loop
      vertex   1.800000e+01 2.086600e+01 2.650000e+01
      vertex   1.825900e+01 2.096600e+01 2.600000e+01
      vertex   1.800000e+01 2.100000e+01 2.600000e+01
    endloop
  endfacet
  facet normal 1.208994e-01 9.594798e-01 2.545228e-01
    outer loop
      vertex   1.825900e+01 2.096600e+01 2.600000e+01
      vertex   1.800000e+01 2.086600e+01 2.650000e+01
      vertex   1.839900e+01 2.089000e+01 2.622000e+01
    endloop
  endfacet
  facet normal 9.914932e-01 1.301585e-01 0.000000e+00
    outer loop
      vertex   1.896600e+01 2.025900e+01 2.000000e+00
      vertex   1.900000e+01 2.000000e+01 2.000000e+00
      vertex   1.900000e+01 2.000000e+01 1.000000e+00
    endloop
  endfacet
  facet normal 9.899138e-01 1.416385e-01 -3.027008e-03
    outer loop
      vertex   1.896600e+01 2.025900e+01 2.000000e+00
      vertex   1.900000e+01 2.000000e+01 1.000000e+00
      vertex   1.896800e+01 2.022200e+01 9.230000e-01
    endloop
  endfacet
  facet normal 1.414575e-01 9.486635e-01 2.828910e-01
    outer loop
      vertex   1.831000e+01 2.083200e+01 2.645900e+01
      vertex   1.839900e+01 2.089000e+01 2.622000e+01
      vertex   1.800000e+01 2.086600e+01 2.650000e+01
    endloop
  endfacet
  facet normal 4.979495e-01 8.341443e-01 2.371699e-01
    outer loop
      vertex   1.851900e+01 2.069700e+01 2.649500e+01
      vertex   1.860400e+01 2.078700e+01 2.600000e+01
      vertex   1.831000e+01 2.083200e+01 2.645900e+01
    endloop
  endfacet
  facet normal 7.185618e-01 5.655030e-01 4.048150e-01
    outer loop
      vertex   1.831000e+01 2.083200e+01 2.645900e+01
      vertex   1.860400e+01 2.078700e+01 2.600000e+01
      vertex   1.839900e+01 2.089000e+01 2.622000e+01
    endloop
  endfacet
  facet normal 3.635924e-01 7.203962e-01 5.906182e-01
    outer loop
      vertex   1.840700e+01 2.058300e+01 2.670300e+01
      vertex   1.851900e+01 2.069700e+01 2.649500e+01
      vertex   1.831000e+01 2.083200e+01 2.645900e+01
    endloop
  endfacet
  facet normal 3.232534e-02 7.059277e-01 7.075459e-01
    outer loop
      vertex   1.840700e+01 2.058300e+01 2.670300e+01
      vertex   1.831000e+01 2.083200e+01 2.645900e+01
      vertex   1.826800e+01 2.043000e+01 2.686200e+01
    endloop
  endfacet
  facet normal 1.686223e-01 6.969815e-01 6.969815e-01
    outer loop
      vertex   1.831000e+01 2.083200e+01 2.645900e+01
      vertex   1.800000e+01 2.086600e+01 2.650000e+01
      vertex   1.800000e+01 2.050000e+01 2.686600e+01
    endloop
  endfacet
  facet normal 1.894697e-01 6.852166e-01 7.032634e-01
    outer loop
      vertex   1.800000e+01 2.050000e+01 2.686600e+01
      vertex   1.826800e+01 2.043000e+01 2.686200e+01
      vertex   1.831000e+01 2.083200e+01 2.645900e+01
    endloop
  endfacet
  facet normal 4.604986e-01 8.875567e-01 1.356809e-02
    outer loop
      vertex   1.839900e+01 2.089000e+01 2.622000e+01
      vertex   1.860400e+01 2.078700e+01 2.600000e+01
      vertex   1.825900e+01 2.096600e+01 2.600000e+01
    endloop
  endfacet
  facet normal 7.821522e-01 1.652387e-01 -6.007779e-01
    outer loop
      vertex   1.870700e+01 2.000000e+01 2.930000e-01
      vertex   1.883200e+01 2.031000e+01 5.410000e-01
      vertex   1.886600e+01 2.000000e+01 5.000000e-01
    endloop
  endfacet
  facet normal 9.745739e-01 3.447746e-02 -2.213980e-01
    outer loop
      vertex   1.896600e+01 2.025900e+01 2.000000e+00
      vertex   1.906800e+01 2.025900e+01 2.449000e+00
      vertex   1.903400e+01 2.000000e+01 2.259000e+00
    endloop
  endfacet
  facet normal 9.831998e-01 1.290698e-01 -1.290702e-01
    outer loop
      vertex   1.903400e+01 2.000000e+01 2.259000e+00
      vertex   1.900000e+01 2.000000e+01 2.000000e+00
      vertex   1.896600e+01 2.025900e+01 2.000000e+00
    endloop
  endfacet
  facet normal 5.688152e-01 7.864651e-01 2.406700e-01
    outer loop
      vertex   1.860400e+01 2.078700e+01 2.600000e+01
      vertex   1.851900e+01 2.069700e+01 2.649500e+01
      vertex   1.876200e+01 2.059500e+01 2.625400e+01
    endloop
  endfacet
  facet normal 7.376130e-01 6.733572e-01 5.017071e-02
    outer loop
      vertex   1.860400e+01 2.078700e+01 2.600000e+01
      vertex   1.876200e+01 2.059500e+01 2.625400e+01
      vertex   1.886600e+01 2.050000e+01 2.600000e+01
    endloop
  endfacet
  facet normal 0.000000e+00 3.832566e-01 9.236419e-01
    outer loop
      vertex   2.822200e+01 2.050000e+01 1.836600e+01
      vertex   2.311100e+01 2.050000e+01 1.836600e+01
      vertex   2.311100e+01 2.025900e+01 1.846600e+01
    endloop
  endfacet
  facet normal 5.996412e-01 5.299693e-01 -5.996357e-01
    outer loop
      vertex   1.911300e+01 2.050000e+01 2.707000e+00
      vertex   1.929300e+01 2.050000e+01 2.887000e+00
      vertex   1.906800e+01 2.025900e+01 2.449000e+00
    endloop
  endfacet
  facet normal -9.659088e-01 -3.311700e-03 -2.588614e-01
    outer loop
      vertex   6.308400e+01 -1.587500e+01 3.621000e+00
      vertex   6.313400e+01 -2.100000e+01 3.500000e+00
      vertex   6.300000e+01 -2.100000e+01 4.000000e+00
    endloop
  endfacet
  facet normal -7.385118e-01 8.712450e-03 -6.741843e-01
    outer loop
      vertex   6.308400e+01 -1.587500e+01 3.621000e+00
      vertex   6.339600e+01 -2.100000e+01 3.213000e+00
      vertex   6.313400e+01 -2.100000e+01 3.500000e+00
    endloop
  endfacet
  facet normal 5.894367e-01 -2.523643e-01 -7.673830e-01
    outer loop
      vertex   1.929300e+01 2.000000e+01 2.707000e+00
      vertex   1.906800e+01 2.025900e+01 2.449000e+00
      vertex   1.950000e+01 2.000000e+01 2.866000e+00
    endloop
  endfacet
  facet normal 8.391890e-01 2.457384e-01 -4.851541e-01
    outer loop
      vertex   1.929300e+01 2.000000e+01 2.707000e+00
      vertex   1.903400e+01 2.000000e+01 2.259000e+00
      vertex   1.906800e+01 2.025900e+01 2.449000e+00
    endloop
  endfacet
  facet normal 3.007602e-01 -2.203352e-03 -9.536973e-01
    outer loop
      vertex   6.450000e+01 -2.100000e+01 3.134000e+00
      vertex   6.412900e+01 -2.100000e+01 3.017000e+00
      vertex   6.437900e+01 -1.587500e+01 3.084000e+00
    endloop
  endfacet
  facet normal 9.430495e-01 -7.787227e-03 -3.325614e-01
    outer loop
      vertex   6.486600e+01 -1.587500e+01 3.500000e+00
      vertex   6.500000e+01 -2.100000e+01 4.000000e+00
      vertex   6.478700e+01 -2.100000e+01 3.396000e+00
    endloop
  endfacet
  facet normal 6.741793e-01 8.712466e-03 -7.385164e-01
    outer loop
      vertex   6.437900e+01 -1.587500e+01 3.084000e+00
      vertex   6.478700e+01 -2.100000e+01 3.396000e+00
      vertex   6.450000e+01 -2.100000e+01 3.134000e+00
    endloop
  endfacet
  facet normal 5.373512e-01 -8.560453e-03 -8.433151e-01
    outer loop
      vertex   6.437900e+01 -1.587500e+01 3.084000e+00
      vertex   6.470700e+01 -1.587500e+01 3.293000e+00
      vertex   6.478700e+01 -2.100000e+01 3.396000e+00
    endloop
  endfacet
  facet normal 9.535700e-01 -4.446519e-03 -3.011387e-01
    outer loop
      vertex   6.486600e+01 -1.587500e+01 3.500000e+00
      vertex   6.496600e+01 -1.075000e+01 3.741000e+00
      vertex   6.500000e+01 -2.100000e+01 4.000000e+00
    endloop
  endfacet
  facet normal 7.065148e-01 4.091597e-02 -7.065145e-01
    outer loop
      vertex   1.906800e+01 2.025900e+01 2.449000e+00
      vertex   1.955100e+01 2.025900e+01 2.932000e+00
      vertex   1.950000e+01 2.000000e+01 2.866000e+00
    endloop
  endfacet
  facet normal -4.066343e-03 4.605394e-01 -8.876300e-01
    outer loop
      vertex   -2.573300e+01 2.060400e+01 2.130000e-01
      vertex   -2.026700e+01 2.050000e+01 1.340000e-01
      vertex   -2.573300e+01 2.025900e+01 3.400000e-02
    endloop
  endfacet
  facet normal -8.161933e-01 -3.692401e-03 -5.777671e-01
    outer loop
      vertex   6.329300e+01 -1.075000e+01 3.293000e+00
      vertex   6.339600e+01 -2.100000e+01 3.213000e+00
      vertex   6.308400e+01 -1.587500e+01 3.621000e+00
    endloop
  endfacet
  facet normal 0.000000e+00 4.605432e-01 -8.876373e-01
    outer loop
      vertex   -2.573300e+01 2.025900e+01 3.400000e-02
      vertex   -3.120000e+01 2.025900e+01 3.400000e-02
      vertex   -2.573300e+01 2.060400e+01 2.130000e-01
    endloop
  endfacet
  facet normal 8.978763e-03 2.588545e-01 -9.658746e-01
    outer loop
      vertex   2.000000e+01 2.000000e+01 3.000000e+00
      vertex   2.000000e+01 2.050000e+01 3.134000e+00
      vertex   2.550000e+01 2.060400e+01 3.213000e+00
    endloop
  endfacet
  facet normal -3.238809e-03 5.005004e-01 -8.657303e-01
    outer loop
      vertex   -3.120000e+01 2.025900e+01 3.400000e-02
      vertex   -3.120000e+01 2.070700e+01 2.930000e-01
      vertex   -2.573300e+01 2.060400e+01 2.130000e-01
    endloop
  endfacet
  facet normal -7.930328e-01 -6.644928e-03 -6.091426e-01
    outer loop
      vertex   6.308400e+01 -1.587500e+01 3.621000e+00
      vertex   6.313400e+01 -1.075000e+01 3.500000e+00
      vertex   6.329300e+01 -1.075000e+01 3.293000e+00
    endloop
  endfacet
  facet normal -1.235023e-02 9.235719e-01 -3.832263e-01
    outer loop
      vertex   -2.573300e+01 2.086600e+01 5.000000e-01
      vertex   -3.120000e+01 2.070700e+01 2.930000e-01
      vertex   -2.573300e+01 2.096600e+01 7.410000e-01
    endloop
  endfacet
  facet normal 0.000000e+00 8.657358e-01 -5.005013e-01
    outer loop
      vertex   -3.120000e+01 2.070700e+01 2.930000e-01
      vertex   -3.666700e+01 2.070700e+01 2.930000e-01
      vertex   -2.573300e+01 2.096600e+01 7.410000e-01
    endloop
  endfacet
  facet normal -6.028600e-03 7.930394e-01 -6.091405e-01
    outer loop
      vertex   -2.573300e+01 2.060400e+01 2.130000e-01
      vertex   -2.026700e+01 2.086600e+01 5.000000e-01
      vertex   -2.026700e+01 2.070700e+01 2.930000e-01
    endloop
  endfacet
  facet normal 0.000000e+00 7.385423e-01 -6.742071e-01
    outer loop
      vertex   -2.573300e+01 2.086600e+01 5.000000e-01
      vertex   -2.026700e+01 2.086600e+01 5.000000e-01
      vertex   -2.573300e+01 2.060400e+01 2.130000e-01
    endloop
  endfacet
  facet normal 4.048577e-03 7.385363e-01 -6.742016e-01
    outer loop
      vertex   -2.573300e+01 2.060400e+01 2.130000e-01
      vertex   -3.120000e+01 2.070700e+01 2.930000e-01
      vertex   -2.573300e+01 2.086600e+01 5.000000e-01
    endloop
  endfacet
  facet normal 5.373658e-01 4.353991e-03 -8.433381e-01
    outer loop
      vertex   6.470700e+01 -1.587500e+01 3.293000e+00
      vertex   6.437900e+01 -1.587500e+01 3.084000e+00
      vertex   6.425900e+01 -1.075000e+01 3.034000e+00
    endloop
  endfacet
  facet normal 5.654507e-01 7.748614e-03 -8.247457e-01
    outer loop
      vertex   6.470700e+01 -1.587500e+01 3.293000e+00
      vertex   6.425900e+01 -1.075000e+01 3.034000e+00
      vertex   6.478700e+01 -1.075000e+01 3.396000e+00
    endloop
  endfacet
  facet normal 7.930574e-01 1.373581e-04 -6.091469e-01
    outer loop
      vertex   6.470700e+01 -1.587500e+01 3.293000e+00
      vertex   6.486600e+01 -1.587500e+01 3.500000e+00
      vertex   6.478700e+01 -2.100000e+01 3.396000e+00
    endloop
  endfacet
  facet normal 7.930574e-01 -1.373581e-04 -6.091469e-01
    outer loop
      vertex   6.478700e+01 -1.075000e+01 3.396000e+00
      vertex   6.486600e+01 -1.587500e+01 3.500000e+00
      vertex   6.470700e+01 -1.587500e+01 3.293000e+00
    endloop
  endfacet
  facet normal 0.000000e+00 1.301570e-01 -9.914934e-01
    outer loop
      vertex   -1.480000e+01 2.025900e+01 3.400000e-02
      vertex   1.800000e+01 2.000000e+01 0.000000e+00
      vertex   -2.573300e+01 2.025900e+01 3.400000e-02
    endloop
  endfacet
  facet normal 0.000000e+00 1.301570e-01 -9.914934e-01
    outer loop
      vertex   -2.573300e+01 2.025900e+01 3.400000e-02
      vertex   1.800000e+01 2.000000e+01 0.000000e+00
      vertex   -6.400000e+01 2.000000e+01 0.000000e+00
    endloop
  endfacet
  facet normal 0.000000e+00 1.301570e-01 -9.914934e-01
    outer loop
      vertex   -2.573300e+01 2.025900e+01 3.400000e-02
      vertex   -6.400000e+01 2.000000e+01 0.000000e+00
      vertex   -3.120000e+01 2.025900e+01 3.400000e-02
    endloop
  endfacet
  facet normal 0.000000e+00 1.301570e-01 -9.914934e-01
    outer loop
      vertex   -3.120000e+01 2.025900e+01 3.400000e-02
      vertex   -6.400000e+01 2.000000e+01 0.000000e+00
      vertex   -4.213300e+01 2.025900e+01 3.400000e-02
    endloop
  endfacet
  facet normal 0.000000e+00 1.301570e-01 -9.914934e-01
    outer loop
      vertex   -4.213300e+01 2.025900e+01 3.400000e-02
      vertex   -6.400000e+01 2.000000e+01 0.000000e+00
      vertex   -5.853300e+01 2.025900e+01 3.400000e-02
    endloop
  endfacet
  facet normal 0.000000e+00 1.301570e-01 -9.914934e-01
    outer loop
      vertex   -1.480000e+01 2.025900e+01 3.400000e-02
      vertex   -9.333000e+00 2.025900e+01 3.400000e-02
      vertex   1.800000e+01 2.000000e+01 0.000000e+00
    endloop
  endfacet
  facet normal 0.000000e+00 1.301570e-01 -9.914934e-01
    outer loop
      vertex   1.800000e+01 2.000000e+01 0.000000e+00
      vertex   -9.333000e+00 2.025900e+01 3.400000e-02
      vertex   1.253300e+01 2.025900e+01 3.400000e-02
    endloop
  endfacet
  facet normal 8.876285e-01 4.335962e-03 -4.605398e-01
    outer loop
      vertex   6.478700e+01 -1.075000e+01 3.396000e+00
      vertex   6.496600e+01 -1.075000e+01 3.741000e+00
      vertex   6.486600e+01 -1.587500e+01 3.500000e+00
    endloop
  endfacet
  facet normal 5.838507e-02 6.064127e-01 -7.930036e-01
    outer loop
      vertex   6.431000e+01 2.045900e+01 3.168000e+00
      vertex   6.400000e+01 2.037900e+01 3.084000e+00
      vertex   6.400000e+01 2.078700e+01 3.396000e+00
    endloop
  endfacet
  facet normal 4.008064e-01 -8.238361e-01 -4.008096e-01
    outer loop
      vertex   6.451900e+01 2.049500e+01 3.303000e+00
      vertex   6.469700e+01 2.049500e+01 3.481000e+00
      vertex   6.431000e+01 2.045900e+01 3.168000e+00
    endloop
  endfacet
  facet normal 1.282368e-04 6.091538e-01 -7.930521e-01
    outer loop
      vertex   -2.573300e+01 2.060400e+01 2.130000e-01
      vertex   -2.026700e+01 2.070700e+01 2.930000e-01
      vertex   -2.026700e+01 2.050000e+01 1.340000e-01
    endloop
  endfacet
  facet normal 5.581130e-01 3.860833e-01 -7.344723e-01
    outer loop
      vertex   6.469700e+01 2.049500e+01 3.481000e+00
      vertex   6.439900e+01 2.022000e+01 3.110000e+00
      vertex   6.431000e+01 2.045900e+01 3.168000e+00
    endloop
  endfacet
  facet normal 3.113957e-01 6.802915e-01 -6.635030e-01
    outer loop
      vertex   6.449500e+01 2.070300e+01 3.505000e+00
      vertex   6.451900e+01 2.049500e+01 3.303000e+00
      vertex   6.431000e+01 2.045900e+01 3.168000e+00
    endloop
  endfacet
  facet normal 2.424235e-01 6.977089e-01 -6.741166e-01
    outer loop
      vertex   6.431000e+01 2.045900e+01 3.168000e+00
      vertex   6.400000e+01 2.078700e+01 3.396000e+00
      vertex   6.426800e+01 2.086200e+01 3.570000e+00
    endloop
  endfacet
  facet normal 2.941050e-01 6.901832e-01 -6.611727e-01
    outer loop
      vertex   6.449500e+01 2.070300e+01 3.505000e+00
      vertex   6.431000e+01 2.045900e+01 3.168000e+00
      vertex   6.426800e+01 2.086200e+01 3.570000e+00
    endloop
  endfacet
  facet normal -9.463056e-01 0.000000e+00 3.232734e-01
    outer loop
      vertex   -2.387800e+01 1.692200e+01 2.646900e+01
      vertex   -2.398800e+01 1.681200e+01 2.614700e+01
      vertex   -2.387800e+01 3.378000e+00 2.646900e+01
    endloop
  endfacet
  facet normal -9.463056e-01 0.000000e+00 3.232734e-01
    outer loop
      vertex   -2.387800e+01 3.378000e+00 2.646900e+01
      vertex   -2.398800e+01 1.681200e+01 2.614700e+01
      vertex   -2.398800e+01 3.488000e+00 2.614700e+01
    endloop
  endfacet
  facet normal -3.128598e-03 9.659085e-01 2.588650e-01
    outer loop
      vertex   -6.400000e+01 2.100000e+01 2.600000e+01
      vertex   -6.400000e+01 2.086600e+01 2.650000e+01
      vertex   -5.306700e+01 2.096600e+01 2.625900e+01
    endloop
  endfacet
  facet normal -8.121182e-01 0.000000e+00 5.834929e-01
    outer loop
      vertex   -2.387800e+01 1.692200e+01 2.646900e+01
      vertex   -2.387800e+01 3.378000e+00 2.646900e+01
      vertex   -2.370700e+01 1.709300e+01 2.670700e+01
    endloop
  endfacet
  facet normal -8.121182e-01 0.000000e+00 5.834929e-01
    outer loop
      vertex   -2.370700e+01 1.709300e+01 2.670700e+01
      vertex   -2.387800e+01 3.378000e+00 2.646900e+01
      vertex   -2.370700e+01 3.207000e+00 2.670700e+01
    endloop
  endfacet
  facet normal 6.487320e-01 7.000501e-01 -2.984571e-01
    outer loop
      vertex   6.469700e+01 2.049500e+01 3.481000e+00
      vertex   6.470700e+01 2.070700e+01 4.000000e+00
      vertex   6.483200e+01 2.045900e+01 3.690000e+00
    endloop
  endfacet
  facet normal 8.645947e-01 4.998490e-01 -5.125412e-02
    outer loop
      vertex   6.483200e+01 2.045900e+01 3.690000e+00
      vertex   6.470700e+01 2.070700e+01 4.000000e+00
      vertex   6.496600e+01 2.025900e+01 4.000000e+00
    endloop
  endfacet
  facet normal -6.091502e-01 0.000000e+00 7.930549e-01
    outer loop
      vertex   -2.350000e+01 7.600000e+00 2.686600e+01
      vertex   -2.370700e+01 1.709300e+01 2.670700e+01
      vertex   -2.370700e+01 3.207000e+00 2.670700e+01
    endloop
  endfacet
  facet normal -5.108817e-01 -7.039779e-03 8.596222e-01
    outer loop
      vertex   -2.350000e+01 7.600000e+00 2.686600e+01
      vertex   -2.370700e+01 3.207000e+00 2.670700e+01
      vertex   -2.328900e+01 2.789000e+00 2.695200e+01
    endloop
  endfacet
  facet normal 8.433358e-01 4.458974e-03 -5.373684e-01
    outer loop
      vertex   6.491600e+01 2.000000e+01 3.621000e+00
      vertex   6.486600e+01 1.487500e+01 3.500000e+00
      vertex   6.470700e+01 2.000000e+01 3.293000e+00
    endloop
  endfacet
  facet normal -0.000000e+00 5.373726e-01 8.433449e-01
    outer loop
      vertex   -6.400000e+01 2.070700e+01 2.670700e+01
      vertex   -6.400000e+01 2.037900e+01 2.691600e+01
      vertex   -5.853300e+01 2.070700e+01 2.670700e+01
    endloop
  endfacet
  facet normal -0.000000e+00 7.930549e-01 6.091502e-01
    outer loop
      vertex   -6.400000e+01 2.070700e+01 2.670700e+01
      vertex   -5.853300e+01 2.070700e+01 2.670700e+01
      vertex   -6.400000e+01 2.086600e+01 2.650000e+01
    endloop
  endfacet
  facet normal 8.234510e-01 2.159177e-01 -5.246979e-01
    outer loop
      vertex   6.470700e+01 2.000000e+01 3.293000e+00
      vertex   6.469700e+01 2.049500e+01 3.481000e+00
      vertex   6.491600e+01 2.000000e+01 3.621000e+00
    endloop
  endfacet
  facet normal 8.352951e-01 2.280676e-01 -5.002673e-01
    outer loop
      vertex   6.483200e+01 2.045900e+01 3.690000e+00
      vertex   6.491600e+01 2.000000e+01 3.621000e+00
      vertex   6.469700e+01 2.049500e+01 3.481000e+00
    endloop
  endfacet
  facet normal 9.394161e-01 2.123669e-01 -2.690683e-01
    outer loop
      vertex   6.491600e+01 2.000000e+01 3.621000e+00
      vertex   6.483200e+01 2.045900e+01 3.690000e+00
      vertex   6.496600e+01 2.025900e+01 4.000000e+00
    endloop
  endfacet
  facet normal 9.683890e-01 1.271113e-01 -2.146288e-01
    outer loop
      vertex   6.500000e+01 2.000000e+01 4.000000e+00
      vertex   6.491600e+01 2.000000e+01 3.621000e+00
      vertex   6.496600e+01 2.025900e+01 4.000000e+00
    endloop
  endfacet
  facet normal 6.685412e-01 2.297557e-01 -7.072941e-01
    outer loop
      vertex   6.469700e+01 2.049500e+01 3.481000e+00
      vertex   6.450000e+01 2.000000e+01 3.134000e+00
      vertex   6.439900e+01 2.022000e+01 3.110000e+00
    endloop
  endfacet
  facet normal 4.147740e-03 8.429693e-01 5.379457e-01
    outer loop
      vertex   -5.853300e+01 2.070700e+01 2.670700e+01
      vertex   -5.306700e+01 2.096600e+01 2.625900e+01
      vertex   -6.400000e+01 2.086600e+01 2.650000e+01
    endloop
  endfacet
  facet normal -2.455502e-03 8.784233e-01 4.778770e-01
    outer loop
      vertex   -5.853300e+01 2.070700e+01 2.670700e+01
      vertex   -4.760000e+01 2.091600e+01 2.637900e+01
      vertex   -5.306700e+01 2.096600e+01 2.625900e+01
    endloop
  endfacet
  facet normal 5.812579e-01 2.991510e-01 -7.567351e-01
    outer loop
      vertex   6.470700e+01 2.000000e+01 3.293000e+00
      vertex   6.450000e+01 2.000000e+01 3.134000e+00
      vertex   6.469700e+01 2.049500e+01 3.481000e+00
    endloop
  endfacet
  facet normal 8.657326e-01 5.005069e-01 0.000000e+00
    outer loop
      vertex   6.470700e+01 2.070700e+01 4.000000e+00
      vertex   6.496600e+01 2.025900e+01 1.075000e+01
      vertex   6.496600e+01 2.025900e+01 4.000000e+00
    endloop
  endfacet
  facet normal 8.513773e-03 9.430429e-01 -3.325621e-01
    outer loop
      vertex   5.850000e+01 2.091600e+01 3.621000e+00
      vertex   6.400000e+01 2.100000e+01 4.000000e+00
      vertex   6.400000e+01 2.078700e+01 3.396000e+00
    endloop
  endfacet
  facet normal 5.607226e-01 6.092415e-01 -5.607271e-01
    outer loop
      vertex   6.469700e+01 2.049500e+01 3.481000e+00
      vertex   6.451900e+01 2.049500e+01 3.303000e+00
      vertex   6.449500e+01 2.070300e+01 3.505000e+00
    endloop
  endfacet
  facet normal 6.690420e-01 6.834346e-01 -2.920615e-01
    outer loop
      vertex   6.469700e+01 2.049500e+01 3.481000e+00
      vertex   6.449500e+01 2.070300e+01 3.505000e+00
      vertex   6.470700e+01 2.070700e+01 4.000000e+00
    endloop
  endfacet
  facet normal 6.723173e-01 6.796221e-01 -2.934334e-01
    outer loop
      vertex   6.449200e+01 2.084500e+01 3.827000e+00
      vertex   6.470700e+01 2.070700e+01 4.000000e+00
      vertex   6.449500e+01 2.070300e+01 3.505000e+00
    endloop
  endfacet
  facet normal 4.667663e-01 8.107905e-01 -3.531969e-01
    outer loop
      vertex   6.449200e+01 2.084500e+01 3.827000e+00
      vertex   6.449500e+01 2.070300e+01 3.505000e+00
      vertex   6.426800e+01 2.086200e+01 3.570000e+00
    endloop
  endfacet
  facet normal 6.044873e-01 7.869843e-01 -1.234939e-01
    outer loop
      vertex   6.470700e+01 2.070700e+01 4.000000e+00
      vertex   6.449200e+01 2.084500e+01 3.827000e+00
      vertex   6.450000e+01 2.086600e+01 4.000000e+00
    endloop
  endfacet
  facet normal 2.477384e-01 9.567270e-01 -1.526406e-01
    outer loop
      vertex   6.449200e+01 2.084500e+01 3.827000e+00
      vertex   6.426800e+01 2.086200e+01 3.570000e+00
      vertex   6.400000e+01 2.100000e+01 4.000000e+00
    endloop
  endfacet
  facet normal 2.567315e-01 9.579479e-01 -1.281589e-01
    outer loop
      vertex   6.449200e+01 2.084500e+01 3.827000e+00
      vertex   6.400000e+01 2.100000e+01 4.000000e+00
      vertex   6.450000e+01 2.086600e+01 4.000000e+00
    endloop
  endfacet
  facet normal 6.091502e-01 7.930549e-01 0.000000e+00
    outer loop
      vertex   6.470700e+01 2.070700e+01 8.500000e+00
      vertex   6.470700e+01 2.070700e+01 4.000000e+00
      vertex   6.450000e+01 2.086600e+01 4.000000e+00
    endloop
  endfacet
  facet normal 2.588651e-01 9.659088e-01 -3.017476e-03
    outer loop
      vertex   6.437900e+01 2.091600e+01 9.625000e+00
      vertex   6.450000e+01 2.086600e+01 4.000000e+00
      vertex   6.400000e+01 2.100000e+01 4.000000e+00
    endloop
  endfacet
  facet normal 6.773398e-01 7.095070e-01 1.944494e-01
    outer loop
      vertex   6.426800e+01 2.086200e+01 3.570000e+00
      vertex   6.411100e+01 2.096200e+01 3.752000e+00
      vertex   6.400000e+01 2.100000e+01 4.000000e+00
    endloop
  endfacet
  facet normal 4.391689e-02 8.910778e-01 -4.517208e-01
    outer loop
      vertex   6.426800e+01 2.086200e+01 3.570000e+00
      vertex   6.400000e+01 2.078700e+01 3.396000e+00
      vertex   6.411100e+01 2.096200e+01 3.752000e+00
    endloop
  endfacet
  facet normal -3.873828e-01 8.694407e-01 -3.066064e-01
    outer loop
      vertex   6.411100e+01 2.096200e+01 3.752000e+00
      vertex   6.400000e+01 2.078700e+01 3.396000e+00
      vertex   6.400000e+01 2.100000e+01 4.000000e+00
    endloop
  endfacet
  facet normal 4.034692e-01 7.539209e-01 -5.184745e-01
    outer loop
      vertex   1.820100e+01 2.071800e+01 3.330000e-01
      vertex   1.835400e+01 2.086100e+01 6.600000e-01
      vertex   1.840700e+01 2.058300e+01 2.970000e-01
    endloop
  endfacet
  facet normal 1.857468e-01 5.077633e-01 -8.412340e-01
    outer loop
      vertex   1.820100e+01 2.071800e+01 3.330000e-01
      vertex   1.840700e+01 2.058300e+01 2.970000e-01
      vertex   1.800000e+01 2.037900e+01 8.400000e-02
    endloop
  endfacet
  facet normal 1.183097e-02 2.347439e-01 -9.719852e-01
    outer loop
      vertex   -3.120000e+01 2.091600e+01 2.637900e+01
      vertex   -2.026700e+01 2.086600e+01 2.650000e+01
      vertex   -3.276800e+01 2.091996e+01 2.636087e+01
    endloop
  endfacet
  facet normal -4.083421e-03 8.433379e-01 5.373682e-01
    outer loop
      vertex   -3.276800e+01 2.091996e+01 2.636087e+01
      vertex   -3.120000e+01 2.070700e+01 2.670700e+01
      vertex   -3.120000e+01 2.091600e+01 2.637900e+01
    endloop
  endfacet
  facet normal 4.938163e-02 9.647348e-01 -2.585504e-01
    outer loop
      vertex   1.800000e+01 2.086600e+01 5.000000e-01
      vertex   1.800000e+01 2.100000e+01 1.000000e+00
      vertex   1.822200e+01 2.096800e+01 9.230000e-01
    endloop
  endfacet
  facet normal 1.516785e-01 9.397978e-01 -3.062249e-01
    outer loop
      vertex   1.800000e+01 2.086600e+01 5.000000e-01
      vertex   1.822200e+01 2.096800e+01 9.230000e-01
      vertex   1.835400e+01 2.086100e+01 6.600000e-01
    endloop
  endfacet
  facet normal 2.278759e-01 8.484743e-01 -4.776651e-01
    outer loop
      vertex   1.800000e+01 2.086600e+01 5.000000e-01
      vertex   1.835400e+01 2.086100e+01 6.600000e-01
      vertex   1.820100e+01 2.071800e+01 3.330000e-01
    endloop
  endfacet
  facet normal 7.758978e-02 7.906631e-01 -6.073152e-01
    outer loop
      vertex   1.800000e+01 2.070700e+01 2.930000e-01
      vertex   1.800000e+01 2.086600e+01 5.000000e-01
      vertex   1.820100e+01 2.071800e+01 3.330000e-01
    endloop
  endfacet
  facet normal 1.371146e-01 5.322980e-01 -8.353792e-01
    outer loop
      vertex   1.820100e+01 2.071800e+01 3.330000e-01
      vertex   1.800000e+01 2.037900e+01 8.400000e-02
      vertex   1.800000e+01 2.070700e+01 2.930000e-01
    endloop
  endfacet
  facet normal 4.155305e-03 -5.373702e-01 8.433362e-01
    outer loop
      vertex   -2.850000e+01 1.709300e+01 2.670700e+01
      vertex   -2.850000e+01 1.742100e+01 2.691600e+01
      vertex   -3.400000e+01 1.730000e+01 2.686600e+01
    endloop
  endfacet
  facet normal 0.000000e+00 1.000000e+00 -0.000000e+00
    outer loop
      vertex   6.400000e+01 2.100000e+01 4.000000e+00
      vertex   2.000000e+01 2.100000e+01 4.000000e+00
      vertex   6.400000e+01 2.100000e+01 1.750000e+01
    endloop
  endfacet
  facet normal 0.000000e+00 1.000000e+00 0.000000e+00
    outer loop
      vertex   6.400000e+01 2.100000e+01 1.750000e+01
      vertex   2.000000e+01 2.100000e+01 4.000000e+00
      vertex   1.800000e+01 2.100000e+01 1.750000e+01
    endloop
  endfacet
  facet normal 0.000000e+00 1.000000e+00 0.000000e+00
    outer loop
      vertex   1.800000e+01 2.100000e+01 1.750000e+01
      vertex   2.000000e+01 2.100000e+01 4.000000e+00
      vertex   1.924100e+01 2.100000e+01 3.832000e+00
    endloop
  endfacet
  facet normal 0.000000e+00 1.000000e+00 0.000000e+00
    outer loop
      vertex   1.800000e+01 2.100000e+01 1.750000e+01
      vertex   1.924100e+01 2.100000e+01 3.832000e+00
      vertex   -6.400000e+01 2.100000e+01 1.000000e+00
    endloop
  endfacet
  facet normal 0.000000e+00 1.000000e+00 0.000000e+00
    outer loop
      vertex   -6.400000e+01 2.100000e+01 1.000000e+00
      vertex   1.924100e+01 2.100000e+01 3.832000e+00
      vertex   1.858600e+01 2.100000e+01 3.414000e+00
    endloop
  endfacet
  facet normal 0.000000e+00 1.000000e+00 0.000000e+00
    outer loop
      vertex   -6.400000e+01 2.100000e+01 1.000000e+00
      vertex   1.858600e+01 2.100000e+01 3.414000e+00
      vertex   1.816800e+01 2.100000e+01 2.759000e+00
    endloop
  endfacet
  facet normal 0.000000e+00 1.000000e+00 0.000000e+00
    outer loop
      vertex   1.816800e+01 2.100000e+01 2.759000e+00
      vertex   1.800000e+01 2.100000e+01 2.000000e+00
      vertex   -6.400000e+01 2.100000e+01 1.000000e+00
    endloop
  endfacet
  facet normal 0.000000e+00 1.000000e+00 0.000000e+00
    outer loop
      vertex   -6.400000e+01 2.100000e+01 1.000000e+00
      vertex   1.800000e+01 2.100000e+01 2.000000e+00
      vertex   1.800000e+01 2.100000e+01 1.000000e+00
    endloop
  endfacet
  facet normal 0.000000e+00 1.000000e+00 0.000000e+00
    outer loop
      vertex   -6.400000e+01 2.100000e+01 1.000000e+00
      vertex   -6.400000e+01 2.100000e+01 2.600000e+01
      vertex   1.800000e+01 2.100000e+01 1.750000e+01
    endloop
  endfacet
  facet normal 0.000000e+00 1.000000e+00 -0.000000e+00
    outer loop
      vertex   1.800000e+01 2.100000e+01 1.750000e+01
      vertex   -6.400000e+01 2.100000e+01 2.600000e+01
      vertex   1.800000e+01 2.100000e+01 2.600000e+01
    endloop
  endfacet
  facet normal 1.000000e+00 0.000000e+00 -0.000000e+00
    outer loop
      vertex   6.500000e+01 2.000000e+01 4.000000e+00
      vertex   6.500000e+01 2.000000e+01 1.750000e+01
      vertex   6.500000e+01 -2.100000e+01 4.000000e+00
    endloop
  endfacet
  facet normal 1.000000e+00 0.000000e+00 0.000000e+00
    outer loop
      vertex   6.500000e+01 -2.100000e+01 4.000000e+00
      vertex   6.500000e+01 2.000000e+01 1.750000e+01
      vertex   6.500000e+01 -2.100000e+01 1.750000e+01
    endloop
  endfacet
  facet normal 0.000000e+00 0.000000e+00 -1.000000e+00
    outer loop
      vertex   -6.400000e+01 2.000000e+01 0.000000e+00
      vertex   1.800000e+01 2.000000e+01 0.000000e+00
      vertex   -6.400000e+01 -2.100000e+01 0.000000e+00
    endloop
  endfacet
  facet normal 0.000000e+00 0.000000e+00 -1.000000e+00
    outer loop
      vertex   -6.400000e+01 -2.100000e+01 0.000000e+00
      vertex   1.800000e+01 2.000000e+01 0.000000e+00
      vertex   1.800000e+01 -2.100000e+01 0.000000e+00
    endloop
  endfacet
  facet normal -9.234466e-01 2.495753e-05 -3.837270e-01
    outer loop
      vertex   -6.486600e+01 -2.100000e+01 5.000000e-01
      vertex   -6.496600e+01 -1.587500e+01 7.410000e-01
      vertex   -6.491600e+01 -1.075000e+01 6.210000e-01
    endloop
  endfacet
  facet normal 6.565795e-01 1.125264e-02 7.541729e-01
    outer loop
      vertex   -6.491600e+01 -5.000000e-01 6.210000e-01
      vertex   -6.496600e+01 -5.625000e+00 7.410000e-01
      vertex   -6.500000e+01 -2.100000e+01 1.000000e+00
    endloop
  endfacet
  facet normal -9.658907e-01 -6.674882e-03 -2.588639e-01
    outer loop
      vertex   -6.500000e+01 -2.100000e+01 1.000000e+00
      vertex   -6.496600e+01 -1.587500e+01 7.410000e-01
      vertex   -6.486600e+01 -2.100000e+01 5.000000e-01
    endloop
  endfacet
  facet normal -7.710246e-01 3.755954e-03 -6.367943e-01
    outer loop
      vertex   -6.460400e+01 -1.587500e+01 2.130000e-01
      vertex   -6.486600e+01 -2.100000e+01 5.000000e-01
      vertex   -6.491600e+01 -1.075000e+01 6.210000e-01
    endloop
  endfacet
  facet normal -9.933589e-01 1.237029e-02 1.143897e-01
    outer loop
      vertex   -6.491600e+01 -1.075000e+01 6.210000e-01
      vertex   -6.496600e+01 -1.587500e+01 7.410000e-01
      vertex   -6.500000e+01 -2.100000e+01 1.000000e+00
    endloop
  endfacet
  facet normal -6.089023e-01 -1.328710e-02 -7.931339e-01
    outer loop
      vertex   -6.486600e+01 -2.100000e+01 5.000000e-01
      vertex   -6.460400e+01 -1.587500e+01 2.130000e-01
      vertex   -6.425900e+01 -2.100000e+01 3.400000e-02
    endloop
  endfacet
  facet normal 1.000000e+00 0.000000e+00 -0.000000e+00
    outer loop
      vertex   -5.800000e+01 -1.800000e+01 2.000000e+00
      vertex   -5.800000e+01 -1.800000e+01 5.000000e+00
      vertex   -5.800000e+01 -1.900000e+01 2.000000e+00
    endloop
  endfacet
  facet normal 1.000000e+00 0.000000e+00 0.000000e+00
    outer loop
      vertex   -5.800000e+01 -1.900000e+01 2.000000e+00
      vertex   -5.800000e+01 -1.800000e+01 5.000000e+00
      vertex   -5.800000e+01 -1.900000e+01 5.000000e+00
    endloop
  endfacet
  facet normal 9.914931e-01 1.301590e-01 -0.000000e+00
    outer loop
      vertex   -5.806800e+01 -1.748200e+01 2.000000e+00
      vertex   -5.806800e+01 -1.748200e+01 5.000000e+00
      vertex   -5.800000e+01 -1.800000e+01 2.000000e+00
    endloop
  endfacet
  facet normal 9.914931e-01 1.301590e-01 -0.000000e+00
    outer loop
      vertex   -5.800000e+01 -1.800000e+01 2.000000e+00
      vertex   -5.806800e+01 -1.748200e+01 5.000000e+00
      vertex   -5.800000e+01 -1.800000e+01 5.000000e+00
    endloop
  endfacet
  facet normal 9.236424e-01 3.832553e-01 -0.000000e+00
    outer loop
      vertex   -5.793200e+01 -1.951800e+01 2.000000e+00
      vertex   -5.793200e+01 -1.951800e+01 5.000000e+00
      vertex   -5.773200e+01 -2.000000e+01 2.000000e+00
    endloop
  endfacet
  facet normal 9.236424e-01 3.832553e-01 -0.000000e+00
    outer loop
      vertex   -5.773200e+01 -2.000000e+01 2.000000e+00
      vertex   -5.793200e+01 -1.951800e+01 5.000000e+00
      vertex   -5.773200e+01 -2.000000e+01 5.000000e+00
    endloop
  endfacet
  facet normal 9.914931e-01 1.301590e-01 0.000000e+00
    outer loop
      vertex   -5.793200e+01 -1.951800e+01 5.000000e+00
      vertex   -5.793200e+01 -1.951800e+01 2.000000e+00
      vertex   -5.800000e+01 -1.900000e+01 5.000000e+00
    endloop
  endfacet
  facet normal 9.914931e-01 1.301590e-01 0.000000e+00
    outer loop
      vertex   -5.800000e+01 -1.900000e+01 5.000000e+00
      vertex   -5.793200e+01 -1.951800e+01 2.000000e+00
      vertex   -5.800000e+01 -1.900000e+01 2.000000e+00
    endloop
  endfacet
  facet normal 6.091548e-01 7.930514e-01 -0.000000e+00
    outer loop
      vertex   -5.900000e+01 -1.626800e+01 2.000000e+00
      vertex   -5.900000e+01 -1.626800e+01 5.000000e+00
      vertex   -5.858600e+01 -1.658600e+01 2.000000e+00
    endloop
  endfacet
  facet normal 6.091548e-01 7.930514e-01 -0.000000e+00
    outer loop
      vertex   -5.858600e+01 -1.658600e+01 2.000000e+00
      vertex   -5.900000e+01 -1.626800e+01 5.000000e+00
      vertex   -5.858600e+01 -1.658600e+01 5.000000e+00
    endloop
  endfacet
  facet normal 9.236424e-01 3.832553e-01 0.000000e+00
    outer loop
      vertex   -5.806800e+01 -1.748200e+01 5.000000e+00
      vertex   -5.806800e+01 -1.748200e+01 2.000000e+00
      vertex   -5.826800e+01 -1.700000e+01 5.000000e+00
    endloop
  endfacet
  facet normal 9.236424e-01 3.832553e-01 0.000000e+00
    outer loop
      vertex   -5.826800e+01 -1.700000e+01 5.000000e+00
      vertex   -5.806800e+01 -1.748200e+01 2.000000e+00
      vertex   -5.826800e+01 -1.700000e+01 2.000000e+00
    endloop
  endfacet
  facet normal 6.091548e-01 7.930514e-01 -0.000000e+00
    outer loop
      vertex   -5.741400e+01 -2.041400e+01 2.000000e+00
      vertex   -5.741400e+01 -2.041400e+01 5.000000e+00
      vertex   -5.700000e+01 -2.073200e+01 2.000000e+00
    endloop
  endfacet
  facet normal 6.091548e-01 7.930514e-01 -0.000000e+00
    outer loop
      vertex   -5.700000e+01 -2.073200e+01 2.000000e+00
      vertex   -5.741400e+01 -2.041400e+01 5.000000e+00
      vertex   -5.700000e+01 -2.073200e+01 5.000000e+00
    endloop
  endfacet
  facet normal 7.930535e-01 6.091519e-01 0.000000e+00
    outer loop
      vertex   -5.741400e+01 -2.041400e+01 5.000000e+00
      vertex   -5.741400e+01 -2.041400e+01 2.000000e+00
      vertex   -5.773200e+01 -2.000000e+01 5.000000e+00
    endloop
  endfacet
  facet normal 7.930535e-01 6.091519e-01 0.000000e+00
    outer loop
      vertex   -5.773200e+01 -2.000000e+01 5.000000e+00
      vertex   -5.741400e+01 -2.041400e+01 2.000000e+00
      vertex   -5.773200e+01 -2.000000e+01 2.000000e+00
    endloop
  endfacet
  facet normal 7.930535e-01 6.091519e-01 0.000000e+00
    outer loop
      vertex   -5.826800e+01 -1.700000e+01 5.000000e+00
      vertex   -5.826800e+01 -1.700000e+01 2.000000e+00
      vertex   -5.858600e+01 -1.658600e+01 5.000000e+00
    endloop
  endfacet
  facet normal 7.930535e-01 6.091519e-01 0.000000e+00
    outer loop
      vertex   -5.858600e+01 -1.658600e+01 5.000000e+00
      vertex   -5.826800e+01 -1.700000e+01 2.000000e+00
      vertex   -5.858600e+01 -1.658600e+01 2.000000e+00
    endloop
  endfacet
  facet normal 1.301585e-01 9.914932e-01 0.000000e+00
    outer loop
      vertex   -5.600000e+01 -2.100000e+01 5.000000e+00
      vertex   -5.600000e+01 -2.100000e+01 2.000000e+00
      vertex   -5.651800e+01 -2.093200e+01 5.000000e+00
    endloop
  endfacet
  facet normal 1.301585e-01 9.914932e-01 0.000000e+00
    outer loop
      vertex   -5.651800e+01 -2.093200e+01 5.000000e+00
      vertex   -5.600000e+01 -2.100000e+01 2.000000e+00
      vertex   -5.651800e+01 -2.093200e+01 2.000000e+00
    endloop
  endfacet
  facet normal 3.832535e-01 9.236432e-01 -0.000000e+00
    outer loop
      vertex   -5.700000e+01 -2.073200e+01 2.000000e+00
      vertex   -5.700000e+01 -2.073200e+01 5.000000e+00
      vertex   -5.651800e+01 -2.093200e+01 2.000000e+00
    endloop
  endfacet
  facet normal 3.832535e-01 9.236432e-01 -0.000000e+00
    outer loop
      vertex   -5.651800e+01 -2.093200e+01 2.000000e+00
      vertex   -5.700000e+01 -2.073200e+01 5.000000e+00
      vertex   -5.651800e+01 -2.093200e+01 5.000000e+00
    endloop
  endfacet
  facet normal -4.982229e-01 -3.255230e-03 -8.670429e-01
    outer loop
      vertex   -6.450000e+01 -1.075000e+01 1.340000e-01
      vertex   -6.425900e+01 -2.100000e+01 3.400000e-02
      vertex   -6.460400e+01 -1.587500e+01 2.130000e-01
    endloop
  endfacet
  facet normal -9.585419e-01 -2.680458e-03 -2.849389e-01
    outer loop
      vertex   -6.491600e+01 -1.075000e+01 6.210000e-01
      vertex   -6.500000e+01 -2.100000e+01 1.000000e+00
      vertex   -6.496600e+01 -5.625000e+00 7.410000e-01
    endloop
  endfacet
  facet normal -6.077381e-01 9.085649e-05 -7.941375e-01
    outer loop
      vertex   -6.460400e+01 -1.587500e+01 2.130000e-01
      vertex   -6.470700e+01 -5.625000e+00 2.930000e-01
      vertex   -6.450000e+01 -1.075000e+01 1.340000e-01
    endloop
  endfacet
  facet normal 1.301567e-01 9.914934e-01 0.000000e+00
    outer loop
      vertex   -6.100000e+01 -1.600000e+01 5.000000e+00
      vertex   -6.100000e+01 -1.600000e+01 2.000000e+00
      vertex   -6.151800e+01 -1.593200e+01 5.000000e+00
    endloop
  endfacet
  facet normal 1.301567e-01 9.914934e-01 0.000000e+00
    outer loop
      vertex   -6.151800e+01 -1.593200e+01 5.000000e+00
      vertex   -6.100000e+01 -1.600000e+01 2.000000e+00
      vertex   -6.151800e+01 -1.593200e+01 2.000000e+00
    endloop
  endfacet
  facet normal 7.930535e-01 6.091519e-01 -0.000000e+00
    outer loop
      vertex   -6.273200e+01 -1.500000e+01 2.000000e+00
      vertex   -6.273200e+01 -1.500000e+01 5.000000e+00
      vertex   -6.241400e+01 -1.541400e+01 2.000000e+00
    endloop
  endfacet
  facet normal 7.930535e-01 6.091519e-01 -0.000000e+00
    outer loop
      vertex   -6.241400e+01 -1.541400e+01 2.000000e+00
      vertex   -6.273200e+01 -1.500000e+01 5.000000e+00
      vertex   -6.241400e+01 -1.541400e+01 5.000000e+00
    endloop
  endfacet
  facet normal 9.236424e-01 3.832553e-01 -0.000000e+00
    outer loop
      vertex   -6.293200e+01 -1.451800e+01 2.000000e+00
      vertex   -6.293200e+01 -1.451800e+01 5.000000e+00
      vertex   -6.273200e+01 -1.500000e+01 2.000000e+00
    endloop
  endfacet
  facet normal 9.236424e-01 3.832553e-01 -0.000000e+00
    outer loop
      vertex   -6.273200e+01 -1.500000e+01 2.000000e+00
      vertex   -6.293200e+01 -1.451800e+01 5.000000e+00
      vertex   -6.273200e+01 -1.500000e+01 5.000000e+00
    endloop
  endfacet
  facet normal 9.914931e-01 1.301590e-01 -0.000000e+00
    outer loop
      vertex   -6.300000e+01 -1.400000e+01 2.000000e+00
      vertex   -6.300000e+01 -1.400000e+01 5.000000e+00
      vertex   -6.293200e+01 -1.451800e+01 2.000000e+00
    endloop
  endfacet
  facet normal 9.914931e-01 1.301590e-01 -0.000000e+00
    outer loop
      vertex   -6.293200e+01 -1.451800e+01 2.000000e+00
      vertex   -6.300000e+01 -1.400000e+01 5.000000e+00
      vertex   -6.293200e+01 -1.451800e+01 5.000000e+00
    endloop
  endfacet
  facet normal 0.000000e+00 1.000000e+00 0.000000e+00
    outer loop
      vertex   -6.100000e+01 -1.600000e+01 2.000000e+00
      vertex   -6.100000e+01 -1.600000e+01 5.000000e+00
      vertex   -6.000000e+01 -1.600000e+01 2.000000e+00
    endloop
  endfacet
  facet normal 0.000000e+00 1.000000e+00 -0.000000e+00
    outer loop
      vertex   -6.000000e+01 -1.600000e+01 2.000000e+00
      vertex   -6.100000e+01 -1.600000e+01 5.000000e+00
      vertex   -6.000000e+01 -1.600000e+01 5.000000e+00
    endloop
  endfacet
  facet normal -8.161913e-01 -3.692657e-03 -5.777700e-01
    outer loop
      vertex   -6.491600e+01 -1.075000e+01 6.210000e-01
      vertex   -6.470700e+01 -5.625000e+00 2.930000e-01
      vertex   -6.460400e+01 -1.587500e+01 2.130000e-01
    endloop
  endfacet
  facet normal 3.832550e-01 9.236426e-01 -0.000000e+00
    outer loop
      vertex   -6.200000e+01 -1.573200e+01 2.000000e+00
      vertex   -6.200000e+01 -1.573200e+01 5.000000e+00
      vertex   -6.151800e+01 -1.593200e+01 2.000000e+00
    endloop
  endfacet
  facet normal 3.832550e-01 9.236426e-01 -0.000000e+00
    outer loop
      vertex   -6.151800e+01 -1.593200e+01 2.000000e+00
      vertex   -6.200000e+01 -1.573200e+01 5.000000e+00
      vertex   -6.151800e+01 -1.593200e+01 5.000000e+00
    endloop
  endfacet
  facet normal 6.091548e-01 7.930514e-01 0.000000e+00
    outer loop
      vertex   -6.200000e+01 -1.573200e+01 5.000000e+00
      vertex   -6.200000e+01 -1.573200e+01 2.000000e+00
      vertex   -6.241400e+01 -1.541400e+01 5.000000e+00
    endloop
  endfacet
  facet normal 6.091548e-01 7.930514e-01 0.000000e+00
    outer loop
      vertex   -6.241400e+01 -1.541400e+01 5.000000e+00
      vertex   -6.200000e+01 -1.573200e+01 2.000000e+00
      vertex   -6.241400e+01 -1.541400e+01 2.000000e+00
    endloop
  endfacet
  facet normal 0.000000e+00 0.000000e+00 1.000000e+00
    outer loop
      vertex   -5.600000e+01 -2.100000e+01 5.000000e+00
      vertex   -5.651800e+01 -2.093200e+01 5.000000e+00
      vertex   -6.300000e+01 -2.100000e+01 5.000000e+00
    endloop
  endfacet
  facet normal 0.000000e+00 0.000000e+00 1.000000e+00
    outer loop
      vertex   -6.300000e+01 -2.100000e+01 5.000000e+00
      vertex   -5.651800e+01 -2.093200e+01 5.000000e+00
      vertex   -5.700000e+01 -2.073200e+01 5.000000e+00
    endloop
  endfacet
  facet normal 0.000000e+00 0.000000e+00 1.000000e+00
    outer loop
      vertex   -6.300000e+01 -2.100000e+01 5.000000e+00
      vertex   -5.700000e+01 -2.073200e+01 5.000000e+00
      vertex   -5.741400e+01 -2.041400e+01 5.000000e+00
    endloop
  endfacet
  facet normal 0.000000e+00 0.000000e+00 1.000000e+00
    outer loop
      vertex   -5.741400e+01 -2.041400e+01 5.000000e+00
      vertex   -5.773200e+01 -2.000000e+01 5.000000e+00
      vertex   -6.300000e+01 -2.100000e+01 5.000000e+00
    endloop
  endfacet
  facet normal 0.000000e+00 0.000000e+00 1.000000e+00
    outer loop
      vertex   -6.300000e+01 -2.100000e+01 5.000000e+00
      vertex   -5.773200e+01 -2.000000e+01 5.000000e+00
      vertex   -5.793200e+01 -1.951800e+01 5.000000e+00
    endloop
  endfacet
  facet normal 0.000000e+00 0.000000e+00 1.000000e+00
    outer loop
      vertex   -6.300000e+01 -2.100000e+01 5.000000e+00
      vertex   -5.793200e+01 -1.951800e+01 5.000000e+00
      vertex   -5.800000e+01 -1.900000e+01 5.000000e+00
    endloop
  endfacet
  facet normal 0.000000e+00 0.000000e+00 1.000000e+00
    outer loop
      vertex   -6.300000e+01 -2.100000e+01 5.000000e+00
      vertex   -5.800000e+01 -1.900000e+01 5.000000e+00
      vertex   -6.100000e+01 -1.600000e+01 5.000000e+00
    endloop
  endfacet
  facet normal 0.000000e+00 0.000000e+00 1.000000e+00
    outer loop
      vertex   -6.100000e+01 -1.600000e+01 5.000000e+00
      vertex   -5.800000e+01 -1.900000e+01 5.000000e+00
      vertex   -5.800000e+01 -1.800000e+01 5.000000e+00
    endloop
  endfacet
  facet normal -0.000000e+00 0.000000e+00 1.000000e+00
    outer loop
      vertex   -6.100000e+01 -1.600000e+01 5.000000e+00
      vertex   -5.800000e+01 -1.800000e+01 5.000000e+00
      vertex   -6.000000e+01 -1.600000e+01 5.000000e+00
    endloop
  endfacet
  facet normal 0.000000e+00 0.000000e+00 1.000000e+00
    outer loop
      vertex   -6.000000e+01 -1.600000e+01 5.000000e+00
      vertex   -5.800000e+01 -1.800000e+01 5.000000e+00
      vertex   -5.806800e+01 -1.748200e+01 5.000000e+00
    endloop
  endfacet
  facet normal 0.000000e+00 0.000000e+00 1.000000e+00
    outer loop
      vertex   -6.000000e+01 -1.600000e+01 5.000000e+00
      vertex   -5.806800e+01 -1.748200e+01 5.000000e+00
      vertex   -5.826800e+01 -1.700000e+01 5.000000e+00
    endloop
  endfacet
  facet normal 0.000000e+00 0.000000e+00 1.000000e+00
    outer loop
      vertex   -5.826800e+01 -1.700000e+01 5.000000e+00
      vertex   -5.858600e+01 -1.658600e+01 5.000000e+00
      vertex   -6.000000e+01 -1.600000e+01 5.000000e+00
    endloop
  endfacet
  facet normal 0.000000e+00 0.000000e+00 1.000000e+00
    outer loop
      vertex   -6.000000e+01 -1.600000e+01 5.000000e+00
      vertex   -5.858600e+01 -1.658600e+01 5.000000e+00
      vertex   -5.900000e+01 -1.626800e+01 5.000000e+00
    endloop
  endfacet
  facet normal 0.000000e+00 0.000000e+00 1.000000e+00
    outer loop
      vertex   -6.000000e+01 -1.600000e+01 5.000000e+00
      vertex   -5.900000e+01 -1.626800e+01 5.000000e+00
      vertex   -5.948200e+01 -1.606800e+01 5.000000e+00
    endloop
  endfacet
  facet normal 0.000000e+00 0.000000e+00 1.000000e+00
    outer loop
      vertex   -6.100000e+01 -1.600000e+01 5.000000e+00
      vertex   -6.151800e+01 -1.593200e+01 5.000000e+00
      vertex   -6.300000e+01 -2.100000e+01 5.000000e+00
    endloop
  endfacet
  facet normal 0.000000e+00 0.000000e+00 1.000000e+00
    outer loop
      vertex   -6.300000e+01 -2.100000e+01 5.000000e+00
      vertex   -6.151800e+01 -1.593200e+01 5.000000e+00
      vertex   -6.200000e+01 -1.573200e+01 5.000000e+00
    endloop
  endfacet
  facet normal 0.000000e+00 0.000000e+00 1.000000e+00
    outer loop
      vertex   -6.300000e+01 -2.100000e+01 5.000000e+00
      vertex   -6.200000e+01 -1.573200e+01 5.000000e+00
      vertex   -6.241400e+01 -1.541400e+01 5.000000e+00
    endloop
  endfacet
  facet normal 0.000000e+00 0.000000e+00 1.000000e+00
    outer loop
      vertex   -6.241400e+01 -1.541400e+01 5.000000e+00
      vertex   -6.273200e+01 -1.500000e+01 5.000000e+00
      vertex   -6.300000e+01 -2.100000e+01 5.000000e+00
    endloop
  endfacet
  facet normal 0.000000e+00 0.000000e+00 1.000000e+00
    outer loop
      vertex   -6.300000e+01 -2.100000e+01 5.000000e+00
      vertex   -6.273200e+01 -1.500000e+01 5.000000e+00
      vertex   -6.293200e+01 -1.451800e+01 5.000000e+00
    endloop
  endfacet
  facet normal 0.000000e+00 0.000000e+00 1.000000e+00
    outer loop
      vertex   -6.300000e+01 -2.100000e+01 5.000000e+00
      vertex   -6.293200e+01 -1.451800e+01 5.000000e+00
      vertex   -6.300000e+01 -1.400000e+01 5.000000e+00
    endloop
  endfacet
  facet normal 3.832535e-01 9.236432e-01 -0.000000e+00
    outer loop
      vertex   -5.948200e+01 -1.606800e+01 2.000000e+00
      vertex   -5.948200e+01 -1.606800e+01 5.000000e+00
      vertex   -5.900000e+01 -1.626800e+01 2.000000e+00
    endloop
  endfacet
  facet normal 3.832535e-01 9.236432e-01 -0.000000e+00
    outer loop
      vertex   -5.900000e+01 -1.626800e+01 2.000000e+00
      vertex   -5.948200e+01 -1.606800e+01 5.000000e+00
      vertex   -5.900000e+01 -1.626800e+01 5.000000e+00
    endloop
  endfacet
  facet normal 1.301585e-01 9.914932e-01 0.000000e+00
    outer loop
      vertex   -5.948200e+01 -1.606800e+01 5.000000e+00
      vertex   -5.948200e+01 -1.606800e+01 2.000000e+00
      vertex   -6.000000e+01 -1.600000e+01 5.000000e+00
    endloop
  endfacet
  facet normal 1.301585e-01 9.914932e-01 0.000000e+00
    outer loop
      vertex   -6.000000e+01 -1.600000e+01 5.000000e+00
      vertex   -5.948200e+01 -1.606800e+01 2.000000e+00
      vertex   -6.000000e+01 -1.600000e+01 2.000000e+00
    endloop
  endfacet
  facet normal -0.000000e+00 -0.000000e+00 1.000000e+00
    outer loop
      vertex   -6.000000e+01 -1.600000e+01 2.000000e+00
      vertex   -5.948200e+01 -1.606800e+01 2.000000e+00
      vertex   -6.300000e+01 -1.400000e+01 2.000000e+00
    endloop
  endfacet
  facet normal 0.000000e+00 0.000000e+00 1.000000e+00
    outer loop
      vertex   -6.300000e+01 -1.400000e+01 2.000000e+00
      vertex   -5.948200e+01 -1.606800e+01 2.000000e+00
      vertex   -5.900000e+01 -1.626800e+01 2.000000e+00
    endloop
  endfacet
  facet normal 0.000000e+00 0.000000e+00 1.000000e+00
    outer loop
      vertex   -6.300000e+01 -1.400000e+01 2.000000e+00
      vertex   -5.900000e+01 -1.626800e+01 2.000000e+00
      vertex   -6.564000e+00 -1.619500e+01 2.000000e+00
    endloop
  endfacet
  facet normal 0.000000e+00 0.000000e+00 1.000000e+00
    outer loop
      vertex   -6.564000e+00 -1.619500e+01 2.000000e+00
      vertex   -5.900000e+01 -1.626800e+01 2.000000e+00
      vertex   -7.204000e+00 -1.653100e+01 2.000000e+00
    endloop
  endfacet
  facet normal 0.000000e+00 0.000000e+00 1.000000e+00
    outer loop
      vertex   -7.204000e+00 -1.653100e+01 2.000000e+00
      vertex   -5.900000e+01 -1.626800e+01 2.000000e+00
      vertex   -5.858600e+01 -1.658600e+01 2.000000e+00
    endloop
  endfacet
  facet normal 0.000000e+00 0.000000e+00 1.000000e+00
    outer loop
      vertex   -7.204000e+00 -1.653100e+01 2.000000e+00
      vertex   -5.858600e+01 -1.658600e+01 2.000000e+00
      vertex   -7.746000e+00 -1.701100e+01 2.000000e+00
    endloop
  endfacet
  facet normal 0.000000e+00 0.000000e+00 1.000000e+00
    outer loop
      vertex   -7.746000e+00 -1.701100e+01 2.000000e+00
      vertex   -5.858600e+01 -1.658600e+01 2.000000e+00
      vertex   -5.826800e+01 -1.700000e+01 2.000000e+00
    endloop
  endfacet
  facet normal 0.000000e+00 0.000000e+00 1.000000e+00
    outer loop
      vertex   -7.746000e+00 -1.701100e+01 2.000000e+00
      vertex   -5.826800e+01 -1.700000e+01 2.000000e+00
      vertex   -8.156000e+00 -1.760600e+01 2.000000e+00
    endloop
  endfacet
  facet normal 0.000000e+00 0.000000e+00 1.000000e+00
    outer loop
      vertex   -8.156000e+00 -1.760600e+01 2.000000e+00
      vertex   -5.826800e+01 -1.700000e+01 2.000000e+00
      vertex   -5.806800e+01 -1.748200e+01 2.000000e+00
    endloop
  endfacet
  facet normal 0.000000e+00 0.000000e+00 1.000000e+00
    outer loop
      vertex   -8.156000e+00 -1.760600e+01 2.000000e+00
      vertex   -5.806800e+01 -1.748200e+01 2.000000e+00
      vertex   -1.050000e+01 -2.100000e+01 2.000000e+00
    endloop
  endfacet
  facet normal 0.000000e+00 0.000000e+00 1.000000e+00
    outer loop
      vertex   -1.050000e+01 -2.100000e+01 2.000000e+00
      vertex   -5.806800e+01 -1.748200e+01 2.000000e+00
      vertex   -5.600000e+01 -2.100000e+01 2.000000e+00
    endloop
  endfacet
  facet normal 0.000000e+00 0.000000e+00 1.000000e+00
    outer loop
      vertex   -5.600000e+01 -2.100000e+01 2.000000e+00
      vertex   -5.806800e+01 -1.748200e+01 2.000000e+00
      vertex   -5.800000e+01 -1.800000e+01 2.000000e+00
    endloop
  endfacet
  facet normal 0.000000e+00 0.000000e+00 1.000000e+00
    outer loop
      vertex   -5.600000e+01 -2.100000e+01 2.000000e+00
      vertex   -5.800000e+01 -1.800000e+01 2.000000e+00
      vertex   -5.800000e+01 -1.900000e+01 2.000000e+00
    endloop
  endfacet
  facet normal 0.000000e+00 0.000000e+00 1.000000e+00
    outer loop
      vertex   -5.800000e+01 -1.900000e+01 2.000000e+00
      vertex   -5.793200e+01 -1.951800e+01 2.000000e+00
      vertex   -5.600000e+01 -2.100000e+01 2.000000e+00
    endloop
  endfacet
  facet normal 0.000000e+00 0.000000e+00 1.000000e+00
    outer loop
      vertex   -5.600000e+01 -2.100000e+01 2.000000e+00
      vertex   -5.793200e+01 -1.951800e+01 2.000000e+00
      vertex   -5.773200e+01 -2.000000e+01 2.000000e+00
    endloop
  endfacet
  facet normal 0.000000e+00 0.000000e+00 1.000000e+00
    outer loop
      vertex   -5.600000e+01 -2.100000e+01 2.000000e+00
      vertex   -5.773200e+01 -2.000000e+01 2.000000e+00
      vertex   -5.741400e+01 -2.041400e+01 2.000000e+00
    endloop
  endfacet
  facet normal 0.000000e+00 0.000000e+00 1.000000e+00
    outer loop
      vertex   -5.741400e+01 -2.041400e+01 2.000000e+00
      vertex   -5.700000e+01 -2.073200e+01 2.000000e+00
      vertex   -5.600000e+01 -2.100000e+01 2.000000e+00
    endloop
  endfacet
  facet normal 0.000000e+00 0.000000e+00 1.000000e+00
    outer loop
      vertex   -5.600000e+01 -2.100000e+01 2.000000e+00
      vertex   -5.700000e+01 -2.073200e+01 2.000000e+00
      vertex   -5.651800e+01 -2.093200e+01 2.000000e+00
    endloop
  endfacet
  facet normal 0.000000e+00 -0.000000e+00 1.000000e+00
    outer loop
      vertex   -9.982000e+00 -2.093200e+01 2.000000e+00
      vertex   -9.500000e+00 -2.073200e+01 2.000000e+00
      vertex   -1.050000e+01 -2.100000e+01 2.000000e+00
    endloop
  endfacet
  facet normal 0.000000e+00 0.000000e+00 1.000000e+00
    outer loop
      vertex   -1.050000e+01 -2.100000e+01 2.000000e+00
      vertex   -9.500000e+00 -2.073200e+01 2.000000e+00
      vertex   -9.086000e+00 -2.041400e+01 2.000000e+00
    endloop
  endfacet
  facet normal 0.000000e+00 0.000000e+00 1.000000e+00
    outer loop
      vertex   -1.050000e+01 -2.100000e+01 2.000000e+00
      vertex   -9.086000e+00 -2.041400e+01 2.000000e+00
      vertex   -8.768000e+00 -2.000000e+01 2.000000e+00
    endloop
  endfacet
  facet normal 0.000000e+00 -0.000000e+00 1.000000e+00
    outer loop
      vertex   -8.768000e+00 -2.000000e+01 2.000000e+00
      vertex   -8.568000e+00 -1.951800e+01 2.000000e+00
      vertex   -1.050000e+01 -2.100000e+01 2.000000e+00
    endloop
  endfacet
  facet normal 0.000000e+00 0.000000e+00 1.000000e+00
    outer loop
      vertex   -1.050000e+01 -2.100000e+01 2.000000e+00
      vertex   -8.568000e+00 -1.951800e+01 2.000000e+00
      vertex   -8.413000e+00 -1.828200e+01 2.000000e+00
    endloop
  endfacet
  facet normal 0.000000e+00 0.000000e+00 1.000000e+00
    outer loop
      vertex   -1.050000e+01 -2.100000e+01 2.000000e+00
      vertex   -8.413000e+00 -1.828200e+01 2.000000e+00
      vertex   -8.156000e+00 -1.760600e+01 2.000000e+00
    endloop
  endfacet
  facet normal -0.000000e+00 0.000000e+00 1.000000e+00
    outer loop
      vertex   -6.300000e+01 -1.400000e+01 2.000000e+00
      vertex   -6.564000e+00 -1.619500e+01 2.000000e+00
      vertex   -6.564000e+00 1.419500e+01 2.000000e+00
    endloop
  endfacet
  facet normal 0.000000e+00 0.000000e+00 1.000000e+00
    outer loop
      vertex   -6.564000e+00 1.419500e+01 2.000000e+00
      vertex   -6.564000e+00 -1.619500e+01 2.000000e+00
      vertex   -5.862000e+00 -1.602200e+01 2.000000e+00
    endloop
  endfacet
  facet normal 0.000000e+00 0.000000e+00 1.000000e+00
    outer loop
      vertex   -6.564000e+00 1.419500e+01 2.000000e+00
      vertex   -5.862000e+00 -1.602200e+01 2.000000e+00
      vertex   -5.862000e+00 1.402200e+01 2.000000e+00
    endloop
  endfacet
  facet normal 0.000000e+00 0.000000e+00 1.000000e+00
    outer loop
      vertex   -5.862000e+00 1.402200e+01 2.000000e+00
      vertex   -5.862000e+00 -1.602200e+01 2.000000e+00
      vertex   -5.138000e+00 -1.602200e+01 2.000000e+00
    endloop
  endfacet
  facet normal -0.000000e+00 0.000000e+00 1.000000e+00
    outer loop
      vertex   -5.862000e+00 1.402200e+01 2.000000e+00
      vertex   -5.138000e+00 -1.602200e+01 2.000000e+00
      vertex   -5.138000e+00 1.402200e+01 2.000000e+00
    endloop
  endfacet
  facet normal -0.000000e+00 0.000000e+00 1.000000e+00
    outer loop
      vertex   -5.138000e+00 1.402200e+01 2.000000e+00
      vertex   -5.138000e+00 -1.602200e+01 2.000000e+00
      vertex   -4.436000e+00 1.419500e+01 2.000000e+00
    endloop
  endfacet
  facet normal 0.000000e+00 0.000000e+00 1.000000e+00
    outer loop
      vertex   -4.436000e+00 1.419500e+01 2.000000e+00
      vertex   -5.138000e+00 -1.602200e+01 2.000000e+00
      vertex   -4.436000e+00 -1.619500e+01 2.000000e+00
    endloop
  endfacet
  facet normal 0.000000e+00 0.000000e+00 1.000000e+00
    outer loop
      vertex   -4.436000e+00 1.419500e+01 2.000000e+00
      vertex   -4.436000e+00 -1.619500e+01 2.000000e+00
      vertex   1.700000e+01 -2.100000e+01 2.000000e+00
    endloop
  endfacet
  facet normal 0.000000e+00 0.000000e+00 1.000000e+00
    outer loop
      vertex   1.700000e+01 -2.100000e+01 2.000000e+00
      vertex   -4.436000e+00 -1.619500e+01 2.000000e+00
      vertex   -3.796000e+00 -1.653100e+01 2.000000e+00
    endloop
  endfacet
  facet normal 0.000000e+00 0.000000e+00 1.000000e+00
    outer loop
      vertex   1.700000e+01 -2.100000e+01 2.000000e+00
      vertex   -3.796000e+00 -1.653100e+01 2.000000e+00
      vertex   -3.254000e+00 -1.701100e+01 2.000000e+00
    endloop
  endfacet
  facet normal 0.000000e+00 0.000000e+00 1.000000e+00
    outer loop
      vertex   -3.254000e+00 -1.701100e+01 2.000000e+00
      vertex   -2.844000e+00 -1.760600e+01 2.000000e+00
      vertex   1.700000e+01 -2.100000e+01 2.000000e+00
    endloop
  endfacet
  facet normal 0.000000e+00 0.000000e+00 1.000000e+00
    outer loop
      vertex   1.700000e+01 -2.100000e+01 2.000000e+00
      vertex   -2.844000e+00 -1.760600e+01 2.000000e+00
      vertex   -2.587000e+00 -1.828200e+01 2.000000e+00
    endloop
  endfacet
  facet normal 0.000000e+00 0.000000e+00 1.000000e+00
    outer loop
      vertex   1.700000e+01 -2.100000e+01 2.000000e+00
      vertex   -2.587000e+00 -1.828200e+01 2.000000e+00
      vertex   -5.000000e-01 -2.100000e+01 2.000000e+00
    endloop
  endfacet
  facet normal 0.000000e+00 0.000000e+00 1.000000e+00
    outer loop
      vertex   -5.000000e-01 -2.100000e+01 2.000000e+00
      vertex   -2.587000e+00 -1.828200e+01 2.000000e+00
      vertex   -2.432000e+00 -1.951800e+01 2.000000e+00
    endloop
  endfacet
  facet normal 0.000000e+00 0.000000e+00 1.000000e+00
    outer loop
      vertex   -5.000000e-01 -2.100000e+01 2.000000e+00
      vertex   -2.432000e+00 -1.951800e+01 2.000000e+00
      vertex   -2.232000e+00 -2.000000e+01 2.000000e+00
    endloop
  endfacet
  facet normal 0.000000e+00 0.000000e+00 1.000000e+00
    outer loop
      vertex   -2.232000e+00 -2.000000e+01 2.000000e+00
      vertex   -1.914000e+00 -2.041400e+01 2.000000e+00
      vertex   -5.000000e-01 -2.100000e+01 2.000000e+00
    endloop
  endfacet
  facet normal 0.000000e+00 0.000000e+00 1.000000e+00
    outer loop
      vertex   -5.000000e-01 -2.100000e+01 2.000000e+00
      vertex   -1.914000e+00 -2.041400e+01 2.000000e+00
      vertex   -1.500000e+00 -2.073200e+01 2.000000e+00
    endloop
  endfacet
  facet normal 0.000000e+00 0.000000e+00 1.000000e+00
    outer loop
      vertex   -5.000000e-01 -2.100000e+01 2.000000e+00
      vertex   -1.500000e+00 -2.073200e+01 2.000000e+00
      vertex   -1.018000e+00 -2.093200e+01 2.000000e+00
    endloop
  endfacet
  facet normal 0.000000e+00 -0.000000e+00 1.000000e+00
    outer loop
      vertex   1.700000e+01 -2.100000e+01 2.000000e+00
      vertex   1.700000e+01 1.900000e+01 2.000000e+00
      vertex   -4.436000e+00 1.419500e+01 2.000000e+00
    endloop
  endfacet
  facet normal 0.000000e+00 0.000000e+00 1.000000e+00
    outer loop
      vertex   -4.436000e+00 1.419500e+01 2.000000e+00
      vertex   1.700000e+01 1.900000e+01 2.000000e+00
      vertex   -3.796000e+00 1.453100e+01 2.000000e+00
    endloop
  endfacet
  facet normal 0.000000e+00 0.000000e+00 1.000000e+00
    outer loop
      vertex   -3.796000e+00 1.453100e+01 2.000000e+00
      vertex   1.700000e+01 1.900000e+01 2.000000e+00
      vertex   -3.254000e+00 1.501100e+01 2.000000e+00
    endloop
  endfacet
  facet normal 0.000000e+00 0.000000e+00 1.000000e+00
    outer loop
      vertex   -3.254000e+00 1.501100e+01 2.000000e+00
      vertex   1.700000e+01 1.900000e+01 2.000000e+00
      vertex   -2.844000e+00 1.560600e+01 2.000000e+00
    endloop
  endfacet
  facet normal 0.000000e+00 0.000000e+00 1.000000e+00
    outer loop
      vertex   -2.844000e+00 1.560600e+01 2.000000e+00
      vertex   1.700000e+01 1.900000e+01 2.000000e+00
      vertex   -2.587000e+00 1.628200e+01 2.000000e+00
    endloop
  endfacet
  facet normal 0.000000e+00 0.000000e+00 1.000000e+00
    outer loop
      vertex   -2.587000e+00 1.628200e+01 2.000000e+00
      vertex   1.700000e+01 1.900000e+01 2.000000e+00
      vertex   -5.000000e-01 1.900000e+01 2.000000e+00
    endloop
  endfacet
  facet normal 0.000000e+00 0.000000e+00 1.000000e+00
    outer loop
      vertex   -2.587000e+00 1.628200e+01 2.000000e+00
      vertex   -5.000000e-01 1.900000e+01 2.000000e+00
      vertex   -2.432000e+00 1.751800e+01 2.000000e+00
    endloop
  endfacet
  facet normal 0.000000e+00 0.000000e+00 1.000000e+00
    outer loop
      vertex   -2.432000e+00 1.751800e+01 2.000000e+00
      vertex   -5.000000e-01 1.900000e+01 2.000000e+00
      vertex   -2.232000e+00 1.800000e+01 2.000000e+00
    endloop
  endfacet
  facet normal 0.000000e+00 0.000000e+00 1.000000e+00
    outer loop
      vertex   -2.232000e+00 1.800000e+01 2.000000e+00
      vertex   -5.000000e-01 1.900000e+01 2.000000e+00
      vertex   -1.914000e+00 1.841400e+01 2.000000e+00
    endloop
  endfacet
  facet normal 0.000000e+00 0.000000e+00 1.000000e+00
    outer loop
      vertex   -1.914000e+00 1.841400e+01 2.000000e+00
      vertex   -5.000000e-01 1.900000e+01 2.000000e+00
      vertex   -1.500000e+00 1.873200e+01 2.000000e+00
    endloop
  endfacet
  facet normal 0.000000e+00 0.000000e+00 1.000000e+00
    outer loop
      vertex   -1.500000e+00 1.873200e+01 2.000000e+00
      vertex   -5.000000e-01 1.900000e+01 2.000000e+00
      vertex   -1.018000e+00 1.893200e+01 2.000000e+00
    endloop
  endfacet
  facet normal 0.000000e+00 0.000000e+00 1.000000e+00
    outer loop
      vertex   -7.204000e+00 1.453100e+01 2.000000e+00
      vertex   -5.900000e+01 1.426800e+01 2.000000e+00
      vertex   -6.564000e+00 1.419500e+01 2.000000e+00
    endloop
  endfacet
  facet normal 0.000000e+00 0.000000e+00 1.000000e+00
    outer loop
      vertex   -6.564000e+00 1.419500e+01 2.000000e+00
      vertex   -5.900000e+01 1.426800e+01 2.000000e+00
      vertex   -6.300000e+01 1.200000e+01 2.000000e+00
    endloop
  endfacet
  facet normal 0.000000e+00 0.000000e+00 1.000000e+00
    outer loop
      vertex   -6.564000e+00 1.419500e+01 2.000000e+00
      vertex   -6.300000e+01 1.200000e+01 2.000000e+00
      vertex   -6.300000e+01 -1.400000e+01 2.000000e+00
    endloop
  endfacet
  facet normal 0.000000e+00 0.000000e+00 1.000000e+00
    outer loop
      vertex   -5.900000e+01 1.426800e+01 2.000000e+00
      vertex   -7.204000e+00 1.453100e+01 2.000000e+00
      vertex   -5.858600e+01 1.458600e+01 2.000000e+00
    endloop
  endfacet
  facet normal -0.000000e+00 0.000000e+00 1.000000e+00
    outer loop
      vertex   -5.858600e+01 1.458600e+01 2.000000e+00
      vertex   -7.204000e+00 1.453100e+01 2.000000e+00
      vertex   -7.746000e+00 1.501100e+01 2.000000e+00
    endloop
  endfacet
  facet normal 0.000000e+00 0.000000e+00 1.000000e+00
    outer loop
      vertex   -5.858600e+01 1.458600e+01 2.000000e+00
      vertex   -7.746000e+00 1.501100e+01 2.000000e+00
      vertex   -5.826800e+01 1.500000e+01 2.000000e+00
    endloop
  endfacet
  facet normal 0.000000e+00 0.000000e+00 1.000000e+00
    outer loop
      vertex   -5.826800e+01 1.500000e+01 2.000000e+00
      vertex   -7.746000e+00 1.501100e+01 2.000000e+00
      vertex   -8.156000e+00 1.560600e+01 2.000000e+00
    endloop
  endfacet
  facet normal 0.000000e+00 0.000000e+00 1.000000e+00
    outer loop
      vertex   -5.826800e+01 1.500000e+01 2.000000e+00
      vertex   -8.156000e+00 1.560600e+01 2.000000e+00
      vertex   -5.806800e+01 1.548200e+01 2.000000e+00
    endloop
  endfacet
  facet normal 0.000000e+00 0.000000e+00 1.000000e+00
    outer loop
      vertex   -5.806800e+01 1.548200e+01 2.000000e+00
      vertex   -8.156000e+00 1.560600e+01 2.000000e+00
      vertex   -1.050000e+01 1.900000e+01 2.000000e+00
    endloop
  endfacet
  facet normal 0.000000e+00 0.000000e+00 1.000000e+00
    outer loop
      vertex   -5.806800e+01 1.548200e+01 2.000000e+00
      vertex   -1.050000e+01 1.900000e+01 2.000000e+00
      vertex   -5.600000e+01 1.900000e+01 2.000000e+00
    endloop
  endfacet
  facet normal 0.000000e+00 0.000000e+00 1.000000e+00
    outer loop
      vertex   -8.156000e+00 1.560600e+01 2.000000e+00
      vertex   -8.413000e+00 1.628200e+01 2.000000e+00
      vertex   -1.050000e+01 1.900000e+01 2.000000e+00
    endloop
  endfacet
  facet normal 0.000000e+00 0.000000e+00 1.000000e+00
    outer loop
      vertex   -1.050000e+01 1.900000e+01 2.000000e+00
      vertex   -8.413000e+00 1.628200e+01 2.000000e+00
      vertex   -8.568000e+00 1.751800e+01 2.000000e+00
    endloop
  endfacet
  facet normal 0.000000e+00 0.000000e+00 1.000000e+00
    outer loop
      vertex   -1.050000e+01 1.900000e+01 2.000000e+00
      vertex   -8.568000e+00 1.751800e+01 2.000000e+00
      vertex   -8.768000e+00 1.800000e+01 2.000000e+00
    endloop
  endfacet
  facet normal 0.000000e+00 0.000000e+00 1.000000e+00
    outer loop
      vertex   -8.768000e+00 1.800000e+01 2.000000e+00
      vertex   -9.086000e+00 1.841400e+01 2.000000e+00
      vertex   -1.050000e+01 1.900000e+01 2.000000e+00
    endloop
  endfacet
  facet normal 0.000000e+00 0.000000e+00 1.000000e+00
    outer loop
      vertex   -1.050000e+01 1.900000e+01 2.000000e+00
      vertex   -9.086000e+00 1.841400e+01 2.000000e+00
      vertex   -9.500000e+00 1.873200e+01 2.000000e+00
    endloop
  endfacet
  facet normal 0.000000e+00 0.000000e+00 1.000000e+00
    outer loop
      vertex   -1.050000e+01 1.900000e+01 2.000000e+00
      vertex   -9.500000e+00 1.873200e+01 2.000000e+00
      vertex   -9.982000e+00 1.893200e+01 2.000000e+00
    endloop
  endfacet
  facet normal -0.000000e+00 0.000000e+00 1.000000e+00
    outer loop
      vertex   -5.651800e+01 1.893200e+01 2.000000e+00
      vertex   -5.700000e+01 1.873200e+01 2.000000e+00
      vertex   -5.600000e+01 1.900000e+01 2.000000e+00
    endloop
  endfacet
  facet normal 0.000000e+00 0.000000e+00 1.000000e+00
    outer loop
      vertex   -5.600000e+01 1.900000e+01 2.000000e+00
      vertex   -5.700000e+01 1.873200e+01 2.000000e+00
      vertex   -5.741400e+01 1.841400e+01 2.000000e+00
    endloop
  endfacet
  facet normal 0.000000e+00 0.000000e+00 1.000000e+00
    outer loop
      vertex   -5.600000e+01 1.900000e+01 2.000000e+00
      vertex   -5.741400e+01 1.841400e+01 2.000000e+00
      vertex   -5.773200e+01 1.800000e+01 2.000000e+00
    endloop
  endfacet
  facet normal -0.000000e+00 0.000000e+00 1.000000e+00
    outer loop
      vertex   -5.773200e+01 1.800000e+01 2.000000e+00
      vertex   -5.793200e+01 1.751800e+01 2.000000e+00
      vertex   -5.600000e+01 1.900000e+01 2.000000e+00
    endloop
  endfacet
  facet normal 0.000000e+00 0.000000e+00 1.000000e+00
    outer loop
      vertex   -5.600000e+01 1.900000e+01 2.000000e+00
      vertex   -5.793200e+01 1.751800e+01 2.000000e+00
      vertex   -5.800000e+01 1.700000e+01 2.000000e+00
    endloop
  endfacet
  facet normal 0.000000e+00 0.000000e+00 1.000000e+00
    outer loop
      vertex   -5.600000e+01 1.900000e+01 2.000000e+00
      vertex   -5.800000e+01 1.700000e+01 2.000000e+00
      vertex   -5.800000e+01 1.600000e+01 2.000000e+00
    endloop
  endfacet
  facet normal -0.000000e+00 0.000000e+00 1.000000e+00
    outer loop
      vertex   -5.800000e+01 1.600000e+01 2.000000e+00
      vertex   -5.806800e+01 1.548200e+01 2.000000e+00
      vertex   -5.600000e+01 1.900000e+01 2.000000e+00
    endloop
  endfacet
  facet normal 0.000000e+00 0.000000e+00 1.000000e+00
    outer loop
      vertex   -5.900000e+01 1.426800e+01 2.000000e+00
      vertex   -5.948200e+01 1.406800e+01 2.000000e+00
      vertex   -6.300000e+01 1.200000e+01 2.000000e+00
    endloop
  endfacet
  facet normal 0.000000e+00 0.000000e+00 1.000000e+00
    outer loop
      vertex   -6.300000e+01 1.200000e+01 2.000000e+00
      vertex   -5.948200e+01 1.406800e+01 2.000000e+00
      vertex   -6.000000e+01 1.400000e+01 2.000000e+00
    endloop
  endfacet
  facet normal 0.000000e+00 0.000000e+00 1.000000e+00
    outer loop
      vertex   -6.300000e+01 1.200000e+01 2.000000e+00
      vertex   -6.000000e+01 1.400000e+01 2.000000e+00
      vertex   -6.293200e+01 1.251800e+01 2.000000e+00
    endloop
  endfacet
  facet normal 0.000000e+00 0.000000e+00 1.000000e+00
    outer loop
      vertex   -6.293200e+01 1.251800e+01 2.000000e+00
      vertex   -6.000000e+01 1.400000e+01 2.000000e+00
      vertex   -6.273200e+01 1.300000e+01 2.000000e+00
    endloop
  endfacet
  facet normal 0.000000e+00 0.000000e+00 1.000000e+00
    outer loop
      vertex   -6.273200e+01 1.300000e+01 2.000000e+00
      vertex   -6.000000e+01 1.400000e+01 2.000000e+00
      vertex   -6.241400e+01 1.341400e+01 2.000000e+00
    endloop
  endfacet
  facet normal 0.000000e+00 0.000000e+00 1.000000e+00
    outer loop
      vertex   -6.241400e+01 1.341400e+01 2.000000e+00
      vertex   -6.000000e+01 1.400000e+01 2.000000e+00
      vertex   -6.200000e+01 1.373200e+01 2.000000e+00
    endloop
  endfacet
  facet normal 0.000000e+00 0.000000e+00 1.000000e+00
    outer loop
      vertex   -6.200000e+01 1.373200e+01 2.000000e+00
      vertex   -6.000000e+01 1.400000e+01 2.000000e+00
      vertex   -6.100000e+01 1.400000e+01 2.000000e+00
    endloop
  endfacet
  facet normal 0.000000e+00 0.000000e+00 1.000000e+00
    outer loop
      vertex   -6.200000e+01 1.373200e+01 2.000000e+00
      vertex   -6.100000e+01 1.400000e+01 2.000000e+00
      vertex   -6.151800e+01 1.393200e+01 2.000000e+00
    endloop
  endfacet
  facet normal 0.000000e+00 0.000000e+00 1.000000e+00
    outer loop
      vertex   -6.300000e+01 -1.400000e+01 2.000000e+00
      vertex   -6.293200e+01 -1.451800e+01 2.000000e+00
      vertex   -6.000000e+01 -1.600000e+01 2.000000e+00
    endloop
  endfacet
  facet normal 0.000000e+00 0.000000e+00 1.000000e+00
    outer loop
      vertex   -6.000000e+01 -1.600000e+01 2.000000e+00
      vertex   -6.293200e+01 -1.451800e+01 2.000000e+00
      vertex   -6.273200e+01 -1.500000e+01 2.000000e+00
    endloop
  endfacet
  facet normal 0.000000e+00 0.000000e+00 1.000000e+00
    outer loop
      vertex   -6.000000e+01 -1.600000e+01 2.000000e+00
      vertex   -6.273200e+01 -1.500000e+01 2.000000e+00
      vertex   -6.241400e+01 -1.541400e+01 2.000000e+00
    endloop
  endfacet
  facet normal 0.000000e+00 0.000000e+00 1.000000e+00
    outer loop
      vertex   -6.241400e+01 -1.541400e+01 2.000000e+00
      vertex   -6.200000e+01 -1.573200e+01 2.000000e+00
      vertex   -6.000000e+01 -1.600000e+01 2.000000e+00
    endloop
  endfacet
  facet normal 0.000000e+00 0.000000e+00 1.000000e+00
    outer loop
      vertex   -6.000000e+01 -1.600000e+01 2.000000e+00
      vertex   -6.200000e+01 -1.573200e+01 2.000000e+00
      vertex   -6.100000e+01 -1.600000e+01 2.000000e+00
    endloop
  endfacet
  facet normal 0.000000e+00 0.000000e+00 1.000000e+00
    outer loop
      vertex   -6.100000e+01 -1.600000e+01 2.000000e+00
      vertex   -6.200000e+01 -1.573200e+01 2.000000e+00
      vertex   -6.151800e+01 -1.593200e+01 2.000000e+00
    endloop
  endfacet
  facet normal -8.657279e-01 3.272481e-03 -5.005042e-01
    outer loop
      vertex   -6.470700e+01 -5.625000e+00 2.930000e-01
      vertex   -6.491600e+01 -1.075000e+01 6.210000e-01
      vertex   -6.496600e+01 -5.625000e+00 7.410000e-01
    endloop
  endfacet
  facet normal -8.657279e-01 -3.272481e-03 -5.005042e-01
    outer loop
      vertex   -6.496600e+01 -5.625000e+00 7.410000e-01
      vertex   -6.491600e+01 -5.000000e-01 6.210000e-01
      vertex   -6.470700e+01 -5.625000e+00 2.930000e-01
    endloop
  endfacet
  facet normal -8.245803e-01 2.580573e-03 -5.657391e-01
    outer loop
      vertex   -6.470700e+01 -5.625000e+00 2.930000e-01
      vertex   -6.491600e+01 -5.000000e-01 6.210000e-01
      vertex   -6.460400e+01 9.750000e+00 2.130000e-01
    endloop
  endfacet
  facet normal 1.000000e+00 0.000000e+00 -0.000000e+00
    outer loop
      vertex   -6.300000e+01 -1.325882e+01 2.296593e+01
      vertex   -6.300000e+01 -1.300000e+01 2.300000e+01
      vertex   -6.300000e+01 -2.100000e+01 2.500000e+01
    endloop
  endfacet
  facet normal 1.000000e+00 0.000000e+00 0.000000e+00
    outer loop
      vertex   -6.300000e+01 -2.100000e+01 2.500000e+01
      vertex   -6.300000e+01 -1.300000e+01 2.300000e+01
      vertex   -6.300000e+01 -3.500000e+00 2.300000e+01
    endloop
  endfacet
  facet normal 1.000000e+00 -0.000000e+00 0.000000e+00
    outer loop
      vertex   -6.300000e+01 -2.100000e+01 2.500000e+01
      vertex   -6.300000e+01 -3.500000e+00 2.300000e+01
      vertex   -6.300000e+01 1.900000e+01 2.500000e+01
    endloop
  endfacet
  facet normal 1.000000e+00 0.000000e+00 0.000000e+00
    outer loop
      vertex   -6.300000e+01 1.900000e+01 2.500000e+01
      vertex   -6.300000e+01 -3.500000e+00 2.300000e+01
      vertex   -6.300000e+01 -3.241181e+00 2.296593e+01
    endloop
  endfacet
  facet normal 1.000000e+00 0.000000e+00 0.000000e+00
    outer loop
      vertex   -6.300000e+01 1.900000e+01 2.500000e+01
      vertex   -6.300000e+01 -3.241181e+00 2.296593e+01
      vertex   -6.300000e+01 -3.000000e+00 2.286603e+01
    endloop
  endfacet
  facet normal 1.000000e+00 -0.000000e+00 0.000000e+00
    outer loop
      vertex   -6.300000e+01 -3.000000e+00 2.286603e+01
      vertex   -6.300000e+01 -2.792893e+00 2.270711e+01
      vertex   -6.300000e+01 1.900000e+01 2.500000e+01
    endloop
  endfacet
  facet normal 1.000000e+00 0.000000e+00 0.000000e+00
    outer loop
      vertex   -6.300000e+01 1.900000e+01 2.500000e+01
      vertex   -6.300000e+01 -2.792893e+00 2.270711e+01
      vertex   -6.300000e+01 -2.633975e+00 2.250000e+01
    endloop
  endfacet
  facet normal 1.000000e+00 0.000000e+00 0.000000e+00
    outer loop
      vertex   -6.300000e+01 1.900000e+01 2.500000e+01
      vertex   -6.300000e+01 -2.633975e+00 2.250000e+01
      vertex   -6.300000e+01 -2.534074e+00 2.225882e+01
    endloop
  endfacet
  facet normal 1.000000e+00 -3.437063e-15 2.700077e-14
    outer loop
      vertex   -6.300000e+01 -2.534074e+00 2.225882e+01
      vertex   -6.300000e+01 -2.500000e+00 2.200000e+01
      vertex   -6.300000e+01 1.900000e+01 2.500000e+01
    endloop
  endfacet
  facet normal 1.000000e+00 3.304850e-16 0.000000e+00
    outer loop
      vertex   -6.300000e+01 1.900000e+01 2.500000e+01
      vertex   -6.300000e+01 -2.500000e+00 2.200000e+01
      vertex   -6.300000e+01 -2.500000e+00 1.800000e+01
    endloop
  endfacet
  facet normal 1.000000e+00 9.683841e-15 -2.872816e-14
    outer loop
      vertex   -6.300000e+01 1.900000e+01 2.500000e+01
      vertex   -6.300000e+01 -2.500000e+00 1.800000e+01
      vertex   -6.300000e+01 -2.534074e+00 1.774118e+01
    endloop
  endfacet
  facet normal 1.000000e+00 -0.000000e+00 0.000000e+00
    outer loop
      vertex   -6.300000e+01 -2.534074e+00 1.774118e+01
      vertex   -6.300000e+01 -2.633975e+00 1.750000e+01
      vertex   -6.300000e+01 1.900000e+01 2.500000e+01
    endloop
  endfacet
  facet normal 1.000000e+00 0.000000e+00 0.000000e+00
    outer loop
      vertex   -6.300000e+01 1.900000e+01 2.500000e+01
      vertex   -6.300000e+01 -2.633975e+00 1.750000e+01
      vertex   -6.300000e+01 1.200000e+01 5.000000e+00
    endloop
  endfacet
  facet normal 1.000000e+00 0.000000e+00 0.000000e+00
    outer loop
      vertex   -6.300000e+01 1.900000e+01 2.500000e+01
      vertex   -6.300000e+01 1.200000e+01 5.000000e+00
      vertex   -6.300000e+01 1.900000e+01 5.000000e+00
    endloop
  endfacet
  facet normal 1.000000e+00 0.000000e+00 0.000000e+00
    outer loop
      vertex   -6.300000e+01 -2.633975e+00 1.750000e+01
      vertex   -6.300000e+01 -2.792893e+00 1.729289e+01
      vertex   -6.300000e+01 1.200000e+01 5.000000e+00
    endloop
  endfacet
  facet normal 1.000000e+00 0.000000e+00 0.000000e+00
    outer loop
      vertex   -6.300000e+01 1.200000e+01 5.000000e+00
      vertex   -6.300000e+01 -2.792893e+00 1.729289e+01
      vertex   -6.300000e+01 -3.000000e+00 1.713397e+01
    endloop
  endfacet
  facet normal 1.000000e+00 0.000000e+00 0.000000e+00
    outer loop
      vertex   -6.300000e+01 1.200000e+01 5.000000e+00
      vertex   -6.300000e+01 -3.000000e+00 1.713397e+01
      vertex   -6.300000e+01 -3.241181e+00 1.703407e+01
    endloop
  endfacet
  facet normal 1.000000e+00 0.000000e+00 0.000000e+00
    outer loop
      vertex   -6.300000e+01 -3.241181e+00 1.703407e+01
      vertex   -6.300000e+01 -3.500000e+00 1.700000e+01
      vertex   -6.300000e+01 1.200000e+01 5.000000e+00
    endloop
  endfacet
  facet normal 1.000000e+00 0.000000e+00 0.000000e+00
    outer loop
      vertex   -6.300000e+01 1.200000e+01 5.000000e+00
      vertex   -6.300000e+01 -3.500000e+00 1.700000e+01
      vertex   -6.300000e+01 -1.400000e+01 5.000000e+00
    endloop
  endfacet
  facet normal 1.000000e+00 0.000000e+00 0.000000e+00
    outer loop
      vertex   -6.300000e+01 1.200000e+01 5.000000e+00
      vertex   -6.300000e+01 -1.400000e+01 5.000000e+00
      vertex   -6.300000e+01 -1.400000e+01 2.000000e+00
    endloop
  endfacet
  facet normal 1.000000e+00 0.000000e+00 0.000000e+00
    outer loop
      vertex   -6.300000e+01 -3.500000e+00 1.700000e+01
      vertex   -6.300000e+01 -1.300000e+01 1.700000e+01
      vertex   -6.300000e+01 -1.400000e+01 5.000000e+00
    endloop
  endfacet
  facet normal 1.000000e+00 0.000000e+00 0.000000e+00
    outer loop
      vertex   -6.300000e+01 -1.400000e+01 5.000000e+00
      vertex   -6.300000e+01 -1.300000e+01 1.700000e+01
      vertex   -6.300000e+01 -1.325882e+01 1.703407e+01
    endloop
  endfacet
  facet normal 1.000000e+00 0.000000e+00 -0.000000e+00
    outer loop
      vertex   -6.300000e+01 -1.400000e+01 5.000000e+00
      vertex   -6.300000e+01 -1.325882e+01 1.703407e+01
      vertex   -6.300000e+01 -2.100000e+01 5.000000e+00
    endloop
  endfacet
  facet normal 1.000000e+00 0.000000e+00 0.000000e+00
    outer loop
      vertex   -6.300000e+01 -2.100000e+01 5.000000e+00
      vertex   -6.300000e+01 -1.325882e+01 1.703407e+01
      vertex   -6.300000e+01 -1.350000e+01 1.713397e+01
    endloop
  endfacet
  facet normal 1.000000e+00 0.000000e+00 0.000000e+00
    outer loop
      vertex   -6.300000e+01 -2.100000e+01 5.000000e+00
      vertex   -6.300000e+01 -1.350000e+01 1.713397e+01
      vertex   -6.300000e+01 -1.370711e+01 1.729289e+01
    endloop
  endfacet
  facet normal 1.000000e+00 0.000000e+00 0.000000e+00
    outer loop
      vertex   -6.300000e+01 -1.370711e+01 1.729289e+01
      vertex   -6.300000e+01 -1.386603e+01 1.750000e+01
      vertex   -6.300000e+01 -2.100000e+01 5.000000e+00
    endloop
  endfacet
  facet normal 1.000000e+00 0.000000e+00 0.000000e+00
    outer loop
      vertex   -6.300000e+01 -2.100000e+01 5.000000e+00
      vertex   -6.300000e+01 -1.386603e+01 1.750000e+01
      vertex   -6.300000e+01 -1.396593e+01 1.774118e+01
    endloop
  endfacet
  facet normal 1.000000e+00 0.000000e+00 0.000000e+00
    outer loop
      vertex   -6.300000e+01 -2.100000e+01 5.000000e+00
      vertex   -6.300000e+01 -1.396593e+01 1.774118e+01
      vertex   -6.300000e+01 -2.100000e+01 2.500000e+01
    endloop
  endfacet
  facet normal 1.000000e+00 0.000000e+00 0.000000e+00
    outer loop
      vertex   -6.300000e+01 -2.100000e+01 2.500000e+01
      vertex   -6.300000e+01 -1.396593e+01 1.774118e+01
      vertex   -6.300000e+01 -1.400000e+01 1.800000e+01
    endloop
  endfacet
  facet normal 1.000000e+00 0.000000e+00 0.000000e+00
    outer loop
      vertex   -6.300000e+01 -2.100000e+01 2.500000e+01
      vertex   -6.300000e+01 -1.400000e+01 1.800000e+01
      vertex   -6.300000e+01 -1.400000e+01 2.200000e+01
    endloop
  endfacet
  facet normal 1.000000e+00 0.000000e+00 -0.000000e+00
    outer loop
      vertex   -6.300000e+01 -1.400000e+01 2.200000e+01
      vertex   -6.300000e+01 -1.396593e+01 2.225882e+01
      vertex   -6.300000e+01 -2.100000e+01 2.500000e+01
    endloop
  endfacet
  facet normal 1.000000e+00 0.000000e+00 0.000000e+00
    outer loop
      vertex   -6.300000e+01 -2.100000e+01 2.500000e+01
      vertex   -6.300000e+01 -1.396593e+01 2.225882e+01
      vertex   -6.300000e+01 -1.386603e+01 2.250000e+01
    endloop
  endfacet
  facet normal 1.000000e+00 0.000000e+00 0.000000e+00
    outer loop
      vertex   -6.300000e+01 -2.100000e+01 2.500000e+01
      vertex   -6.300000e+01 -1.386603e+01 2.250000e+01
      vertex   -6.300000e+01 -1.370711e+01 2.270711e+01
    endloop
  endfacet
  facet normal 1.000000e+00 0.000000e+00 -0.000000e+00
    outer loop
      vertex   -6.300000e+01 -1.370711e+01 2.270711e+01
      vertex   -6.300000e+01 -1.350000e+01 2.286603e+01
      vertex   -6.300000e+01 -2.100000e+01 2.500000e+01
    endloop
  endfacet
  facet normal 1.000000e+00 0.000000e+00 0.000000e+00
    outer loop
      vertex   -6.300000e+01 -2.100000e+01 2.500000e+01
      vertex   -6.300000e+01 -1.350000e+01 2.286603e+01
      vertex   -6.300000e+01 -1.325882e+01 2.296593e+01
    endloop
  endfacet
  facet normal 1.000000e+00 0.000000e+00 0.000000e+00
    outer loop
      vertex   -6.300000e+01 -1.400000e+01 2.000000e+00
      vertex   -6.300000e+01 1.200000e+01 2.000000e+00
      vertex   -6.300000e+01 1.200000e+01 5.000000e+00
    endloop
  endfacet
  facet normal -3.325659e-01 -7.788061e-03 9.430479e-01
    outer loop
      vertex   -6.460400e+01 -2.100000e+01 2.678700e+01
      vertex   -6.400000e+01 -2.100000e+01 2.700000e+01
      vertex   -6.450000e+01 -1.587500e+01 2.686600e+01
    endloop
  endfacet
  facet normal -6.742021e-01 2.296710e-03 7.385434e-01
    outer loop
      vertex   -6.460400e+01 -2.100000e+01 2.678700e+01
      vertex   -6.450000e+01 -1.587500e+01 2.686600e+01
      vertex   -6.478700e+01 -1.587500e+01 2.660400e+01
    endloop
  endfacet
  facet normal -8.875023e-01 -1.738369e-02 4.604753e-01
    outer loop
      vertex   -6.500000e+01 -2.100000e+01 2.600000e+01
      vertex   -6.478700e+01 -1.587500e+01 2.660400e+01
      vertex   -6.496600e+01 -1.587500e+01 2.625900e+01
    endloop
  endfacet
  facet normal -7.385387e-01 -2.297937e-03 6.742072e-01
    outer loop
      vertex   -6.486600e+01 -2.100000e+01 2.650000e+01
      vertex   -6.460400e+01 -2.100000e+01 2.678700e+01
      vertex   -6.478700e+01 -1.587500e+01 2.660400e+01
    endloop
  endfacet
  facet normal -9.658674e-01 9.634583e-03 2.588577e-01
    outer loop
      vertex   -6.500000e+01 -2.100000e+01 2.600000e+01
      vertex   -6.486600e+01 -2.100000e+01 2.650000e+01
      vertex   -6.478700e+01 -1.587500e+01 2.660400e+01
    endloop
  endfacet
  facet normal -9.989706e-01 4.344692e-03 4.515446e-02
    outer loop
      vertex   -6.491600e+01 -5.625000e+00 2.637900e+01
      vertex   -6.500000e+01 -2.100000e+01 2.600000e+01
      vertex   -6.496600e+01 -1.587500e+01 2.625900e+01
    endloop
  endfacet
  facet normal -9.533424e-01 -2.233051e-03 3.018830e-01
    outer loop
      vertex   -6.491600e+01 -5.625000e+00 2.637900e+01
      vertex   -6.496600e+01 -5.000000e-01 2.625900e+01
      vertex   -6.500000e+01 -2.100000e+01 2.600000e+01
    endloop
  endfacet
  facet normal -8.495672e-01 8.869073e-04 5.274796e-01
    outer loop
      vertex   -6.470700e+01 -5.000000e-01 2.670700e+01
      vertex   -6.491600e+01 -5.625000e+00 2.637900e+01
      vertex   -6.478700e+01 -1.587500e+01 2.660400e+01
    endloop
  endfacet
  facet normal -8.876359e-01 -1.061499e-03 4.605446e-01
    outer loop
      vertex   -6.478700e+01 -1.587500e+01 2.660400e+01
      vertex   -6.491600e+01 -5.625000e+00 2.637900e+01
      vertex   -6.496600e+01 -1.587500e+01 2.625900e+01
    endloop
  endfacet
  facet normal -3.018746e-01 -2.232791e-03 9.533450e-01
    outer loop
      vertex   -6.400000e+01 -2.100000e+01 2.700000e+01
      vertex   -6.425900e+01 -5.000000e-01 2.696600e+01
      vertex   -6.437900e+01 -5.625000e+00 2.691600e+01
    endloop
  endfacet
  facet normal -5.159496e-01 1.912119e-03 8.566168e-01
    outer loop
      vertex   -6.437900e+01 -5.625000e+00 2.691600e+01
      vertex   -6.470700e+01 -5.000000e-01 2.670700e+01
      vertex   -6.450000e+01 -1.587500e+01 2.686600e+01
    endloop
  endfacet
  facet normal -2.729084e-01 -1.471271e-03 9.620389e-01
    outer loop
      vertex   -6.437900e+01 -5.625000e+00 2.691600e+01
      vertex   -6.450000e+01 -1.587500e+01 2.686600e+01
      vertex   -6.400000e+01 -2.100000e+01 2.700000e+01
    endloop
  endfacet
  facet normal -6.742031e-01 -1.439550e-03 7.385446e-01
    outer loop
      vertex   -6.450000e+01 -1.587500e+01 2.686600e+01
      vertex   -6.470700e+01 -5.000000e-01 2.670700e+01
      vertex   -6.478700e+01 -1.587500e+01 2.660400e+01
    endloop
  endfacet
  facet normal 2.588529e-01 -9.635687e-03 -9.658687e-01
    outer loop
      vertex   2.000000e+01 -2.100000e+01 3.000000e+00
      vertex   1.950000e+01 -2.100000e+01 2.866000e+00
      vertex   1.939600e+01 -1.587500e+01 2.787000e+00
    endloop
  endfacet
  facet normal -5.005003e-01 3.272534e-03 8.657302e-01
    outer loop
      vertex   -6.437900e+01 -5.625000e+00 2.691600e+01
      vertex   -6.425900e+01 -5.000000e-01 2.696600e+01
      vertex   -6.470700e+01 -5.000000e-01 2.670700e+01
    endloop
  endfacet
  facet normal -7.930420e-01 6.430492e-03 6.091330e-01
    outer loop
      vertex   -6.470700e+01 -5.000000e-01 2.670700e+01
      vertex   -6.460400e+01 4.625000e+00 2.678700e+01
      vertex   -6.486600e+01 -5.000000e-01 2.650000e+01
    endloop
  endfacet
  facet normal -7.930409e-01 -6.644039e-03 6.091321e-01
    outer loop
      vertex   -6.491600e+01 -5.625000e+00 2.637900e+01
      vertex   -6.470700e+01 -5.000000e-01 2.670700e+01
      vertex   -6.486600e+01 -5.000000e-01 2.650000e+01
    endloop
  endfacet
  facet normal -9.236341e-01 -3.744349e-05 3.832753e-01
    outer loop
      vertex   -6.491600e+01 -5.625000e+00 2.637900e+01
      vertex   -6.486600e+01 -5.000000e-01 2.650000e+01
      vertex   -6.496600e+01 -5.000000e-01 2.625900e+01
    endloop
  endfacet
  facet normal -6.164634e-01 -1.257292e-02 -7.872831e-01
    outer loop
      vertex   -6.460400e+01 9.750000e+00 2.130000e-01
      vertex   -6.491600e+01 -5.000000e-01 6.210000e-01
      vertex   -6.486600e+01 4.625000e+00 5.000000e-01
    endloop
  endfacet
  facet normal -7.943367e-01 6.591456e-03 -6.074419e-01
    outer loop
      vertex   -6.460400e+01 9.750000e+00 2.130000e-01
      vertex   -6.486600e+01 4.625000e+00 5.000000e-01
      vertex   -6.491600e+01 9.750000e+00 6.210000e-01
    endloop
  endfacet
  facet normal -7.943367e-01 -6.591456e-03 -6.074419e-01
    outer loop
      vertex   -6.460400e+01 9.750000e+00 2.130000e-01
      vertex   -6.491600e+01 9.750000e+00 6.210000e-01
      vertex   -6.486600e+01 1.487500e+01 5.000000e-01
    endloop
  endfacet
  facet normal 9.914931e-01 -1.301590e-01 0.000000e+00
    outer loop
      vertex   -6.300000e+01 1.200000e+01 5.000000e+00
      vertex   -6.300000e+01 1.200000e+01 2.000000e+00
      vertex   -6.293200e+01 1.251800e+01 5.000000e+00
    endloop
  endfacet
  facet normal 9.914931e-01 -1.301590e-01 0.000000e+00
    outer loop
      vertex   -6.293200e+01 1.251800e+01 5.000000e+00
      vertex   -6.300000e+01 1.200000e+01 2.000000e+00
      vertex   -6.293200e+01 1.251800e+01 2.000000e+00
    endloop
  endfacet
  facet normal -9.236346e-01 -3.739213e-05 -3.832743e-01
    outer loop
      vertex   -6.496600e+01 1.487500e+01 7.410000e-01
      vertex   -6.486600e+01 1.487500e+01 5.000000e-01
      vertex   -6.491600e+01 9.750000e+00 6.210000e-01
    endloop
  endfacet
  facet normal -7.071052e-01 3.448860e-03 -7.071000e-01
    outer loop
      vertex   -6.486600e+01 1.487500e+01 5.000000e-01
      vertex   -6.450000e+01 1.487500e+01 1.340000e-01
      vertex   -6.460400e+01 9.750000e+00 2.130000e-01
    endloop
  endfacet
  facet normal 3.832550e-01 -9.236426e-01 0.000000e+00
    outer loop
      vertex   -5.900000e+01 1.426800e+01 2.000000e+00
      vertex   -5.900000e+01 1.426800e+01 5.000000e+00
      vertex   -5.948200e+01 1.406800e+01 2.000000e+00
    endloop
  endfacet
  facet normal 3.832550e-01 -9.236426e-01 0.000000e+00
    outer loop
      vertex   -5.948200e+01 1.406800e+01 2.000000e+00
      vertex   -5.900000e+01 1.426800e+01 5.000000e+00
      vertex   -5.948200e+01 1.406800e+01 5.000000e+00
    endloop
  endfacet
endsolid
