solid ASCII
  facet normal 9.961947e-01 0.000000e+00 -8.715574e-02
    outer loop
      vertex   -1.041644e+01 1.000000e+00 1.595506e+01
      vertex   -1.041644e+01 -1.000000e+00 1.595506e+01
      vertex   -1.050000e+01 1.000000e+00 1.500000e+01
    endloop
  endfacet
  facet normal 9.961947e-01 0.000000e+00 -8.715574e-02
    outer loop
      vertex   -1.050000e+01 1.000000e+00 1.500000e+01
      vertex   -1.041644e+01 -1.000000e+00 1.595506e+01
      vertex   -1.050000e+01 -1.000000e+00 1.500000e+01
    endloop
  endfacet
  facet normal 9.961947e-01 0.000000e+00 8.715574e-02
    outer loop
      vertex   -1.050000e+01 1.000000e+00 1.500000e+01
      vertex   -1.050000e+01 -1.000000e+00 1.500000e+01
      vertex   -1.041644e+01 1.000000e+00 1.404494e+01
    endloop
  endfacet
  facet normal 9.961947e-01 0.000000e+00 8.715574e-02
    outer loop
      vertex   -1.041644e+01 1.000000e+00 1.404494e+01
      vertex   -1.050000e+01 -1.000000e+00 1.500000e+01
      vertex   -1.041644e+01 -1.000000e+00 1.404494e+01
    endloop
  endfacet
  facet normal 9.659258e-01 0.000000e+00 2.588190e-01
    outer loop
      vertex   -1.041644e+01 1.000000e+00 1.404494e+01
      vertex   -1.041644e+01 -1.000000e+00 1.404494e+01
      vertex   -1.016831e+01 1.000000e+00 1.311889e+01
    endloop
  endfacet
  facet normal 9.659258e-01 -4.597550e-16 2.588190e-01
    outer loop
      vertex   -1.016831e+01 1.000000e+00 1.311889e+01
      vertex   -1.041644e+01 -1.000000e+00 1.404494e+01
      vertex   -1.016831e+01 -1.000000e+00 1.311889e+01
    endloop
  endfacet
  facet normal 9.063078e-01 -7.507208e-16 4.226183e-01
    outer loop
      vertex   -1.016831e+01 1.000000e+00 1.311889e+01
      vertex   -1.016831e+01 -1.000000e+00 1.311889e+01
      vertex   -9.763141e+00 1.000000e+00 1.225000e+01
    endloop
  endfacet
  facet normal 9.063078e-01 4.296026e-16 4.226183e-01
    outer loop
      vertex   -9.763141e+00 1.000000e+00 1.225000e+01
      vertex   -1.016831e+01 -1.000000e+00 1.311889e+01
      vertex   -9.763141e+00 -1.000000e+00 1.225000e+01
    endloop
  endfacet
  facet normal 8.191520e-01 2.181150e-16 5.735764e-01
    outer loop
      vertex   -9.763141e+00 1.000000e+00 1.225000e+01
      vertex   -9.763141e+00 -1.000000e+00 1.225000e+01
      vertex   -9.213245e+00 1.000000e+00 1.146467e+01
    endloop
  endfacet
  facet normal 8.191520e-01 0.000000e+00 5.735764e-01
    outer loop
      vertex   -9.213245e+00 1.000000e+00 1.146467e+01
      vertex   -9.763141e+00 -1.000000e+00 1.225000e+01
      vertex   -9.213245e+00 -1.000000e+00 1.146467e+01
    endloop
  endfacet
  facet normal 7.071068e-01 0.000000e+00 7.071068e-01
    outer loop
      vertex   -9.213245e+00 1.000000e+00 1.146467e+01
      vertex   -9.213245e+00 -1.000000e+00 1.146467e+01
      vertex   -8.535333e+00 1.000000e+00 1.078676e+01
    endloop
  endfacet
  facet normal 7.071068e-01 0.000000e+00 7.071068e-01
    outer loop
      vertex   -8.535333e+00 1.000000e+00 1.078676e+01
      vertex   -9.213245e+00 -1.000000e+00 1.146467e+01
      vertex   -8.535333e+00 -1.000000e+00 1.078676e+01
    endloop
  endfacet
  facet normal 5.735764e-01 0.000000e+00 8.191520e-01
    outer loop
      vertex   -8.535333e+00 1.000000e+00 1.078676e+01
      vertex   -8.535333e+00 -1.000000e+00 1.078676e+01
      vertex   -7.750001e+00 1.000000e+00 1.023686e+01
    endloop
  endfacet
  facet normal 5.735764e-01 0.000000e+00 8.191520e-01
    outer loop
      vertex   -7.750001e+00 1.000000e+00 1.023686e+01
      vertex   -8.535333e+00 -1.000000e+00 1.078676e+01
      vertex   -7.750001e+00 -1.000000e+00 1.023686e+01
    endloop
  endfacet
  facet normal 4.226183e-01 0.000000e+00 9.063078e-01
    outer loop
      vertex   -7.750001e+00 1.000000e+00 1.023686e+01
      vertex   -7.750001e+00 -1.000000e+00 1.023686e+01
      vertex   -6.881112e+00 1.000000e+00 9.831691e+00
    endloop
  endfacet
  facet normal 4.226183e-01 3.753604e-16 9.063078e-01
    outer loop
      vertex   -6.881112e+00 1.000000e+00 9.831691e+00
      vertex   -7.750001e+00 -1.000000e+00 1.023686e+01
      vertex   -6.881112e+00 -1.000000e+00 9.831691e+00
    endloop
  endfacet
  facet normal 2.588190e-01 2.298775e-16 9.659258e-01
    outer loop
      vertex   -6.881112e+00 1.000000e+00 9.831691e+00
      vertex   -6.881112e+00 -1.000000e+00 9.831691e+00
      vertex   -5.955066e+00 1.000000e+00 9.583557e+00
    endloop
  endfacet
  facet normal 2.588190e-01 1.149387e-16 9.659258e-01
    outer loop
      vertex   -5.955066e+00 1.000000e+00 9.583557e+00
      vertex   -6.881112e+00 -1.000000e+00 9.831691e+00
      vertex   -5.955066e+00 -1.000000e+00 9.583557e+00
    endloop
  endfacet
  facet normal 8.715574e-02 3.870492e-17 9.961947e-01
    outer loop
      vertex   -5.955066e+00 1.000000e+00 9.583557e+00
      vertex   -5.955066e+00 -1.000000e+00 9.583557e+00
      vertex   -5.000001e+00 1.000000e+00 9.500000e+00
    endloop
  endfacet
  facet normal 8.715574e-02 0.000000e+00 9.961947e-01
    outer loop
      vertex   -5.000001e+00 1.000000e+00 9.500000e+00
      vertex   -5.955066e+00 -1.000000e+00 9.583557e+00
      vertex   -5.000001e+00 -1.000000e+00 9.500000e+00
    endloop
  endfacet
  facet normal -8.715574e-02 0.000000e+00 9.961947e-01
    outer loop
      vertex   -5.000001e+00 1.000000e+00 9.500000e+00
      vertex   -5.000001e+00 -1.000000e+00 9.500000e+00
      vertex   -4.044936e+00 1.000000e+00 9.583557e+00
    endloop
  endfacet
  facet normal -8.715574e-02 3.870492e-17 9.961947e-01
    outer loop
      vertex   -4.044936e+00 1.000000e+00 9.583557e+00
      vertex   -5.000001e+00 -1.000000e+00 9.500000e+00
      vertex   -4.044936e+00 -1.000000e+00 9.583557e+00
    endloop
  endfacet
  facet normal -2.588190e-01 1.149387e-16 9.659258e-01
    outer loop
      vertex   -4.044936e+00 1.000000e+00 9.583557e+00
      vertex   -4.044936e+00 -1.000000e+00 9.583557e+00
      vertex   -3.118890e+00 1.000000e+00 9.831691e+00
    endloop
  endfacet
  facet normal -2.588190e-01 5.130982e-16 9.659258e-01
    outer loop
      vertex   -3.118890e+00 1.000000e+00 9.831691e+00
      vertex   -4.044936e+00 -1.000000e+00 9.583557e+00
      vertex   -3.118890e+00 -1.000000e+00 9.831691e+00
    endloop
  endfacet
  facet normal -4.226183e-01 2.419224e-16 9.063078e-01
    outer loop
      vertex   -3.118890e+00 1.000000e+00 9.831691e+00
      vertex   -3.118890e+00 -1.000000e+00 9.831691e+00
      vertex   -2.250001e+00 1.000000e+00 1.023686e+01
    endloop
  endfacet
  facet normal -4.226183e-01 -4.692005e-16 9.063078e-01
    outer loop
      vertex   -2.250001e+00 1.000000e+00 1.023686e+01
      vertex   -3.118890e+00 -1.000000e+00 9.831691e+00
      vertex   -2.250001e+00 -1.000000e+00 1.023686e+01
    endloop
  endfacet
  facet normal -5.735764e-01 -6.367978e-16 8.191520e-01
    outer loop
      vertex   -2.250001e+00 1.000000e+00 1.023686e+01
      vertex   -2.250001e+00 -1.000000e+00 1.023686e+01
      vertex   -1.464669e+00 1.000000e+00 1.078676e+01
    endloop
  endfacet
  facet normal -5.735764e-01 0.000000e+00 8.191520e-01
    outer loop
      vertex   -1.464669e+00 1.000000e+00 1.078676e+01
      vertex   -2.250001e+00 -1.000000e+00 1.023686e+01
      vertex   -1.464669e+00 -1.000000e+00 1.078676e+01
    endloop
  endfacet
  facet normal -7.071068e-01 0.000000e+00 7.071068e-01
    outer loop
      vertex   -1.464669e+00 1.000000e+00 1.078676e+01
      vertex   -1.464669e+00 -1.000000e+00 1.078676e+01
      vertex   -7.867565e-01 1.000000e+00 1.146467e+01
    endloop
  endfacet
  facet normal -7.071068e-01 0.000000e+00 7.071068e-01
    outer loop
      vertex   -7.867565e-01 1.000000e+00 1.146467e+01
      vertex   -1.464669e+00 -1.000000e+00 1.078676e+01
      vertex   -7.867565e-01 -1.000000e+00 1.146467e+01
    endloop
  endfacet
  facet normal -8.191520e-01 0.000000e+00 5.735764e-01
    outer loop
      vertex   -7.867565e-01 1.000000e+00 1.146467e+01
      vertex   -7.867565e-01 -1.000000e+00 1.146467e+01
      vertex   -2.368612e-01 1.000000e+00 1.225000e+01
    endloop
  endfacet
  facet normal -8.191520e-01 0.000000e+00 5.735764e-01
    outer loop
      vertex   -2.368612e-01 1.000000e+00 1.225000e+01
      vertex   -7.867565e-01 -1.000000e+00 1.146467e+01
      vertex   -2.368612e-01 -1.000000e+00 1.225000e+01
    endloop
  endfacet
  facet normal -9.063078e-01 0.000000e+00 4.226183e-01
    outer loop
      vertex   -2.368612e-01 1.000000e+00 1.225000e+01
      vertex   -2.368612e-01 -1.000000e+00 1.225000e+01
      vertex   1.683084e-01 1.000000e+00 1.311889e+01
    endloop
  endfacet
  facet normal -9.063078e-01 0.000000e+00 4.226183e-01
    outer loop
      vertex   1.683084e-01 1.000000e+00 1.311889e+01
      vertex   -2.368612e-01 -1.000000e+00 1.225000e+01
      vertex   1.683084e-01 -1.000000e+00 1.311889e+01
    endloop
  endfacet
  facet normal -9.659258e-01 0.000000e+00 2.588190e-01
    outer loop
      vertex   1.683084e-01 1.000000e+00 1.311889e+01
      vertex   1.683084e-01 -1.000000e+00 1.311889e+01
      vertex   4.164417e-01 1.000000e+00 1.404494e+01
    endloop
  endfacet
  facet normal -9.659258e-01 -3.063191e-16 2.588190e-01
    outer loop
      vertex   4.164417e-01 1.000000e+00 1.404494e+01
      vertex   1.683084e-01 -1.000000e+00 1.311889e+01
      vertex   4.164417e-01 -1.000000e+00 1.404494e+01
    endloop
  endfacet
  facet normal -9.961947e-01 -4.755893e-16 8.715574e-02
    outer loop
      vertex   4.164417e-01 1.000000e+00 1.404494e+01
      vertex   4.164417e-01 -1.000000e+00 1.404494e+01
      vertex   4.999990e-01 1.000000e+00 1.500000e+01
    endloop
  endfacet
  facet normal -9.961947e-01 0.000000e+00 8.715574e-02
    outer loop
      vertex   4.999990e-01 1.000000e+00 1.500000e+01
      vertex   4.164417e-01 -1.000000e+00 1.404494e+01
      vertex   4.999990e-01 -1.000000e+00 1.500000e+01
    endloop
  endfacet
  facet normal -9.961947e-01 -0.000000e+00 -8.715574e-02
    outer loop
      vertex   4.999990e-01 1.000000e+00 1.500000e+01
      vertex   4.999990e-01 -1.000000e+00 1.500000e+01
      vertex   4.164417e-01 1.000000e+00 1.595506e+01
    endloop
  endfacet
  facet normal -9.961947e-01 4.755893e-16 -8.715574e-02
    outer loop
      vertex   4.164417e-01 1.000000e+00 1.595506e+01
      vertex   4.999990e-01 -1.000000e+00 1.500000e+01
      vertex   4.164417e-01 -1.000000e+00 1.595506e+01
    endloop
  endfacet
  facet normal -9.659258e-01 3.063191e-16 -2.588190e-01
    outer loop
      vertex   4.164417e-01 1.000000e+00 1.595506e+01
      vertex   4.164417e-01 -1.000000e+00 1.595506e+01
      vertex   1.683084e-01 1.000000e+00 1.688111e+01
    endloop
  endfacet
  facet normal -9.659258e-01 -0.000000e+00 -2.588190e-01
    outer loop
      vertex   1.683084e-01 1.000000e+00 1.688111e+01
      vertex   4.164417e-01 -1.000000e+00 1.595506e+01
      vertex   1.683084e-01 -1.000000e+00 1.688111e+01
    endloop
  endfacet
  facet normal -9.063078e-01 -0.000000e+00 -4.226183e-01
    outer loop
      vertex   1.683084e-01 1.000000e+00 1.688111e+01
      vertex   1.683084e-01 -1.000000e+00 1.688111e+01
      vertex   -2.368612e-01 1.000000e+00 1.775000e+01
    endloop
  endfacet
  facet normal -9.063078e-01 -0.000000e+00 -4.226183e-01
    outer loop
      vertex   -2.368612e-01 1.000000e+00 1.775000e+01
      vertex   1.683084e-01 -1.000000e+00 1.688111e+01
      vertex   -2.368612e-01 -1.000000e+00 1.775000e+01
    endloop
  endfacet
  facet normal -8.191520e-01 -0.000000e+00 -5.735764e-01
    outer loop
      vertex   -2.368612e-01 1.000000e+00 1.775000e+01
      vertex   -2.368612e-01 -1.000000e+00 1.775000e+01
      vertex   -7.867565e-01 1.000000e+00 1.853533e+01
    endloop
  endfacet
  facet normal -8.191520e-01 -0.000000e+00 -5.735764e-01
    outer loop
      vertex   -7.867565e-01 1.000000e+00 1.853533e+01
      vertex   -2.368612e-01 -1.000000e+00 1.775000e+01
      vertex   -7.867565e-01 -1.000000e+00 1.853533e+01
    endloop
  endfacet
  facet normal -7.071068e-01 -0.000000e+00 -7.071068e-01
    outer loop
      vertex   -7.867565e-01 1.000000e+00 1.853533e+01
      vertex   -7.867565e-01 -1.000000e+00 1.853533e+01
      vertex   -1.464669e+00 1.000000e+00 1.921324e+01
    endloop
  endfacet
  facet normal -7.071068e-01 -0.000000e+00 -7.071068e-01
    outer loop
      vertex   -1.464669e+00 1.000000e+00 1.921324e+01
      vertex   -7.867565e-01 -1.000000e+00 1.853533e+01
      vertex   -1.464669e+00 -1.000000e+00 1.921324e+01
    endloop
  endfacet
  facet normal -5.735764e-01 -0.000000e+00 -8.191520e-01
    outer loop
      vertex   -1.464669e+00 1.000000e+00 1.921324e+01
      vertex   -1.464669e+00 -1.000000e+00 1.921324e+01
      vertex   -2.250001e+00 1.000000e+00 1.976314e+01
    endloop
  endfacet
  facet normal -5.735764e-01 6.367978e-16 -8.191520e-01
    outer loop
      vertex   -2.250001e+00 1.000000e+00 1.976314e+01
      vertex   -1.464669e+00 -1.000000e+00 1.921324e+01
      vertex   -2.250001e+00 -1.000000e+00 1.976314e+01
    endloop
  endfacet
  facet normal -4.226183e-01 4.692005e-16 -9.063078e-01
    outer loop
      vertex   -2.250001e+00 1.000000e+00 1.976314e+01
      vertex   -2.250001e+00 -1.000000e+00 1.976314e+01
      vertex   -3.118890e+00 1.000000e+00 2.016831e+01
    endloop
  endfacet
  facet normal -4.226183e-01 5.630406e-16 -9.063078e-01
    outer loop
      vertex   -3.118890e+00 1.000000e+00 2.016831e+01
      vertex   -2.250001e+00 -1.000000e+00 1.976314e+01
      vertex   -3.118890e+00 -1.000000e+00 2.016831e+01
    endloop
  endfacet
  facet normal -2.588190e-01 3.448162e-16 -9.659258e-01
    outer loop
      vertex   -3.118890e+00 1.000000e+00 2.016831e+01
      vertex   -3.118890e+00 -1.000000e+00 2.016831e+01
      vertex   -4.044936e+00 1.000000e+00 2.041644e+01
    endloop
  endfacet
  facet normal -2.588190e-01 -1.149387e-16 -9.659258e-01
    outer loop
      vertex   -4.044936e+00 1.000000e+00 2.041644e+01
      vertex   -3.118890e+00 -1.000000e+00 2.016831e+01
      vertex   -4.044936e+00 -1.000000e+00 2.041644e+01
    endloop
  endfacet
  facet normal -8.715574e-02 -3.870492e-17 -9.961947e-01
    outer loop
      vertex   -4.044936e+00 1.000000e+00 2.041644e+01
      vertex   -4.044936e+00 -1.000000e+00 2.041644e+01
      vertex   -5.000001e+00 1.000000e+00 2.050000e+01
    endloop
  endfacet
  facet normal -8.715574e-02 -0.000000e+00 -9.961947e-01
    outer loop
      vertex   -5.000001e+00 1.000000e+00 2.050000e+01
      vertex   -4.044936e+00 -1.000000e+00 2.041644e+01
      vertex   -5.000001e+00 -1.000000e+00 2.050000e+01
    endloop
  endfacet
  facet normal 8.715574e-02 0.000000e+00 -9.961947e-01
    outer loop
      vertex   -5.000001e+00 1.000000e+00 2.050000e+01
      vertex   -5.000001e+00 -1.000000e+00 2.050000e+01
      vertex   -5.955066e+00 1.000000e+00 2.041644e+01
    endloop
  endfacet
  facet normal 8.715574e-02 -3.870492e-17 -9.961947e-01
    outer loop
      vertex   -5.955066e+00 1.000000e+00 2.041644e+01
      vertex   -5.000001e+00 -1.000000e+00 2.050000e+01
      vertex   -5.955066e+00 -1.000000e+00 2.041644e+01
    endloop
  endfacet
  facet normal 2.588190e-01 -1.149387e-16 -9.659258e-01
    outer loop
      vertex   -5.955066e+00 1.000000e+00 2.041644e+01
      vertex   -5.955066e+00 -1.000000e+00 2.041644e+01
      vertex   -6.881112e+00 1.000000e+00 2.016831e+01
    endloop
  endfacet
  facet normal 2.588190e-01 -2.298775e-16 -9.659258e-01
    outer loop
      vertex   -6.881112e+00 1.000000e+00 2.016831e+01
      vertex   -5.955066e+00 -1.000000e+00 2.041644e+01
      vertex   -6.881112e+00 -1.000000e+00 2.016831e+01
    endloop
  endfacet
  facet normal 4.226183e-01 -3.753604e-16 -9.063078e-01
    outer loop
      vertex   -6.881112e+00 1.000000e+00 2.016831e+01
      vertex   -6.881112e+00 -1.000000e+00 2.016831e+01
      vertex   -7.750001e+00 1.000000e+00 1.976314e+01
    endloop
  endfacet
  facet normal 4.226183e-01 0.000000e+00 -9.063078e-01
    outer loop
      vertex   -7.750001e+00 1.000000e+00 1.976314e+01
      vertex   -6.881112e+00 -1.000000e+00 2.016831e+01
      vertex   -7.750001e+00 -1.000000e+00 1.976314e+01
    endloop
  endfacet
  facet normal 5.735764e-01 0.000000e+00 -8.191520e-01
    outer loop
      vertex   -7.750001e+00 1.000000e+00 1.976314e+01
      vertex   -7.750001e+00 -1.000000e+00 1.976314e+01
      vertex   -8.535333e+00 1.000000e+00 1.921324e+01
    endloop
  endfacet
  facet normal 5.735764e-01 0.000000e+00 -8.191520e-01
    outer loop
      vertex   -8.535333e+00 1.000000e+00 1.921324e+01
      vertex   -7.750001e+00 -1.000000e+00 1.976314e+01
      vertex   -8.535333e+00 -1.000000e+00 1.921324e+01
    endloop
  endfacet
  facet normal 7.071068e-01 0.000000e+00 -7.071068e-01
    outer loop
      vertex   -8.535333e+00 1.000000e+00 1.921324e+01
      vertex   -8.535333e+00 -1.000000e+00 1.921324e+01
      vertex   -9.213245e+00 1.000000e+00 1.853533e+01
    endloop
  endfacet
  facet normal 7.071068e-01 0.000000e+00 -7.071068e-01
    outer loop
      vertex   -9.213245e+00 1.000000e+00 1.853533e+01
      vertex   -8.535333e+00 -1.000000e+00 1.921324e+01
      vertex   -9.213245e+00 -1.000000e+00 1.853533e+01
    endloop
  endfacet
  facet normal 8.191520e-01 0.000000e+00 -5.735764e-01
    outer loop
      vertex   -9.213245e+00 1.000000e+00 1.853533e+01
      vertex   -9.213245e+00 -1.000000e+00 1.853533e+01
      vertex   -9.763141e+00 1.000000e+00 1.775000e+01
    endloop
  endfacet
  facet normal 8.191520e-01 -7.275532e-16 -5.735764e-01
    outer loop
      vertex   -9.763141e+00 1.000000e+00 1.775000e+01
      vertex   -9.213245e+00 -1.000000e+00 1.853533e+01
      vertex   -9.763141e+00 -1.000000e+00 1.775000e+01
    endloop
  endfacet
  facet normal 9.063078e-01 -8.049630e-16 -4.226183e-01
    outer loop
      vertex   -9.763141e+00 1.000000e+00 1.775000e+01
      vertex   -9.763141e+00 -1.000000e+00 1.775000e+01
      vertex   -1.016831e+01 1.000000e+00 1.688111e+01
    endloop
  endfacet
  facet normal 9.063078e-01 7.507208e-16 -4.226183e-01
    outer loop
      vertex   -1.016831e+01 1.000000e+00 1.688111e+01
      vertex   -9.763141e+00 -1.000000e+00 1.775000e+01
      vertex   -1.016831e+01 -1.000000e+00 1.688111e+01
    endloop
  endfacet
  facet normal 9.659258e-01 4.597550e-16 -2.588190e-01
    outer loop
      vertex   -1.016831e+01 1.000000e+00 1.688111e+01
      vertex   -1.016831e+01 -1.000000e+00 1.688111e+01
      vertex   -1.041644e+01 1.000000e+00 1.595506e+01
    endloop
  endfacet
  facet normal 9.659258e-01 0.000000e+00 -2.588190e-01
    outer loop
      vertex   -1.041644e+01 1.000000e+00 1.595506e+01
      vertex   -1.016831e+01 -1.000000e+00 1.688111e+01
      vertex   -1.041644e+01 -1.000000e+00 1.595506e+01
    endloop
  endfacet
  facet normal 0.000000e+00 0.000000e+00 -1.000000e+00
    outer loop
      vertex   1.700000e+01 1.000000e+00 2.500000e+01
      vertex   -6.300000e+01 1.000000e+00 2.500000e+01
      vertex   1.700000e+01 1.500000e+00 2.500000e+01
    endloop
  endfacet
  facet normal -0.000000e+00 0.000000e+00 -1.000000e+00
    outer loop
      vertex   1.700000e+01 1.500000e+00 2.500000e+01
      vertex   -6.300000e+01 1.000000e+00 2.500000e+01
      vertex   -6.300000e+01 1.500000e+00 2.500000e+01
    endloop
  endfacet
  facet normal -1.000000e+00 0.000000e+00 0.000000e+00
    outer loop
      vertex   1.700000e+01 1.000000e+00 1.650000e+01
      vertex   1.700000e+01 1.000000e+00 2.500000e+01
      vertex   1.700000e+01 1.500000e+00 1.650000e+01
    endloop
  endfacet
  facet normal -1.000000e+00 0.000000e+00 0.000000e+00
    outer loop
      vertex   1.700000e+01 1.500000e+00 1.650000e+01
      vertex   1.700000e+01 1.000000e+00 2.500000e+01
      vertex   1.700000e+01 1.500000e+00 2.500000e+01
    endloop
  endfacet
  facet normal 0.000000e+00 0.000000e+00 -1.000000e+00
    outer loop
      vertex   6.300000e+01 1.000000e+00 1.650000e+01
      vertex   1.700000e+01 1.000000e+00 1.650000e+01
      vertex   6.300000e+01 1.500000e+00 1.650000e+01
    endloop
  endfacet
  facet normal -0.000000e+00 0.000000e+00 -1.000000e+00
    outer loop
      vertex   6.300000e+01 1.500000e+00 1.650000e+01
      vertex   1.700000e+01 1.000000e+00 1.650000e+01
      vertex   1.700000e+01 1.500000e+00 1.650000e+01
    endloop
  endfacet
  facet normal -1.000000e+00 0.000000e+00 0.000000e+00
    outer loop
      vertex   6.300000e+01 1.000000e+00 6.000000e+00
      vertex   6.300000e+01 1.000000e+00 1.650000e+01
      vertex   6.300000e+01 1.500000e+00 6.000000e+00
    endloop
  endfacet
  facet normal -1.000000e+00 0.000000e+00 0.000000e+00
    outer loop
      vertex   6.300000e+01 1.500000e+00 6.000000e+00
      vertex   6.300000e+01 1.000000e+00 1.650000e+01
      vertex   6.300000e+01 1.500000e+00 1.650000e+01
    endloop
  endfacet
  facet normal -8.486244e-17 1.776357e-15 1.000000e+00
    outer loop
      vertex   2.113562e+01 1.000000e+00 6.000000e+00
      vertex   6.300000e+01 1.000000e+00 6.000000e+00
      vertex   2.113562e+01 1.500000e+00 6.000000e+00
    endloop
  endfacet
  facet normal -1.060781e-16 0.000000e+00 1.000000e+00
    outer loop
      vertex   2.113562e+01 1.500000e+00 6.000000e+00
      vertex   6.300000e+01 1.000000e+00 6.000000e+00
      vertex   6.300000e+01 1.500000e+00 6.000000e+00
    endloop
  endfacet
  facet normal -7.283359e-01 1.217196e-15 6.852203e-01
    outer loop
      vertex   2.019482e+01 1.000000e+00 5.000000e+00
      vertex   2.113562e+01 1.000000e+00 6.000000e+00
      vertex   2.019482e+01 1.500000e+00 5.000000e+00
    endloop
  endfacet
  facet normal -7.283359e-01 1.132061e-15 6.852203e-01
    outer loop
      vertex   2.019482e+01 1.500000e+00 5.000000e+00
      vertex   2.113562e+01 1.000000e+00 6.000000e+00
      vertex   2.113562e+01 1.500000e+00 6.000000e+00
    endloop
  endfacet
  facet normal -2.728412e-15 0.000000e+00 1.000000e+00
    outer loop
      vertex   1.986929e+01 1.000000e+00 5.000000e+00
      vertex   2.019482e+01 1.000000e+00 5.000000e+00
      vertex   1.986929e+01 1.500000e+00 5.000000e+00
    endloop
  endfacet
  facet normal -0.000000e+00 1.776357e-15 1.000000e+00
    outer loop
      vertex   1.986929e+01 1.500000e+00 5.000000e+00
      vertex   2.019482e+01 1.000000e+00 5.000000e+00
      vertex   2.019482e+01 1.500000e+00 5.000000e+00
    endloop
  endfacet
  facet normal -1.301567e-01 3.522492e-15 9.914934e-01
    outer loop
      vertex   1.921862e+01 1.000000e+00 4.914585e+00
      vertex   1.986929e+01 1.000000e+00 5.000000e+00
      vertex   1.921862e+01 1.500000e+00 4.914585e+00
    endloop
  endfacet
  facet normal -1.301567e-01 0.000000e+00 9.914934e-01
    outer loop
      vertex   1.921862e+01 1.500000e+00 4.914585e+00
      vertex   1.986929e+01 1.000000e+00 5.000000e+00
      vertex   1.986929e+01 1.500000e+00 5.000000e+00
    endloop
  endfacet
  facet normal -3.832558e-01 -1.640718e-15 9.236422e-01
    outer loop
      vertex   1.849041e+01 1.000000e+00 4.612420e+00
      vertex   1.921862e+01 1.000000e+00 4.914585e+00
      vertex   1.849041e+01 1.500000e+00 4.612420e+00
    endloop
  endfacet
  facet normal -3.832558e-01 3.309202e-15 9.236422e-01
    outer loop
      vertex   1.849041e+01 1.500000e+00 4.612420e+00
      vertex   1.921862e+01 1.000000e+00 4.914585e+00
      vertex   1.921862e+01 1.500000e+00 4.914585e+00
    endloop
  endfacet
  facet normal -6.091536e-01 1.408744e-15 7.930523e-01
    outer loop
      vertex   1.786667e+01 1.000000e+00 4.133322e+00
      vertex   1.849041e+01 1.000000e+00 4.612420e+00
      vertex   1.786667e+01 1.500000e+00 4.133322e+00
    endloop
  endfacet
  facet normal -6.091536e-01 -1.411605e-15 7.930523e-01
    outer loop
      vertex   1.786667e+01 1.500000e+00 4.133322e+00
      vertex   1.849041e+01 1.000000e+00 4.612420e+00
      vertex   1.849041e+01 1.500000e+00 4.612420e+00
    endloop
  endfacet
  facet normal -7.930539e-01 -2.164141e-15 6.091515e-01
    outer loop
      vertex   1.738758e+01 1.000000e+00 3.509591e+00
      vertex   1.786667e+01 1.000000e+00 4.133322e+00
      vertex   1.738758e+01 1.500000e+00 3.509591e+00
    endloop
  endfacet
  facet normal -7.930539e-01 1.129289e-15 6.091515e-01
    outer loop
      vertex   1.738758e+01 1.500000e+00 3.509591e+00
      vertex   1.786667e+01 1.000000e+00 4.133322e+00
      vertex   1.786667e+01 1.500000e+00 4.133322e+00
    endloop
  endfacet
  facet normal -9.236423e-01 1.361598e-15 3.832556e-01
    outer loop
      vertex   1.708542e+01 1.000000e+00 2.781381e+00
      vertex   1.738758e+01 1.000000e+00 3.509591e+00
      vertex   1.708542e+01 1.500000e+00 2.781381e+00
    endloop
  endfacet
  facet normal -9.236423e-01 -1.408179e-15 3.832556e-01
    outer loop
      vertex   1.708542e+01 1.500000e+00 2.781381e+00
      vertex   1.738758e+01 1.000000e+00 3.509591e+00
      vertex   1.738758e+01 1.500000e+00 3.509591e+00
    endloop
  endfacet
  facet normal -9.914931e-01 2.312086e-16 1.301589e-01
    outer loop
      vertex   1.700000e+01 1.000000e+00 2.130715e+00
      vertex   1.708542e+01 1.000000e+00 2.781381e+00
      vertex   1.700000e+01 1.500000e+00 2.130715e+00
    endloop
  endfacet
  facet normal -9.914931e-01 4.652369e-16 1.301589e-01
    outer loop
      vertex   1.700000e+01 1.500000e+00 2.130715e+00
      vertex   1.708542e+01 1.000000e+00 2.781381e+00
      vertex   1.708542e+01 1.500000e+00 2.781381e+00
    endloop
  endfacet
  facet normal -1.000000e+00 0.000000e+00 0.000000e+00
    outer loop
      vertex   1.700000e+01 1.000000e+00 2.000000e+00
      vertex   1.700000e+01 1.000000e+00 2.130715e+00
      vertex   1.700000e+01 1.500000e+00 2.000000e+00
    endloop
  endfacet
  facet normal -1.000000e+00 0.000000e+00 0.000000e+00
    outer loop
      vertex   1.700000e+01 1.500000e+00 2.000000e+00
      vertex   1.700000e+01 1.000000e+00 2.130715e+00
      vertex   1.700000e+01 1.500000e+00 2.130715e+00
    endloop
  endfacet
  facet normal 0.000000e+00 -3.552714e-15 1.000000e+00
    outer loop
      vertex   -6.300000e+01 1.000000e+00 2.000000e+00
      vertex   1.700000e+01 1.000000e+00 2.000000e+00
      vertex   -6.300000e+01 1.500000e+00 2.000000e+00
    endloop
  endfacet
  facet normal 0.000000e+00 -3.552714e-15 1.000000e+00
    outer loop
      vertex   -6.300000e+01 1.500000e+00 2.000000e+00
      vertex   1.700000e+01 1.000000e+00 2.000000e+00
      vertex   1.700000e+01 1.500000e+00 2.000000e+00
    endloop
  endfacet
  facet normal 1.000000e+00 -2.842171e-14 0.000000e+00
    outer loop
      vertex   -6.300000e+01 1.000000e+00 2.500000e+01
      vertex   -6.300000e+01 1.000000e+00 2.000000e+00
      vertex   -6.300000e+01 1.500000e+00 2.500000e+01
    endloop
  endfacet
  facet normal 1.000000e+00 -2.842171e-14 0.000000e+00
    outer loop
      vertex   -6.300000e+01 1.500000e+00 2.500000e+01
      vertex   -6.300000e+01 1.000000e+00 2.000000e+00
      vertex   -6.300000e+01 1.500000e+00 2.000000e+00
    endloop
  endfacet
  facet normal 8.220800e-01 0.000000e+00 -5.693720e-01
    outer loop
      vertex   2.155500e+01 1.000000e+00 3.527000e+00
      vertex   2.119000e+01 1.000000e+00 3.000000e+00
      vertex   2.155500e+01 1.500000e+00 3.527000e+00
    endloop
  endfacet
  facet normal 8.220800e-01 -2.511203e-15 -5.693720e-01
    outer loop
      vertex   2.155500e+01 1.500000e+00 3.527000e+00
      vertex   2.119000e+01 1.000000e+00 3.000000e+00
      vertex   2.119000e+01 1.500000e+00 3.000000e+00
    endloop
  endfacet
  facet normal 7.283359e-01 -1.217196e-15 -6.852203e-01
    outer loop
      vertex   2.200000e+01 1.000000e+00 4.000000e+00
      vertex   2.155500e+01 1.000000e+00 3.527000e+00
      vertex   2.200000e+01 1.500000e+00 4.000000e+00
    endloop
  endfacet
  facet normal 7.283359e-01 0.000000e+00 -6.852203e-01
    outer loop
      vertex   2.200000e+01 1.500000e+00 4.000000e+00
      vertex   2.155500e+01 1.000000e+00 3.527000e+00
      vertex   2.155500e+01 1.500000e+00 3.527000e+00
    endloop
  endfacet
  facet normal -0.000000e+00 -1.776357e-15 -1.000000e+00
    outer loop
      vertex   6.300000e+01 1.000000e+00 4.000000e+00
      vertex   2.200000e+01 1.000000e+00 4.000000e+00
      vertex   6.300000e+01 1.500000e+00 4.000000e+00
    endloop
  endfacet
  facet normal -0.000000e+00 -1.776357e-15 -1.000000e+00
    outer loop
      vertex   6.300000e+01 1.500000e+00 4.000000e+00
      vertex   2.200000e+01 1.000000e+00 4.000000e+00
      vertex   2.200000e+01 1.500000e+00 4.000000e+00
    endloop
  endfacet
  facet normal -9.914931e-01 -2.312086e-16 -1.301589e-01
    outer loop
      vertex   6.303400e+01 1.000000e+00 3.741000e+00
      vertex   6.300000e+01 1.000000e+00 4.000000e+00
      vertex   6.303400e+01 1.500000e+00 3.741000e+00
    endloop
  endfacet
  facet normal -9.914931e-01 -2.390686e-16 -1.301589e-01
    outer loop
      vertex   6.303400e+01 1.500000e+00 3.741000e+00
      vertex   6.300000e+01 1.000000e+00 4.000000e+00
      vertex   6.300000e+01 1.500000e+00 4.000000e+00
    endloop
  endfacet
  facet normal -9.236449e-01 3.403938e-16 -3.832494e-01
    outer loop
      vertex   6.313400e+01 1.000000e+00 3.500000e+00
      vertex   6.303400e+01 1.000000e+00 3.741000e+00
      vertex   6.313400e+01 1.500000e+00 3.500000e+00
    endloop
  endfacet
  facet normal -9.236449e-01 -6.914355e-16 -3.832494e-01
    outer loop
      vertex   6.313400e+01 1.500000e+00 3.500000e+00
      vertex   6.303400e+01 1.000000e+00 3.741000e+00
      vertex   6.303400e+01 1.500000e+00 3.741000e+00
    endloop
  endfacet
  facet normal -7.930504e-01 2.164157e-15 -6.091561e-01
    outer loop
      vertex   6.329300e+01 1.000000e+00 3.293000e+00
      vertex   6.313400e+01 1.000000e+00 3.500000e+00
      vertex   6.329300e+01 1.500000e+00 3.293000e+00
    endloop
  endfacet
  facet normal -7.930504e-01 5.316804e-16 -6.091561e-01
    outer loop
      vertex   6.329300e+01 1.500000e+00 3.293000e+00
      vertex   6.313400e+01 1.000000e+00 3.500000e+00
      vertex   6.313400e+01 1.500000e+00 3.500000e+00
    endloop
  endfacet
  facet normal -3.832532e-01 3.281440e-15 -9.236433e-01
    outer loop
      vertex   6.374100e+01 1.000000e+00 3.034000e+00
      vertex   6.350000e+01 1.000000e+00 3.134000e+00
      vertex   6.374100e+01 1.500000e+00 3.034000e+00
    endloop
  endfacet
  facet normal -3.832532e-01 8.243984e-16 -9.236433e-01
    outer loop
      vertex   6.374100e+01 1.500000e+00 3.034000e+00
      vertex   6.350000e+01 1.000000e+00 3.134000e+00
      vertex   6.350000e+01 1.500000e+00 3.134000e+00
    endloop
  endfacet
  facet normal -1.301577e-01 -4.403115e-15 -9.914933e-01
    outer loop
      vertex   6.400000e+01 1.000000e+00 3.000000e+00
      vertex   6.374100e+01 1.000000e+00 3.034000e+00
      vertex   6.400000e+01 1.500000e+00 3.000000e+00
    endloop
  endfacet
  facet normal -1.301577e-01 3.519638e-15 -9.914933e-01
    outer loop
      vertex   6.400000e+01 1.500000e+00 3.000000e+00
      vertex   6.374100e+01 1.000000e+00 3.034000e+00
      vertex   6.374100e+01 1.500000e+00 3.034000e+00
    endloop
  endfacet
  facet normal 0.000000e+00 1.000000e+00 0.000000e+00
    outer loop
      vertex   1.870700e+01 1.500000e+00 2.670700e+01
      vertex   1.886600e+01 1.500000e+00 2.650000e+01
      vertex   1.800000e+01 1.500000e+00 2.700000e+01
    endloop
  endfacet
  facet normal 0.000000e+00 1.000000e+00 0.000000e+00
    outer loop
      vertex   1.800000e+01 1.500000e+00 2.700000e+01
      vertex   1.886600e+01 1.500000e+00 2.650000e+01
      vertex   1.896600e+01 1.500000e+00 2.625900e+01
    endloop
  endfacet
  facet normal 0.000000e+00 1.000000e+00 0.000000e+00
    outer loop
      vertex   1.800000e+01 1.500000e+00 2.700000e+01
      vertex   1.896600e+01 1.500000e+00 2.625900e+01
      vertex   1.700000e+01 1.500000e+00 2.500000e+01
    endloop
  endfacet
  facet normal 0.000000e+00 1.000000e+00 0.000000e+00
    outer loop
      vertex   1.700000e+01 1.500000e+00 2.500000e+01
      vertex   1.896600e+01 1.500000e+00 2.625900e+01
      vertex   1.900000e+01 1.500000e+00 2.600000e+01
    endloop
  endfacet
  facet normal -0.000000e+00 1.000000e+00 0.000000e+00
    outer loop
      vertex   1.700000e+01 1.500000e+00 2.500000e+01
      vertex   1.900000e+01 1.500000e+00 2.600000e+01
      vertex   1.900000e+01 1.500000e+00 1.850000e+01
    endloop
  endfacet
  facet normal 0.000000e+00 1.000000e+00 0.000000e+00
    outer loop
      vertex   6.400000e+01 1.500000e+00 1.850000e+01
      vertex   6.300000e+01 1.500000e+00 1.650000e+01
      vertex   1.900000e+01 1.500000e+00 1.850000e+01
    endloop
  endfacet
  facet normal 0.000000e+00 1.000000e+00 0.000000e+00
    outer loop
      vertex   1.900000e+01 1.500000e+00 1.850000e+01
      vertex   6.300000e+01 1.500000e+00 1.650000e+01
      vertex   1.700000e+01 1.500000e+00 1.650000e+01
    endloop
  endfacet
  facet normal 0.000000e+00 1.000000e+00 0.000000e+00
    outer loop
      vertex   1.900000e+01 1.500000e+00 1.850000e+01
      vertex   1.700000e+01 1.500000e+00 1.650000e+01
      vertex   1.700000e+01 1.500000e+00 2.500000e+01
    endloop
  endfacet
  facet normal 0.000000e+00 1.000000e+00 0.000000e+00
    outer loop
      vertex   6.425900e+01 1.500000e+00 1.846600e+01
      vertex   6.450000e+01 1.500000e+00 1.836600e+01
      vertex   6.400000e+01 1.500000e+00 1.850000e+01
    endloop
  endfacet
  facet normal 0.000000e+00 1.000000e+00 0.000000e+00
    outer loop
      vertex   6.400000e+01 1.500000e+00 1.850000e+01
      vertex   6.450000e+01 1.500000e+00 1.836600e+01
      vertex   6.470700e+01 1.500000e+00 1.820700e+01
    endloop
  endfacet
  facet normal 0.000000e+00 1.000000e+00 0.000000e+00
    outer loop
      vertex   6.400000e+01 1.500000e+00 1.850000e+01
      vertex   6.470700e+01 1.500000e+00 1.820700e+01
      vertex   6.486600e+01 1.500000e+00 1.800000e+01
    endloop
  endfacet
  facet normal 0.000000e+00 1.000000e+00 0.000000e+00
    outer loop
      vertex   6.486600e+01 1.500000e+00 1.800000e+01
      vertex   6.496600e+01 1.500000e+00 1.775900e+01
      vertex   6.400000e+01 1.500000e+00 1.850000e+01
    endloop
  endfacet
  facet normal 0.000000e+00 1.000000e+00 0.000000e+00
    outer loop
      vertex   6.400000e+01 1.500000e+00 1.850000e+01
      vertex   6.496600e+01 1.500000e+00 1.775900e+01
      vertex   6.300000e+01 1.500000e+00 1.650000e+01
    endloop
  endfacet
  facet normal 0.000000e+00 1.000000e+00 0.000000e+00
    outer loop
      vertex   6.496600e+01 1.500000e+00 1.775900e+01
      vertex   6.500000e+01 1.500000e+00 1.750000e+01
      vertex   6.300000e+01 1.500000e+00 1.650000e+01
    endloop
  endfacet
  facet normal -0.000000e+00 1.000000e+00 0.000000e+00
    outer loop
      vertex   6.300000e+01 1.500000e+00 1.650000e+01
      vertex   6.500000e+01 1.500000e+00 1.750000e+01
      vertex   6.300000e+01 1.500000e+00 6.000000e+00
    endloop
  endfacet
  facet normal -0.000000e+00 1.000000e+00 0.000000e+00
    outer loop
      vertex   6.300000e+01 1.500000e+00 6.000000e+00
      vertex   6.500000e+01 1.500000e+00 1.750000e+01
      vertex   6.500000e+01 1.500000e+00 4.000000e+00
    endloop
  endfacet
  facet normal 0.000000e+00 1.000000e+00 0.000000e+00
    outer loop
      vertex   6.300000e+01 1.500000e+00 6.000000e+00
      vertex   6.500000e+01 1.500000e+00 4.000000e+00
      vertex   6.300000e+01 1.500000e+00 4.000000e+00
    endloop
  endfacet
  facet normal -0.000000e+00 1.000000e+00 0.000000e+00
    outer loop
      vertex   6.300000e+01 1.500000e+00 4.000000e+00
      vertex   6.500000e+01 1.500000e+00 4.000000e+00
      vertex   6.303400e+01 1.500000e+00 3.741000e+00
    endloop
  endfacet
  facet normal 0.000000e+00 1.000000e+00 0.000000e+00
    outer loop
      vertex   6.303400e+01 1.500000e+00 3.741000e+00
      vertex   6.500000e+01 1.500000e+00 4.000000e+00
      vertex   6.496600e+01 1.500000e+00 3.741000e+00
    endloop
  endfacet
  facet normal -0.000000e+00 1.000000e+00 0.000000e+00
    outer loop
      vertex   6.303400e+01 1.500000e+00 3.741000e+00
      vertex   6.496600e+01 1.500000e+00 3.741000e+00
      vertex   6.486600e+01 1.500000e+00 3.500000e+00
    endloop
  endfacet
  facet normal 0.000000e+00 1.000000e+00 -0.000000e+00
    outer loop
      vertex   6.470700e+01 1.500000e+00 3.293000e+00
      vertex   6.329300e+01 1.500000e+00 3.293000e+00
      vertex   6.486600e+01 1.500000e+00 3.500000e+00
    endloop
  endfacet
  facet normal 0.000000e+00 1.000000e+00 0.000000e+00
    outer loop
      vertex   6.486600e+01 1.500000e+00 3.500000e+00
      vertex   6.329300e+01 1.500000e+00 3.293000e+00
      vertex   6.313400e+01 1.500000e+00 3.500000e+00
    endloop
  endfacet
  facet normal 0.000000e+00 1.000000e+00 0.000000e+00
    outer loop
      vertex   6.486600e+01 1.500000e+00 3.500000e+00
      vertex   6.313400e+01 1.500000e+00 3.500000e+00
      vertex   6.303400e+01 1.500000e+00 3.741000e+00
    endloop
  endfacet
  facet normal -0.000000e+00 1.000000e+00 0.000000e+00
    outer loop
      vertex   6.329300e+01 1.500000e+00 3.293000e+00
      vertex   6.470700e+01 1.500000e+00 3.293000e+00
      vertex   6.350000e+01 1.500000e+00 3.134000e+00
    endloop
  endfacet
  facet normal 0.000000e+00 1.000000e+00 0.000000e+00
    outer loop
      vertex   6.350000e+01 1.500000e+00 3.134000e+00
      vertex   6.470700e+01 1.500000e+00 3.293000e+00
      vertex   6.450000e+01 1.500000e+00 3.134000e+00
    endloop
  endfacet
  facet normal -0.000000e+00 1.000000e+00 0.000000e+00
    outer loop
      vertex   6.350000e+01 1.500000e+00 3.134000e+00
      vertex   6.450000e+01 1.500000e+00 3.134000e+00
      vertex   6.374100e+01 1.500000e+00 3.034000e+00
    endloop
  endfacet
  facet normal 0.000000e+00 1.000000e+00 0.000000e+00
    outer loop
      vertex   6.374100e+01 1.500000e+00 3.034000e+00
      vertex   6.450000e+01 1.500000e+00 3.134000e+00
      vertex   6.425900e+01 1.500000e+00 3.034000e+00
    endloop
  endfacet
  facet normal -0.000000e+00 1.000000e+00 0.000000e+00
    outer loop
      vertex   6.374100e+01 1.500000e+00 3.034000e+00
      vertex   6.425900e+01 1.500000e+00 3.034000e+00
      vertex   6.400000e+01 1.500000e+00 3.000000e+00
    endloop
  endfacet
  facet normal 0.000000e+00 1.000000e+00 0.000000e+00
    outer loop
      vertex   6.300000e+01 1.500000e+00 4.000000e+00
      vertex   2.200000e+01 1.500000e+00 4.000000e+00
      vertex   6.300000e+01 1.500000e+00 6.000000e+00
    endloop
  endfacet
  facet normal 0.000000e+00 1.000000e+00 0.000000e+00
    outer loop
      vertex   6.300000e+01 1.500000e+00 6.000000e+00
      vertex   2.200000e+01 1.500000e+00 4.000000e+00
      vertex   2.113562e+01 1.500000e+00 6.000000e+00
    endloop
  endfacet
  facet normal 0.000000e+00 1.000000e+00 0.000000e+00
    outer loop
      vertex   2.113562e+01 1.500000e+00 6.000000e+00
      vertex   2.200000e+01 1.500000e+00 4.000000e+00
      vertex   2.019482e+01 1.500000e+00 5.000000e+00
    endloop
  endfacet
  facet normal 0.000000e+00 1.000000e+00 0.000000e+00
    outer loop
      vertex   2.019482e+01 1.500000e+00 5.000000e+00
      vertex   2.200000e+01 1.500000e+00 4.000000e+00
      vertex   1.849041e+01 1.500000e+00 4.612420e+00
    endloop
  endfacet
  facet normal 0.000000e+00 1.000000e+00 0.000000e+00
    outer loop
      vertex   2.019482e+01 1.500000e+00 5.000000e+00
      vertex   1.849041e+01 1.500000e+00 4.612420e+00
      vertex   1.921862e+01 1.500000e+00 4.914585e+00
    endloop
  endfacet
  facet normal 0.000000e+00 1.000000e+00 0.000000e+00
    outer loop
      vertex   1.849041e+01 1.500000e+00 4.612420e+00
      vertex   2.200000e+01 1.500000e+00 4.000000e+00
      vertex   1.786667e+01 1.500000e+00 4.133322e+00
    endloop
  endfacet
  facet normal 0.000000e+00 1.000000e+00 0.000000e+00
    outer loop
      vertex   1.786667e+01 1.500000e+00 4.133322e+00
      vertex   2.200000e+01 1.500000e+00 4.000000e+00
      vertex   2.155500e+01 1.500000e+00 3.527000e+00
    endloop
  endfacet
  facet normal 0.000000e+00 1.000000e+00 0.000000e+00
    outer loop
      vertex   1.786667e+01 1.500000e+00 4.133322e+00
      vertex   2.155500e+01 1.500000e+00 3.527000e+00
      vertex   1.738758e+01 1.500000e+00 3.509591e+00
    endloop
  endfacet
  facet normal -0.000000e+00 1.000000e+00 0.000000e+00
    outer loop
      vertex   1.738758e+01 1.500000e+00 3.509591e+00
      vertex   2.155500e+01 1.500000e+00 3.527000e+00
      vertex   2.000000e+01 1.500000e+00 3.000000e+00
    endloop
  endfacet
  facet normal 0.000000e+00 1.000000e+00 0.000000e+00
    outer loop
      vertex   1.738758e+01 1.500000e+00 3.509591e+00
      vertex   2.000000e+01 1.500000e+00 3.000000e+00
      vertex   1.974100e+01 1.500000e+00 2.966000e+00
    endloop
  endfacet
  facet normal 0.000000e+00 1.000000e+00 0.000000e+00
    outer loop
      vertex   2.155500e+01 1.500000e+00 3.527000e+00
      vertex   2.119000e+01 1.500000e+00 3.000000e+00
      vertex   2.000000e+01 1.500000e+00 3.000000e+00
    endloop
  endfacet
  facet normal 0.000000e+00 1.000000e+00 0.000000e+00
    outer loop
      vertex   1.738758e+01 1.500000e+00 3.509591e+00
      vertex   1.974100e+01 1.500000e+00 2.966000e+00
      vertex   1.708542e+01 1.500000e+00 2.781381e+00
    endloop
  endfacet
  facet normal 0.000000e+00 1.000000e+00 0.000000e+00
    outer loop
      vertex   1.708542e+01 1.500000e+00 2.781381e+00
      vertex   1.974100e+01 1.500000e+00 2.966000e+00
      vertex   1.950000e+01 1.500000e+00 2.866000e+00
    endloop
  endfacet
  facet normal -0.000000e+00 1.000000e+00 0.000000e+00
    outer loop
      vertex   1.708542e+01 1.500000e+00 2.781381e+00
      vertex   1.950000e+01 1.500000e+00 2.866000e+00
      vertex   1.929300e+01 1.500000e+00 2.707000e+00
    endloop
  endfacet
  facet normal 0.000000e+00 1.000000e+00 0.000000e+00
    outer loop
      vertex   1.929300e+01 1.500000e+00 2.707000e+00
      vertex   1.913400e+01 1.500000e+00 2.500000e+00
      vertex   1.708542e+01 1.500000e+00 2.781381e+00
    endloop
  endfacet
  facet normal 0.000000e+00 1.000000e+00 0.000000e+00
    outer loop
      vertex   1.708542e+01 1.500000e+00 2.781381e+00
      vertex   1.913400e+01 1.500000e+00 2.500000e+00
      vertex   1.700000e+01 1.500000e+00 2.130715e+00
    endloop
  endfacet
  facet normal 0.000000e+00 1.000000e+00 0.000000e+00
    outer loop
      vertex   1.700000e+01 1.500000e+00 2.130715e+00
      vertex   1.913400e+01 1.500000e+00 2.500000e+00
      vertex   1.903400e+01 1.500000e+00 2.259000e+00
    endloop
  endfacet
  facet normal -0.000000e+00 1.000000e+00 0.000000e+00
    outer loop
      vertex   1.700000e+01 1.500000e+00 2.130715e+00
      vertex   1.903400e+01 1.500000e+00 2.259000e+00
      vertex   1.900000e+01 1.500000e+00 2.000000e+00
    endloop
  endfacet
  facet normal 0.000000e+00 1.000000e+00 0.000000e+00
    outer loop
      vertex   1.700000e+01 1.500000e+00 2.130715e+00
      vertex   1.900000e+01 1.500000e+00 2.000000e+00
      vertex   1.700000e+01 1.500000e+00 2.000000e+00
    endloop
  endfacet
  facet normal -0.000000e+00 1.000000e+00 0.000000e+00
    outer loop
      vertex   1.700000e+01 1.500000e+00 2.000000e+00
      vertex   1.900000e+01 1.500000e+00 2.000000e+00
      vertex   1.900000e+01 1.500000e+00 1.000000e+00
    endloop
  endfacet
  facet normal 0.000000e+00 1.000000e+00 0.000000e+00
    outer loop
      vertex   1.700000e+01 1.500000e+00 2.000000e+00
      vertex   1.900000e+01 1.500000e+00 1.000000e+00
      vertex   1.896600e+01 1.500000e+00 7.410000e-01
    endloop
  endfacet
  facet normal 0.000000e+00 1.000000e+00 0.000000e+00
    outer loop
      vertex   1.700000e+01 1.500000e+00 2.000000e+00
      vertex   1.896600e+01 1.500000e+00 7.410000e-01
      vertex   1.800000e+01 1.500000e+00 0.000000e+00
    endloop
  endfacet
  facet normal 0.000000e+00 1.000000e+00 0.000000e+00
    outer loop
      vertex   1.800000e+01 1.500000e+00 0.000000e+00
      vertex   1.896600e+01 1.500000e+00 7.410000e-01
      vertex   1.886600e+01 1.500000e+00 5.000000e-01
    endloop
  endfacet
  facet normal 0.000000e+00 1.000000e+00 0.000000e+00
    outer loop
      vertex   1.800000e+01 1.500000e+00 0.000000e+00
      vertex   1.886600e+01 1.500000e+00 5.000000e-01
      vertex   1.870700e+01 1.500000e+00 2.930000e-01
    endloop
  endfacet
  facet normal 0.000000e+00 1.000000e+00 0.000000e+00
    outer loop
      vertex   1.870700e+01 1.500000e+00 2.930000e-01
      vertex   1.850000e+01 1.500000e+00 1.340000e-01
      vertex   1.800000e+01 1.500000e+00 0.000000e+00
    endloop
  endfacet
  facet normal 0.000000e+00 1.000000e+00 0.000000e+00
    outer loop
      vertex   1.800000e+01 1.500000e+00 0.000000e+00
      vertex   1.850000e+01 1.500000e+00 1.340000e-01
      vertex   1.825900e+01 1.500000e+00 3.400000e-02
    endloop
  endfacet
  facet normal 0.000000e+00 1.000000e+00 0.000000e+00
    outer loop
      vertex   1.800000e+01 1.500000e+00 0.000000e+00
      vertex   -6.400000e+01 1.500000e+00 0.000000e+00
      vertex   1.700000e+01 1.500000e+00 2.000000e+00
    endloop
  endfacet
  facet normal 0.000000e+00 1.000000e+00 0.000000e+00
    outer loop
      vertex   1.700000e+01 1.500000e+00 2.000000e+00
      vertex   -6.400000e+01 1.500000e+00 0.000000e+00
      vertex   -6.300000e+01 1.500000e+00 2.000000e+00
    endloop
  endfacet
  facet normal 0.000000e+00 1.000000e+00 0.000000e+00
    outer loop
      vertex   -6.300000e+01 1.500000e+00 2.000000e+00
      vertex   -6.400000e+01 1.500000e+00 0.000000e+00
      vertex   -6.496600e+01 1.500000e+00 7.410000e-01
    endloop
  endfacet
  facet normal 0.000000e+00 1.000000e+00 0.000000e+00
    outer loop
      vertex   -6.300000e+01 1.500000e+00 2.000000e+00
      vertex   -6.496600e+01 1.500000e+00 7.410000e-01
      vertex   -6.500000e+01 1.500000e+00 1.000000e+00
    endloop
  endfacet
  facet normal -0.000000e+00 1.000000e+00 -0.000000e+00
    outer loop
      vertex   -6.425900e+01 1.500000e+00 3.400000e-02
      vertex   -6.450000e+01 1.500000e+00 1.340000e-01
      vertex   -6.400000e+01 1.500000e+00 0.000000e+00
    endloop
  endfacet
  facet normal 0.000000e+00 1.000000e+00 0.000000e+00
    outer loop
      vertex   -6.400000e+01 1.500000e+00 0.000000e+00
      vertex   -6.450000e+01 1.500000e+00 1.340000e-01
      vertex   -6.470700e+01 1.500000e+00 2.930000e-01
    endloop
  endfacet
  facet normal 0.000000e+00 1.000000e+00 0.000000e+00
    outer loop
      vertex   -6.400000e+01 1.500000e+00 0.000000e+00
      vertex   -6.470700e+01 1.500000e+00 2.930000e-01
      vertex   -6.486600e+01 1.500000e+00 5.000000e-01
    endloop
  endfacet
  facet normal -0.000000e+00 1.000000e+00 -0.000000e+00
    outer loop
      vertex   -6.486600e+01 1.500000e+00 5.000000e-01
      vertex   -6.496600e+01 1.500000e+00 7.410000e-01
      vertex   -6.400000e+01 1.500000e+00 0.000000e+00
    endloop
  endfacet
  facet normal 0.000000e+00 1.000000e+00 0.000000e+00
    outer loop
      vertex   -6.500000e+01 1.500000e+00 1.000000e+00
      vertex   -6.500000e+01 1.500000e+00 2.600000e+01
      vertex   -6.300000e+01 1.500000e+00 2.000000e+00
    endloop
  endfacet
  facet normal 0.000000e+00 1.000000e+00 -0.000000e+00
    outer loop
      vertex   -6.300000e+01 1.500000e+00 2.000000e+00
      vertex   -6.500000e+01 1.500000e+00 2.600000e+01
      vertex   -6.300000e+01 1.500000e+00 2.500000e+01
    endloop
  endfacet
  facet normal 0.000000e+00 1.000000e+00 0.000000e+00
    outer loop
      vertex   -6.300000e+01 1.500000e+00 2.500000e+01
      vertex   -6.500000e+01 1.500000e+00 2.600000e+01
      vertex   -6.496600e+01 1.500000e+00 2.625900e+01
    endloop
  endfacet
  facet normal 0.000000e+00 1.000000e+00 0.000000e+00
    outer loop
      vertex   -6.300000e+01 1.500000e+00 2.500000e+01
      vertex   -6.496600e+01 1.500000e+00 2.625900e+01
      vertex   -6.400000e+01 1.500000e+00 2.700000e+01
    endloop
  endfacet
  facet normal 0.000000e+00 1.000000e+00 0.000000e+00
    outer loop
      vertex   -6.400000e+01 1.500000e+00 2.700000e+01
      vertex   -6.496600e+01 1.500000e+00 2.625900e+01
      vertex   -6.486600e+01 1.500000e+00 2.650000e+01
    endloop
  endfacet
  facet normal 0.000000e+00 1.000000e+00 0.000000e+00
    outer loop
      vertex   -6.400000e+01 1.500000e+00 2.700000e+01
      vertex   -6.486600e+01 1.500000e+00 2.650000e+01
      vertex   -6.470700e+01 1.500000e+00 2.670700e+01
    endloop
  endfacet
  facet normal 0.000000e+00 1.000000e+00 0.000000e+00
    outer loop
      vertex   -6.470700e+01 1.500000e+00 2.670700e+01
      vertex   -6.450000e+01 1.500000e+00 2.686600e+01
      vertex   -6.400000e+01 1.500000e+00 2.700000e+01
    endloop
  endfacet
  facet normal 0.000000e+00 1.000000e+00 0.000000e+00
    outer loop
      vertex   -6.400000e+01 1.500000e+00 2.700000e+01
      vertex   -6.450000e+01 1.500000e+00 2.686600e+01
      vertex   -6.425900e+01 1.500000e+00 2.696600e+01
    endloop
  endfacet
  facet normal 0.000000e+00 1.000000e+00 -0.000000e+00
    outer loop
      vertex   -6.300000e+01 1.500000e+00 2.500000e+01
      vertex   -6.400000e+01 1.500000e+00 2.700000e+01
      vertex   1.700000e+01 1.500000e+00 2.500000e+01
    endloop
  endfacet
  facet normal 0.000000e+00 1.000000e+00 -0.000000e+00
    outer loop
      vertex   1.700000e+01 1.500000e+00 2.500000e+01
      vertex   -6.400000e+01 1.500000e+00 2.700000e+01
      vertex   1.800000e+01 1.500000e+00 2.700000e+01
    endloop
  endfacet
  facet normal 0.000000e+00 1.000000e+00 0.000000e+00
    outer loop
      vertex   1.825900e+01 1.500000e+00 2.696600e+01
      vertex   1.850000e+01 1.500000e+00 2.686600e+01
      vertex   1.800000e+01 1.500000e+00 2.700000e+01
    endloop
  endfacet
  facet normal 0.000000e+00 1.000000e+00 0.000000e+00
    outer loop
      vertex   1.800000e+01 1.500000e+00 2.700000e+01
      vertex   1.850000e+01 1.500000e+00 2.686600e+01
      vertex   1.870700e+01 1.500000e+00 2.670700e+01
    endloop
  endfacet
  facet normal 0.000000e+00 1.000000e+00 0.000000e+00
    outer loop
      vertex   1.921862e+01 1.500000e+00 4.914585e+00
      vertex   1.986929e+01 1.500000e+00 5.000000e+00
      vertex   2.019482e+01 1.500000e+00 5.000000e+00
    endloop
  endfacet
  facet normal 8.395919e-01 -1.483181e-01 -5.225774e-01
    outer loop
      vertex   1.889000e+01 -2.200000e-01 6.010000e-01
      vertex   1.876200e+01 -2.540000e-01 4.050000e-01
      vertex   1.886600e+01 0.000000e+00 5.000000e-01
    endloop
  endfacet
  facet normal -4.857244e-02 -9.903231e-01 1.300033e-01
    outer loop
      vertex   -6.400000e+01 -1.000000e+00 2.600000e+01
      vertex   -6.400000e+01 -9.660000e-01 2.625900e+01
      vertex   -6.411100e+01 -9.620000e-01 2.624800e+01
    endloop
  endfacet
  facet normal -4.060291e-01 -9.075314e-01 1.073645e-01
    outer loop
      vertex   -6.424800e+01 -9.620000e-01 2.611100e+01
      vertex   -6.443000e+01 -8.620000e-01 2.626800e+01
      vertex   -6.455400e+01 -8.290000e-01 2.607800e+01
    endloop
  endfacet
  facet normal -1.046824e-01 -9.889807e-01 1.046838e-01
    outer loop
      vertex   -6.424800e+01 -9.620000e-01 2.611100e+01
      vertex   -6.400000e+01 -1.000000e+00 2.600000e+01
      vertex   -6.411100e+01 -9.620000e-01 2.624800e+01
    endloop
  endfacet
  facet normal -2.722441e-01 -9.229108e-01 2.722479e-01
    outer loop
      vertex   -6.426800e+01 -8.620000e-01 2.643000e+01
      vertex   -6.424800e+01 -9.620000e-01 2.611100e+01
      vertex   -6.411100e+01 -9.620000e-01 2.624800e+01
    endloop
  endfacet
  facet normal -2.722446e-01 -9.229106e-01 2.722478e-01
    outer loop
      vertex   -6.426800e+01 -8.620000e-01 2.643000e+01
      vertex   -6.443000e+01 -8.620000e-01 2.626800e+01
      vertex   -6.424800e+01 -9.620000e-01 2.611100e+01
    endloop
  endfacet
  facet normal -1.073654e-01 -9.075327e-01 4.060259e-01
    outer loop
      vertex   -6.407800e+01 -8.290000e-01 2.655400e+01
      vertex   -6.426800e+01 -8.620000e-01 2.643000e+01
      vertex   -6.411100e+01 -9.620000e-01 2.624800e+01
    endloop
  endfacet
  facet normal -7.108987e-02 -9.213055e-01 3.822858e-01
    outer loop
      vertex   -6.400000e+01 -9.660000e-01 2.625900e+01
      vertex   -6.400000e+01 -8.660000e-01 2.650000e+01
      vertex   -6.411100e+01 -9.620000e-01 2.624800e+01
    endloop
  endfacet
  facet normal -1.455026e-01 -9.015265e-01 4.075279e-01
    outer loop
      vertex   -6.411100e+01 -9.620000e-01 2.624800e+01
      vertex   -6.400000e+01 -8.660000e-01 2.650000e+01
      vertex   -6.407800e+01 -8.290000e-01 2.655400e+01
    endloop
  endfacet
  facet normal 9.217231e-01 -3.824592e-01 6.443147e-02
    outer loop
      vertex   1.896600e+01 -2.590000e-01 1.000000e+00
      vertex   1.886600e+01 -5.000000e-01 1.000000e+00
      vertex   1.891800e+01 -3.890000e-01 9.150000e-01
    endloop
  endfacet
  facet normal 4.548826e-02 -7.922312e-01 6.085232e-01
    outer loop
      vertex   -6.407800e+01 -8.290000e-01 2.655400e+01
      vertex   -6.400000e+01 -8.660000e-01 2.650000e+01
      vertex   -6.400000e+01 -7.070000e-01 2.670700e+01
    endloop
  endfacet
  facet normal 9.914931e-01 -1.301589e-01 0.000000e+00
    outer loop
      vertex   1.896600e+01 -2.590000e-01 2.000000e+00
      vertex   1.896600e+01 -2.590000e-01 1.000000e+00
      vertex   1.900000e+01 0.000000e+00 2.000000e+00
    endloop
  endfacet
  facet normal 9.914931e-01 -1.301589e-01 0.000000e+00
    outer loop
      vertex   1.900000e+01 0.000000e+00 2.000000e+00
      vertex   1.896600e+01 -2.590000e-01 1.000000e+00
      vertex   1.900000e+01 0.000000e+00 1.000000e+00
    endloop
  endfacet
  facet normal 9.547570e-01 -2.672927e-01 -1.303601e-01
    outer loop
      vertex   1.896600e+01 -2.590000e-01 1.000000e+00
      vertex   1.891800e+01 -3.890000e-01 9.150000e-01
      vertex   1.897000e+01 -1.540000e-01 8.140000e-01
    endloop
  endfacet
  facet normal -3.635964e-01 -5.906155e-01 7.203964e-01
    outer loop
      vertex   -6.440700e+01 -7.030000e-01 2.658300e+01
      vertex   -6.431000e+01 -4.590000e-01 2.683200e+01
      vertex   -6.451900e+01 -4.950000e-01 2.669700e+01
    endloop
  endfacet
  facet normal 5.816841e-01 -7.754202e-01 2.456972e-01
    outer loop
      vertex   6.471800e+01 -6.670000e-01 1.770100e+01
      vertex   6.458300e+01 -7.030000e-01 1.790700e+01
      vertex   6.455400e+01 -8.290000e-01 1.757800e+01
    endloop
  endfacet
  facet normal -2.459675e-01 -7.750834e-01 5.820186e-01
    outer loop
      vertex   -6.440700e+01 -7.030000e-01 2.658300e+01
      vertex   -6.426800e+01 -8.620000e-01 2.643000e+01
      vertex   -6.420100e+01 -6.670000e-01 2.671800e+01
    endloop
  endfacet
  facet normal 9.901473e-01 -1.299822e-01 -5.208513e-02
    outer loop
      vertex   1.900000e+01 0.000000e+00 1.000000e+00
      vertex   1.896600e+01 -2.590000e-01 1.000000e+00
      vertex   1.897000e+01 -1.540000e-01 8.140000e-01
    endloop
  endfacet
  facet normal 4.317570e-01 -7.932710e-01 4.293099e-01
    outer loop
      vertex   6.458300e+01 -7.030000e-01 1.790700e+01
      vertex   6.440800e+01 -7.030000e-01 1.808300e+01
      vertex   6.426800e+01 -8.620000e-01 1.793000e+01
    endloop
  endfacet
  facet normal -3.690065e-01 -5.879131e-01 7.198558e-01
    outer loop
      vertex   -6.440700e+01 -7.030000e-01 2.658300e+01
      vertex   -6.420100e+01 -6.670000e-01 2.671800e+01
      vertex   -6.431000e+01 -4.590000e-01 2.683200e+01
    endloop
  endfacet
  facet normal 9.908531e-01 -3.592431e-02 -1.300749e-01
    outer loop
      vertex   1.900000e+01 0.000000e+00 1.000000e+00
      vertex   1.897000e+01 -1.540000e-01 8.140000e-01
      vertex   1.896600e+01 0.000000e+00 7.410000e-01
    endloop
  endfacet
  facet normal -5.607242e-01 -6.092428e-01 5.607242e-01
    outer loop
      vertex   -6.469700e+01 -4.950000e-01 2.651900e+01
      vertex   -6.458300e+01 -7.030000e-01 2.640700e+01
      vertex   -6.451900e+01 -4.950000e-01 2.669700e+01
    endloop
  endfacet
  facet normal 9.409408e-01 -1.247599e-01 -3.147467e-01
    outer loop
      vertex   1.896600e+01 0.000000e+00 7.410000e-01
      vertex   1.897000e+01 -1.540000e-01 8.140000e-01
      vertex   1.889000e+01 -2.200000e-01 6.010000e-01
    endloop
  endfacet
  facet normal 5.823652e-01 -7.749811e-01 2.454690e-01
    outer loop
      vertex   6.443000e+01 -8.620000e-01 1.776800e+01
      vertex   6.455400e+01 -8.290000e-01 1.757800e+01
      vertex   6.458300e+01 -7.030000e-01 1.790700e+01
    endloop
  endfacet
  facet normal 4.314230e-01 -7.923029e-01 4.314281e-01
    outer loop
      vertex   6.426800e+01 -8.620000e-01 1.793000e+01
      vertex   6.443000e+01 -8.620000e-01 1.776800e+01
      vertex   6.458300e+01 -7.030000e-01 1.790700e+01
    endloop
  endfacet
  facet normal 9.210426e-01 -7.497585e-02 -3.821768e-01
    outer loop
      vertex   1.896600e+01 0.000000e+00 7.410000e-01
      vertex   1.889000e+01 -2.200000e-01 6.010000e-01
      vertex   1.886600e+01 0.000000e+00 5.000000e-01
    endloop
  endfacet
  facet normal -9.914951e-01 0.000000e+00 1.301442e-01
    outer loop
      vertex   -6.496600e+01 1.500000e+00 2.625900e+01
      vertex   -6.500000e+01 1.500000e+00 2.600000e+01
      vertex   -6.496600e+01 0.000000e+00 2.625900e+01
    endloop
  endfacet
  facet normal -9.914951e-01 0.000000e+00 1.301442e-01
    outer loop
      vertex   -6.496600e+01 0.000000e+00 2.625900e+01
      vertex   -6.500000e+01 1.500000e+00 2.600000e+01
      vertex   -6.500000e+01 0.000000e+00 2.600000e+01
    endloop
  endfacet
  facet normal -9.236341e-01 0.000000e+00 3.832753e-01
    outer loop
      vertex   -6.496600e+01 0.000000e+00 2.625900e+01
      vertex   -6.486600e+01 0.000000e+00 2.650000e+01
      vertex   -6.496600e+01 1.500000e+00 2.625900e+01
    endloop
  endfacet
  facet normal -9.236341e-01 0.000000e+00 3.832753e-01
    outer loop
      vertex   -6.496600e+01 1.500000e+00 2.625900e+01
      vertex   -6.486600e+01 0.000000e+00 2.650000e+01
      vertex   -6.486600e+01 1.500000e+00 2.650000e+01
    endloop
  endfacet
  facet normal 4.075316e-01 -9.015242e-01 1.455060e-01
    outer loop
      vertex   6.424800e+01 -9.620000e-01 1.761100e+01
      vertex   6.450000e+01 -8.660000e-01 1.750000e+01
      vertex   6.455400e+01 -8.290000e-01 1.757800e+01
    endloop
  endfacet
  facet normal 9.914931e-01 7.706956e-17 -1.301589e-01
    outer loop
      vertex   1.900000e+01 0.000000e+00 1.000000e+00
      vertex   1.896600e+01 0.000000e+00 7.410000e-01
      vertex   1.900000e+01 1.500000e+00 1.000000e+00
    endloop
  endfacet
  facet normal 9.914931e-01 1.505247e-16 -1.301589e-01
    outer loop
      vertex   1.900000e+01 1.500000e+00 1.000000e+00
      vertex   1.896600e+01 0.000000e+00 7.410000e-01
      vertex   1.896600e+01 1.500000e+00 7.410000e-01
    endloop
  endfacet
  facet normal 6.085231e-01 -7.922312e-01 -4.549048e-02
    outer loop
      vertex   6.455400e+01 -8.290000e-01 1.757800e+01
      vertex   6.450000e+01 -8.660000e-01 1.750000e+01
      vertex   6.470700e+01 -7.070000e-01 1.750000e+01
    endloop
  endfacet
  facet normal 9.236423e-01 4.538657e-16 -3.832556e-01
    outer loop
      vertex   1.896600e+01 0.000000e+00 7.410000e-01
      vertex   1.886600e+01 0.000000e+00 5.000000e-01
      vertex   1.896600e+01 1.500000e+00 7.410000e-01
    endloop
  endfacet
  facet normal 9.236423e-01 -4.520911e-16 -3.832556e-01
    outer loop
      vertex   1.896600e+01 1.500000e+00 7.410000e-01
      vertex   1.886600e+01 0.000000e+00 5.000000e-01
      vertex   1.886600e+01 1.500000e+00 5.000000e-01
    endloop
  endfacet
  facet normal -6.533979e-01 -3.822857e-01 6.533979e-01
    outer loop
      vertex   -6.476200e+01 -2.540000e-01 2.659500e+01
      vertex   -6.469700e+01 -4.950000e-01 2.651900e+01
      vertex   -6.459500e+01 -2.540000e-01 2.676200e+01
    endloop
  endfacet
  facet normal -6.533979e-01 -3.822857e-01 6.533979e-01
    outer loop
      vertex   -6.459500e+01 -2.540000e-01 2.676200e+01
      vertex   -6.469700e+01 -4.950000e-01 2.651900e+01
      vertex   -6.451900e+01 -4.950000e-01 2.669700e+01
    endloop
  endfacet
  facet normal -4.628109e-01 -3.680528e-01 8.064386e-01
    outer loop
      vertex   -6.459500e+01 -2.540000e-01 2.676200e+01
      vertex   -6.431000e+01 -4.590000e-01 2.683200e+01
      vertex   -6.439900e+01 -2.200000e-01 2.689000e+01
    endloop
  endfacet
  facet normal 7.930538e-01 -7.213803e-16 -6.091515e-01
    outer loop
      vertex   1.886600e+01 0.000000e+00 5.000000e-01
      vertex   1.870700e+01 0.000000e+00 2.930000e-01
      vertex   1.886600e+01 1.500000e+00 5.000000e-01
    endloop
  endfacet
  facet normal 7.930538e-01 7.089104e-16 -6.091515e-01
    outer loop
      vertex   1.886600e+01 1.500000e+00 5.000000e-01
      vertex   1.870700e+01 0.000000e+00 2.930000e-01
      vertex   1.870700e+01 1.500000e+00 2.930000e-01
    endloop
  endfacet
  facet normal -4.604449e-01 -3.636161e-01 8.097986e-01
    outer loop
      vertex   -6.451900e+01 -4.950000e-01 2.669700e+01
      vertex   -6.431000e+01 -4.590000e-01 2.683200e+01
      vertex   -6.459500e+01 -2.540000e-01 2.676200e+01
    endloop
  endfacet
  facet normal 6.091538e-01 9.391623e-16 -7.930521e-01
    outer loop
      vertex   1.870700e+01 0.000000e+00 2.930000e-01
      vertex   1.850000e+01 0.000000e+00 1.340000e-01
      vertex   1.870700e+01 1.500000e+00 2.930000e-01
    endloop
  endfacet
  facet normal 6.091538e-01 9.393008e-16 -7.930521e-01
    outer loop
      vertex   1.870700e+01 1.500000e+00 2.930000e-01
      vertex   1.850000e+01 0.000000e+00 1.340000e-01
      vertex   1.850000e+01 1.500000e+00 1.340000e-01
    endloop
  endfacet
  facet normal 3.815017e-01 -9.233485e-01 -4.340450e-02
    outer loop
      vertex   1.853800e+01 -8.660000e-01 2.334000e+00
      vertex   1.830200e+01 -9.660000e-01 2.387000e+00
      vertex   1.850000e+01 -8.660000e-01 2.000000e+00
    endloop
  endfacet
  facet normal 6.540454e-01 -7.479603e-01 1.130491e-01
    outer loop
      vertex   6.471800e+01 -6.670000e-01 1.770100e+01
      vertex   6.455400e+01 -8.290000e-01 1.757800e+01
      vertex   6.470700e+01 -7.070000e-01 1.750000e+01
    endloop
  endfacet
  facet normal 3.829084e-01 -9.228061e-01 -4.254465e-02
    outer loop
      vertex   1.830200e+01 -9.660000e-01 2.387000e+00
      vertex   1.825900e+01 -9.660000e-01 2.000000e+00
      vertex   1.850000e+01 -8.660000e-01 2.000000e+00
    endloop
  endfacet
  facet normal -5.607194e-01 -6.092460e-01 5.607255e-01
    outer loop
      vertex   -6.440700e+01 -7.030000e-01 2.658300e+01
      vertex   -6.451900e+01 -4.950000e-01 2.669700e+01
      vertex   -6.458300e+01 -7.030000e-01 2.640700e+01
    endloop
  endfacet
  facet normal 7.906672e-01 -6.073109e-01 7.758130e-02
    outer loop
      vertex   6.471800e+01 -6.670000e-01 1.770100e+01
      vertex   6.470700e+01 -7.070000e-01 1.750000e+01
      vertex   6.486600e+01 -5.000000e-01 1.750000e+01
    endloop
  endfacet
  facet normal 6.076754e-01 -7.911275e-01 -6.962742e-02
    outer loop
      vertex   1.870700e+01 -7.070000e-01 2.000000e+00
      vertex   1.874000e+01 -7.070000e-01 2.288000e+00
      vertex   1.850000e+01 -8.660000e-01 2.000000e+00
    endloop
  endfacet
  facet normal 8.271448e-01 -5.381672e-01 1.618872e-01
    outer loop
      vertex   6.471800e+01 -6.670000e-01 1.770100e+01
      vertex   6.486600e+01 -5.000000e-01 1.750000e+01
      vertex   6.483200e+01 -4.590000e-01 1.781000e+01
    endloop
  endfacet
  facet normal -7.893629e-01 -9.642539e-02 6.063071e-01
    outer loop
      vertex   -6.486600e+01 0.000000e+00 2.650000e+01
      vertex   -6.476200e+01 -2.540000e-01 2.659500e+01
      vertex   -6.470700e+01 0.000000e+00 2.670700e+01
    endloop
  endfacet
  facet normal -6.983687e-01 -1.567236e-01 6.983687e-01
    outer loop
      vertex   -6.470700e+01 0.000000e+00 2.670700e+01
      vertex   -6.476200e+01 -2.540000e-01 2.659500e+01
      vertex   -6.459500e+01 -2.540000e-01 2.676200e+01
    endloop
  endfacet
  facet normal 7.222238e-01 -5.872882e-01 3.653565e-01
    outer loop
      vertex   6.469700e+01 -4.950000e-01 1.801900e+01
      vertex   6.471800e+01 -6.670000e-01 1.770100e+01
      vertex   6.483200e+01 -4.590000e-01 1.781000e+01
    endloop
  endfacet
  facet normal -6.063114e-01 -9.642951e-02 7.893591e-01
    outer loop
      vertex   -6.470700e+01 0.000000e+00 2.670700e+01
      vertex   -6.459500e+01 -2.540000e-01 2.676200e+01
      vertex   -6.450000e+01 0.000000e+00 2.686600e+01
    endloop
  endfacet
  facet normal -5.225798e-01 -1.483143e-01 8.395911e-01
    outer loop
      vertex   -6.450000e+01 0.000000e+00 2.686600e+01
      vertex   -6.459500e+01 -2.540000e-01 2.676200e+01
      vertex   -6.439900e+01 -2.200000e-01 2.689000e+01
    endloop
  endfacet
  facet normal 7.180199e-01 -5.912621e-01 3.672282e-01
    outer loop
      vertex   6.469700e+01 -4.950000e-01 1.801900e+01
      vertex   6.458300e+01 -7.030000e-01 1.790700e+01
      vertex   6.471800e+01 -6.670000e-01 1.770100e+01
    endloop
  endfacet
  facet normal 7.897999e-01 -6.066521e-01 -9.049523e-02
    outer loop
      vertex   1.874000e+01 -7.070000e-01 2.288000e+00
      vertex   1.870700e+01 -7.070000e-01 2.000000e+00
      vertex   1.886600e+01 -5.000000e-01 2.000000e+00
    endloop
  endfacet
  facet normal 3.832554e-01 -9.236424e-01 0.000000e+00
    outer loop
      vertex   1.825900e+01 -9.660000e-01 2.000000e+00
      vertex   1.825900e+01 -9.660000e-01 1.000000e+00
      vertex   1.850000e+01 -8.660000e-01 2.000000e+00
    endloop
  endfacet
  facet normal 3.832554e-01 -9.236424e-01 0.000000e+00
    outer loop
      vertex   1.850000e+01 -8.660000e-01 2.000000e+00
      vertex   1.825900e+01 -9.660000e-01 1.000000e+00
      vertex   1.850000e+01 -8.660000e-01 1.000000e+00
    endloop
  endfacet
  facet normal -2.451817e-01 -7.753395e-01 5.820091e-01
    outer loop
      vertex   -6.420100e+01 -6.670000e-01 2.671800e+01
      vertex   -6.426800e+01 -8.620000e-01 2.643000e+01
      vertex   -6.407800e+01 -8.290000e-01 2.655400e+01
    endloop
  endfacet
  facet normal -2.514896e-01 -3.156838e-01 9.149299e-01
    outer loop
      vertex   -6.431000e+01 -4.590000e-01 2.683200e+01
      vertex   -6.408500e+01 -3.890000e-01 2.691800e+01
      vertex   -6.439900e+01 -2.200000e-01 2.689000e+01
    endloop
  endfacet
  facet normal 7.918214e-01 -6.043827e-01 -8.797974e-02
    outer loop
      vertex   1.889400e+01 -5.000000e-01 2.252000e+00
      vertex   1.874000e+01 -7.070000e-01 2.288000e+00
      vertex   1.886600e+01 -5.000000e-01 2.000000e+00
    endloop
  endfacet
  facet normal 9.176718e-01 -3.099307e-01 2.486392e-01
    outer loop
      vertex   6.491800e+01 -3.890000e-01 1.758500e+01
      vertex   6.497000e+01 -1.540000e-01 1.768600e+01
      vertex   6.489000e+01 -2.200000e-01 1.789900e+01
    endloop
  endfacet
  facet normal 9.149313e-01 -3.156799e-01 2.514892e-01
    outer loop
      vertex   6.483200e+01 -4.590000e-01 1.781000e+01
      vertex   6.491800e+01 -3.890000e-01 1.758500e+01
      vertex   6.489000e+01 -2.200000e-01 1.789900e+01
    endloop
  endfacet
  facet normal -2.486311e-01 -3.099172e-01 9.176785e-01
    outer loop
      vertex   -6.418600e+01 -1.540000e-01 2.697000e+01
      vertex   -6.439900e+01 -2.200000e-01 2.689000e+01
      vertex   -6.408500e+01 -3.890000e-01 2.691800e+01
    endloop
  endfacet
  facet normal 9.186481e-01 -3.811832e-01 -1.038511e-01
    outer loop
      vertex   1.886600e+01 -5.000000e-01 2.000000e+00
      vertex   1.896600e+01 -2.590000e-01 2.000000e+00
      vertex   1.899200e+01 -2.590000e-01 2.230000e+00
    endloop
  endfacet
  facet normal -1.303620e-01 -2.672923e-01 9.547568e-01
    outer loop
      vertex   -6.400000e+01 -2.590000e-01 2.696600e+01
      vertex   -6.418600e+01 -1.540000e-01 2.697000e+01
      vertex   -6.408500e+01 -3.890000e-01 2.691800e+01
    endloop
  endfacet
  facet normal 8.395950e-01 -1.483090e-01 5.225751e-01
    outer loop
      vertex   6.486600e+01 0.000000e+00 1.800000e+01
      vertex   6.476200e+01 -2.540000e-01 1.809500e+01
      vertex   6.489000e+01 -2.200000e-01 1.789900e+01
    endloop
  endfacet
  facet normal 6.443215e-02 -3.824592e-01 9.217231e-01
    outer loop
      vertex   -6.400000e+01 -5.000000e-01 2.686600e+01
      vertex   -6.400000e+01 -2.590000e-01 2.696600e+01
      vertex   -6.408500e+01 -3.890000e-01 2.691800e+01
    endloop
  endfacet
  facet normal 6.091538e-01 -7.930521e-01 0.000000e+00
    outer loop
      vertex   1.870700e+01 -7.070000e-01 1.000000e+00
      vertex   1.870700e+01 -7.070000e-01 2.000000e+00
      vertex   1.850000e+01 -8.660000e-01 1.000000e+00
    endloop
  endfacet
  facet normal 6.091538e-01 -7.930521e-01 0.000000e+00
    outer loop
      vertex   1.850000e+01 -8.660000e-01 1.000000e+00
      vertex   1.870700e+01 -7.070000e-01 2.000000e+00
      vertex   1.850000e+01 -8.660000e-01 2.000000e+00
    endloop
  endfacet
  facet normal 9.210343e-01 -7.497748e-02 3.821965e-01
    outer loop
      vertex   6.496600e+01 0.000000e+00 1.775900e+01
      vertex   6.486600e+01 0.000000e+00 1.800000e+01
      vertex   6.489000e+01 -2.200000e-01 1.789900e+01
    endloop
  endfacet
  facet normal 9.236423e-01 -3.832556e-01 0.000000e+00
    outer loop
      vertex   1.886600e+01 -5.000000e-01 2.000000e+00
      vertex   1.886600e+01 -5.000000e-01 1.000000e+00
      vertex   1.896600e+01 -2.590000e-01 2.000000e+00
    endloop
  endfacet
  facet normal 9.236423e-01 -3.832556e-01 0.000000e+00
    outer loop
      vertex   1.896600e+01 -2.590000e-01 2.000000e+00
      vertex   1.886600e+01 -5.000000e-01 1.000000e+00
      vertex   1.896600e+01 -2.590000e-01 1.000000e+00
    endloop
  endfacet
  facet normal 9.409376e-01 -1.247734e-01 3.147507e-01
    outer loop
      vertex   6.496600e+01 0.000000e+00 1.775900e+01
      vertex   6.489000e+01 -2.200000e-01 1.789900e+01
      vertex   6.497000e+01 -1.540000e-01 1.768600e+01
    endloop
  endfacet
  facet normal 9.182207e-01 -3.827034e-01 -1.020240e-01
    outer loop
      vertex   1.889400e+01 -5.000000e-01 2.252000e+00
      vertex   1.886600e+01 -5.000000e-01 2.000000e+00
      vertex   1.899200e+01 -2.590000e-01 2.230000e+00
    endloop
  endfacet
  facet normal 9.908549e-01 -3.592950e-02 1.300601e-01
    outer loop
      vertex   6.500000e+01 0.000000e+00 1.750000e+01
      vertex   6.496600e+01 0.000000e+00 1.775900e+01
      vertex   6.497000e+01 -1.540000e-01 1.768600e+01
    endloop
  endfacet
  facet normal 9.901491e-01 -1.299679e-01 5.208691e-02
    outer loop
      vertex   6.496600e+01 -2.590000e-01 1.750000e+01
      vertex   6.500000e+01 0.000000e+00 1.750000e+01
      vertex   6.497000e+01 -1.540000e-01 1.768600e+01
    endloop
  endfacet
  facet normal -1.605825e-01 -5.168837e-01 8.408594e-01
    outer loop
      vertex   -6.400000e+01 -5.000000e-01 2.686600e+01
      vertex   -6.408500e+01 -3.890000e-01 2.691800e+01
      vertex   -6.431000e+01 -4.590000e-01 2.683200e+01
    endloop
  endfacet
  facet normal 9.547504e-01 -2.673076e-01 1.303779e-01
    outer loop
      vertex   6.496600e+01 -2.590000e-01 1.750000e+01
      vertex   6.497000e+01 -1.540000e-01 1.768600e+01
      vertex   6.491800e+01 -3.890000e-01 1.758500e+01
    endloop
  endfacet
  facet normal 9.217159e-01 -3.824781e-01 -6.442375e-02
    outer loop
      vertex   6.486600e+01 -5.000000e-01 1.750000e+01
      vertex   6.496600e+01 -2.590000e-01 1.750000e+01
      vertex   6.491800e+01 -3.890000e-01 1.758500e+01
    endloop
  endfacet
  facet normal 9.853230e-01 -1.293489e-01 -1.113885e-01
    outer loop
      vertex   1.899200e+01 -2.590000e-01 2.230000e+00
      vertex   1.896600e+01 -2.590000e-01 2.000000e+00
      vertex   1.900000e+01 0.000000e+00 2.000000e+00
    endloop
  endfacet
  facet normal -1.130564e-01 -7.479562e-01 6.540487e-01
    outer loop
      vertex   -6.400000e+01 -7.070000e-01 2.670700e+01
      vertex   -6.420100e+01 -6.670000e-01 2.671800e+01
      vertex   -6.407800e+01 -8.290000e-01 2.655400e+01
    endloop
  endfacet
  facet normal 8.408553e-01 -5.168920e-01 1.605770e-01
    outer loop
      vertex   6.486600e+01 -5.000000e-01 1.750000e+01
      vertex   6.491800e+01 -3.890000e-01 1.758500e+01
      vertex   6.483200e+01 -4.590000e-01 1.781000e+01
    endloop
  endfacet
  facet normal -7.759132e-02 -6.073151e-01 7.906630e-01
    outer loop
      vertex   -6.400000e+01 -7.070000e-01 2.670700e+01
      vertex   -6.400000e+01 -5.000000e-01 2.686600e+01
      vertex   -6.420100e+01 -6.670000e-01 2.671800e+01
    endloop
  endfacet
  facet normal -1.618937e-01 -5.381759e-01 8.271379e-01
    outer loop
      vertex   -6.420100e+01 -6.670000e-01 2.671800e+01
      vertex   -6.400000e+01 -5.000000e-01 2.686600e+01
      vertex   -6.431000e+01 -4.590000e-01 2.683200e+01
    endloop
  endfacet
  facet normal 1.000000e+00 -0.000000e+00 0.000000e+00
    outer loop
      vertex   1.900000e+01 0.000000e+00 2.000000e+00
      vertex   1.900000e+01 0.000000e+00 1.000000e+00
      vertex   1.900000e+01 1.500000e+00 2.000000e+00
    endloop
  endfacet
  facet normal 1.000000e+00 0.000000e+00 0.000000e+00
    outer loop
      vertex   1.900000e+01 1.500000e+00 2.000000e+00
      vertex   1.900000e+01 0.000000e+00 1.000000e+00
      vertex   1.900000e+01 1.500000e+00 1.000000e+00
    endloop
  endfacet
  facet normal 8.088459e-01 -3.672867e-01 4.592046e-01
    outer loop
      vertex   6.469700e+01 -4.950000e-01 1.801900e+01
      vertex   6.483200e+01 -4.590000e-01 1.781000e+01
      vertex   6.489000e+01 -2.200000e-01 1.789900e+01
    endloop
  endfacet
  facet normal 8.074463e-01 -3.641517e-01 4.641379e-01
    outer loop
      vertex   6.469700e+01 -4.950000e-01 1.801900e+01
      vertex   6.489000e+01 -2.200000e-01 1.789900e+01
      vertex   6.476200e+01 -2.540000e-01 1.809500e+01
    endloop
  endfacet
  facet normal 1.301434e-01 -9.913897e-01 -1.446012e-02
    outer loop
      vertex   1.830200e+01 -9.660000e-01 2.387000e+00
      vertex   1.800000e+01 -1.000000e+00 2.000000e+00
      vertex   1.825900e+01 -9.660000e-01 2.000000e+00
    endloop
  endfacet
  facet normal 1.341084e-01 -9.908103e-01 -1.760517e-02
    outer loop
      vertex   1.830200e+01 -9.660000e-01 2.387000e+00
      vertex   1.806800e+01 -1.000000e+00 2.518000e+00
      vertex   1.800000e+01 -1.000000e+00 2.000000e+00
    endloop
  endfacet
  facet normal 6.533979e-01 -3.822857e-01 6.533979e-01
    outer loop
      vertex   6.476200e+01 -2.540000e-01 1.809500e+01
      vertex   6.459500e+01 -2.540000e-01 1.826200e+01
      vertex   6.469700e+01 -4.950000e-01 1.801900e+01
    endloop
  endfacet
  facet normal 6.533979e-01 -3.822857e-01 6.533979e-01
    outer loop
      vertex   6.469700e+01 -4.950000e-01 1.801900e+01
      vertex   6.459500e+01 -2.540000e-01 1.826200e+01
      vertex   6.451900e+01 -4.950000e-01 1.819700e+01
    endloop
  endfacet
  facet normal 1.204693e-01 -9.918184e-01 -4.222964e-02
    outer loop
      vertex   1.830200e+01 -9.660000e-01 2.387000e+00
      vertex   1.843100e+01 -9.660000e-01 2.755000e+00
      vertex   1.806800e+01 -1.000000e+00 2.518000e+00
    endloop
  endfacet
  facet normal 1.272422e-01 -9.904655e-01 -5.279726e-02
    outer loop
      vertex   1.843100e+01 -9.660000e-01 2.755000e+00
      vertex   1.826800e+01 -1.000000e+00 3.000000e+00
      vertex   1.806800e+01 -1.000000e+00 2.518000e+00
    endloop
  endfacet
  facet normal 1.064190e-01 -9.920700e-01 -6.687368e-02
    outer loop
      vertex   1.863900e+01 -9.660000e-01 3.086000e+00
      vertex   1.826800e+01 -1.000000e+00 3.000000e+00
      vertex   1.843100e+01 -9.660000e-01 2.755000e+00
    endloop
  endfacet
  facet normal 6.983681e-01 -1.567287e-01 6.983681e-01
    outer loop
      vertex   1.870700e+01 0.000000e+00 2.670700e+01
      vertex   1.859500e+01 -2.540000e-01 2.676200e+01
      vertex   1.876200e+01 -2.540000e-01 2.659500e+01
    endloop
  endfacet
  facet normal 7.893588e-01 -9.643402e-02 6.063112e-01
    outer loop
      vertex   1.886600e+01 0.000000e+00 2.650000e+01
      vertex   1.870700e+01 0.000000e+00 2.670700e+01
      vertex   1.876200e+01 -2.540000e-01 2.659500e+01
    endloop
  endfacet
  facet normal 4.604449e-01 -3.636161e-01 8.097986e-01
    outer loop
      vertex   6.459500e+01 -2.540000e-01 1.826200e+01
      vertex   6.431000e+01 -4.590000e-01 1.833200e+01
      vertex   6.451900e+01 -4.950000e-01 1.819700e+01
    endloop
  endfacet
  facet normal 2.486311e-01 -3.099172e-01 -9.176785e-01
    outer loop
      vertex   6.439900e+01 -2.200000e-01 3.110000e+00
      vertex   6.408500e+01 -3.890000e-01 3.082000e+00
      vertex   6.418600e+01 -1.540000e-01 3.030000e+00
    endloop
  endfacet
  facet normal 8.395909e-01 -1.483185e-01 5.225789e-01
    outer loop
      vertex   1.886600e+01 0.000000e+00 2.650000e+01
      vertex   1.876200e+01 -2.540000e-01 2.659500e+01
      vertex   1.889000e+01 -2.200000e-01 2.639900e+01
    endloop
  endfacet
  facet normal 5.225798e-01 -1.483143e-01 8.395911e-01
    outer loop
      vertex   6.450000e+01 0.000000e+00 1.836600e+01
      vertex   6.439900e+01 -2.200000e-01 1.839000e+01
      vertex   6.459500e+01 -2.540000e-01 1.826200e+01
    endloop
  endfacet
  facet normal 9.210422e-01 -7.497606e-02 3.821779e-01
    outer loop
      vertex   1.896600e+01 0.000000e+00 2.625900e+01
      vertex   1.886600e+01 0.000000e+00 2.650000e+01
      vertex   1.889000e+01 -2.200000e-01 2.639900e+01
    endloop
  endfacet
  facet normal 3.628479e-01 -9.231461e-01 -1.270541e-01
    outer loop
      vertex   1.843100e+01 -9.660000e-01 2.755000e+00
      vertex   1.853800e+01 -8.660000e-01 2.334000e+00
      vertex   1.864900e+01 -8.660000e-01 2.651000e+00
    endloop
  endfacet
  facet normal 6.063114e-01 -9.642951e-02 7.893591e-01
    outer loop
      vertex   6.470700e+01 0.000000e+00 1.820700e+01
      vertex   6.450000e+01 0.000000e+00 1.836600e+01
      vertex   6.459500e+01 -2.540000e-01 1.826200e+01
    endloop
  endfacet
  facet normal 3.626447e-01 -9.232165e-01 -1.271225e-01
    outer loop
      vertex   1.830200e+01 -9.660000e-01 2.387000e+00
      vertex   1.853800e+01 -8.660000e-01 2.334000e+00
      vertex   1.843100e+01 -9.660000e-01 2.755000e+00
    endloop
  endfacet
  facet normal -3.821805e-01 -7.497406e-02 9.210412e-01
    outer loop
      vertex   -6.425900e+01 0.000000e+00 2.696600e+01
      vertex   -6.450000e+01 0.000000e+00 2.686600e+01
      vertex   -6.439900e+01 -2.200000e-01 2.689000e+01
    endloop
  endfacet
  facet normal 4.604429e-01 -3.636201e-01 -8.097980e-01
    outer loop
      vertex   6.431000e+01 -4.590000e-01 3.168000e+00
      vertex   6.459500e+01 -2.540000e-01 3.238000e+00
      vertex   6.451900e+01 -4.950000e-01 3.303000e+00
    endloop
  endfacet
  facet normal 6.983687e-01 -1.567236e-01 6.983687e-01
    outer loop
      vertex   6.470700e+01 0.000000e+00 1.820700e+01
      vertex   6.459500e+01 -2.540000e-01 1.826200e+01
      vertex   6.476200e+01 -2.540000e-01 1.809500e+01
    endloop
  endfacet
  facet normal 3.259542e-01 -9.230480e-01 -2.042947e-01
    outer loop
      vertex   1.864900e+01 -8.660000e-01 2.651000e+00
      vertex   1.882700e+01 -8.660000e-01 2.935000e+00
      vertex   1.843100e+01 -9.660000e-01 2.755000e+00
    endloop
  endfacet
  facet normal 9.409405e-01 -1.247601e-01 3.147474e-01
    outer loop
      vertex   1.896600e+01 0.000000e+00 2.625900e+01
      vertex   1.889000e+01 -2.200000e-01 2.639900e+01
      vertex   1.897000e+01 -1.540000e-01 2.618600e+01
    endloop
  endfacet
  facet normal -3.147377e-01 -1.247671e-01 9.409428e-01
    outer loop
      vertex   -6.425900e+01 0.000000e+00 2.696600e+01
      vertex   -6.439900e+01 -2.200000e-01 2.689000e+01
      vertex   -6.418600e+01 -1.540000e-01 2.697000e+01
    endloop
  endfacet
  facet normal 7.893629e-01 -9.642539e-02 6.063071e-01
    outer loop
      vertex   6.486600e+01 0.000000e+00 1.800000e+01
      vertex   6.470700e+01 0.000000e+00 1.820700e+01
      vertex   6.476200e+01 -2.540000e-01 1.809500e+01
    endloop
  endfacet
  facet normal -1.300736e-01 -3.592846e-02 9.908532e-01
    outer loop
      vertex   -6.400000e+01 0.000000e+00 2.700000e+01
      vertex   -6.425900e+01 0.000000e+00 2.696600e+01
      vertex   -6.418600e+01 -1.540000e-01 2.697000e+01
    endloop
  endfacet
  facet normal 2.514925e-01 -3.156896e-01 -9.149271e-01
    outer loop
      vertex   6.431000e+01 -4.590000e-01 3.168000e+00
      vertex   6.408500e+01 -3.890000e-01 3.082000e+00
      vertex   6.439900e+01 -2.200000e-01 3.110000e+00
    endloop
  endfacet
  facet normal -5.208597e-02 -1.299822e-01 9.901473e-01
    outer loop
      vertex   -6.418600e+01 -1.540000e-01 2.697000e+01
      vertex   -6.400000e+01 -2.590000e-01 2.696600e+01
      vertex   -6.400000e+01 0.000000e+00 2.700000e+01
    endloop
  endfacet
  facet normal 9.908532e-01 -3.592408e-02 1.300745e-01
    outer loop
      vertex   1.897000e+01 -1.540000e-01 2.618600e+01
      vertex   1.900000e+01 0.000000e+00 2.600000e+01
      vertex   1.896600e+01 0.000000e+00 2.625900e+01
    endloop
  endfacet
  facet normal 4.628089e-01 -3.680567e-01 -8.064380e-01
    outer loop
      vertex   6.431000e+01 -4.590000e-01 3.168000e+00
      vertex   6.439900e+01 -2.200000e-01 3.110000e+00
      vertex   6.459500e+01 -2.540000e-01 3.238000e+00
    endloop
  endfacet
  facet normal -7.930584e-01 0.000000e+00 6.091456e-01
    outer loop
      vertex   -6.486600e+01 0.000000e+00 2.650000e+01
      vertex   -6.470700e+01 0.000000e+00 2.670700e+01
      vertex   -6.486600e+01 1.500000e+00 2.650000e+01
    endloop
  endfacet
  facet normal -7.930584e-01 0.000000e+00 6.091456e-01
    outer loop
      vertex   -6.486600e+01 1.500000e+00 2.650000e+01
      vertex   -6.470700e+01 0.000000e+00 2.670700e+01
      vertex   -6.470700e+01 1.500000e+00 2.670700e+01
    endloop
  endfacet
  facet normal -6.091502e-01 0.000000e+00 7.930549e-01
    outer loop
      vertex   -6.470700e+01 0.000000e+00 2.670700e+01
      vertex   -6.450000e+01 0.000000e+00 2.686600e+01
      vertex   -6.470700e+01 1.500000e+00 2.670700e+01
    endloop
  endfacet
  facet normal -6.091502e-01 0.000000e+00 7.930549e-01
    outer loop
      vertex   -6.470700e+01 1.500000e+00 2.670700e+01
      vertex   -6.450000e+01 0.000000e+00 2.686600e+01
      vertex   -6.450000e+01 1.500000e+00 2.686600e+01
    endloop
  endfacet
  facet normal 2.446975e-01 -7.754967e-01 -5.820034e-01
    outer loop
      vertex   6.426800e+01 -8.620000e-01 3.570000e+00
      vertex   6.420100e+01 -6.670000e-01 3.282000e+00
      vertex   6.440800e+01 -7.030000e-01 3.417000e+00
    endloop
  endfacet
  facet normal 5.623111e-01 -6.092509e-01 5.591240e-01
    outer loop
      vertex   6.469700e+01 -4.950000e-01 1.801900e+01
      vertex   6.440800e+01 -7.030000e-01 1.808300e+01
      vertex   6.458300e+01 -7.030000e-01 1.790700e+01
    endloop
  endfacet
  facet normal 2.451797e-01 -7.753399e-01 -5.820094e-01
    outer loop
      vertex   6.426800e+01 -8.620000e-01 3.570000e+00
      vertex   6.407800e+01 -8.290000e-01 3.446000e+00
      vertex   6.420100e+01 -6.670000e-01 3.282000e+00
    endloop
  endfacet
  facet normal -3.832592e-01 0.000000e+00 9.236408e-01
    outer loop
      vertex   -6.450000e+01 0.000000e+00 2.686600e+01
      vertex   -6.425900e+01 0.000000e+00 2.696600e+01
      vertex   -6.450000e+01 1.500000e+00 2.686600e+01
    endloop
  endfacet
  facet normal -3.832592e-01 0.000000e+00 9.236408e-01
    outer loop
      vertex   -6.450000e+01 1.500000e+00 2.686600e+01
      vertex   -6.425900e+01 0.000000e+00 2.696600e+01
      vertex   -6.425900e+01 1.500000e+00 2.696600e+01
    endloop
  endfacet
  facet normal -1.301576e-01 0.000000e+00 9.914933e-01
    outer loop
      vertex   -6.425900e+01 0.000000e+00 2.696600e+01
      vertex   -6.400000e+01 0.000000e+00 2.700000e+01
      vertex   -6.425900e+01 1.500000e+00 2.696600e+01
    endloop
  endfacet
  facet normal -1.301576e-01 0.000000e+00 9.914933e-01
    outer loop
      vertex   -6.425900e+01 1.500000e+00 2.696600e+01
      vertex   -6.400000e+01 0.000000e+00 2.700000e+01
      vertex   -6.400000e+01 1.500000e+00 2.700000e+01
    endloop
  endfacet
  facet normal 4.314222e-01 -7.923032e-01 -4.314285e-01
    outer loop
      vertex   6.426800e+01 -8.620000e-01 3.570000e+00
      vertex   6.458300e+01 -7.030000e-01 3.593000e+00
      vertex   6.443000e+01 -8.620000e-01 3.732000e+00
    endloop
  endfacet
  facet normal 1.176355e-01 -9.860648e-01 -1.176353e-01
    outer loop
      vertex   1.863900e+01 -9.660000e-01 3.086000e+00
      vertex   1.891400e+01 -9.660000e-01 3.361000e+00
      vertex   1.826800e+01 -1.000000e+00 3.000000e+00
    endloop
  endfacet
  facet normal 5.616431e-01 -6.075476e-01 5.616431e-01
    outer loop
      vertex   6.469700e+01 -4.950000e-01 1.801900e+01
      vertex   6.451900e+01 -4.950000e-01 1.819700e+01
      vertex   6.440800e+01 -7.030000e-01 1.808300e+01
    endloop
  endfacet
  facet normal 4.317561e-01 -7.932711e-01 -4.293107e-01
    outer loop
      vertex   6.426800e+01 -8.620000e-01 3.570000e+00
      vertex   6.440800e+01 -7.030000e-01 3.417000e+00
      vertex   6.458300e+01 -7.030000e-01 3.593000e+00
    endloop
  endfacet
  facet normal 0.000000e+00 -9.914934e-01 1.301570e-01
    outer loop
      vertex   1.800000e+01 -1.000000e+00 2.600000e+01
      vertex   1.800000e+01 -9.660000e-01 2.625900e+01
      vertex   -6.400000e+01 -1.000000e+00 2.600000e+01
    endloop
  endfacet
  facet normal 0.000000e+00 -9.914934e-01 1.301570e-01
    outer loop
      vertex   -6.400000e+01 -1.000000e+00 2.600000e+01
      vertex   1.800000e+01 -9.660000e-01 2.625900e+01
      vertex   -6.400000e+01 -9.660000e-01 2.625900e+01
    endloop
  endfacet
  facet normal 3.641793e-01 -5.895130e-01 7.210048e-01
    outer loop
      vertex   6.440800e+01 -7.030000e-01 1.808300e+01
      vertex   6.451900e+01 -4.950000e-01 1.819700e+01
      vertex   6.431000e+01 -4.590000e-01 1.833200e+01
    endloop
  endfacet
  facet normal 6.063150e-01 -9.642643e-02 -7.893567e-01
    outer loop
      vertex   6.450000e+01 0.000000e+00 3.134000e+00
      vertex   6.470700e+01 0.000000e+00 3.293000e+00
      vertex   6.459500e+01 -2.540000e-01 3.238000e+00
    endloop
  endfacet
  facet normal 6.540467e-01 -7.479582e-01 1.130548e-01
    outer loop
      vertex   1.855400e+01 -8.290000e-01 2.607800e+01
      vertex   1.870700e+01 -7.070000e-01 2.600000e+01
      vertex   1.871800e+01 -6.670000e-01 2.620100e+01
    endloop
  endfacet
  facet normal 7.906631e-01 -6.073151e-01 7.758985e-02
    outer loop
      vertex   1.886600e+01 -5.000000e-01 2.600000e+01
      vertex   1.871800e+01 -6.670000e-01 2.620100e+01
      vertex   1.870700e+01 -7.070000e-01 2.600000e+01
    endloop
  endfacet
  facet normal 5.225791e-01 -1.483140e-01 -8.395916e-01
    outer loop
      vertex   6.450000e+01 0.000000e+00 3.134000e+00
      vertex   6.459500e+01 -2.540000e-01 3.238000e+00
      vertex   6.439900e+01 -2.200000e-01 3.110000e+00
    endloop
  endfacet
  facet normal 6.072691e-01 -7.914864e-01 -6.909067e-02
    outer loop
      vertex   1.850000e+01 -8.660000e-01 2.000000e+00
      vertex   1.874000e+01 -7.070000e-01 2.288000e+00
      vertex   1.853800e+01 -8.660000e-01 2.334000e+00
    endloop
  endfacet
  facet normal 6.091502e-01 -0.000000e+00 7.930549e-01
    outer loop
      vertex   6.450000e+01 0.000000e+00 1.836600e+01
      vertex   6.470700e+01 0.000000e+00 1.820700e+01
      vertex   6.450000e+01 1.500000e+00 1.836600e+01
    endloop
  endfacet
  facet normal 6.091502e-01 0.000000e+00 7.930549e-01
    outer loop
      vertex   6.450000e+01 1.500000e+00 1.836600e+01
      vertex   6.470700e+01 0.000000e+00 1.820700e+01
      vertex   6.470700e+01 1.500000e+00 1.820700e+01
    endloop
  endfacet
  facet normal 8.271390e-01 -5.381745e-01 1.618927e-01
    outer loop
      vertex   1.883200e+01 -4.590000e-01 2.631000e+01
      vertex   1.871800e+01 -6.670000e-01 2.620100e+01
      vertex   1.886600e+01 -5.000000e-01 2.600000e+01
    endloop
  endfacet
  facet normal 7.930584e-01 -0.000000e+00 6.091456e-01
    outer loop
      vertex   6.470700e+01 0.000000e+00 1.820700e+01
      vertex   6.486600e+01 0.000000e+00 1.800000e+01
      vertex   6.470700e+01 1.500000e+00 1.820700e+01
    endloop
  endfacet
  facet normal 7.930584e-01 0.000000e+00 6.091456e-01
    outer loop
      vertex   6.470700e+01 1.500000e+00 1.820700e+01
      vertex   6.486600e+01 0.000000e+00 1.800000e+01
      vertex   6.486600e+01 1.500000e+00 1.800000e+01
    endloop
  endfacet
  facet normal 7.203964e-01 -5.906155e-01 3.635964e-01
    outer loop
      vertex   1.858300e+01 -7.030000e-01 2.640700e+01
      vertex   1.883200e+01 -4.590000e-01 2.631000e+01
      vertex   1.869700e+01 -4.950000e-01 2.651900e+01
    endloop
  endfacet
  facet normal 5.772500e-01 -7.914748e-01 -2.008731e-01
    outer loop
      vertex   1.883500e+01 -7.070000e-01 2.561000e+00
      vertex   1.853800e+01 -8.660000e-01 2.334000e+00
      vertex   1.874000e+01 -7.070000e-01 2.288000e+00
    endloop
  endfacet
  facet normal 3.821797e-01 -7.497367e-02 -9.210416e-01
    outer loop
      vertex   6.425900e+01 0.000000e+00 3.034000e+00
      vertex   6.450000e+01 0.000000e+00 3.134000e+00
      vertex   6.439900e+01 -2.200000e-01 3.110000e+00
    endloop
  endfacet
  facet normal 9.236341e-01 -0.000000e+00 3.832753e-01
    outer loop
      vertex   6.486600e+01 0.000000e+00 1.800000e+01
      vertex   6.496600e+01 0.000000e+00 1.775900e+01
      vertex   6.486600e+01 1.500000e+00 1.800000e+01
    endloop
  endfacet
  facet normal 9.236341e-01 0.000000e+00 3.832753e-01
    outer loop
      vertex   6.486600e+01 1.500000e+00 1.800000e+01
      vertex   6.496600e+01 0.000000e+00 1.775900e+01
      vertex   6.496600e+01 1.500000e+00 1.775900e+01
    endloop
  endfacet
  facet normal 5.820080e-01 -7.753431e-01 2.451729e-01
    outer loop
      vertex   1.843000e+01 -8.620000e-01 2.626800e+01
      vertex   1.855400e+01 -8.290000e-01 2.607800e+01
      vertex   1.871800e+01 -6.670000e-01 2.620100e+01
    endloop
  endfacet
  facet normal 9.914951e-01 0.000000e+00 1.301442e-01
    outer loop
      vertex   6.500000e+01 1.500000e+00 1.750000e+01
      vertex   6.496600e+01 1.500000e+00 1.775900e+01
      vertex   6.500000e+01 0.000000e+00 1.750000e+01
    endloop
  endfacet
  facet normal 9.914951e-01 0.000000e+00 1.301442e-01
    outer loop
      vertex   6.500000e+01 0.000000e+00 1.750000e+01
      vertex   6.496600e+01 1.500000e+00 1.775900e+01
      vertex   6.496600e+01 0.000000e+00 1.775900e+01
    endloop
  endfacet
  facet normal 5.820175e-01 -7.750837e-01 2.459691e-01
    outer loop
      vertex   1.858300e+01 -7.030000e-01 2.640700e+01
      vertex   1.843000e+01 -8.620000e-01 2.626800e+01
      vertex   1.871800e+01 -6.670000e-01 2.620100e+01
    endloop
  endfacet
  facet normal 3.147381e-01 -1.247659e-01 -9.409428e-01
    outer loop
      vertex   6.439900e+01 -2.200000e-01 3.110000e+00
      vertex   6.418600e+01 -1.540000e-01 3.030000e+00
      vertex   6.425900e+01 0.000000e+00 3.034000e+00
    endloop
  endfacet
  facet normal 6.332709e-01 -7.739269e-01 2.267340e-03
    outer loop
      vertex   1.855600e+01 -8.310000e-01 1.805600e+01
      vertex   1.870700e+01 -7.070000e-01 1.820700e+01
      vertex   1.850000e+01 -8.660000e-01 2.175000e+01
    endloop
  endfacet
  facet normal 1.301576e-01 -0.000000e+00 9.914933e-01
    outer loop
      vertex   6.400000e+01 0.000000e+00 1.850000e+01
      vertex   6.425900e+01 0.000000e+00 1.846600e+01
      vertex   6.400000e+01 1.500000e+00 1.850000e+01
    endloop
  endfacet
  facet normal 1.301576e-01 0.000000e+00 9.914933e-01
    outer loop
      vertex   6.400000e+01 1.500000e+00 1.850000e+01
      vertex   6.425900e+01 0.000000e+00 1.846600e+01
      vertex   6.425900e+01 1.500000e+00 1.846600e+01
    endloop
  endfacet
  facet normal 7.198554e-01 -5.879114e-01 3.690100e-01
    outer loop
      vertex   1.858300e+01 -7.030000e-01 2.640700e+01
      vertex   1.871800e+01 -6.670000e-01 2.620100e+01
      vertex   1.883200e+01 -4.590000e-01 2.631000e+01
    endloop
  endfacet
  facet normal 1.303604e-01 -2.672917e-01 -9.547572e-01
    outer loop
      vertex   6.400000e+01 -2.590000e-01 3.034000e+00
      vertex   6.418600e+01 -1.540000e-01 3.030000e+00
      vertex   6.408500e+01 -3.890000e-01 3.082000e+00
    endloop
  endfacet
  facet normal 3.832592e-01 -0.000000e+00 9.236408e-01
    outer loop
      vertex   6.425900e+01 0.000000e+00 1.846600e+01
      vertex   6.450000e+01 0.000000e+00 1.836600e+01
      vertex   6.425900e+01 1.500000e+00 1.846600e+01
    endloop
  endfacet
  facet normal 3.832592e-01 0.000000e+00 9.236408e-01
    outer loop
      vertex   6.425900e+01 1.500000e+00 1.846600e+01
      vertex   6.450000e+01 0.000000e+00 1.836600e+01
      vertex   6.450000e+01 1.500000e+00 1.836600e+01
    endloop
  endfacet
  facet normal -8.685233e-04 -9.567396e-01 2.909442e-01
    outer loop
      vertex   1.838300e+01 -9.240000e-01 1.788300e+01
      vertex   1.819500e+01 -9.810000e-01 1.769500e+01
      vertex   2.311100e+01 -9.660000e-01 1.775900e+01
    endloop
  endfacet
  facet normal 5.607224e-01 -6.092460e-01 5.607224e-01
    outer loop
      vertex   1.840700e+01 -7.030000e-01 2.658300e+01
      vertex   1.858300e+01 -7.030000e-01 2.640700e+01
      vertex   1.851900e+01 -4.950000e-01 2.669700e+01
    endloop
  endfacet
  facet normal 5.607224e-01 -6.092460e-01 5.607224e-01
    outer loop
      vertex   1.851900e+01 -4.950000e-01 2.669700e+01
      vertex   1.858300e+01 -7.030000e-01 2.640700e+01
      vertex   1.869700e+01 -4.950000e-01 2.651900e+01
    endloop
  endfacet
  facet normal -6.443336e-02 -3.824584e-01 -9.217234e-01
    outer loop
      vertex   6.400000e+01 -5.000000e-01 3.134000e+00
      vertex   6.400000e+01 -2.590000e-01 3.034000e+00
      vertex   6.408500e+01 -3.890000e-01 3.082000e+00
    endloop
  endfacet
  facet normal 0.000000e+00 -1.301589e-01 9.914931e-01
    outer loop
      vertex   -6.400000e+01 -2.590000e-01 2.696600e+01
      vertex   1.800000e+01 -2.590000e-01 2.696600e+01
      vertex   -6.400000e+01 0.000000e+00 2.700000e+01
    endloop
  endfacet
  facet normal 0.000000e+00 -1.301589e-01 9.914931e-01
    outer loop
      vertex   -6.400000e+01 0.000000e+00 2.700000e+01
      vertex   1.800000e+01 -2.590000e-01 2.696600e+01
      vertex   1.800000e+01 0.000000e+00 2.700000e+01
    endloop
  endfacet
  facet normal 0.000000e+00 -9.736172e-01 2.281875e-01
    outer loop
      vertex   1.819500e+01 -9.810000e-01 1.769500e+01
      vertex   3.333300e+01 -9.660000e-01 1.775900e+01
      vertex   2.311100e+01 -9.660000e-01 1.775900e+01
    endloop
  endfacet
  facet normal 3.147377e-01 -1.247671e-01 9.409428e-01
    outer loop
      vertex   6.425900e+01 0.000000e+00 1.846600e+01
      vertex   6.418600e+01 -1.540000e-01 1.847000e+01
      vertex   6.439900e+01 -2.200000e-01 1.839000e+01
    endloop
  endfacet
  facet normal 1.605864e-01 -5.168858e-01 -8.408574e-01
    outer loop
      vertex   6.400000e+01 -5.000000e-01 3.134000e+00
      vertex   6.408500e+01 -3.890000e-01 3.082000e+00
      vertex   6.431000e+01 -4.590000e-01 3.168000e+00
    endloop
  endfacet
  facet normal 1.846481e-03 -9.236408e-01 3.832548e-01
    outer loop
      vertex   1.838300e+01 -9.240000e-01 1.788300e+01
      vertex   2.311100e+01 -9.660000e-01 1.775900e+01
      vertex   2.311100e+01 -8.660000e-01 1.800000e+01
    endloop
  endfacet
  facet normal 3.635964e-01 -5.906155e-01 7.203964e-01
    outer loop
      vertex   1.831000e+01 -4.590000e-01 2.683200e+01
      vertex   1.840700e+01 -7.030000e-01 2.658300e+01
      vertex   1.851900e+01 -4.950000e-01 2.669700e+01
    endloop
  endfacet
  facet normal 3.821805e-01 -7.497406e-02 9.210412e-01
    outer loop
      vertex   6.450000e+01 0.000000e+00 1.836600e+01
      vertex   6.425900e+01 0.000000e+00 1.846600e+01
      vertex   6.439900e+01 -2.200000e-01 1.839000e+01
    endloop
  endfacet
  facet normal 2.722446e-01 -9.229104e-01 -2.722486e-01
    outer loop
      vertex   6.426800e+01 -8.620000e-01 3.570000e+00
      vertex   6.443000e+01 -8.620000e-01 3.732000e+00
      vertex   6.411100e+01 -9.620000e-01 3.752000e+00
    endloop
  endfacet
  facet normal -9.348534e-04 -8.804076e-01 4.742169e-01
    outer loop
      vertex   2.311100e+01 -8.660000e-01 1.800000e+01
      vertex   1.855600e+01 -8.310000e-01 1.805600e+01
      vertex   1.838300e+01 -9.240000e-01 1.788300e+01
    endloop
  endfacet
  facet normal -6.443215e-02 -3.824592e-01 9.217231e-01
    outer loop
      vertex   6.400000e+01 -2.590000e-01 1.846600e+01
      vertex   6.400000e+01 -5.000000e-01 1.836600e+01
      vertex   6.408500e+01 -3.890000e-01 1.841800e+01
    endloop
  endfacet
  facet normal 1.073652e-01 -9.075319e-01 -4.060278e-01
    outer loop
      vertex   6.407800e+01 -8.290000e-01 3.446000e+00
      vertex   6.426800e+01 -8.620000e-01 3.570000e+00
      vertex   6.411100e+01 -9.620000e-01 3.752000e+00
    endloop
  endfacet
  facet normal 1.843473e-03 -7.737201e-01 6.335249e-01
    outer loop
      vertex   1.855600e+01 -8.310000e-01 1.805600e+01
      vertex   2.311100e+01 -8.660000e-01 1.800000e+01
      vertex   1.870700e+01 -7.070000e-01 1.820700e+01
    endloop
  endfacet
  facet normal 2.865641e-04 -9.865534e-01 1.634391e-01
    outer loop
      vertex   6.400000e+01 -1.000000e+00 1.750000e+01
      vertex   3.333300e+01 -9.660000e-01 1.775900e+01
      vertex   1.819500e+01 -9.810000e-01 1.769500e+01
    endloop
  endfacet
  facet normal 9.236419e-01 -0.000000e+00 3.832566e-01
    outer loop
      vertex   1.886600e+01 0.000000e+00 2.650000e+01
      vertex   1.896600e+01 0.000000e+00 2.625900e+01
      vertex   1.886600e+01 1.500000e+00 2.650000e+01
    endloop
  endfacet
  facet normal 9.236419e-01 0.000000e+00 3.832566e-01
    outer loop
      vertex   1.886600e+01 1.500000e+00 2.650000e+01
      vertex   1.896600e+01 0.000000e+00 2.625900e+01
      vertex   1.896600e+01 1.500000e+00 2.625900e+01
    endloop
  endfacet
  facet normal 7.108488e-02 -9.213062e-01 -3.822849e-01
    outer loop
      vertex   6.411100e+01 -9.620000e-01 3.752000e+00
      vertex   6.400000e+01 -9.660000e-01 3.741000e+00
      vertex   6.400000e+01 -8.660000e-01 3.500000e+00
    endloop
  endfacet
  facet normal 9.914932e-01 -0.000000e+00 1.301585e-01
    outer loop
      vertex   1.896600e+01 0.000000e+00 2.625900e+01
      vertex   1.900000e+01 0.000000e+00 2.600000e+01
      vertex   1.896600e+01 1.500000e+00 2.625900e+01
    endloop
  endfacet
  facet normal 9.914932e-01 0.000000e+00 1.301585e-01
    outer loop
      vertex   1.896600e+01 1.500000e+00 2.625900e+01
      vertex   1.900000e+01 0.000000e+00 2.600000e+01
      vertex   1.900000e+01 1.500000e+00 2.600000e+01
    endloop
  endfacet
  facet normal 7.718035e-01 -6.358562e-01 2.513875e-03
    outer loop
      vertex   1.886600e+01 -5.000000e-01 2.175000e+01
      vertex   1.870700e+01 -7.070000e-01 1.820700e+01
      vertex   1.883100e+01 -5.560000e-01 1.833100e+01
    endloop
  endfacet
  facet normal 1.455056e-01 -9.015251e-01 -4.075298e-01
    outer loop
      vertex   6.411100e+01 -9.620000e-01 3.752000e+00
      vertex   6.400000e+01 -8.660000e-01 3.500000e+00
      vertex   6.407800e+01 -8.290000e-01 3.446000e+00
    endloop
  endfacet
  facet normal 3.832566e-01 -0.000000e+00 9.236419e-01
    outer loop
      vertex   1.825900e+01 0.000000e+00 2.696600e+01
      vertex   1.850000e+01 0.000000e+00 2.686600e+01
      vertex   1.825900e+01 1.500000e+00 2.696600e+01
    endloop
  endfacet
  facet normal 3.832566e-01 0.000000e+00 9.236419e-01
    outer loop
      vertex   1.825900e+01 1.500000e+00 2.696600e+01
      vertex   1.850000e+01 0.000000e+00 2.686600e+01
      vertex   1.850000e+01 1.500000e+00 2.686600e+01
    endloop
  endfacet
  facet normal -8.097946e-01 -3.636211e-01 -4.604480e-01
    outer loop
      vertex   -6.469700e+01 -4.950000e-01 4.810000e-01
      vertex   -6.483200e+01 -4.590000e-01 6.900000e-01
      vertex   -6.476200e+01 -2.540000e-01 4.050000e-01
    endloop
  endfacet
  facet normal 6.091502e-01 -0.000000e+00 7.930549e-01
    outer loop
      vertex   1.850000e+01 0.000000e+00 2.686600e+01
      vertex   1.870700e+01 0.000000e+00 2.670700e+01
      vertex   1.850000e+01 1.500000e+00 2.686600e+01
    endloop
  endfacet
  facet normal 6.091502e-01 0.000000e+00 7.930549e-01
    outer loop
      vertex   1.850000e+01 1.500000e+00 2.686600e+01
      vertex   1.870700e+01 0.000000e+00 2.670700e+01
      vertex   1.870700e+01 1.500000e+00 2.670700e+01
    endloop
  endfacet
  facet normal -6.533944e-01 -3.822887e-01 -6.533996e-01
    outer loop
      vertex   -6.451900e+01 -4.950000e-01 3.030000e-01
      vertex   -6.469700e+01 -4.950000e-01 4.810000e-01
      vertex   -6.459500e+01 -2.540000e-01 2.380000e-01
    endloop
  endfacet
  facet normal -6.533984e-01 -3.822852e-01 -6.533977e-01
    outer loop
      vertex   -6.476200e+01 -2.540000e-01 4.050000e-01
      vertex   -6.459500e+01 -2.540000e-01 2.380000e-01
      vertex   -6.469700e+01 -4.950000e-01 4.810000e-01
    endloop
  endfacet
  facet normal 1.303620e-01 -2.672923e-01 9.547568e-01
    outer loop
      vertex   6.400000e+01 -2.590000e-01 1.846600e+01
      vertex   6.408500e+01 -3.890000e-01 1.841800e+01
      vertex   6.418600e+01 -1.540000e-01 1.847000e+01
    endloop
  endfacet
  facet normal 7.930549e-01 -0.000000e+00 6.091502e-01
    outer loop
      vertex   1.870700e+01 0.000000e+00 2.670700e+01
      vertex   1.886600e+01 0.000000e+00 2.650000e+01
      vertex   1.870700e+01 1.500000e+00 2.670700e+01
    endloop
  endfacet
  facet normal 7.930549e-01 0.000000e+00 6.091502e-01
    outer loop
      vertex   1.870700e+01 1.500000e+00 2.670700e+01
      vertex   1.886600e+01 0.000000e+00 2.650000e+01
      vertex   1.886600e+01 1.500000e+00 2.650000e+01
    endloop
  endfacet
  facet normal -4.548223e-02 -7.922304e-01 -6.085247e-01
    outer loop
      vertex   6.407800e+01 -8.290000e-01 3.446000e+00
      vertex   6.400000e+01 -8.660000e-01 3.500000e+00
      vertex   6.400000e+01 -7.070000e-01 3.293000e+00
    endloop
  endfacet
  facet normal 5.208597e-02 -1.299822e-01 9.901473e-01
    outer loop
      vertex   6.400000e+01 0.000000e+00 1.850000e+01
      vertex   6.400000e+01 -2.590000e-01 1.846600e+01
      vertex   6.418600e+01 -1.540000e-01 1.847000e+01
    endloop
  endfacet
  facet normal -4.604430e-01 -3.636199e-01 -8.097980e-01
    outer loop
      vertex   -6.431000e+01 -4.590000e-01 1.680000e-01
      vertex   -6.451900e+01 -4.950000e-01 3.030000e-01
      vertex   -6.459500e+01 -2.540000e-01 2.380000e-01
    endloop
  endfacet
  facet normal 1.300736e-01 -3.592846e-02 9.908532e-01
    outer loop
      vertex   6.418600e+01 -1.540000e-01 1.847000e+01
      vertex   6.425900e+01 0.000000e+00 1.846600e+01
      vertex   6.400000e+01 0.000000e+00 1.850000e+01
    endloop
  endfacet
  facet normal -5.225790e-01 -1.483145e-01 -8.395916e-01
    outer loop
      vertex   -6.450000e+01 0.000000e+00 1.340000e-01
      vertex   -6.439900e+01 -2.200000e-01 1.100000e-01
      vertex   -6.459500e+01 -2.540000e-01 2.380000e-01
    endloop
  endfacet
  facet normal -6.063152e-01 -9.642675e-02 -7.893565e-01
    outer loop
      vertex   -6.470700e+01 0.000000e+00 2.930000e-01
      vertex   -6.450000e+01 0.000000e+00 1.340000e-01
      vertex   -6.459500e+01 -2.540000e-01 2.380000e-01
    endloop
  endfacet
  facet normal 0.000000e+00 -6.091552e-01 -7.930511e-01
    outer loop
      vertex   -6.400000e+01 -5.000000e-01 1.340000e-01
      vertex   1.800000e+01 -5.000000e-01 1.340000e-01
      vertex   -6.400000e+01 -7.070000e-01 2.930000e-01
    endloop
  endfacet
  facet normal 0.000000e+00 -6.091552e-01 -7.930511e-01
    outer loop
      vertex   -6.400000e+01 -7.070000e-01 2.930000e-01
      vertex   1.800000e+01 -5.000000e-01 1.340000e-01
      vertex   1.800000e+01 -7.070000e-01 2.930000e-01
    endloop
  endfacet
  facet normal 6.534005e-01 -3.822768e-01 6.534005e-01
    outer loop
      vertex   1.851900e+01 -4.950000e-01 2.669700e+01
      vertex   1.869700e+01 -4.950000e-01 2.651900e+01
      vertex   1.859500e+01 -2.540000e-01 2.676200e+01
    endloop
  endfacet
  facet normal 6.534005e-01 -3.822768e-01 6.534005e-01
    outer loop
      vertex   1.859500e+01 -2.540000e-01 2.676200e+01
      vertex   1.869700e+01 -4.950000e-01 2.651900e+01
      vertex   1.876200e+01 -2.540000e-01 2.659500e+01
    endloop
  endfacet
  facet normal -6.983695e-01 -1.567195e-01 -6.983688e-01
    outer loop
      vertex   -6.470700e+01 0.000000e+00 2.930000e-01
      vertex   -6.459500e+01 -2.540000e-01 2.380000e-01
      vertex   -6.476200e+01 -2.540000e-01 4.050000e-01
    endloop
  endfacet
  facet normal 4.604470e-01 -3.636099e-01 8.098002e-01
    outer loop
      vertex   1.859500e+01 -2.540000e-01 2.676200e+01
      vertex   1.831000e+01 -4.590000e-01 2.683200e+01
      vertex   1.851900e+01 -4.950000e-01 2.669700e+01
    endloop
  endfacet
  facet normal -7.893621e-01 -9.642284e-02 -6.063086e-01
    outer loop
      vertex   -6.486600e+01 0.000000e+00 5.000000e-01
      vertex   -6.470700e+01 0.000000e+00 2.930000e-01
      vertex   -6.476200e+01 -2.540000e-01 4.050000e-01
    endloop
  endfacet
  facet normal -8.395960e-01 -1.483086e-01 -5.225735e-01
    outer loop
      vertex   -6.489000e+01 -2.200000e-01 6.010000e-01
      vertex   -6.486600e+01 0.000000e+00 5.000000e-01
      vertex   -6.476200e+01 -2.540000e-01 4.050000e-01
    endloop
  endfacet
  facet normal 3.821779e-01 -7.497606e-02 9.210422e-01
    outer loop
      vertex   1.850000e+01 0.000000e+00 2.686600e+01
      vertex   1.825900e+01 0.000000e+00 2.696600e+01
      vertex   1.839900e+01 -2.200000e-01 2.689000e+01
    endloop
  endfacet
  facet normal 5.779233e-01 -7.906031e-01 -2.023645e-01
    outer loop
      vertex   1.853800e+01 -8.660000e-01 2.334000e+00
      vertex   1.883500e+01 -7.070000e-01 2.561000e+00
      vertex   1.864900e+01 -8.660000e-01 2.651000e+00
    endloop
  endfacet
  facet normal 7.759121e-02 -6.073185e-01 -7.906604e-01
    outer loop
      vertex   6.400000e+01 -5.000000e-01 3.134000e+00
      vertex   6.420100e+01 -6.670000e-01 3.282000e+00
      vertex   6.400000e+01 -7.070000e-01 3.293000e+00
    endloop
  endfacet
  facet normal 5.225789e-01 -1.483185e-01 8.395909e-01
    outer loop
      vertex   1.850000e+01 0.000000e+00 2.686600e+01
      vertex   1.839900e+01 -2.200000e-01 2.689000e+01
      vertex   1.859500e+01 -2.540000e-01 2.676200e+01
    endloop
  endfacet
  facet normal -7.222236e-01 -5.872890e-01 -3.653556e-01
    outer loop
      vertex   -6.483200e+01 -4.590000e-01 6.900000e-01
      vertex   -6.469700e+01 -4.950000e-01 4.810000e-01
      vertex   -6.471800e+01 -6.670000e-01 7.990000e-01
    endloop
  endfacet
  facet normal 1.618975e-01 -5.381764e-01 -8.271369e-01
    outer loop
      vertex   6.420100e+01 -6.670000e-01 3.282000e+00
      vertex   6.400000e+01 -5.000000e-01 3.134000e+00
      vertex   6.431000e+01 -4.590000e-01 3.168000e+00
    endloop
  endfacet
  facet normal -7.180202e-01 -5.912625e-01 -3.672271e-01
    outer loop
      vertex   -6.458300e+01 -7.030000e-01 5.930000e-01
      vertex   -6.471800e+01 -6.670000e-01 7.990000e-01
      vertex   -6.469700e+01 -4.950000e-01 4.810000e-01
    endloop
  endfacet
  facet normal 6.063112e-01 -9.643402e-02 7.893588e-01
    outer loop
      vertex   1.870700e+01 0.000000e+00 2.670700e+01
      vertex   1.850000e+01 0.000000e+00 2.686600e+01
      vertex   1.859500e+01 -2.540000e-01 2.676200e+01
    endloop
  endfacet
  facet normal -5.607215e-01 -6.092436e-01 -5.607260e-01
    outer loop
      vertex   -6.469700e+01 -4.950000e-01 4.810000e-01
      vertex   -6.451900e+01 -4.950000e-01 3.030000e-01
      vertex   -6.458300e+01 -7.030000e-01 5.930000e-01
    endloop
  endfacet
  facet normal -5.607187e-01 -6.092455e-01 -5.607267e-01
    outer loop
      vertex   -6.440700e+01 -7.030000e-01 4.170000e-01
      vertex   -6.458300e+01 -7.030000e-01 5.930000e-01
      vertex   -6.451900e+01 -4.950000e-01 3.030000e-01
    endloop
  endfacet
  facet normal 3.641790e-01 -5.895123e-01 -7.210054e-01
    outer loop
      vertex   6.440800e+01 -7.030000e-01 3.417000e+00
      vertex   6.431000e+01 -4.590000e-01 3.168000e+00
      vertex   6.451900e+01 -4.950000e-01 3.303000e+00
    endloop
  endfacet
  facet normal -3.635962e-01 -5.906147e-01 -7.203971e-01
    outer loop
      vertex   -6.440700e+01 -7.030000e-01 4.170000e-01
      vertex   -6.451900e+01 -4.950000e-01 3.030000e-01
      vertex   -6.431000e+01 -4.590000e-01 1.680000e-01
    endloop
  endfacet
  facet normal 7.512100e-01 -6.060935e-01 -2.614082e-01
    outer loop
      vertex   1.897800e+01 -5.000000e-01 2.492000e+00
      vertex   1.883500e+01 -7.070000e-01 2.561000e+00
      vertex   1.874000e+01 -7.070000e-01 2.288000e+00
    endloop
  endfacet
  facet normal 0.000000e+00 -9.236424e-01 3.832554e-01
    outer loop
      vertex   1.800000e+01 -9.660000e-01 2.625900e+01
      vertex   1.800000e+01 -8.660000e-01 2.650000e+01
      vertex   -6.400000e+01 -9.660000e-01 2.625900e+01
    endloop
  endfacet
  facet normal 0.000000e+00 -9.236424e-01 3.832554e-01
    outer loop
      vertex   -6.400000e+01 -9.660000e-01 2.625900e+01
      vertex   1.800000e+01 -8.660000e-01 2.650000e+01
      vertex   -6.400000e+01 -8.660000e-01 2.650000e+01
    endloop
  endfacet
  facet normal 0.000000e+00 -9.952866e-01 9.697677e-02
    outer loop
      vertex   6.400000e+01 -1.000000e+00 1.750000e+01
      vertex   1.819500e+01 -9.810000e-01 1.769500e+01
      vertex   1.800000e+01 -1.000000e+00 1.750000e+01
    endloop
  endfacet
  facet normal -5.823649e-01 -7.749812e-01 -2.454694e-01
    outer loop
      vertex   -6.455400e+01 -8.290000e-01 9.220000e-01
      vertex   -6.458300e+01 -7.030000e-01 5.930000e-01
      vertex   -6.443000e+01 -8.620000e-01 7.320000e-01
    endloop
  endfacet
  facet normal 0.000000e+00 -3.832556e-01 9.236423e-01
    outer loop
      vertex   -6.400000e+01 -5.000000e-01 2.686600e+01
      vertex   1.800000e+01 -5.000000e-01 2.686600e+01
      vertex   -6.400000e+01 -2.590000e-01 2.696600e+01
    endloop
  endfacet
  facet normal 0.000000e+00 -3.832556e-01 9.236423e-01
    outer loop
      vertex   -6.400000e+01 -2.590000e-01 2.696600e+01
      vertex   1.800000e+01 -5.000000e-01 2.686600e+01
      vertex   1.800000e+01 -2.590000e-01 2.696600e+01
    endloop
  endfacet
  facet normal -5.816851e-01 -7.754195e-01 -2.456972e-01
    outer loop
      vertex   -6.471800e+01 -6.670000e-01 7.990000e-01
      vertex   -6.458300e+01 -7.030000e-01 5.930000e-01
      vertex   -6.455400e+01 -8.290000e-01 9.220000e-01
    endloop
  endfacet
  facet normal -4.314225e-01 -7.923030e-01 -4.314286e-01
    outer loop
      vertex   -6.443000e+01 -8.620000e-01 7.320000e-01
      vertex   -6.458300e+01 -7.030000e-01 5.930000e-01
      vertex   -6.440700e+01 -7.030000e-01 4.170000e-01
    endloop
  endfacet
  facet normal 6.735106e-01 -6.062481e-01 -4.229029e-01
    outer loop
      vertex   1.911300e+01 -5.000000e-01 2.707000e+00
      vertex   1.883500e+01 -7.070000e-01 2.561000e+00
      vertex   1.897800e+01 -5.000000e-01 2.492000e+00
    endloop
  endfacet
  facet normal -4.060289e-01 -9.075315e-01 -1.073646e-01
    outer loop
      vertex   -6.455400e+01 -8.290000e-01 9.220000e-01
      vertex   -6.443000e+01 -8.620000e-01 7.320000e-01
      vertex   -6.424800e+01 -9.620000e-01 8.890000e-01
    endloop
  endfacet
  facet normal 0.000000e+00 -7.930521e-01 6.091538e-01
    outer loop
      vertex   1.800000e+01 -7.070000e-01 2.670700e+01
      vertex   -6.400000e+01 -7.070000e-01 2.670700e+01
      vertex   1.800000e+01 -8.660000e-01 2.650000e+01
    endloop
  endfacet
  facet normal 0.000000e+00 -7.930521e-01 6.091538e-01
    outer loop
      vertex   1.800000e+01 -8.660000e-01 2.650000e+01
      vertex   -6.400000e+01 -7.070000e-01 2.670700e+01
      vertex   -6.400000e+01 -8.660000e-01 2.650000e+01
    endloop
  endfacet
  facet normal 8.810815e-01 -4.729628e-01 -1.272829e-03
    outer loop
      vertex   1.883100e+01 -5.560000e-01 1.833100e+01
      vertex   1.892400e+01 -3.830000e-01 1.842400e+01
      vertex   1.886600e+01 -5.000000e-01 2.175000e+01
    endloop
  endfacet
  facet normal 1.130559e-01 -7.479569e-01 -6.540480e-01
    outer loop
      vertex   6.407800e+01 -8.290000e-01 3.446000e+00
      vertex   6.400000e+01 -7.070000e-01 3.293000e+00
      vertex   6.420100e+01 -6.670000e-01 3.282000e+00
    endloop
  endfacet
  facet normal -6.540458e-01 -7.479599e-01 -1.130491e-01
    outer loop
      vertex   -6.471800e+01 -6.670000e-01 7.990000e-01
      vertex   -6.455400e+01 -8.290000e-01 9.220000e-01
      vertex   -6.470700e+01 -7.070000e-01 1.000000e+00
    endloop
  endfacet
  facet normal 3.677796e-01 -5.877059e-01 -7.206524e-01
    outer loop
      vertex   6.440800e+01 -7.030000e-01 3.417000e+00
      vertex   6.420100e+01 -6.670000e-01 3.282000e+00
      vertex   6.431000e+01 -4.590000e-01 3.168000e+00
    endloop
  endfacet
  facet normal -7.906672e-01 -6.073109e-01 -7.758139e-02
    outer loop
      vertex   -6.486600e+01 -5.000000e-01 1.000000e+00
      vertex   -6.471800e+01 -6.670000e-01 7.990000e-01
      vertex   -6.470700e+01 -7.070000e-01 1.000000e+00
    endloop
  endfacet
  facet normal 0.000000e+00 -3.832556e-01 9.236423e-01
    outer loop
      vertex   6.400000e+01 -2.590000e-01 1.846600e+01
      vertex   2.311100e+01 -2.590000e-01 1.846600e+01
      vertex   6.400000e+01 -5.000000e-01 1.836600e+01
    endloop
  endfacet
  facet normal 0.000000e+00 -3.832556e-01 9.236423e-01
    outer loop
      vertex   6.400000e+01 -5.000000e-01 1.836600e+01
      vertex   2.311100e+01 -2.590000e-01 1.846600e+01
      vertex   2.311100e+01 -5.000000e-01 1.836600e+01
    endloop
  endfacet
  facet normal 5.616410e-01 -6.075472e-01 -5.616455e-01
    outer loop
      vertex   6.469700e+01 -4.950000e-01 3.481000e+00
      vertex   6.440800e+01 -7.030000e-01 3.417000e+00
      vertex   6.451900e+01 -4.950000e-01 3.303000e+00
    endloop
  endfacet
  facet normal -0.000000e+00 -3.832543e-01 -9.236429e-01
    outer loop
      vertex   1.800000e+01 -5.000000e-01 1.340000e-01
      vertex   -6.400000e+01 -5.000000e-01 1.340000e-01
      vertex   1.800000e+01 -2.590000e-01 3.400000e-02
    endloop
  endfacet
  facet normal -0.000000e+00 -3.832543e-01 -9.236429e-01
    outer loop
      vertex   1.800000e+01 -2.590000e-01 3.400000e-02
      vertex   -6.400000e+01 -5.000000e-01 1.340000e-01
      vertex   -6.400000e+01 -2.590000e-01 3.400000e-02
    endloop
  endfacet
  facet normal 4.323530e-01 -7.912904e-01 -4.323543e-01
    outer loop
      vertex   1.882700e+01 -8.660000e-01 2.935000e+00
      vertex   1.898900e+01 -7.070000e-01 2.806000e+00
      vertex   1.906500e+01 -8.660000e-01 3.173000e+00
    endloop
  endfacet
  facet normal 0.000000e+00 -6.091515e-01 7.930539e-01
    outer loop
      vertex   2.311100e+01 -7.070000e-01 1.820700e+01
      vertex   6.400000e+01 -7.070000e-01 1.820700e+01
      vertex   2.311100e+01 -5.000000e-01 1.836600e+01
    endloop
  endfacet
  facet normal 0.000000e+00 -6.091515e-01 7.930539e-01
    outer loop
      vertex   2.311100e+01 -5.000000e-01 1.836600e+01
      vertex   6.400000e+01 -7.070000e-01 1.820700e+01
      vertex   6.400000e+01 -5.000000e-01 1.836600e+01
    endloop
  endfacet
  facet normal 0.000000e+00 -9.914934e-01 -1.301573e-01
    outer loop
      vertex   -6.400000e+01 -1.000000e+00 1.000000e+00
      vertex   -6.400000e+01 -9.660000e-01 7.410000e-01
      vertex   1.800000e+01 -1.000000e+00 1.000000e+00
    endloop
  endfacet
  facet normal 0.000000e+00 -9.914934e-01 -1.301573e-01
    outer loop
      vertex   1.800000e+01 -1.000000e+00 1.000000e+00
      vertex   -6.400000e+01 -9.660000e-01 7.410000e-01
      vertex   1.800000e+01 -9.660000e-01 7.410000e-01
    endloop
  endfacet
  facet normal -8.271446e-01 -5.381676e-01 -1.618870e-01
    outer loop
      vertex   -6.471800e+01 -6.670000e-01 7.990000e-01
      vertex   -6.486600e+01 -5.000000e-01 1.000000e+00
      vertex   -6.483200e+01 -4.590000e-01 6.900000e-01
    endloop
  endfacet
  facet normal -1.014896e-03 -4.730705e-01 8.810240e-01
    outer loop
      vertex   2.311100e+01 -5.000000e-01 1.836600e+01
      vertex   1.892400e+01 -3.830000e-01 1.842400e+01
      vertex   1.883100e+01 -5.560000e-01 1.833100e+01
    endloop
  endfacet
  facet normal 1.484978e-03 -6.091508e-01 7.930530e-01
    outer loop
      vertex   2.311100e+01 -7.070000e-01 1.820700e+01
      vertex   2.311100e+01 -5.000000e-01 1.836600e+01
      vertex   1.883100e+01 -5.560000e-01 1.833100e+01
    endloop
  endfacet
  facet normal 0.000000e+00 -6.091515e-01 7.930539e-01
    outer loop
      vertex   1.800000e+01 -5.000000e-01 2.686600e+01
      vertex   -6.400000e+01 -5.000000e-01 2.686600e+01
      vertex   1.800000e+01 -7.070000e-01 2.670700e+01
    endloop
  endfacet
  facet normal 0.000000e+00 -6.091515e-01 7.930539e-01
    outer loop
      vertex   1.800000e+01 -7.070000e-01 2.670700e+01
      vertex   -6.400000e+01 -5.000000e-01 2.686600e+01
      vertex   -6.400000e+01 -7.070000e-01 2.670700e+01
    endloop
  endfacet
  facet normal 5.623095e-01 -6.092517e-01 -5.591247e-01
    outer loop
      vertex   6.469700e+01 -4.950000e-01 3.481000e+00
      vertex   6.458300e+01 -7.030000e-01 3.593000e+00
      vertex   6.440800e+01 -7.030000e-01 3.417000e+00
    endloop
  endfacet
  facet normal 0.000000e+00 -6.346261e-01 7.728194e-01
    outer loop
      vertex   1.870700e+01 -7.070000e-01 1.820700e+01
      vertex   2.311100e+01 -7.070000e-01 1.820700e+01
      vertex   1.883100e+01 -5.560000e-01 1.833100e+01
    endloop
  endfacet
  facet normal 0.000000e+00 -5.094560e-02 9.987014e-01
    outer loop
      vertex   6.400000e+01 0.000000e+00 1.850000e+01
      vertex   1.900000e+01 0.000000e+00 1.850000e+01
      vertex   1.899500e+01 -9.800000e-02 1.849500e+01
    endloop
  endfacet
  facet normal 1.271748e-01 -9.231509e-01 -3.627933e-01
    outer loop
      vertex   1.934900e+01 -8.660000e-01 3.351000e+00
      vertex   1.961300e+01 -9.660000e-01 3.698000e+00
      vertex   1.924500e+01 -9.660000e-01 3.569000e+00
    endloop
  endfacet
  facet normal 1.732905e-04 -1.301589e-01 9.914931e-01
    outer loop
      vertex   6.400000e+01 0.000000e+00 1.850000e+01
      vertex   1.899500e+01 -9.800000e-02 1.849500e+01
      vertex   6.400000e+01 -2.590000e-01 1.846600e+01
    endloop
  endfacet
  facet normal 1.269939e-01 -9.232218e-01 -3.626762e-01
    outer loop
      vertex   1.934900e+01 -8.660000e-01 3.351000e+00
      vertex   1.966600e+01 -8.660000e-01 3.462000e+00
      vertex   1.961300e+01 -9.660000e-01 3.698000e+00
    endloop
  endfacet
  facet normal 0.000000e+00 0.000000e+00 1.000000e+00
    outer loop
      vertex   -6.400000e+01 0.000000e+00 2.700000e+01
      vertex   1.800000e+01 0.000000e+00 2.700000e+01
      vertex   -6.400000e+01 1.500000e+00 2.700000e+01
    endloop
  endfacet
  facet normal -0.000000e+00 0.000000e+00 1.000000e+00
    outer loop
      vertex   -6.400000e+01 1.500000e+00 2.700000e+01
      vertex   1.800000e+01 0.000000e+00 2.700000e+01
      vertex   1.800000e+01 1.500000e+00 2.700000e+01
    endloop
  endfacet
  facet normal 3.253558e-01 -7.913434e-01 -5.176091e-01
    outer loop
      vertex   1.943900e+01 -7.070000e-01 3.165000e+00
      vertex   1.906500e+01 -8.660000e-01 3.173000e+00
      vertex   1.919400e+01 -7.070000e-01 3.011000e+00
    endloop
  endfacet
  facet normal 7.515921e-01 -6.049030e-01 -2.630621e-01
    outer loop
      vertex   1.897800e+01 -5.000000e-01 2.492000e+00
      vertex   1.874000e+01 -7.070000e-01 2.288000e+00
      vertex   1.889400e+01 -5.000000e-01 2.252000e+00
    endloop
  endfacet
  facet normal 8.728688e-01 -3.804785e-01 -3.055097e-01
    outer loop
      vertex   1.897800e+01 -5.000000e-01 2.492000e+00
      vertex   1.889400e+01 -5.000000e-01 2.252000e+00
      vertex   1.906800e+01 -2.590000e-01 2.449000e+00
    endloop
  endfacet
  facet normal 0.000000e+00 -7.930511e-01 -6.091551e-01
    outer loop
      vertex   2.000000e+01 -7.070000e-01 3.293000e+00
      vertex   6.400000e+01 -7.070000e-01 3.293000e+00
      vertex   2.000000e+01 -8.660000e-01 3.500000e+00
    endloop
  endfacet
  facet normal 0.000000e+00 -7.930511e-01 -6.091551e-01
    outer loop
      vertex   2.000000e+01 -8.660000e-01 3.500000e+00
      vertex   6.400000e+01 -7.070000e-01 3.293000e+00
      vertex   6.400000e+01 -8.660000e-01 3.500000e+00
    endloop
  endfacet
  facet normal 9.236392e-01 -3.832542e-01 2.625028e-03
    outer loop
      vertex   1.886600e+01 -5.000000e-01 2.175000e+01
      vertex   1.892400e+01 -3.830000e-01 1.842400e+01
      vertex   1.896600e+01 -2.590000e-01 2.175000e+01
    endloop
  endfacet
  facet normal 8.728514e-01 -3.825923e-01 -3.029084e-01
    outer loop
      vertex   1.889400e+01 -5.000000e-01 2.252000e+00
      vertex   1.899200e+01 -2.590000e-01 2.230000e+00
      vertex   1.906800e+01 -2.590000e-01 2.449000e+00
    endloop
  endfacet
  facet normal 3.250840e-01 -7.907576e-01 -5.186741e-01
    outer loop
      vertex   1.943900e+01 -7.070000e-01 3.165000e+00
      vertex   1.934900e+01 -8.660000e-01 3.351000e+00
      vertex   1.906500e+01 -8.660000e-01 3.173000e+00
    endloop
  endfacet
  facet normal -9.166367e-01 -3.143740e-01 -2.468729e-01
    outer loop
      vertex   -6.483200e+01 -4.590000e-01 6.900000e-01
      vertex   -6.497000e+01 -1.540000e-01 8.140000e-01
      vertex   -6.489000e+01 -2.200000e-01 6.010000e-01
    endloop
  endfacet
  facet normal 2.023640e-01 -7.906040e-01 -5.779223e-01
    outer loop
      vertex   1.966600e+01 -8.660000e-01 3.462000e+00
      vertex   1.934900e+01 -8.660000e-01 3.351000e+00
      vertex   1.943900e+01 -7.070000e-01 3.165000e+00
    endloop
  endfacet
  facet normal -9.159060e-01 -3.114843e-01 -2.531674e-01
    outer loop
      vertex   -6.483200e+01 -4.590000e-01 6.900000e-01
      vertex   -6.491800e+01 -3.890000e-01 9.150000e-01
      vertex   -6.497000e+01 -1.540000e-01 8.140000e-01
    endloop
  endfacet
  facet normal 0.000000e+00 1.301571e-01 -9.914934e-01
    outer loop
      vertex   6.400000e+01 0.000000e+00 3.000000e+00
      vertex   2.200000e+01 0.000000e+00 3.000000e+00
      vertex   5.850000e+01 2.590000e-01 3.034000e+00
    endloop
  endfacet
  facet normal 0.000000e+00 1.301571e-01 -9.914934e-01
    outer loop
      vertex   5.850000e+01 2.590000e-01 3.034000e+00
      vertex   2.200000e+01 0.000000e+00 3.000000e+00
      vertex   2.200000e+01 2.590000e-01 3.034000e+00
    endloop
  endfacet
  facet normal 0.000000e+00 3.832548e-01 -9.236427e-01
    outer loop
      vertex   5.850000e+01 2.590000e-01 3.034000e+00
      vertex   2.200000e+01 2.590000e-01 3.034000e+00
      vertex   5.850000e+01 5.000000e-01 3.134000e+00
    endloop
  endfacet
  facet normal 0.000000e+00 3.832548e-01 -9.236427e-01
    outer loop
      vertex   5.850000e+01 5.000000e-01 3.134000e+00
      vertex   2.200000e+01 2.590000e-01 3.034000e+00
      vertex   2.200000e+01 5.000000e-01 3.134000e+00
    endloop
  endfacet
  facet normal 4.857080e-02 -9.903231e-01 -1.300037e-01
    outer loop
      vertex   6.400000e+01 -1.000000e+00 4.000000e+00
      vertex   6.400000e+01 -9.660000e-01 3.741000e+00
      vertex   6.411100e+01 -9.620000e-01 3.752000e+00
    endloop
  endfacet
  facet normal 4.233539e-01 -6.059289e-01 -6.735144e-01
    outer loop
      vertex   1.943900e+01 -7.070000e-01 3.165000e+00
      vertex   1.919400e+01 -7.070000e-01 3.011000e+00
      vertex   1.929300e+01 -5.000000e-01 2.887000e+00
    endloop
  endfacet
  facet normal -8.064450e-01 -3.680440e-01 -4.628068e-01
    outer loop
      vertex   -6.483200e+01 -4.590000e-01 6.900000e-01
      vertex   -6.489000e+01 -2.200000e-01 6.010000e-01
      vertex   -6.476200e+01 -2.540000e-01 4.050000e-01
    endloop
  endfacet
  facet normal 4.229032e-01 -6.062450e-01 -6.735131e-01
    outer loop
      vertex   1.929300e+01 -5.000000e-01 2.887000e+00
      vertex   1.950800e+01 -5.000000e-01 3.022000e+00
      vertex   1.943900e+01 -7.070000e-01 3.165000e+00
    endloop
  endfacet
  facet normal 6.091538e-01 -7.930521e-01 0.000000e+00
    outer loop
      vertex   6.450000e+01 -8.660000e-01 1.750000e+01
      vertex   6.450000e+01 -8.660000e-01 4.000000e+00
      vertex   6.470700e+01 -7.070000e-01 1.750000e+01
    endloop
  endfacet
  facet normal 6.091538e-01 -7.930521e-01 0.000000e+00
    outer loop
      vertex   6.470700e+01 -7.070000e-01 1.750000e+01
      vertex   6.450000e+01 -8.660000e-01 4.000000e+00
      vertex   6.470700e+01 -7.070000e-01 4.000000e+00
    endloop
  endfacet
  facet normal 2.614102e-01 -6.060899e-01 -7.512122e-01
    outer loop
      vertex   1.950800e+01 -5.000000e-01 3.022000e+00
      vertex   1.971200e+01 -7.070000e-01 3.260000e+00
      vertex   1.943900e+01 -7.070000e-01 3.165000e+00
    endloop
  endfacet
  facet normal -9.210348e-01 -7.497726e-02 -3.821954e-01
    outer loop
      vertex   -6.496600e+01 0.000000e+00 7.410000e-01
      vertex   -6.486600e+01 0.000000e+00 5.000000e-01
      vertex   -6.489000e+01 -2.200000e-01 6.010000e-01
    endloop
  endfacet
  facet normal 5.823647e-01 -7.749814e-01 -2.454695e-01
    outer loop
      vertex   6.443000e+01 -8.620000e-01 3.732000e+00
      vertex   6.458300e+01 -7.030000e-01 3.593000e+00
      vertex   6.455400e+01 -8.290000e-01 3.922000e+00
    endloop
  endfacet
  facet normal 2.722456e-01 -9.229111e-01 -2.722452e-01
    outer loop
      vertex   1.863900e+01 -9.660000e-01 3.086000e+00
      vertex   1.882700e+01 -8.660000e-01 2.935000e+00
      vertex   1.891400e+01 -9.660000e-01 3.361000e+00
    endloop
  endfacet
  facet normal 4.060289e-01 -9.075315e-01 -1.073647e-01
    outer loop
      vertex   6.443000e+01 -8.620000e-01 3.732000e+00
      vertex   6.455400e+01 -8.290000e-01 3.922000e+00
      vertex   6.424800e+01 -9.620000e-01 3.889000e+00
    endloop
  endfacet
  facet normal -0.000000e+00 -1.301571e-01 -9.914934e-01
    outer loop
      vertex   6.400000e+01 0.000000e+00 3.000000e+00
      vertex   6.400000e+01 -2.590000e-01 3.034000e+00
      vertex   2.200000e+01 0.000000e+00 3.000000e+00
    endloop
  endfacet
  facet normal 0.000000e+00 -1.301571e-01 -9.914934e-01
    outer loop
      vertex   2.200000e+01 0.000000e+00 3.000000e+00
      vertex   6.400000e+01 -2.590000e-01 3.034000e+00
      vertex   2.000000e+01 -2.590000e-01 3.034000e+00
    endloop
  endfacet
  facet normal -0.000000e+00 -1.301571e-01 -9.914934e-01
    outer loop
      vertex   2.200000e+01 0.000000e+00 3.000000e+00
      vertex   2.000000e+01 -2.590000e-01 3.034000e+00
      vertex   2.000000e+01 0.000000e+00 3.000000e+00
    endloop
  endfacet
  facet normal 2.047015e-01 -9.230291e-01 -3.257522e-01
    outer loop
      vertex   1.934900e+01 -8.660000e-01 3.351000e+00
      vertex   1.924500e+01 -9.660000e-01 3.569000e+00
      vertex   1.891400e+01 -9.660000e-01 3.361000e+00
    endloop
  endfacet
  facet normal -9.409379e-01 -1.247731e-01 -3.147499e-01
    outer loop
      vertex   -6.496600e+01 0.000000e+00 7.410000e-01
      vertex   -6.489000e+01 -2.200000e-01 6.010000e-01
      vertex   -6.497000e+01 -1.540000e-01 8.140000e-01
    endloop
  endfacet
  facet normal -0.000000e+00 -7.930511e-01 -6.091551e-01
    outer loop
      vertex   1.800000e+01 -8.660000e-01 5.000000e-01
      vertex   -6.400000e+01 -8.660000e-01 5.000000e-01
      vertex   1.800000e+01 -7.070000e-01 2.930000e-01
    endloop
  endfacet
  facet normal -0.000000e+00 -7.930511e-01 -6.091551e-01
    outer loop
      vertex   1.800000e+01 -7.070000e-01 2.930000e-01
      vertex   -6.400000e+01 -8.660000e-01 5.000000e-01
      vertex   -6.400000e+01 -7.070000e-01 2.930000e-01
    endloop
  endfacet
  facet normal 2.046286e-01 -9.227858e-01 -3.264866e-01
    outer loop
      vertex   1.934900e+01 -8.660000e-01 3.351000e+00
      vertex   1.891400e+01 -9.660000e-01 3.361000e+00
      vertex   1.906500e+01 -8.660000e-01 3.173000e+00
    endloop
  endfacet
  facet normal -9.908548e-01 -3.592973e-02 -1.300605e-01
    outer loop
      vertex   -6.500000e+01 0.000000e+00 1.000000e+00
      vertex   -6.496600e+01 0.000000e+00 7.410000e-01
      vertex   -6.497000e+01 -1.540000e-01 8.140000e-01
    endloop
  endfacet
  facet normal 9.570870e-01 -2.897978e-01 -1.281589e-03
    outer loop
      vertex   1.896600e+01 -2.590000e-01 2.175000e+01
      vertex   1.892400e+01 -3.830000e-01 1.842400e+01
      vertex   1.898100e+01 -1.950000e-01 1.848100e+01
    endloop
  endfacet
  facet normal -9.901491e-01 -1.299679e-01 -5.208715e-02
    outer loop
      vertex   -6.496600e+01 -2.590000e-01 1.000000e+00
      vertex   -6.500000e+01 0.000000e+00 1.000000e+00
      vertex   -6.497000e+01 -1.540000e-01 8.140000e-01
    endloop
  endfacet
  facet normal 4.075312e-01 -9.015246e-01 -1.455047e-01
    outer loop
      vertex   6.450000e+01 -8.660000e-01 4.000000e+00
      vertex   6.424800e+01 -9.620000e-01 3.889000e+00
      vertex   6.455400e+01 -8.290000e-01 3.922000e+00
    endloop
  endfacet
  facet normal 1.176358e-01 -9.860647e-01 -1.176359e-01
    outer loop
      vertex   1.900000e+01 -1.000000e+00 3.732000e+00
      vertex   1.826800e+01 -1.000000e+00 3.000000e+00
      vertex   1.891400e+01 -9.660000e-01 3.361000e+00
    endloop
  endfacet
  facet normal 7.832705e-01 -3.802611e-01 -4.918220e-01
    outer loop
      vertex   1.911300e+01 -5.000000e-01 2.707000e+00
      vertex   1.897800e+01 -5.000000e-01 2.492000e+00
      vertex   1.906800e+01 -2.590000e-01 2.449000e+00
    endloop
  endfacet
  facet normal -9.547506e-01 -2.673067e-01 -1.303780e-01
    outer loop
      vertex   -6.496600e+01 -2.590000e-01 1.000000e+00
      vertex   -6.497000e+01 -1.540000e-01 8.140000e-01
      vertex   -6.491800e+01 -3.890000e-01 9.150000e-01
    endloop
  endfacet
  facet normal 3.822883e-01 -9.213044e-01 -7.109008e-02
    outer loop
      vertex   6.424800e+01 -9.620000e-01 3.889000e+00
      vertex   6.450000e+01 -8.660000e-01 4.000000e+00
      vertex   6.425900e+01 -9.660000e-01 4.000000e+00
    endloop
  endfacet
  facet normal -9.217159e-01 -3.824781e-01 6.442307e-02
    outer loop
      vertex   -6.486600e+01 -5.000000e-01 1.000000e+00
      vertex   -6.496600e+01 -2.590000e-01 1.000000e+00
      vertex   -6.491800e+01 -3.890000e-01 9.150000e-01
    endloop
  endfacet
  facet normal 1.300024e-01 -9.903232e-01 -4.857235e-02
    outer loop
      vertex   6.424800e+01 -9.620000e-01 3.889000e+00
      vertex   6.425900e+01 -9.660000e-01 4.000000e+00
      vertex   6.400000e+01 -1.000000e+00 4.000000e+00
    endloop
  endfacet
  facet normal 6.687337e-02 -9.920700e-01 -1.064191e-01
    outer loop
      vertex   1.891400e+01 -9.660000e-01 3.361000e+00
      vertex   1.924500e+01 -9.660000e-01 3.569000e+00
      vertex   1.900000e+01 -1.000000e+00 3.732000e+00
    endloop
  endfacet
  facet normal 1.046825e-01 -9.889808e-01 -1.046835e-01
    outer loop
      vertex   6.424800e+01 -9.620000e-01 3.889000e+00
      vertex   6.400000e+01 -1.000000e+00 4.000000e+00
      vertex   6.411100e+01 -9.620000e-01 3.752000e+00
    endloop
  endfacet
  facet normal -9.236346e-01 -3.832743e-01 0.000000e+00
    outer loop
      vertex   -6.486600e+01 -5.000000e-01 1.000000e+00
      vertex   -6.486600e+01 -5.000000e-01 2.600000e+01
      vertex   -6.496600e+01 -2.590000e-01 1.000000e+00
    endloop
  endfacet
  facet normal -9.236346e-01 -3.832743e-01 0.000000e+00
    outer loop
      vertex   -6.496600e+01 -2.590000e-01 1.000000e+00
      vertex   -6.486600e+01 -5.000000e-01 2.600000e+01
      vertex   -6.496600e+01 -2.590000e-01 2.600000e+01
    endloop
  endfacet
  facet normal 2.722448e-01 -9.229107e-01 -2.722472e-01
    outer loop
      vertex   6.443000e+01 -8.620000e-01 3.732000e+00
      vertex   6.424800e+01 -9.620000e-01 3.889000e+00
      vertex   6.411100e+01 -9.620000e-01 3.752000e+00
    endloop
  endfacet
  facet normal 9.810626e-01 -1.446701e-01 -1.287896e-01
    outer loop
      vertex   1.903400e+01 0.000000e+00 2.259000e+00
      vertex   1.899200e+01 -2.590000e-01 2.230000e+00
      vertex   1.900000e+01 0.000000e+00 2.000000e+00
    endloop
  endfacet
  facet normal 5.279732e-02 -9.904655e-01 -1.272418e-01
    outer loop
      vertex   1.924500e+01 -9.660000e-01 3.569000e+00
      vertex   1.948200e+01 -1.000000e+00 3.932000e+00
      vertex   1.900000e+01 -1.000000e+00 3.732000e+00
    endloop
  endfacet
  facet normal -0.000000e+00 -9.236428e-01 -3.832544e-01
    outer loop
      vertex   1.800000e+01 -8.660000e-01 5.000000e-01
      vertex   1.800000e+01 -9.660000e-01 7.410000e-01
      vertex   -6.400000e+01 -8.660000e-01 5.000000e-01
    endloop
  endfacet
  facet normal 0.000000e+00 -9.236428e-01 -3.832544e-01
    outer loop
      vertex   -6.400000e+01 -8.660000e-01 5.000000e-01
      vertex   1.800000e+01 -9.660000e-01 7.410000e-01
      vertex   -6.400000e+01 -9.660000e-01 7.410000e-01
    endloop
  endfacet
  facet normal 4.222956e-02 -9.918185e-01 -1.204689e-01
    outer loop
      vertex   1.924500e+01 -9.660000e-01 3.569000e+00
      vertex   1.961300e+01 -9.660000e-01 3.698000e+00
      vertex   1.948200e+01 -1.000000e+00 3.932000e+00
    endloop
  endfacet
  facet normal -1.015636e-03 -2.898717e-01 9.570650e-01
    outer loop
      vertex   1.892400e+01 -3.830000e-01 1.842400e+01
      vertex   2.311100e+01 -2.590000e-01 1.846600e+01
      vertex   1.898100e+01 -1.950000e-01 1.848100e+01
    endloop
  endfacet
  facet normal 9.068086e-02 -6.045392e-01 -7.913971e-01
    outer loop
      vertex   1.971200e+01 -7.070000e-01 3.260000e+00
      vertex   1.974800e+01 -5.000000e-01 3.106000e+00
      vertex   2.000000e+01 -7.070000e-01 3.293000e+00
    endloop
  endfacet
  facet normal -8.408548e-01 -5.168929e-01 -1.605768e-01
    outer loop
      vertex   -6.486600e+01 -5.000000e-01 1.000000e+00
      vertex   -6.491800e+01 -3.890000e-01 9.150000e-01
      vertex   -6.483200e+01 -4.590000e-01 6.900000e-01
    endloop
  endfacet
  facet normal 2.085229e-03 -3.832547e-01 9.236403e-01
    outer loop
      vertex   2.311100e+01 -5.000000e-01 1.836600e+01
      vertex   2.311100e+01 -2.590000e-01 1.846600e+01
      vertex   1.892400e+01 -3.830000e-01 1.842400e+01
    endloop
  endfacet
  facet normal 8.777677e-02 -6.068037e-01 -7.899902e-01
    outer loop
      vertex   1.974800e+01 -5.000000e-01 3.106000e+00
      vertex   2.000000e+01 -5.000000e-01 3.134000e+00
      vertex   2.000000e+01 -7.070000e-01 3.293000e+00
    endloop
  endfacet
  facet normal -0.000000e+00 -6.091549e-01 -7.930512e-01
    outer loop
      vertex   6.400000e+01 -7.070000e-01 3.293000e+00
      vertex   2.000000e+01 -7.070000e-01 3.293000e+00
      vertex   6.400000e+01 -5.000000e-01 3.134000e+00
    endloop
  endfacet
  facet normal -0.000000e+00 -6.091549e-01 -7.930512e-01
    outer loop
      vertex   6.400000e+01 -5.000000e-01 3.134000e+00
      vertex   2.000000e+01 -7.070000e-01 3.293000e+00
      vertex   2.000000e+01 -5.000000e-01 3.134000e+00
    endloop
  endfacet
  facet normal 0.000000e+00 -3.832548e-01 -9.236427e-01
    outer loop
      vertex   2.000000e+01 -2.590000e-01 3.034000e+00
      vertex   6.400000e+01 -2.590000e-01 3.034000e+00
      vertex   2.000000e+01 -5.000000e-01 3.134000e+00
    endloop
  endfacet
  facet normal 0.000000e+00 -3.832548e-01 -9.236427e-01
    outer loop
      vertex   2.000000e+01 -5.000000e-01 3.134000e+00
      vertex   6.400000e+01 -2.590000e-01 3.034000e+00
      vertex   6.400000e+01 -5.000000e-01 3.134000e+00
    endloop
  endfacet
  facet normal 0.000000e+00 9.236428e-01 -3.832545e-01
    outer loop
      vertex   2.200000e+01 8.660000e-01 3.500000e+00
      vertex   2.200000e+01 9.660000e-01 3.741000e+00
      vertex   5.850000e+01 8.660000e-01 3.500000e+00
    endloop
  endfacet
  facet normal 0.000000e+00 9.236428e-01 -3.832545e-01
    outer loop
      vertex   5.850000e+01 8.660000e-01 3.500000e+00
      vertex   2.200000e+01 9.660000e-01 3.741000e+00
      vertex   5.850000e+01 9.660000e-01 3.741000e+00
    endloop
  endfacet
  facet normal 6.957262e-02 -7.915128e-01 -6.071796e-01
    outer loop
      vertex   1.966600e+01 -8.660000e-01 3.462000e+00
      vertex   1.971200e+01 -7.070000e-01 3.260000e+00
      vertex   2.000000e+01 -7.070000e-01 3.293000e+00
    endloop
  endfacet
  facet normal 6.533986e-01 -3.822851e-01 -6.533976e-01
    outer loop
      vertex   6.469700e+01 -4.950000e-01 3.481000e+00
      vertex   6.459500e+01 -2.540000e-01 3.238000e+00
      vertex   6.476200e+01 -2.540000e-01 3.405000e+00
    endloop
  endfacet
  facet normal 6.533944e-01 -3.822889e-01 -6.533996e-01
    outer loop
      vertex   6.469700e+01 -4.950000e-01 3.481000e+00
      vertex   6.451900e+01 -4.950000e-01 3.303000e+00
      vertex   6.459500e+01 -2.540000e-01 3.238000e+00
    endloop
  endfacet
  facet normal 9.383836e-01 -1.157068e-01 -3.256502e-01
    outer loop
      vertex   1.906800e+01 -2.590000e-01 2.449000e+00
      vertex   1.899200e+01 -2.590000e-01 2.230000e+00
      vertex   1.903400e+01 0.000000e+00 2.259000e+00
    endloop
  endfacet
  facet normal 8.074474e-01 -3.641511e-01 -4.641365e-01
    outer loop
      vertex   6.469700e+01 -4.950000e-01 3.481000e+00
      vertex   6.476200e+01 -2.540000e-01 3.405000e+00
      vertex   6.489000e+01 -2.200000e-01 3.601000e+00
    endloop
  endfacet
  facet normal 6.913949e-02 -7.911534e-01 -6.076974e-01
    outer loop
      vertex   2.000000e+01 -7.070000e-01 3.293000e+00
      vertex   2.000000e+01 -8.660000e-01 3.500000e+00
      vertex   1.966600e+01 -8.660000e-01 3.462000e+00
    endloop
  endfacet
  facet normal -2.514927e-01 -3.156894e-01 -9.149271e-01
    outer loop
      vertex   -6.408500e+01 -3.890000e-01 8.200000e-02
      vertex   -6.431000e+01 -4.590000e-01 1.680000e-01
      vertex   -6.439900e+01 -2.200000e-01 1.100000e-01
    endloop
  endfacet
  facet normal 8.088466e-01 -3.672853e-01 -4.592043e-01
    outer loop
      vertex   6.469700e+01 -4.950000e-01 3.481000e+00
      vertex   6.489000e+01 -2.200000e-01 3.601000e+00
      vertex   6.483200e+01 -4.590000e-01 3.690000e+00
    endloop
  endfacet
  facet normal -4.628089e-01 -3.680565e-01 -8.064381e-01
    outer loop
      vertex   -6.439900e+01 -2.200000e-01 1.100000e-01
      vertex   -6.431000e+01 -4.590000e-01 1.680000e-01
      vertex   -6.459500e+01 -2.540000e-01 2.380000e-01
    endloop
  endfacet
  facet normal 0.000000e+00 -9.236428e-01 -3.832545e-01
    outer loop
      vertex   2.000000e+01 -9.660000e-01 3.741000e+00
      vertex   2.000000e+01 -8.660000e-01 3.500000e+00
      vertex   6.400000e+01 -9.660000e-01 3.741000e+00
    endloop
  endfacet
  facet normal 0.000000e+00 -9.236428e-01 -3.832545e-01
    outer loop
      vertex   6.400000e+01 -9.660000e-01 3.741000e+00
      vertex   2.000000e+01 -8.660000e-01 3.500000e+00
      vertex   6.400000e+01 -8.660000e-01 3.500000e+00
    endloop
  endfacet
  facet normal 9.210347e-01 -7.497740e-02 -3.821955e-01
    outer loop
      vertex   6.486600e+01 0.000000e+00 3.500000e+00
      vertex   6.496600e+01 0.000000e+00 3.741000e+00
      vertex   6.489000e+01 -2.200000e-01 3.601000e+00
    endloop
  endfacet
  facet normal 9.120561e-01 -1.578949e-01 -3.784480e-01
    outer loop
      vertex   1.903400e+01 0.000000e+00 2.259000e+00
      vertex   1.913400e+01 0.000000e+00 2.500000e+00
      vertex   1.906800e+01 -2.590000e-01 2.449000e+00
    endloop
  endfacet
  facet normal 1.000000e+00 -0.000000e+00 0.000000e+00
    outer loop
      vertex   1.900000e+01 0.000000e+00 2.600000e+01
      vertex   1.900000e+01 0.000000e+00 1.850000e+01
      vertex   1.900000e+01 1.500000e+00 2.600000e+01
    endloop
  endfacet
  facet normal 1.000000e+00 0.000000e+00 0.000000e+00
    outer loop
      vertex   1.900000e+01 1.500000e+00 2.600000e+01
      vertex   1.900000e+01 0.000000e+00 1.850000e+01
      vertex   1.900000e+01 1.500000e+00 1.850000e+01
    endloop
  endfacet
  facet normal 2.008740e-01 -7.914749e-01 -5.772497e-01
    outer loop
      vertex   1.971200e+01 -7.070000e-01 3.260000e+00
      vertex   1.966600e+01 -8.660000e-01 3.462000e+00
      vertex   1.943900e+01 -7.070000e-01 3.165000e+00
    endloop
  endfacet
  facet normal 8.395961e-01 -1.483086e-01 -5.225733e-01
    outer loop
      vertex   6.486600e+01 0.000000e+00 3.500000e+00
      vertex   6.489000e+01 -2.200000e-01 3.601000e+00
      vertex   6.476200e+01 -2.540000e-01 3.405000e+00
    endloop
  endfacet
  facet normal 7.806593e-01 -3.829527e-01 -4.938808e-01
    outer loop
      vertex   1.919200e+01 -2.590000e-01 2.645000e+00
      vertex   1.911300e+01 -5.000000e-01 2.707000e+00
      vertex   1.906800e+01 -2.590000e-01 2.449000e+00
    endloop
  endfacet
  facet normal 8.400082e-01 -1.094118e-01 -5.314276e-01
    outer loop
      vertex   1.913400e+01 0.000000e+00 2.500000e+00
      vertex   1.919200e+01 -2.590000e-01 2.645000e+00
      vertex   1.906800e+01 -2.590000e-01 2.449000e+00
    endloop
  endfacet
  facet normal 0.000000e+00 0.000000e+00 1.000000e+00
    outer loop
      vertex   1.900000e+01 0.000000e+00 1.850000e+01
      vertex   6.400000e+01 0.000000e+00 1.850000e+01
      vertex   1.900000e+01 1.500000e+00 1.850000e+01
    endloop
  endfacet
  facet normal -0.000000e+00 0.000000e+00 1.000000e+00
    outer loop
      vertex   1.900000e+01 1.500000e+00 1.850000e+01
      vertex   6.400000e+01 0.000000e+00 1.850000e+01
      vertex   6.400000e+01 1.500000e+00 1.850000e+01
    endloop
  endfacet
  facet normal -2.486314e-01 -3.099172e-01 -9.176785e-01
    outer loop
      vertex   -6.418600e+01 -1.540000e-01 3.000000e-02
      vertex   -6.408500e+01 -3.890000e-01 8.200000e-02
      vertex   -6.439900e+01 -2.200000e-01 1.100000e-01
    endloop
  endfacet
  facet normal 7.893621e-01 -9.642280e-02 -6.063086e-01
    outer loop
      vertex   6.470700e+01 0.000000e+00 3.293000e+00
      vertex   6.486600e+01 0.000000e+00 3.500000e+00
      vertex   6.476200e+01 -2.540000e-01 3.405000e+00
    endloop
  endfacet
  facet normal 9.481083e-02 -9.954929e-01 2.186038e-03
    outer loop
      vertex   1.800000e+01 -1.000000e+00 1.750000e+01
      vertex   1.819500e+01 -9.810000e-01 1.769500e+01
      vertex   1.825900e+01 -9.660000e-01 2.175000e+01
    endloop
  endfacet
  facet normal 0.000000e+00 7.930511e-01 -6.091551e-01
    outer loop
      vertex   2.200000e+01 8.660000e-01 3.500000e+00
      vertex   5.850000e+01 8.660000e-01 3.500000e+00
      vertex   2.200000e+01 7.070000e-01 3.293000e+00
    endloop
  endfacet
  facet normal 0.000000e+00 7.930511e-01 -6.091551e-01
    outer loop
      vertex   2.200000e+01 7.070000e-01 3.293000e+00
      vertex   5.850000e+01 8.660000e-01 3.500000e+00
      vertex   5.850000e+01 7.070000e-01 3.293000e+00
    endloop
  endfacet
  facet normal 7.826692e-01 -1.612996e-01 -6.011750e-01
    outer loop
      vertex   1.929300e+01 0.000000e+00 2.707000e+00
      vertex   1.919200e+01 -2.590000e-01 2.645000e+00
      vertex   1.913400e+01 0.000000e+00 2.500000e+00
    endloop
  endfacet
  facet normal -3.147384e-01 -1.247657e-01 -9.409427e-01
    outer loop
      vertex   -6.425900e+01 0.000000e+00 3.400000e-02
      vertex   -6.418600e+01 -1.540000e-01 3.000000e-02
      vertex   -6.439900e+01 -2.200000e-01 1.100000e-01
    endloop
  endfacet
  facet normal 6.983697e-01 -1.567194e-01 -6.983687e-01
    outer loop
      vertex   6.470700e+01 0.000000e+00 3.293000e+00
      vertex   6.476200e+01 -2.540000e-01 3.405000e+00
      vertex   6.459500e+01 -2.540000e-01 3.238000e+00
    endloop
  endfacet
  facet normal -3.821793e-01 -7.497412e-02 -9.210417e-01
    outer loop
      vertex   -6.450000e+01 0.000000e+00 1.340000e-01
      vertex   -6.425900e+01 0.000000e+00 3.400000e-02
      vertex   -6.439900e+01 -2.200000e-01 1.100000e-01
    endloop
  endfacet
  facet normal 4.743831e-01 -8.803177e-01 -1.149379e-03
    outer loop
      vertex   1.850000e+01 -8.660000e-01 2.175000e+01
      vertex   1.838300e+01 -9.240000e-01 1.788300e+01
      vertex   1.855600e+01 -8.310000e-01 1.805600e+01
    endloop
  endfacet
  facet normal -1.664573e-03 9.532774e-02 -9.954445e-01
    outer loop
      vertex   6.380500e+01 1.950000e-01 3.019000e+00
      vertex   6.400000e+01 0.000000e+00 3.000000e+00
      vertex   5.850000e+01 2.590000e-01 3.034000e+00
    endloop
  endfacet
  facet normal 4.548298e-02 -7.922304e-01 -6.085247e-01
    outer loop
      vertex   -6.400000e+01 -7.070000e-01 2.930000e-01
      vertex   -6.400000e+01 -8.660000e-01 5.000000e-01
      vertex   -6.407800e+01 -8.290000e-01 4.460000e-01
    endloop
  endfacet
  facet normal -1.130555e-01 -7.479568e-01 -6.540482e-01
    outer loop
      vertex   -6.400000e+01 -7.070000e-01 2.930000e-01
      vertex   -6.407800e+01 -8.290000e-01 4.460000e-01
      vertex   -6.420100e+01 -6.670000e-01 2.820000e-01
    endloop
  endfacet
  facet normal 4.356258e-02 -9.227660e-01 -3.828906e-01
    outer loop
      vertex   1.966600e+01 -8.660000e-01 3.462000e+00
      vertex   2.000000e+01 -8.660000e-01 3.500000e+00
      vertex   2.000000e+01 -9.660000e-01 3.741000e+00
    endloop
  endfacet
  facet normal -7.759091e-02 -6.073187e-01 -7.906602e-01
    outer loop
      vertex   -6.400000e+01 -5.000000e-01 1.340000e-01
      vertex   -6.400000e+01 -7.070000e-01 2.930000e-01
      vertex   -6.420100e+01 -6.670000e-01 2.820000e-01
    endloop
  endfacet
  facet normal -1.706181e-03 3.832542e-01 -9.236413e-01
    outer loop
      vertex   6.361700e+01 3.830000e-01 3.076000e+00
      vertex   5.850000e+01 2.590000e-01 3.034000e+00
      vertex   5.850000e+01 5.000000e-01 3.134000e+00
    endloop
  endfacet
  facet normal -2.454726e-01 -7.749821e-01 -5.823624e-01
    outer loop
      vertex   -6.426800e+01 -8.620000e-01 5.700000e-01
      vertex   -6.440700e+01 -7.030000e-01 4.170000e-01
      vertex   -6.407800e+01 -8.290000e-01 4.460000e-01
    endloop
  endfacet
  facet normal 5.186745e-01 -7.907574e-01 -3.250839e-01
    outer loop
      vertex   1.883500e+01 -7.070000e-01 2.561000e+00
      vertex   1.882700e+01 -8.660000e-01 2.935000e+00
      vertex   1.864900e+01 -8.660000e-01 2.651000e+00
    endloop
  endfacet
  facet normal -2.456966e-01 -7.754130e-01 -5.816940e-01
    outer loop
      vertex   -6.440700e+01 -7.030000e-01 4.170000e-01
      vertex   -6.420100e+01 -6.670000e-01 2.820000e-01
      vertex   -6.407800e+01 -8.290000e-01 4.460000e-01
    endloop
  endfacet
  facet normal 3.262083e-01 -9.228042e-01 -2.049892e-01
    outer loop
      vertex   1.863900e+01 -9.660000e-01 3.086000e+00
      vertex   1.843100e+01 -9.660000e-01 2.755000e+00
      vertex   1.882700e+01 -8.660000e-01 2.935000e+00
    endloop
  endfacet
  facet normal 6.085232e-01 -7.922312e-01 4.548992e-02
    outer loop
      vertex   6.450000e+01 -8.660000e-01 4.000000e+00
      vertex   6.455400e+01 -8.290000e-01 3.922000e+00
      vertex   6.470700e+01 -7.070000e-01 4.000000e+00
    endloop
  endfacet
  facet normal -1.455051e-01 -9.015252e-01 -4.075298e-01
    outer loop
      vertex   -6.411100e+01 -9.620000e-01 7.520000e-01
      vertex   -6.407800e+01 -8.290000e-01 4.460000e-01
      vertex   -6.400000e+01 -8.660000e-01 5.000000e-01
    endloop
  endfacet
  facet normal -7.108426e-02 -9.213063e-01 -3.822849e-01
    outer loop
      vertex   -6.400000e+01 -9.660000e-01 7.410000e-01
      vertex   -6.411100e+01 -9.620000e-01 7.520000e-01
      vertex   -6.400000e+01 -8.660000e-01 5.000000e-01
    endloop
  endfacet
  facet normal 9.884720e-01 -1.513983e-01 1.318521e-03
    outer loop
      vertex   1.899500e+01 -9.800000e-02 1.849500e+01
      vertex   1.900000e+01 0.000000e+00 2.600000e+01
      vertex   1.896600e+01 -2.590000e-01 2.175000e+01
    endloop
  endfacet
  facet normal 2.454677e-01 -7.749810e-01 -5.823659e-01
    outer loop
      vertex   1.840700e+01 -7.030000e-01 4.170000e-01
      vertex   1.826800e+01 -8.620000e-01 5.700000e-01
      vertex   1.807800e+01 -8.290000e-01 4.460000e-01
    endloop
  endfacet
  facet normal 4.241209e-02 -9.233093e-01 -3.817081e-01
    outer loop
      vertex   1.961300e+01 -9.660000e-01 3.698000e+00
      vertex   1.966600e+01 -8.660000e-01 3.462000e+00
      vertex   2.000000e+01 -9.660000e-01 3.741000e+00
    endloop
  endfacet
  facet normal -3.690063e-01 -5.879123e-01 -7.198565e-01
    outer loop
      vertex   -6.420100e+01 -6.670000e-01 2.820000e-01
      vertex   -6.440700e+01 -7.030000e-01 4.170000e-01
      vertex   -6.431000e+01 -4.590000e-01 1.680000e-01
    endloop
  endfacet
  facet normal 7.906672e-01 -6.073109e-01 -7.758139e-02
    outer loop
      vertex   6.486600e+01 -5.000000e-01 4.000000e+00
      vertex   6.470700e+01 -7.070000e-01 4.000000e+00
      vertex   6.471800e+01 -6.670000e-01 3.799000e+00
    endloop
  endfacet
  facet normal 2.722442e-01 -9.229116e-01 -2.722450e-01
    outer loop
      vertex   1.906500e+01 -8.660000e-01 3.173000e+00
      vertex   1.891400e+01 -9.660000e-01 3.361000e+00
      vertex   1.882700e+01 -8.660000e-01 2.935000e+00
    endloop
  endfacet
  facet normal 1.073630e-01 -9.075317e-01 -4.060288e-01
    outer loop
      vertex   1.807800e+01 -8.290000e-01 4.460000e-01
      vertex   1.826800e+01 -8.620000e-01 5.700000e-01
      vertex   1.811100e+01 -9.620000e-01 7.520000e-01
    endloop
  endfacet
  facet normal 9.897074e-01 -1.430949e-01 1.740233e-03
    outer loop
      vertex   1.896600e+01 -2.590000e-01 2.175000e+01
      vertex   1.898100e+01 -1.950000e-01 1.848100e+01
      vertex   1.899500e+01 -9.800000e-02 1.849500e+01
    endloop
  endfacet
  facet normal 5.176077e-01 -7.913442e-01 -3.253562e-01
    outer loop
      vertex   1.883500e+01 -7.070000e-01 2.561000e+00
      vertex   1.898900e+01 -7.070000e-01 2.806000e+00
      vertex   1.882700e+01 -8.660000e-01 2.935000e+00
    endloop
  endfacet
  facet normal 6.540458e-01 -7.479599e-01 -1.130491e-01
    outer loop
      vertex   6.470700e+01 -7.070000e-01 4.000000e+00
      vertex   6.455400e+01 -8.290000e-01 3.922000e+00
      vertex   6.471800e+01 -6.670000e-01 3.799000e+00
    endloop
  endfacet
  facet normal -1.907885e-03 9.236411e-01 -3.832538e-01
    outer loop
      vertex   6.307600e+01 9.240000e-01 3.617000e+00
      vertex   5.850000e+01 8.660000e-01 3.500000e+00
      vertex   5.850000e+01 9.660000e-01 3.741000e+00
    endloop
  endfacet
  facet normal 7.108426e-02 -9.213063e-01 -3.822849e-01
    outer loop
      vertex   1.811100e+01 -9.620000e-01 7.520000e-01
      vertex   1.800000e+01 -9.660000e-01 7.410000e-01
      vertex   1.800000e+01 -8.660000e-01 5.000000e-01
    endloop
  endfacet
  facet normal 1.455103e-01 -9.015236e-01 -4.075315e-01
    outer loop
      vertex   1.807800e+01 -8.290000e-01 4.460000e-01
      vertex   1.811100e+01 -9.620000e-01 7.520000e-01
      vertex   1.800000e+01 -8.660000e-01 5.000000e-01
    endloop
  endfacet
  facet normal 5.816852e-01 -7.754194e-01 -2.456971e-01
    outer loop
      vertex   6.458300e+01 -7.030000e-01 3.593000e+00
      vertex   6.471800e+01 -6.670000e-01 3.799000e+00
      vertex   6.455400e+01 -8.290000e-01 3.922000e+00
    endloop
  endfacet
  facet normal 9.987014e-01 -5.094560e-02 0.000000e+00
    outer loop
      vertex   1.900000e+01 0.000000e+00 2.600000e+01
      vertex   1.899500e+01 -9.800000e-02 1.849500e+01
      vertex   1.900000e+01 0.000000e+00 1.850000e+01
    endloop
  endfacet
  facet normal 4.323543e-01 -7.912898e-01 -4.323543e-01
    outer loop
      vertex   1.919400e+01 -7.070000e-01 3.011000e+00
      vertex   1.906500e+01 -8.660000e-01 3.173000e+00
      vertex   1.898900e+01 -7.070000e-01 2.806000e+00
    endloop
  endfacet
  facet normal -1.618977e-01 -5.381762e-01 -8.271369e-01
    outer loop
      vertex   -6.400000e+01 -5.000000e-01 1.340000e-01
      vertex   -6.420100e+01 -6.670000e-01 2.820000e-01
      vertex   -6.431000e+01 -4.590000e-01 1.680000e-01
    endloop
  endfacet
  facet normal -4.548520e-02 -7.922303e-01 -6.085247e-01
    outer loop
      vertex   1.807800e+01 -8.290000e-01 4.460000e-01
      vertex   1.800000e+01 -8.660000e-01 5.000000e-01
      vertex   1.800000e+01 -7.070000e-01 2.930000e-01
    endloop
  endfacet
  facet normal 0.000000e+00 6.091549e-01 -7.930512e-01
    outer loop
      vertex   6.329300e+01 7.070000e-01 3.293000e+00
      vertex   5.850000e+01 5.000000e-01 3.134000e+00
      vertex   5.850000e+01 7.070000e-01 3.293000e+00
    endloop
  endfacet
  facet normal 0.000000e+00 6.091549e-01 -7.930512e-01
    outer loop
      vertex   5.850000e+01 7.070000e-01 3.293000e+00
      vertex   5.850000e+01 5.000000e-01 3.134000e+00
      vertex   2.200000e+01 5.000000e-01 3.134000e+00
    endloop
  endfacet
  facet normal 0.000000e+00 6.091549e-01 -7.930512e-01
    outer loop
      vertex   5.850000e+01 7.070000e-01 3.293000e+00
      vertex   2.200000e+01 5.000000e-01 3.134000e+00
      vertex   2.200000e+01 7.070000e-01 3.293000e+00
    endloop
  endfacet
  facet normal -1.605866e-01 -5.168856e-01 -8.408574e-01
    outer loop
      vertex   -6.400000e+01 -5.000000e-01 1.340000e-01
      vertex   -6.431000e+01 -4.590000e-01 1.680000e-01
      vertex   -6.408500e+01 -3.890000e-01 8.200000e-02
    endloop
  endfacet
  facet normal 8.620942e-04 4.741607e-01 -8.804379e-01
    outer loop
      vertex   6.344400e+01 5.560000e-01 3.169000e+00
      vertex   6.361700e+01 3.830000e-01 3.076000e+00
      vertex   5.850000e+01 5.000000e-01 3.134000e+00
    endloop
  endfacet
  facet normal 6.443359e-02 -3.824579e-01 -9.217235e-01
    outer loop
      vertex   -6.400000e+01 -5.000000e-01 1.340000e-01
      vertex   -6.408500e+01 -3.890000e-01 8.200000e-02
      vertex   -6.400000e+01 -2.590000e-01 3.400000e-02
    endloop
  endfacet
  facet normal -1.700001e-03 6.336137e-01 -7.736478e-01
    outer loop
      vertex   6.329300e+01 7.070000e-01 3.293000e+00
      vertex   6.344400e+01 5.560000e-01 3.169000e+00
      vertex   5.850000e+01 5.000000e-01 3.134000e+00
    endloop
  endfacet
  facet normal -1.303600e-01 -2.672914e-01 -9.547574e-01
    outer loop
      vertex   -6.400000e+01 -2.590000e-01 3.400000e-02
      vertex   -6.408500e+01 -3.890000e-01 8.200000e-02
      vertex   -6.418600e+01 -1.540000e-01 3.000000e-02
    endloop
  endfacet
  facet normal 1.760495e-02 -9.908103e-01 -1.341080e-01
    outer loop
      vertex   1.961300e+01 -9.660000e-01 3.698000e+00
      vertex   2.000000e+01 -1.000000e+00 4.000000e+00
      vertex   1.948200e+01 -1.000000e+00 3.932000e+00
    endloop
  endfacet
  facet normal 7.180202e-01 -5.912624e-01 -3.672271e-01
    outer loop
      vertex   6.471800e+01 -6.670000e-01 3.799000e+00
      vertex   6.458300e+01 -7.030000e-01 3.593000e+00
      vertex   6.469700e+01 -4.950000e-01 3.481000e+00
    endloop
  endfacet
  facet normal -5.208357e-02 -1.299808e-01 -9.901476e-01
    outer loop
      vertex   -6.400000e+01 -2.590000e-01 3.400000e-02
      vertex   -6.418600e+01 -1.540000e-01 3.000000e-02
      vertex   -6.400000e+01 0.000000e+00 0.000000e+00
    endloop
  endfacet
  facet normal 1.378259e-03 -1.430438e-01 9.897154e-01
    outer loop
      vertex   1.899500e+01 -9.800000e-02 1.849500e+01
      vertex   1.898100e+01 -1.950000e-01 1.848100e+01
      vertex   2.311100e+01 -2.590000e-01 1.846600e+01
    endloop
  endfacet
  facet normal -1.300721e-01 -3.592587e-02 -9.908535e-01
    outer loop
      vertex   -6.400000e+01 0.000000e+00 0.000000e+00
      vertex   -6.418600e+01 -1.540000e-01 3.000000e-02
      vertex   -6.425900e+01 0.000000e+00 3.400000e-02
    endloop
  endfacet
  facet normal 7.222237e-01 -5.872889e-01 -3.653555e-01
    outer loop
      vertex   6.469700e+01 -4.950000e-01 3.481000e+00
      vertex   6.483200e+01 -4.590000e-01 3.690000e+00
      vertex   6.471800e+01 -6.670000e-01 3.799000e+00
    endloop
  endfacet
  facet normal 0.000000e+00 -1.772787e-01 9.841607e-01
    outer loop
      vertex   1.899500e+01 -9.800000e-02 1.849500e+01
      vertex   2.311100e+01 -2.590000e-01 1.846600e+01
      vertex   6.400000e+01 -2.590000e-01 1.846600e+01
    endloop
  endfacet
  facet normal 1.446044e-02 -9.913897e-01 -1.301437e-01
    outer loop
      vertex   1.961300e+01 -9.660000e-01 3.698000e+00
      vertex   2.000000e+01 -9.660000e-01 3.741000e+00
      vertex   2.000000e+01 -1.000000e+00 4.000000e+00
    endloop
  endfacet
  facet normal 8.271446e-01 -5.381676e-01 -1.618870e-01
    outer loop
      vertex   6.486600e+01 -5.000000e-01 4.000000e+00
      vertex   6.471800e+01 -6.670000e-01 3.799000e+00
      vertex   6.483200e+01 -4.590000e-01 3.690000e+00
    endloop
  endfacet
  facet normal 0.000000e+00 -9.914934e-01 -1.301573e-01
    outer loop
      vertex   2.000000e+01 -1.000000e+00 4.000000e+00
      vertex   2.000000e+01 -9.660000e-01 3.741000e+00
      vertex   6.400000e+01 -1.000000e+00 4.000000e+00
    endloop
  endfacet
  facet normal 0.000000e+00 -9.914934e-01 -1.301573e-01
    outer loop
      vertex   6.400000e+01 -1.000000e+00 4.000000e+00
      vertex   2.000000e+01 -9.660000e-01 3.741000e+00
      vertex   6.400000e+01 -9.660000e-01 3.741000e+00
    endloop
  endfacet
  facet normal 1.020908e-01 -3.812523e-01 -9.188167e-01
    outer loop
      vertex   2.000000e+01 -5.000000e-01 3.134000e+00
      vertex   1.974800e+01 -5.000000e-01 3.106000e+00
      vertex   2.000000e+01 -2.590000e-01 3.034000e+00
    endloop
  endfacet
  facet normal 9.287806e-04 9.570593e-01 -2.898906e-01
    outer loop
      vertex   6.301900e+01 9.810000e-01 3.805000e+00
      vertex   6.307600e+01 9.240000e-01 3.617000e+00
      vertex   5.850000e+01 9.660000e-01 3.741000e+00
    endloop
  endfacet
  facet normal -1.259560e-03 9.897179e-01 -1.430278e-01
    outer loop
      vertex   6.300500e+01 9.950000e-01 3.902000e+00
      vertex   6.301900e+01 9.810000e-01 3.805000e+00
      vertex   5.850000e+01 9.660000e-01 3.741000e+00
    endloop
  endfacet
  facet normal 9.149313e-01 -3.156794e-01 -2.514899e-01
    outer loop
      vertex   6.491800e+01 -3.890000e-01 3.915000e+00
      vertex   6.483200e+01 -4.590000e-01 3.690000e+00
      vertex   6.489000e+01 -2.200000e-01 3.601000e+00
    endloop
  endfacet
  facet normal 1.037740e-01 -3.827676e-01 -9.179978e-01
    outer loop
      vertex   1.974800e+01 -5.000000e-01 3.106000e+00
      vertex   1.977000e+01 -2.590000e-01 3.008000e+00
      vertex   2.000000e+01 -2.590000e-01 3.034000e+00
    endloop
  endfacet
  facet normal 1.130539e-01 -7.479588e-01 -6.540462e-01
    outer loop
      vertex   1.807800e+01 -8.290000e-01 4.460000e-01
      vertex   1.800000e+01 -7.070000e-01 2.930000e-01
      vertex   1.820100e+01 -6.670000e-01 2.820000e-01
    endloop
  endfacet
  facet normal 7.758945e-02 -6.073188e-01 -7.906603e-01
    outer loop
      vertex   1.800000e+01 -5.000000e-01 1.340000e-01
      vertex   1.820100e+01 -6.670000e-01 2.820000e-01
      vertex   1.800000e+01 -7.070000e-01 2.930000e-01
    endloop
  endfacet
  facet normal 9.176723e-01 -3.099291e-01 -2.486394e-01
    outer loop
      vertex   6.497000e+01 -1.540000e-01 3.814000e+00
      vertex   6.491800e+01 -3.890000e-01 3.915000e+00
      vertex   6.489000e+01 -2.200000e-01 3.601000e+00
    endloop
  endfacet
  facet normal 2.630573e-01 -6.049043e-01 -7.515928e-01
    outer loop
      vertex   1.950800e+01 -5.000000e-01 3.022000e+00
      vertex   1.974800e+01 -5.000000e-01 3.106000e+00
      vertex   1.971200e+01 -7.070000e-01 3.260000e+00
    endloop
  endfacet
  facet normal 9.409378e-01 -1.247731e-01 -3.147501e-01
    outer loop
      vertex   6.496600e+01 0.000000e+00 3.741000e+00
      vertex   6.497000e+01 -1.540000e-01 3.814000e+00
      vertex   6.489000e+01 -2.200000e-01 3.601000e+00
    endloop
  endfacet
  facet normal 1.618966e-01 -5.381748e-01 -8.271381e-01
    outer loop
      vertex   1.820100e+01 -6.670000e-01 2.820000e-01
      vertex   1.800000e+01 -5.000000e-01 1.340000e-01
      vertex   1.831000e+01 -4.590000e-01 1.680000e-01
    endloop
  endfacet
  facet normal 3.635962e-01 -5.906147e-01 -7.203971e-01
    outer loop
      vertex   1.840700e+01 -7.030000e-01 4.170000e-01
      vertex   1.831000e+01 -4.590000e-01 1.680000e-01
      vertex   1.851900e+01 -4.950000e-01 3.030000e-01
    endloop
  endfacet
  facet normal -4.314219e-01 -7.923033e-01 -4.314287e-01
    outer loop
      vertex   -6.440700e+01 -7.030000e-01 4.170000e-01
      vertex   -6.426800e+01 -8.620000e-01 5.700000e-01
      vertex   -6.443000e+01 -8.620000e-01 7.320000e-01
    endloop
  endfacet
  facet normal 2.456946e-01 -7.754176e-01 -5.816887e-01
    outer loop
      vertex   1.840700e+01 -7.030000e-01 4.170000e-01
      vertex   1.807800e+01 -8.290000e-01 4.460000e-01
      vertex   1.820100e+01 -6.670000e-01 2.820000e-01
    endloop
  endfacet
  facet normal -1.300024e-01 -9.903232e-01 -4.857237e-02
    outer loop
      vertex   -6.400000e+01 -1.000000e+00 1.000000e+00
      vertex   -6.425900e+01 -9.660000e-01 1.000000e+00
      vertex   -6.424800e+01 -9.620000e-01 8.890000e-01
    endloop
  endfacet
  facet normal 8.408547e-01 -5.168930e-01 -1.605768e-01
    outer loop
      vertex   6.486600e+01 -5.000000e-01 4.000000e+00
      vertex   6.483200e+01 -4.590000e-01 3.690000e+00
      vertex   6.491800e+01 -3.890000e-01 3.915000e+00
    endloop
  endfacet
  facet normal 8.040281e-04 2.908845e-01 -9.567578e-01
    outer loop
      vertex   5.850000e+01 2.590000e-01 3.034000e+00
      vertex   6.361700e+01 3.830000e-01 3.076000e+00
      vertex   6.380500e+01 1.950000e-01 3.019000e+00
    endloop
  endfacet
  facet normal -1.073656e-01 -9.075318e-01 -4.060278e-01
    outer loop
      vertex   -6.407800e+01 -8.290000e-01 4.460000e-01
      vertex   -6.411100e+01 -9.620000e-01 7.520000e-01
      vertex   -6.426800e+01 -8.620000e-01 5.700000e-01
    endloop
  endfacet
  facet normal 3.690098e-01 -5.879106e-01 -7.198562e-01
    outer loop
      vertex   1.840700e+01 -7.030000e-01 4.170000e-01
      vertex   1.820100e+01 -6.670000e-01 2.820000e-01
      vertex   1.831000e+01 -4.590000e-01 1.680000e-01
    endloop
  endfacet
  facet normal 9.217159e-01 -3.824781e-01 6.442303e-02
    outer loop
      vertex   6.496600e+01 -2.590000e-01 4.000000e+00
      vertex   6.486600e+01 -5.000000e-01 4.000000e+00
      vertex   6.491800e+01 -3.890000e-01 3.915000e+00
    endloop
  endfacet
  facet normal 7.930574e-01 -6.091469e-01 0.000000e+00
    outer loop
      vertex   6.470700e+01 -7.070000e-01 1.750000e+01
      vertex   6.470700e+01 -7.070000e-01 4.000000e+00
      vertex   6.486600e+01 -5.000000e-01 1.750000e+01
    endloop
  endfacet
  facet normal 7.930574e-01 -6.091469e-01 0.000000e+00
    outer loop
      vertex   6.486600e+01 -5.000000e-01 1.750000e+01
      vertex   6.470700e+01 -7.070000e-01 4.000000e+00
      vertex   6.486600e+01 -5.000000e-01 4.000000e+00
    endloop
  endfacet
  facet normal 7.513238e-01 4.666437e-01 -4.666436e-01
    outer loop
      vertex   2.134900e+01 9.700000e-01 3.226000e+00
      vertex   2.134900e+01 7.740000e-01 3.030000e+00
      vertex   2.119000e+01 1.000000e+00 3.000000e+00
    endloop
  endfacet
  facet normal 5.624948e-01 -6.059696e-01 -5.624948e-01
    outer loop
      vertex   1.929300e+01 -5.000000e-01 2.887000e+00
      vertex   1.919400e+01 -7.070000e-01 3.011000e+00
      vertex   1.898900e+01 -7.070000e-01 2.806000e+00
    endloop
  endfacet
  facet normal 9.547506e-01 -2.673067e-01 -1.303779e-01
    outer loop
      vertex   6.496600e+01 -2.590000e-01 4.000000e+00
      vertex   6.491800e+01 -3.890000e-01 3.915000e+00
      vertex   6.497000e+01 -1.540000e-01 3.814000e+00
    endloop
  endfacet
  facet normal 2.514923e-01 -3.156856e-01 -9.149285e-01
    outer loop
      vertex   1.831000e+01 -4.590000e-01 1.680000e-01
      vertex   1.808500e+01 -3.890000e-01 8.200000e-02
      vertex   1.839900e+01 -2.200000e-01 1.100000e-01
    endloop
  endfacet
  facet normal -4.857059e-02 -9.903231e-01 -1.300037e-01
    outer loop
      vertex   -6.411100e+01 -9.620000e-01 7.520000e-01
      vertex   -6.400000e+01 -9.660000e-01 7.410000e-01
      vertex   -6.400000e+01 -1.000000e+00 1.000000e+00
    endloop
  endfacet
  facet normal 9.901491e-01 -1.299679e-01 -5.208711e-02
    outer loop
      vertex   6.500000e+01 0.000000e+00 4.000000e+00
      vertex   6.496600e+01 -2.590000e-01 4.000000e+00
      vertex   6.497000e+01 -1.540000e-01 3.814000e+00
    endloop
  endfacet
  facet normal 4.628111e-01 -3.680503e-01 -8.064397e-01
    outer loop
      vertex   1.831000e+01 -4.590000e-01 1.680000e-01
      vertex   1.839900e+01 -2.200000e-01 1.100000e-01
      vertex   1.859500e+01 -2.540000e-01 2.380000e-01
    endloop
  endfacet
  facet normal 8.201989e-01 5.680691e-01 -6.761114e-02
    outer loop
      vertex   2.134900e+01 7.740000e-01 3.030000e+00
      vertex   2.155500e+01 4.730000e-01 3.000000e+00
      vertex   2.119000e+01 1.000000e+00 3.000000e+00
    endloop
  endfacet
  facet normal -1.046826e-01 -9.889808e-01 -1.046834e-01
    outer loop
      vertex   -6.411100e+01 -9.620000e-01 7.520000e-01
      vertex   -6.400000e+01 -1.000000e+00 1.000000e+00
      vertex   -6.424800e+01 -9.620000e-01 8.890000e-01
    endloop
  endfacet
  facet normal 9.908548e-01 -3.592967e-02 -1.300605e-01
    outer loop
      vertex   6.500000e+01 0.000000e+00 4.000000e+00
      vertex   6.497000e+01 -1.540000e-01 3.814000e+00
      vertex   6.496600e+01 0.000000e+00 3.741000e+00
    endloop
  endfacet
  facet normal 4.604451e-01 -3.636137e-01 -8.097996e-01
    outer loop
      vertex   1.859500e+01 -2.540000e-01 2.380000e-01
      vertex   1.851900e+01 -4.950000e-01 3.030000e-01
      vertex   1.831000e+01 -4.590000e-01 1.680000e-01
    endloop
  endfacet
  facet normal -2.722448e-01 -9.229108e-01 -2.722469e-01
    outer loop
      vertex   -6.443000e+01 -8.620000e-01 7.320000e-01
      vertex   -6.411100e+01 -9.620000e-01 7.520000e-01
      vertex   -6.424800e+01 -9.620000e-01 8.890000e-01
    endloop
  endfacet
  facet normal -2.722446e-01 -9.229103e-01 -2.722489e-01
    outer loop
      vertex   -6.443000e+01 -8.620000e-01 7.320000e-01
      vertex   -6.426800e+01 -8.620000e-01 5.700000e-01
      vertex   -6.411100e+01 -9.620000e-01 7.520000e-01
    endloop
  endfacet
  facet normal 9.914950e-01 -7.706104e-17 -1.301445e-01
    outer loop
      vertex   6.500000e+01 0.000000e+00 4.000000e+00
      vertex   6.496600e+01 0.000000e+00 3.741000e+00
      vertex   6.500000e+01 1.500000e+00 4.000000e+00
    endloop
  endfacet
  facet normal 9.914950e-01 -7.526249e-17 -1.301445e-01
    outer loop
      vertex   6.500000e+01 1.500000e+00 4.000000e+00
      vertex   6.496600e+01 0.000000e+00 3.741000e+00
      vertex   6.496600e+01 1.500000e+00 3.741000e+00
    endloop
  endfacet
  facet normal 2.486354e-01 -3.099223e-01 -9.176756e-01
    outer loop
      vertex   1.818600e+01 -1.540000e-01 3.000000e-02
      vertex   1.839900e+01 -2.200000e-01 1.100000e-01
      vertex   1.808500e+01 -3.890000e-01 8.200000e-02
    endloop
  endfacet
  facet normal 9.236345e-01 -2.269440e-16 -3.832743e-01
    outer loop
      vertex   6.496600e+01 0.000000e+00 3.741000e+00
      vertex   6.486600e+01 0.000000e+00 3.500000e+00
      vertex   6.496600e+01 1.500000e+00 3.741000e+00
    endloop
  endfacet
  facet normal 9.236345e-01 1.152380e-16 -3.832743e-01
    outer loop
      vertex   6.496600e+01 1.500000e+00 3.741000e+00
      vertex   6.486600e+01 0.000000e+00 3.500000e+00
      vertex   6.486600e+01 1.500000e+00 3.500000e+00
    endloop
  endfacet
  facet normal 1.303580e-01 -2.672926e-01 -9.547573e-01
    outer loop
      vertex   1.800000e+01 -2.590000e-01 3.400000e-02
      vertex   1.818600e+01 -1.540000e-01 3.000000e-02
      vertex   1.808500e+01 -3.890000e-01 8.200000e-02
    endloop
  endfacet
  facet normal 7.930574e-01 1.803437e-16 -6.091469e-01
    outer loop
      vertex   6.486600e+01 0.000000e+00 3.500000e+00
      vertex   6.470700e+01 0.000000e+00 3.293000e+00
      vertex   6.486600e+01 1.500000e+00 3.500000e+00
    endloop
  endfacet
  facet normal 7.930574e-01 7.089135e-16 -6.091469e-01
    outer loop
      vertex   6.486600e+01 1.500000e+00 3.500000e+00
      vertex   6.470700e+01 0.000000e+00 3.293000e+00
      vertex   6.470700e+01 1.500000e+00 3.293000e+00
    endloop
  endfacet
  facet normal -6.443359e-02 -3.824579e-01 -9.217235e-01
    outer loop
      vertex   1.800000e+01 -5.000000e-01 1.340000e-01
      vertex   1.800000e+01 -2.590000e-01 3.400000e-02
      vertex   1.808500e+01 -3.890000e-01 8.200000e-02
    endloop
  endfacet
  facet normal -1.361291e-03 7.930504e-01 -6.091545e-01
    outer loop
      vertex   5.850000e+01 8.660000e-01 3.500000e+00
      vertex   6.316900e+01 8.310000e-01 3.444000e+00
      vertex   5.850000e+01 7.070000e-01 3.293000e+00
    endloop
  endfacet
  facet normal -3.822883e-01 -9.213044e-01 -7.109012e-02
    outer loop
      vertex   -6.425900e+01 -9.660000e-01 1.000000e+00
      vertex   -6.450000e+01 -8.660000e-01 1.000000e+00
      vertex   -6.424800e+01 -9.620000e-01 8.890000e-01
    endloop
  endfacet
  facet normal -4.075312e-01 -9.015246e-01 -1.455048e-01
    outer loop
      vertex   -6.424800e+01 -9.620000e-01 8.890000e-01
      vertex   -6.450000e+01 -8.660000e-01 1.000000e+00
      vertex   -6.455400e+01 -8.290000e-01 9.220000e-01
    endloop
  endfacet
  facet normal -6.085232e-01 -7.922312e-01 4.548996e-02
    outer loop
      vertex   -6.455400e+01 -8.290000e-01 9.220000e-01
      vertex   -6.450000e+01 -8.660000e-01 1.000000e+00
      vertex   -6.470700e+01 -7.070000e-01 1.000000e+00
    endloop
  endfacet
  facet normal 6.735119e-01 -6.059317e-01 -4.233539e-01
    outer loop
      vertex   1.911300e+01 -5.000000e-01 2.707000e+00
      vertex   1.898900e+01 -7.070000e-01 2.806000e+00
      vertex   1.883500e+01 -7.070000e-01 2.561000e+00
    endloop
  endfacet
  facet normal -6.533176e-02 1.298791e-01 -9.893752e-01
    outer loop
      vertex   2.176600e+01 4.460000e-01 3.074000e+00
      vertex   2.200000e+01 2.590000e-01 3.034000e+00
      vertex   2.200000e+01 0.000000e+00 3.000000e+00
    endloop
  endfacet
  facet normal 0.000000e+00 1.000000e+00 0.000000e+00
    outer loop
      vertex   -1.041644e+01 1.000000e+00 1.595506e+01
      vertex   -1.050000e+01 1.000000e+00 1.500000e+01
      vertex   -6.300000e+01 1.000000e+00 2.500000e+01
    endloop
  endfacet
  facet normal 0.000000e+00 1.000000e+00 0.000000e+00
    outer loop
      vertex   -6.300000e+01 1.000000e+00 2.500000e+01
      vertex   -1.050000e+01 1.000000e+00 1.500000e+01
      vertex   -1.041644e+01 1.000000e+00 1.404494e+01
    endloop
  endfacet
  facet normal 0.000000e+00 1.000000e+00 0.000000e+00
    outer loop
      vertex   -6.300000e+01 1.000000e+00 2.500000e+01
      vertex   -1.041644e+01 1.000000e+00 1.404494e+01
      vertex   -6.300000e+01 1.000000e+00 2.000000e+00
    endloop
  endfacet
  facet normal 0.000000e+00 1.000000e+00 0.000000e+00
    outer loop
      vertex   -6.300000e+01 1.000000e+00 2.000000e+00
      vertex   -1.041644e+01 1.000000e+00 1.404494e+01
      vertex   -1.016831e+01 1.000000e+00 1.311889e+01
    endloop
  endfacet
  facet normal 0.000000e+00 1.000000e+00 0.000000e+00
    outer loop
      vertex   -6.300000e+01 1.000000e+00 2.000000e+00
      vertex   -1.016831e+01 1.000000e+00 1.311889e+01
      vertex   -9.763141e+00 1.000000e+00 1.225000e+01
    endloop
  endfacet
  facet normal 0.000000e+00 1.000000e+00 0.000000e+00
    outer loop
      vertex   -9.763141e+00 1.000000e+00 1.225000e+01
      vertex   -9.213245e+00 1.000000e+00 1.146467e+01
      vertex   -6.300000e+01 1.000000e+00 2.000000e+00
    endloop
  endfacet
  facet normal 0.000000e+00 1.000000e+00 0.000000e+00
    outer loop
      vertex   -6.300000e+01 1.000000e+00 2.000000e+00
      vertex   -9.213245e+00 1.000000e+00 1.146467e+01
      vertex   -8.535333e+00 1.000000e+00 1.078676e+01
    endloop
  endfacet
  facet normal 0.000000e+00 1.000000e+00 0.000000e+00
    outer loop
      vertex   -6.300000e+01 1.000000e+00 2.000000e+00
      vertex   -8.535333e+00 1.000000e+00 1.078676e+01
      vertex   -7.750001e+00 1.000000e+00 1.023686e+01
    endloop
  endfacet
  facet normal 0.000000e+00 1.000000e+00 0.000000e+00
    outer loop
      vertex   -7.750001e+00 1.000000e+00 1.023686e+01
      vertex   -6.881112e+00 1.000000e+00 9.831691e+00
      vertex   -6.300000e+01 1.000000e+00 2.000000e+00
    endloop
  endfacet
  facet normal 0.000000e+00 1.000000e+00 0.000000e+00
    outer loop
      vertex   -6.300000e+01 1.000000e+00 2.000000e+00
      vertex   -6.881112e+00 1.000000e+00 9.831691e+00
      vertex   -5.955066e+00 1.000000e+00 9.583557e+00
    endloop
  endfacet
  facet normal 0.000000e+00 1.000000e+00 0.000000e+00
    outer loop
      vertex   -6.300000e+01 1.000000e+00 2.000000e+00
      vertex   -5.955066e+00 1.000000e+00 9.583557e+00
      vertex   1.708542e+01 1.000000e+00 2.781381e+00
    endloop
  endfacet
  facet normal 0.000000e+00 1.000000e+00 0.000000e+00
    outer loop
      vertex   1.708542e+01 1.000000e+00 2.781381e+00
      vertex   -5.955066e+00 1.000000e+00 9.583557e+00
      vertex   -5.000001e+00 1.000000e+00 9.500000e+00
    endloop
  endfacet
  facet normal 0.000000e+00 1.000000e+00 -0.000000e+00
    outer loop
      vertex   1.708542e+01 1.000000e+00 2.781381e+00
      vertex   -5.000001e+00 1.000000e+00 9.500000e+00
      vertex   1.738758e+01 1.000000e+00 3.509591e+00
    endloop
  endfacet
  facet normal 0.000000e+00 1.000000e+00 -0.000000e+00
    outer loop
      vertex   1.738758e+01 1.000000e+00 3.509591e+00
      vertex   -5.000001e+00 1.000000e+00 9.500000e+00
      vertex   1.786667e+01 1.000000e+00 4.133322e+00
    endloop
  endfacet
  facet normal 0.000000e+00 1.000000e+00 -0.000000e+00
    outer loop
      vertex   1.786667e+01 1.000000e+00 4.133322e+00
      vertex   -5.000001e+00 1.000000e+00 9.500000e+00
      vertex   1.849041e+01 1.000000e+00 4.612420e+00
    endloop
  endfacet
  facet normal 0.000000e+00 1.000000e+00 -0.000000e+00
    outer loop
      vertex   1.849041e+01 1.000000e+00 4.612420e+00
      vertex   -5.000001e+00 1.000000e+00 9.500000e+00
      vertex   1.921862e+01 1.000000e+00 4.914585e+00
    endloop
  endfacet
  facet normal 0.000000e+00 1.000000e+00 -0.000000e+00
    outer loop
      vertex   1.921862e+01 1.000000e+00 4.914585e+00
      vertex   -5.000001e+00 1.000000e+00 9.500000e+00
      vertex   2.113562e+01 1.000000e+00 6.000000e+00
    endloop
  endfacet
  facet normal 0.000000e+00 1.000000e+00 0.000000e+00
    outer loop
      vertex   1.921862e+01 1.000000e+00 4.914585e+00
      vertex   2.113562e+01 1.000000e+00 6.000000e+00
      vertex   1.986929e+01 1.000000e+00 5.000000e+00
    endloop
  endfacet
  facet normal 0.000000e+00 1.000000e+00 0.000000e+00
    outer loop
      vertex   1.986929e+01 1.000000e+00 5.000000e+00
      vertex   2.113562e+01 1.000000e+00 6.000000e+00
      vertex   2.019482e+01 1.000000e+00 5.000000e+00
    endloop
  endfacet
  facet normal -0.000000e+00 1.000000e+00 0.000000e+00
    outer loop
      vertex   -5.000001e+00 1.000000e+00 9.500000e+00
      vertex   -4.044936e+00 1.000000e+00 9.583557e+00
      vertex   2.113562e+01 1.000000e+00 6.000000e+00
    endloop
  endfacet
  facet normal 0.000000e+00 1.000000e+00 0.000000e+00
    outer loop
      vertex   2.113562e+01 1.000000e+00 6.000000e+00
      vertex   -4.044936e+00 1.000000e+00 9.583557e+00
      vertex   -3.118890e+00 1.000000e+00 9.831691e+00
    endloop
  endfacet
  facet normal 0.000000e+00 1.000000e+00 0.000000e+00
    outer loop
      vertex   2.113562e+01 1.000000e+00 6.000000e+00
      vertex   -3.118890e+00 1.000000e+00 9.831691e+00
      vertex   -2.250001e+00 1.000000e+00 1.023686e+01
    endloop
  endfacet
  facet normal -0.000000e+00 1.000000e+00 0.000000e+00
    outer loop
      vertex   -2.250001e+00 1.000000e+00 1.023686e+01
      vertex   -1.464669e+00 1.000000e+00 1.078676e+01
      vertex   2.113562e+01 1.000000e+00 6.000000e+00
    endloop
  endfacet
  facet normal 0.000000e+00 1.000000e+00 0.000000e+00
    outer loop
      vertex   2.113562e+01 1.000000e+00 6.000000e+00
      vertex   -1.464669e+00 1.000000e+00 1.078676e+01
      vertex   -7.867565e-01 1.000000e+00 1.146467e+01
    endloop
  endfacet
  facet normal 0.000000e+00 1.000000e+00 0.000000e+00
    outer loop
      vertex   2.113562e+01 1.000000e+00 6.000000e+00
      vertex   -7.867565e-01 1.000000e+00 1.146467e+01
      vertex   -2.368612e-01 1.000000e+00 1.225000e+01
    endloop
  endfacet
  facet normal 0.000000e+00 1.000000e+00 0.000000e+00
    outer loop
      vertex   2.113562e+01 1.000000e+00 6.000000e+00
      vertex   -2.368612e-01 1.000000e+00 1.225000e+01
      vertex   1.700000e+01 1.000000e+00 1.650000e+01
    endloop
  endfacet
  facet normal 0.000000e+00 1.000000e+00 0.000000e+00
    outer loop
      vertex   1.700000e+01 1.000000e+00 1.650000e+01
      vertex   -2.368612e-01 1.000000e+00 1.225000e+01
      vertex   1.683084e-01 1.000000e+00 1.311889e+01
    endloop
  endfacet
  facet normal 0.000000e+00 1.000000e+00 0.000000e+00
    outer loop
      vertex   1.700000e+01 1.000000e+00 1.650000e+01
      vertex   1.683084e-01 1.000000e+00 1.311889e+01
      vertex   4.164417e-01 1.000000e+00 1.404494e+01
    endloop
  endfacet
  facet normal 0.000000e+00 1.000000e+00 0.000000e+00
    outer loop
      vertex   4.164417e-01 1.000000e+00 1.404494e+01
      vertex   4.999990e-01 1.000000e+00 1.500000e+01
      vertex   1.700000e+01 1.000000e+00 1.650000e+01
    endloop
  endfacet
  facet normal 0.000000e+00 1.000000e+00 0.000000e+00
    outer loop
      vertex   1.700000e+01 1.000000e+00 1.650000e+01
      vertex   4.999990e-01 1.000000e+00 1.500000e+01
      vertex   4.164417e-01 1.000000e+00 1.595506e+01
    endloop
  endfacet
  facet normal 0.000000e+00 1.000000e+00 0.000000e+00
    outer loop
      vertex   1.700000e+01 1.000000e+00 1.650000e+01
      vertex   4.164417e-01 1.000000e+00 1.595506e+01
      vertex   1.683084e-01 1.000000e+00 1.688111e+01
    endloop
  endfacet
  facet normal -0.000000e+00 1.000000e+00 -0.000000e+00
    outer loop
      vertex   1.683084e-01 1.000000e+00 1.688111e+01
      vertex   -2.368612e-01 1.000000e+00 1.775000e+01
      vertex   1.700000e+01 1.000000e+00 1.650000e+01
    endloop
  endfacet
  facet normal 0.000000e+00 1.000000e+00 0.000000e+00
    outer loop
      vertex   1.700000e+01 1.000000e+00 1.650000e+01
      vertex   -2.368612e-01 1.000000e+00 1.775000e+01
      vertex   -7.867565e-01 1.000000e+00 1.853533e+01
    endloop
  endfacet
  facet normal 0.000000e+00 1.000000e+00 0.000000e+00
    outer loop
      vertex   1.700000e+01 1.000000e+00 1.650000e+01
      vertex   -7.867565e-01 1.000000e+00 1.853533e+01
      vertex   -1.464669e+00 1.000000e+00 1.921324e+01
    endloop
  endfacet
  facet normal -0.000000e+00 1.000000e+00 -0.000000e+00
    outer loop
      vertex   -1.464669e+00 1.000000e+00 1.921324e+01
      vertex   -2.250001e+00 1.000000e+00 1.976314e+01
      vertex   1.700000e+01 1.000000e+00 1.650000e+01
    endloop
  endfacet
  facet normal 0.000000e+00 1.000000e+00 -0.000000e+00
    outer loop
      vertex   1.700000e+01 1.000000e+00 1.650000e+01
      vertex   -2.250001e+00 1.000000e+00 1.976314e+01
      vertex   1.700000e+01 1.000000e+00 2.500000e+01
    endloop
  endfacet
  facet normal 0.000000e+00 1.000000e+00 0.000000e+00
    outer loop
      vertex   1.700000e+01 1.000000e+00 2.500000e+01
      vertex   -2.250001e+00 1.000000e+00 1.976314e+01
      vertex   -3.118890e+00 1.000000e+00 2.016831e+01
    endloop
  endfacet
  facet normal 0.000000e+00 1.000000e+00 0.000000e+00
    outer loop
      vertex   1.700000e+01 1.000000e+00 2.500000e+01
      vertex   -3.118890e+00 1.000000e+00 2.016831e+01
      vertex   -4.044936e+00 1.000000e+00 2.041644e+01
    endloop
  endfacet
  facet normal 0.000000e+00 1.000000e+00 -0.000000e+00
    outer loop
      vertex   -4.044936e+00 1.000000e+00 2.041644e+01
      vertex   -5.000001e+00 1.000000e+00 2.050000e+01
      vertex   1.700000e+01 1.000000e+00 2.500000e+01
    endloop
  endfacet
  facet normal 0.000000e+00 1.000000e+00 0.000000e+00
    outer loop
      vertex   1.700000e+01 1.000000e+00 2.500000e+01
      vertex   -5.000001e+00 1.000000e+00 2.050000e+01
      vertex   -6.300000e+01 1.000000e+00 2.500000e+01
    endloop
  endfacet
  facet normal 0.000000e+00 1.000000e+00 0.000000e+00
    outer loop
      vertex   -6.300000e+01 1.000000e+00 2.500000e+01
      vertex   -5.000001e+00 1.000000e+00 2.050000e+01
      vertex   -5.955066e+00 1.000000e+00 2.041644e+01
    endloop
  endfacet
  facet normal 0.000000e+00 1.000000e+00 0.000000e+00
    outer loop
      vertex   -6.300000e+01 1.000000e+00 2.500000e+01
      vertex   -5.955066e+00 1.000000e+00 2.041644e+01
      vertex   -6.881112e+00 1.000000e+00 2.016831e+01
    endloop
  endfacet
  facet normal 0.000000e+00 1.000000e+00 0.000000e+00
    outer loop
      vertex   -6.881112e+00 1.000000e+00 2.016831e+01
      vertex   -7.750001e+00 1.000000e+00 1.976314e+01
      vertex   -6.300000e+01 1.000000e+00 2.500000e+01
    endloop
  endfacet
  facet normal 0.000000e+00 1.000000e+00 0.000000e+00
    outer loop
      vertex   -6.300000e+01 1.000000e+00 2.500000e+01
      vertex   -7.750001e+00 1.000000e+00 1.976314e+01
      vertex   -8.535333e+00 1.000000e+00 1.921324e+01
    endloop
  endfacet
  facet normal 0.000000e+00 1.000000e+00 0.000000e+00
    outer loop
      vertex   -6.300000e+01 1.000000e+00 2.500000e+01
      vertex   -8.535333e+00 1.000000e+00 1.921324e+01
      vertex   -9.213245e+00 1.000000e+00 1.853533e+01
    endloop
  endfacet
  facet normal 0.000000e+00 1.000000e+00 0.000000e+00
    outer loop
      vertex   -9.213245e+00 1.000000e+00 1.853533e+01
      vertex   -9.763141e+00 1.000000e+00 1.775000e+01
      vertex   -6.300000e+01 1.000000e+00 2.500000e+01
    endloop
  endfacet
  facet normal 0.000000e+00 1.000000e+00 0.000000e+00
    outer loop
      vertex   -6.300000e+01 1.000000e+00 2.500000e+01
      vertex   -9.763141e+00 1.000000e+00 1.775000e+01
      vertex   -1.016831e+01 1.000000e+00 1.688111e+01
    endloop
  endfacet
  facet normal 0.000000e+00 1.000000e+00 0.000000e+00
    outer loop
      vertex   -6.300000e+01 1.000000e+00 2.500000e+01
      vertex   -1.016831e+01 1.000000e+00 1.688111e+01
      vertex   -1.041644e+01 1.000000e+00 1.595506e+01
    endloop
  endfacet
  facet normal -0.000000e+00 1.000000e+00 0.000000e+00
    outer loop
      vertex   1.700000e+01 1.000000e+00 1.650000e+01
      vertex   6.300000e+01 1.000000e+00 1.650000e+01
      vertex   2.113562e+01 1.000000e+00 6.000000e+00
    endloop
  endfacet
  facet normal 0.000000e+00 1.000000e+00 0.000000e+00
    outer loop
      vertex   2.113562e+01 1.000000e+00 6.000000e+00
      vertex   6.300000e+01 1.000000e+00 1.650000e+01
      vertex   6.300000e+01 1.000000e+00 6.000000e+00
    endloop
  endfacet
  facet normal 0.000000e+00 1.000000e+00 0.000000e+00
    outer loop
      vertex   1.708542e+01 1.000000e+00 2.781381e+00
      vertex   1.700000e+01 1.000000e+00 2.130715e+00
      vertex   -6.300000e+01 1.000000e+00 2.000000e+00
    endloop
  endfacet
  facet normal 0.000000e+00 1.000000e+00 0.000000e+00
    outer loop
      vertex   -6.300000e+01 1.000000e+00 2.000000e+00
      vertex   1.700000e+01 1.000000e+00 2.130715e+00
      vertex   1.700000e+01 1.000000e+00 2.000000e+00
    endloop
  endfacet
  facet normal 5.624958e-01 -6.059726e-01 -5.624906e-01
    outer loop
      vertex   1.929300e+01 -5.000000e-01 2.887000e+00
      vertex   1.898900e+01 -7.070000e-01 2.806000e+00
      vertex   1.911300e+01 -5.000000e-01 2.707000e+00
    endloop
  endfacet
  facet normal 3.497347e-01 3.290314e-01 -8.771682e-01
    outer loop
      vertex   2.176600e+01 4.460000e-01 3.074000e+00
      vertex   2.200000e+01 0.000000e+00 3.000000e+00
      vertex   2.155500e+01 4.730000e-01 3.000000e+00
    endloop
  endfacet
  facet normal 1.301570e-01 -9.914934e-01 0.000000e+00
    outer loop
      vertex   1.825900e+01 -9.660000e-01 2.600000e+01
      vertex   1.800000e+01 -1.000000e+00 2.600000e+01
      vertex   1.825900e+01 -9.660000e-01 2.175000e+01
    endloop
  endfacet
  facet normal 1.301570e-01 -9.914934e-01 0.000000e+00
    outer loop
      vertex   1.825900e+01 -9.660000e-01 2.175000e+01
      vertex   1.800000e+01 -1.000000e+00 2.600000e+01
      vertex   1.800000e+01 -1.000000e+00 1.750000e+01
    endloop
  endfacet
  facet normal 3.429655e-01 4.989881e-01 -7.958552e-01
    outer loop
      vertex   2.176600e+01 4.460000e-01 3.074000e+00
      vertex   2.155500e+01 4.730000e-01 3.000000e+00
      vertex   2.154500e+01 6.920000e-01 3.133000e+00
    endloop
  endfacet
  facet normal -4.599433e-03 9.986785e-01 -5.118762e-02
    outer loop
      vertex   5.850000e+01 9.660000e-01 3.741000e+00
      vertex   6.300000e+01 1.000000e+00 4.000000e+00
      vertex   6.300500e+01 9.950000e-01 3.902000e+00
    endloop
  endfacet
  facet normal -1.301561e-01 0.000000e+00 -9.914935e-01
    outer loop
      vertex   -6.400000e+01 0.000000e+00 0.000000e+00
      vertex   -6.425900e+01 0.000000e+00 3.400000e-02
      vertex   -6.400000e+01 1.500000e+00 0.000000e+00
    endloop
  endfacet
  facet normal -1.301561e-01 5.888115e-16 -9.914935e-01
    outer loop
      vertex   -6.400000e+01 1.500000e+00 0.000000e+00
      vertex   -6.425900e+01 0.000000e+00 3.400000e-02
      vertex   -6.425900e+01 1.500000e+00 3.400000e-02
    endloop
  endfacet
  facet normal -3.832579e-01 5.469055e-16 -9.236414e-01
    outer loop
      vertex   -6.425900e+01 0.000000e+00 3.400000e-02
      vertex   -6.450000e+01 0.000000e+00 1.340000e-01
      vertex   -6.425900e+01 1.500000e+00 3.400000e-02
    endloop
  endfacet
  facet normal -3.832579e-01 1.099213e-15 -9.236414e-01
    outer loop
      vertex   -6.425900e+01 1.500000e+00 3.400000e-02
      vertex   -6.450000e+01 0.000000e+00 1.340000e-01
      vertex   -6.450000e+01 1.500000e+00 1.340000e-01
    endloop
  endfacet
  facet normal 3.832545e-01 -9.236400e-01 2.257604e-03
    outer loop
      vertex   1.850000e+01 -8.660000e-01 2.175000e+01
      vertex   1.825900e+01 -9.660000e-01 2.175000e+01
      vertex   1.838300e+01 -9.240000e-01 1.788300e+01
    endloop
  endfacet
  facet normal 1.605856e-01 -5.168851e-01 -8.408579e-01
    outer loop
      vertex   1.800000e+01 -5.000000e-01 1.340000e-01
      vertex   1.808500e+01 -3.890000e-01 8.200000e-02
      vertex   1.831000e+01 -4.590000e-01 1.680000e-01
    endloop
  endfacet
  facet normal -6.091538e-01 9.391623e-16 -7.930521e-01
    outer loop
      vertex   -6.450000e+01 0.000000e+00 1.340000e-01
      vertex   -6.470700e+01 0.000000e+00 2.930000e-01
      vertex   -6.450000e+01 1.500000e+00 1.340000e-01
    endloop
  endfacet
  facet normal -6.091538e-01 9.393008e-16 -7.930521e-01
    outer loop
      vertex   -6.450000e+01 1.500000e+00 1.340000e-01
      vertex   -6.470700e+01 0.000000e+00 2.930000e-01
      vertex   -6.470700e+01 1.500000e+00 2.930000e-01
    endloop
  endfacet
  facet normal -7.930574e-01 7.213749e-16 -6.091470e-01
    outer loop
      vertex   -6.470700e+01 0.000000e+00 2.930000e-01
      vertex   -6.486600e+01 0.000000e+00 5.000000e-01
      vertex   -6.470700e+01 1.500000e+00 2.930000e-01
    endloop
  endfacet
  facet normal -7.930574e-01 -7.089135e-16 -6.091470e-01
    outer loop
      vertex   -6.470700e+01 1.500000e+00 2.930000e-01
      vertex   -6.486600e+01 0.000000e+00 5.000000e-01
      vertex   -6.486600e+01 1.500000e+00 5.000000e-01
    endloop
  endfacet
  facet normal 1.467820e-01 3.791037e-01 -9.136386e-01
    outer loop
      vertex   2.200000e+01 5.000000e-01 3.134000e+00
      vertex   2.200000e+01 2.590000e-01 3.034000e+00
      vertex   2.176600e+01 4.460000e-01 3.074000e+00
    endloop
  endfacet
  facet normal -9.236346e-01 -4.538879e-16 -3.832743e-01
    outer loop
      vertex   -6.486600e+01 0.000000e+00 5.000000e-01
      vertex   -6.496600e+01 0.000000e+00 7.410000e-01
      vertex   -6.486600e+01 1.500000e+00 5.000000e-01
    endloop
  endfacet
  facet normal -9.236346e-01 4.520873e-16 -3.832743e-01
    outer loop
      vertex   -6.486600e+01 1.500000e+00 5.000000e-01
      vertex   -6.496600e+01 0.000000e+00 7.410000e-01
      vertex   -6.496600e+01 1.500000e+00 7.410000e-01
    endloop
  endfacet
  facet normal 6.091536e-01 9.391625e-16 -7.930523e-01
    outer loop
      vertex   6.470700e+01 0.000000e+00 3.293000e+00
      vertex   6.450000e+01 0.000000e+00 3.134000e+00
      vertex   6.470700e+01 1.500000e+00 3.293000e+00
    endloop
  endfacet
  facet normal 6.091536e-01 2.481172e-16 -7.930523e-01
    outer loop
      vertex   6.470700e+01 1.500000e+00 3.293000e+00
      vertex   6.450000e+01 0.000000e+00 3.134000e+00
      vertex   6.450000e+01 1.500000e+00 3.134000e+00
    endloop
  endfacet
  facet normal -9.914950e-01 7.706106e-17 -1.301446e-01
    outer loop
      vertex   -6.500000e+01 1.500000e+00 1.000000e+00
      vertex   -6.496600e+01 1.500000e+00 7.410000e-01
      vertex   -6.500000e+01 0.000000e+00 1.000000e+00
    endloop
  endfacet
  facet normal -9.914950e-01 1.549522e-16 -1.301446e-01
    outer loop
      vertex   -6.500000e+01 0.000000e+00 1.000000e+00
      vertex   -6.496600e+01 1.500000e+00 7.410000e-01
      vertex   -6.496600e+01 0.000000e+00 7.410000e-01
    endloop
  endfacet
  facet normal -2.953400e-01 -5.678277e-03 -9.553753e-01
    outer loop
      vertex   6.374100e+01 1.000000e+00 3.034000e+00
      vertex   6.380500e+01 1.950000e-01 3.019000e+00
      vertex   6.361700e+01 3.830000e-01 3.076000e+00
    endloop
  endfacet
  facet normal -3.832149e-01 1.414857e-02 -9.235509e-01
    outer loop
      vertex   6.350000e+01 1.000000e+00 3.134000e+00
      vertex   6.374100e+01 1.000000e+00 3.034000e+00
      vertex   6.361700e+01 3.830000e-01 3.076000e+00
    endloop
  endfacet
  facet normal 7.930539e-01 -6.091515e-01 0.000000e+00
    outer loop
      vertex   1.886600e+01 -5.000000e-01 2.600000e+01
      vertex   1.870700e+01 -7.070000e-01 2.600000e+01
      vertex   1.886600e+01 -5.000000e-01 2.175000e+01
    endloop
  endfacet
  facet normal 7.930539e-01 -6.091515e-01 0.000000e+00
    outer loop
      vertex   1.886600e+01 -5.000000e-01 2.175000e+01
      vertex   1.870700e+01 -7.070000e-01 2.600000e+01
      vertex   1.870700e+01 -7.070000e-01 1.820700e+01
    endloop
  endfacet
  facet normal 5.225781e-01 -1.483187e-01 -8.395914e-01
    outer loop
      vertex   1.850000e+01 0.000000e+00 1.340000e-01
      vertex   1.859500e+01 -2.540000e-01 2.380000e-01
      vertex   1.839900e+01 -2.200000e-01 1.100000e-01
    endloop
  endfacet
  facet normal -4.801240e-01 -8.589163e-03 -8.771586e-01
    outer loop
      vertex   6.361700e+01 3.830000e-01 3.076000e+00
      vertex   6.344400e+01 5.560000e-01 3.169000e+00
      vertex   6.350000e+01 1.000000e+00 3.134000e+00
    endloop
  endfacet
  facet normal -0.000000e+00 0.000000e+00 -1.000000e+00
    outer loop
      vertex   2.155500e+01 4.730000e-01 3.000000e+00
      vertex   2.000000e+01 0.000000e+00 3.000000e+00
      vertex   2.119000e+01 1.000000e+00 3.000000e+00
    endloop
  endfacet
  facet normal 1.243947e-15 -1.480297e-15 -1.000000e+00
    outer loop
      vertex   2.119000e+01 1.000000e+00 3.000000e+00
      vertex   2.000000e+01 0.000000e+00 3.000000e+00
      vertex   2.000000e+01 1.500000e+00 3.000000e+00
    endloop
  endfacet
  facet normal 0.000000e+00 -4.440892e-15 -1.000000e+00
    outer loop
      vertex   2.119000e+01 1.000000e+00 3.000000e+00
      vertex   2.000000e+01 1.500000e+00 3.000000e+00
      vertex   2.119000e+01 1.500000e+00 3.000000e+00
    endloop
  endfacet
  facet normal 0.000000e+00 -0.000000e+00 -1.000000e+00
    outer loop
      vertex   2.155500e+01 4.730000e-01 3.000000e+00
      vertex   2.200000e+01 0.000000e+00 3.000000e+00
      vertex   2.000000e+01 0.000000e+00 3.000000e+00
    endloop
  endfacet
  facet normal 6.534007e-01 -3.822763e-01 -6.534007e-01
    outer loop
      vertex   1.935500e+01 -2.590000e-01 2.808000e+00
      vertex   1.911300e+01 -5.000000e-01 2.707000e+00
      vertex   1.919200e+01 -2.590000e-01 2.645000e+00
    endloop
  endfacet
  facet normal 3.821766e-01 -7.497612e-02 -9.210427e-01
    outer loop
      vertex   1.825900e+01 0.000000e+00 3.400000e-02
      vertex   1.850000e+01 0.000000e+00 1.340000e-01
      vertex   1.839900e+01 -2.200000e-01 1.100000e-01
    endloop
  endfacet
  facet normal 6.534026e-01 -3.822800e-01 -6.533966e-01
    outer loop
      vertex   1.929300e+01 -5.000000e-01 2.887000e+00
      vertex   1.911300e+01 -5.000000e-01 2.707000e+00
      vertex   1.935500e+01 -2.590000e-01 2.808000e+00
    endloop
  endfacet
  facet normal -6.091536e-01 0.000000e+00 -7.930523e-01
    outer loop
      vertex   6.329300e+01 7.070000e-01 3.293000e+00
      vertex   6.329300e+01 1.000000e+00 3.293000e+00
      vertex   6.350000e+01 1.000000e+00 3.134000e+00
    endloop
  endfacet
  facet normal -6.091536e-01 7.043719e-16 -7.930523e-01
    outer loop
      vertex   6.350000e+01 1.000000e+00 3.134000e+00
      vertex   6.329300e+01 1.000000e+00 3.293000e+00
      vertex   6.350000e+01 1.500000e+00 3.134000e+00
    endloop
  endfacet
  facet normal -6.091536e-01 2.817903e-15 -7.930523e-01
    outer loop
      vertex   6.350000e+01 1.500000e+00 3.134000e+00
      vertex   6.329300e+01 1.000000e+00 3.293000e+00
      vertex   6.329300e+01 1.500000e+00 3.293000e+00
    endloop
  endfacet
  facet normal 3.147482e-01 -1.247587e-01 -9.409404e-01
    outer loop
      vertex   1.825900e+01 0.000000e+00 3.400000e-02
      vertex   1.839900e+01 -2.200000e-01 1.100000e-01
      vertex   1.818600e+01 -1.540000e-01 3.000000e-02
    endloop
  endfacet
  facet normal -6.242289e-01 1.716200e-02 -7.810530e-01
    outer loop
      vertex   6.350000e+01 1.000000e+00 3.134000e+00
      vertex   6.344400e+01 5.560000e-01 3.169000e+00
      vertex   6.329300e+01 7.070000e-01 3.293000e+00
    endloop
  endfacet
  facet normal 1.300730e-01 -3.592149e-02 -9.908535e-01
    outer loop
      vertex   1.800000e+01 0.000000e+00 0.000000e+00
      vertex   1.825900e+01 0.000000e+00 3.400000e-02
      vertex   1.818600e+01 -1.540000e-01 3.000000e-02
    endloop
  endfacet
  facet normal 5.208251e-02 -1.299808e-01 -9.901477e-01
    outer loop
      vertex   1.800000e+01 -2.590000e-01 3.400000e-02
      vertex   1.800000e+01 0.000000e+00 0.000000e+00
      vertex   1.818600e+01 -1.540000e-01 3.000000e-02
    endloop
  endfacet
  facet normal 8.201990e-01 6.760953e-02 -5.680692e-01
    outer loop
      vertex   2.119000e+01 1.000000e+00 3.000000e+00
      vertex   2.155500e+01 1.000000e+00 3.527000e+00
      vertex   2.134900e+01 9.700000e-01 3.226000e+00
    endloop
  endfacet
  facet normal 9.236346e-01 -3.832743e-01 0.000000e+00
    outer loop
      vertex   6.496600e+01 -2.590000e-01 4.000000e+00
      vertex   6.496600e+01 -2.590000e-01 1.750000e+01
      vertex   6.486600e+01 -5.000000e-01 4.000000e+00
    endloop
  endfacet
  facet normal 9.236346e-01 -3.832743e-01 0.000000e+00
    outer loop
      vertex   6.486600e+01 -5.000000e-01 4.000000e+00
      vertex   6.496600e+01 -2.590000e-01 1.750000e+01
      vertex   6.486600e+01 -5.000000e-01 1.750000e+01
    endloop
  endfacet
  facet normal -7.930574e-01 -6.091469e-01 0.000000e+00
    outer loop
      vertex   -6.470700e+01 -7.070000e-01 1.000000e+00
      vertex   -6.470700e+01 -7.070000e-01 2.600000e+01
      vertex   -6.486600e+01 -5.000000e-01 1.000000e+00
    endloop
  endfacet
  facet normal -7.930574e-01 -6.091469e-01 0.000000e+00
    outer loop
      vertex   -6.486600e+01 -5.000000e-01 1.000000e+00
      vertex   -6.470700e+01 -7.070000e-01 2.600000e+01
      vertex   -6.486600e+01 -5.000000e-01 2.600000e+01
    endloop
  endfacet
  facet normal 4.912544e-01 -3.828425e-01 -7.823687e-01
    outer loop
      vertex   1.929300e+01 -5.000000e-01 2.887000e+00
      vertex   1.935500e+01 -2.590000e-01 2.808000e+00
      vertex   1.950800e+01 -5.000000e-01 3.022000e+00
    endloop
  endfacet
  facet normal 9.914950e-01 -1.301446e-01 0.000000e+00
    outer loop
      vertex   6.500000e+01 0.000000e+00 4.000000e+00
      vertex   6.500000e+01 0.000000e+00 1.750000e+01
      vertex   6.496600e+01 -2.590000e-01 4.000000e+00
    endloop
  endfacet
  facet normal 9.914950e-01 -1.301446e-01 0.000000e+00
    outer loop
      vertex   6.496600e+01 -2.590000e-01 4.000000e+00
      vertex   6.500000e+01 0.000000e+00 1.750000e+01
      vertex   6.496600e+01 -2.590000e-01 1.750000e+01
    endloop
  endfacet
  facet normal 5.556525e-01 6.991323e-01 -4.499604e-01
    outer loop
      vertex   2.154500e+01 8.670000e-01 3.308000e+00
      vertex   2.134900e+01 9.700000e-01 3.226000e+00
      vertex   2.155500e+01 1.000000e+00 3.527000e+00
    endloop
  endfacet
  facet normal 0.000000e+00 -7.930521e-01 6.091538e-01
    outer loop
      vertex   1.870700e+01 -7.070000e-01 1.820700e+01
      vertex   2.311100e+01 -8.660000e-01 1.800000e+01
      vertex   2.311100e+01 -7.070000e-01 1.820700e+01
    endloop
  endfacet
  facet normal 0.000000e+00 -7.930521e-01 6.091538e-01
    outer loop
      vertex   2.311100e+01 -7.070000e-01 1.820700e+01
      vertex   2.311100e+01 -8.660000e-01 1.800000e+01
      vertex   6.400000e+01 -8.660000e-01 1.800000e+01
    endloop
  endfacet
  facet normal 0.000000e+00 -7.930521e-01 6.091538e-01
    outer loop
      vertex   2.311100e+01 -7.070000e-01 1.820700e+01
      vertex   6.400000e+01 -8.660000e-01 1.800000e+01
      vertex   6.400000e+01 -7.070000e-01 1.820700e+01
    endloop
  endfacet
  facet normal -0.000000e+00 -1.301574e-01 -9.914933e-01
    outer loop
      vertex   1.800000e+01 -2.590000e-01 3.400000e-02
      vertex   -6.400000e+01 -2.590000e-01 3.400000e-02
      vertex   1.800000e+01 0.000000e+00 0.000000e+00
    endloop
  endfacet
  facet normal -0.000000e+00 -1.301574e-01 -9.914933e-01
    outer loop
      vertex   1.800000e+01 0.000000e+00 0.000000e+00
      vertex   -6.400000e+01 -2.590000e-01 3.400000e-02
      vertex   -6.400000e+01 0.000000e+00 0.000000e+00
    endloop
  endfacet
  facet normal 9.298311e-04 8.810058e-01 -4.731045e-01
    outer loop
      vertex   5.850000e+01 8.660000e-01 3.500000e+00
      vertex   6.307600e+01 9.240000e-01 3.617000e+00
      vertex   6.316900e+01 8.310000e-01 3.444000e+00
    endloop
  endfacet
  facet normal 1.300033e-01 -9.903231e-01 4.857244e-02
    outer loop
      vertex   1.800000e+01 -1.000000e+00 2.600000e+01
      vertex   1.825900e+01 -9.660000e-01 2.600000e+01
      vertex   1.824800e+01 -9.620000e-01 2.611100e+01
    endloop
  endfacet
  facet normal 4.857244e-02 -9.903231e-01 1.300033e-01
    outer loop
      vertex   1.800000e+01 -9.660000e-01 2.625900e+01
      vertex   1.800000e+01 -1.000000e+00 2.600000e+01
      vertex   1.811100e+01 -9.620000e-01 2.624800e+01
    endloop
  endfacet
  facet normal 1.046834e-01 -9.889807e-01 1.046834e-01
    outer loop
      vertex   1.800000e+01 -1.000000e+00 2.600000e+01
      vertex   1.824800e+01 -9.620000e-01 2.611100e+01
      vertex   1.811100e+01 -9.620000e-01 2.624800e+01
    endloop
  endfacet
  facet normal 1.301570e-01 -9.914934e-01 0.000000e+00
    outer loop
      vertex   1.825900e+01 -9.660000e-01 1.000000e+00
      vertex   1.825900e+01 -9.660000e-01 2.000000e+00
      vertex   1.800000e+01 -1.000000e+00 1.000000e+00
    endloop
  endfacet
  facet normal 1.301570e-01 -9.914934e-01 0.000000e+00
    outer loop
      vertex   1.800000e+01 -1.000000e+00 1.000000e+00
      vertex   1.825900e+01 -9.660000e-01 2.000000e+00
      vertex   1.800000e+01 -1.000000e+00 2.000000e+00
    endloop
  endfacet
  facet normal 7.031323e-01 -1.058765e-01 -7.031323e-01
    outer loop
      vertex   1.935500e+01 -2.590000e-01 2.808000e+00
      vertex   1.919200e+01 -2.590000e-01 2.645000e+00
      vertex   1.929300e+01 0.000000e+00 2.707000e+00
    endloop
  endfacet
  facet normal 4.060269e-01 -9.075326e-01 1.073628e-01
    outer loop
      vertex   1.855400e+01 -8.290000e-01 2.607800e+01
      vertex   1.843000e+01 -8.620000e-01 2.626800e+01
      vertex   1.824800e+01 -9.620000e-01 2.611100e+01
    endloop
  endfacet
  facet normal 0.000000e+00 9.914934e-01 -1.301573e-01
    outer loop
      vertex   6.300000e+01 1.000000e+00 4.000000e+00
      vertex   5.850000e+01 9.660000e-01 3.741000e+00
      vertex   2.200000e+01 1.000000e+00 4.000000e+00
    endloop
  endfacet
  facet normal 0.000000e+00 9.914934e-01 -1.301573e-01
    outer loop
      vertex   2.200000e+01 1.000000e+00 4.000000e+00
      vertex   5.850000e+01 9.660000e-01 3.741000e+00
      vertex   2.200000e+01 9.660000e-01 3.741000e+00
    endloop
  endfacet
  facet normal -6.533184e-02 9.893751e-01 -1.298792e-01
    outer loop
      vertex   2.176600e+01 9.260000e-01 3.554000e+00
      vertex   2.200000e+01 1.000000e+00 4.000000e+00
      vertex   2.200000e+01 9.660000e-01 3.741000e+00
    endloop
  endfacet
  facet normal 3.822858e-01 -9.213055e-01 7.108987e-02
    outer loop
      vertex   1.824800e+01 -9.620000e-01 2.611100e+01
      vertex   1.825900e+01 -9.660000e-01 2.600000e+01
      vertex   1.850000e+01 -8.660000e-01 2.600000e+01
    endloop
  endfacet
  facet normal 3.497351e-01 8.771679e-01 -3.290317e-01
    outer loop
      vertex   2.176600e+01 9.260000e-01 3.554000e+00
      vertex   2.155500e+01 1.000000e+00 3.527000e+00
      vertex   2.200000e+01 1.000000e+00 4.000000e+00
    endloop
  endfacet
  facet normal 4.314245e-01 -7.923032e-01 -4.314262e-01
    outer loop
      vertex   1.826800e+01 -8.620000e-01 5.700000e-01
      vertex   1.840700e+01 -7.030000e-01 4.170000e-01
      vertex   1.843000e+01 -8.620000e-01 7.320000e-01
    endloop
  endfacet
  facet normal 1.467816e-01 9.136388e-01 -3.791034e-01
    outer loop
      vertex   2.176600e+01 9.260000e-01 3.554000e+00
      vertex   2.200000e+01 9.660000e-01 3.741000e+00
      vertex   2.200000e+01 8.660000e-01 3.500000e+00
    endloop
  endfacet
  facet normal 6.011771e-01 -1.612986e-01 -7.826677e-01
    outer loop
      vertex   1.935500e+01 -2.590000e-01 2.808000e+00
      vertex   1.929300e+01 0.000000e+00 2.707000e+00
      vertex   1.950000e+01 0.000000e+00 2.866000e+00
    endloop
  endfacet
  facet normal 4.075296e-01 -9.015249e-01 1.455078e-01
    outer loop
      vertex   1.824800e+01 -9.620000e-01 2.611100e+01
      vertex   1.850000e+01 -8.660000e-01 2.600000e+01
      vertex   1.855400e+01 -8.290000e-01 2.607800e+01
    endloop
  endfacet
  facet normal 1.000000e+00 -0.000000e+00 0.000000e+00
    outer loop
      vertex   6.500000e+01 0.000000e+00 1.750000e+01
      vertex   6.500000e+01 0.000000e+00 4.000000e+00
      vertex   6.500000e+01 1.500000e+00 1.750000e+01
    endloop
  endfacet
  facet normal 1.000000e+00 0.000000e+00 0.000000e+00
    outer loop
      vertex   6.500000e+01 1.500000e+00 1.750000e+01
      vertex   6.500000e+01 0.000000e+00 4.000000e+00
      vertex   6.500000e+01 1.500000e+00 4.000000e+00
    endloop
  endfacet
  facet normal 4.857059e-02 -9.903231e-01 -1.300037e-01
    outer loop
      vertex   1.800000e+01 -1.000000e+00 1.000000e+00
      vertex   1.800000e+01 -9.660000e-01 7.410000e-01
      vertex   1.811100e+01 -9.620000e-01 7.520000e-01
    endloop
  endfacet
  facet normal 5.820083e-01 -7.753425e-01 -2.451740e-01
    outer loop
      vertex   1.871800e+01 -6.670000e-01 7.990000e-01
      vertex   1.855400e+01 -8.290000e-01 9.220000e-01
      vertex   1.843000e+01 -8.620000e-01 7.320000e-01
    endloop
  endfacet
  facet normal 5.820179e-01 -7.750837e-01 -2.459685e-01
    outer loop
      vertex   1.843000e+01 -8.620000e-01 7.320000e-01
      vertex   1.858300e+01 -7.030000e-01 5.930000e-01
      vertex   1.871800e+01 -6.670000e-01 7.990000e-01
    endloop
  endfacet
  facet normal 9.455023e-02 8.439561e-01 -5.280136e-01
    outer loop
      vertex   2.176600e+01 8.040000e-01 3.359000e+00
      vertex   2.176600e+01 9.260000e-01 3.554000e+00
      vertex   2.200000e+01 8.660000e-01 3.500000e+00
    endloop
  endfacet
  facet normal 4.314255e-01 -7.923030e-01 4.314255e-01
    outer loop
      vertex   1.826800e+01 -8.620000e-01 2.643000e+01
      vertex   1.843000e+01 -8.620000e-01 2.626800e+01
      vertex   1.840700e+01 -7.030000e-01 2.658300e+01
    endloop
  endfacet
  facet normal 4.314255e-01 -7.923030e-01 4.314255e-01
    outer loop
      vertex   1.840700e+01 -7.030000e-01 2.658300e+01
      vertex   1.843000e+01 -8.620000e-01 2.626800e+01
      vertex   1.858300e+01 -7.030000e-01 2.640700e+01
    endloop
  endfacet
  facet normal 5.551370e-01 5.881427e-01 -5.881421e-01
    outer loop
      vertex   2.154500e+01 8.670000e-01 3.308000e+00
      vertex   2.154500e+01 6.920000e-01 3.133000e+00
      vertex   2.134900e+01 9.700000e-01 3.226000e+00
    endloop
  endfacet
  facet normal 5.551367e-01 5.881426e-01 -5.881424e-01
    outer loop
      vertex   2.134900e+01 7.740000e-01 3.030000e+00
      vertex   2.134900e+01 9.700000e-01 3.226000e+00
      vertex   2.154500e+01 6.920000e-01 3.133000e+00
    endloop
  endfacet
  facet normal 4.060267e-01 -9.075327e-01 -1.073629e-01
    outer loop
      vertex   1.843000e+01 -8.620000e-01 7.320000e-01
      vertex   1.855400e+01 -8.290000e-01 9.220000e-01
      vertex   1.824800e+01 -9.620000e-01 8.890000e-01
    endloop
  endfacet
  facet normal 3.426672e-01 6.642967e-01 -6.642960e-01
    outer loop
      vertex   2.176600e+01 8.040000e-01 3.359000e+00
      vertex   2.154500e+01 6.920000e-01 3.133000e+00
      vertex   2.154500e+01 8.670000e-01 3.308000e+00
    endloop
  endfacet
  facet normal -1.301560e-01 -9.914935e-01 0.000000e+00
    outer loop
      vertex   -6.400000e+01 -1.000000e+00 1.000000e+00
      vertex   -6.400000e+01 -1.000000e+00 2.600000e+01
      vertex   -6.425900e+01 -9.660000e-01 1.000000e+00
    endloop
  endfacet
  facet normal -1.301560e-01 -9.914935e-01 0.000000e+00
    outer loop
      vertex   -6.425900e+01 -9.660000e-01 1.000000e+00
      vertex   -6.400000e+01 -1.000000e+00 2.600000e+01
      vertex   -6.425900e+01 -9.660000e-01 2.600000e+01
    endloop
  endfacet
  facet normal -4.549048e-02 -7.922312e-01 6.085231e-01
    outer loop
      vertex   1.807800e+01 -8.290000e-01 2.655400e+01
      vertex   1.800000e+01 -7.070000e-01 2.670700e+01
      vertex   1.800000e+01 -8.660000e-01 2.650000e+01
    endloop
  endfacet
  facet normal 0.000000e+00 0.000000e+00 -1.000000e+00
    outer loop
      vertex   1.800000e+01 0.000000e+00 0.000000e+00
      vertex   -6.400000e+01 0.000000e+00 0.000000e+00
      vertex   1.800000e+01 1.500000e+00 0.000000e+00
    endloop
  endfacet
  facet normal -0.000000e+00 0.000000e+00 -1.000000e+00
    outer loop
      vertex   1.800000e+01 1.500000e+00 0.000000e+00
      vertex   -6.400000e+01 0.000000e+00 0.000000e+00
      vertex   -6.400000e+01 1.500000e+00 0.000000e+00
    endloop
  endfacet
  facet normal 3.429657e-01 7.958548e-01 -4.989886e-01
    outer loop
      vertex   2.176600e+01 9.260000e-01 3.554000e+00
      vertex   2.154500e+01 8.670000e-01 3.308000e+00
      vertex   2.155500e+01 1.000000e+00 3.527000e+00
    endloop
  endfacet
  facet normal 4.075291e-01 -9.015253e-01 -1.455066e-01
    outer loop
      vertex   1.855400e+01 -8.290000e-01 9.220000e-01
      vertex   1.850000e+01 -8.660000e-01 1.000000e+00
      vertex   1.824800e+01 -9.620000e-01 8.890000e-01
    endloop
  endfacet
  facet normal -9.914950e-01 -1.301446e-01 -0.000000e+00
    outer loop
      vertex   -6.500000e+01 0.000000e+00 2.600000e+01
      vertex   -6.500000e+01 0.000000e+00 1.000000e+00
      vertex   -6.496600e+01 -2.590000e-01 2.600000e+01
    endloop
  endfacet
  facet normal -9.914950e-01 -1.301446e-01 -0.000000e+00
    outer loop
      vertex   -6.496600e+01 -2.590000e-01 2.600000e+01
      vertex   -6.500000e+01 0.000000e+00 1.000000e+00
      vertex   -6.496600e+01 -2.590000e-01 1.000000e+00
    endloop
  endfacet
  facet normal 3.822858e-01 -9.213055e-01 -7.108990e-02
    outer loop
      vertex   1.824800e+01 -9.620000e-01 8.890000e-01
      vertex   1.850000e+01 -8.660000e-01 1.000000e+00
      vertex   1.825900e+01 -9.660000e-01 1.000000e+00
    endloop
  endfacet
  facet normal 1.300033e-01 -9.903231e-01 -4.857246e-02
    outer loop
      vertex   1.824800e+01 -9.620000e-01 8.890000e-01
      vertex   1.825900e+01 -9.660000e-01 1.000000e+00
      vertex   1.800000e+01 -1.000000e+00 1.000000e+00
    endloop
  endfacet
  facet normal 3.420975e-01 7.966042e-01 -4.983884e-01
    outer loop
      vertex   2.176600e+01 9.260000e-01 3.554000e+00
      vertex   2.176600e+01 8.040000e-01 3.359000e+00
      vertex   2.154500e+01 8.670000e-01 3.308000e+00
    endloop
  endfacet
  facet normal 1.046836e-01 -9.889807e-01 -1.046829e-01
    outer loop
      vertex   1.824800e+01 -9.620000e-01 8.890000e-01
      vertex   1.800000e+01 -1.000000e+00 1.000000e+00
      vertex   1.811100e+01 -9.620000e-01 7.520000e-01
    endloop
  endfacet
  facet normal 2.722450e-01 -9.229110e-01 -2.722461e-01
    outer loop
      vertex   1.826800e+01 -8.620000e-01 5.700000e-01
      vertex   1.843000e+01 -8.620000e-01 7.320000e-01
      vertex   1.811100e+01 -9.620000e-01 7.520000e-01
    endloop
  endfacet
  facet normal 2.722453e-01 -9.229117e-01 -2.722435e-01
    outer loop
      vertex   1.824800e+01 -9.620000e-01 8.890000e-01
      vertex   1.811100e+01 -9.620000e-01 7.520000e-01
      vertex   1.843000e+01 -8.620000e-01 7.320000e-01
    endloop
  endfacet
  facet normal 2.451729e-01 -7.753431e-01 5.820080e-01
    outer loop
      vertex   1.820100e+01 -6.670000e-01 2.671800e+01
      vertex   1.807800e+01 -8.290000e-01 2.655400e+01
      vertex   1.826800e+01 -8.620000e-01 2.643000e+01
    endloop
  endfacet
  facet normal 2.459691e-01 -7.750837e-01 5.820175e-01
    outer loop
      vertex   1.826800e+01 -8.620000e-01 2.643000e+01
      vertex   1.840700e+01 -7.030000e-01 2.658300e+01
      vertex   1.820100e+01 -6.670000e-01 2.671800e+01
    endloop
  endfacet
  facet normal 1.073628e-01 -9.075326e-01 4.060269e-01
    outer loop
      vertex   1.826800e+01 -8.620000e-01 2.643000e+01
      vertex   1.807800e+01 -8.290000e-01 2.655400e+01
      vertex   1.811100e+01 -9.620000e-01 2.624800e+01
    endloop
  endfacet
  facet normal 5.556522e-01 4.499600e-01 -6.991328e-01
    outer loop
      vertex   2.134900e+01 7.740000e-01 3.030000e+00
      vertex   2.154500e+01 6.920000e-01 3.133000e+00
      vertex   2.155500e+01 4.730000e-01 3.000000e+00
    endloop
  endfacet
  facet normal 0.000000e+00 7.728161e-01 -6.346301e-01
    outer loop
      vertex   6.329300e+01 7.070000e-01 3.293000e+00
      vertex   5.850000e+01 7.070000e-01 3.293000e+00
      vertex   6.316900e+01 8.310000e-01 3.444000e+00
    endloop
  endfacet
  facet normal -3.832580e-01 -9.236413e-01 -0.000000e+00
    outer loop
      vertex   -6.450000e+01 -8.660000e-01 2.600000e+01
      vertex   -6.450000e+01 -8.660000e-01 1.000000e+00
      vertex   -6.425900e+01 -9.660000e-01 2.600000e+01
    endloop
  endfacet
  facet normal -3.832580e-01 -9.236413e-01 -0.000000e+00
    outer loop
      vertex   -6.425900e+01 -9.660000e-01 2.600000e+01
      vertex   -6.450000e+01 -8.660000e-01 1.000000e+00
      vertex   -6.425900e+01 -9.660000e-01 1.000000e+00
    endloop
  endfacet
  facet normal 3.832554e-01 1.093812e-15 -9.236424e-01
    outer loop
      vertex   1.850000e+01 0.000000e+00 1.340000e-01
      vertex   1.825900e+01 0.000000e+00 3.400000e-02
      vertex   1.850000e+01 1.500000e+00 1.340000e-01
    endloop
  endfacet
  facet normal 3.832554e-01 5.407382e-16 -9.236424e-01
    outer loop
      vertex   1.850000e+01 1.500000e+00 1.340000e-01
      vertex   1.825900e+01 0.000000e+00 3.400000e-02
      vertex   1.825900e+01 1.500000e+00 3.400000e-02
    endloop
  endfacet
  facet normal 0.000000e+00 -9.236424e-01 3.832554e-01
    outer loop
      vertex   6.400000e+01 -9.660000e-01 1.775900e+01
      vertex   6.400000e+01 -8.660000e-01 1.800000e+01
      vertex   3.333300e+01 -9.660000e-01 1.775900e+01
    endloop
  endfacet
  facet normal 0.000000e+00 -9.236424e-01 3.832554e-01
    outer loop
      vertex   3.333300e+01 -9.660000e-01 1.775900e+01
      vertex   6.400000e+01 -8.660000e-01 1.800000e+01
      vertex   2.311100e+01 -8.660000e-01 1.800000e+01
    endloop
  endfacet
  facet normal 0.000000e+00 -9.236424e-01 3.832554e-01
    outer loop
      vertex   3.333300e+01 -9.660000e-01 1.775900e+01
      vertex   2.311100e+01 -8.660000e-01 1.800000e+01
      vertex   2.311100e+01 -9.660000e-01 1.775900e+01
    endloop
  endfacet
  facet normal 1.301570e-01 0.000000e+00 -9.914934e-01
    outer loop
      vertex   1.800000e+01 1.500000e+00 0.000000e+00
      vertex   1.825900e+01 1.500000e+00 3.400000e-02
      vertex   1.800000e+01 0.000000e+00 0.000000e+00
    endloop
  endfacet
  facet normal 1.301570e-01 5.888157e-16 -9.914934e-01
    outer loop
      vertex   1.800000e+01 0.000000e+00 0.000000e+00
      vertex   1.825900e+01 1.500000e+00 3.400000e-02
      vertex   1.825900e+01 0.000000e+00 3.400000e-02
    endloop
  endfacet
  facet normal 5.314295e-01 -1.094102e-01 -8.400072e-01
    outer loop
      vertex   1.935500e+01 -2.590000e-01 2.808000e+00
      vertex   1.950000e+01 0.000000e+00 2.866000e+00
      vertex   1.955100e+01 -2.590000e-01 2.932000e+00
    endloop
  endfacet
  facet normal 1.455078e-01 -9.015249e-01 4.075296e-01
    outer loop
      vertex   1.807800e+01 -8.290000e-01 2.655400e+01
      vertex   1.800000e+01 -8.660000e-01 2.650000e+01
      vertex   1.811100e+01 -9.620000e-01 2.624800e+01
    endloop
  endfacet
  facet normal 7.108987e-02 -9.213055e-01 3.822858e-01
    outer loop
      vertex   1.811100e+01 -9.620000e-01 2.624800e+01
      vertex   1.800000e+01 -8.660000e-01 2.650000e+01
      vertex   1.800000e+01 -9.660000e-01 2.625900e+01
    endloop
  endfacet
  facet normal 9.914931e-01 1.541391e-16 -1.301589e-01
    outer loop
      vertex   1.900000e+01 1.500000e+00 2.000000e+00
      vertex   1.903400e+01 1.500000e+00 2.259000e+00
      vertex   1.900000e+01 0.000000e+00 2.000000e+00
    endloop
  endfacet
  facet normal 9.914931e-01 1.549519e-16 -1.301589e-01
    outer loop
      vertex   1.900000e+01 0.000000e+00 2.000000e+00
      vertex   1.903400e+01 1.500000e+00 2.259000e+00
      vertex   1.903400e+01 0.000000e+00 2.259000e+00
    endloop
  endfacet
  facet normal 3.832580e-01 -9.236413e-01 0.000000e+00
    outer loop
      vertex   6.450000e+01 -8.660000e-01 4.000000e+00
      vertex   6.450000e+01 -8.660000e-01 1.750000e+01
      vertex   6.425900e+01 -9.660000e-01 4.000000e+00
    endloop
  endfacet
  facet normal 3.832580e-01 -9.236413e-01 0.000000e+00
    outer loop
      vertex   6.425900e+01 -9.660000e-01 4.000000e+00
      vertex   6.450000e+01 -8.660000e-01 1.750000e+01
      vertex   6.425900e+01 -9.660000e-01 1.750000e+01
    endloop
  endfacet
  facet normal 9.236423e-01 0.000000e+00 -3.832556e-01
    outer loop
      vertex   1.913400e+01 0.000000e+00 2.500000e+00
      vertex   1.903400e+01 0.000000e+00 2.259000e+00
      vertex   1.913400e+01 1.500000e+00 2.500000e+00
    endloop
  endfacet
  facet normal 9.236423e-01 4.520912e-16 -3.832556e-01
    outer loop
      vertex   1.913400e+01 1.500000e+00 2.500000e+00
      vertex   1.903400e+01 0.000000e+00 2.259000e+00
      vertex   1.903400e+01 1.500000e+00 2.259000e+00
    endloop
  endfacet
  facet normal 7.930539e-01 -3.606901e-16 -6.091515e-01
    outer loop
      vertex   1.929300e+01 0.000000e+00 2.707000e+00
      vertex   1.913400e+01 0.000000e+00 2.500000e+00
      vertex   1.929300e+01 1.500000e+00 2.707000e+00
    endloop
  endfacet
  facet normal 7.930539e-01 0.000000e+00 -6.091515e-01
    outer loop
      vertex   1.929300e+01 1.500000e+00 2.707000e+00
      vertex   1.913400e+01 0.000000e+00 2.500000e+00
      vertex   1.913400e+01 1.500000e+00 2.500000e+00
    endloop
  endfacet
  facet normal 2.722448e-01 -9.229115e-01 2.722448e-01
    outer loop
      vertex   1.843000e+01 -8.620000e-01 2.626800e+01
      vertex   1.826800e+01 -8.620000e-01 2.643000e+01
      vertex   1.824800e+01 -9.620000e-01 2.611100e+01
    endloop
  endfacet
  facet normal 2.722448e-01 -9.229115e-01 2.722448e-01
    outer loop
      vertex   1.824800e+01 -9.620000e-01 2.611100e+01
      vertex   1.826800e+01 -8.620000e-01 2.643000e+01
      vertex   1.811100e+01 -9.620000e-01 2.624800e+01
    endloop
  endfacet
  facet normal 8.098007e-01 -3.636094e-01 -4.604466e-01
    outer loop
      vertex   1.883200e+01 -4.590000e-01 6.900000e-01
      vertex   1.869700e+01 -4.950000e-01 4.810000e-01
      vertex   1.876200e+01 -2.540000e-01 4.050000e-01
    endloop
  endfacet
  facet normal 1.550336e-01 7.834625e-01 -6.017899e-01
    outer loop
      vertex   2.176600e+01 8.040000e-01 3.359000e+00
      vertex   2.200000e+01 8.660000e-01 3.500000e+00
      vertex   2.200000e+01 7.070000e-01 3.293000e+00
    endloop
  endfacet
  facet normal 4.314247e-01 -7.923031e-01 -4.314262e-01
    outer loop
      vertex   1.858300e+01 -7.030000e-01 5.930000e-01
      vertex   1.843000e+01 -8.620000e-01 7.320000e-01
      vertex   1.840700e+01 -7.030000e-01 4.170000e-01
    endloop
  endfacet
  facet normal 3.690100e-01 -5.879114e-01 7.198554e-01
    outer loop
      vertex   1.820100e+01 -6.670000e-01 2.671800e+01
      vertex   1.840700e+01 -7.030000e-01 2.658300e+01
      vertex   1.831000e+01 -4.590000e-01 2.683200e+01
    endloop
  endfacet
  facet normal -6.085231e-01 -7.922312e-01 -4.549048e-02
    outer loop
      vertex   -6.470700e+01 -7.070000e-01 2.600000e+01
      vertex   -6.450000e+01 -8.660000e-01 2.600000e+01
      vertex   -6.455400e+01 -8.290000e-01 2.607800e+01
    endloop
  endfacet
  facet normal 6.533999e-01 -3.822800e-01 -6.533992e-01
    outer loop
      vertex   1.859500e+01 -2.540000e-01 2.380000e-01
      vertex   1.876200e+01 -2.540000e-01 4.050000e-01
      vertex   1.851900e+01 -4.950000e-01 3.030000e-01
    endloop
  endfacet
  facet normal 6.533980e-01 -3.822764e-01 -6.534032e-01
    outer loop
      vertex   1.869700e+01 -4.950000e-01 4.810000e-01
      vertex   1.851900e+01 -4.950000e-01 3.030000e-01
      vertex   1.876200e+01 -2.540000e-01 4.050000e-01
    endloop
  endfacet
  facet normal -6.091538e-01 -7.930521e-01 0.000000e+00
    outer loop
      vertex   -6.450000e+01 -8.660000e-01 1.000000e+00
      vertex   -6.450000e+01 -8.660000e-01 2.600000e+01
      vertex   -6.470700e+01 -7.070000e-01 1.000000e+00
    endloop
  endfacet
  facet normal -6.091538e-01 -7.930521e-01 0.000000e+00
    outer loop
      vertex   -6.470700e+01 -7.070000e-01 1.000000e+00
      vertex   -6.450000e+01 -8.660000e-01 2.600000e+01
      vertex   -6.470700e+01 -7.070000e-01 2.600000e+01
    endloop
  endfacet
  facet normal -6.540454e-01 -7.479603e-01 1.130491e-01
    outer loop
      vertex   -6.455400e+01 -8.290000e-01 2.607800e+01
      vertex   -6.471800e+01 -6.670000e-01 2.620100e+01
      vertex   -6.470700e+01 -7.070000e-01 2.600000e+01
    endloop
  endfacet
  facet normal 9.326829e-02 7.040241e-01 -7.040249e-01
    outer loop
      vertex   2.176600e+01 8.040000e-01 3.359000e+00
      vertex   2.200000e+01 7.070000e-01 3.293000e+00
      vertex   2.176600e+01 6.410000e-01 3.196000e+00
    endloop
  endfacet
  facet normal -7.906672e-01 -6.073109e-01 7.758130e-02
    outer loop
      vertex   -6.470700e+01 -7.070000e-01 2.600000e+01
      vertex   -6.471800e+01 -6.670000e-01 2.620100e+01
      vertex   -6.486600e+01 -5.000000e-01 2.600000e+01
    endloop
  endfacet
  facet normal 3.426681e-01 6.642957e-01 -6.642964e-01
    outer loop
      vertex   2.176600e+01 6.410000e-01 3.196000e+00
      vertex   2.154500e+01 6.920000e-01 3.133000e+00
      vertex   2.176600e+01 8.040000e-01 3.359000e+00
    endloop
  endfacet
  facet normal 1.301585e-01 -6.165547e-16 9.914932e-01
    outer loop
      vertex   1.800000e+01 0.000000e+00 2.700000e+01
      vertex   1.825900e+01 0.000000e+00 2.696600e+01
      vertex   1.800000e+01 1.500000e+00 2.700000e+01
    endloop
  endfacet
  facet normal 1.301585e-01 0.000000e+00 9.914932e-01
    outer loop
      vertex   1.800000e+01 1.500000e+00 2.700000e+01
      vertex   1.825900e+01 0.000000e+00 2.696600e+01
      vertex   1.825900e+01 1.500000e+00 2.696600e+01
    endloop
  endfacet
  facet normal -5.823652e-01 -7.749811e-01 2.454690e-01
    outer loop
      vertex   -6.443000e+01 -8.620000e-01 2.626800e+01
      vertex   -6.458300e+01 -7.030000e-01 2.640700e+01
      vertex   -6.455400e+01 -8.290000e-01 2.607800e+01
    endloop
  endfacet
  facet normal 5.607198e-01 -6.092468e-01 -5.607242e-01
    outer loop
      vertex   1.869700e+01 -4.950000e-01 4.810000e-01
      vertex   1.858300e+01 -7.030000e-01 5.930000e-01
      vertex   1.851900e+01 -4.950000e-01 3.030000e-01
    endloop
  endfacet
  facet normal 5.607218e-01 -6.092455e-01 -5.607237e-01
    outer loop
      vertex   1.840700e+01 -7.030000e-01 4.170000e-01
      vertex   1.851900e+01 -4.950000e-01 3.030000e-01
      vertex   1.858300e+01 -7.030000e-01 5.930000e-01
    endloop
  endfacet
  facet normal 2.514892e-01 -3.156799e-01 9.149313e-01
    outer loop
      vertex   1.808500e+01 -3.890000e-01 2.691800e+01
      vertex   1.831000e+01 -4.590000e-01 2.683200e+01
      vertex   1.839900e+01 -2.200000e-01 2.689000e+01
    endloop
  endfacet
  facet normal 1.301560e-01 -9.914935e-01 0.000000e+00
    outer loop
      vertex   6.400000e+01 -1.000000e+00 1.750000e+01
      vertex   6.400000e+01 -1.000000e+00 4.000000e+00
      vertex   6.425900e+01 -9.660000e-01 1.750000e+01
    endloop
  endfacet
  facet normal 1.301560e-01 -9.914935e-01 0.000000e+00
    outer loop
      vertex   6.425900e+01 -9.660000e-01 1.750000e+01
      vertex   6.400000e+01 -1.000000e+00 4.000000e+00
      vertex   6.425900e+01 -9.660000e-01 4.000000e+00
    endloop
  endfacet
  facet normal -5.816841e-01 -7.754202e-01 2.456972e-01
    outer loop
      vertex   -6.458300e+01 -7.030000e-01 2.640700e+01
      vertex   -6.471800e+01 -6.670000e-01 2.620100e+01
      vertex   -6.455400e+01 -8.290000e-01 2.607800e+01
    endloop
  endfacet
  facet normal 4.628131e-01 -3.680466e-01 8.064402e-01
    outer loop
      vertex   1.839900e+01 -2.200000e-01 2.689000e+01
      vertex   1.831000e+01 -4.590000e-01 2.683200e+01
      vertex   1.859500e+01 -2.540000e-01 2.676200e+01
    endloop
  endfacet
  facet normal 7.203964e-01 -5.906160e-01 -3.635957e-01
    outer loop
      vertex   1.883200e+01 -4.590000e-01 6.900000e-01
      vertex   1.858300e+01 -7.030000e-01 5.930000e-01
      vertex   1.869700e+01 -4.950000e-01 4.810000e-01
    endloop
  endfacet
  facet normal 2.486351e-01 -3.099224e-01 9.176757e-01
    outer loop
      vertex   1.818600e+01 -1.540000e-01 2.697000e+01
      vertex   1.808500e+01 -3.890000e-01 2.691800e+01
      vertex   1.839900e+01 -2.200000e-01 2.689000e+01
    endloop
  endfacet
  facet normal -8.872859e-01 -3.127824e-02 -4.601580e-01
    outer loop
      vertex   6.313400e+01 1.000000e+00 3.500000e+00
      vertex   6.316900e+01 8.310000e-01 3.444000e+00
      vertex   6.307600e+01 9.240000e-01 3.617000e+00
    endloop
  endfacet
  facet normal 3.147474e-01 -1.247601e-01 9.409405e-01
    outer loop
      vertex   1.825900e+01 0.000000e+00 2.696600e+01
      vertex   1.818600e+01 -1.540000e-01 2.697000e+01
      vertex   1.839900e+01 -2.200000e-01 2.689000e+01
    endloop
  endfacet
  facet normal -8.271448e-01 -5.381672e-01 1.618872e-01
    outer loop
      vertex   -6.486600e+01 -5.000000e-01 2.600000e+01
      vertex   -6.471800e+01 -6.670000e-01 2.620100e+01
      vertex   -6.483200e+01 -4.590000e-01 2.631000e+01
    endloop
  endfacet
  facet normal -8.408553e-01 -5.168920e-01 1.605770e-01
    outer loop
      vertex   -6.486600e+01 -5.000000e-01 2.600000e+01
      vertex   -6.483200e+01 -4.590000e-01 2.631000e+01
      vertex   -6.491800e+01 -3.890000e-01 2.608500e+01
    endloop
  endfacet
  facet normal 0.000000e+00 -9.914934e-01 1.301570e-01
    outer loop
      vertex   6.400000e+01 -9.660000e-01 1.775900e+01
      vertex   3.333300e+01 -9.660000e-01 1.775900e+01
      vertex   6.400000e+01 -1.000000e+00 1.750000e+01
    endloop
  endfacet
  facet normal -9.217159e-01 -3.824781e-01 -6.442375e-02
    outer loop
      vertex   -6.496600e+01 -2.590000e-01 2.600000e+01
      vertex   -6.486600e+01 -5.000000e-01 2.600000e+01
      vertex   -6.491800e+01 -3.890000e-01 2.608500e+01
    endloop
  endfacet
  facet normal 7.893579e-01 -9.643146e-02 -6.063127e-01
    outer loop
      vertex   1.870700e+01 0.000000e+00 2.930000e-01
      vertex   1.886600e+01 0.000000e+00 5.000000e-01
      vertex   1.876200e+01 -2.540000e-01 4.050000e-01
    endloop
  endfacet
  facet normal 6.983690e-01 -1.567246e-01 -6.983682e-01
    outer loop
      vertex   1.870700e+01 0.000000e+00 2.930000e-01
      vertex   1.876200e+01 -2.540000e-01 4.050000e-01
      vertex   1.859500e+01 -2.540000e-01 2.380000e-01
    endloop
  endfacet
  facet normal 6.063150e-01 -9.643126e-02 -7.893562e-01
    outer loop
      vertex   1.850000e+01 0.000000e+00 1.340000e-01
      vertex   1.870700e+01 0.000000e+00 2.930000e-01
      vertex   1.859500e+01 -2.540000e-01 2.380000e-01
    endloop
  endfacet
  facet normal -9.547504e-01 -2.673076e-01 1.303779e-01
    outer loop
      vertex   -6.496600e+01 -2.590000e-01 2.600000e+01
      vertex   -6.491800e+01 -3.890000e-01 2.608500e+01
      vertex   -6.497000e+01 -1.540000e-01 2.618600e+01
    endloop
  endfacet
  facet normal -7.728146e-01 -0.000000e+00 -6.346319e-01
    outer loop
      vertex   6.329300e+01 1.000000e+00 3.293000e+00
      vertex   6.329300e+01 7.070000e-01 3.293000e+00
      vertex   6.316900e+01 8.310000e-01 3.444000e+00
    endloop
  endfacet
  facet normal 1.130548e-01 -7.479582e-01 6.540467e-01
    outer loop
      vertex   1.800000e+01 -7.070000e-01 2.670700e+01
      vertex   1.807800e+01 -8.290000e-01 2.655400e+01
      vertex   1.820100e+01 -6.670000e-01 2.671800e+01
    endloop
  endfacet
  facet normal -7.924901e-01 3.758346e-02 -6.087257e-01
    outer loop
      vertex   6.329300e+01 1.000000e+00 3.293000e+00
      vertex   6.316900e+01 8.310000e-01 3.444000e+00
      vertex   6.313400e+01 1.000000e+00 3.500000e+00
    endloop
  endfacet
  facet normal -9.901491e-01 -1.299679e-01 5.208691e-02
    outer loop
      vertex   -6.500000e+01 0.000000e+00 2.600000e+01
      vertex   -6.496600e+01 -2.590000e-01 2.600000e+01
      vertex   -6.497000e+01 -1.540000e-01 2.618600e+01
    endloop
  endfacet
  facet normal 3.420986e-01 4.983888e-01 -7.966035e-01
    outer loop
      vertex   2.176600e+01 6.410000e-01 3.196000e+00
      vertex   2.176600e+01 4.460000e-01 3.074000e+00
      vertex   2.154500e+01 6.920000e-01 3.133000e+00
    endloop
  endfacet
  facet normal 7.758985e-02 -6.073151e-01 7.906631e-01
    outer loop
      vertex   1.800000e+01 -5.000000e-01 2.686600e+01
      vertex   1.800000e+01 -7.070000e-01 2.670700e+01
      vertex   1.820100e+01 -6.670000e-01 2.671800e+01
    endloop
  endfacet
  facet normal -9.908549e-01 -3.592950e-02 1.300601e-01
    outer loop
      vertex   -6.500000e+01 0.000000e+00 2.600000e+01
      vertex   -6.497000e+01 -1.540000e-01 2.618600e+01
      vertex   -6.496600e+01 0.000000e+00 2.625900e+01
    endloop
  endfacet
  facet normal 7.930539e-01 -6.091515e-01 0.000000e+00
    outer loop
      vertex   1.886600e+01 -5.000000e-01 1.000000e+00
      vertex   1.886600e+01 -5.000000e-01 2.000000e+00
      vertex   1.870700e+01 -7.070000e-01 1.000000e+00
    endloop
  endfacet
  facet normal 7.930539e-01 -6.091515e-01 0.000000e+00
    outer loop
      vertex   1.870700e+01 -7.070000e-01 1.000000e+00
      vertex   1.886600e+01 -5.000000e-01 2.000000e+00
      vertex   1.870700e+01 -7.070000e-01 2.000000e+00
    endloop
  endfacet
  facet normal -9.159058e-01 -3.114857e-01 2.531665e-01
    outer loop
      vertex   -6.491800e+01 -3.890000e-01 2.608500e+01
      vertex   -6.483200e+01 -4.590000e-01 2.631000e+01
      vertex   -6.497000e+01 -1.540000e-01 2.618600e+01
    endloop
  endfacet
  facet normal -8.097942e-01 -3.636215e-01 4.604485e-01
    outer loop
      vertex   -6.476200e+01 -2.540000e-01 2.659500e+01
      vertex   -6.483200e+01 -4.590000e-01 2.631000e+01
      vertex   -6.469700e+01 -4.950000e-01 2.651900e+01
    endloop
  endfacet
  facet normal 6.085232e-01 -7.922312e-01 4.548996e-02
    outer loop
      vertex   1.870700e+01 -7.070000e-01 1.000000e+00
      vertex   1.850000e+01 -8.660000e-01 1.000000e+00
      vertex   1.855400e+01 -8.290000e-01 9.220000e-01
    endloop
  endfacet
  facet normal -8.064437e-01 -3.680455e-01 4.628077e-01
    outer loop
      vertex   -6.476200e+01 -2.540000e-01 2.659500e+01
      vertex   -6.489000e+01 -2.200000e-01 2.639900e+01
      vertex   -6.483200e+01 -4.590000e-01 2.631000e+01
    endloop
  endfacet
  facet normal 1.300024e-01 -9.903232e-01 4.857235e-02
    outer loop
      vertex   6.400000e+01 -1.000000e+00 1.750000e+01
      vertex   6.425900e+01 -9.660000e-01 1.750000e+01
      vertex   6.424800e+01 -9.620000e-01 1.761100e+01
    endloop
  endfacet
  facet normal -9.166363e-01 -3.143748e-01 2.468733e-01
    outer loop
      vertex   -6.483200e+01 -4.590000e-01 2.631000e+01
      vertex   -6.489000e+01 -2.200000e-01 2.639900e+01
      vertex   -6.497000e+01 -1.540000e-01 2.618600e+01
    endloop
  endfacet
  facet normal 1.073654e-01 -9.075327e-01 4.060259e-01
    outer loop
      vertex   6.426800e+01 -8.620000e-01 1.793000e+01
      vertex   6.407800e+01 -8.290000e-01 1.805400e+01
      vertex   6.411100e+01 -9.620000e-01 1.774800e+01
    endloop
  endfacet
  facet normal -4.314232e-01 -7.923030e-01 4.314279e-01
    outer loop
      vertex   -6.443000e+01 -8.620000e-01 2.626800e+01
      vertex   -6.440700e+01 -7.030000e-01 2.658300e+01
      vertex   -6.458300e+01 -7.030000e-01 2.640700e+01
    endloop
  endfacet
  facet normal 1.618927e-01 -5.381745e-01 8.271390e-01
    outer loop
      vertex   1.800000e+01 -5.000000e-01 2.686600e+01
      vertex   1.820100e+01 -6.670000e-01 2.671800e+01
      vertex   1.831000e+01 -4.590000e-01 2.683200e+01
    endloop
  endfacet
  facet normal 1.605815e-01 -5.168832e-01 8.408599e-01
    outer loop
      vertex   1.800000e+01 -5.000000e-01 2.686600e+01
      vertex   1.831000e+01 -4.590000e-01 2.683200e+01
      vertex   1.808500e+01 -3.890000e-01 2.691800e+01
    endloop
  endfacet
  facet normal 3.032064e-01 -3.803839e-01 -8.737128e-01
    outer loop
      vertex   1.977000e+01 -2.590000e-01 3.008000e+00
      vertex   1.950800e+01 -5.000000e-01 3.022000e+00
      vertex   1.955100e+01 -2.590000e-01 2.932000e+00
    endloop
  endfacet
  facet normal 1.455026e-01 -9.015265e-01 4.075279e-01
    outer loop
      vertex   6.407800e+01 -8.290000e-01 1.805400e+01
      vertex   6.400000e+01 -8.660000e-01 1.800000e+01
      vertex   6.411100e+01 -9.620000e-01 1.774800e+01
    endloop
  endfacet
  facet normal -6.443215e-02 -3.824592e-01 9.217231e-01
    outer loop
      vertex   1.800000e+01 -2.590000e-01 2.696600e+01
      vertex   1.800000e+01 -5.000000e-01 2.686600e+01
      vertex   1.808500e+01 -3.890000e-01 2.691800e+01
    endloop
  endfacet
  facet normal 1.550331e-01 6.017898e-01 -7.834627e-01
    outer loop
      vertex   2.176600e+01 6.410000e-01 3.196000e+00
      vertex   2.200000e+01 7.070000e-01 3.293000e+00
      vertex   2.200000e+01 5.000000e-01 3.134000e+00
    endloop
  endfacet
  facet normal -9.599422e-01 -1.100970e-01 -2.576618e-01
    outer loop
      vertex   6.303400e+01 1.000000e+00 3.741000e+00
      vertex   6.307600e+01 9.240000e-01 3.617000e+00
      vertex   6.301900e+01 9.810000e-01 3.805000e+00
    endloop
  endfacet
  facet normal 0.000000e+00 -1.000000e+00 0.000000e+00
    outer loop
      vertex   -1.041644e+01 -1.000000e+00 1.404494e+01
      vertex   -1.050000e+01 -1.000000e+00 1.500000e+01
      vertex   -6.400000e+01 -1.000000e+00 2.600000e+01
    endloop
  endfacet
  facet normal 0.000000e+00 -1.000000e+00 0.000000e+00
    outer loop
      vertex   -6.400000e+01 -1.000000e+00 2.600000e+01
      vertex   -1.050000e+01 -1.000000e+00 1.500000e+01
      vertex   -1.041644e+01 -1.000000e+00 1.595506e+01
    endloop
  endfacet
  facet normal 0.000000e+00 -1.000000e+00 0.000000e+00
    outer loop
      vertex   -6.400000e+01 -1.000000e+00 2.600000e+01
      vertex   -1.041644e+01 -1.000000e+00 1.595506e+01
      vertex   -1.016831e+01 -1.000000e+00 1.688111e+01
    endloop
  endfacet
  facet normal 0.000000e+00 -1.000000e+00 0.000000e+00
    outer loop
      vertex   -1.016831e+01 -1.000000e+00 1.688111e+01
      vertex   -9.763141e+00 -1.000000e+00 1.775000e+01
      vertex   -6.400000e+01 -1.000000e+00 2.600000e+01
    endloop
  endfacet
  facet normal 0.000000e+00 -1.000000e+00 0.000000e+00
    outer loop
      vertex   -6.400000e+01 -1.000000e+00 2.600000e+01
      vertex   -9.763141e+00 -1.000000e+00 1.775000e+01
      vertex   -9.213245e+00 -1.000000e+00 1.853533e+01
    endloop
  endfacet
  facet normal 0.000000e+00 -1.000000e+00 0.000000e+00
    outer loop
      vertex   -6.400000e+01 -1.000000e+00 2.600000e+01
      vertex   -9.213245e+00 -1.000000e+00 1.853533e+01
      vertex   -8.535333e+00 -1.000000e+00 1.921324e+01
    endloop
  endfacet
  facet normal 0.000000e+00 -1.000000e+00 0.000000e+00
    outer loop
      vertex   -8.535333e+00 -1.000000e+00 1.921324e+01
      vertex   -7.750001e+00 -1.000000e+00 1.976314e+01
      vertex   -6.400000e+01 -1.000000e+00 2.600000e+01
    endloop
  endfacet
  facet normal 0.000000e+00 -1.000000e+00 0.000000e+00
    outer loop
      vertex   -6.400000e+01 -1.000000e+00 2.600000e+01
      vertex   -7.750001e+00 -1.000000e+00 1.976314e+01
      vertex   -6.881112e+00 -1.000000e+00 2.016831e+01
    endloop
  endfacet
  facet normal 0.000000e+00 -1.000000e+00 0.000000e+00
    outer loop
      vertex   -6.400000e+01 -1.000000e+00 2.600000e+01
      vertex   -6.881112e+00 -1.000000e+00 2.016831e+01
      vertex   -5.955066e+00 -1.000000e+00 2.041644e+01
    endloop
  endfacet
  facet normal 0.000000e+00 -1.000000e+00 0.000000e+00
    outer loop
      vertex   -6.400000e+01 -1.000000e+00 2.600000e+01
      vertex   -5.955066e+00 -1.000000e+00 2.041644e+01
      vertex   1.800000e+01 -1.000000e+00 2.600000e+01
    endloop
  endfacet
  facet normal 0.000000e+00 -1.000000e+00 0.000000e+00
    outer loop
      vertex   1.800000e+01 -1.000000e+00 2.600000e+01
      vertex   -5.955066e+00 -1.000000e+00 2.041644e+01
      vertex   -5.000001e+00 -1.000000e+00 2.050000e+01
    endloop
  endfacet
  facet normal 0.000000e+00 -1.000000e+00 0.000000e+00
    outer loop
      vertex   1.800000e+01 -1.000000e+00 2.600000e+01
      vertex   -5.000001e+00 -1.000000e+00 2.050000e+01
      vertex   -4.044936e+00 -1.000000e+00 2.041644e+01
    endloop
  endfacet
  facet normal 0.000000e+00 -1.000000e+00 0.000000e+00
    outer loop
      vertex   -4.044936e+00 -1.000000e+00 2.041644e+01
      vertex   -3.118890e+00 -1.000000e+00 2.016831e+01
      vertex   1.800000e+01 -1.000000e+00 2.600000e+01
    endloop
  endfacet
  facet normal 0.000000e+00 -1.000000e+00 -0.000000e+00
    outer loop
      vertex   1.800000e+01 -1.000000e+00 2.600000e+01
      vertex   -3.118890e+00 -1.000000e+00 2.016831e+01
      vertex   1.800000e+01 -1.000000e+00 1.750000e+01
    endloop
  endfacet
  facet normal 0.000000e+00 -1.000000e+00 0.000000e+00
    outer loop
      vertex   1.800000e+01 -1.000000e+00 1.750000e+01
      vertex   -3.118890e+00 -1.000000e+00 2.016831e+01
      vertex   -2.250001e+00 -1.000000e+00 1.976314e+01
    endloop
  endfacet
  facet normal 0.000000e+00 -1.000000e+00 0.000000e+00
    outer loop
      vertex   1.800000e+01 -1.000000e+00 1.750000e+01
      vertex   -2.250001e+00 -1.000000e+00 1.976314e+01
      vertex   -1.464669e+00 -1.000000e+00 1.921324e+01
    endloop
  endfacet
  facet normal 0.000000e+00 -1.000000e+00 0.000000e+00
    outer loop
      vertex   -1.464669e+00 -1.000000e+00 1.921324e+01
      vertex   -7.867565e-01 -1.000000e+00 1.853533e+01
      vertex   1.800000e+01 -1.000000e+00 1.750000e+01
    endloop
  endfacet
  facet normal 0.000000e+00 -1.000000e+00 0.000000e+00
    outer loop
      vertex   1.800000e+01 -1.000000e+00 1.750000e+01
      vertex   -7.867565e-01 -1.000000e+00 1.853533e+01
      vertex   -2.368612e-01 -1.000000e+00 1.775000e+01
    endloop
  endfacet
  facet normal -0.000000e+00 -1.000000e+00 0.000000e+00
    outer loop
      vertex   1.800000e+01 -1.000000e+00 1.750000e+01
      vertex   -2.368612e-01 -1.000000e+00 1.775000e+01
      vertex   1.683084e-01 -1.000000e+00 1.688111e+01
    endloop
  endfacet
  facet normal 0.000000e+00 -1.000000e+00 0.000000e+00
    outer loop
      vertex   1.683084e-01 -1.000000e+00 1.688111e+01
      vertex   4.164417e-01 -1.000000e+00 1.595506e+01
      vertex   1.800000e+01 -1.000000e+00 1.750000e+01
    endloop
  endfacet
  facet normal 0.000000e+00 -1.000000e+00 0.000000e+00
    outer loop
      vertex   1.800000e+01 -1.000000e+00 1.750000e+01
      vertex   4.164417e-01 -1.000000e+00 1.595506e+01
      vertex   4.999990e-01 -1.000000e+00 1.500000e+01
    endloop
  endfacet
  facet normal 0.000000e+00 -1.000000e+00 0.000000e+00
    outer loop
      vertex   1.800000e+01 -1.000000e+00 1.750000e+01
      vertex   4.999990e-01 -1.000000e+00 1.500000e+01
      vertex   4.164417e-01 -1.000000e+00 1.404494e+01
    endloop
  endfacet
  facet normal 0.000000e+00 -1.000000e+00 -0.000000e+00
    outer loop
      vertex   4.164417e-01 -1.000000e+00 1.404494e+01
      vertex   1.683084e-01 -1.000000e+00 1.311889e+01
      vertex   1.800000e+01 -1.000000e+00 1.750000e+01
    endloop
  endfacet
  facet normal 0.000000e+00 -1.000000e+00 0.000000e+00
    outer loop
      vertex   1.800000e+01 -1.000000e+00 1.750000e+01
      vertex   1.683084e-01 -1.000000e+00 1.311889e+01
      vertex   -2.368612e-01 -1.000000e+00 1.225000e+01
    endloop
  endfacet
  facet normal 0.000000e+00 -1.000000e+00 -0.000000e+00
    outer loop
      vertex   1.800000e+01 -1.000000e+00 1.750000e+01
      vertex   -2.368612e-01 -1.000000e+00 1.225000e+01
      vertex   2.000000e+01 -1.000000e+00 4.000000e+00
    endloop
  endfacet
  facet normal 0.000000e+00 -1.000000e+00 0.000000e+00
    outer loop
      vertex   2.000000e+01 -1.000000e+00 4.000000e+00
      vertex   -2.368612e-01 -1.000000e+00 1.225000e+01
      vertex   -7.867565e-01 -1.000000e+00 1.146467e+01
    endloop
  endfacet
  facet normal 0.000000e+00 -1.000000e+00 0.000000e+00
    outer loop
      vertex   2.000000e+01 -1.000000e+00 4.000000e+00
      vertex   -7.867565e-01 -1.000000e+00 1.146467e+01
      vertex   -1.464669e+00 -1.000000e+00 1.078676e+01
    endloop
  endfacet
  facet normal 0.000000e+00 -1.000000e+00 -0.000000e+00
    outer loop
      vertex   -1.464669e+00 -1.000000e+00 1.078676e+01
      vertex   -2.250001e+00 -1.000000e+00 1.023686e+01
      vertex   2.000000e+01 -1.000000e+00 4.000000e+00
    endloop
  endfacet
  facet normal 0.000000e+00 -1.000000e+00 0.000000e+00
    outer loop
      vertex   2.000000e+01 -1.000000e+00 4.000000e+00
      vertex   -2.250001e+00 -1.000000e+00 1.023686e+01
      vertex   -3.118890e+00 -1.000000e+00 9.831691e+00
    endloop
  endfacet
  facet normal 0.000000e+00 -1.000000e+00 0.000000e+00
    outer loop
      vertex   2.000000e+01 -1.000000e+00 4.000000e+00
      vertex   -3.118890e+00 -1.000000e+00 9.831691e+00
      vertex   -4.044936e+00 -1.000000e+00 9.583557e+00
    endloop
  endfacet
  facet normal -0.000000e+00 -1.000000e+00 0.000000e+00
    outer loop
      vertex   2.000000e+01 -1.000000e+00 4.000000e+00
      vertex   -4.044936e+00 -1.000000e+00 9.583557e+00
      vertex   1.948200e+01 -1.000000e+00 3.932000e+00
    endloop
  endfacet
  facet normal 0.000000e+00 -1.000000e+00 0.000000e+00
    outer loop
      vertex   1.948200e+01 -1.000000e+00 3.932000e+00
      vertex   -4.044936e+00 -1.000000e+00 9.583557e+00
      vertex   -5.000001e+00 -1.000000e+00 9.500000e+00
    endloop
  endfacet
  facet normal -0.000000e+00 -1.000000e+00 0.000000e+00
    outer loop
      vertex   1.948200e+01 -1.000000e+00 3.932000e+00
      vertex   -5.000001e+00 -1.000000e+00 9.500000e+00
      vertex   1.900000e+01 -1.000000e+00 3.732000e+00
    endloop
  endfacet
  facet normal -0.000000e+00 -1.000000e+00 0.000000e+00
    outer loop
      vertex   1.900000e+01 -1.000000e+00 3.732000e+00
      vertex   -5.000001e+00 -1.000000e+00 9.500000e+00
      vertex   1.826800e+01 -1.000000e+00 3.000000e+00
    endloop
  endfacet
  facet normal -0.000000e+00 -1.000000e+00 0.000000e+00
    outer loop
      vertex   1.826800e+01 -1.000000e+00 3.000000e+00
      vertex   -5.000001e+00 -1.000000e+00 9.500000e+00
      vertex   1.806800e+01 -1.000000e+00 2.518000e+00
    endloop
  endfacet
  facet normal -0.000000e+00 -1.000000e+00 0.000000e+00
    outer loop
      vertex   1.806800e+01 -1.000000e+00 2.518000e+00
      vertex   -5.000001e+00 -1.000000e+00 9.500000e+00
      vertex   1.800000e+01 -1.000000e+00 2.000000e+00
    endloop
  endfacet
  facet normal 0.000000e+00 -1.000000e+00 0.000000e+00
    outer loop
      vertex   1.800000e+01 -1.000000e+00 2.000000e+00
      vertex   -5.000001e+00 -1.000000e+00 9.500000e+00
      vertex   -5.955066e+00 -1.000000e+00 9.583557e+00
    endloop
  endfacet
  facet normal -0.000000e+00 -1.000000e+00 0.000000e+00
    outer loop
      vertex   1.800000e+01 -1.000000e+00 2.000000e+00
      vertex   -5.955066e+00 -1.000000e+00 9.583557e+00
      vertex   -6.400000e+01 -1.000000e+00 1.000000e+00
    endloop
  endfacet
  facet normal 0.000000e+00 -1.000000e+00 0.000000e+00
    outer loop
      vertex   -6.400000e+01 -1.000000e+00 1.000000e+00
      vertex   -5.955066e+00 -1.000000e+00 9.583557e+00
      vertex   -6.881112e+00 -1.000000e+00 9.831691e+00
    endloop
  endfacet
  facet normal 0.000000e+00 -1.000000e+00 0.000000e+00
    outer loop
      vertex   -6.400000e+01 -1.000000e+00 1.000000e+00
      vertex   -6.881112e+00 -1.000000e+00 9.831691e+00
      vertex   -7.750001e+00 -1.000000e+00 1.023686e+01
    endloop
  endfacet
  facet normal -0.000000e+00 -1.000000e+00 0.000000e+00
    outer loop
      vertex   -7.750001e+00 -1.000000e+00 1.023686e+01
      vertex   -8.535333e+00 -1.000000e+00 1.078676e+01
      vertex   -6.400000e+01 -1.000000e+00 1.000000e+00
    endloop
  endfacet
  facet normal 0.000000e+00 -1.000000e+00 0.000000e+00
    outer loop
      vertex   -6.400000e+01 -1.000000e+00 1.000000e+00
      vertex   -8.535333e+00 -1.000000e+00 1.078676e+01
      vertex   -9.213245e+00 -1.000000e+00 1.146467e+01
    endloop
  endfacet
  facet normal 0.000000e+00 -1.000000e+00 0.000000e+00
    outer loop
      vertex   -6.400000e+01 -1.000000e+00 1.000000e+00
      vertex   -9.213245e+00 -1.000000e+00 1.146467e+01
      vertex   -9.763141e+00 -1.000000e+00 1.225000e+01
    endloop
  endfacet
  facet normal -0.000000e+00 -1.000000e+00 0.000000e+00
    outer loop
      vertex   -9.763141e+00 -1.000000e+00 1.225000e+01
      vertex   -1.016831e+01 -1.000000e+00 1.311889e+01
      vertex   -6.400000e+01 -1.000000e+00 1.000000e+00
    endloop
  endfacet
  facet normal 0.000000e+00 -1.000000e+00 0.000000e+00
    outer loop
      vertex   -6.400000e+01 -1.000000e+00 1.000000e+00
      vertex   -1.016831e+01 -1.000000e+00 1.311889e+01
      vertex   -1.041644e+01 -1.000000e+00 1.404494e+01
    endloop
  endfacet
  facet normal 0.000000e+00 -1.000000e+00 0.000000e+00
    outer loop
      vertex   -6.400000e+01 -1.000000e+00 1.000000e+00
      vertex   -1.041644e+01 -1.000000e+00 1.404494e+01
      vertex   -6.400000e+01 -1.000000e+00 2.600000e+01
    endloop
  endfacet
  facet normal 0.000000e+00 -1.000000e+00 0.000000e+00
    outer loop
      vertex   6.400000e+01 -1.000000e+00 4.000000e+00
      vertex   6.400000e+01 -1.000000e+00 1.750000e+01
      vertex   2.000000e+01 -1.000000e+00 4.000000e+00
    endloop
  endfacet
  facet normal 0.000000e+00 -1.000000e+00 0.000000e+00
    outer loop
      vertex   2.000000e+01 -1.000000e+00 4.000000e+00
      vertex   6.400000e+01 -1.000000e+00 1.750000e+01
      vertex   1.800000e+01 -1.000000e+00 1.750000e+01
    endloop
  endfacet
  facet normal 0.000000e+00 -1.000000e+00 0.000000e+00
    outer loop
      vertex   -6.400000e+01 -1.000000e+00 1.000000e+00
      vertex   1.800000e+01 -1.000000e+00 1.000000e+00
      vertex   1.800000e+01 -1.000000e+00 2.000000e+00
    endloop
  endfacet
  facet normal 3.052303e-01 -3.824898e-01 -8.720872e-01
    outer loop
      vertex   1.974800e+01 -5.000000e-01 3.106000e+00
      vertex   1.950800e+01 -5.000000e-01 3.022000e+00
      vertex   1.977000e+01 -2.590000e-01 3.008000e+00
    endloop
  endfacet
  facet normal 7.108987e-02 -9.213055e-01 3.822858e-01
    outer loop
      vertex   6.400000e+01 -8.660000e-01 1.800000e+01
      vertex   6.400000e+01 -9.660000e-01 1.775900e+01
      vertex   6.411100e+01 -9.620000e-01 1.774800e+01
    endloop
  endfacet
  facet normal 4.945047e-01 -3.801334e-01 -7.816417e-01
    outer loop
      vertex   1.955100e+01 -2.590000e-01 2.932000e+00
      vertex   1.950800e+01 -5.000000e-01 3.022000e+00
      vertex   1.935500e+01 -2.590000e-01 2.808000e+00
    endloop
  endfacet
  facet normal 4.857244e-02 -9.903231e-01 1.300033e-01
    outer loop
      vertex   6.411100e+01 -9.620000e-01 1.774800e+01
      vertex   6.400000e+01 -9.660000e-01 1.775900e+01
      vertex   6.400000e+01 -1.000000e+00 1.750000e+01
    endloop
  endfacet
  facet normal 1.046824e-01 -9.889807e-01 1.046838e-01
    outer loop
      vertex   6.411100e+01 -9.620000e-01 1.774800e+01
      vertex   6.400000e+01 -1.000000e+00 1.750000e+01
      vertex   6.424800e+01 -9.620000e-01 1.761100e+01
    endloop
  endfacet
  facet normal 1.303600e-01 -2.672935e-01 9.547567e-01
    outer loop
      vertex   1.800000e+01 -2.590000e-01 2.696600e+01
      vertex   1.808500e+01 -3.890000e-01 2.691800e+01
      vertex   1.818600e+01 -1.540000e-01 2.697000e+01
    endloop
  endfacet
  facet normal 5.208490e-02 -1.299822e-01 9.901474e-01
    outer loop
      vertex   1.800000e+01 0.000000e+00 2.700000e+01
      vertex   1.800000e+01 -2.590000e-01 2.696600e+01
      vertex   1.818600e+01 -1.540000e-01 2.697000e+01
    endloop
  endfacet
  facet normal 9.455040e-02 5.280143e-01 -8.439556e-01
    outer loop
      vertex   2.176600e+01 6.410000e-01 3.196000e+00
      vertex   2.200000e+01 5.000000e-01 3.134000e+00
      vertex   2.176600e+01 4.460000e-01 3.074000e+00
    endloop
  endfacet
  facet normal 2.722441e-01 -9.229108e-01 2.722479e-01
    outer loop
      vertex   6.411100e+01 -9.620000e-01 1.774800e+01
      vertex   6.424800e+01 -9.620000e-01 1.761100e+01
      vertex   6.426800e+01 -8.620000e-01 1.793000e+01
    endloop
  endfacet
  facet normal 2.722446e-01 -9.229106e-01 2.722478e-01
    outer loop
      vertex   6.443000e+01 -8.620000e-01 1.776800e+01
      vertex   6.426800e+01 -8.620000e-01 1.793000e+01
      vertex   6.424800e+01 -9.620000e-01 1.761100e+01
    endloop
  endfacet
  facet normal 1.300745e-01 -3.592408e-02 9.908532e-01
    outer loop
      vertex   1.818600e+01 -1.540000e-01 2.697000e+01
      vertex   1.825900e+01 0.000000e+00 2.696600e+01
      vertex   1.800000e+01 0.000000e+00 2.700000e+01
    endloop
  endfacet
  facet normal 9.236423e-01 -3.832556e-01 0.000000e+00
    outer loop
      vertex   1.886600e+01 -5.000000e-01 2.600000e+01
      vertex   1.886600e+01 -5.000000e-01 2.175000e+01
      vertex   1.896600e+01 -2.590000e-01 2.600000e+01
    endloop
  endfacet
  facet normal 9.236423e-01 -3.832556e-01 0.000000e+00
    outer loop
      vertex   1.896600e+01 -2.590000e-01 2.600000e+01
      vertex   1.886600e+01 -5.000000e-01 2.175000e+01
      vertex   1.896600e+01 -2.590000e-01 2.175000e+01
    endloop
  endfacet
  facet normal -9.176110e-01 1.141173e-01 -3.807457e-01
    outer loop
      vertex   6.313400e+01 1.000000e+00 3.500000e+00
      vertex   6.307600e+01 9.240000e-01 3.617000e+00
      vertex   6.303400e+01 1.000000e+00 3.741000e+00
    endloop
  endfacet
  facet normal 4.060291e-01 -9.075314e-01 1.073645e-01
    outer loop
      vertex   6.455400e+01 -8.290000e-01 1.757800e+01
      vertex   6.443000e+01 -8.620000e-01 1.776800e+01
      vertex   6.424800e+01 -9.620000e-01 1.761100e+01
    endloop
  endfacet
  facet normal 6.091538e-01 -7.930521e-01 0.000000e+00
    outer loop
      vertex   1.850000e+01 -8.660000e-01 2.600000e+01
      vertex   1.850000e+01 -8.660000e-01 2.175000e+01
      vertex   1.870700e+01 -7.070000e-01 2.600000e+01
    endloop
  endfacet
  facet normal 6.091538e-01 -7.930521e-01 0.000000e+00
    outer loop
      vertex   1.870700e+01 -7.070000e-01 2.600000e+01
      vertex   1.850000e+01 -8.660000e-01 2.175000e+01
      vertex   1.870700e+01 -7.070000e-01 1.820700e+01
    endloop
  endfacet
  facet normal 3.256494e-01 -1.157055e-01 -9.383841e-01
    outer loop
      vertex   1.977000e+01 -2.590000e-01 3.008000e+00
      vertex   1.955100e+01 -2.590000e-01 2.932000e+00
      vertex   1.974100e+01 0.000000e+00 2.966000e+00
    endloop
  endfacet
  facet normal -7.198547e-01 -5.879079e-01 3.690168e-01
    outer loop
      vertex   -6.471800e+01 -6.670000e-01 2.620100e+01
      vertex   -6.458300e+01 -7.030000e-01 2.640700e+01
      vertex   -6.483200e+01 -4.590000e-01 2.631000e+01
    endloop
  endfacet
  facet normal -9.659046e-01 1.971099e-01 -1.678573e-01
    outer loop
      vertex   6.303400e+01 1.000000e+00 3.741000e+00
      vertex   6.301900e+01 9.810000e-01 3.805000e+00
      vertex   6.300500e+01 9.950000e-01 3.902000e+00
    endloop
  endfacet
  facet normal 6.091536e-01 0.000000e+00 -7.930523e-01
    outer loop
      vertex   1.950000e+01 0.000000e+00 2.866000e+00
      vertex   1.929300e+01 0.000000e+00 2.707000e+00
      vertex   1.950000e+01 1.500000e+00 2.866000e+00
    endloop
  endfacet
  facet normal 6.091536e-01 -4.607892e-16 -7.930523e-01
    outer loop
      vertex   1.950000e+01 1.500000e+00 2.866000e+00
      vertex   1.929300e+01 0.000000e+00 2.707000e+00
      vertex   1.929300e+01 1.500000e+00 2.707000e+00
    endloop
  endfacet
  facet normal 3.832554e-01 -9.236424e-01 0.000000e+00
    outer loop
      vertex   1.850000e+01 -8.660000e-01 2.175000e+01
      vertex   1.850000e+01 -8.660000e-01 2.600000e+01
      vertex   1.825900e+01 -9.660000e-01 2.175000e+01
    endloop
  endfacet
  facet normal 3.832554e-01 -9.236424e-01 0.000000e+00
    outer loop
      vertex   1.825900e+01 -9.660000e-01 2.175000e+01
      vertex   1.850000e+01 -8.660000e-01 2.600000e+01
      vertex   1.825900e+01 -9.660000e-01 2.600000e+01
    endloop
  endfacet
  facet normal 3.822883e-01 -9.213044e-01 7.109008e-02
    outer loop
      vertex   6.424800e+01 -9.620000e-01 1.761100e+01
      vertex   6.425900e+01 -9.660000e-01 1.750000e+01
      vertex   6.450000e+01 -8.660000e-01 1.750000e+01
    endloop
  endfacet
  facet normal 9.914931e-01 -1.301589e-01 0.000000e+00
    outer loop
      vertex   1.900000e+01 0.000000e+00 2.600000e+01
      vertex   1.896600e+01 -2.590000e-01 2.600000e+01
      vertex   1.896600e+01 -2.590000e-01 2.175000e+01
    endloop
  endfacet
  facet normal -7.203957e-01 -5.906122e-01 3.636031e-01
    outer loop
      vertex   -6.458300e+01 -7.030000e-01 2.640700e+01
      vertex   -6.469700e+01 -4.950000e-01 2.651900e+01
      vertex   -6.483200e+01 -4.590000e-01 2.631000e+01
    endloop
  endfacet
  facet normal 3.784483e-01 -1.578942e-01 -9.120561e-01
    outer loop
      vertex   1.974100e+01 0.000000e+00 2.966000e+00
      vertex   1.955100e+01 -2.590000e-01 2.932000e+00
      vertex   1.950000e+01 0.000000e+00 2.866000e+00
    endloop
  endfacet
  facet normal 6.540471e-01 -7.479579e-01 -1.130549e-01
    outer loop
      vertex   1.870700e+01 -7.070000e-01 1.000000e+00
      vertex   1.855400e+01 -8.290000e-01 9.220000e-01
      vertex   1.871800e+01 -6.670000e-01 7.990000e-01
    endloop
  endfacet
  facet normal 9.159072e-01 -3.114796e-01 2.531689e-01
    outer loop
      vertex   1.897000e+01 -1.540000e-01 2.618600e+01
      vertex   1.883200e+01 -4.590000e-01 2.631000e+01
      vertex   1.891800e+01 -3.890000e-01 2.608500e+01
    endloop
  endfacet
  facet normal 1.287875e-01 -1.446698e-01 -9.810629e-01
    outer loop
      vertex   2.000000e+01 0.000000e+00 3.000000e+00
      vertex   1.977000e+01 -2.590000e-01 3.008000e+00
      vertex   1.974100e+01 0.000000e+00 2.966000e+00
    endloop
  endfacet
  facet normal -9.409376e-01 -1.247734e-01 3.147507e-01
    outer loop
      vertex   -6.496600e+01 0.000000e+00 2.625900e+01
      vertex   -6.497000e+01 -1.540000e-01 2.618600e+01
      vertex   -6.489000e+01 -2.200000e-01 2.639900e+01
    endloop
  endfacet
  facet normal -9.210343e-01 -7.497748e-02 3.821965e-01
    outer loop
      vertex   -6.486600e+01 0.000000e+00 2.650000e+01
      vertex   -6.496600e+01 0.000000e+00 2.625900e+01
      vertex   -6.489000e+01 -2.200000e-01 2.639900e+01
    endloop
  endfacet
  facet normal 9.901474e-01 -1.299822e-01 5.208490e-02
    outer loop
      vertex   1.897000e+01 -1.540000e-01 2.618600e+01
      vertex   1.896600e+01 -2.590000e-01 2.600000e+01
      vertex   1.900000e+01 0.000000e+00 2.600000e+01
    endloop
  endfacet
  facet normal -8.395950e-01 -1.483090e-01 5.225751e-01
    outer loop
      vertex   -6.486600e+01 0.000000e+00 2.650000e+01
      vertex   -6.489000e+01 -2.200000e-01 2.639900e+01
      vertex   -6.476200e+01 -2.540000e-01 2.659500e+01
    endloop
  endfacet
  facet normal 2.514896e-01 -3.156838e-01 9.149299e-01
    outer loop
      vertex   6.408500e+01 -3.890000e-01 1.841800e+01
      vertex   6.431000e+01 -4.590000e-01 1.833200e+01
      vertex   6.439900e+01 -2.200000e-01 1.839000e+01
    endloop
  endfacet
  facet normal -5.352182e-01 8.417867e-01 -7.026111e-02
    outer loop
      vertex   6.300000e+01 1.000000e+00 4.000000e+00
      vertex   6.303400e+01 1.000000e+00 3.741000e+00
      vertex   6.300500e+01 9.950000e-01 3.902000e+00
    endloop
  endfacet
  facet normal 9.547567e-01 -2.672935e-01 1.303600e-01
    outer loop
      vertex   1.896600e+01 -2.590000e-01 2.600000e+01
      vertex   1.897000e+01 -1.540000e-01 2.618600e+01
      vertex   1.891800e+01 -3.890000e-01 2.608500e+01
    endloop
  endfacet
  facet normal 4.628109e-01 -3.680528e-01 8.064386e-01
    outer loop
      vertex   6.439900e+01 -2.200000e-01 1.839000e+01
      vertex   6.431000e+01 -4.590000e-01 1.833200e+01
      vertex   6.459500e+01 -2.540000e-01 1.826200e+01
    endloop
  endfacet
  facet normal 7.198555e-01 -5.879121e-01 -3.690087e-01
    outer loop
      vertex   1.871800e+01 -6.670000e-01 7.990000e-01
      vertex   1.858300e+01 -7.030000e-01 5.930000e-01
      vertex   1.883200e+01 -4.590000e-01 6.900000e-01
    endloop
  endfacet
  facet normal 1.301558e-01 0.000000e+00 -9.914936e-01
    outer loop
      vertex   6.400000e+01 0.000000e+00 3.000000e+00
      vertex   6.400000e+01 1.000000e+00 3.000000e+00
      vertex   6.425900e+01 0.000000e+00 3.034000e+00
    endloop
  endfacet
  facet normal 1.301558e-01 1.174164e-15 -9.914936e-01
    outer loop
      vertex   6.425900e+01 0.000000e+00 3.034000e+00
      vertex   6.400000e+01 1.000000e+00 3.000000e+00
      vertex   6.425900e+01 1.500000e+00 3.034000e+00
    endloop
  endfacet
  facet normal 1.301558e-01 -4.396164e-15 -9.914936e-01
    outer loop
      vertex   6.425900e+01 1.500000e+00 3.034000e+00
      vertex   6.400000e+01 1.000000e+00 3.000000e+00
      vertex   6.400000e+01 1.500000e+00 3.000000e+00
    endloop
  endfacet
  facet normal 2.486311e-01 -3.099172e-01 9.176785e-01
    outer loop
      vertex   6.439900e+01 -2.200000e-01 1.839000e+01
      vertex   6.418600e+01 -1.540000e-01 1.847000e+01
      vertex   6.408500e+01 -3.890000e-01 1.841800e+01
    endloop
  endfacet
  facet normal 9.217231e-01 -3.824592e-01 -6.443215e-02
    outer loop
      vertex   1.886600e+01 -5.000000e-01 2.600000e+01
      vertex   1.896600e+01 -2.590000e-01 2.600000e+01
      vertex   1.891800e+01 -3.890000e-01 2.608500e+01
    endloop
  endfacet
  facet normal -9.697707e-02 -0.000000e+00 -9.952866e-01
    outer loop
      vertex   6.400000e+01 1.000000e+00 3.000000e+00
      vertex   6.400000e+01 0.000000e+00 3.000000e+00
      vertex   6.380500e+01 1.950000e-01 3.019000e+00
    endloop
  endfacet
  facet normal 9.166391e-01 -3.143721e-01 -2.468662e-01
    outer loop
      vertex   1.883200e+01 -4.590000e-01 6.900000e-01
      vertex   1.889000e+01 -2.200000e-01 6.010000e-01
      vertex   1.897000e+01 -1.540000e-01 8.140000e-01
    endloop
  endfacet
  facet normal 9.159074e-01 -3.114782e-01 -2.531698e-01
    outer loop
      vertex   1.897000e+01 -1.540000e-01 8.140000e-01
      vertex   1.891800e+01 -3.890000e-01 9.150000e-01
      vertex   1.883200e+01 -4.590000e-01 6.900000e-01
    endloop
  endfacet
  facet normal 1.113847e-01 -1.293472e-01 -9.853237e-01
    outer loop
      vertex   2.000000e+01 0.000000e+00 3.000000e+00
      vertex   2.000000e+01 -2.590000e-01 3.034000e+00
      vertex   1.977000e+01 -2.590000e-01 3.008000e+00
    endloop
  endfacet
  facet normal 8.064414e-01 -3.680451e-01 -4.628121e-01
    outer loop
      vertex   1.883200e+01 -4.590000e-01 6.900000e-01
      vertex   1.876200e+01 -2.540000e-01 4.050000e-01
      vertex   1.889000e+01 -2.200000e-01 6.010000e-01
    endloop
  endfacet
  facet normal 8.408599e-01 -5.168832e-01 1.605815e-01
    outer loop
      vertex   1.886600e+01 -5.000000e-01 2.600000e+01
      vertex   1.891800e+01 -3.890000e-01 2.608500e+01
      vertex   1.883200e+01 -4.590000e-01 2.631000e+01
    endloop
  endfacet
  facet normal 3.832558e-01 -5.469061e-16 -9.236422e-01
    outer loop
      vertex   1.974100e+01 0.000000e+00 2.966000e+00
      vertex   1.950000e+01 0.000000e+00 2.866000e+00
      vertex   1.974100e+01 1.500000e+00 2.966000e+00
    endloop
  endfacet
  facet normal 3.832558e-01 0.000000e+00 -9.236422e-01
    outer loop
      vertex   1.974100e+01 1.500000e+00 2.966000e+00
      vertex   1.950000e+01 0.000000e+00 2.866000e+00
      vertex   1.950000e+01 1.500000e+00 2.866000e+00
    endloop
  endfacet
  facet normal 1.130564e-01 -7.479562e-01 6.540487e-01
    outer loop
      vertex   6.400000e+01 -7.070000e-01 1.820700e+01
      vertex   6.407800e+01 -8.290000e-01 1.805400e+01
      vertex   6.420100e+01 -6.670000e-01 1.821800e+01
    endloop
  endfacet
  facet normal 2.911156e-01 -9.566873e-01 -1.055837e-03
    outer loop
      vertex   1.825900e+01 -9.660000e-01 2.175000e+01
      vertex   1.819500e+01 -9.810000e-01 1.769500e+01
      vertex   1.838300e+01 -9.240000e-01 1.788300e+01
    endloop
  endfacet
  facet normal 7.906631e-01 -6.073151e-01 -7.758994e-02
    outer loop
      vertex   1.886600e+01 -5.000000e-01 1.000000e+00
      vertex   1.870700e+01 -7.070000e-01 1.000000e+00
      vertex   1.871800e+01 -6.670000e-01 7.990000e-01
    endloop
  endfacet
  facet normal 3.832584e-01 2.734527e-16 -9.236412e-01
    outer loop
      vertex   6.450000e+01 0.000000e+00 3.134000e+00
      vertex   6.425900e+01 0.000000e+00 3.034000e+00
      vertex   6.450000e+01 1.500000e+00 3.134000e+00
    endloop
  endfacet
  facet normal 3.832584e-01 1.099213e-15 -9.236412e-01
    outer loop
      vertex   6.450000e+01 1.500000e+00 3.134000e+00
      vertex   6.425900e+01 0.000000e+00 3.034000e+00
      vertex   6.425900e+01 1.500000e+00 3.034000e+00
    endloop
  endfacet
  facet normal 7.759132e-02 -6.073151e-01 7.906630e-01
    outer loop
      vertex   6.400000e+01 -5.000000e-01 1.836600e+01
      vertex   6.400000e+01 -7.070000e-01 1.820700e+01
      vertex   6.420100e+01 -6.670000e-01 1.821800e+01
    endloop
  endfacet
  facet normal 2.446980e-01 -7.754968e-01 5.820031e-01
    outer loop
      vertex   6.426800e+01 -8.620000e-01 1.793000e+01
      vertex   6.440800e+01 -7.030000e-01 1.808300e+01
      vertex   6.420100e+01 -6.670000e-01 1.821800e+01
    endloop
  endfacet
  facet normal -1.301534e-01 8.126791e-03 -9.914606e-01
    outer loop
      vertex   6.374100e+01 1.000000e+00 3.034000e+00
      vertex   6.400000e+01 1.000000e+00 3.000000e+00
      vertex   6.380500e+01 1.950000e-01 3.019000e+00
    endloop
  endfacet
  facet normal 8.271389e-01 -5.381748e-01 -1.618924e-01
    outer loop
      vertex   1.871800e+01 -6.670000e-01 7.990000e-01
      vertex   1.883200e+01 -4.590000e-01 6.900000e-01
      vertex   1.886600e+01 -5.000000e-01 1.000000e+00
    endloop
  endfacet
  facet normal 6.085231e-01 -7.922312e-01 -4.549048e-02
    outer loop
      vertex   1.855400e+01 -8.290000e-01 2.607800e+01
      vertex   1.850000e+01 -8.660000e-01 2.600000e+01
      vertex   1.870700e+01 -7.070000e-01 2.600000e+01
    endloop
  endfacet
  facet normal 2.451817e-01 -7.753395e-01 5.820091e-01
    outer loop
      vertex   6.420100e+01 -6.670000e-01 1.821800e+01
      vertex   6.407800e+01 -8.290000e-01 1.805400e+01
      vertex   6.426800e+01 -8.620000e-01 1.793000e+01
    endloop
  endfacet
  facet normal -4.075316e-01 -9.015242e-01 1.455060e-01
    outer loop
      vertex   -6.424800e+01 -9.620000e-01 2.611100e+01
      vertex   -6.455400e+01 -8.290000e-01 2.607800e+01
      vertex   -6.450000e+01 -8.660000e-01 2.600000e+01
    endloop
  endfacet
  facet normal 8.408594e-01 -5.168841e-01 -1.605813e-01
    outer loop
      vertex   1.886600e+01 -5.000000e-01 1.000000e+00
      vertex   1.883200e+01 -4.590000e-01 6.900000e-01
      vertex   1.891800e+01 -3.890000e-01 9.150000e-01
    endloop
  endfacet
  facet normal -3.822883e-01 -9.213044e-01 7.109008e-02
    outer loop
      vertex   -6.424800e+01 -9.620000e-01 2.611100e+01
      vertex   -6.450000e+01 -8.660000e-01 2.600000e+01
      vertex   -6.425900e+01 -9.660000e-01 2.600000e+01
    endloop
  endfacet
  facet normal -4.548826e-02 -7.922312e-01 6.085232e-01
    outer loop
      vertex   6.400000e+01 -8.660000e-01 1.800000e+01
      vertex   6.407800e+01 -8.290000e-01 1.805400e+01
      vertex   6.400000e+01 -7.070000e-01 1.820700e+01
    endloop
  endfacet
  facet normal -1.300024e-01 -9.903232e-01 4.857235e-02
    outer loop
      vertex   -6.424800e+01 -9.620000e-01 2.611100e+01
      vertex   -6.425900e+01 -9.660000e-01 2.600000e+01
      vertex   -6.400000e+01 -1.000000e+00 2.600000e+01
    endloop
  endfacet
  facet normal 9.166387e-01 -3.143729e-01 2.468666e-01
    outer loop
      vertex   1.883200e+01 -4.590000e-01 2.631000e+01
      vertex   1.897000e+01 -1.540000e-01 2.618600e+01
      vertex   1.889000e+01 -2.200000e-01 2.639900e+01
    endloop
  endfacet
  facet normal 3.677799e-01 -5.877066e-01 7.206518e-01
    outer loop
      vertex   6.420100e+01 -6.670000e-01 1.821800e+01
      vertex   6.440800e+01 -7.030000e-01 1.808300e+01
      vertex   6.431000e+01 -4.590000e-01 1.833200e+01
    endloop
  endfacet
  facet normal 1.301567e-01 -1.467705e-15 -9.914934e-01
    outer loop
      vertex   2.000000e+01 0.000000e+00 3.000000e+00
      vertex   1.974100e+01 0.000000e+00 2.966000e+00
      vertex   2.000000e+01 1.500000e+00 3.000000e+00
    endloop
  endfacet
  facet normal 1.301567e-01 -5.843886e-16 -9.914934e-01
    outer loop
      vertex   2.000000e+01 1.500000e+00 3.000000e+00
      vertex   1.974100e+01 0.000000e+00 2.966000e+00
      vertex   1.974100e+01 1.500000e+00 2.966000e+00
    endloop
  endfacet
  facet normal 1.300718e-01 -3.592607e-02 -9.908535e-01
    outer loop
      vertex   6.400000e+01 0.000000e+00 3.000000e+00
      vertex   6.425900e+01 0.000000e+00 3.034000e+00
      vertex   6.418600e+01 -1.540000e-01 3.030000e+00
    endloop
  endfacet
  facet normal -1.000000e+00 0.000000e+00 0.000000e+00
    outer loop
      vertex   -6.500000e+01 0.000000e+00 1.000000e+00
      vertex   -6.500000e+01 0.000000e+00 2.600000e+01
      vertex   -6.500000e+01 1.500000e+00 1.000000e+00
    endloop
  endfacet
  facet normal -1.000000e+00 0.000000e+00 0.000000e+00
    outer loop
      vertex   -6.500000e+01 1.500000e+00 1.000000e+00
      vertex   -6.500000e+01 0.000000e+00 2.600000e+01
      vertex   -6.500000e+01 1.500000e+00 2.600000e+01
    endloop
  endfacet
  facet normal 5.208369e-02 -1.299805e-01 -9.901476e-01
    outer loop
      vertex   6.400000e+01 -2.590000e-01 3.034000e+00
      vertex   6.400000e+01 0.000000e+00 3.000000e+00
      vertex   6.418600e+01 -1.540000e-01 3.030000e+00
    endloop
  endfacet
  facet normal 8.098002e-01 -3.636099e-01 4.604470e-01
    outer loop
      vertex   1.869700e+01 -4.950000e-01 2.651900e+01
      vertex   1.883200e+01 -4.590000e-01 2.631000e+01
      vertex   1.876200e+01 -2.540000e-01 2.659500e+01
    endloop
  endfacet
  facet normal -4.314229e-01 -7.923031e-01 4.314280e-01
    outer loop
      vertex   -6.440700e+01 -7.030000e-01 2.658300e+01
      vertex   -6.443000e+01 -8.620000e-01 2.626800e+01
      vertex   -6.426800e+01 -8.620000e-01 2.643000e+01
    endloop
  endfacet
  facet normal 1.618937e-01 -5.381759e-01 8.271379e-01
    outer loop
      vertex   6.400000e+01 -5.000000e-01 1.836600e+01
      vertex   6.420100e+01 -6.670000e-01 1.821800e+01
      vertex   6.431000e+01 -4.590000e-01 1.833200e+01
    endloop
  endfacet
  facet normal 1.605825e-01 -5.168837e-01 8.408594e-01
    outer loop
      vertex   6.400000e+01 -5.000000e-01 1.836600e+01
      vertex   6.431000e+01 -4.590000e-01 1.833200e+01
      vertex   6.408500e+01 -3.890000e-01 1.841800e+01
    endloop
  endfacet
  facet normal 8.064402e-01 -3.680466e-01 4.628131e-01
    outer loop
      vertex   1.883200e+01 -4.590000e-01 2.631000e+01
      vertex   1.889000e+01 -2.200000e-01 2.639900e+01
      vertex   1.876200e+01 -2.540000e-01 2.659500e+01
    endloop
  endfacet
endsolid
