solid ASCII
  facet normal 0.000000e+00 1.000000e+00 0.000000e+00
    outer loop
      vertex   4.400220e+01 4.100000e+01 3.350000e+01
      vertex   4.400220e+01 4.100000e+01 -5.584450e+00
      vertex   -3.300000e+01 4.100000e+01 3.350000e+01
    endloop
  endfacet
  facet normal 0.000000e+00 1.000000e+00 0.000000e+00
    outer loop
      vertex   -3.300000e+01 4.100000e+01 3.350000e+01
      vertex   4.400220e+01 4.100000e+01 -5.584450e+00
      vertex   -3.300000e+01 4.100000e+01 -5.584450e+00
    endloop
  endfacet
  facet normal -7.071068e-01 7.071068e-01 0.000000e+00
    outer loop
      vertex   4.896884e+01 -5.106663e+01 -3.834400e+00
      vertex   4.896884e+01 -5.106663e+01 3.350000e+01
      vertex   4.973303e+01 -5.030244e+01 -3.834400e+00
    endloop
  endfacet
  facet normal -7.071068e-01 7.071068e-01 0.000000e+00
    outer loop
      vertex   4.973303e+01 -5.030244e+01 -3.834400e+00
      vertex   4.896884e+01 -5.106663e+01 3.350000e+01
      vertex   4.973303e+01 -5.030244e+01 3.350000e+01
    endloop
  endfacet
  facet normal 9.239538e-01 3.825041e-01 -0.000000e+00
    outer loop
      vertex   -2.754801e+01 -3.129223e+01 -5.584450e+00
      vertex   -2.754801e+01 -3.129223e+01 -3.834400e+00
      vertex   -2.694716e+01 -3.274361e+01 -5.584450e+00
    endloop
  endfacet
  facet normal 9.239538e-01 3.825041e-01 -0.000000e+00
    outer loop
      vertex   -2.694716e+01 -3.274361e+01 -5.584450e+00
      vertex   -2.754801e+01 -3.129223e+01 -3.834400e+00
      vertex   -2.694716e+01 -3.274361e+01 -3.834400e+00
    endloop
  endfacet
  facet normal 9.806544e-01 -1.957470e-01 0.000000e+00
    outer loop
      vertex   5.325646e+01 -4.655383e+01 -5.584450e+00
      vertex   5.325646e+01 -4.655383e+01 3.350000e+01
      vertex   5.301729e+01 -4.775203e+01 -5.584450e+00
    endloop
  endfacet
  facet normal 9.806544e-01 -1.957470e-01 0.000000e+00
    outer loop
      vertex   5.301729e+01 -4.775203e+01 -5.584450e+00
      vertex   5.325646e+01 -4.655383e+01 3.350000e+01
      vertex   5.301729e+01 -4.775203e+01 3.350000e+01
    endloop
  endfacet
  facet normal 9.610175e-01 2.764876e-01 -0.000000e+00
    outer loop
      vertex   -2.798202e+01 -2.978369e+01 -5.584450e+00
      vertex   -2.798202e+01 -2.978369e+01 -3.834400e+00
      vertex   -2.754801e+01 -3.129223e+01 -5.584450e+00
    endloop
  endfacet
  facet normal 9.610175e-01 2.764876e-01 -0.000000e+00
    outer loop
      vertex   -2.754801e+01 -3.129223e+01 -5.584450e+00
      vertex   -2.798202e+01 -2.978369e+01 -3.834400e+00
      vertex   -2.754801e+01 -3.129223e+01 -3.834400e+00
    endloop
  endfacet
  facet normal 9.857845e-01 1.680144e-01 0.000000e+00
    outer loop
      vertex   -2.798202e+01 -2.978369e+01 -3.834400e+00
      vertex   -2.798202e+01 -2.978369e+01 -5.584450e+00
      vertex   -2.824570e+01 -2.823664e+01 -3.834400e+00
    endloop
  endfacet
  facet normal 9.857845e-01 1.680144e-01 0.000000e+00
    outer loop
      vertex   -2.824570e+01 -2.823664e+01 -3.834400e+00
      vertex   -2.798202e+01 -2.978369e+01 -5.584450e+00
      vertex   -2.824570e+01 -2.823664e+01 -5.584450e+00
    endloop
  endfacet
  facet normal -9.771670e-01 2.124725e-01 0.000000e+00
    outer loop
      vertex   5.127891e+01 -4.747203e+01 -3.834400e+00
      vertex   5.127891e+01 -4.747203e+01 3.350000e+01
      vertex   5.150875e+01 -4.641500e+01 -3.834400e+00
    endloop
  endfacet
  facet normal -9.771670e-01 2.124725e-01 0.000000e+00
    outer loop
      vertex   5.150875e+01 -4.641500e+01 -3.834400e+00
      vertex   5.127891e+01 -4.747203e+01 3.350000e+01
      vertex   5.150875e+01 -4.641500e+01 3.350000e+01
    endloop
  endfacet
  facet normal -9.369916e-01 3.493518e-01 0.000000e+00
    outer loop
      vertex   5.090089e+01 -4.848589e+01 -3.834400e+00
      vertex   5.090089e+01 -4.848589e+01 3.350000e+01
      vertex   5.127891e+01 -4.747203e+01 -3.834400e+00
    endloop
  endfacet
  facet normal -9.369916e-01 3.493518e-01 0.000000e+00
    outer loop
      vertex   5.127891e+01 -4.747203e+01 -3.834400e+00
      vertex   5.090089e+01 -4.848589e+01 3.350000e+01
      vertex   5.127891e+01 -4.747203e+01 3.350000e+01
    endloop
  endfacet
  facet normal -8.774420e-01 4.796828e-01 0.000000e+00
    outer loop
      vertex   5.038171e+01 -4.943558e+01 -3.834400e+00
      vertex   5.038171e+01 -4.943558e+01 3.350000e+01
      vertex   5.090089e+01 -4.848589e+01 -3.834400e+00
    endloop
  endfacet
  facet normal -8.774420e-01 4.796828e-01 0.000000e+00
    outer loop
      vertex   5.090089e+01 -4.848589e+01 -3.834400e+00
      vertex   5.038171e+01 -4.943558e+01 3.350000e+01
      vertex   5.090089e+01 -4.848589e+01 3.350000e+01
    endloop
  endfacet
  facet normal -6.666210e-01 7.453968e-01 0.000000e+00
    outer loop
      vertex   -5.603550e+00 -3.761458e+01 -5.584450e+00
      vertex   -5.603550e+00 -3.761458e+01 -3.834400e+00
      vertex   -4.433351e+00 -3.656805e+01 -5.584450e+00
    endloop
  endfacet
  facet normal -6.666210e-01 7.453968e-01 0.000000e+00
    outer loop
      vertex   -4.433351e+00 -3.656805e+01 -5.584450e+00
      vertex   -5.603550e+00 -3.761458e+01 -3.834400e+00
      vertex   -4.433351e+00 -3.656805e+01 -3.834400e+00
    endloop
  endfacet
  facet normal -8.006462e-01 5.991374e-01 0.000000e+00
    outer loop
      vertex   4.973303e+01 -5.030244e+01 -3.834400e+00
      vertex   4.973303e+01 -5.030244e+01 3.350000e+01
      vertex   5.038171e+01 -4.943558e+01 -3.834400e+00
    endloop
  endfacet
  facet normal -8.006462e-01 5.991374e-01 0.000000e+00
    outer loop
      vertex   5.038171e+01 -4.943558e+01 -3.834400e+00
      vertex   4.973303e+01 -5.030244e+01 3.350000e+01
      vertex   5.038171e+01 -4.943558e+01 3.350000e+01
    endloop
  endfacet
  facet normal -5.786349e-01 8.155867e-01 0.000000e+00
    outer loop
      vertex   -6.884587e+00 -3.852344e+01 -5.584450e+00
      vertex   -6.884587e+00 -3.852344e+01 -3.834400e+00
      vertex   -5.603550e+00 -3.761458e+01 -5.584450e+00
    endloop
  endfacet
  facet normal -5.786349e-01 8.155867e-01 0.000000e+00
    outer loop
      vertex   -5.603550e+00 -3.761458e+01 -5.584450e+00
      vertex   -6.884587e+00 -3.852344e+01 -3.834400e+00
      vertex   -5.603550e+00 -3.761458e+01 -3.834400e+00
    endloop
  endfacet
  facet normal -4.840014e-01 8.750672e-01 0.000000e+00
    outer loop
      vertex   -8.257793e+00 -3.928296e+01 -5.584450e+00
      vertex   -8.257793e+00 -3.928296e+01 -3.834400e+00
      vertex   -6.884587e+00 -3.852344e+01 -5.584450e+00
    endloop
  endfacet
  facet normal -4.840014e-01 8.750672e-01 0.000000e+00
    outer loop
      vertex   -6.884587e+00 -3.852344e+01 -5.584450e+00
      vertex   -8.257793e+00 -3.928296e+01 -3.834400e+00
      vertex   -6.884587e+00 -3.852344e+01 -3.834400e+00
    endloop
  endfacet
  facet normal -3.825046e-01 9.239536e-01 0.000000e+00
    outer loop
      vertex   -9.709168e+00 -3.988381e+01 -5.584450e+00
      vertex   -9.709168e+00 -3.988381e+01 -3.834400e+00
      vertex   -8.257793e+00 -3.928296e+01 -5.584450e+00
    endloop
  endfacet
  facet normal -3.825046e-01 9.239536e-01 0.000000e+00
    outer loop
      vertex   -8.257793e+00 -3.928296e+01 -5.584450e+00
      vertex   -9.709168e+00 -3.988381e+01 -3.834400e+00
      vertex   -8.257793e+00 -3.928296e+01 -3.834400e+00
    endloop
  endfacet
  facet normal -2.764874e-01 9.610175e-01 0.000000e+00
    outer loop
      vertex   -1.121771e+01 -4.031782e+01 -5.584450e+00
      vertex   -1.121771e+01 -4.031782e+01 -3.834400e+00
      vertex   -9.709168e+00 -3.988381e+01 -5.584450e+00
    endloop
  endfacet
  facet normal -2.764874e-01 9.610175e-01 0.000000e+00
    outer loop
      vertex   -9.709168e+00 -3.988381e+01 -5.584450e+00
      vertex   -1.121771e+01 -4.031782e+01 -3.834400e+00
      vertex   -9.709168e+00 -3.988381e+01 -3.834400e+00
    endloop
  endfacet
  facet normal -7.117250e-02 9.974640e-01 0.000000e+00
    outer loop
      vertex   4.508140e+01 -5.284235e+01 3.350000e+01
      vertex   4.508140e+01 -5.284235e+01 -3.834400e+00
      vertex   4.400220e+01 -5.291935e+01 3.350000e+01
    endloop
  endfacet
  facet normal -7.117250e-02 9.974640e-01 0.000000e+00
    outer loop
      vertex   4.400220e+01 -5.291935e+01 3.350000e+01
      vertex   4.508140e+01 -5.284235e+01 -3.834400e+00
      vertex   4.400220e+01 -5.291935e+01 -3.834400e+00
    endloop
  endfacet
  facet normal -1.680144e-01 9.857845e-01 0.000000e+00
    outer loop
      vertex   -1.276476e+01 -4.058150e+01 -5.584450e+00
      vertex   -1.276476e+01 -4.058150e+01 -3.834400e+00
      vertex   -1.121771e+01 -4.031782e+01 -5.584450e+00
    endloop
  endfacet
  facet normal -1.680144e-01 9.857845e-01 0.000000e+00
    outer loop
      vertex   -1.121771e+01 -4.031782e+01 -5.584450e+00
      vertex   -1.276476e+01 -4.058150e+01 -3.834400e+00
      vertex   -1.121771e+01 -4.031782e+01 -3.834400e+00
    endloop
  endfacet
  facet normal -5.571746e-02 9.984466e-01 0.000000e+00
    outer loop
      vertex   -1.433280e+01 -4.066900e+01 -5.584450e+00
      vertex   -1.433280e+01 -4.066900e+01 -3.834400e+00
      vertex   -1.276476e+01 -4.058150e+01 -5.584450e+00
    endloop
  endfacet
  facet normal -5.571746e-02 9.984466e-01 0.000000e+00
    outer loop
      vertex   -1.276476e+01 -4.058150e+01 -5.584450e+00
      vertex   -1.433280e+01 -4.066900e+01 -3.834400e+00
      vertex   -1.276476e+01 -4.058150e+01 -3.834400e+00
    endloop
  endfacet
  facet normal -4.796828e-01 8.774420e-01 0.000000e+00
    outer loop
      vertex   4.810198e+01 -5.171531e+01 3.350000e+01
      vertex   4.810198e+01 -5.171531e+01 -3.834400e+00
      vertex   4.715229e+01 -5.223449e+01 3.350000e+01
    endloop
  endfacet
  facet normal -4.796828e-01 8.774420e-01 0.000000e+00
    outer loop
      vertex   4.715229e+01 -5.223449e+01 3.350000e+01
      vertex   4.810198e+01 -5.171531e+01 -3.834400e+00
      vertex   4.715229e+01 -5.223449e+01 -3.834400e+00
    endloop
  endfacet
  facet normal -5.991374e-01 8.006462e-01 0.000000e+00
    outer loop
      vertex   4.896884e+01 -5.106663e+01 3.350000e+01
      vertex   4.896884e+01 -5.106663e+01 -3.834400e+00
      vertex   4.810198e+01 -5.171531e+01 3.350000e+01
    endloop
  endfacet
  facet normal -5.991374e-01 8.006462e-01 0.000000e+00
    outer loop
      vertex   4.810198e+01 -5.171531e+01 3.350000e+01
      vertex   4.896884e+01 -5.106663e+01 -3.834400e+00
      vertex   4.810198e+01 -5.171531e+01 -3.834400e+00
    endloop
  endfacet
  facet normal -7.453968e-01 6.666211e-01 0.000000e+00
    outer loop
      vertex   -4.433351e+00 -3.656805e+01 -5.584450e+00
      vertex   -4.433351e+00 -3.656805e+01 -3.834400e+00
      vertex   -3.386821e+00 -3.539785e+01 -5.584450e+00
    endloop
  endfacet
  facet normal -7.453968e-01 6.666211e-01 0.000000e+00
    outer loop
      vertex   -3.386821e+00 -3.539785e+01 -5.584450e+00
      vertex   -4.433351e+00 -3.656805e+01 -3.834400e+00
      vertex   -3.386821e+00 -3.539785e+01 -3.834400e+00
    endloop
  endfacet
  facet normal -9.610175e-01 2.764876e-01 0.000000e+00
    outer loop
      vertex   -6.835768e-01 -2.978369e+01 -3.834400e+00
      vertex   -6.835768e-01 -2.978369e+01 -5.584450e+00
      vertex   -1.117589e+00 -3.129223e+01 -3.834400e+00
    endloop
  endfacet
  facet normal -9.610175e-01 2.764876e-01 0.000000e+00
    outer loop
      vertex   -1.117589e+00 -3.129223e+01 -3.834400e+00
      vertex   -6.835768e-01 -2.978369e+01 -5.584450e+00
      vertex   -1.117589e+00 -3.129223e+01 -5.584450e+00
    endloop
  endfacet
  facet normal -9.239535e-01 3.825047e-01 0.000000e+00
    outer loop
      vertex   -1.718440e+00 -3.274361e+01 -5.584450e+00
      vertex   -1.718440e+00 -3.274361e+01 -3.834400e+00
      vertex   -1.117589e+00 -3.129223e+01 -5.584450e+00
    endloop
  endfacet
  facet normal -9.239535e-01 3.825047e-01 0.000000e+00
    outer loop
      vertex   -1.117589e+00 -3.129223e+01 -5.584450e+00
      vertex   -1.718440e+00 -3.274361e+01 -3.834400e+00
      vertex   -1.117589e+00 -3.129223e+01 -3.834400e+00
    endloop
  endfacet
  facet normal 8.316080e-01 -5.553631e-01 0.000000e+00
    outer loop
      vertex   5.208510e+01 -5.000260e+01 -5.584450e+00
      vertex   5.208510e+01 -5.000260e+01 3.350000e+01
      vertex   5.140725e+01 -5.101763e+01 -5.584450e+00
    endloop
  endfacet
  facet normal 8.316080e-01 -5.553631e-01 0.000000e+00
    outer loop
      vertex   5.140725e+01 -5.101763e+01 -5.584450e+00
      vertex   5.208510e+01 -5.000260e+01 3.350000e+01
      vertex   5.140725e+01 -5.101763e+01 3.350000e+01
    endloop
  endfacet
  facet normal 7.519270e-01 -6.592464e-01 0.000000e+00
    outer loop
      vertex   5.140725e+01 -5.101763e+01 -5.584450e+00
      vertex   5.140725e+01 -5.101763e+01 3.350000e+01
      vertex   5.060222e+01 -5.193582e+01 -5.584450e+00
    endloop
  endfacet
  facet normal 7.519270e-01 -6.592464e-01 0.000000e+00
    outer loop
      vertex   5.060222e+01 -5.193582e+01 -5.584450e+00
      vertex   5.140725e+01 -5.101763e+01 3.350000e+01
      vertex   5.060222e+01 -5.193582e+01 3.350000e+01
    endloop
  endfacet
  facet normal -8.750675e-01 4.840008e-01 0.000000e+00
    outer loop
      vertex   -2.477962e+00 -3.411681e+01 -5.584450e+00
      vertex   -2.477962e+00 -3.411681e+01 -3.834400e+00
      vertex   -1.718440e+00 -3.274361e+01 -5.584450e+00
    endloop
  endfacet
  facet normal -8.750675e-01 4.840008e-01 0.000000e+00
    outer loop
      vertex   -1.718440e+00 -3.274361e+01 -5.584450e+00
      vertex   -2.477962e+00 -3.411681e+01 -3.834400e+00
      vertex   -1.718440e+00 -3.274361e+01 -3.834400e+00
    endloop
  endfacet
  facet normal -8.155863e-01 5.786355e-01 0.000000e+00
    outer loop
      vertex   -3.386821e+00 -3.539785e+01 -5.584450e+00
      vertex   -3.386821e+00 -3.539785e+01 -3.834400e+00
      vertex   -2.477962e+00 -3.411681e+01 -5.584450e+00
    endloop
  endfacet
  facet normal -8.155863e-01 5.786355e-01 0.000000e+00
    outer loop
      vertex   -2.477962e+00 -3.411681e+01 -5.584450e+00
      vertex   -3.386821e+00 -3.539785e+01 -3.834400e+00
      vertex   -2.477962e+00 -3.411681e+01 -3.834400e+00
    endloop
  endfacet
  facet normal -9.984466e-01 -5.571675e-02 -0.000000e+00
    outer loop
      vertex   -4.199023e-01 -2.510056e+01 -3.834400e+00
      vertex   -4.199023e-01 -2.510056e+01 -5.584450e+00
      vertex   -3.324000e-01 -2.666860e+01 -3.834400e+00
    endloop
  endfacet
  facet normal -9.984466e-01 -5.571675e-02 -0.000000e+00
    outer loop
      vertex   -3.324000e-01 -2.666860e+01 -3.834400e+00
      vertex   -4.199023e-01 -2.510056e+01 -5.584450e+00
      vertex   -3.324000e-01 -2.666860e+01 -5.584450e+00
    endloop
  endfacet
  facet normal -9.984466e-01 5.571675e-02 0.000000e+00
    outer loop
      vertex   -4.199023e-01 -2.823664e+01 -5.584450e+00
      vertex   -4.199023e-01 -2.823664e+01 -3.834400e+00
      vertex   -3.324000e-01 -2.666860e+01 -5.584450e+00
    endloop
  endfacet
  facet normal -9.984466e-01 5.571675e-02 0.000000e+00
    outer loop
      vertex   -3.324000e-01 -2.666860e+01 -5.584450e+00
      vertex   -4.199023e-01 -2.823664e+01 -3.834400e+00
      vertex   -3.324000e-01 -2.666860e+01 -3.834400e+00
    endloop
  endfacet
  facet normal -9.857845e-01 1.680148e-01 0.000000e+00
    outer loop
      vertex   -6.835768e-01 -2.978369e+01 -5.584450e+00
      vertex   -6.835768e-01 -2.978369e+01 -3.834400e+00
      vertex   -4.199023e-01 -2.823664e+01 -5.584450e+00
    endloop
  endfacet
  facet normal -9.857845e-01 1.680148e-01 0.000000e+00
    outer loop
      vertex   -4.199023e-01 -2.823664e+01 -5.584450e+00
      vertex   -6.835768e-01 -2.978369e+01 -3.834400e+00
      vertex   -4.199023e-01 -2.823664e+01 -3.834400e+00
    endloop
  endfacet
  facet normal 9.978854e-01 -6.499721e-02 0.000000e+00
    outer loop
      vertex   5.325646e+01 -4.655383e+01 3.350000e+01
      vertex   5.325646e+01 -4.655383e+01 -5.584450e+00
      vertex   5.333580e+01 -4.533580e+01 3.350000e+01
    endloop
  endfacet
  facet normal 9.978854e-01 -6.499721e-02 0.000000e+00
    outer loop
      vertex   5.333580e+01 -4.533580e+01 3.350000e+01
      vertex   5.325646e+01 -4.655383e+01 -5.584450e+00
      vertex   5.333580e+01 -4.533580e+01 -5.584450e+00
    endloop
  endfacet
  facet normal 9.984466e-01 -5.571746e-02 0.000000e+00
    outer loop
      vertex   -2.824570e+01 -2.510056e+01 -5.584450e+00
      vertex   -2.824570e+01 -2.510056e+01 -3.834400e+00
      vertex   -2.833320e+01 -2.666860e+01 -5.584450e+00
    endloop
  endfacet
  facet normal 9.984466e-01 -5.571746e-02 0.000000e+00
    outer loop
      vertex   -2.833320e+01 -2.666860e+01 -5.584450e+00
      vertex   -2.824570e+01 -2.510056e+01 -3.834400e+00
      vertex   -2.833320e+01 -2.666860e+01 -3.834400e+00
    endloop
  endfacet
  facet normal 9.857845e-01 -1.680144e-01 0.000000e+00
    outer loop
      vertex   -2.798202e+01 -2.355351e+01 -5.584450e+00
      vertex   -2.798202e+01 -2.355351e+01 -3.834400e+00
      vertex   -2.824570e+01 -2.510056e+01 -5.584450e+00
    endloop
  endfacet
  facet normal 9.857845e-01 -1.680144e-01 0.000000e+00
    outer loop
      vertex   -2.824570e+01 -2.510056e+01 -5.584450e+00
      vertex   -2.798202e+01 -2.355351e+01 -3.834400e+00
      vertex   -2.824570e+01 -2.510056e+01 -3.834400e+00
    endloop
  endfacet
  facet normal 9.610175e-01 -2.764874e-01 0.000000e+00
    outer loop
      vertex   -2.754801e+01 -2.204497e+01 -5.584450e+00
      vertex   -2.754801e+01 -2.204497e+01 -3.834400e+00
      vertex   -2.798202e+01 -2.355351e+01 -5.584450e+00
    endloop
  endfacet
  facet normal 9.610175e-01 -2.764874e-01 0.000000e+00
    outer loop
      vertex   -2.798202e+01 -2.355351e+01 -5.584450e+00
      vertex   -2.754801e+01 -2.204497e+01 -3.834400e+00
      vertex   -2.798202e+01 -2.355351e+01 -3.834400e+00
    endloop
  endfacet
  facet normal 9.239536e-01 -3.825046e-01 0.000000e+00
    outer loop
      vertex   -2.694716e+01 -2.059359e+01 -5.584450e+00
      vertex   -2.694716e+01 -2.059359e+01 -3.834400e+00
      vertex   -2.754801e+01 -2.204497e+01 -5.584450e+00
    endloop
  endfacet
  facet normal 9.239536e-01 -3.825046e-01 0.000000e+00
    outer loop
      vertex   -2.754801e+01 -2.204497e+01 -5.584450e+00
      vertex   -2.694716e+01 -2.059359e+01 -3.834400e+00
      vertex   -2.754801e+01 -2.204497e+01 -3.834400e+00
    endloop
  endfacet
  facet normal 8.750672e-01 -4.840014e-01 0.000000e+00
    outer loop
      vertex   -2.618764e+01 -1.922039e+01 -5.584450e+00
      vertex   -2.618764e+01 -1.922039e+01 -3.834400e+00
      vertex   -2.694716e+01 -2.059359e+01 -5.584450e+00
    endloop
  endfacet
  facet normal 8.750672e-01 -4.840014e-01 0.000000e+00
    outer loop
      vertex   -2.694716e+01 -2.059359e+01 -5.584450e+00
      vertex   -2.618764e+01 -1.922039e+01 -3.834400e+00
      vertex   -2.694716e+01 -2.059359e+01 -3.834400e+00
    endloop
  endfacet
  facet normal 8.155867e-01 -5.786349e-01 0.000000e+00
    outer loop
      vertex   -2.527878e+01 -1.793935e+01 -5.584450e+00
      vertex   -2.527878e+01 -1.793935e+01 -3.834400e+00
      vertex   -2.618764e+01 -1.922039e+01 -5.584450e+00
    endloop
  endfacet
  facet normal 8.155867e-01 -5.786349e-01 0.000000e+00
    outer loop
      vertex   -2.618764e+01 -1.922039e+01 -5.584450e+00
      vertex   -2.527878e+01 -1.793935e+01 -3.834400e+00
      vertex   -2.618764e+01 -1.922039e+01 -3.834400e+00
    endloop
  endfacet
  facet normal 7.453968e-01 -6.666210e-01 0.000000e+00
    outer loop
      vertex   -2.423225e+01 -1.676915e+01 -5.584450e+00
      vertex   -2.423225e+01 -1.676915e+01 -3.834400e+00
      vertex   -2.527878e+01 -1.793935e+01 -5.584450e+00
    endloop
  endfacet
  facet normal 7.453968e-01 -6.666210e-01 0.000000e+00
    outer loop
      vertex   -2.527878e+01 -1.793935e+01 -5.584450e+00
      vertex   -2.423225e+01 -1.676915e+01 -3.834400e+00
      vertex   -2.527878e+01 -1.793935e+01 -3.834400e+00
    endloop
  endfacet
  facet normal 6.666211e-01 -7.453968e-01 0.000000e+00
    outer loop
      vertex   -2.423225e+01 -1.676915e+01 -3.834400e+00
      vertex   -2.423225e+01 -1.676915e+01 -5.584450e+00
      vertex   -2.306205e+01 -1.572262e+01 -3.834400e+00
    endloop
  endfacet
  facet normal 6.666211e-01 -7.453968e-01 0.000000e+00
    outer loop
      vertex   -2.306205e+01 -1.572262e+01 -3.834400e+00
      vertex   -2.423225e+01 -1.676915e+01 -5.584450e+00
      vertex   -2.306205e+01 -1.572262e+01 -5.584450e+00
    endloop
  endfacet
  facet normal -3.213898e-01 -9.469470e-01 -0.000000e+00
    outer loop
      vertex   -3.657127e+01 -5.395888e+01 3.350000e+01
      vertex   -3.657127e+01 -5.395888e+01 -5.584450e+00
      vertex   -3.541623e+01 -5.435089e+01 3.350000e+01
    endloop
  endfacet
  facet normal -3.213898e-01 -9.469470e-01 -0.000000e+00
    outer loop
      vertex   -3.541623e+01 -5.435089e+01 3.350000e+01
      vertex   -3.657127e+01 -5.395888e+01 -5.584450e+00
      vertex   -3.541623e+01 -5.435089e+01 -5.584450e+00
    endloop
  endfacet
  facet normal -1.957470e-01 -9.806544e-01 0.000000e+00
    outer loop
      vertex   -3.421803e+01 -5.459006e+01 -5.584450e+00
      vertex   -3.421803e+01 -5.459006e+01 3.350000e+01
      vertex   -3.541623e+01 -5.435089e+01 -5.584450e+00
    endloop
  endfacet
  facet normal -1.957470e-01 -9.806544e-01 0.000000e+00
    outer loop
      vertex   -3.541623e+01 -5.435089e+01 -5.584450e+00
      vertex   -3.421803e+01 -5.459006e+01 3.350000e+01
      vertex   -3.541623e+01 -5.435089e+01 3.350000e+01
    endloop
  endfacet
  facet normal 5.786355e-01 -8.155863e-01 0.000000e+00
    outer loop
      vertex   -2.178101e+01 -1.481376e+01 -5.584450e+00
      vertex   -2.178101e+01 -1.481376e+01 -3.834400e+00
      vertex   -2.306205e+01 -1.572262e+01 -5.584450e+00
    endloop
  endfacet
  facet normal 5.786355e-01 -8.155863e-01 0.000000e+00
    outer loop
      vertex   -2.306205e+01 -1.572262e+01 -5.584450e+00
      vertex   -2.178101e+01 -1.481376e+01 -3.834400e+00
      vertex   -2.306205e+01 -1.572262e+01 -3.834400e+00
    endloop
  endfacet
  facet normal 4.840008e-01 -8.750675e-01 0.000000e+00
    outer loop
      vertex   -2.040781e+01 -1.405424e+01 -5.584450e+00
      vertex   -2.040781e+01 -1.405424e+01 -3.834400e+00
      vertex   -2.178101e+01 -1.481376e+01 -5.584450e+00
    endloop
  endfacet
  facet normal 4.840008e-01 -8.750675e-01 0.000000e+00
    outer loop
      vertex   -2.178101e+01 -1.481376e+01 -5.584450e+00
      vertex   -2.040781e+01 -1.405424e+01 -3.834400e+00
      vertex   -2.178101e+01 -1.481376e+01 -3.834400e+00
    endloop
  endfacet
  facet normal 3.825047e-01 -9.239535e-01 0.000000e+00
    outer loop
      vertex   -1.895643e+01 -1.345339e+01 -5.584450e+00
      vertex   -1.895643e+01 -1.345339e+01 -3.834400e+00
      vertex   -2.040781e+01 -1.405424e+01 -5.584450e+00
    endloop
  endfacet
  facet normal 3.825047e-01 -9.239535e-01 0.000000e+00
    outer loop
      vertex   -2.040781e+01 -1.405424e+01 -5.584450e+00
      vertex   -1.895643e+01 -1.345339e+01 -3.834400e+00
      vertex   -2.040781e+01 -1.405424e+01 -3.834400e+00
    endloop
  endfacet
  facet normal 2.764876e-01 -9.610175e-01 0.000000e+00
    outer loop
      vertex   -1.744789e+01 -1.301938e+01 -5.584450e+00
      vertex   -1.744789e+01 -1.301938e+01 -3.834400e+00
      vertex   -1.895643e+01 -1.345339e+01 -5.584450e+00
    endloop
  endfacet
  facet normal 2.764876e-01 -9.610175e-01 0.000000e+00
    outer loop
      vertex   -1.895643e+01 -1.345339e+01 -5.584450e+00
      vertex   -1.744789e+01 -1.301938e+01 -3.834400e+00
      vertex   -1.895643e+01 -1.345339e+01 -3.834400e+00
    endloop
  endfacet
  facet normal 1.680148e-01 -9.857845e-01 0.000000e+00
    outer loop
      vertex   -1.590084e+01 -1.275570e+01 -5.584450e+00
      vertex   -1.590084e+01 -1.275570e+01 -3.834400e+00
      vertex   -1.744789e+01 -1.301938e+01 -5.584450e+00
    endloop
  endfacet
  facet normal 1.680148e-01 -9.857845e-01 0.000000e+00
    outer loop
      vertex   -1.744789e+01 -1.301938e+01 -5.584450e+00
      vertex   -1.590084e+01 -1.275570e+01 -3.834400e+00
      vertex   -1.744789e+01 -1.301938e+01 -3.834400e+00
    endloop
  endfacet
  facet normal 5.571675e-02 -9.984466e-01 0.000000e+00
    outer loop
      vertex   -1.433280e+01 -1.266820e+01 -5.584450e+00
      vertex   -1.433280e+01 -1.266820e+01 -3.834400e+00
      vertex   -1.590084e+01 -1.275570e+01 -5.584450e+00
    endloop
  endfacet
  facet normal 5.571675e-02 -9.984466e-01 0.000000e+00
    outer loop
      vertex   -1.590084e+01 -1.275570e+01 -5.584450e+00
      vertex   -1.433280e+01 -1.266820e+01 -3.834400e+00
      vertex   -1.590084e+01 -1.275570e+01 -3.834400e+00
    endloop
  endfacet
  facet normal 1.680144e-01 9.857845e-01 -0.000000e+00
    outer loop
      vertex   2.221991e+01 -4.031782e+01 -5.584450e+00
      vertex   2.221991e+01 -4.031782e+01 -3.834400e+00
      vertex   2.376696e+01 -4.058150e+01 -5.584450e+00
    endloop
  endfacet
  facet normal 1.680144e-01 9.857845e-01 -0.000000e+00
    outer loop
      vertex   2.376696e+01 -4.058150e+01 -5.584450e+00
      vertex   2.221991e+01 -4.031782e+01 -3.834400e+00
      vertex   2.376696e+01 -4.058150e+01 -3.834400e+00
    endloop
  endfacet
  facet normal 2.764874e-01 9.610175e-01 -0.000000e+00
    outer loop
      vertex   2.071137e+01 -3.988381e+01 -5.584450e+00
      vertex   2.071137e+01 -3.988381e+01 -3.834400e+00
      vertex   2.221991e+01 -4.031782e+01 -5.584450e+00
    endloop
  endfacet
  facet normal 2.764874e-01 9.610175e-01 -0.000000e+00
    outer loop
      vertex   2.221991e+01 -4.031782e+01 -5.584450e+00
      vertex   2.071137e+01 -3.988381e+01 -3.834400e+00
      vertex   2.221991e+01 -4.031782e+01 -3.834400e+00
    endloop
  endfacet
  facet normal 3.825046e-01 9.239536e-01 -0.000000e+00
    outer loop
      vertex   1.925999e+01 -3.928296e+01 -5.584450e+00
      vertex   1.925999e+01 -3.928296e+01 -3.834400e+00
      vertex   2.071137e+01 -3.988381e+01 -5.584450e+00
    endloop
  endfacet
  facet normal 3.825046e-01 9.239536e-01 -0.000000e+00
    outer loop
      vertex   2.071137e+01 -3.988381e+01 -5.584450e+00
      vertex   1.925999e+01 -3.928296e+01 -3.834400e+00
      vertex   2.071137e+01 -3.988381e+01 -3.834400e+00
    endloop
  endfacet
  facet normal 4.840014e-01 8.750672e-01 -0.000000e+00
    outer loop
      vertex   1.788679e+01 -3.852344e+01 -5.584450e+00
      vertex   1.788679e+01 -3.852344e+01 -3.834400e+00
      vertex   1.925999e+01 -3.928296e+01 -5.584450e+00
    endloop
  endfacet
  facet normal 4.840014e-01 8.750672e-01 -0.000000e+00
    outer loop
      vertex   1.925999e+01 -3.928296e+01 -5.584450e+00
      vertex   1.788679e+01 -3.852344e+01 -3.834400e+00
      vertex   1.925999e+01 -3.928296e+01 -3.834400e+00
    endloop
  endfacet
  facet normal 5.786349e-01 8.155867e-01 -0.000000e+00
    outer loop
      vertex   1.660575e+01 -3.761458e+01 -5.584450e+00
      vertex   1.660575e+01 -3.761458e+01 -3.834400e+00
      vertex   1.788679e+01 -3.852344e+01 -5.584450e+00
    endloop
  endfacet
  facet normal 5.786349e-01 8.155867e-01 -0.000000e+00
    outer loop
      vertex   1.788679e+01 -3.852344e+01 -5.584450e+00
      vertex   1.660575e+01 -3.761458e+01 -3.834400e+00
      vertex   1.788679e+01 -3.852344e+01 -3.834400e+00
    endloop
  endfacet
  facet normal 6.666210e-01 7.453968e-01 -0.000000e+00
    outer loop
      vertex   1.543555e+01 -3.656805e+01 -5.584450e+00
      vertex   1.543555e+01 -3.656805e+01 -3.834400e+00
      vertex   1.660575e+01 -3.761458e+01 -5.584450e+00
    endloop
  endfacet
  facet normal 6.666210e-01 7.453968e-01 -0.000000e+00
    outer loop
      vertex   1.660575e+01 -3.761458e+01 -5.584450e+00
      vertex   1.543555e+01 -3.656805e+01 -3.834400e+00
      vertex   1.660575e+01 -3.761458e+01 -3.834400e+00
    endloop
  endfacet
  facet normal -7.453964e-01 -6.666214e-01 0.000000e+00
    outer loop
      vertex   -3.386821e+00 -1.793935e+01 -5.584450e+00
      vertex   -3.386821e+00 -1.793935e+01 -3.834400e+00
      vertex   -4.433351e+00 -1.676915e+01 -5.584450e+00
    endloop
  endfacet
  facet normal -7.453964e-01 -6.666214e-01 0.000000e+00
    outer loop
      vertex   -4.433351e+00 -1.676915e+01 -5.584450e+00
      vertex   -3.386821e+00 -1.793935e+01 -3.834400e+00
      vertex   -4.433351e+00 -1.676915e+01 -3.834400e+00
    endloop
  endfacet
  facet normal 7.453968e-01 6.666211e-01 -0.000000e+00
    outer loop
      vertex   1.438902e+01 -3.539785e+01 -5.584450e+00
      vertex   1.438902e+01 -3.539785e+01 -3.834400e+00
      vertex   1.543555e+01 -3.656805e+01 -5.584450e+00
    endloop
  endfacet
  facet normal 7.453968e-01 6.666211e-01 -0.000000e+00
    outer loop
      vertex   1.543555e+01 -3.656805e+01 -5.584450e+00
      vertex   1.438902e+01 -3.539785e+01 -3.834400e+00
      vertex   1.543555e+01 -3.656805e+01 -3.834400e+00
    endloop
  endfacet
  facet normal -8.155865e-01 -5.786352e-01 0.000000e+00
    outer loop
      vertex   -2.477962e+00 -1.922039e+01 -5.584450e+00
      vertex   -2.477962e+00 -1.922039e+01 -3.834400e+00
      vertex   -3.386821e+00 -1.793935e+01 -5.584450e+00
    endloop
  endfacet
  facet normal -8.155865e-01 -5.786352e-01 0.000000e+00
    outer loop
      vertex   -3.386821e+00 -1.793935e+01 -5.584450e+00
      vertex   -2.477962e+00 -1.922039e+01 -3.834400e+00
      vertex   -3.386821e+00 -1.793935e+01 -3.834400e+00
    endloop
  endfacet
  facet normal -9.806544e-01 -1.957470e-01 0.000000e+00
    outer loop
      vertex   -4.201509e+01 -4.775203e+01 -5.584450e+00
      vertex   -4.201509e+01 -4.775203e+01 3.350000e+01
      vertex   -4.225426e+01 -4.655383e+01 -5.584450e+00
    endloop
  endfacet
  facet normal -9.806544e-01 -1.957470e-01 0.000000e+00
    outer loop
      vertex   -4.225426e+01 -4.655383e+01 -5.584450e+00
      vertex   -4.201509e+01 -4.775203e+01 3.350000e+01
      vertex   -4.225426e+01 -4.655383e+01 3.350000e+01
    endloop
  endfacet
  facet normal -8.750675e-01 -4.840008e-01 0.000000e+00
    outer loop
      vertex   -1.718440e+00 -2.059359e+01 -5.584450e+00
      vertex   -1.718440e+00 -2.059359e+01 -3.834400e+00
      vertex   -2.477962e+00 -1.922039e+01 -5.584450e+00
    endloop
  endfacet
  facet normal -8.750675e-01 -4.840008e-01 0.000000e+00
    outer loop
      vertex   -2.477962e+00 -1.922039e+01 -5.584450e+00
      vertex   -1.718440e+00 -2.059359e+01 -3.834400e+00
      vertex   -2.477962e+00 -1.922039e+01 -3.834400e+00
    endloop
  endfacet
  facet normal -9.239533e-01 -3.825052e-01 0.000000e+00
    outer loop
      vertex   -1.117589e+00 -2.204497e+01 -5.584450e+00
      vertex   -1.117589e+00 -2.204497e+01 -3.834400e+00
      vertex   -1.718440e+00 -2.059359e+01 -5.584450e+00
    endloop
  endfacet
  facet normal -9.239533e-01 -3.825052e-01 0.000000e+00
    outer loop
      vertex   -1.718440e+00 -2.059359e+01 -5.584450e+00
      vertex   -1.117589e+00 -2.204497e+01 -3.834400e+00
      vertex   -1.718440e+00 -2.059359e+01 -3.834400e+00
    endloop
  endfacet
  facet normal -9.610175e-01 -2.764874e-01 0.000000e+00
    outer loop
      vertex   -6.835768e-01 -2.355351e+01 -5.584450e+00
      vertex   -6.835768e-01 -2.355351e+01 -3.834400e+00
      vertex   -1.117589e+00 -2.204497e+01 -5.584450e+00
    endloop
  endfacet
  facet normal -9.610175e-01 -2.764874e-01 0.000000e+00
    outer loop
      vertex   -1.117589e+00 -2.204497e+01 -5.584450e+00
      vertex   -6.835768e-01 -2.355351e+01 -3.834400e+00
      vertex   -1.117589e+00 -2.204497e+01 -3.834400e+00
    endloop
  endfacet
  facet normal -9.857845e-01 -1.680148e-01 0.000000e+00
    outer loop
      vertex   -4.199023e-01 -2.510056e+01 -5.584450e+00
      vertex   -4.199023e-01 -2.510056e+01 -3.834400e+00
      vertex   -6.835768e-01 -2.355351e+01 -5.584450e+00
    endloop
  endfacet
  facet normal -9.857845e-01 -1.680148e-01 0.000000e+00
    outer loop
      vertex   -6.835768e-01 -2.355351e+01 -5.584450e+00
      vertex   -4.199023e-01 -2.510056e+01 -3.834400e+00
      vertex   -6.835768e-01 -2.355351e+01 -3.834400e+00
    endloop
  endfacet
  facet normal 9.984466e-01 5.571675e-02 0.000000e+00
    outer loop
      vertex   1.142210e+01 -2.823664e+01 -3.834400e+00
      vertex   1.142210e+01 -2.823664e+01 -5.584450e+00
      vertex   1.133460e+01 -2.666860e+01 -3.834400e+00
    endloop
  endfacet
  facet normal 9.984466e-01 5.571675e-02 0.000000e+00
    outer loop
      vertex   1.133460e+01 -2.666860e+01 -3.834400e+00
      vertex   1.142210e+01 -2.823664e+01 -5.584450e+00
      vertex   1.133460e+01 -2.666860e+01 -5.584450e+00
    endloop
  endfacet
  facet normal 9.984466e-01 -5.571675e-02 0.000000e+00
    outer loop
      vertex   1.133460e+01 -2.666860e+01 -3.834400e+00
      vertex   1.133460e+01 -2.666860e+01 -5.584450e+00
      vertex   1.142210e+01 -2.510056e+01 -3.834400e+00
    endloop
  endfacet
  facet normal 9.984466e-01 -5.571675e-02 0.000000e+00
    outer loop
      vertex   1.142210e+01 -2.510056e+01 -3.834400e+00
      vertex   1.133460e+01 -2.666860e+01 -5.584450e+00
      vertex   1.142210e+01 -2.510056e+01 -5.584450e+00
    endloop
  endfacet
  facet normal 8.155863e-01 5.786355e-01 -0.000000e+00
    outer loop
      vertex   1.348016e+01 -3.411681e+01 -5.584450e+00
      vertex   1.348016e+01 -3.411681e+01 -3.834400e+00
      vertex   1.438902e+01 -3.539785e+01 -5.584450e+00
    endloop
  endfacet
  facet normal 8.155863e-01 5.786355e-01 -0.000000e+00
    outer loop
      vertex   1.438902e+01 -3.539785e+01 -5.584450e+00
      vertex   1.348016e+01 -3.411681e+01 -3.834400e+00
      vertex   1.438902e+01 -3.539785e+01 -3.834400e+00
    endloop
  endfacet
  facet normal 8.750675e-01 4.840008e-01 -0.000000e+00
    outer loop
      vertex   1.272064e+01 -3.274361e+01 -5.584450e+00
      vertex   1.272064e+01 -3.274361e+01 -3.834400e+00
      vertex   1.348016e+01 -3.411681e+01 -5.584450e+00
    endloop
  endfacet
  facet normal 8.750675e-01 4.840008e-01 -0.000000e+00
    outer loop
      vertex   1.348016e+01 -3.411681e+01 -5.584450e+00
      vertex   1.272064e+01 -3.274361e+01 -3.834400e+00
      vertex   1.348016e+01 -3.411681e+01 -3.834400e+00
    endloop
  endfacet
  facet normal -5.571675e-02 -9.984466e-01 -0.000000e+00
    outer loop
      vertex   -1.433280e+01 -1.266820e+01 -3.834400e+00
      vertex   -1.433280e+01 -1.266820e+01 -5.584450e+00
      vertex   -1.276476e+01 -1.275570e+01 -3.834400e+00
    endloop
  endfacet
  facet normal -5.571675e-02 -9.984466e-01 -0.000000e+00
    outer loop
      vertex   -1.276476e+01 -1.275570e+01 -3.834400e+00
      vertex   -1.433280e+01 -1.266820e+01 -5.584450e+00
      vertex   -1.276476e+01 -1.275570e+01 -5.584450e+00
    endloop
  endfacet
  facet normal 9.239535e-01 3.825047e-01 -0.000000e+00
    outer loop
      vertex   1.211979e+01 -3.129223e+01 -5.584450e+00
      vertex   1.211979e+01 -3.129223e+01 -3.834400e+00
      vertex   1.272064e+01 -3.274361e+01 -5.584450e+00
    endloop
  endfacet
  facet normal 9.239535e-01 3.825047e-01 -0.000000e+00
    outer loop
      vertex   1.272064e+01 -3.274361e+01 -5.584450e+00
      vertex   1.211979e+01 -3.129223e+01 -3.834400e+00
      vertex   1.272064e+01 -3.274361e+01 -3.834400e+00
    endloop
  endfacet
  facet normal 9.610175e-01 2.764876e-01 -0.000000e+00
    outer loop
      vertex   1.168578e+01 -2.978369e+01 -5.584450e+00
      vertex   1.168578e+01 -2.978369e+01 -3.834400e+00
      vertex   1.211979e+01 -3.129223e+01 -5.584450e+00
    endloop
  endfacet
  facet normal 9.610175e-01 2.764876e-01 -0.000000e+00
    outer loop
      vertex   1.211979e+01 -3.129223e+01 -5.584450e+00
      vertex   1.168578e+01 -2.978369e+01 -3.834400e+00
      vertex   1.211979e+01 -3.129223e+01 -3.834400e+00
    endloop
  endfacet
  facet normal -1.680148e-01 -9.857845e-01 0.000000e+00
    outer loop
      vertex   -1.121771e+01 -1.301938e+01 -5.584450e+00
      vertex   -1.121771e+01 -1.301938e+01 -3.834400e+00
      vertex   -1.276476e+01 -1.275570e+01 -5.584450e+00
    endloop
  endfacet
  facet normal -1.680148e-01 -9.857845e-01 0.000000e+00
    outer loop
      vertex   -1.276476e+01 -1.275570e+01 -5.584450e+00
      vertex   -1.121771e+01 -1.301938e+01 -3.834400e+00
      vertex   -1.276476e+01 -1.275570e+01 -3.834400e+00
    endloop
  endfacet
  facet normal 9.857845e-01 1.680148e-01 0.000000e+00
    outer loop
      vertex   1.168578e+01 -2.978369e+01 -3.834400e+00
      vertex   1.168578e+01 -2.978369e+01 -5.584450e+00
      vertex   1.142210e+01 -2.823664e+01 -3.834400e+00
    endloop
  endfacet
  facet normal 9.857845e-01 1.680148e-01 0.000000e+00
    outer loop
      vertex   1.142210e+01 -2.823664e+01 -3.834400e+00
      vertex   1.168578e+01 -2.978369e+01 -5.584450e+00
      vertex   1.142210e+01 -2.823664e+01 -5.584450e+00
    endloop
  endfacet
  facet normal -2.764874e-01 -9.610175e-01 0.000000e+00
    outer loop
      vertex   -9.709168e+00 -1.345339e+01 -5.584450e+00
      vertex   -9.709168e+00 -1.345339e+01 -3.834400e+00
      vertex   -1.121771e+01 -1.301938e+01 -5.584450e+00
    endloop
  endfacet
  facet normal -2.764874e-01 -9.610175e-01 0.000000e+00
    outer loop
      vertex   -1.121771e+01 -1.301938e+01 -5.584450e+00
      vertex   -9.709168e+00 -1.345339e+01 -3.834400e+00
      vertex   -1.121771e+01 -1.301938e+01 -3.834400e+00
    endloop
  endfacet
  facet normal -3.825052e-01 -9.239533e-01 0.000000e+00
    outer loop
      vertex   -8.257793e+00 -1.405424e+01 -5.584450e+00
      vertex   -8.257793e+00 -1.405424e+01 -3.834400e+00
      vertex   -9.709168e+00 -1.345339e+01 -5.584450e+00
    endloop
  endfacet
  facet normal -3.825052e-01 -9.239533e-01 0.000000e+00
    outer loop
      vertex   -9.709168e+00 -1.345339e+01 -5.584450e+00
      vertex   -8.257793e+00 -1.405424e+01 -3.834400e+00
      vertex   -9.709168e+00 -1.345339e+01 -3.834400e+00
    endloop
  endfacet
  facet normal -4.840008e-01 -8.750675e-01 0.000000e+00
    outer loop
      vertex   -6.884587e+00 -1.481376e+01 -5.584450e+00
      vertex   -6.884587e+00 -1.481376e+01 -3.834400e+00
      vertex   -8.257793e+00 -1.405424e+01 -5.584450e+00
    endloop
  endfacet
  facet normal -4.840008e-01 -8.750675e-01 0.000000e+00
    outer loop
      vertex   -8.257793e+00 -1.405424e+01 -5.584450e+00
      vertex   -6.884587e+00 -1.481376e+01 -3.834400e+00
      vertex   -8.257793e+00 -1.405424e+01 -3.834400e+00
    endloop
  endfacet
  facet normal -5.786352e-01 -8.155865e-01 0.000000e+00
    outer loop
      vertex   -5.603550e+00 -1.572262e+01 -5.584450e+00
      vertex   -5.603550e+00 -1.572262e+01 -3.834400e+00
      vertex   -6.884587e+00 -1.481376e+01 -5.584450e+00
    endloop
  endfacet
  facet normal -5.786352e-01 -8.155865e-01 0.000000e+00
    outer loop
      vertex   -6.884587e+00 -1.481376e+01 -5.584450e+00
      vertex   -5.603550e+00 -1.572262e+01 -3.834400e+00
      vertex   -6.884587e+00 -1.481376e+01 -3.834400e+00
    endloop
  endfacet
  facet normal -6.666214e-01 -7.453964e-01 -0.000000e+00
    outer loop
      vertex   -5.603550e+00 -1.572262e+01 -3.834400e+00
      vertex   -5.603550e+00 -1.572262e+01 -5.584450e+00
      vertex   -4.433351e+00 -1.676915e+01 -3.834400e+00
    endloop
  endfacet
  facet normal -6.666214e-01 -7.453964e-01 -0.000000e+00
    outer loop
      vertex   -4.433351e+00 -1.676915e+01 -3.834400e+00
      vertex   -5.603550e+00 -1.572262e+01 -5.584450e+00
      vertex   -4.433351e+00 -1.676915e+01 -5.584450e+00
    endloop
  endfacet
  facet normal -5.786353e-01 8.155864e-01 0.000000e+00
    outer loop
      vertex   3.278321e+01 -3.852344e+01 -5.584450e+00
      vertex   3.278321e+01 -3.852344e+01 -3.834400e+00
      vertex   3.406425e+01 -3.761458e+01 -5.584450e+00
    endloop
  endfacet
  facet normal -5.786353e-01 8.155864e-01 0.000000e+00
    outer loop
      vertex   3.406425e+01 -3.761458e+01 -5.584450e+00
      vertex   3.278321e+01 -3.852344e+01 -3.834400e+00
      vertex   3.406425e+01 -3.761458e+01 -3.834400e+00
    endloop
  endfacet
  facet normal -4.840014e-01 8.750672e-01 0.000000e+00
    outer loop
      vertex   3.141001e+01 -3.928296e+01 -5.584450e+00
      vertex   3.141001e+01 -3.928296e+01 -3.834400e+00
      vertex   3.278321e+01 -3.852344e+01 -5.584450e+00
    endloop
  endfacet
  facet normal -4.840014e-01 8.750672e-01 0.000000e+00
    outer loop
      vertex   3.278321e+01 -3.852344e+01 -5.584450e+00
      vertex   3.141001e+01 -3.928296e+01 -3.834400e+00
      vertex   3.278321e+01 -3.852344e+01 -3.834400e+00
    endloop
  endfacet
  facet normal -3.825041e-01 9.239538e-01 0.000000e+00
    outer loop
      vertex   2.995863e+01 -3.988381e+01 -5.584450e+00
      vertex   2.995863e+01 -3.988381e+01 -3.834400e+00
      vertex   3.141001e+01 -3.928296e+01 -5.584450e+00
    endloop
  endfacet
  facet normal -3.825041e-01 9.239538e-01 0.000000e+00
    outer loop
      vertex   3.141001e+01 -3.928296e+01 -5.584450e+00
      vertex   2.995863e+01 -3.988381e+01 -3.834400e+00
      vertex   3.141001e+01 -3.928296e+01 -3.834400e+00
    endloop
  endfacet
  facet normal -2.764876e-01 9.610175e-01 0.000000e+00
    outer loop
      vertex   2.845009e+01 -4.031782e+01 -5.584450e+00
      vertex   2.845009e+01 -4.031782e+01 -3.834400e+00
      vertex   2.995863e+01 -3.988381e+01 -5.584450e+00
    endloop
  endfacet
  facet normal -2.764876e-01 9.610175e-01 0.000000e+00
    outer loop
      vertex   2.995863e+01 -3.988381e+01 -5.584450e+00
      vertex   2.845009e+01 -4.031782e+01 -3.834400e+00
      vertex   2.995863e+01 -3.988381e+01 -3.834400e+00
    endloop
  endfacet
  facet normal -5.571746e-02 -9.984466e-01 0.000000e+00
    outer loop
      vertex   -1.276476e+01 2.691210e+01 -5.584450e+00
      vertex   -1.276476e+01 2.691210e+01 -3.834400e+00
      vertex   -1.433280e+01 2.699960e+01 -5.584450e+00
    endloop
  endfacet
  facet normal -5.571746e-02 -9.984466e-01 0.000000e+00
    outer loop
      vertex   -1.433280e+01 2.699960e+01 -5.584450e+00
      vertex   -1.276476e+01 2.691210e+01 -3.834400e+00
      vertex   -1.433280e+01 2.699960e+01 -3.834400e+00
    endloop
  endfacet
  facet normal -1.680144e-01 9.857845e-01 0.000000e+00
    outer loop
      vertex   2.690304e+01 -4.058150e+01 -5.584450e+00
      vertex   2.690304e+01 -4.058150e+01 -3.834400e+00
      vertex   2.845009e+01 -4.031782e+01 -5.584450e+00
    endloop
  endfacet
  facet normal -1.680144e-01 9.857845e-01 0.000000e+00
    outer loop
      vertex   2.845009e+01 -4.031782e+01 -5.584450e+00
      vertex   2.690304e+01 -4.058150e+01 -3.834400e+00
      vertex   2.845009e+01 -4.031782e+01 -3.834400e+00
    endloop
  endfacet
  facet normal -1.680144e-01 -9.857845e-01 0.000000e+00
    outer loop
      vertex   -1.121771e+01 2.664842e+01 -5.584450e+00
      vertex   -1.121771e+01 2.664842e+01 -3.834400e+00
      vertex   -1.276476e+01 2.691210e+01 -5.584450e+00
    endloop
  endfacet
  facet normal -1.680144e-01 -9.857845e-01 0.000000e+00
    outer loop
      vertex   -1.276476e+01 2.691210e+01 -5.584450e+00
      vertex   -1.121771e+01 2.664842e+01 -3.834400e+00
      vertex   -1.276476e+01 2.691210e+01 -3.834400e+00
    endloop
  endfacet
  facet normal -5.571746e-02 9.984466e-01 0.000000e+00
    outer loop
      vertex   2.533500e+01 -4.066900e+01 -5.584450e+00
      vertex   2.533500e+01 -4.066900e+01 -3.834400e+00
      vertex   2.690304e+01 -4.058150e+01 -5.584450e+00
    endloop
  endfacet
  facet normal -5.571746e-02 9.984466e-01 0.000000e+00
    outer loop
      vertex   2.690304e+01 -4.058150e+01 -5.584450e+00
      vertex   2.533500e+01 -4.066900e+01 -3.834400e+00
      vertex   2.690304e+01 -4.058150e+01 -3.834400e+00
    endloop
  endfacet
  facet normal -2.764874e-01 -9.610175e-01 0.000000e+00
    outer loop
      vertex   -9.709168e+00 2.621441e+01 -5.584450e+00
      vertex   -9.709168e+00 2.621441e+01 -3.834400e+00
      vertex   -1.121771e+01 2.664842e+01 -5.584450e+00
    endloop
  endfacet
  facet normal -2.764874e-01 -9.610175e-01 0.000000e+00
    outer loop
      vertex   -1.121771e+01 2.664842e+01 -5.584450e+00
      vertex   -9.709168e+00 2.621441e+01 -3.834400e+00
      vertex   -1.121771e+01 2.664842e+01 -3.834400e+00
    endloop
  endfacet
  facet normal 5.571746e-02 9.984466e-01 -0.000000e+00
    outer loop
      vertex   2.376696e+01 -4.058150e+01 -5.584450e+00
      vertex   2.376696e+01 -4.058150e+01 -3.834400e+00
      vertex   2.533500e+01 -4.066900e+01 -5.584450e+00
    endloop
  endfacet
  facet normal 5.571746e-02 9.984466e-01 -0.000000e+00
    outer loop
      vertex   2.533500e+01 -4.066900e+01 -5.584450e+00
      vertex   2.376696e+01 -4.058150e+01 -3.834400e+00
      vertex   2.533500e+01 -4.066900e+01 -3.834400e+00
    endloop
  endfacet
  facet normal -3.825046e-01 -9.239536e-01 0.000000e+00
    outer loop
      vertex   -8.257793e+00 2.561356e+01 -5.584450e+00
      vertex   -8.257793e+00 2.561356e+01 -3.834400e+00
      vertex   -9.709168e+00 2.621441e+01 -5.584450e+00
    endloop
  endfacet
  facet normal -3.825046e-01 -9.239536e-01 0.000000e+00
    outer loop
      vertex   -9.709168e+00 2.621441e+01 -5.584450e+00
      vertex   -8.257793e+00 2.561356e+01 -3.834400e+00
      vertex   -9.709168e+00 2.621441e+01 -3.834400e+00
    endloop
  endfacet
  facet normal -4.840014e-01 -8.750672e-01 0.000000e+00
    outer loop
      vertex   -6.884587e+00 2.485404e+01 -5.584450e+00
      vertex   -6.884587e+00 2.485404e+01 -3.834400e+00
      vertex   -8.257793e+00 2.561356e+01 -5.584450e+00
    endloop
  endfacet
  facet normal -4.840014e-01 -8.750672e-01 0.000000e+00
    outer loop
      vertex   -8.257793e+00 2.561356e+01 -5.584450e+00
      vertex   -6.884587e+00 2.485404e+01 -3.834400e+00
      vertex   -8.257793e+00 2.561356e+01 -3.834400e+00
    endloop
  endfacet
  facet normal -5.786349e-01 -8.155867e-01 0.000000e+00
    outer loop
      vertex   -5.603550e+00 2.394518e+01 -5.584450e+00
      vertex   -5.603550e+00 2.394518e+01 -3.834400e+00
      vertex   -6.884587e+00 2.485404e+01 -5.584450e+00
    endloop
  endfacet
  facet normal -5.786349e-01 -8.155867e-01 0.000000e+00
    outer loop
      vertex   -6.884587e+00 2.485404e+01 -5.584450e+00
      vertex   -5.603550e+00 2.394518e+01 -3.834400e+00
      vertex   -6.884587e+00 2.485404e+01 -3.834400e+00
    endloop
  endfacet
  facet normal -6.666210e-01 -7.453968e-01 0.000000e+00
    outer loop
      vertex   -4.433351e+00 2.289865e+01 -5.584450e+00
      vertex   -4.433351e+00 2.289865e+01 -3.834400e+00
      vertex   -5.603550e+00 2.394518e+01 -5.584450e+00
    endloop
  endfacet
  facet normal -6.666210e-01 -7.453968e-01 0.000000e+00
    outer loop
      vertex   -5.603550e+00 2.394518e+01 -5.584450e+00
      vertex   -4.433351e+00 2.289865e+01 -3.834400e+00
      vertex   -5.603550e+00 2.394518e+01 -3.834400e+00
    endloop
  endfacet
  facet normal -7.453968e-01 -6.666211e-01 0.000000e+00
    outer loop
      vertex   -3.386821e+00 2.172845e+01 -5.584450e+00
      vertex   -3.386821e+00 2.172845e+01 -3.834400e+00
      vertex   -4.433351e+00 2.289865e+01 -5.584450e+00
    endloop
  endfacet
  facet normal -7.453968e-01 -6.666211e-01 0.000000e+00
    outer loop
      vertex   -4.433351e+00 2.289865e+01 -5.584450e+00
      vertex   -3.386821e+00 2.172845e+01 -3.834400e+00
      vertex   -4.433351e+00 2.289865e+01 -3.834400e+00
    endloop
  endfacet
  facet normal -7.453971e-01 6.666207e-01 0.000000e+00
    outer loop
      vertex   3.628098e+01 -3.539785e+01 -3.834400e+00
      vertex   3.628098e+01 -3.539785e+01 -5.584450e+00
      vertex   3.523445e+01 -3.656805e+01 -3.834400e+00
    endloop
  endfacet
  facet normal -7.453971e-01 6.666207e-01 0.000000e+00
    outer loop
      vertex   3.523445e+01 -3.656805e+01 -3.834400e+00
      vertex   3.628098e+01 -3.539785e+01 -5.584450e+00
      vertex   3.523445e+01 -3.656805e+01 -5.584450e+00
    endloop
  endfacet
  facet normal -6.666207e-01 7.453971e-01 0.000000e+00
    outer loop
      vertex   3.523445e+01 -3.656805e+01 -3.834400e+00
      vertex   3.523445e+01 -3.656805e+01 -5.584450e+00
      vertex   3.406425e+01 -3.761458e+01 -3.834400e+00
    endloop
  endfacet
  facet normal -6.666207e-01 7.453971e-01 0.000000e+00
    outer loop
      vertex   3.406425e+01 -3.761458e+01 -3.834400e+00
      vertex   3.523445e+01 -3.656805e+01 -5.584450e+00
      vertex   3.406425e+01 -3.761458e+01 -5.584450e+00
    endloop
  endfacet
  facet normal -9.984466e-01 5.571746e-02 0.000000e+00
    outer loop
      vertex   3.924790e+01 -2.823664e+01 -5.584450e+00
      vertex   3.924790e+01 -2.823664e+01 -3.834400e+00
      vertex   3.933540e+01 -2.666860e+01 -5.584450e+00
    endloop
  endfacet
  facet normal -9.984466e-01 5.571746e-02 0.000000e+00
    outer loop
      vertex   3.933540e+01 -2.666860e+01 -5.584450e+00
      vertex   3.924790e+01 -2.823664e+01 -3.834400e+00
      vertex   3.933540e+01 -2.666860e+01 -3.834400e+00
    endloop
  endfacet
  facet normal 7.071068e-01 7.071068e-01 0.000000e+00
    outer loop
      vertex   4.050210e+01 -5.291935e+01 3.350000e+01
      vertex   4.050210e+01 -5.291935e+01 2.999990e+01
      vertex   3.875205e+01 -5.116930e+01 3.174995e+01
    endloop
  endfacet
  facet normal -9.857845e-01 1.680144e-01 0.000000e+00
    outer loop
      vertex   3.898422e+01 -2.978369e+01 -5.584450e+00
      vertex   3.898422e+01 -2.978369e+01 -3.834400e+00
      vertex   3.924790e+01 -2.823664e+01 -5.584450e+00
    endloop
  endfacet
  facet normal -9.857845e-01 1.680144e-01 0.000000e+00
    outer loop
      vertex   3.924790e+01 -2.823664e+01 -5.584450e+00
      vertex   3.898422e+01 -2.978369e+01 -3.834400e+00
      vertex   3.924790e+01 -2.823664e+01 -3.834400e+00
    endloop
  endfacet
  facet normal -9.610175e-01 2.764876e-01 0.000000e+00
    outer loop
      vertex   3.855021e+01 -3.129223e+01 -5.584450e+00
      vertex   3.855021e+01 -3.129223e+01 -3.834400e+00
      vertex   3.898422e+01 -2.978369e+01 -5.584450e+00
    endloop
  endfacet
  facet normal -9.610175e-01 2.764876e-01 0.000000e+00
    outer loop
      vertex   3.898422e+01 -2.978369e+01 -5.584450e+00
      vertex   3.855021e+01 -3.129223e+01 -3.834400e+00
      vertex   3.898422e+01 -2.978369e+01 -3.834400e+00
    endloop
  endfacet
  facet normal -9.239538e-01 3.825041e-01 0.000000e+00
    outer loop
      vertex   3.794936e+01 -3.274361e+01 -5.584450e+00
      vertex   3.794936e+01 -3.274361e+01 -3.834400e+00
      vertex   3.855021e+01 -3.129223e+01 -5.584450e+00
    endloop
  endfacet
  facet normal -9.239538e-01 3.825041e-01 0.000000e+00
    outer loop
      vertex   3.855021e+01 -3.129223e+01 -5.584450e+00
      vertex   3.794936e+01 -3.274361e+01 -3.834400e+00
      vertex   3.855021e+01 -3.129223e+01 -3.834400e+00
    endloop
  endfacet
  facet normal -7.071068e-01 7.071068e-01 0.000000e+00
    outer loop
      vertex   2.066820e+01 -5.291935e+01 3.350000e+01
      vertex   2.241825e+01 -5.116930e+01 3.174995e+01
      vertex   2.066820e+01 -5.291935e+01 2.999990e+01
    endloop
  endfacet
  facet normal -8.750672e-01 4.840014e-01 0.000000e+00
    outer loop
      vertex   3.718984e+01 -3.411681e+01 -5.584450e+00
      vertex   3.718984e+01 -3.411681e+01 -3.834400e+00
      vertex   3.794936e+01 -3.274361e+01 -5.584450e+00
    endloop
  endfacet
  facet normal -8.750672e-01 4.840014e-01 0.000000e+00
    outer loop
      vertex   3.794936e+01 -3.274361e+01 -5.584450e+00
      vertex   3.718984e+01 -3.411681e+01 -3.834400e+00
      vertex   3.794936e+01 -3.274361e+01 -3.834400e+00
    endloop
  endfacet
  facet normal 0.000000e+00 7.071068e-01 -7.071068e-01
    outer loop
      vertex   2.241825e+01 -5.116930e+01 3.174995e+01
      vertex   3.875205e+01 -5.116930e+01 3.174995e+01
      vertex   2.066820e+01 -5.291935e+01 2.999990e+01
    endloop
  endfacet
  facet normal 0.000000e+00 7.071068e-01 -7.071068e-01
    outer loop
      vertex   2.066820e+01 -5.291935e+01 2.999990e+01
      vertex   3.875205e+01 -5.116930e+01 3.174995e+01
      vertex   4.050210e+01 -5.291935e+01 2.999990e+01
    endloop
  endfacet
  facet normal -8.155864e-01 5.786353e-01 0.000000e+00
    outer loop
      vertex   3.628098e+01 -3.539785e+01 -5.584450e+00
      vertex   3.628098e+01 -3.539785e+01 -3.834400e+00
      vertex   3.718984e+01 -3.411681e+01 -5.584450e+00
    endloop
  endfacet
  facet normal -8.155864e-01 5.786353e-01 0.000000e+00
    outer loop
      vertex   3.718984e+01 -3.411681e+01 -5.584450e+00
      vertex   3.628098e+01 -3.539785e+01 -3.834400e+00
      vertex   3.718984e+01 -3.411681e+01 -3.834400e+00
    endloop
  endfacet
  facet normal 3.493518e-01 9.369916e-01 -0.000000e+00
    outer loop
      vertex   -3.615009e+01 -5.223449e+01 -3.834400e+00
      vertex   -3.615009e+01 -5.223449e+01 3.350000e+01
      vertex   -3.513623e+01 -5.261251e+01 -3.834400e+00
    endloop
  endfacet
  facet normal 3.493518e-01 9.369916e-01 -0.000000e+00
    outer loop
      vertex   -3.513623e+01 -5.261251e+01 -3.834400e+00
      vertex   -3.615009e+01 -5.223449e+01 3.350000e+01
      vertex   -3.513623e+01 -5.261251e+01 3.350000e+01
    endloop
  endfacet
  facet normal -0.000000e+00 7.071068e-01 7.071068e-01
    outer loop
      vertex   2.066820e+01 -5.291935e+01 3.350000e+01
      vertex   4.050210e+01 -5.291935e+01 3.350000e+01
      vertex   2.241825e+01 -5.116930e+01 3.174995e+01
    endloop
  endfacet
  facet normal -0.000000e+00 7.071068e-01 7.071068e-01
    outer loop
      vertex   2.241825e+01 -5.116930e+01 3.174995e+01
      vertex   4.050210e+01 -5.291935e+01 3.350000e+01
      vertex   3.875205e+01 -5.116930e+01 3.174995e+01
    endloop
  endfacet
  facet normal -9.978854e-01 6.499721e-02 0.000000e+00
    outer loop
      vertex   -4.233360e+01 3.166640e+01 -5.584450e+00
      vertex   -4.233360e+01 3.166640e+01 3.350000e+01
      vertex   -4.225426e+01 3.288443e+01 -5.584450e+00
    endloop
  endfacet
  facet normal -9.978854e-01 6.499721e-02 0.000000e+00
    outer loop
      vertex   -4.225426e+01 3.288443e+01 -5.584450e+00
      vertex   -4.233360e+01 3.166640e+01 3.350000e+01
      vertex   -4.225426e+01 3.288443e+01 3.350000e+01
    endloop
  endfacet
  facet normal -3.493518e-01 9.369916e-01 0.000000e+00
    outer loop
      vertex   4.613843e+01 -5.261251e+01 -3.834400e+00
      vertex   4.613843e+01 -5.261251e+01 3.350000e+01
      vertex   4.715229e+01 -5.223449e+01 -3.834400e+00
    endloop
  endfacet
  facet normal -3.493518e-01 9.369916e-01 0.000000e+00
    outer loop
      vertex   4.715229e+01 -5.223449e+01 -3.834400e+00
      vertex   4.613843e+01 -5.261251e+01 3.350000e+01
      vertex   4.715229e+01 -5.223449e+01 3.350000e+01
    endloop
  endfacet
  facet normal 7.071068e-01 -7.071068e-01 0.000000e+00
    outer loop
      vertex   -9.666000e+00 3.924995e+01 3.350000e+01
      vertex   -1.141605e+01 3.749990e+01 3.174995e+01
      vertex   -9.666000e+00 3.924995e+01 2.999990e+01
    endloop
  endfacet
  facet normal -8.316080e-01 -5.553631e-01 -0.000000e+00
    outer loop
      vertex   -4.108290e+01 -5.000260e+01 3.350000e+01
      vertex   -4.108290e+01 -5.000260e+01 -5.584450e+00
      vertex   -4.040505e+01 -5.101763e+01 3.350000e+01
    endloop
  endfacet
  facet normal -8.316080e-01 -5.553631e-01 -0.000000e+00
    outer loop
      vertex   -4.040505e+01 -5.101763e+01 3.350000e+01
      vertex   -4.108290e+01 -5.000260e+01 -5.584450e+00
      vertex   -4.040505e+01 -5.101763e+01 -5.584450e+00
    endloop
  endfacet
  facet normal -7.519270e-01 -6.592464e-01 0.000000e+00
    outer loop
      vertex   -3.960002e+01 -5.193582e+01 -5.584450e+00
      vertex   -3.960002e+01 -5.193582e+01 3.350000e+01
      vertex   -4.040505e+01 -5.101763e+01 -5.584450e+00
    endloop
  endfacet
  facet normal -7.519270e-01 -6.592464e-01 0.000000e+00
    outer loop
      vertex   -4.040505e+01 -5.101763e+01 -5.584450e+00
      vertex   -3.960002e+01 -5.193582e+01 3.350000e+01
      vertex   -4.040505e+01 -5.101763e+01 3.350000e+01
    endloop
  endfacet
  facet normal 0.000000e+00 -7.071068e-01 7.071068e-01
    outer loop
      vertex   -9.666000e+00 3.924995e+01 3.350000e+01
      vertex   -2.949990e+01 3.924995e+01 3.350000e+01
      vertex   -1.141605e+01 3.749990e+01 3.174995e+01
    endloop
  endfacet
  facet normal 0.000000e+00 -7.071068e-01 7.071068e-01
    outer loop
      vertex   -1.141605e+01 3.749990e+01 3.174995e+01
      vertex   -2.949990e+01 3.924995e+01 3.350000e+01
      vertex   -2.774985e+01 3.749990e+01 3.174995e+01
    endloop
  endfacet
  facet normal -5.553631e-01 -8.316080e-01 0.000000e+00
    outer loop
      vertex   -3.766680e+01 -5.341870e+01 -5.584450e+00
      vertex   -3.766680e+01 -5.341870e+01 3.350000e+01
      vertex   -3.868183e+01 -5.274085e+01 -5.584450e+00
    endloop
  endfacet
  facet normal -5.553631e-01 -8.316080e-01 0.000000e+00
    outer loop
      vertex   -3.868183e+01 -5.274085e+01 -5.584450e+00
      vertex   -3.766680e+01 -5.341870e+01 3.350000e+01
      vertex   -3.868183e+01 -5.274085e+01 3.350000e+01
    endloop
  endfacet
  facet normal -6.592464e-01 -7.519270e-01 -0.000000e+00
    outer loop
      vertex   -3.960002e+01 -5.193582e+01 3.350000e+01
      vertex   -3.960002e+01 -5.193582e+01 -5.584450e+00
      vertex   -3.868183e+01 -5.274085e+01 3.350000e+01
    endloop
  endfacet
  facet normal -6.592464e-01 -7.519270e-01 -0.000000e+00
    outer loop
      vertex   -3.868183e+01 -5.274085e+01 3.350000e+01
      vertex   -3.960002e+01 -5.193582e+01 -5.584450e+00
      vertex   -3.868183e+01 -5.274085e+01 -5.584450e+00
    endloop
  endfacet
  facet normal 8.006462e-01 5.991374e-01 -0.000000e+00
    outer loop
      vertex   -3.937951e+01 -4.943558e+01 -3.834400e+00
      vertex   -3.937951e+01 -4.943558e+01 3.350000e+01
      vertex   -3.873083e+01 -5.030244e+01 -3.834400e+00
    endloop
  endfacet
  facet normal 8.006462e-01 5.991374e-01 -0.000000e+00
    outer loop
      vertex   -3.873083e+01 -5.030244e+01 -3.834400e+00
      vertex   -3.937951e+01 -4.943558e+01 3.350000e+01
      vertex   -3.873083e+01 -5.030244e+01 3.350000e+01
    endloop
  endfacet
  facet normal -9.806544e-01 1.957470e-01 0.000000e+00
    outer loop
      vertex   -4.201509e+01 3.408263e+01 3.350000e+01
      vertex   -4.201509e+01 3.408263e+01 -5.584450e+00
      vertex   -4.225426e+01 3.288443e+01 3.350000e+01
    endloop
  endfacet
  facet normal -9.806544e-01 1.957470e-01 0.000000e+00
    outer loop
      vertex   -4.225426e+01 3.288443e+01 3.350000e+01
      vertex   -4.201509e+01 3.408263e+01 -5.584450e+00
      vertex   -4.225426e+01 3.288443e+01 -5.584450e+00
    endloop
  endfacet
  facet normal 9.857845e-01 -1.680148e-01 0.000000e+00
    outer loop
      vertex   1.168578e+01 -2.355351e+01 -5.584450e+00
      vertex   1.168578e+01 -2.355351e+01 -3.834400e+00
      vertex   1.142210e+01 -2.510056e+01 -5.584450e+00
    endloop
  endfacet
  facet normal 9.857845e-01 -1.680148e-01 0.000000e+00
    outer loop
      vertex   1.142210e+01 -2.510056e+01 -5.584450e+00
      vertex   1.168578e+01 -2.355351e+01 -3.834400e+00
      vertex   1.142210e+01 -2.510056e+01 -3.834400e+00
    endloop
  endfacet
  facet normal -4.422382e-01 8.968976e-01 0.000000e+00
    outer loop
      vertex   -3.766680e+01 3.974930e+01 -5.584450e+00
      vertex   -3.766680e+01 3.974930e+01 3.350000e+01
      vertex   -3.657127e+01 4.028948e+01 -5.584450e+00
    endloop
  endfacet
  facet normal -4.422382e-01 8.968976e-01 0.000000e+00
    outer loop
      vertex   -3.657127e+01 4.028948e+01 -5.584450e+00
      vertex   -3.766680e+01 3.974930e+01 3.350000e+01
      vertex   -3.657127e+01 4.028948e+01 3.350000e+01
    endloop
  endfacet
  facet normal 5.553631e-01 -8.316080e-01 0.000000e+00
    outer loop
      vertex   4.968403e+01 -5.274085e+01 -5.584450e+00
      vertex   4.968403e+01 -5.274085e+01 3.350000e+01
      vertex   4.866900e+01 -5.341870e+01 -5.584450e+00
    endloop
  endfacet
  facet normal 5.553631e-01 -8.316080e-01 0.000000e+00
    outer loop
      vertex   4.866900e+01 -5.341870e+01 -5.584450e+00
      vertex   4.968403e+01 -5.274085e+01 3.350000e+01
      vertex   4.866900e+01 -5.341870e+01 3.350000e+01
    endloop
  endfacet
  facet normal 9.610175e-01 -2.764874e-01 0.000000e+00
    outer loop
      vertex   1.211979e+01 -2.204497e+01 -5.584450e+00
      vertex   1.211979e+01 -2.204497e+01 -3.834400e+00
      vertex   1.168578e+01 -2.355351e+01 -5.584450e+00
    endloop
  endfacet
  facet normal 9.610175e-01 -2.764874e-01 0.000000e+00
    outer loop
      vertex   1.168578e+01 -2.355351e+01 -5.584450e+00
      vertex   1.211979e+01 -2.204497e+01 -3.834400e+00
      vertex   1.168578e+01 -2.355351e+01 -3.834400e+00
    endloop
  endfacet
  facet normal -7.071068e-01 -7.071068e-01 0.000000e+00
    outer loop
      vertex   2.066820e+01 3.924995e+01 2.999990e+01
      vertex   2.241825e+01 3.749990e+01 3.174995e+01
      vertex   2.066820e+01 3.924995e+01 3.350000e+01
    endloop
  endfacet
  facet normal 9.239533e-01 -3.825052e-01 0.000000e+00
    outer loop
      vertex   1.272064e+01 -2.059359e+01 -5.584450e+00
      vertex   1.272064e+01 -2.059359e+01 -3.834400e+00
      vertex   1.211979e+01 -2.204497e+01 -5.584450e+00
    endloop
  endfacet
  facet normal 9.239533e-01 -3.825052e-01 0.000000e+00
    outer loop
      vertex   1.211979e+01 -2.204497e+01 -5.584450e+00
      vertex   1.272064e+01 -2.059359e+01 -3.834400e+00
      vertex   1.211979e+01 -2.204497e+01 -3.834400e+00
    endloop
  endfacet
  facet normal 8.750675e-01 -4.840008e-01 0.000000e+00
    outer loop
      vertex   1.348016e+01 -1.922039e+01 -5.584450e+00
      vertex   1.348016e+01 -1.922039e+01 -3.834400e+00
      vertex   1.272064e+01 -2.059359e+01 -5.584450e+00
    endloop
  endfacet
  facet normal 8.750675e-01 -4.840008e-01 0.000000e+00
    outer loop
      vertex   1.272064e+01 -2.059359e+01 -5.584450e+00
      vertex   1.348016e+01 -1.922039e+01 -3.834400e+00
      vertex   1.272064e+01 -2.059359e+01 -3.834400e+00
    endloop
  endfacet
  facet normal 7.071068e-01 -7.071068e-01 0.000000e+00
    outer loop
      vertex   4.050210e+01 3.924995e+01 3.350000e+01
      vertex   3.875205e+01 3.749990e+01 3.174995e+01
      vertex   4.050210e+01 3.924995e+01 2.999990e+01
    endloop
  endfacet
  facet normal 8.155865e-01 -5.786352e-01 0.000000e+00
    outer loop
      vertex   1.438902e+01 -1.793935e+01 -5.584450e+00
      vertex   1.438902e+01 -1.793935e+01 -3.834400e+00
      vertex   1.348016e+01 -1.922039e+01 -5.584450e+00
    endloop
  endfacet
  facet normal 8.155865e-01 -5.786352e-01 0.000000e+00
    outer loop
      vertex   1.348016e+01 -1.922039e+01 -5.584450e+00
      vertex   1.438902e+01 -1.793935e+01 -3.834400e+00
      vertex   1.348016e+01 -1.922039e+01 -3.834400e+00
    endloop
  endfacet
  facet normal 7.453964e-01 -6.666214e-01 0.000000e+00
    outer loop
      vertex   1.438902e+01 -1.793935e+01 -3.834400e+00
      vertex   1.438902e+01 -1.793935e+01 -5.584450e+00
      vertex   1.543555e+01 -1.676915e+01 -3.834400e+00
    endloop
  endfacet
  facet normal 7.453964e-01 -6.666214e-01 0.000000e+00
    outer loop
      vertex   1.543555e+01 -1.676915e+01 -3.834400e+00
      vertex   1.438902e+01 -1.793935e+01 -5.584450e+00
      vertex   1.543555e+01 -1.676915e+01 -5.584450e+00
    endloop
  endfacet
  facet normal 0.000000e+00 -7.071068e-01 7.071068e-01
    outer loop
      vertex   4.050210e+01 3.924995e+01 3.350000e+01
      vertex   2.066820e+01 3.924995e+01 3.350000e+01
      vertex   3.875205e+01 3.749990e+01 3.174995e+01
    endloop
  endfacet
  facet normal 0.000000e+00 -7.071068e-01 7.071068e-01
    outer loop
      vertex   3.875205e+01 3.749990e+01 3.174995e+01
      vertex   2.066820e+01 3.924995e+01 3.350000e+01
      vertex   2.241825e+01 3.749990e+01 3.174995e+01
    endloop
  endfacet
  facet normal 0.000000e+00 -7.071068e-01 -7.071068e-01
    outer loop
      vertex   2.066820e+01 3.924995e+01 2.999990e+01
      vertex   4.050210e+01 3.924995e+01 2.999990e+01
      vertex   2.241825e+01 3.749990e+01 3.174995e+01
    endloop
  endfacet
  facet normal 0.000000e+00 -7.071068e-01 -7.071068e-01
    outer loop
      vertex   2.241825e+01 3.749990e+01 3.174995e+01
      vertex   4.050210e+01 3.924995e+01 2.999990e+01
      vertex   3.875205e+01 3.749990e+01 3.174995e+01
    endloop
  endfacet
  facet normal 9.771670e-01 2.124725e-01 0.000000e+00
    outer loop
      vertex   -4.027671e+01 -4.747203e+01 3.350000e+01
      vertex   -4.027671e+01 -4.747203e+01 -3.834400e+00
      vertex   -4.050655e+01 -4.641500e+01 3.350000e+01
    endloop
  endfacet
  facet normal 9.771670e-01 2.124725e-01 0.000000e+00
    outer loop
      vertex   -4.050655e+01 -4.641500e+01 3.350000e+01
      vertex   -4.027671e+01 -4.747203e+01 -3.834400e+00
      vertex   -4.050655e+01 -4.641500e+01 -3.834400e+00
    endloop
  endfacet
  facet normal 6.666214e-01 -7.453964e-01 0.000000e+00
    outer loop
      vertex   1.543555e+01 -1.676915e+01 -3.834400e+00
      vertex   1.543555e+01 -1.676915e+01 -5.584450e+00
      vertex   1.660575e+01 -1.572262e+01 -3.834400e+00
    endloop
  endfacet
  facet normal 6.666214e-01 -7.453964e-01 0.000000e+00
    outer loop
      vertex   1.660575e+01 -1.572262e+01 -3.834400e+00
      vertex   1.543555e+01 -1.676915e+01 -5.584450e+00
      vertex   1.660575e+01 -1.572262e+01 -5.584450e+00
    endloop
  endfacet
  facet normal -8.968976e-01 -4.422382e-01 -0.000000e+00
    outer loop
      vertex   -4.162308e+01 -4.890707e+01 3.350000e+01
      vertex   -4.162308e+01 -4.890707e+01 -5.584450e+00
      vertex   -4.108290e+01 -5.000260e+01 3.350000e+01
    endloop
  endfacet
  facet normal -8.968976e-01 -4.422382e-01 -0.000000e+00
    outer loop
      vertex   -4.108290e+01 -5.000260e+01 3.350000e+01
      vertex   -4.162308e+01 -4.890707e+01 -5.584450e+00
      vertex   -4.108290e+01 -5.000260e+01 -5.584450e+00
    endloop
  endfacet
  facet normal 9.806544e-01 1.957470e-01 -0.000000e+00
    outer loop
      vertex   5.301729e+01 3.408263e+01 -5.584450e+00
      vertex   5.301729e+01 3.408263e+01 3.350000e+01
      vertex   5.325646e+01 3.288443e+01 -5.584450e+00
    endloop
  endfacet
  facet normal 9.806544e-01 1.957470e-01 -0.000000e+00
    outer loop
      vertex   5.325646e+01 3.288443e+01 -5.584450e+00
      vertex   5.301729e+01 3.408263e+01 3.350000e+01
      vertex   5.325646e+01 3.288443e+01 3.350000e+01
    endloop
  endfacet
  facet normal 8.968976e-01 -4.422382e-01 0.000000e+00
    outer loop
      vertex   5.262528e+01 -4.890707e+01 -5.584450e+00
      vertex   5.262528e+01 -4.890707e+01 3.350000e+01
      vertex   5.208510e+01 -5.000260e+01 -5.584450e+00
    endloop
  endfacet
  facet normal 8.968976e-01 -4.422382e-01 0.000000e+00
    outer loop
      vertex   5.208510e+01 -5.000260e+01 -5.584450e+00
      vertex   5.262528e+01 -4.890707e+01 3.350000e+01
      vertex   5.208510e+01 -5.000260e+01 3.350000e+01
    endloop
  endfacet
  facet normal -4.422382e-01 -8.968976e-01 0.000000e+00
    outer loop
      vertex   -3.657127e+01 -5.395888e+01 -5.584450e+00
      vertex   -3.657127e+01 -5.395888e+01 3.350000e+01
      vertex   -3.766680e+01 -5.341870e+01 -5.584450e+00
    endloop
  endfacet
  facet normal -4.422382e-01 -8.968976e-01 0.000000e+00
    outer loop
      vertex   -3.766680e+01 -5.341870e+01 -5.584450e+00
      vertex   -3.657127e+01 -5.395888e+01 3.350000e+01
      vertex   -3.766680e+01 -5.341870e+01 3.350000e+01
    endloop
  endfacet
  facet normal 2.124725e-01 -9.771670e-01 0.000000e+00
    outer loop
      vertex   -3.513623e+01 3.894311e+01 3.350000e+01
      vertex   -3.513623e+01 3.894311e+01 -3.834400e+00
      vertex   -3.407920e+01 3.917295e+01 3.350000e+01
    endloop
  endfacet
  facet normal 2.124725e-01 -9.771670e-01 0.000000e+00
    outer loop
      vertex   -3.407920e+01 3.917295e+01 3.350000e+01
      vertex   -3.513623e+01 3.894311e+01 -3.834400e+00
      vertex   -3.407920e+01 3.917295e+01 -3.834400e+00
    endloop
  endfacet
  facet normal 9.469470e-01 3.213898e-01 -0.000000e+00
    outer loop
      vertex   5.262528e+01 3.523767e+01 -5.584450e+00
      vertex   5.262528e+01 3.523767e+01 3.350000e+01
      vertex   5.301729e+01 3.408263e+01 -5.584450e+00
    endloop
  endfacet
  facet normal 9.469470e-01 3.213898e-01 -0.000000e+00
    outer loop
      vertex   5.301729e+01 3.408263e+01 -5.584450e+00
      vertex   5.262528e+01 3.523767e+01 3.350000e+01
      vertex   5.301729e+01 3.408263e+01 3.350000e+01
    endloop
  endfacet
  facet normal 5.991374e-01 -8.006462e-01 0.000000e+00
    outer loop
      vertex   -3.709978e+01 3.804591e+01 -3.834400e+00
      vertex   -3.709978e+01 3.804591e+01 3.350000e+01
      vertex   -3.796664e+01 3.739723e+01 -3.834400e+00
    endloop
  endfacet
  facet normal 5.991374e-01 -8.006462e-01 0.000000e+00
    outer loop
      vertex   -3.796664e+01 3.739723e+01 -3.834400e+00
      vertex   -3.709978e+01 3.804591e+01 3.350000e+01
      vertex   -3.796664e+01 3.739723e+01 3.350000e+01
    endloop
  endfacet
  facet normal -8.968976e-01 4.422382e-01 0.000000e+00
    outer loop
      vertex   -4.162308e+01 3.523767e+01 -5.584450e+00
      vertex   -4.162308e+01 3.523767e+01 3.350000e+01
      vertex   -4.108290e+01 3.633320e+01 -5.584450e+00
    endloop
  endfacet
  facet normal -8.968976e-01 4.422382e-01 0.000000e+00
    outer loop
      vertex   -4.108290e+01 3.633320e+01 -5.584450e+00
      vertex   -4.162308e+01 3.523767e+01 3.350000e+01
      vertex   -4.108290e+01 3.633320e+01 3.350000e+01
    endloop
  endfacet
  facet normal 9.974640e-01 7.117250e-02 0.000000e+00
    outer loop
      vertex   -4.050655e+01 -4.641500e+01 3.350000e+01
      vertex   -4.050655e+01 -4.641500e+01 -3.834400e+00
      vertex   -4.058355e+01 -4.533580e+01 3.350000e+01
    endloop
  endfacet
  facet normal 9.974640e-01 7.117250e-02 0.000000e+00
    outer loop
      vertex   -4.058355e+01 -4.533580e+01 3.350000e+01
      vertex   -4.050655e+01 -4.641500e+01 -3.834400e+00
      vertex   -4.058355e+01 -4.533580e+01 -3.834400e+00
    endloop
  endfacet
  facet normal -6.499721e-02 -9.978854e-01 -0.000000e+00
    outer loop
      vertex   -3.421803e+01 -5.459006e+01 3.350000e+01
      vertex   -3.421803e+01 -5.459006e+01 -5.584450e+00
      vertex   -3.300000e+01 -5.466940e+01 3.350000e+01
    endloop
  endfacet
  facet normal -6.499721e-02 -9.978854e-01 -0.000000e+00
    outer loop
      vertex   -3.300000e+01 -5.466940e+01 3.350000e+01
      vertex   -3.421803e+01 -5.459006e+01 -5.584450e+00
      vertex   -3.300000e+01 -5.466940e+01 -5.584450e+00
    endloop
  endfacet
  facet normal -9.978854e-01 -6.499721e-02 -0.000000e+00
    outer loop
      vertex   -4.233360e+01 -4.533580e+01 3.350000e+01
      vertex   -4.233360e+01 -4.533580e+01 -5.584450e+00
      vertex   -4.225426e+01 -4.655383e+01 3.350000e+01
    endloop
  endfacet
  facet normal -9.978854e-01 -6.499721e-02 -0.000000e+00
    outer loop
      vertex   -4.225426e+01 -4.655383e+01 3.350000e+01
      vertex   -4.233360e+01 -4.533580e+01 -5.584450e+00
      vertex   -4.225426e+01 -4.655383e+01 -5.584450e+00
    endloop
  endfacet
  facet normal 5.786352e-01 -8.155865e-01 0.000000e+00
    outer loop
      vertex   1.788679e+01 -1.481376e+01 -5.584450e+00
      vertex   1.788679e+01 -1.481376e+01 -3.834400e+00
      vertex   1.660575e+01 -1.572262e+01 -5.584450e+00
    endloop
  endfacet
  facet normal 5.786352e-01 -8.155865e-01 0.000000e+00
    outer loop
      vertex   1.660575e+01 -1.572262e+01 -5.584450e+00
      vertex   1.788679e+01 -1.481376e+01 -3.834400e+00
      vertex   1.660575e+01 -1.572262e+01 -3.834400e+00
    endloop
  endfacet
  facet normal 4.840008e-01 -8.750675e-01 0.000000e+00
    outer loop
      vertex   1.925999e+01 -1.405424e+01 -5.584450e+00
      vertex   1.925999e+01 -1.405424e+01 -3.834400e+00
      vertex   1.788679e+01 -1.481376e+01 -5.584450e+00
    endloop
  endfacet
  facet normal 4.840008e-01 -8.750675e-01 0.000000e+00
    outer loop
      vertex   1.788679e+01 -1.481376e+01 -5.584450e+00
      vertex   1.925999e+01 -1.405424e+01 -3.834400e+00
      vertex   1.788679e+01 -1.481376e+01 -3.834400e+00
    endloop
  endfacet
  facet normal 3.825052e-01 -9.239533e-01 0.000000e+00
    outer loop
      vertex   2.071137e+01 -1.345339e+01 -5.584450e+00
      vertex   2.071137e+01 -1.345339e+01 -3.834400e+00
      vertex   1.925999e+01 -1.405424e+01 -5.584450e+00
    endloop
  endfacet
  facet normal 3.825052e-01 -9.239533e-01 0.000000e+00
    outer loop
      vertex   1.925999e+01 -1.405424e+01 -5.584450e+00
      vertex   2.071137e+01 -1.345339e+01 -3.834400e+00
      vertex   1.925999e+01 -1.405424e+01 -3.834400e+00
    endloop
  endfacet
  facet normal 2.764874e-01 -9.610175e-01 0.000000e+00
    outer loop
      vertex   2.221991e+01 -1.301938e+01 -5.584450e+00
      vertex   2.221991e+01 -1.301938e+01 -3.834400e+00
      vertex   2.071137e+01 -1.345339e+01 -5.584450e+00
    endloop
  endfacet
  facet normal 2.764874e-01 -9.610175e-01 0.000000e+00
    outer loop
      vertex   2.071137e+01 -1.345339e+01 -5.584450e+00
      vertex   2.221991e+01 -1.301938e+01 -3.834400e+00
      vertex   2.071137e+01 -1.345339e+01 -3.834400e+00
    endloop
  endfacet
  facet normal 1.680148e-01 -9.857845e-01 0.000000e+00
    outer loop
      vertex   2.376696e+01 -1.275570e+01 -5.584450e+00
      vertex   2.376696e+01 -1.275570e+01 -3.834400e+00
      vertex   2.221991e+01 -1.301938e+01 -5.584450e+00
    endloop
  endfacet
  facet normal 1.680148e-01 -9.857845e-01 0.000000e+00
    outer loop
      vertex   2.221991e+01 -1.301938e+01 -5.584450e+00
      vertex   2.376696e+01 -1.275570e+01 -3.834400e+00
      vertex   2.221991e+01 -1.301938e+01 -3.834400e+00
    endloop
  endfacet
  facet normal -2.124725e-01 9.771670e-01 0.000000e+00
    outer loop
      vertex   4.613843e+01 -5.261251e+01 3.350000e+01
      vertex   4.613843e+01 -5.261251e+01 -3.834400e+00
      vertex   4.508140e+01 -5.284235e+01 3.350000e+01
    endloop
  endfacet
  facet normal -2.124725e-01 9.771670e-01 0.000000e+00
    outer loop
      vertex   4.508140e+01 -5.284235e+01 3.350000e+01
      vertex   4.613843e+01 -5.261251e+01 -3.834400e+00
      vertex   4.508140e+01 -5.284235e+01 -3.834400e+00
    endloop
  endfacet
  facet normal 5.571675e-02 -9.984466e-01 0.000000e+00
    outer loop
      vertex   2.376696e+01 -1.275570e+01 -3.834400e+00
      vertex   2.376696e+01 -1.275570e+01 -5.584450e+00
      vertex   2.533500e+01 -1.266820e+01 -3.834400e+00
    endloop
  endfacet
  facet normal 5.571675e-02 -9.984466e-01 0.000000e+00
    outer loop
      vertex   2.533500e+01 -1.266820e+01 -3.834400e+00
      vertex   2.376696e+01 -1.275570e+01 -5.584450e+00
      vertex   2.533500e+01 -1.266820e+01 -5.584450e+00
    endloop
  endfacet
  facet normal 7.071068e-01 7.071068e-01 0.000000e+00
    outer loop
      vertex   -3.796664e+01 -5.106663e+01 3.350000e+01
      vertex   -3.796664e+01 -5.106663e+01 -3.834400e+00
      vertex   -3.873083e+01 -5.030244e+01 3.350000e+01
    endloop
  endfacet
  facet normal 7.071068e-01 7.071068e-01 0.000000e+00
    outer loop
      vertex   -3.873083e+01 -5.030244e+01 3.350000e+01
      vertex   -3.796664e+01 -5.106663e+01 -3.834400e+00
      vertex   -3.873083e+01 -5.030244e+01 -3.834400e+00
    endloop
  endfacet
  facet normal 5.991374e-01 8.006462e-01 0.000000e+00
    outer loop
      vertex   -3.709978e+01 -5.171531e+01 3.350000e+01
      vertex   -3.709978e+01 -5.171531e+01 -3.834400e+00
      vertex   -3.796664e+01 -5.106663e+01 3.350000e+01
    endloop
  endfacet
  facet normal 5.991374e-01 8.006462e-01 0.000000e+00
    outer loop
      vertex   -3.796664e+01 -5.106663e+01 3.350000e+01
      vertex   -3.709978e+01 -5.171531e+01 -3.834400e+00
      vertex   -3.796664e+01 -5.106663e+01 -3.834400e+00
    endloop
  endfacet
  facet normal 6.592464e-01 -7.519270e-01 0.000000e+00
    outer loop
      vertex   5.060222e+01 -5.193582e+01 -5.584450e+00
      vertex   5.060222e+01 -5.193582e+01 3.350000e+01
      vertex   4.968403e+01 -5.274085e+01 -5.584450e+00
    endloop
  endfacet
  facet normal 6.592464e-01 -7.519270e-01 0.000000e+00
    outer loop
      vertex   4.968403e+01 -5.274085e+01 -5.584450e+00
      vertex   5.060222e+01 -5.193582e+01 3.350000e+01
      vertex   4.968403e+01 -5.274085e+01 3.350000e+01
    endloop
  endfacet
  facet normal 4.422382e-01 8.968976e-01 0.000000e+00
    outer loop
      vertex   4.866900e+01 3.974930e+01 3.350000e+01
      vertex   4.866900e+01 3.974930e+01 -5.584450e+00
      vertex   4.757347e+01 4.028948e+01 3.350000e+01
    endloop
  endfacet
  facet normal 4.422382e-01 8.968976e-01 0.000000e+00
    outer loop
      vertex   4.757347e+01 4.028948e+01 3.350000e+01
      vertex   4.866900e+01 3.974930e+01 -5.584450e+00
      vertex   4.757347e+01 4.028948e+01 -5.584450e+00
    endloop
  endfacet
  facet normal 1.957470e-01 9.806544e-01 0.000000e+00
    outer loop
      vertex   4.641843e+01 4.068149e+01 3.350000e+01
      vertex   4.641843e+01 4.068149e+01 -5.584450e+00
      vertex   4.522023e+01 4.092066e+01 3.350000e+01
    endloop
  endfacet
  facet normal 1.957470e-01 9.806544e-01 0.000000e+00
    outer loop
      vertex   4.522023e+01 4.092066e+01 3.350000e+01
      vertex   4.641843e+01 4.068149e+01 -5.584450e+00
      vertex   4.522023e+01 4.092066e+01 -5.584450e+00
    endloop
  endfacet
  facet normal 6.499721e-02 9.978854e-01 -0.000000e+00
    outer loop
      vertex   4.400220e+01 4.100000e+01 -5.584450e+00
      vertex   4.400220e+01 4.100000e+01 3.350000e+01
      vertex   4.522023e+01 4.092066e+01 -5.584450e+00
    endloop
  endfacet
  facet normal 6.499721e-02 9.978854e-01 -0.000000e+00
    outer loop
      vertex   4.522023e+01 4.092066e+01 -5.584450e+00
      vertex   4.400220e+01 4.100000e+01 3.350000e+01
      vertex   4.522023e+01 4.092066e+01 3.350000e+01
    endloop
  endfacet
  facet normal -7.117250e-02 -9.974640e-01 -0.000000e+00
    outer loop
      vertex   4.400220e+01 3.924995e+01 3.350000e+01
      vertex   4.400220e+01 3.924995e+01 -3.834400e+00
      vertex   4.508140e+01 3.917295e+01 3.350000e+01
    endloop
  endfacet
  facet normal -7.117250e-02 -9.974640e-01 -0.000000e+00
    outer loop
      vertex   4.508140e+01 3.917295e+01 3.350000e+01
      vertex   4.400220e+01 3.924995e+01 -3.834400e+00
      vertex   4.508140e+01 3.917295e+01 -3.834400e+00
    endloop
  endfacet
  facet normal 8.006462e-01 -5.991374e-01 0.000000e+00
    outer loop
      vertex   -3.937951e+01 3.576618e+01 3.350000e+01
      vertex   -3.937951e+01 3.576618e+01 -3.834400e+00
      vertex   -3.873083e+01 3.663304e+01 3.350000e+01
    endloop
  endfacet
  facet normal 8.006462e-01 -5.991374e-01 0.000000e+00
    outer loop
      vertex   -3.873083e+01 3.663304e+01 3.350000e+01
      vertex   -3.937951e+01 3.576618e+01 -3.834400e+00
      vertex   -3.873083e+01 3.663304e+01 -3.834400e+00
    endloop
  endfacet
  facet normal 7.519270e-01 6.592464e-01 -0.000000e+00
    outer loop
      vertex   5.060222e+01 3.826642e+01 -5.584450e+00
      vertex   5.060222e+01 3.826642e+01 3.350000e+01
      vertex   5.140725e+01 3.734823e+01 -5.584450e+00
    endloop
  endfacet
  facet normal 7.519270e-01 6.592464e-01 -0.000000e+00
    outer loop
      vertex   5.140725e+01 3.734823e+01 -5.584450e+00
      vertex   5.060222e+01 3.826642e+01 3.350000e+01
      vertex   5.140725e+01 3.734823e+01 3.350000e+01
    endloop
  endfacet
  facet normal -5.553631e-01 8.316080e-01 0.000000e+00
    outer loop
      vertex   -3.868183e+01 3.907145e+01 -5.584450e+00
      vertex   -3.868183e+01 3.907145e+01 3.350000e+01
      vertex   -3.766680e+01 3.974930e+01 -5.584450e+00
    endloop
  endfacet
  facet normal -5.553631e-01 8.316080e-01 0.000000e+00
    outer loop
      vertex   -3.766680e+01 3.974930e+01 -5.584450e+00
      vertex   -3.868183e+01 3.907145e+01 3.350000e+01
      vertex   -3.766680e+01 3.974930e+01 3.350000e+01
    endloop
  endfacet
  facet normal -8.006462e-01 -5.991374e-01 -0.000000e+00
    outer loop
      vertex   4.973303e+01 3.663304e+01 3.350000e+01
      vertex   4.973303e+01 3.663304e+01 -3.834400e+00
      vertex   5.038171e+01 3.576618e+01 3.350000e+01
    endloop
  endfacet
  facet normal -8.006462e-01 -5.991374e-01 -0.000000e+00
    outer loop
      vertex   5.038171e+01 3.576618e+01 3.350000e+01
      vertex   4.973303e+01 3.663304e+01 -3.834400e+00
      vertex   5.038171e+01 3.576618e+01 -3.834400e+00
    endloop
  endfacet
  facet normal -7.071068e-01 -7.071068e-01 -0.000000e+00
    outer loop
      vertex   4.896884e+01 3.739723e+01 3.350000e+01
      vertex   4.896884e+01 3.739723e+01 -3.834400e+00
      vertex   4.973303e+01 3.663304e+01 3.350000e+01
    endloop
  endfacet
  facet normal -7.071068e-01 -7.071068e-01 -0.000000e+00
    outer loop
      vertex   4.973303e+01 3.663304e+01 3.350000e+01
      vertex   4.896884e+01 3.739723e+01 -3.834400e+00
      vertex   4.973303e+01 3.663304e+01 -3.834400e+00
    endloop
  endfacet
  facet normal 9.978854e-01 6.499721e-02 0.000000e+00
    outer loop
      vertex   5.333580e+01 3.166640e+01 3.350000e+01
      vertex   5.333580e+01 3.166640e+01 -5.584450e+00
      vertex   5.325646e+01 3.288443e+01 3.350000e+01
    endloop
  endfacet
  facet normal 9.978854e-01 6.499721e-02 0.000000e+00
    outer loop
      vertex   5.325646e+01 3.288443e+01 3.350000e+01
      vertex   5.333580e+01 3.166640e+01 -5.584450e+00
      vertex   5.325646e+01 3.288443e+01 -5.584450e+00
    endloop
  endfacet
  facet normal 7.071068e-01 -7.071068e-01 0.000000e+00
    outer loop
      vertex   -3.873083e+01 3.663304e+01 3.350000e+01
      vertex   -3.873083e+01 3.663304e+01 -3.834400e+00
      vertex   -3.796664e+01 3.739723e+01 3.350000e+01
    endloop
  endfacet
  facet normal 7.071068e-01 -7.071068e-01 0.000000e+00
    outer loop
      vertex   -3.796664e+01 3.739723e+01 3.350000e+01
      vertex   -3.873083e+01 3.663304e+01 -3.834400e+00
      vertex   -3.796664e+01 3.739723e+01 -3.834400e+00
    endloop
  endfacet
  facet normal -1.957470e-01 9.806544e-01 0.000000e+00
    outer loop
      vertex   -3.541623e+01 4.068149e+01 -5.584450e+00
      vertex   -3.541623e+01 4.068149e+01 3.350000e+01
      vertex   -3.421803e+01 4.092066e+01 -5.584450e+00
    endloop
  endfacet
  facet normal -1.957470e-01 9.806544e-01 0.000000e+00
    outer loop
      vertex   -3.421803e+01 4.092066e+01 -5.584450e+00
      vertex   -3.541623e+01 4.068149e+01 3.350000e+01
      vertex   -3.421803e+01 4.092066e+01 3.350000e+01
    endloop
  endfacet
  facet normal -9.771670e-01 -2.124725e-01 -0.000000e+00
    outer loop
      vertex   5.127891e+01 3.380263e+01 3.350000e+01
      vertex   5.127891e+01 3.380263e+01 -3.834400e+00
      vertex   5.150875e+01 3.274560e+01 3.350000e+01
    endloop
  endfacet
  facet normal -9.771670e-01 -2.124725e-01 -0.000000e+00
    outer loop
      vertex   5.150875e+01 3.274560e+01 3.350000e+01
      vertex   5.127891e+01 3.380263e+01 -3.834400e+00
      vertex   5.150875e+01 3.274560e+01 -3.834400e+00
    endloop
  endfacet
  facet normal -3.213898e-01 9.469470e-01 0.000000e+00
    outer loop
      vertex   -3.657127e+01 4.028948e+01 -5.584450e+00
      vertex   -3.657127e+01 4.028948e+01 3.350000e+01
      vertex   -3.541623e+01 4.068149e+01 -5.584450e+00
    endloop
  endfacet
  facet normal -3.213898e-01 9.469470e-01 0.000000e+00
    outer loop
      vertex   -3.541623e+01 4.068149e+01 -5.584450e+00
      vertex   -3.657127e+01 4.028948e+01 3.350000e+01
      vertex   -3.541623e+01 4.068149e+01 3.350000e+01
    endloop
  endfacet
  facet normal -9.369916e-01 -3.493518e-01 0.000000e+00
    outer loop
      vertex   5.127891e+01 3.380263e+01 -3.834400e+00
      vertex   5.127891e+01 3.380263e+01 3.350000e+01
      vertex   5.090089e+01 3.481649e+01 -3.834400e+00
    endloop
  endfacet
  facet normal -9.369916e-01 -3.493518e-01 0.000000e+00
    outer loop
      vertex   5.090089e+01 3.481649e+01 -3.834400e+00
      vertex   5.127891e+01 3.380263e+01 3.350000e+01
      vertex   5.090089e+01 3.481649e+01 3.350000e+01
    endloop
  endfacet
  facet normal -8.774420e-01 -4.796828e-01 0.000000e+00
    outer loop
      vertex   5.090089e+01 3.481649e+01 -3.834400e+00
      vertex   5.090089e+01 3.481649e+01 3.350000e+01
      vertex   5.038171e+01 3.576618e+01 -3.834400e+00
    endloop
  endfacet
  facet normal -8.774420e-01 -4.796828e-01 0.000000e+00
    outer loop
      vertex   5.038171e+01 3.576618e+01 -3.834400e+00
      vertex   5.090089e+01 3.481649e+01 3.350000e+01
      vertex   5.038171e+01 3.576618e+01 3.350000e+01
    endloop
  endfacet
  facet normal 4.796828e-01 8.774420e-01 0.000000e+00
    outer loop
      vertex   -3.615009e+01 -5.223449e+01 3.350000e+01
      vertex   -3.615009e+01 -5.223449e+01 -3.834400e+00
      vertex   -3.709978e+01 -5.171531e+01 3.350000e+01
    endloop
  endfacet
  facet normal 4.796828e-01 8.774420e-01 0.000000e+00
    outer loop
      vertex   -3.709978e+01 -5.171531e+01 3.350000e+01
      vertex   -3.615009e+01 -5.223449e+01 -3.834400e+00
      vertex   -3.709978e+01 -5.171531e+01 -3.834400e+00
    endloop
  endfacet
  facet normal 0.000000e+00 -1.000000e+00 -0.000000e+00
    outer loop
      vertex   -2.949990e+01 3.924995e+01 2.999990e+01
      vertex   -3.300000e+01 3.924995e+01 -3.834400e+00
      vertex   -9.666000e+00 3.924995e+01 2.999990e+01
    endloop
  endfacet
  facet normal 0.000000e+00 -1.000000e+00 -0.000000e+00
    outer loop
      vertex   -9.666000e+00 3.924995e+01 2.999990e+01
      vertex   -3.300000e+01 3.924995e+01 -3.834400e+00
      vertex   2.066820e+01 3.924995e+01 2.999990e+01
    endloop
  endfacet
  facet normal 0.000000e+00 -1.000000e+00 0.000000e+00
    outer loop
      vertex   -9.666000e+00 3.924995e+01 2.999990e+01
      vertex   2.066820e+01 3.924995e+01 2.999990e+01
      vertex   2.066820e+01 3.924995e+01 3.350000e+01
    endloop
  endfacet
  facet normal -0.000000e+00 -1.000000e+00 -0.000000e+00
    outer loop
      vertex   -2.949990e+01 3.924995e+01 3.350000e+01
      vertex   -3.300000e+01 3.924995e+01 3.350000e+01
      vertex   -2.949990e+01 3.924995e+01 2.999990e+01
    endloop
  endfacet
  facet normal -0.000000e+00 -1.000000e+00 0.000000e+00
    outer loop
      vertex   -2.949990e+01 3.924995e+01 2.999990e+01
      vertex   -3.300000e+01 3.924995e+01 3.350000e+01
      vertex   -3.300000e+01 3.924995e+01 -3.834400e+00
    endloop
  endfacet
  facet normal 0.000000e+00 -1.000000e+00 0.000000e+00
    outer loop
      vertex   -3.300000e+01 3.924995e+01 -3.834400e+00
      vertex   4.400220e+01 3.924995e+01 -3.834400e+00
      vertex   2.066820e+01 3.924995e+01 2.999990e+01
    endloop
  endfacet
  facet normal 0.000000e+00 -1.000000e+00 0.000000e+00
    outer loop
      vertex   2.066820e+01 3.924995e+01 2.999990e+01
      vertex   4.400220e+01 3.924995e+01 -3.834400e+00
      vertex   4.050210e+01 3.924995e+01 2.999990e+01
    endloop
  endfacet
  facet normal 0.000000e+00 -1.000000e+00 0.000000e+00
    outer loop
      vertex   4.050210e+01 3.924995e+01 2.999990e+01
      vertex   4.400220e+01 3.924995e+01 -3.834400e+00
      vertex   4.400220e+01 3.924995e+01 3.350000e+01
    endloop
  endfacet
  facet normal 0.000000e+00 -1.000000e+00 0.000000e+00
    outer loop
      vertex   4.050210e+01 3.924995e+01 2.999990e+01
      vertex   4.400220e+01 3.924995e+01 3.350000e+01
      vertex   4.050210e+01 3.924995e+01 3.350000e+01
    endloop
  endfacet
  facet normal -0.000000e+00 -1.000000e+00 0.000000e+00
    outer loop
      vertex   2.066820e+01 3.924995e+01 3.350000e+01
      vertex   -9.666000e+00 3.924995e+01 3.350000e+01
      vertex   -9.666000e+00 3.924995e+01 2.999990e+01
    endloop
  endfacet
  facet normal -7.071068e-01 -7.071068e-01 0.000000e+00
    outer loop
      vertex   -2.774985e+01 3.749990e+01 3.174995e+01
      vertex   -2.949990e+01 3.924995e+01 3.350000e+01
      vertex   -2.949990e+01 3.924995e+01 2.999990e+01
    endloop
  endfacet
  facet normal 7.117250e-02 -9.974640e-01 0.000000e+00
    outer loop
      vertex   -3.300000e+01 3.924995e+01 -3.834400e+00
      vertex   -3.300000e+01 3.924995e+01 3.350000e+01
      vertex   -3.407920e+01 3.917295e+01 -3.834400e+00
    endloop
  endfacet
  facet normal 7.117250e-02 -9.974640e-01 0.000000e+00
    outer loop
      vertex   -3.407920e+01 3.917295e+01 -3.834400e+00
      vertex   -3.300000e+01 3.924995e+01 3.350000e+01
      vertex   -3.407920e+01 3.917295e+01 3.350000e+01
    endloop
  endfacet
  facet normal 5.571675e-02 9.984466e-01 0.000000e+00
    outer loop
      vertex   2.533500e+01 -1.001200e+00 -3.834400e+00
      vertex   2.533500e+01 -1.001200e+00 -5.584450e+00
      vertex   2.376696e+01 -9.136977e-01 -3.834400e+00
    endloop
  endfacet
  facet normal 5.571675e-02 9.984466e-01 0.000000e+00
    outer loop
      vertex   2.376696e+01 -9.136977e-01 -3.834400e+00
      vertex   2.533500e+01 -1.001200e+00 -5.584450e+00
      vertex   2.376696e+01 -9.136977e-01 -5.584450e+00
    endloop
  endfacet
  facet normal 1.680148e-01 9.857845e-01 -0.000000e+00
    outer loop
      vertex   2.221991e+01 -6.500232e-01 -5.584450e+00
      vertex   2.221991e+01 -6.500232e-01 -3.834400e+00
      vertex   2.376696e+01 -9.136977e-01 -5.584450e+00
    endloop
  endfacet
  facet normal 1.680148e-01 9.857845e-01 -0.000000e+00
    outer loop
      vertex   2.376696e+01 -9.136977e-01 -5.584450e+00
      vertex   2.221991e+01 -6.500232e-01 -3.834400e+00
      vertex   2.376696e+01 -9.136977e-01 -3.834400e+00
    endloop
  endfacet
  facet normal 2.764874e-01 9.610175e-01 -0.000000e+00
    outer loop
      vertex   2.071137e+01 -2.160111e-01 -5.584450e+00
      vertex   2.071137e+01 -2.160111e-01 -3.834400e+00
      vertex   2.221991e+01 -6.500232e-01 -5.584450e+00
    endloop
  endfacet
  facet normal 2.764874e-01 9.610175e-01 -0.000000e+00
    outer loop
      vertex   2.221991e+01 -6.500232e-01 -5.584450e+00
      vertex   2.071137e+01 -2.160111e-01 -3.834400e+00
      vertex   2.221991e+01 -6.500232e-01 -3.834400e+00
    endloop
  endfacet
  facet normal 3.825052e-01 9.239533e-01 -0.000000e+00
    outer loop
      vertex   1.925999e+01 3.848398e-01 -5.584450e+00
      vertex   1.925999e+01 3.848398e-01 -3.834400e+00
      vertex   2.071137e+01 -2.160111e-01 -5.584450e+00
    endloop
  endfacet
  facet normal 3.825052e-01 9.239533e-01 -0.000000e+00
    outer loop
      vertex   2.071137e+01 -2.160111e-01 -5.584450e+00
      vertex   1.925999e+01 3.848398e-01 -3.834400e+00
      vertex   2.071137e+01 -2.160111e-01 -3.834400e+00
    endloop
  endfacet
  facet normal 4.840008e-01 8.750675e-01 -0.000000e+00
    outer loop
      vertex   1.788679e+01 1.144362e+00 -5.584450e+00
      vertex   1.788679e+01 1.144362e+00 -3.834400e+00
      vertex   1.925999e+01 3.848398e-01 -5.584450e+00
    endloop
  endfacet
  facet normal 4.840008e-01 8.750675e-01 -0.000000e+00
    outer loop
      vertex   1.925999e+01 3.848398e-01 -5.584450e+00
      vertex   1.788679e+01 1.144362e+00 -3.834400e+00
      vertex   1.925999e+01 3.848398e-01 -3.834400e+00
    endloop
  endfacet
  facet normal -2.124725e-01 -9.771670e-01 0.000000e+00
    outer loop
      vertex   4.613843e+01 3.894311e+01 -3.834400e+00
      vertex   4.613843e+01 3.894311e+01 3.350000e+01
      vertex   4.508140e+01 3.917295e+01 -3.834400e+00
    endloop
  endfacet
  facet normal -2.124725e-01 -9.771670e-01 0.000000e+00
    outer loop
      vertex   4.508140e+01 3.917295e+01 -3.834400e+00
      vertex   4.613843e+01 3.894311e+01 3.350000e+01
      vertex   4.508140e+01 3.917295e+01 3.350000e+01
    endloop
  endfacet
  facet normal 5.786352e-01 8.155865e-01 -0.000000e+00
    outer loop
      vertex   1.660575e+01 2.053221e+00 -5.584450e+00
      vertex   1.660575e+01 2.053221e+00 -3.834400e+00
      vertex   1.788679e+01 1.144362e+00 -5.584450e+00
    endloop
  endfacet
  facet normal 5.786352e-01 8.155865e-01 -0.000000e+00
    outer loop
      vertex   1.788679e+01 1.144362e+00 -5.584450e+00
      vertex   1.660575e+01 2.053221e+00 -3.834400e+00
      vertex   1.788679e+01 1.144362e+00 -3.834400e+00
    endloop
  endfacet
  facet normal -4.796828e-01 -8.774420e-01 0.000000e+00
    outer loop
      vertex   4.810198e+01 3.804591e+01 -3.834400e+00
      vertex   4.810198e+01 3.804591e+01 3.350000e+01
      vertex   4.715229e+01 3.856509e+01 -3.834400e+00
    endloop
  endfacet
  facet normal -4.796828e-01 -8.774420e-01 0.000000e+00
    outer loop
      vertex   4.715229e+01 3.856509e+01 -3.834400e+00
      vertex   4.810198e+01 3.804591e+01 3.350000e+01
      vertex   4.715229e+01 3.856509e+01 3.350000e+01
    endloop
  endfacet
  facet normal -3.493518e-01 -9.369916e-01 0.000000e+00
    outer loop
      vertex   4.715229e+01 3.856509e+01 -3.834400e+00
      vertex   4.715229e+01 3.856509e+01 3.350000e+01
      vertex   4.613843e+01 3.894311e+01 -3.834400e+00
    endloop
  endfacet
  facet normal -3.493518e-01 -9.369916e-01 0.000000e+00
    outer loop
      vertex   4.613843e+01 3.894311e+01 -3.834400e+00
      vertex   4.715229e+01 3.856509e+01 3.350000e+01
      vertex   4.613843e+01 3.894311e+01 3.350000e+01
    endloop
  endfacet
  facet normal 8.316080e-01 5.553631e-01 0.000000e+00
    outer loop
      vertex   5.208510e+01 3.633320e+01 3.350000e+01
      vertex   5.208510e+01 3.633320e+01 -5.584450e+00
      vertex   5.140725e+01 3.734823e+01 3.350000e+01
    endloop
  endfacet
  facet normal 8.316080e-01 5.553631e-01 0.000000e+00
    outer loop
      vertex   5.140725e+01 3.734823e+01 3.350000e+01
      vertex   5.208510e+01 3.633320e+01 -5.584450e+00
      vertex   5.140725e+01 3.734823e+01 -5.584450e+00
    endloop
  endfacet
  facet normal 8.774420e-01 -4.796828e-01 0.000000e+00
    outer loop
      vertex   -3.989869e+01 3.481649e+01 3.350000e+01
      vertex   -3.989869e+01 3.481649e+01 -3.834400e+00
      vertex   -3.937951e+01 3.576618e+01 3.350000e+01
    endloop
  endfacet
  facet normal 8.774420e-01 -4.796828e-01 0.000000e+00
    outer loop
      vertex   -3.937951e+01 3.576618e+01 3.350000e+01
      vertex   -3.989869e+01 3.481649e+01 -3.834400e+00
      vertex   -3.937951e+01 3.576618e+01 -3.834400e+00
    endloop
  endfacet
  facet normal 9.369916e-01 -3.493518e-01 0.000000e+00
    outer loop
      vertex   -3.989869e+01 3.481649e+01 -3.834400e+00
      vertex   -3.989869e+01 3.481649e+01 3.350000e+01
      vertex   -4.027671e+01 3.380263e+01 -3.834400e+00
    endloop
  endfacet
  facet normal 9.369916e-01 -3.493518e-01 0.000000e+00
    outer loop
      vertex   -4.027671e+01 3.380263e+01 -3.834400e+00
      vertex   -3.989869e+01 3.481649e+01 3.350000e+01
      vertex   -4.027671e+01 3.380263e+01 3.350000e+01
    endloop
  endfacet
  facet normal 6.592464e-01 7.519270e-01 -0.000000e+00
    outer loop
      vertex   4.968403e+01 3.907145e+01 -5.584450e+00
      vertex   4.968403e+01 3.907145e+01 3.350000e+01
      vertex   5.060222e+01 3.826642e+01 -5.584450e+00
    endloop
  endfacet
  facet normal 6.592464e-01 7.519270e-01 -0.000000e+00
    outer loop
      vertex   5.060222e+01 3.826642e+01 -5.584450e+00
      vertex   4.968403e+01 3.907145e+01 3.350000e+01
      vertex   5.060222e+01 3.826642e+01 3.350000e+01
    endloop
  endfacet
  facet normal -6.592464e-01 7.519270e-01 0.000000e+00
    outer loop
      vertex   -3.960002e+01 3.826642e+01 -5.584450e+00
      vertex   -3.960002e+01 3.826642e+01 3.350000e+01
      vertex   -3.868183e+01 3.907145e+01 -5.584450e+00
    endloop
  endfacet
  facet normal -6.592464e-01 7.519270e-01 0.000000e+00
    outer loop
      vertex   -3.868183e+01 3.907145e+01 -5.584450e+00
      vertex   -3.960002e+01 3.826642e+01 3.350000e+01
      vertex   -3.868183e+01 3.907145e+01 3.350000e+01
    endloop
  endfacet
  facet normal 2.124725e-01 9.771670e-01 0.000000e+00
    outer loop
      vertex   -3.407920e+01 -5.284235e+01 3.350000e+01
      vertex   -3.407920e+01 -5.284235e+01 -3.834400e+00
      vertex   -3.513623e+01 -5.261251e+01 3.350000e+01
    endloop
  endfacet
  facet normal 2.124725e-01 9.771670e-01 0.000000e+00
    outer loop
      vertex   -3.513623e+01 -5.261251e+01 3.350000e+01
      vertex   -3.407920e+01 -5.284235e+01 -3.834400e+00
      vertex   -3.513623e+01 -5.261251e+01 -3.834400e+00
    endloop
  endfacet
  facet normal -9.974640e-01 -7.117250e-02 0.000000e+00
    outer loop
      vertex   5.158575e+01 3.166640e+01 -3.834400e+00
      vertex   5.158575e+01 3.166640e+01 3.350000e+01
      vertex   5.150875e+01 3.274560e+01 -3.834400e+00
    endloop
  endfacet
  facet normal -9.974640e-01 -7.117250e-02 0.000000e+00
    outer loop
      vertex   5.150875e+01 3.274560e+01 -3.834400e+00
      vertex   5.158575e+01 3.166640e+01 3.350000e+01
      vertex   5.150875e+01 3.274560e+01 3.350000e+01
    endloop
  endfacet
  facet normal -9.469470e-01 -3.213898e-01 0.000000e+00
    outer loop
      vertex   -4.162308e+01 -4.890707e+01 -5.584450e+00
      vertex   -4.162308e+01 -4.890707e+01 3.350000e+01
      vertex   -4.201509e+01 -4.775203e+01 -5.584450e+00
    endloop
  endfacet
  facet normal -9.469470e-01 -3.213898e-01 0.000000e+00
    outer loop
      vertex   -4.201509e+01 -4.775203e+01 -5.584450e+00
      vertex   -4.162308e+01 -4.890707e+01 3.350000e+01
      vertex   -4.201509e+01 -4.775203e+01 3.350000e+01
    endloop
  endfacet
  facet normal 8.774420e-01 4.796828e-01 -0.000000e+00
    outer loop
      vertex   -3.989869e+01 -4.848589e+01 -3.834400e+00
      vertex   -3.989869e+01 -4.848589e+01 3.350000e+01
      vertex   -3.937951e+01 -4.943558e+01 -3.834400e+00
    endloop
  endfacet
  facet normal 8.774420e-01 4.796828e-01 -0.000000e+00
    outer loop
      vertex   -3.937951e+01 -4.943558e+01 -3.834400e+00
      vertex   -3.989869e+01 -4.848589e+01 3.350000e+01
      vertex   -3.937951e+01 -4.943558e+01 3.350000e+01
    endloop
  endfacet
  facet normal 9.369916e-01 3.493518e-01 0.000000e+00
    outer loop
      vertex   -3.989869e+01 -4.848589e+01 3.350000e+01
      vertex   -3.989869e+01 -4.848589e+01 -3.834400e+00
      vertex   -4.027671e+01 -4.747203e+01 3.350000e+01
    endloop
  endfacet
  facet normal 9.369916e-01 3.493518e-01 0.000000e+00
    outer loop
      vertex   -4.027671e+01 -4.747203e+01 3.350000e+01
      vertex   -3.989869e+01 -4.848589e+01 -3.834400e+00
      vertex   -4.027671e+01 -4.747203e+01 -3.834400e+00
    endloop
  endfacet
  facet normal 6.666214e-01 7.453964e-01 -0.000000e+00
    outer loop
      vertex   1.543555e+01 3.099751e+00 -5.584450e+00
      vertex   1.543555e+01 3.099751e+00 -3.834400e+00
      vertex   1.660575e+01 2.053221e+00 -5.584450e+00
    endloop
  endfacet
  facet normal 6.666214e-01 7.453964e-01 -0.000000e+00
    outer loop
      vertex   1.660575e+01 2.053221e+00 -5.584450e+00
      vertex   1.543555e+01 3.099751e+00 -3.834400e+00
      vertex   1.660575e+01 2.053221e+00 -3.834400e+00
    endloop
  endfacet
  facet normal 7.453964e-01 6.666214e-01 -0.000000e+00
    outer loop
      vertex   1.438902e+01 4.269950e+00 -5.584450e+00
      vertex   1.438902e+01 4.269950e+00 -3.834400e+00
      vertex   1.543555e+01 3.099751e+00 -5.584450e+00
    endloop
  endfacet
  facet normal 7.453964e-01 6.666214e-01 -0.000000e+00
    outer loop
      vertex   1.543555e+01 3.099751e+00 -5.584450e+00
      vertex   1.438902e+01 4.269950e+00 -3.834400e+00
      vertex   1.543555e+01 3.099751e+00 -3.834400e+00
    endloop
  endfacet
  facet normal 8.155865e-01 5.786352e-01 -0.000000e+00
    outer loop
      vertex   1.348016e+01 5.550987e+00 -5.584450e+00
      vertex   1.348016e+01 5.550987e+00 -3.834400e+00
      vertex   1.438902e+01 4.269950e+00 -5.584450e+00
    endloop
  endfacet
  facet normal 8.155865e-01 5.786352e-01 -0.000000e+00
    outer loop
      vertex   1.438902e+01 4.269950e+00 -5.584450e+00
      vertex   1.348016e+01 5.550987e+00 -3.834400e+00
      vertex   1.438902e+01 4.269950e+00 -3.834400e+00
    endloop
  endfacet
  facet normal -6.666211e-01 -7.453968e-01 0.000000e+00
    outer loop
      vertex   3.523445e+01 -1.676915e+01 -5.584450e+00
      vertex   3.523445e+01 -1.676915e+01 -3.834400e+00
      vertex   3.406425e+01 -1.572262e+01 -5.584450e+00
    endloop
  endfacet
  facet normal -6.666211e-01 -7.453968e-01 0.000000e+00
    outer loop
      vertex   3.406425e+01 -1.572262e+01 -5.584450e+00
      vertex   3.523445e+01 -1.676915e+01 -3.834400e+00
      vertex   3.406425e+01 -1.572262e+01 -3.834400e+00
    endloop
  endfacet
  facet normal -7.453968e-01 -6.666210e-01 0.000000e+00
    outer loop
      vertex   3.628098e+01 -1.793935e+01 -5.584450e+00
      vertex   3.628098e+01 -1.793935e+01 -3.834400e+00
      vertex   3.523445e+01 -1.676915e+01 -5.584450e+00
    endloop
  endfacet
  facet normal -7.453968e-01 -6.666210e-01 0.000000e+00
    outer loop
      vertex   3.523445e+01 -1.676915e+01 -5.584450e+00
      vertex   3.628098e+01 -1.793935e+01 -3.834400e+00
      vertex   3.523445e+01 -1.676915e+01 -3.834400e+00
    endloop
  endfacet
  facet normal 9.469470e-01 -3.213898e-01 0.000000e+00
    outer loop
      vertex   5.301729e+01 -4.775203e+01 -5.584450e+00
      vertex   5.301729e+01 -4.775203e+01 3.350000e+01
      vertex   5.262528e+01 -4.890707e+01 -5.584450e+00
    endloop
  endfacet
  facet normal 9.469470e-01 -3.213898e-01 0.000000e+00
    outer loop
      vertex   5.262528e+01 -4.890707e+01 -5.584450e+00
      vertex   5.301729e+01 -4.775203e+01 3.350000e+01
      vertex   5.262528e+01 -4.890707e+01 3.350000e+01
    endloop
  endfacet
  facet normal -8.155867e-01 -5.786349e-01 0.000000e+00
    outer loop
      vertex   3.718984e+01 -1.922039e+01 -5.584450e+00
      vertex   3.718984e+01 -1.922039e+01 -3.834400e+00
      vertex   3.628098e+01 -1.793935e+01 -5.584450e+00
    endloop
  endfacet
  facet normal -8.155867e-01 -5.786349e-01 0.000000e+00
    outer loop
      vertex   3.628098e+01 -1.793935e+01 -5.584450e+00
      vertex   3.718984e+01 -1.922039e+01 -3.834400e+00
      vertex   3.628098e+01 -1.793935e+01 -3.834400e+00
    endloop
  endfacet
  facet normal -8.750672e-01 -4.840014e-01 0.000000e+00
    outer loop
      vertex   3.794936e+01 -2.059359e+01 -5.584450e+00
      vertex   3.794936e+01 -2.059359e+01 -3.834400e+00
      vertex   3.718984e+01 -1.922039e+01 -5.584450e+00
    endloop
  endfacet
  facet normal -8.750672e-01 -4.840014e-01 0.000000e+00
    outer loop
      vertex   3.718984e+01 -1.922039e+01 -5.584450e+00
      vertex   3.794936e+01 -2.059359e+01 -3.834400e+00
      vertex   3.718984e+01 -1.922039e+01 -3.834400e+00
    endloop
  endfacet
  facet normal -9.239536e-01 -3.825046e-01 0.000000e+00
    outer loop
      vertex   3.855021e+01 -2.204497e+01 -5.584450e+00
      vertex   3.855021e+01 -2.204497e+01 -3.834400e+00
      vertex   3.794936e+01 -2.059359e+01 -5.584450e+00
    endloop
  endfacet
  facet normal -9.239536e-01 -3.825046e-01 0.000000e+00
    outer loop
      vertex   3.794936e+01 -2.059359e+01 -5.584450e+00
      vertex   3.855021e+01 -2.204497e+01 -3.834400e+00
      vertex   3.794936e+01 -2.059359e+01 -3.834400e+00
    endloop
  endfacet
  facet normal 9.974640e-01 -7.117250e-02 0.000000e+00
    outer loop
      vertex   -4.050655e+01 3.274560e+01 -3.834400e+00
      vertex   -4.050655e+01 3.274560e+01 3.350000e+01
      vertex   -4.058355e+01 3.166640e+01 -3.834400e+00
    endloop
  endfacet
  facet normal 9.974640e-01 -7.117250e-02 0.000000e+00
    outer loop
      vertex   -4.058355e+01 3.166640e+01 -3.834400e+00
      vertex   -4.050655e+01 3.274560e+01 3.350000e+01
      vertex   -4.058355e+01 3.166640e+01 3.350000e+01
    endloop
  endfacet
  facet normal -9.610175e-01 -2.764874e-01 0.000000e+00
    outer loop
      vertex   3.898422e+01 -2.355351e+01 -5.584450e+00
      vertex   3.898422e+01 -2.355351e+01 -3.834400e+00
      vertex   3.855021e+01 -2.204497e+01 -5.584450e+00
    endloop
  endfacet
  facet normal -9.610175e-01 -2.764874e-01 0.000000e+00
    outer loop
      vertex   3.855021e+01 -2.204497e+01 -5.584450e+00
      vertex   3.898422e+01 -2.355351e+01 -3.834400e+00
      vertex   3.855021e+01 -2.204497e+01 -3.834400e+00
    endloop
  endfacet
  facet normal -9.974640e-01 7.117250e-02 0.000000e+00
    outer loop
      vertex   5.158575e+01 -4.533580e+01 3.350000e+01
      vertex   5.158575e+01 -4.533580e+01 -3.834400e+00
      vertex   5.150875e+01 -4.641500e+01 3.350000e+01
    endloop
  endfacet
  facet normal -9.974640e-01 7.117250e-02 0.000000e+00
    outer loop
      vertex   5.150875e+01 -4.641500e+01 3.350000e+01
      vertex   5.158575e+01 -4.533580e+01 -3.834400e+00
      vertex   5.150875e+01 -4.641500e+01 -3.834400e+00
    endloop
  endfacet
  facet normal -9.857845e-01 -1.680144e-01 0.000000e+00
    outer loop
      vertex   3.924790e+01 -2.510056e+01 -5.584450e+00
      vertex   3.924790e+01 -2.510056e+01 -3.834400e+00
      vertex   3.898422e+01 -2.355351e+01 -5.584450e+00
    endloop
  endfacet
  facet normal -9.857845e-01 -1.680144e-01 0.000000e+00
    outer loop
      vertex   3.898422e+01 -2.355351e+01 -5.584450e+00
      vertex   3.924790e+01 -2.510056e+01 -3.834400e+00
      vertex   3.898422e+01 -2.355351e+01 -3.834400e+00
    endloop
  endfacet
  facet normal 5.553631e-01 8.316080e-01 0.000000e+00
    outer loop
      vertex   4.968403e+01 3.907145e+01 3.350000e+01
      vertex   4.968403e+01 3.907145e+01 -5.584450e+00
      vertex   4.866900e+01 3.974930e+01 3.350000e+01
    endloop
  endfacet
  facet normal 5.553631e-01 8.316080e-01 0.000000e+00
    outer loop
      vertex   4.866900e+01 3.974930e+01 3.350000e+01
      vertex   4.968403e+01 3.907145e+01 -5.584450e+00
      vertex   4.866900e+01 3.974930e+01 -5.584450e+00
    endloop
  endfacet
  facet normal -9.984466e-01 -5.571746e-02 0.000000e+00
    outer loop
      vertex   3.933540e+01 -2.666860e+01 -5.584450e+00
      vertex   3.933540e+01 -2.666860e+01 -3.834400e+00
      vertex   3.924790e+01 -2.510056e+01 -5.584450e+00
    endloop
  endfacet
  facet normal -9.984466e-01 -5.571746e-02 0.000000e+00
    outer loop
      vertex   3.924790e+01 -2.510056e+01 -5.584450e+00
      vertex   3.933540e+01 -2.666860e+01 -3.834400e+00
      vertex   3.924790e+01 -2.510056e+01 -3.834400e+00
    endloop
  endfacet
  facet normal 9.771670e-01 -2.124725e-01 0.000000e+00
    outer loop
      vertex   -4.027671e+01 3.380263e+01 -3.834400e+00
      vertex   -4.027671e+01 3.380263e+01 3.350000e+01
      vertex   -4.050655e+01 3.274560e+01 -3.834400e+00
    endloop
  endfacet
  facet normal 9.771670e-01 -2.124725e-01 0.000000e+00
    outer loop
      vertex   -4.050655e+01 3.274560e+01 -3.834400e+00
      vertex   -4.027671e+01 3.380263e+01 3.350000e+01
      vertex   -4.050655e+01 3.274560e+01 3.350000e+01
    endloop
  endfacet
  facet normal 8.750675e-01 4.840008e-01 -0.000000e+00
    outer loop
      vertex   1.272064e+01 6.924193e+00 -5.584450e+00
      vertex   1.272064e+01 6.924193e+00 -3.834400e+00
      vertex   1.348016e+01 5.550987e+00 -5.584450e+00
    endloop
  endfacet
  facet normal 8.750675e-01 4.840008e-01 -0.000000e+00
    outer loop
      vertex   1.348016e+01 5.550987e+00 -5.584450e+00
      vertex   1.272064e+01 6.924193e+00 -3.834400e+00
      vertex   1.348016e+01 5.550987e+00 -3.834400e+00
    endloop
  endfacet
  facet normal 9.239533e-01 3.825052e-01 -0.000000e+00
    outer loop
      vertex   1.211979e+01 8.375568e+00 -5.584450e+00
      vertex   1.211979e+01 8.375568e+00 -3.834400e+00
      vertex   1.272064e+01 6.924193e+00 -5.584450e+00
    endloop
  endfacet
  facet normal 9.239533e-01 3.825052e-01 -0.000000e+00
    outer loop
      vertex   1.272064e+01 6.924193e+00 -5.584450e+00
      vertex   1.211979e+01 8.375568e+00 -3.834400e+00
      vertex   1.272064e+01 6.924193e+00 -3.834400e+00
    endloop
  endfacet
  facet normal 1.957470e-01 -9.806544e-01 0.000000e+00
    outer loop
      vertex   4.641843e+01 -5.435089e+01 -5.584450e+00
      vertex   4.641843e+01 -5.435089e+01 3.350000e+01
      vertex   4.522023e+01 -5.459006e+01 -5.584450e+00
    endloop
  endfacet
  facet normal 1.957470e-01 -9.806544e-01 0.000000e+00
    outer loop
      vertex   4.522023e+01 -5.459006e+01 -5.584450e+00
      vertex   4.641843e+01 -5.435089e+01 3.350000e+01
      vertex   4.522023e+01 -5.459006e+01 3.350000e+01
    endloop
  endfacet
  facet normal 3.213898e-01 -9.469470e-01 0.000000e+00
    outer loop
      vertex   4.757347e+01 -5.395888e+01 -5.584450e+00
      vertex   4.757347e+01 -5.395888e+01 3.350000e+01
      vertex   4.641843e+01 -5.435089e+01 -5.584450e+00
    endloop
  endfacet
  facet normal 3.213898e-01 -9.469470e-01 0.000000e+00
    outer loop
      vertex   4.641843e+01 -5.435089e+01 -5.584450e+00
      vertex   4.757347e+01 -5.395888e+01 3.350000e+01
      vertex   4.641843e+01 -5.435089e+01 3.350000e+01
    endloop
  endfacet
  facet normal -8.316080e-01 5.553631e-01 0.000000e+00
    outer loop
      vertex   -4.040505e+01 3.734823e+01 3.350000e+01
      vertex   -4.040505e+01 3.734823e+01 -5.584450e+00
      vertex   -4.108290e+01 3.633320e+01 3.350000e+01
    endloop
  endfacet
  facet normal -8.316080e-01 5.553631e-01 0.000000e+00
    outer loop
      vertex   -4.108290e+01 3.633320e+01 3.350000e+01
      vertex   -4.040505e+01 3.734823e+01 -5.584450e+00
      vertex   -4.108290e+01 3.633320e+01 -5.584450e+00
    endloop
  endfacet
  facet normal 4.422382e-01 -8.968976e-01 0.000000e+00
    outer loop
      vertex   4.757347e+01 -5.395888e+01 3.350000e+01
      vertex   4.757347e+01 -5.395888e+01 -5.584450e+00
      vertex   4.866900e+01 -5.341870e+01 3.350000e+01
    endloop
  endfacet
  facet normal 4.422382e-01 -8.968976e-01 0.000000e+00
    outer loop
      vertex   4.866900e+01 -5.341870e+01 3.350000e+01
      vertex   4.757347e+01 -5.395888e+01 -5.584450e+00
      vertex   4.866900e+01 -5.341870e+01 -5.584450e+00
    endloop
  endfacet
  facet normal -7.519270e-01 6.592464e-01 0.000000e+00
    outer loop
      vertex   -3.960002e+01 3.826642e+01 3.350000e+01
      vertex   -3.960002e+01 3.826642e+01 -5.584450e+00
      vertex   -4.040505e+01 3.734823e+01 3.350000e+01
    endloop
  endfacet
  facet normal -7.519270e-01 6.592464e-01 0.000000e+00
    outer loop
      vertex   -4.040505e+01 3.734823e+01 3.350000e+01
      vertex   -3.960002e+01 3.826642e+01 -5.584450e+00
      vertex   -4.040505e+01 3.734823e+01 -5.584450e+00
    endloop
  endfacet
  facet normal 8.968976e-01 4.422382e-01 0.000000e+00
    outer loop
      vertex   5.262528e+01 3.523767e+01 3.350000e+01
      vertex   5.262528e+01 3.523767e+01 -5.584450e+00
      vertex   5.208510e+01 3.633320e+01 3.350000e+01
    endloop
  endfacet
  facet normal 8.968976e-01 4.422382e-01 0.000000e+00
    outer loop
      vertex   5.208510e+01 3.633320e+01 3.350000e+01
      vertex   5.262528e+01 3.523767e+01 -5.584450e+00
      vertex   5.208510e+01 3.633320e+01 -5.584450e+00
    endloop
  endfacet
  facet normal 3.493518e-01 -9.369916e-01 0.000000e+00
    outer loop
      vertex   -3.615009e+01 3.856509e+01 3.350000e+01
      vertex   -3.615009e+01 3.856509e+01 -3.834400e+00
      vertex   -3.513623e+01 3.894311e+01 3.350000e+01
    endloop
  endfacet
  facet normal 3.493518e-01 -9.369916e-01 0.000000e+00
    outer loop
      vertex   -3.513623e+01 3.894311e+01 3.350000e+01
      vertex   -3.615009e+01 3.856509e+01 -3.834400e+00
      vertex   -3.513623e+01 3.894311e+01 -3.834400e+00
    endloop
  endfacet
  facet normal 4.796828e-01 -8.774420e-01 0.000000e+00
    outer loop
      vertex   -3.615009e+01 3.856509e+01 -3.834400e+00
      vertex   -3.615009e+01 3.856509e+01 3.350000e+01
      vertex   -3.709978e+01 3.804591e+01 -3.834400e+00
    endloop
  endfacet
  facet normal 4.796828e-01 -8.774420e-01 0.000000e+00
    outer loop
      vertex   -3.709978e+01 3.804591e+01 -3.834400e+00
      vertex   -3.615009e+01 3.856509e+01 3.350000e+01
      vertex   -3.709978e+01 3.804591e+01 3.350000e+01
    endloop
  endfacet
  facet normal 7.117250e-02 9.974640e-01 0.000000e+00
    outer loop
      vertex   -3.300000e+01 -5.291935e+01 3.350000e+01
      vertex   -3.300000e+01 -5.291935e+01 -3.834400e+00
      vertex   -3.407920e+01 -5.284235e+01 3.350000e+01
    endloop
  endfacet
  facet normal 7.117250e-02 9.974640e-01 0.000000e+00
    outer loop
      vertex   -3.407920e+01 -5.284235e+01 3.350000e+01
      vertex   -3.300000e+01 -5.291935e+01 -3.834400e+00
      vertex   -3.407920e+01 -5.284235e+01 -3.834400e+00
    endloop
  endfacet
  facet normal -6.499721e-02 9.978854e-01 0.000000e+00
    outer loop
      vertex   -3.300000e+01 4.100000e+01 3.350000e+01
      vertex   -3.300000e+01 4.100000e+01 -5.584450e+00
      vertex   -3.421803e+01 4.092066e+01 3.350000e+01
    endloop
  endfacet
  facet normal -6.499721e-02 9.978854e-01 0.000000e+00
    outer loop
      vertex   -3.421803e+01 4.092066e+01 3.350000e+01
      vertex   -3.300000e+01 4.100000e+01 -5.584450e+00
      vertex   -3.421803e+01 4.092066e+01 -5.584450e+00
    endloop
  endfacet
  facet normal -5.571675e-02 -9.984466e-01 0.000000e+00
    outer loop
      vertex   2.690304e+01 -1.275570e+01 -5.584450e+00
      vertex   2.690304e+01 -1.275570e+01 -3.834400e+00
      vertex   2.533500e+01 -1.266820e+01 -5.584450e+00
    endloop
  endfacet
  facet normal -5.571675e-02 -9.984466e-01 0.000000e+00
    outer loop
      vertex   2.533500e+01 -1.266820e+01 -5.584450e+00
      vertex   2.690304e+01 -1.275570e+01 -3.834400e+00
      vertex   2.533500e+01 -1.266820e+01 -3.834400e+00
    endloop
  endfacet
  facet normal -1.680148e-01 -9.857845e-01 0.000000e+00
    outer loop
      vertex   2.845009e+01 -1.301938e+01 -5.584450e+00
      vertex   2.845009e+01 -1.301938e+01 -3.834400e+00
      vertex   2.690304e+01 -1.275570e+01 -5.584450e+00
    endloop
  endfacet
  facet normal -1.680148e-01 -9.857845e-01 0.000000e+00
    outer loop
      vertex   2.690304e+01 -1.275570e+01 -5.584450e+00
      vertex   2.845009e+01 -1.301938e+01 -3.834400e+00
      vertex   2.690304e+01 -1.275570e+01 -3.834400e+00
    endloop
  endfacet
  facet normal -2.764876e-01 -9.610175e-01 -0.000000e+00
    outer loop
      vertex   2.845009e+01 -1.301938e+01 -3.834400e+00
      vertex   2.845009e+01 -1.301938e+01 -5.584450e+00
      vertex   2.995863e+01 -1.345339e+01 -3.834400e+00
    endloop
  endfacet
  facet normal -2.764876e-01 -9.610175e-01 -0.000000e+00
    outer loop
      vertex   2.995863e+01 -1.345339e+01 -3.834400e+00
      vertex   2.845009e+01 -1.301938e+01 -5.584450e+00
      vertex   2.995863e+01 -1.345339e+01 -5.584450e+00
    endloop
  endfacet
  facet normal 3.213898e-01 9.469470e-01 -0.000000e+00
    outer loop
      vertex   4.641843e+01 4.068149e+01 -5.584450e+00
      vertex   4.641843e+01 4.068149e+01 3.350000e+01
      vertex   4.757347e+01 4.028948e+01 -5.584450e+00
    endloop
  endfacet
  facet normal 3.213898e-01 9.469470e-01 -0.000000e+00
    outer loop
      vertex   4.757347e+01 4.028948e+01 -5.584450e+00
      vertex   4.641843e+01 4.068149e+01 3.350000e+01
      vertex   4.757347e+01 4.028948e+01 3.350000e+01
    endloop
  endfacet
  facet normal -3.825047e-01 -9.239535e-01 0.000000e+00
    outer loop
      vertex   3.141001e+01 -1.405424e+01 -5.584450e+00
      vertex   3.141001e+01 -1.405424e+01 -3.834400e+00
      vertex   2.995863e+01 -1.345339e+01 -5.584450e+00
    endloop
  endfacet
  facet normal -3.825047e-01 -9.239535e-01 0.000000e+00
    outer loop
      vertex   2.995863e+01 -1.345339e+01 -5.584450e+00
      vertex   3.141001e+01 -1.405424e+01 -3.834400e+00
      vertex   2.995863e+01 -1.345339e+01 -3.834400e+00
    endloop
  endfacet
  facet normal -4.840008e-01 -8.750675e-01 0.000000e+00
    outer loop
      vertex   3.278321e+01 -1.481376e+01 -5.584450e+00
      vertex   3.278321e+01 -1.481376e+01 -3.834400e+00
      vertex   3.141001e+01 -1.405424e+01 -5.584450e+00
    endloop
  endfacet
  facet normal -4.840008e-01 -8.750675e-01 0.000000e+00
    outer loop
      vertex   3.141001e+01 -1.405424e+01 -5.584450e+00
      vertex   3.278321e+01 -1.481376e+01 -3.834400e+00
      vertex   3.141001e+01 -1.405424e+01 -3.834400e+00
    endloop
  endfacet
  facet normal -5.786355e-01 -8.155863e-01 0.000000e+00
    outer loop
      vertex   3.406425e+01 -1.572262e+01 -5.584450e+00
      vertex   3.406425e+01 -1.572262e+01 -3.834400e+00
      vertex   3.278321e+01 -1.481376e+01 -5.584450e+00
    endloop
  endfacet
  facet normal -5.786355e-01 -8.155863e-01 0.000000e+00
    outer loop
      vertex   3.278321e+01 -1.481376e+01 -5.584450e+00
      vertex   3.406425e+01 -1.572262e+01 -3.834400e+00
      vertex   3.278321e+01 -1.481376e+01 -3.834400e+00
    endloop
  endfacet
  facet normal -5.991374e-01 -8.006462e-01 -0.000000e+00
    outer loop
      vertex   4.810198e+01 3.804591e+01 3.350000e+01
      vertex   4.810198e+01 3.804591e+01 -3.834400e+00
      vertex   4.896884e+01 3.739723e+01 3.350000e+01
    endloop
  endfacet
  facet normal -5.991374e-01 -8.006462e-01 -0.000000e+00
    outer loop
      vertex   4.896884e+01 3.739723e+01 3.350000e+01
      vertex   4.810198e+01 3.804591e+01 -3.834400e+00
      vertex   4.896884e+01 3.739723e+01 -3.834400e+00
    endloop
  endfacet
  facet normal 6.499721e-02 -9.978854e-01 0.000000e+00
    outer loop
      vertex   4.400220e+01 -5.466940e+01 3.350000e+01
      vertex   4.400220e+01 -5.466940e+01 -5.584450e+00
      vertex   4.522023e+01 -5.459006e+01 3.350000e+01
    endloop
  endfacet
  facet normal 6.499721e-02 -9.978854e-01 0.000000e+00
    outer loop
      vertex   4.522023e+01 -5.459006e+01 3.350000e+01
      vertex   4.400220e+01 -5.466940e+01 -5.584450e+00
      vertex   4.522023e+01 -5.459006e+01 -5.584450e+00
    endloop
  endfacet
  facet normal 9.610175e-01 2.764874e-01 -0.000000e+00
    outer loop
      vertex   1.168578e+01 9.884111e+00 -5.584450e+00
      vertex   1.168578e+01 9.884111e+00 -3.834400e+00
      vertex   1.211979e+01 8.375568e+00 -5.584450e+00
    endloop
  endfacet
  facet normal 9.610175e-01 2.764874e-01 -0.000000e+00
    outer loop
      vertex   1.211979e+01 8.375568e+00 -5.584450e+00
      vertex   1.168578e+01 9.884111e+00 -3.834400e+00
      vertex   1.211979e+01 8.375568e+00 -3.834400e+00
    endloop
  endfacet
  facet normal 9.857845e-01 1.680148e-01 0.000000e+00
    outer loop
      vertex   1.168578e+01 9.884111e+00 -3.834400e+00
      vertex   1.168578e+01 9.884111e+00 -5.584450e+00
      vertex   1.142210e+01 1.143116e+01 -3.834400e+00
    endloop
  endfacet
  facet normal 9.857845e-01 1.680148e-01 0.000000e+00
    outer loop
      vertex   1.142210e+01 1.143116e+01 -3.834400e+00
      vertex   1.168578e+01 9.884111e+00 -5.584450e+00
      vertex   1.142210e+01 1.143116e+01 -5.584450e+00
    endloop
  endfacet
  facet normal -7.071068e-01 0.000000e+00 7.071068e-01
    outer loop
      vertex   4.983570e+01 -2.491855e+01 3.174995e+01
      vertex   5.158575e+01 -2.666860e+01 3.350000e+01
      vertex   4.983570e+01 1.124915e+01 3.174995e+01
    endloop
  endfacet
  facet normal -7.071068e-01 0.000000e+00 7.071068e-01
    outer loop
      vertex   4.983570e+01 1.124915e+01 3.174995e+01
      vertex   5.158575e+01 -2.666860e+01 3.350000e+01
      vertex   5.158575e+01 1.299920e+01 3.350000e+01
    endloop
  endfacet
  facet normal -7.071068e-01 -7.071068e-01 0.000000e+00
    outer loop
      vertex   4.983570e+01 -2.491855e+01 3.174995e+01
      vertex   5.158575e+01 -2.666860e+01 2.999990e+01
      vertex   5.158575e+01 -2.666860e+01 3.350000e+01
    endloop
  endfacet
  facet normal 7.071068e-01 0.000000e+00 -7.071068e-01
    outer loop
      vertex   -4.058355e+01 1.299920e+01 2.999990e+01
      vertex   -3.883350e+01 1.124915e+01 3.174995e+01
      vertex   -4.058355e+01 -2.666860e+01 2.999990e+01
    endloop
  endfacet
  facet normal 7.071068e-01 0.000000e+00 -7.071068e-01
    outer loop
      vertex   -4.058355e+01 -2.666860e+01 2.999990e+01
      vertex   -3.883350e+01 1.124915e+01 3.174995e+01
      vertex   -3.883350e+01 -2.491855e+01 3.174995e+01
    endloop
  endfacet
  facet normal 1.000000e+00 0.000000e+00 0.000000e+00
    outer loop
      vertex   -4.058355e+01 3.166640e+01 -3.834400e+00
      vertex   -4.058355e+01 1.299920e+01 2.999990e+01
      vertex   -4.058355e+01 -4.533580e+01 -3.834400e+00
    endloop
  endfacet
  facet normal 1.000000e+00 0.000000e+00 0.000000e+00
    outer loop
      vertex   -4.058355e+01 -4.533580e+01 -3.834400e+00
      vertex   -4.058355e+01 1.299920e+01 2.999990e+01
      vertex   -4.058355e+01 -2.666860e+01 2.999990e+01
    endloop
  endfacet
  facet normal 1.000000e+00 0.000000e+00 0.000000e+00
    outer loop
      vertex   -4.058355e+01 -4.533580e+01 -3.834400e+00
      vertex   -4.058355e+01 -2.666860e+01 2.999990e+01
      vertex   -4.058355e+01 -4.533580e+01 3.350000e+01
    endloop
  endfacet
  facet normal 1.000000e+00 -0.000000e+00 0.000000e+00
    outer loop
      vertex   -4.058355e+01 -4.533580e+01 3.350000e+01
      vertex   -4.058355e+01 -2.666860e+01 2.999990e+01
      vertex   -4.058355e+01 -2.666860e+01 3.350000e+01
    endloop
  endfacet
  facet normal 1.000000e+00 0.000000e+00 -0.000000e+00
    outer loop
      vertex   -4.058355e+01 3.166640e+01 -3.834400e+00
      vertex   -4.058355e+01 3.166640e+01 3.350000e+01
      vertex   -4.058355e+01 1.299920e+01 2.999990e+01
    endloop
  endfacet
  facet normal 1.000000e+00 0.000000e+00 0.000000e+00
    outer loop
      vertex   -4.058355e+01 1.299920e+01 2.999990e+01
      vertex   -4.058355e+01 3.166640e+01 3.350000e+01
      vertex   -4.058355e+01 1.299920e+01 3.350000e+01
    endloop
  endfacet
  facet normal -0.000000e+00 0.000000e+00 1.000000e+00
    outer loop
      vertex   -3.300000e+01 4.100000e+01 3.350000e+01
      vertex   2.066820e+01 3.924995e+01 3.350000e+01
      vertex   4.400220e+01 4.100000e+01 3.350000e+01
    endloop
  endfacet
  facet normal 0.000000e+00 0.000000e+00 1.000000e+00
    outer loop
      vertex   4.400220e+01 4.100000e+01 3.350000e+01
      vertex   2.066820e+01 3.924995e+01 3.350000e+01
      vertex   4.050210e+01 3.924995e+01 3.350000e+01
    endloop
  endfacet
  facet normal 0.000000e+00 0.000000e+00 1.000000e+00
    outer loop
      vertex   4.400220e+01 4.100000e+01 3.350000e+01
      vertex   4.050210e+01 3.924995e+01 3.350000e+01
      vertex   4.400220e+01 3.924995e+01 3.350000e+01
    endloop
  endfacet
  facet normal -0.000000e+00 0.000000e+00 1.000000e+00
    outer loop
      vertex   -3.421803e+01 4.092066e+01 3.350000e+01
      vertex   -3.300000e+01 3.924995e+01 3.350000e+01
      vertex   -3.300000e+01 4.100000e+01 3.350000e+01
    endloop
  endfacet
  facet normal 0.000000e+00 0.000000e+00 1.000000e+00
    outer loop
      vertex   -3.300000e+01 4.100000e+01 3.350000e+01
      vertex   -3.300000e+01 3.924995e+01 3.350000e+01
      vertex   -2.949990e+01 3.924995e+01 3.350000e+01
    endloop
  endfacet
  facet normal 0.000000e+00 0.000000e+00 1.000000e+00
    outer loop
      vertex   -3.300000e+01 4.100000e+01 3.350000e+01
      vertex   -2.949990e+01 3.924995e+01 3.350000e+01
      vertex   -9.666000e+00 3.924995e+01 3.350000e+01
    endloop
  endfacet
  facet normal 0.000000e+00 0.000000e+00 1.000000e+00
    outer loop
      vertex   -3.300000e+01 3.924995e+01 3.350000e+01
      vertex   -3.421803e+01 4.092066e+01 3.350000e+01
      vertex   -3.407920e+01 3.917295e+01 3.350000e+01
    endloop
  endfacet
  facet normal 0.000000e+00 0.000000e+00 1.000000e+00
    outer loop
      vertex   -3.407920e+01 3.917295e+01 3.350000e+01
      vertex   -3.421803e+01 4.092066e+01 3.350000e+01
      vertex   -3.541623e+01 4.068149e+01 3.350000e+01
    endloop
  endfacet
  facet normal 0.000000e+00 0.000000e+00 1.000000e+00
    outer loop
      vertex   -3.407920e+01 3.917295e+01 3.350000e+01
      vertex   -3.541623e+01 4.068149e+01 3.350000e+01
      vertex   -3.513623e+01 3.894311e+01 3.350000e+01
    endloop
  endfacet
  facet normal 0.000000e+00 0.000000e+00 1.000000e+00
    outer loop
      vertex   -3.513623e+01 3.894311e+01 3.350000e+01
      vertex   -3.541623e+01 4.068149e+01 3.350000e+01
      vertex   -3.657127e+01 4.028948e+01 3.350000e+01
    endloop
  endfacet
  facet normal 0.000000e+00 0.000000e+00 1.000000e+00
    outer loop
      vertex   -3.513623e+01 3.894311e+01 3.350000e+01
      vertex   -3.657127e+01 4.028948e+01 3.350000e+01
      vertex   -3.615009e+01 3.856509e+01 3.350000e+01
    endloop
  endfacet
  facet normal 0.000000e+00 0.000000e+00 1.000000e+00
    outer loop
      vertex   -3.615009e+01 3.856509e+01 3.350000e+01
      vertex   -3.657127e+01 4.028948e+01 3.350000e+01
      vertex   -3.766680e+01 3.974930e+01 3.350000e+01
    endloop
  endfacet
  facet normal 0.000000e+00 0.000000e+00 1.000000e+00
    outer loop
      vertex   -3.615009e+01 3.856509e+01 3.350000e+01
      vertex   -3.766680e+01 3.974930e+01 3.350000e+01
      vertex   -3.709978e+01 3.804591e+01 3.350000e+01
    endloop
  endfacet
  facet normal 0.000000e+00 0.000000e+00 1.000000e+00
    outer loop
      vertex   -3.709978e+01 3.804591e+01 3.350000e+01
      vertex   -3.766680e+01 3.974930e+01 3.350000e+01
      vertex   -3.868183e+01 3.907145e+01 3.350000e+01
    endloop
  endfacet
  facet normal 0.000000e+00 0.000000e+00 1.000000e+00
    outer loop
      vertex   -3.709978e+01 3.804591e+01 3.350000e+01
      vertex   -3.868183e+01 3.907145e+01 3.350000e+01
      vertex   -3.796664e+01 3.739723e+01 3.350000e+01
    endloop
  endfacet
  facet normal 0.000000e+00 0.000000e+00 1.000000e+00
    outer loop
      vertex   -3.796664e+01 3.739723e+01 3.350000e+01
      vertex   -3.868183e+01 3.907145e+01 3.350000e+01
      vertex   -3.960002e+01 3.826642e+01 3.350000e+01
    endloop
  endfacet
  facet normal 0.000000e+00 0.000000e+00 1.000000e+00
    outer loop
      vertex   -3.796664e+01 3.739723e+01 3.350000e+01
      vertex   -3.960002e+01 3.826642e+01 3.350000e+01
      vertex   -3.873083e+01 3.663304e+01 3.350000e+01
    endloop
  endfacet
  facet normal 0.000000e+00 0.000000e+00 1.000000e+00
    outer loop
      vertex   -3.873083e+01 3.663304e+01 3.350000e+01
      vertex   -3.960002e+01 3.826642e+01 3.350000e+01
      vertex   -4.040505e+01 3.734823e+01 3.350000e+01
    endloop
  endfacet
  facet normal 0.000000e+00 0.000000e+00 1.000000e+00
    outer loop
      vertex   -3.873083e+01 3.663304e+01 3.350000e+01
      vertex   -4.040505e+01 3.734823e+01 3.350000e+01
      vertex   -3.937951e+01 3.576618e+01 3.350000e+01
    endloop
  endfacet
  facet normal 0.000000e+00 0.000000e+00 1.000000e+00
    outer loop
      vertex   -3.937951e+01 3.576618e+01 3.350000e+01
      vertex   -4.040505e+01 3.734823e+01 3.350000e+01
      vertex   -4.108290e+01 3.633320e+01 3.350000e+01
    endloop
  endfacet
  facet normal 0.000000e+00 0.000000e+00 1.000000e+00
    outer loop
      vertex   -3.937951e+01 3.576618e+01 3.350000e+01
      vertex   -4.108290e+01 3.633320e+01 3.350000e+01
      vertex   -3.989869e+01 3.481649e+01 3.350000e+01
    endloop
  endfacet
  facet normal 0.000000e+00 0.000000e+00 1.000000e+00
    outer loop
      vertex   -3.989869e+01 3.481649e+01 3.350000e+01
      vertex   -4.108290e+01 3.633320e+01 3.350000e+01
      vertex   -4.162308e+01 3.523767e+01 3.350000e+01
    endloop
  endfacet
  facet normal 0.000000e+00 0.000000e+00 1.000000e+00
    outer loop
      vertex   -3.989869e+01 3.481649e+01 3.350000e+01
      vertex   -4.162308e+01 3.523767e+01 3.350000e+01
      vertex   -4.027671e+01 3.380263e+01 3.350000e+01
    endloop
  endfacet
  facet normal 0.000000e+00 0.000000e+00 1.000000e+00
    outer loop
      vertex   -4.027671e+01 3.380263e+01 3.350000e+01
      vertex   -4.162308e+01 3.523767e+01 3.350000e+01
      vertex   -4.201509e+01 3.408263e+01 3.350000e+01
    endloop
  endfacet
  facet normal 0.000000e+00 0.000000e+00 1.000000e+00
    outer loop
      vertex   -4.027671e+01 3.380263e+01 3.350000e+01
      vertex   -4.201509e+01 3.408263e+01 3.350000e+01
      vertex   -4.050655e+01 3.274560e+01 3.350000e+01
    endloop
  endfacet
  facet normal 0.000000e+00 0.000000e+00 1.000000e+00
    outer loop
      vertex   -4.050655e+01 3.274560e+01 3.350000e+01
      vertex   -4.201509e+01 3.408263e+01 3.350000e+01
      vertex   -4.225426e+01 3.288443e+01 3.350000e+01
    endloop
  endfacet
  facet normal 0.000000e+00 0.000000e+00 1.000000e+00
    outer loop
      vertex   -4.050655e+01 3.274560e+01 3.350000e+01
      vertex   -4.225426e+01 3.288443e+01 3.350000e+01
      vertex   -4.058355e+01 3.166640e+01 3.350000e+01
    endloop
  endfacet
  facet normal 0.000000e+00 0.000000e+00 1.000000e+00
    outer loop
      vertex   -4.058355e+01 3.166640e+01 3.350000e+01
      vertex   -4.225426e+01 3.288443e+01 3.350000e+01
      vertex   -4.233360e+01 3.166640e+01 3.350000e+01
    endloop
  endfacet
  facet normal 0.000000e+00 0.000000e+00 1.000000e+00
    outer loop
      vertex   -4.058355e+01 3.166640e+01 3.350000e+01
      vertex   -4.233360e+01 3.166640e+01 3.350000e+01
      vertex   -4.058355e+01 1.299920e+01 3.350000e+01
    endloop
  endfacet
  facet normal 0.000000e+00 0.000000e+00 1.000000e+00
    outer loop
      vertex   -4.058355e+01 1.299920e+01 3.350000e+01
      vertex   -4.233360e+01 3.166640e+01 3.350000e+01
      vertex   -4.233360e+01 -4.533580e+01 3.350000e+01
    endloop
  endfacet
  facet normal 0.000000e+00 0.000000e+00 1.000000e+00
    outer loop
      vertex   -4.058355e+01 1.299920e+01 3.350000e+01
      vertex   -4.233360e+01 -4.533580e+01 3.350000e+01
      vertex   -4.058355e+01 -2.666860e+01 3.350000e+01
    endloop
  endfacet
  facet normal 0.000000e+00 0.000000e+00 1.000000e+00
    outer loop
      vertex   -4.058355e+01 -2.666860e+01 3.350000e+01
      vertex   -4.233360e+01 -4.533580e+01 3.350000e+01
      vertex   -4.058355e+01 -4.533580e+01 3.350000e+01
    endloop
  endfacet
  facet normal 0.000000e+00 0.000000e+00 1.000000e+00
    outer loop
      vertex   -4.058355e+01 -4.533580e+01 3.350000e+01
      vertex   -4.233360e+01 -4.533580e+01 3.350000e+01
      vertex   -4.225426e+01 -4.655383e+01 3.350000e+01
    endloop
  endfacet
  facet normal 0.000000e+00 0.000000e+00 1.000000e+00
    outer loop
      vertex   -4.058355e+01 -4.533580e+01 3.350000e+01
      vertex   -4.225426e+01 -4.655383e+01 3.350000e+01
      vertex   -4.050655e+01 -4.641500e+01 3.350000e+01
    endloop
  endfacet
  facet normal 0.000000e+00 0.000000e+00 1.000000e+00
    outer loop
      vertex   -4.050655e+01 -4.641500e+01 3.350000e+01
      vertex   -4.225426e+01 -4.655383e+01 3.350000e+01
      vertex   -4.201509e+01 -4.775203e+01 3.350000e+01
    endloop
  endfacet
  facet normal 0.000000e+00 0.000000e+00 1.000000e+00
    outer loop
      vertex   -4.050655e+01 -4.641500e+01 3.350000e+01
      vertex   -4.201509e+01 -4.775203e+01 3.350000e+01
      vertex   -4.027671e+01 -4.747203e+01 3.350000e+01
    endloop
  endfacet
  facet normal 0.000000e+00 0.000000e+00 1.000000e+00
    outer loop
      vertex   -4.027671e+01 -4.747203e+01 3.350000e+01
      vertex   -4.201509e+01 -4.775203e+01 3.350000e+01
      vertex   -4.162308e+01 -4.890707e+01 3.350000e+01
    endloop
  endfacet
  facet normal 0.000000e+00 0.000000e+00 1.000000e+00
    outer loop
      vertex   -4.027671e+01 -4.747203e+01 3.350000e+01
      vertex   -4.162308e+01 -4.890707e+01 3.350000e+01
      vertex   -3.989869e+01 -4.848589e+01 3.350000e+01
    endloop
  endfacet
  facet normal 0.000000e+00 0.000000e+00 1.000000e+00
    outer loop
      vertex   -3.989869e+01 -4.848589e+01 3.350000e+01
      vertex   -4.162308e+01 -4.890707e+01 3.350000e+01
      vertex   -4.108290e+01 -5.000260e+01 3.350000e+01
    endloop
  endfacet
  facet normal 0.000000e+00 0.000000e+00 1.000000e+00
    outer loop
      vertex   -3.989869e+01 -4.848589e+01 3.350000e+01
      vertex   -4.108290e+01 -5.000260e+01 3.350000e+01
      vertex   -3.937951e+01 -4.943558e+01 3.350000e+01
    endloop
  endfacet
  facet normal 0.000000e+00 0.000000e+00 1.000000e+00
    outer loop
      vertex   -3.937951e+01 -4.943558e+01 3.350000e+01
      vertex   -4.108290e+01 -5.000260e+01 3.350000e+01
      vertex   -4.040505e+01 -5.101763e+01 3.350000e+01
    endloop
  endfacet
  facet normal 0.000000e+00 0.000000e+00 1.000000e+00
    outer loop
      vertex   -3.937951e+01 -4.943558e+01 3.350000e+01
      vertex   -4.040505e+01 -5.101763e+01 3.350000e+01
      vertex   -3.873083e+01 -5.030244e+01 3.350000e+01
    endloop
  endfacet
  facet normal 0.000000e+00 0.000000e+00 1.000000e+00
    outer loop
      vertex   -3.873083e+01 -5.030244e+01 3.350000e+01
      vertex   -4.040505e+01 -5.101763e+01 3.350000e+01
      vertex   -3.960002e+01 -5.193582e+01 3.350000e+01
    endloop
  endfacet
  facet normal 0.000000e+00 0.000000e+00 1.000000e+00
    outer loop
      vertex   -3.873083e+01 -5.030244e+01 3.350000e+01
      vertex   -3.960002e+01 -5.193582e+01 3.350000e+01
      vertex   -3.796664e+01 -5.106663e+01 3.350000e+01
    endloop
  endfacet
  facet normal 0.000000e+00 0.000000e+00 1.000000e+00
    outer loop
      vertex   -3.796664e+01 -5.106663e+01 3.350000e+01
      vertex   -3.960002e+01 -5.193582e+01 3.350000e+01
      vertex   -3.868183e+01 -5.274085e+01 3.350000e+01
    endloop
  endfacet
  facet normal 0.000000e+00 0.000000e+00 1.000000e+00
    outer loop
      vertex   -3.796664e+01 -5.106663e+01 3.350000e+01
      vertex   -3.868183e+01 -5.274085e+01 3.350000e+01
      vertex   -3.709978e+01 -5.171531e+01 3.350000e+01
    endloop
  endfacet
  facet normal 0.000000e+00 0.000000e+00 1.000000e+00
    outer loop
      vertex   -3.709978e+01 -5.171531e+01 3.350000e+01
      vertex   -3.868183e+01 -5.274085e+01 3.350000e+01
      vertex   -3.766680e+01 -5.341870e+01 3.350000e+01
    endloop
  endfacet
  facet normal 0.000000e+00 0.000000e+00 1.000000e+00
    outer loop
      vertex   -3.709978e+01 -5.171531e+01 3.350000e+01
      vertex   -3.766680e+01 -5.341870e+01 3.350000e+01
      vertex   -3.615009e+01 -5.223449e+01 3.350000e+01
    endloop
  endfacet
  facet normal 0.000000e+00 0.000000e+00 1.000000e+00
    outer loop
      vertex   -3.615009e+01 -5.223449e+01 3.350000e+01
      vertex   -3.766680e+01 -5.341870e+01 3.350000e+01
      vertex   -3.657127e+01 -5.395888e+01 3.350000e+01
    endloop
  endfacet
  facet normal 0.000000e+00 0.000000e+00 1.000000e+00
    outer loop
      vertex   -3.615009e+01 -5.223449e+01 3.350000e+01
      vertex   -3.657127e+01 -5.395888e+01 3.350000e+01
      vertex   -3.513623e+01 -5.261251e+01 3.350000e+01
    endloop
  endfacet
  facet normal 0.000000e+00 0.000000e+00 1.000000e+00
    outer loop
      vertex   -3.513623e+01 -5.261251e+01 3.350000e+01
      vertex   -3.657127e+01 -5.395888e+01 3.350000e+01
      vertex   -3.541623e+01 -5.435089e+01 3.350000e+01
    endloop
  endfacet
  facet normal 0.000000e+00 0.000000e+00 1.000000e+00
    outer loop
      vertex   -3.513623e+01 -5.261251e+01 3.350000e+01
      vertex   -3.541623e+01 -5.435089e+01 3.350000e+01
      vertex   -3.407920e+01 -5.284235e+01 3.350000e+01
    endloop
  endfacet
  facet normal 0.000000e+00 0.000000e+00 1.000000e+00
    outer loop
      vertex   -3.407920e+01 -5.284235e+01 3.350000e+01
      vertex   -3.541623e+01 -5.435089e+01 3.350000e+01
      vertex   -3.421803e+01 -5.459006e+01 3.350000e+01
    endloop
  endfacet
  facet normal 0.000000e+00 0.000000e+00 1.000000e+00
    outer loop
      vertex   -3.407920e+01 -5.284235e+01 3.350000e+01
      vertex   -3.421803e+01 -5.459006e+01 3.350000e+01
      vertex   -3.300000e+01 -5.291935e+01 3.350000e+01
    endloop
  endfacet
  facet normal 0.000000e+00 0.000000e+00 1.000000e+00
    outer loop
      vertex   -3.300000e+01 -5.291935e+01 3.350000e+01
      vertex   -3.421803e+01 -5.459006e+01 3.350000e+01
      vertex   -3.300000e+01 -5.466940e+01 3.350000e+01
    endloop
  endfacet
  facet normal -0.000000e+00 0.000000e+00 1.000000e+00
    outer loop
      vertex   -3.300000e+01 -5.291935e+01 3.350000e+01
      vertex   -3.300000e+01 -5.466940e+01 3.350000e+01
      vertex   -2.949990e+01 -5.291935e+01 3.350000e+01
    endloop
  endfacet
  facet normal -0.000000e+00 0.000000e+00 1.000000e+00
    outer loop
      vertex   -2.949990e+01 -5.291935e+01 3.350000e+01
      vertex   -3.300000e+01 -5.466940e+01 3.350000e+01
      vertex   -9.666000e+00 -5.291935e+01 3.350000e+01
    endloop
  endfacet
  facet normal 0.000000e+00 0.000000e+00 1.000000e+00
    outer loop
      vertex   -9.666000e+00 -5.291935e+01 3.350000e+01
      vertex   -3.300000e+01 -5.466940e+01 3.350000e+01
      vertex   4.400220e+01 -5.466940e+01 3.350000e+01
    endloop
  endfacet
  facet normal -0.000000e+00 0.000000e+00 1.000000e+00
    outer loop
      vertex   -9.666000e+00 -5.291935e+01 3.350000e+01
      vertex   4.400220e+01 -5.466940e+01 3.350000e+01
      vertex   2.066820e+01 -5.291935e+01 3.350000e+01
    endloop
  endfacet
  facet normal -0.000000e+00 0.000000e+00 1.000000e+00
    outer loop
      vertex   2.066820e+01 -5.291935e+01 3.350000e+01
      vertex   4.400220e+01 -5.466940e+01 3.350000e+01
      vertex   4.050210e+01 -5.291935e+01 3.350000e+01
    endloop
  endfacet
  facet normal -0.000000e+00 0.000000e+00 1.000000e+00
    outer loop
      vertex   4.050210e+01 -5.291935e+01 3.350000e+01
      vertex   4.400220e+01 -5.466940e+01 3.350000e+01
      vertex   4.400220e+01 -5.291935e+01 3.350000e+01
    endloop
  endfacet
  facet normal 0.000000e+00 0.000000e+00 1.000000e+00
    outer loop
      vertex   4.400220e+01 -5.291935e+01 3.350000e+01
      vertex   4.400220e+01 -5.466940e+01 3.350000e+01
      vertex   4.522023e+01 -5.459006e+01 3.350000e+01
    endloop
  endfacet
  facet normal -0.000000e+00 0.000000e+00 1.000000e+00
    outer loop
      vertex   4.400220e+01 -5.291935e+01 3.350000e+01
      vertex   4.522023e+01 -5.459006e+01 3.350000e+01
      vertex   4.508140e+01 -5.284235e+01 3.350000e+01
    endloop
  endfacet
  facet normal 0.000000e+00 0.000000e+00 1.000000e+00
    outer loop
      vertex   4.508140e+01 -5.284235e+01 3.350000e+01
      vertex   4.522023e+01 -5.459006e+01 3.350000e+01
      vertex   4.641843e+01 -5.435089e+01 3.350000e+01
    endloop
  endfacet
  facet normal -0.000000e+00 0.000000e+00 1.000000e+00
    outer loop
      vertex   4.508140e+01 -5.284235e+01 3.350000e+01
      vertex   4.641843e+01 -5.435089e+01 3.350000e+01
      vertex   4.613843e+01 -5.261251e+01 3.350000e+01
    endloop
  endfacet
  facet normal 0.000000e+00 0.000000e+00 1.000000e+00
    outer loop
      vertex   4.613843e+01 -5.261251e+01 3.350000e+01
      vertex   4.641843e+01 -5.435089e+01 3.350000e+01
      vertex   4.757347e+01 -5.395888e+01 3.350000e+01
    endloop
  endfacet
  facet normal -0.000000e+00 0.000000e+00 1.000000e+00
    outer loop
      vertex   4.613843e+01 -5.261251e+01 3.350000e+01
      vertex   4.757347e+01 -5.395888e+01 3.350000e+01
      vertex   4.715229e+01 -5.223449e+01 3.350000e+01
    endloop
  endfacet
  facet normal 0.000000e+00 0.000000e+00 1.000000e+00
    outer loop
      vertex   4.715229e+01 -5.223449e+01 3.350000e+01
      vertex   4.757347e+01 -5.395888e+01 3.350000e+01
      vertex   4.866900e+01 -5.341870e+01 3.350000e+01
    endloop
  endfacet
  facet normal -0.000000e+00 0.000000e+00 1.000000e+00
    outer loop
      vertex   4.715229e+01 -5.223449e+01 3.350000e+01
      vertex   4.866900e+01 -5.341870e+01 3.350000e+01
      vertex   4.810198e+01 -5.171531e+01 3.350000e+01
    endloop
  endfacet
  facet normal 0.000000e+00 0.000000e+00 1.000000e+00
    outer loop
      vertex   4.810198e+01 -5.171531e+01 3.350000e+01
      vertex   4.866900e+01 -5.341870e+01 3.350000e+01
      vertex   4.968403e+01 -5.274085e+01 3.350000e+01
    endloop
  endfacet
  facet normal -0.000000e+00 0.000000e+00 1.000000e+00
    outer loop
      vertex   4.810198e+01 -5.171531e+01 3.350000e+01
      vertex   4.968403e+01 -5.274085e+01 3.350000e+01
      vertex   4.896884e+01 -5.106663e+01 3.350000e+01
    endloop
  endfacet
  facet normal 0.000000e+00 0.000000e+00 1.000000e+00
    outer loop
      vertex   4.896884e+01 -5.106663e+01 3.350000e+01
      vertex   4.968403e+01 -5.274085e+01 3.350000e+01
      vertex   5.060222e+01 -5.193582e+01 3.350000e+01
    endloop
  endfacet
  facet normal -0.000000e+00 0.000000e+00 1.000000e+00
    outer loop
      vertex   4.896884e+01 -5.106663e+01 3.350000e+01
      vertex   5.060222e+01 -5.193582e+01 3.350000e+01
      vertex   4.973303e+01 -5.030244e+01 3.350000e+01
    endloop
  endfacet
  facet normal 0.000000e+00 0.000000e+00 1.000000e+00
    outer loop
      vertex   4.973303e+01 -5.030244e+01 3.350000e+01
      vertex   5.060222e+01 -5.193582e+01 3.350000e+01
      vertex   5.140725e+01 -5.101763e+01 3.350000e+01
    endloop
  endfacet
  facet normal -0.000000e+00 0.000000e+00 1.000000e+00
    outer loop
      vertex   4.973303e+01 -5.030244e+01 3.350000e+01
      vertex   5.140725e+01 -5.101763e+01 3.350000e+01
      vertex   5.038171e+01 -4.943558e+01 3.350000e+01
    endloop
  endfacet
  facet normal 0.000000e+00 0.000000e+00 1.000000e+00
    outer loop
      vertex   5.038171e+01 -4.943558e+01 3.350000e+01
      vertex   5.140725e+01 -5.101763e+01 3.350000e+01
      vertex   5.208510e+01 -5.000260e+01 3.350000e+01
    endloop
  endfacet
  facet normal -0.000000e+00 0.000000e+00 1.000000e+00
    outer loop
      vertex   5.038171e+01 -4.943558e+01 3.350000e+01
      vertex   5.208510e+01 -5.000260e+01 3.350000e+01
      vertex   5.090089e+01 -4.848589e+01 3.350000e+01
    endloop
  endfacet
  facet normal 0.000000e+00 0.000000e+00 1.000000e+00
    outer loop
      vertex   5.090089e+01 -4.848589e+01 3.350000e+01
      vertex   5.208510e+01 -5.000260e+01 3.350000e+01
      vertex   5.262528e+01 -4.890707e+01 3.350000e+01
    endloop
  endfacet
  facet normal -0.000000e+00 0.000000e+00 1.000000e+00
    outer loop
      vertex   5.090089e+01 -4.848589e+01 3.350000e+01
      vertex   5.262528e+01 -4.890707e+01 3.350000e+01
      vertex   5.127891e+01 -4.747203e+01 3.350000e+01
    endloop
  endfacet
  facet normal 0.000000e+00 0.000000e+00 1.000000e+00
    outer loop
      vertex   5.127891e+01 -4.747203e+01 3.350000e+01
      vertex   5.262528e+01 -4.890707e+01 3.350000e+01
      vertex   5.301729e+01 -4.775203e+01 3.350000e+01
    endloop
  endfacet
  facet normal -0.000000e+00 0.000000e+00 1.000000e+00
    outer loop
      vertex   5.127891e+01 -4.747203e+01 3.350000e+01
      vertex   5.301729e+01 -4.775203e+01 3.350000e+01
      vertex   5.150875e+01 -4.641500e+01 3.350000e+01
    endloop
  endfacet
  facet normal 0.000000e+00 0.000000e+00 1.000000e+00
    outer loop
      vertex   5.150875e+01 -4.641500e+01 3.350000e+01
      vertex   5.301729e+01 -4.775203e+01 3.350000e+01
      vertex   5.325646e+01 -4.655383e+01 3.350000e+01
    endloop
  endfacet
  facet normal -0.000000e+00 0.000000e+00 1.000000e+00
    outer loop
      vertex   5.150875e+01 -4.641500e+01 3.350000e+01
      vertex   5.325646e+01 -4.655383e+01 3.350000e+01
      vertex   5.158575e+01 -4.533580e+01 3.350000e+01
    endloop
  endfacet
  facet normal -0.000000e+00 0.000000e+00 1.000000e+00
    outer loop
      vertex   5.158575e+01 -4.533580e+01 3.350000e+01
      vertex   5.325646e+01 -4.655383e+01 3.350000e+01
      vertex   5.333580e+01 -4.533580e+01 3.350000e+01
    endloop
  endfacet
  facet normal 0.000000e+00 0.000000e+00 1.000000e+00
    outer loop
      vertex   5.158575e+01 -4.533580e+01 3.350000e+01
      vertex   5.333580e+01 -4.533580e+01 3.350000e+01
      vertex   5.158575e+01 -2.666860e+01 3.350000e+01
    endloop
  endfacet
  facet normal -0.000000e+00 0.000000e+00 1.000000e+00
    outer loop
      vertex   5.158575e+01 -2.666860e+01 3.350000e+01
      vertex   5.333580e+01 -4.533580e+01 3.350000e+01
      vertex   5.158575e+01 1.299920e+01 3.350000e+01
    endloop
  endfacet
  facet normal -0.000000e+00 0.000000e+00 1.000000e+00
    outer loop
      vertex   5.158575e+01 1.299920e+01 3.350000e+01
      vertex   5.333580e+01 -4.533580e+01 3.350000e+01
      vertex   5.333580e+01 3.166640e+01 3.350000e+01
    endloop
  endfacet
  facet normal 0.000000e+00 0.000000e+00 1.000000e+00
    outer loop
      vertex   5.158575e+01 1.299920e+01 3.350000e+01
      vertex   5.333580e+01 3.166640e+01 3.350000e+01
      vertex   5.158575e+01 3.166640e+01 3.350000e+01
    endloop
  endfacet
  facet normal 0.000000e+00 0.000000e+00 1.000000e+00
    outer loop
      vertex   5.158575e+01 3.166640e+01 3.350000e+01
      vertex   5.333580e+01 3.166640e+01 3.350000e+01
      vertex   5.325646e+01 3.288443e+01 3.350000e+01
    endloop
  endfacet
  facet normal 0.000000e+00 -0.000000e+00 1.000000e+00
    outer loop
      vertex   5.158575e+01 3.166640e+01 3.350000e+01
      vertex   5.325646e+01 3.288443e+01 3.350000e+01
      vertex   5.150875e+01 3.274560e+01 3.350000e+01
    endloop
  endfacet
  facet normal 0.000000e+00 0.000000e+00 1.000000e+00
    outer loop
      vertex   5.150875e+01 3.274560e+01 3.350000e+01
      vertex   5.325646e+01 3.288443e+01 3.350000e+01
      vertex   5.301729e+01 3.408263e+01 3.350000e+01
    endloop
  endfacet
  facet normal 0.000000e+00 -0.000000e+00 1.000000e+00
    outer loop
      vertex   5.150875e+01 3.274560e+01 3.350000e+01
      vertex   5.301729e+01 3.408263e+01 3.350000e+01
      vertex   5.127891e+01 3.380263e+01 3.350000e+01
    endloop
  endfacet
  facet normal 0.000000e+00 0.000000e+00 1.000000e+00
    outer loop
      vertex   5.127891e+01 3.380263e+01 3.350000e+01
      vertex   5.301729e+01 3.408263e+01 3.350000e+01
      vertex   5.262528e+01 3.523767e+01 3.350000e+01
    endloop
  endfacet
  facet normal 0.000000e+00 -0.000000e+00 1.000000e+00
    outer loop
      vertex   5.127891e+01 3.380263e+01 3.350000e+01
      vertex   5.262528e+01 3.523767e+01 3.350000e+01
      vertex   5.090089e+01 3.481649e+01 3.350000e+01
    endloop
  endfacet
  facet normal 0.000000e+00 0.000000e+00 1.000000e+00
    outer loop
      vertex   5.090089e+01 3.481649e+01 3.350000e+01
      vertex   5.262528e+01 3.523767e+01 3.350000e+01
      vertex   5.208510e+01 3.633320e+01 3.350000e+01
    endloop
  endfacet
  facet normal 0.000000e+00 -0.000000e+00 1.000000e+00
    outer loop
      vertex   5.090089e+01 3.481649e+01 3.350000e+01
      vertex   5.208510e+01 3.633320e+01 3.350000e+01
      vertex   5.038171e+01 3.576618e+01 3.350000e+01
    endloop
  endfacet
  facet normal 0.000000e+00 0.000000e+00 1.000000e+00
    outer loop
      vertex   5.038171e+01 3.576618e+01 3.350000e+01
      vertex   5.208510e+01 3.633320e+01 3.350000e+01
      vertex   5.140725e+01 3.734823e+01 3.350000e+01
    endloop
  endfacet
  facet normal 0.000000e+00 -0.000000e+00 1.000000e+00
    outer loop
      vertex   5.038171e+01 3.576618e+01 3.350000e+01
      vertex   5.140725e+01 3.734823e+01 3.350000e+01
      vertex   4.973303e+01 3.663304e+01 3.350000e+01
    endloop
  endfacet
  facet normal 0.000000e+00 0.000000e+00 1.000000e+00
    outer loop
      vertex   4.973303e+01 3.663304e+01 3.350000e+01
      vertex   5.140725e+01 3.734823e+01 3.350000e+01
      vertex   5.060222e+01 3.826642e+01 3.350000e+01
    endloop
  endfacet
  facet normal 0.000000e+00 -0.000000e+00 1.000000e+00
    outer loop
      vertex   4.973303e+01 3.663304e+01 3.350000e+01
      vertex   5.060222e+01 3.826642e+01 3.350000e+01
      vertex   4.896884e+01 3.739723e+01 3.350000e+01
    endloop
  endfacet
  facet normal 0.000000e+00 0.000000e+00 1.000000e+00
    outer loop
      vertex   4.896884e+01 3.739723e+01 3.350000e+01
      vertex   5.060222e+01 3.826642e+01 3.350000e+01
      vertex   4.968403e+01 3.907145e+01 3.350000e+01
    endloop
  endfacet
  facet normal 0.000000e+00 -0.000000e+00 1.000000e+00
    outer loop
      vertex   4.896884e+01 3.739723e+01 3.350000e+01
      vertex   4.968403e+01 3.907145e+01 3.350000e+01
      vertex   4.810198e+01 3.804591e+01 3.350000e+01
    endloop
  endfacet
  facet normal 0.000000e+00 0.000000e+00 1.000000e+00
    outer loop
      vertex   4.810198e+01 3.804591e+01 3.350000e+01
      vertex   4.968403e+01 3.907145e+01 3.350000e+01
      vertex   4.866900e+01 3.974930e+01 3.350000e+01
    endloop
  endfacet
  facet normal 0.000000e+00 -0.000000e+00 1.000000e+00
    outer loop
      vertex   4.810198e+01 3.804591e+01 3.350000e+01
      vertex   4.866900e+01 3.974930e+01 3.350000e+01
      vertex   4.715229e+01 3.856509e+01 3.350000e+01
    endloop
  endfacet
  facet normal 0.000000e+00 0.000000e+00 1.000000e+00
    outer loop
      vertex   4.715229e+01 3.856509e+01 3.350000e+01
      vertex   4.866900e+01 3.974930e+01 3.350000e+01
      vertex   4.757347e+01 4.028948e+01 3.350000e+01
    endloop
  endfacet
  facet normal 0.000000e+00 -0.000000e+00 1.000000e+00
    outer loop
      vertex   4.715229e+01 3.856509e+01 3.350000e+01
      vertex   4.757347e+01 4.028948e+01 3.350000e+01
      vertex   4.613843e+01 3.894311e+01 3.350000e+01
    endloop
  endfacet
  facet normal 0.000000e+00 0.000000e+00 1.000000e+00
    outer loop
      vertex   4.613843e+01 3.894311e+01 3.350000e+01
      vertex   4.757347e+01 4.028948e+01 3.350000e+01
      vertex   4.641843e+01 4.068149e+01 3.350000e+01
    endloop
  endfacet
  facet normal 0.000000e+00 -0.000000e+00 1.000000e+00
    outer loop
      vertex   4.613843e+01 3.894311e+01 3.350000e+01
      vertex   4.641843e+01 4.068149e+01 3.350000e+01
      vertex   4.508140e+01 3.917295e+01 3.350000e+01
    endloop
  endfacet
  facet normal 0.000000e+00 0.000000e+00 1.000000e+00
    outer loop
      vertex   4.508140e+01 3.917295e+01 3.350000e+01
      vertex   4.641843e+01 4.068149e+01 3.350000e+01
      vertex   4.522023e+01 4.092066e+01 3.350000e+01
    endloop
  endfacet
  facet normal 0.000000e+00 -0.000000e+00 1.000000e+00
    outer loop
      vertex   4.508140e+01 3.917295e+01 3.350000e+01
      vertex   4.522023e+01 4.092066e+01 3.350000e+01
      vertex   4.400220e+01 3.924995e+01 3.350000e+01
    endloop
  endfacet
  facet normal 0.000000e+00 0.000000e+00 1.000000e+00
    outer loop
      vertex   4.400220e+01 3.924995e+01 3.350000e+01
      vertex   4.522023e+01 4.092066e+01 3.350000e+01
      vertex   4.400220e+01 4.100000e+01 3.350000e+01
    endloop
  endfacet
  facet normal 0.000000e+00 -0.000000e+00 1.000000e+00
    outer loop
      vertex   -9.666000e+00 3.924995e+01 3.350000e+01
      vertex   2.066820e+01 3.924995e+01 3.350000e+01
      vertex   -3.300000e+01 4.100000e+01 3.350000e+01
    endloop
  endfacet
  facet normal 7.071068e-01 7.071068e-01 0.000000e+00
    outer loop
      vertex   -3.883350e+01 1.124915e+01 3.174995e+01
      vertex   -4.058355e+01 1.299920e+01 2.999990e+01
      vertex   -4.058355e+01 1.299920e+01 3.350000e+01
    endloop
  endfacet
  facet normal -5.786355e-01 8.155863e-01 0.000000e+00
    outer loop
      vertex   3.278321e+01 1.144362e+00 -5.584450e+00
      vertex   3.278321e+01 1.144362e+00 -3.834400e+00
      vertex   3.406425e+01 2.053221e+00 -5.584450e+00
    endloop
  endfacet
  facet normal -5.786355e-01 8.155863e-01 0.000000e+00
    outer loop
      vertex   3.406425e+01 2.053221e+00 -5.584450e+00
      vertex   3.278321e+01 1.144362e+00 -3.834400e+00
      vertex   3.406425e+01 2.053221e+00 -3.834400e+00
    endloop
  endfacet
  facet normal -4.840008e-01 8.750675e-01 0.000000e+00
    outer loop
      vertex   3.141001e+01 3.848398e-01 -5.584450e+00
      vertex   3.141001e+01 3.848398e-01 -3.834400e+00
      vertex   3.278321e+01 1.144362e+00 -5.584450e+00
    endloop
  endfacet
  facet normal -4.840008e-01 8.750675e-01 0.000000e+00
    outer loop
      vertex   3.278321e+01 1.144362e+00 -5.584450e+00
      vertex   3.141001e+01 3.848398e-01 -3.834400e+00
      vertex   3.278321e+01 1.144362e+00 -3.834400e+00
    endloop
  endfacet
  facet normal -3.825047e-01 9.239535e-01 0.000000e+00
    outer loop
      vertex   2.995863e+01 -2.160111e-01 -5.584450e+00
      vertex   2.995863e+01 -2.160111e-01 -3.834400e+00
      vertex   3.141001e+01 3.848398e-01 -5.584450e+00
    endloop
  endfacet
  facet normal -3.825047e-01 9.239535e-01 0.000000e+00
    outer loop
      vertex   3.141001e+01 3.848398e-01 -5.584450e+00
      vertex   2.995863e+01 -2.160111e-01 -3.834400e+00
      vertex   3.141001e+01 3.848398e-01 -3.834400e+00
    endloop
  endfacet
  facet normal -2.764876e-01 9.610175e-01 0.000000e+00
    outer loop
      vertex   2.845009e+01 -6.500232e-01 -5.584450e+00
      vertex   2.845009e+01 -6.500232e-01 -3.834400e+00
      vertex   2.995863e+01 -2.160111e-01 -5.584450e+00
    endloop
  endfacet
  facet normal -2.764876e-01 9.610175e-01 0.000000e+00
    outer loop
      vertex   2.995863e+01 -2.160111e-01 -5.584450e+00
      vertex   2.845009e+01 -6.500232e-01 -3.834400e+00
      vertex   2.995863e+01 -2.160111e-01 -3.834400e+00
    endloop
  endfacet
  facet normal -1.680148e-01 9.857845e-01 0.000000e+00
    outer loop
      vertex   2.690304e+01 -9.136977e-01 -5.584450e+00
      vertex   2.690304e+01 -9.136977e-01 -3.834400e+00
      vertex   2.845009e+01 -6.500232e-01 -5.584450e+00
    endloop
  endfacet
  facet normal -1.680148e-01 9.857845e-01 0.000000e+00
    outer loop
      vertex   2.845009e+01 -6.500232e-01 -5.584450e+00
      vertex   2.690304e+01 -9.136977e-01 -3.834400e+00
      vertex   2.845009e+01 -6.500232e-01 -3.834400e+00
    endloop
  endfacet
  facet normal 5.571675e-02 9.984466e-01 -0.000000e+00
    outer loop
      vertex   -1.590084e+01 -9.136977e-01 -5.584450e+00
      vertex   -1.590084e+01 -9.136977e-01 -3.834400e+00
      vertex   -1.433280e+01 -1.001200e+00 -5.584450e+00
    endloop
  endfacet
  facet normal 5.571675e-02 9.984466e-01 -0.000000e+00
    outer loop
      vertex   -1.433280e+01 -1.001200e+00 -5.584450e+00
      vertex   -1.590084e+01 -9.136977e-01 -3.834400e+00
      vertex   -1.433280e+01 -1.001200e+00 -3.834400e+00
    endloop
  endfacet
  facet normal -5.571675e-02 9.984466e-01 0.000000e+00
    outer loop
      vertex   2.533500e+01 -1.001200e+00 -5.584450e+00
      vertex   2.533500e+01 -1.001200e+00 -3.834400e+00
      vertex   2.690304e+01 -9.136977e-01 -5.584450e+00
    endloop
  endfacet
  facet normal -5.571675e-02 9.984466e-01 0.000000e+00
    outer loop
      vertex   2.690304e+01 -9.136977e-01 -5.584450e+00
      vertex   2.533500e+01 -1.001200e+00 -3.834400e+00
      vertex   2.690304e+01 -9.136977e-01 -3.834400e+00
    endloop
  endfacet
  facet normal 1.680148e-01 9.857845e-01 -0.000000e+00
    outer loop
      vertex   -1.744789e+01 -6.500232e-01 -5.584450e+00
      vertex   -1.744789e+01 -6.500232e-01 -3.834400e+00
      vertex   -1.590084e+01 -9.136977e-01 -5.584450e+00
    endloop
  endfacet
  facet normal 1.680148e-01 9.857845e-01 -0.000000e+00
    outer loop
      vertex   -1.590084e+01 -9.136977e-01 -5.584450e+00
      vertex   -1.744789e+01 -6.500232e-01 -3.834400e+00
      vertex   -1.590084e+01 -9.136977e-01 -3.834400e+00
    endloop
  endfacet
  facet normal 2.764876e-01 9.610175e-01 -0.000000e+00
    outer loop
      vertex   -1.895643e+01 -2.160111e-01 -5.584450e+00
      vertex   -1.895643e+01 -2.160111e-01 -3.834400e+00
      vertex   -1.744789e+01 -6.500232e-01 -5.584450e+00
    endloop
  endfacet
  facet normal 2.764876e-01 9.610175e-01 -0.000000e+00
    outer loop
      vertex   -1.744789e+01 -6.500232e-01 -5.584450e+00
      vertex   -1.895643e+01 -2.160111e-01 -3.834400e+00
      vertex   -1.744789e+01 -6.500232e-01 -3.834400e+00
    endloop
  endfacet
  facet normal 3.825047e-01 9.239535e-01 -0.000000e+00
    outer loop
      vertex   -2.040781e+01 3.848398e-01 -5.584450e+00
      vertex   -2.040781e+01 3.848398e-01 -3.834400e+00
      vertex   -1.895643e+01 -2.160111e-01 -5.584450e+00
    endloop
  endfacet
  facet normal 3.825047e-01 9.239535e-01 -0.000000e+00
    outer loop
      vertex   -1.895643e+01 -2.160111e-01 -5.584450e+00
      vertex   -2.040781e+01 3.848398e-01 -3.834400e+00
      vertex   -1.895643e+01 -2.160111e-01 -3.834400e+00
    endloop
  endfacet
  facet normal 4.840008e-01 8.750675e-01 -0.000000e+00
    outer loop
      vertex   -2.178101e+01 1.144362e+00 -5.584450e+00
      vertex   -2.178101e+01 1.144362e+00 -3.834400e+00
      vertex   -2.040781e+01 3.848398e-01 -5.584450e+00
    endloop
  endfacet
  facet normal 4.840008e-01 8.750675e-01 -0.000000e+00
    outer loop
      vertex   -2.040781e+01 3.848398e-01 -5.584450e+00
      vertex   -2.178101e+01 1.144362e+00 -3.834400e+00
      vertex   -2.040781e+01 3.848398e-01 -3.834400e+00
    endloop
  endfacet
  facet normal 5.786355e-01 8.155863e-01 -0.000000e+00
    outer loop
      vertex   -2.306205e+01 2.053221e+00 -5.584450e+00
      vertex   -2.306205e+01 2.053221e+00 -3.834400e+00
      vertex   -2.178101e+01 1.144362e+00 -5.584450e+00
    endloop
  endfacet
  facet normal 5.786355e-01 8.155863e-01 -0.000000e+00
    outer loop
      vertex   -2.178101e+01 1.144362e+00 -5.584450e+00
      vertex   -2.306205e+01 2.053221e+00 -3.834400e+00
      vertex   -2.178101e+01 1.144362e+00 -3.834400e+00
    endloop
  endfacet
  facet normal 6.666211e-01 7.453968e-01 0.000000e+00
    outer loop
      vertex   -2.306205e+01 2.053221e+00 -3.834400e+00
      vertex   -2.306205e+01 2.053221e+00 -5.584450e+00
      vertex   -2.423225e+01 3.099751e+00 -3.834400e+00
    endloop
  endfacet
  facet normal 6.666211e-01 7.453968e-01 0.000000e+00
    outer loop
      vertex   -2.423225e+01 3.099751e+00 -3.834400e+00
      vertex   -2.306205e+01 2.053221e+00 -5.584450e+00
      vertex   -2.423225e+01 3.099751e+00 -5.584450e+00
    endloop
  endfacet
  facet normal -6.666211e-01 7.453968e-01 0.000000e+00
    outer loop
      vertex   3.406425e+01 2.053221e+00 -5.584450e+00
      vertex   3.406425e+01 2.053221e+00 -3.834400e+00
      vertex   3.523445e+01 3.099751e+00 -5.584450e+00
    endloop
  endfacet
  facet normal -6.666211e-01 7.453968e-01 0.000000e+00
    outer loop
      vertex   3.523445e+01 3.099751e+00 -5.584450e+00
      vertex   3.406425e+01 2.053221e+00 -3.834400e+00
      vertex   3.523445e+01 3.099751e+00 -3.834400e+00
    endloop
  endfacet
  facet normal -9.857845e-01 1.680144e-01 0.000000e+00
    outer loop
      vertex   3.898422e+01 9.884111e+00 -5.584450e+00
      vertex   3.898422e+01 9.884111e+00 -3.834400e+00
      vertex   3.924790e+01 1.143116e+01 -5.584450e+00
    endloop
  endfacet
  facet normal -9.857845e-01 1.680144e-01 0.000000e+00
    outer loop
      vertex   3.924790e+01 1.143116e+01 -5.584450e+00
      vertex   3.898422e+01 9.884111e+00 -3.834400e+00
      vertex   3.924790e+01 1.143116e+01 -3.834400e+00
    endloop
  endfacet
  facet normal 9.984466e-01 5.571746e-02 0.000000e+00
    outer loop
      vertex   -2.824570e+01 1.143116e+01 -3.834400e+00
      vertex   -2.824570e+01 1.143116e+01 -5.584450e+00
      vertex   -2.833320e+01 1.299920e+01 -3.834400e+00
    endloop
  endfacet
  facet normal 9.984466e-01 5.571746e-02 0.000000e+00
    outer loop
      vertex   -2.833320e+01 1.299920e+01 -3.834400e+00
      vertex   -2.824570e+01 1.143116e+01 -5.584450e+00
      vertex   -2.833320e+01 1.299920e+01 -5.584450e+00
    endloop
  endfacet
  facet normal -9.610175e-01 2.764874e-01 0.000000e+00
    outer loop
      vertex   3.855021e+01 8.375568e+00 -5.584450e+00
      vertex   3.855021e+01 8.375568e+00 -3.834400e+00
      vertex   3.898422e+01 9.884111e+00 -5.584450e+00
    endloop
  endfacet
  facet normal -9.610175e-01 2.764874e-01 0.000000e+00
    outer loop
      vertex   3.898422e+01 9.884111e+00 -5.584450e+00
      vertex   3.855021e+01 8.375568e+00 -3.834400e+00
      vertex   3.898422e+01 9.884111e+00 -3.834400e+00
    endloop
  endfacet
  facet normal -9.239536e-01 3.825046e-01 0.000000e+00
    outer loop
      vertex   3.794936e+01 6.924193e+00 -5.584450e+00
      vertex   3.794936e+01 6.924193e+00 -3.834400e+00
      vertex   3.855021e+01 8.375568e+00 -5.584450e+00
    endloop
  endfacet
  facet normal -9.239536e-01 3.825046e-01 0.000000e+00
    outer loop
      vertex   3.855021e+01 8.375568e+00 -5.584450e+00
      vertex   3.794936e+01 6.924193e+00 -3.834400e+00
      vertex   3.855021e+01 8.375568e+00 -3.834400e+00
    endloop
  endfacet
  facet normal 7.453968e-01 6.666210e-01 -0.000000e+00
    outer loop
      vertex   -2.527878e+01 4.269950e+00 -5.584450e+00
      vertex   -2.527878e+01 4.269950e+00 -3.834400e+00
      vertex   -2.423225e+01 3.099751e+00 -5.584450e+00
    endloop
  endfacet
  facet normal 7.453968e-01 6.666210e-01 -0.000000e+00
    outer loop
      vertex   -2.423225e+01 3.099751e+00 -5.584450e+00
      vertex   -2.527878e+01 4.269950e+00 -3.834400e+00
      vertex   -2.423225e+01 3.099751e+00 -3.834400e+00
    endloop
  endfacet
  facet normal -8.750672e-01 4.840014e-01 0.000000e+00
    outer loop
      vertex   3.718984e+01 5.550987e+00 -5.584450e+00
      vertex   3.718984e+01 5.550987e+00 -3.834400e+00
      vertex   3.794936e+01 6.924193e+00 -5.584450e+00
    endloop
  endfacet
  facet normal -8.750672e-01 4.840014e-01 0.000000e+00
    outer loop
      vertex   3.794936e+01 6.924193e+00 -5.584450e+00
      vertex   3.718984e+01 5.550987e+00 -3.834400e+00
      vertex   3.794936e+01 6.924193e+00 -3.834400e+00
    endloop
  endfacet
  facet normal -8.155867e-01 5.786349e-01 0.000000e+00
    outer loop
      vertex   3.628098e+01 4.269950e+00 -5.584450e+00
      vertex   3.628098e+01 4.269950e+00 -3.834400e+00
      vertex   3.718984e+01 5.550987e+00 -5.584450e+00
    endloop
  endfacet
  facet normal -8.155867e-01 5.786349e-01 0.000000e+00
    outer loop
      vertex   3.718984e+01 5.550987e+00 -5.584450e+00
      vertex   3.628098e+01 4.269950e+00 -3.834400e+00
      vertex   3.718984e+01 5.550987e+00 -3.834400e+00
    endloop
  endfacet
  facet normal 8.155867e-01 5.786349e-01 -0.000000e+00
    outer loop
      vertex   -2.618764e+01 5.550987e+00 -5.584450e+00
      vertex   -2.618764e+01 5.550987e+00 -3.834400e+00
      vertex   -2.527878e+01 4.269950e+00 -5.584450e+00
    endloop
  endfacet
  facet normal 8.155867e-01 5.786349e-01 -0.000000e+00
    outer loop
      vertex   -2.527878e+01 4.269950e+00 -5.584450e+00
      vertex   -2.618764e+01 5.550987e+00 -3.834400e+00
      vertex   -2.527878e+01 4.269950e+00 -3.834400e+00
    endloop
  endfacet
  facet normal -7.453968e-01 6.666210e-01 0.000000e+00
    outer loop
      vertex   3.523445e+01 3.099751e+00 -5.584450e+00
      vertex   3.523445e+01 3.099751e+00 -3.834400e+00
      vertex   3.628098e+01 4.269950e+00 -5.584450e+00
    endloop
  endfacet
  facet normal -7.453968e-01 6.666210e-01 0.000000e+00
    outer loop
      vertex   3.628098e+01 4.269950e+00 -5.584450e+00
      vertex   3.523445e+01 3.099751e+00 -3.834400e+00
      vertex   3.628098e+01 4.269950e+00 -3.834400e+00
    endloop
  endfacet
  facet normal 8.750672e-01 4.840014e-01 -0.000000e+00
    outer loop
      vertex   -2.694716e+01 6.924193e+00 -5.584450e+00
      vertex   -2.694716e+01 6.924193e+00 -3.834400e+00
      vertex   -2.618764e+01 5.550987e+00 -5.584450e+00
    endloop
  endfacet
  facet normal 8.750672e-01 4.840014e-01 -0.000000e+00
    outer loop
      vertex   -2.618764e+01 5.550987e+00 -5.584450e+00
      vertex   -2.694716e+01 6.924193e+00 -3.834400e+00
      vertex   -2.618764e+01 5.550987e+00 -3.834400e+00
    endloop
  endfacet
  facet normal 9.239536e-01 3.825046e-01 -0.000000e+00
    outer loop
      vertex   -2.754801e+01 8.375568e+00 -5.584450e+00
      vertex   -2.754801e+01 8.375568e+00 -3.834400e+00
      vertex   -2.694716e+01 6.924193e+00 -5.584450e+00
    endloop
  endfacet
  facet normal 9.239536e-01 3.825046e-01 -0.000000e+00
    outer loop
      vertex   -2.694716e+01 6.924193e+00 -5.584450e+00
      vertex   -2.754801e+01 8.375568e+00 -3.834400e+00
      vertex   -2.694716e+01 6.924193e+00 -3.834400e+00
    endloop
  endfacet
  facet normal 9.610175e-01 2.764874e-01 -0.000000e+00
    outer loop
      vertex   -2.798202e+01 9.884111e+00 -5.584450e+00
      vertex   -2.798202e+01 9.884111e+00 -3.834400e+00
      vertex   -2.754801e+01 8.375568e+00 -5.584450e+00
    endloop
  endfacet
  facet normal 9.610175e-01 2.764874e-01 -0.000000e+00
    outer loop
      vertex   -2.754801e+01 8.375568e+00 -5.584450e+00
      vertex   -2.798202e+01 9.884111e+00 -3.834400e+00
      vertex   -2.754801e+01 8.375568e+00 -3.834400e+00
    endloop
  endfacet
  facet normal 9.857845e-01 1.680144e-01 0.000000e+00
    outer loop
      vertex   -2.798202e+01 9.884111e+00 -3.834400e+00
      vertex   -2.798202e+01 9.884111e+00 -5.584450e+00
      vertex   -2.824570e+01 1.143116e+01 -3.834400e+00
    endloop
  endfacet
  facet normal 9.857845e-01 1.680144e-01 0.000000e+00
    outer loop
      vertex   -2.824570e+01 1.143116e+01 -3.834400e+00
      vertex   -2.798202e+01 9.884111e+00 -5.584450e+00
      vertex   -2.824570e+01 1.143116e+01 -5.584450e+00
    endloop
  endfacet
  facet normal -9.469470e-01 3.213898e-01 0.000000e+00
    outer loop
      vertex   -4.162308e+01 3.523767e+01 3.350000e+01
      vertex   -4.162308e+01 3.523767e+01 -5.584450e+00
      vertex   -4.201509e+01 3.408263e+01 3.350000e+01
    endloop
  endfacet
  facet normal -9.469470e-01 3.213898e-01 0.000000e+00
    outer loop
      vertex   -4.201509e+01 3.408263e+01 3.350000e+01
      vertex   -4.162308e+01 3.523767e+01 -5.584450e+00
      vertex   -4.201509e+01 3.408263e+01 -5.584450e+00
    endloop
  endfacet
  facet normal -6.666214e-01 7.453964e-01 0.000000e+00
    outer loop
      vertex   -5.603550e+00 2.053221e+00 -5.584450e+00
      vertex   -5.603550e+00 2.053221e+00 -3.834400e+00
      vertex   -4.433351e+00 3.099751e+00 -5.584450e+00
    endloop
  endfacet
  facet normal -6.666214e-01 7.453964e-01 0.000000e+00
    outer loop
      vertex   -4.433351e+00 3.099751e+00 -5.584450e+00
      vertex   -5.603550e+00 2.053221e+00 -3.834400e+00
      vertex   -4.433351e+00 3.099751e+00 -3.834400e+00
    endloop
  endfacet
  facet normal -5.786352e-01 8.155865e-01 0.000000e+00
    outer loop
      vertex   -6.884587e+00 1.144362e+00 -5.584450e+00
      vertex   -6.884587e+00 1.144362e+00 -3.834400e+00
      vertex   -5.603550e+00 2.053221e+00 -5.584450e+00
    endloop
  endfacet
  facet normal -5.786352e-01 8.155865e-01 0.000000e+00
    outer loop
      vertex   -5.603550e+00 2.053221e+00 -5.584450e+00
      vertex   -6.884587e+00 1.144362e+00 -3.834400e+00
      vertex   -5.603550e+00 2.053221e+00 -3.834400e+00
    endloop
  endfacet
  facet normal -4.840008e-01 8.750675e-01 0.000000e+00
    outer loop
      vertex   -8.257793e+00 3.848398e-01 -5.584450e+00
      vertex   -8.257793e+00 3.848398e-01 -3.834400e+00
      vertex   -6.884587e+00 1.144362e+00 -5.584450e+00
    endloop
  endfacet
  facet normal -4.840008e-01 8.750675e-01 0.000000e+00
    outer loop
      vertex   -6.884587e+00 1.144362e+00 -5.584450e+00
      vertex   -8.257793e+00 3.848398e-01 -3.834400e+00
      vertex   -6.884587e+00 1.144362e+00 -3.834400e+00
    endloop
  endfacet
  facet normal -3.825052e-01 9.239533e-01 0.000000e+00
    outer loop
      vertex   -9.709168e+00 -2.160111e-01 -5.584450e+00
      vertex   -9.709168e+00 -2.160111e-01 -3.834400e+00
      vertex   -8.257793e+00 3.848398e-01 -5.584450e+00
    endloop
  endfacet
  facet normal -3.825052e-01 9.239533e-01 0.000000e+00
    outer loop
      vertex   -8.257793e+00 3.848398e-01 -5.584450e+00
      vertex   -9.709168e+00 -2.160111e-01 -3.834400e+00
      vertex   -8.257793e+00 3.848398e-01 -3.834400e+00
    endloop
  endfacet
  facet normal -2.764874e-01 9.610175e-01 0.000000e+00
    outer loop
      vertex   -1.121771e+01 -6.500232e-01 -5.584450e+00
      vertex   -1.121771e+01 -6.500232e-01 -3.834400e+00
      vertex   -9.709168e+00 -2.160111e-01 -5.584450e+00
    endloop
  endfacet
  facet normal -2.764874e-01 9.610175e-01 0.000000e+00
    outer loop
      vertex   -9.709168e+00 -2.160111e-01 -5.584450e+00
      vertex   -1.121771e+01 -6.500232e-01 -3.834400e+00
      vertex   -9.709168e+00 -2.160111e-01 -3.834400e+00
    endloop
  endfacet
  facet normal -1.680148e-01 9.857845e-01 0.000000e+00
    outer loop
      vertex   -1.276476e+01 -9.136977e-01 -5.584450e+00
      vertex   -1.276476e+01 -9.136977e-01 -3.834400e+00
      vertex   -1.121771e+01 -6.500232e-01 -5.584450e+00
    endloop
  endfacet
  facet normal -1.680148e-01 9.857845e-01 0.000000e+00
    outer loop
      vertex   -1.121771e+01 -6.500232e-01 -5.584450e+00
      vertex   -1.276476e+01 -9.136977e-01 -3.834400e+00
      vertex   -1.121771e+01 -6.500232e-01 -3.834400e+00
    endloop
  endfacet
  facet normal -5.571675e-02 9.984466e-01 0.000000e+00
    outer loop
      vertex   -1.433280e+01 -1.001200e+00 -5.584450e+00
      vertex   -1.433280e+01 -1.001200e+00 -3.834400e+00
      vertex   -1.276476e+01 -9.136977e-01 -5.584450e+00
    endloop
  endfacet
  facet normal -5.571675e-02 9.984466e-01 0.000000e+00
    outer loop
      vertex   -1.276476e+01 -9.136977e-01 -5.584450e+00
      vertex   -1.433280e+01 -1.001200e+00 -3.834400e+00
      vertex   -1.276476e+01 -9.136977e-01 -3.834400e+00
    endloop
  endfacet
  facet normal 9.984466e-01 5.571675e-02 -0.000000e+00
    outer loop
      vertex   1.133460e+01 1.299920e+01 -5.584450e+00
      vertex   1.133460e+01 1.299920e+01 -3.834400e+00
      vertex   1.142210e+01 1.143116e+01 -5.584450e+00
    endloop
  endfacet
  facet normal 9.984466e-01 5.571675e-02 -0.000000e+00
    outer loop
      vertex   1.142210e+01 1.143116e+01 -5.584450e+00
      vertex   1.133460e+01 1.299920e+01 -3.834400e+00
      vertex   1.142210e+01 1.143116e+01 -3.834400e+00
    endloop
  endfacet
  facet normal 9.984466e-01 -5.571675e-02 0.000000e+00
    outer loop
      vertex   1.142210e+01 1.456724e+01 -5.584450e+00
      vertex   1.142210e+01 1.456724e+01 -3.834400e+00
      vertex   1.133460e+01 1.299920e+01 -5.584450e+00
    endloop
  endfacet
  facet normal 9.984466e-01 -5.571675e-02 0.000000e+00
    outer loop
      vertex   1.133460e+01 1.299920e+01 -5.584450e+00
      vertex   1.142210e+01 1.456724e+01 -3.834400e+00
      vertex   1.133460e+01 1.299920e+01 -3.834400e+00
    endloop
  endfacet
  facet normal 9.857845e-01 -1.680148e-01 0.000000e+00
    outer loop
      vertex   1.168578e+01 1.611429e+01 -5.584450e+00
      vertex   1.168578e+01 1.611429e+01 -3.834400e+00
      vertex   1.142210e+01 1.456724e+01 -5.584450e+00
    endloop
  endfacet
  facet normal 9.857845e-01 -1.680148e-01 0.000000e+00
    outer loop
      vertex   1.142210e+01 1.456724e+01 -5.584450e+00
      vertex   1.168578e+01 1.611429e+01 -3.834400e+00
      vertex   1.142210e+01 1.456724e+01 -3.834400e+00
    endloop
  endfacet
  facet normal 9.610175e-01 -2.764876e-01 0.000000e+00
    outer loop
      vertex   1.211979e+01 1.762283e+01 -5.584450e+00
      vertex   1.211979e+01 1.762283e+01 -3.834400e+00
      vertex   1.168578e+01 1.611429e+01 -5.584450e+00
    endloop
  endfacet
  facet normal 9.610175e-01 -2.764876e-01 0.000000e+00
    outer loop
      vertex   1.168578e+01 1.611429e+01 -5.584450e+00
      vertex   1.211979e+01 1.762283e+01 -3.834400e+00
      vertex   1.168578e+01 1.611429e+01 -3.834400e+00
    endloop
  endfacet
  facet normal 9.239535e-01 -3.825047e-01 0.000000e+00
    outer loop
      vertex   1.272064e+01 1.907421e+01 -5.584450e+00
      vertex   1.272064e+01 1.907421e+01 -3.834400e+00
      vertex   1.211979e+01 1.762283e+01 -5.584450e+00
    endloop
  endfacet
  facet normal 9.239535e-01 -3.825047e-01 0.000000e+00
    outer loop
      vertex   1.211979e+01 1.762283e+01 -5.584450e+00
      vertex   1.272064e+01 1.907421e+01 -3.834400e+00
      vertex   1.211979e+01 1.762283e+01 -3.834400e+00
    endloop
  endfacet
  facet normal 8.750675e-01 -4.840008e-01 0.000000e+00
    outer loop
      vertex   1.348016e+01 2.044741e+01 -5.584450e+00
      vertex   1.348016e+01 2.044741e+01 -3.834400e+00
      vertex   1.272064e+01 1.907421e+01 -5.584450e+00
    endloop
  endfacet
  facet normal 8.750675e-01 -4.840008e-01 0.000000e+00
    outer loop
      vertex   1.272064e+01 1.907421e+01 -5.584450e+00
      vertex   1.348016e+01 2.044741e+01 -3.834400e+00
      vertex   1.272064e+01 1.907421e+01 -3.834400e+00
    endloop
  endfacet
  facet normal 8.155863e-01 -5.786355e-01 0.000000e+00
    outer loop
      vertex   1.438902e+01 2.172845e+01 -5.584450e+00
      vertex   1.438902e+01 2.172845e+01 -3.834400e+00
      vertex   1.348016e+01 2.044741e+01 -5.584450e+00
    endloop
  endfacet
  facet normal 8.155863e-01 -5.786355e-01 0.000000e+00
    outer loop
      vertex   1.348016e+01 2.044741e+01 -5.584450e+00
      vertex   1.438902e+01 2.172845e+01 -3.834400e+00
      vertex   1.348016e+01 2.044741e+01 -3.834400e+00
    endloop
  endfacet
  facet normal -7.453964e-01 6.666214e-01 0.000000e+00
    outer loop
      vertex   -3.386821e+00 4.269950e+00 -3.834400e+00
      vertex   -3.386821e+00 4.269950e+00 -5.584450e+00
      vertex   -4.433351e+00 3.099751e+00 -3.834400e+00
    endloop
  endfacet
  facet normal -7.453964e-01 6.666214e-01 0.000000e+00
    outer loop
      vertex   -4.433351e+00 3.099751e+00 -3.834400e+00
      vertex   -3.386821e+00 4.269950e+00 -5.584450e+00
      vertex   -4.433351e+00 3.099751e+00 -5.584450e+00
    endloop
  endfacet
  facet normal -9.857845e-01 1.680148e-01 0.000000e+00
    outer loop
      vertex   -6.835768e-01 9.884111e+00 -5.584450e+00
      vertex   -6.835768e-01 9.884111e+00 -3.834400e+00
      vertex   -4.199023e-01 1.143116e+01 -5.584450e+00
    endloop
  endfacet
  facet normal -9.857845e-01 1.680148e-01 0.000000e+00
    outer loop
      vertex   -4.199023e-01 1.143116e+01 -5.584450e+00
      vertex   -6.835768e-01 9.884111e+00 -3.834400e+00
      vertex   -4.199023e-01 1.143116e+01 -3.834400e+00
    endloop
  endfacet
  facet normal -9.610175e-01 2.764874e-01 0.000000e+00
    outer loop
      vertex   -1.117589e+00 8.375568e+00 -5.584450e+00
      vertex   -1.117589e+00 8.375568e+00 -3.834400e+00
      vertex   -6.835768e-01 9.884111e+00 -5.584450e+00
    endloop
  endfacet
  facet normal -9.610175e-01 2.764874e-01 0.000000e+00
    outer loop
      vertex   -6.835768e-01 9.884111e+00 -5.584450e+00
      vertex   -1.117589e+00 8.375568e+00 -3.834400e+00
      vertex   -6.835768e-01 9.884111e+00 -3.834400e+00
    endloop
  endfacet
  facet normal 7.453968e-01 -6.666211e-01 0.000000e+00
    outer loop
      vertex   1.543555e+01 2.289865e+01 -5.584450e+00
      vertex   1.543555e+01 2.289865e+01 -3.834400e+00
      vertex   1.438902e+01 2.172845e+01 -5.584450e+00
    endloop
  endfacet
  facet normal 7.453968e-01 -6.666211e-01 0.000000e+00
    outer loop
      vertex   1.438902e+01 2.172845e+01 -5.584450e+00
      vertex   1.543555e+01 2.289865e+01 -3.834400e+00
      vertex   1.438902e+01 2.172845e+01 -3.834400e+00
    endloop
  endfacet
  facet normal -9.239533e-01 3.825052e-01 0.000000e+00
    outer loop
      vertex   -1.718440e+00 6.924193e+00 -5.584450e+00
      vertex   -1.718440e+00 6.924193e+00 -3.834400e+00
      vertex   -1.117589e+00 8.375568e+00 -5.584450e+00
    endloop
  endfacet
  facet normal -9.239533e-01 3.825052e-01 0.000000e+00
    outer loop
      vertex   -1.117589e+00 8.375568e+00 -5.584450e+00
      vertex   -1.718440e+00 6.924193e+00 -3.834400e+00
      vertex   -1.117589e+00 8.375568e+00 -3.834400e+00
    endloop
  endfacet
  facet normal -8.750675e-01 4.840008e-01 0.000000e+00
    outer loop
      vertex   -2.477962e+00 5.550987e+00 -5.584450e+00
      vertex   -2.477962e+00 5.550987e+00 -3.834400e+00
      vertex   -1.718440e+00 6.924193e+00 -5.584450e+00
    endloop
  endfacet
  facet normal -8.750675e-01 4.840008e-01 0.000000e+00
    outer loop
      vertex   -1.718440e+00 6.924193e+00 -5.584450e+00
      vertex   -2.477962e+00 5.550987e+00 -3.834400e+00
      vertex   -1.718440e+00 6.924193e+00 -3.834400e+00
    endloop
  endfacet
  facet normal -8.155865e-01 5.786352e-01 0.000000e+00
    outer loop
      vertex   -3.386821e+00 4.269950e+00 -5.584450e+00
      vertex   -3.386821e+00 4.269950e+00 -3.834400e+00
      vertex   -2.477962e+00 5.550987e+00 -5.584450e+00
    endloop
  endfacet
  facet normal -8.155865e-01 5.786352e-01 0.000000e+00
    outer loop
      vertex   -2.477962e+00 5.550987e+00 -5.584450e+00
      vertex   -3.386821e+00 4.269950e+00 -3.834400e+00
      vertex   -2.477962e+00 5.550987e+00 -3.834400e+00
    endloop
  endfacet
  facet normal 6.666210e-01 -7.453968e-01 0.000000e+00
    outer loop
      vertex   1.660575e+01 2.394518e+01 -5.584450e+00
      vertex   1.660575e+01 2.394518e+01 -3.834400e+00
      vertex   1.543555e+01 2.289865e+01 -5.584450e+00
    endloop
  endfacet
  facet normal 6.666210e-01 -7.453968e-01 0.000000e+00
    outer loop
      vertex   1.543555e+01 2.289865e+01 -5.584450e+00
      vertex   1.660575e+01 2.394518e+01 -3.834400e+00
      vertex   1.543555e+01 2.289865e+01 -3.834400e+00
    endloop
  endfacet
  facet normal 5.786349e-01 -8.155867e-01 0.000000e+00
    outer loop
      vertex   1.788679e+01 2.485404e+01 -5.584450e+00
      vertex   1.788679e+01 2.485404e+01 -3.834400e+00
      vertex   1.660575e+01 2.394518e+01 -5.584450e+00
    endloop
  endfacet
  facet normal 5.786349e-01 -8.155867e-01 0.000000e+00
    outer loop
      vertex   1.660575e+01 2.394518e+01 -5.584450e+00
      vertex   1.788679e+01 2.485404e+01 -3.834400e+00
      vertex   1.660575e+01 2.394518e+01 -3.834400e+00
    endloop
  endfacet
  facet normal 4.840014e-01 -8.750672e-01 0.000000e+00
    outer loop
      vertex   1.925999e+01 2.561356e+01 -5.584450e+00
      vertex   1.925999e+01 2.561356e+01 -3.834400e+00
      vertex   1.788679e+01 2.485404e+01 -5.584450e+00
    endloop
  endfacet
  facet normal 4.840014e-01 -8.750672e-01 0.000000e+00
    outer loop
      vertex   1.788679e+01 2.485404e+01 -5.584450e+00
      vertex   1.925999e+01 2.561356e+01 -3.834400e+00
      vertex   1.788679e+01 2.485404e+01 -3.834400e+00
    endloop
  endfacet
  facet normal 3.825046e-01 -9.239536e-01 0.000000e+00
    outer loop
      vertex   2.071137e+01 2.621441e+01 -5.584450e+00
      vertex   2.071137e+01 2.621441e+01 -3.834400e+00
      vertex   1.925999e+01 2.561356e+01 -5.584450e+00
    endloop
  endfacet
  facet normal 3.825046e-01 -9.239536e-01 0.000000e+00
    outer loop
      vertex   1.925999e+01 2.561356e+01 -5.584450e+00
      vertex   2.071137e+01 2.621441e+01 -3.834400e+00
      vertex   1.925999e+01 2.561356e+01 -3.834400e+00
    endloop
  endfacet
  facet normal 9.984466e-01 -5.571746e-02 0.000000e+00
    outer loop
      vertex   -2.824570e+01 1.456724e+01 -5.584450e+00
      vertex   -2.824570e+01 1.456724e+01 -3.834400e+00
      vertex   -2.833320e+01 1.299920e+01 -5.584450e+00
    endloop
  endfacet
  facet normal 9.984466e-01 -5.571746e-02 0.000000e+00
    outer loop
      vertex   -2.833320e+01 1.299920e+01 -5.584450e+00
      vertex   -2.824570e+01 1.456724e+01 -3.834400e+00
      vertex   -2.833320e+01 1.299920e+01 -3.834400e+00
    endloop
  endfacet
  facet normal 2.764874e-01 -9.610175e-01 0.000000e+00
    outer loop
      vertex   2.221991e+01 2.664842e+01 -5.584450e+00
      vertex   2.221991e+01 2.664842e+01 -3.834400e+00
      vertex   2.071137e+01 2.621441e+01 -5.584450e+00
    endloop
  endfacet
  facet normal 2.764874e-01 -9.610175e-01 0.000000e+00
    outer loop
      vertex   2.071137e+01 2.621441e+01 -5.584450e+00
      vertex   2.221991e+01 2.664842e+01 -3.834400e+00
      vertex   2.071137e+01 2.621441e+01 -3.834400e+00
    endloop
  endfacet
  facet normal 9.857845e-01 -1.680144e-01 0.000000e+00
    outer loop
      vertex   -2.798202e+01 1.611429e+01 -5.584450e+00
      vertex   -2.798202e+01 1.611429e+01 -3.834400e+00
      vertex   -2.824570e+01 1.456724e+01 -5.584450e+00
    endloop
  endfacet
  facet normal 9.857845e-01 -1.680144e-01 0.000000e+00
    outer loop
      vertex   -2.824570e+01 1.456724e+01 -5.584450e+00
      vertex   -2.798202e+01 1.611429e+01 -3.834400e+00
      vertex   -2.824570e+01 1.456724e+01 -3.834400e+00
    endloop
  endfacet
  facet normal 1.680144e-01 -9.857845e-01 0.000000e+00
    outer loop
      vertex   2.376696e+01 2.691210e+01 -5.584450e+00
      vertex   2.376696e+01 2.691210e+01 -3.834400e+00
      vertex   2.221991e+01 2.664842e+01 -5.584450e+00
    endloop
  endfacet
  facet normal 1.680144e-01 -9.857845e-01 0.000000e+00
    outer loop
      vertex   2.221991e+01 2.664842e+01 -5.584450e+00
      vertex   2.376696e+01 2.691210e+01 -3.834400e+00
      vertex   2.221991e+01 2.664842e+01 -3.834400e+00
    endloop
  endfacet
  facet normal 9.610175e-01 -2.764876e-01 0.000000e+00
    outer loop
      vertex   -2.754801e+01 1.762283e+01 -5.584450e+00
      vertex   -2.754801e+01 1.762283e+01 -3.834400e+00
      vertex   -2.798202e+01 1.611429e+01 -5.584450e+00
    endloop
  endfacet
  facet normal 9.610175e-01 -2.764876e-01 0.000000e+00
    outer loop
      vertex   -2.798202e+01 1.611429e+01 -5.584450e+00
      vertex   -2.754801e+01 1.762283e+01 -3.834400e+00
      vertex   -2.798202e+01 1.611429e+01 -3.834400e+00
    endloop
  endfacet
  facet normal 5.571746e-02 -9.984466e-01 0.000000e+00
    outer loop
      vertex   2.376696e+01 2.691210e+01 -3.834400e+00
      vertex   2.376696e+01 2.691210e+01 -5.584450e+00
      vertex   2.533500e+01 2.699960e+01 -3.834400e+00
    endloop
  endfacet
  facet normal 5.571746e-02 -9.984466e-01 0.000000e+00
    outer loop
      vertex   2.533500e+01 2.699960e+01 -3.834400e+00
      vertex   2.376696e+01 2.691210e+01 -5.584450e+00
      vertex   2.533500e+01 2.699960e+01 -5.584450e+00
    endloop
  endfacet
  facet normal 9.239538e-01 -3.825041e-01 0.000000e+00
    outer loop
      vertex   -2.694716e+01 1.907421e+01 -5.584450e+00
      vertex   -2.694716e+01 1.907421e+01 -3.834400e+00
      vertex   -2.754801e+01 1.762283e+01 -5.584450e+00
    endloop
  endfacet
  facet normal 9.239538e-01 -3.825041e-01 0.000000e+00
    outer loop
      vertex   -2.754801e+01 1.762283e+01 -5.584450e+00
      vertex   -2.694716e+01 1.907421e+01 -3.834400e+00
      vertex   -2.754801e+01 1.762283e+01 -3.834400e+00
    endloop
  endfacet
  facet normal 8.750672e-01 -4.840014e-01 0.000000e+00
    outer loop
      vertex   -2.618764e+01 2.044741e+01 -5.584450e+00
      vertex   -2.618764e+01 2.044741e+01 -3.834400e+00
      vertex   -2.694716e+01 1.907421e+01 -5.584450e+00
    endloop
  endfacet
  facet normal 8.750672e-01 -4.840014e-01 0.000000e+00
    outer loop
      vertex   -2.694716e+01 1.907421e+01 -5.584450e+00
      vertex   -2.618764e+01 2.044741e+01 -3.834400e+00
      vertex   -2.694716e+01 1.907421e+01 -3.834400e+00
    endloop
  endfacet
  facet normal 8.155864e-01 -5.786353e-01 0.000000e+00
    outer loop
      vertex   -2.527878e+01 2.172845e+01 -5.584450e+00
      vertex   -2.527878e+01 2.172845e+01 -3.834400e+00
      vertex   -2.618764e+01 2.044741e+01 -5.584450e+00
    endloop
  endfacet
  facet normal 8.155864e-01 -5.786353e-01 0.000000e+00
    outer loop
      vertex   -2.618764e+01 2.044741e+01 -5.584450e+00
      vertex   -2.527878e+01 2.172845e+01 -3.834400e+00
      vertex   -2.618764e+01 2.044741e+01 -3.834400e+00
    endloop
  endfacet
  facet normal -7.453971e-01 -6.666207e-01 -0.000000e+00
    outer loop
      vertex   3.523445e+01 2.289865e+01 -3.834400e+00
      vertex   3.523445e+01 2.289865e+01 -5.584450e+00
      vertex   3.628098e+01 2.172845e+01 -3.834400e+00
    endloop
  endfacet
  facet normal -7.453971e-01 -6.666207e-01 -0.000000e+00
    outer loop
      vertex   3.628098e+01 2.172845e+01 -3.834400e+00
      vertex   3.523445e+01 2.289865e+01 -5.584450e+00
      vertex   3.628098e+01 2.172845e+01 -5.584450e+00
    endloop
  endfacet
  facet normal -8.155864e-01 -5.786353e-01 0.000000e+00
    outer loop
      vertex   3.718984e+01 2.044741e+01 -5.584450e+00
      vertex   3.718984e+01 2.044741e+01 -3.834400e+00
      vertex   3.628098e+01 2.172845e+01 -5.584450e+00
    endloop
  endfacet
  facet normal -8.155864e-01 -5.786353e-01 0.000000e+00
    outer loop
      vertex   3.628098e+01 2.172845e+01 -5.584450e+00
      vertex   3.718984e+01 2.044741e+01 -3.834400e+00
      vertex   3.628098e+01 2.172845e+01 -3.834400e+00
    endloop
  endfacet
  facet normal -8.750672e-01 -4.840014e-01 0.000000e+00
    outer loop
      vertex   3.794936e+01 1.907421e+01 -5.584450e+00
      vertex   3.794936e+01 1.907421e+01 -3.834400e+00
      vertex   3.718984e+01 2.044741e+01 -5.584450e+00
    endloop
  endfacet
  facet normal -8.750672e-01 -4.840014e-01 0.000000e+00
    outer loop
      vertex   3.718984e+01 2.044741e+01 -5.584450e+00
      vertex   3.794936e+01 1.907421e+01 -3.834400e+00
      vertex   3.718984e+01 2.044741e+01 -3.834400e+00
    endloop
  endfacet
  facet normal 1.000000e+00 0.000000e+00 -0.000000e+00
    outer loop
      vertex   5.333580e+01 3.166640e+01 -5.584450e+00
      vertex   5.333580e+01 3.166640e+01 3.350000e+01
      vertex   5.333580e+01 -4.533580e+01 -5.584450e+00
    endloop
  endfacet
  facet normal 1.000000e+00 0.000000e+00 0.000000e+00
    outer loop
      vertex   5.333580e+01 -4.533580e+01 -5.584450e+00
      vertex   5.333580e+01 3.166640e+01 3.350000e+01
      vertex   5.333580e+01 -4.533580e+01 3.350000e+01
    endloop
  endfacet
  facet normal -9.239538e-01 -3.825041e-01 0.000000e+00
    outer loop
      vertex   3.855021e+01 1.762283e+01 -5.584450e+00
      vertex   3.855021e+01 1.762283e+01 -3.834400e+00
      vertex   3.794936e+01 1.907421e+01 -5.584450e+00
    endloop
  endfacet
  facet normal -9.239538e-01 -3.825041e-01 0.000000e+00
    outer loop
      vertex   3.794936e+01 1.907421e+01 -5.584450e+00
      vertex   3.855021e+01 1.762283e+01 -3.834400e+00
      vertex   3.794936e+01 1.907421e+01 -3.834400e+00
    endloop
  endfacet
  facet normal -9.610175e-01 -2.764876e-01 0.000000e+00
    outer loop
      vertex   3.898422e+01 1.611429e+01 -5.584450e+00
      vertex   3.898422e+01 1.611429e+01 -3.834400e+00
      vertex   3.855021e+01 1.762283e+01 -5.584450e+00
    endloop
  endfacet
  facet normal -9.610175e-01 -2.764876e-01 0.000000e+00
    outer loop
      vertex   3.855021e+01 1.762283e+01 -5.584450e+00
      vertex   3.898422e+01 1.611429e+01 -3.834400e+00
      vertex   3.855021e+01 1.762283e+01 -3.834400e+00
    endloop
  endfacet
  facet normal -9.857845e-01 -1.680144e-01 0.000000e+00
    outer loop
      vertex   3.924790e+01 1.456724e+01 -5.584450e+00
      vertex   3.924790e+01 1.456724e+01 -3.834400e+00
      vertex   3.898422e+01 1.611429e+01 -5.584450e+00
    endloop
  endfacet
  facet normal -9.857845e-01 -1.680144e-01 0.000000e+00
    outer loop
      vertex   3.898422e+01 1.611429e+01 -5.584450e+00
      vertex   3.924790e+01 1.456724e+01 -3.834400e+00
      vertex   3.898422e+01 1.611429e+01 -3.834400e+00
    endloop
  endfacet
  facet normal -9.984466e-01 -5.571746e-02 0.000000e+00
    outer loop
      vertex   3.933540e+01 1.299920e+01 -5.584450e+00
      vertex   3.933540e+01 1.299920e+01 -3.834400e+00
      vertex   3.924790e+01 1.456724e+01 -5.584450e+00
    endloop
  endfacet
  facet normal -9.984466e-01 -5.571746e-02 0.000000e+00
    outer loop
      vertex   3.924790e+01 1.456724e+01 -5.584450e+00
      vertex   3.933540e+01 1.299920e+01 -3.834400e+00
      vertex   3.924790e+01 1.456724e+01 -3.834400e+00
    endloop
  endfacet
  facet normal 7.453971e-01 -6.666207e-01 0.000000e+00
    outer loop
      vertex   -2.423225e+01 2.289865e+01 -5.584450e+00
      vertex   -2.423225e+01 2.289865e+01 -3.834400e+00
      vertex   -2.527878e+01 2.172845e+01 -5.584450e+00
    endloop
  endfacet
  facet normal 7.453971e-01 -6.666207e-01 0.000000e+00
    outer loop
      vertex   -2.527878e+01 2.172845e+01 -5.584450e+00
      vertex   -2.423225e+01 2.289865e+01 -3.834400e+00
      vertex   -2.527878e+01 2.172845e+01 -3.834400e+00
    endloop
  endfacet
  facet normal -9.984466e-01 5.571746e-02 0.000000e+00
    outer loop
      vertex   3.933540e+01 1.299920e+01 -3.834400e+00
      vertex   3.933540e+01 1.299920e+01 -5.584450e+00
      vertex   3.924790e+01 1.143116e+01 -3.834400e+00
    endloop
  endfacet
  facet normal -9.984466e-01 5.571746e-02 0.000000e+00
    outer loop
      vertex   3.924790e+01 1.143116e+01 -3.834400e+00
      vertex   3.933540e+01 1.299920e+01 -5.584450e+00
      vertex   3.924790e+01 1.143116e+01 -5.584450e+00
    endloop
  endfacet
  facet normal 6.666207e-01 -7.453971e-01 0.000000e+00
    outer loop
      vertex   -2.423225e+01 2.289865e+01 -3.834400e+00
      vertex   -2.423225e+01 2.289865e+01 -5.584450e+00
      vertex   -2.306205e+01 2.394518e+01 -3.834400e+00
    endloop
  endfacet
  facet normal 6.666207e-01 -7.453971e-01 0.000000e+00
    outer loop
      vertex   -2.306205e+01 2.394518e+01 -3.834400e+00
      vertex   -2.423225e+01 2.289865e+01 -5.584450e+00
      vertex   -2.306205e+01 2.394518e+01 -5.584450e+00
    endloop
  endfacet
  facet normal 5.786353e-01 -8.155864e-01 0.000000e+00
    outer loop
      vertex   -2.178101e+01 2.485404e+01 -5.584450e+00
      vertex   -2.178101e+01 2.485404e+01 -3.834400e+00
      vertex   -2.306205e+01 2.394518e+01 -5.584450e+00
    endloop
  endfacet
  facet normal 5.786353e-01 -8.155864e-01 0.000000e+00
    outer loop
      vertex   -2.306205e+01 2.394518e+01 -5.584450e+00
      vertex   -2.178101e+01 2.485404e+01 -3.834400e+00
      vertex   -2.306205e+01 2.394518e+01 -3.834400e+00
    endloop
  endfacet
  facet normal 4.840014e-01 -8.750672e-01 0.000000e+00
    outer loop
      vertex   -2.040781e+01 2.561356e+01 -5.584450e+00
      vertex   -2.040781e+01 2.561356e+01 -3.834400e+00
      vertex   -2.178101e+01 2.485404e+01 -5.584450e+00
    endloop
  endfacet
  facet normal 4.840014e-01 -8.750672e-01 0.000000e+00
    outer loop
      vertex   -2.178101e+01 2.485404e+01 -5.584450e+00
      vertex   -2.040781e+01 2.561356e+01 -3.834400e+00
      vertex   -2.178101e+01 2.485404e+01 -3.834400e+00
    endloop
  endfacet
  facet normal 3.825041e-01 -9.239538e-01 0.000000e+00
    outer loop
      vertex   -1.895643e+01 2.621441e+01 -5.584450e+00
      vertex   -1.895643e+01 2.621441e+01 -3.834400e+00
      vertex   -2.040781e+01 2.561356e+01 -5.584450e+00
    endloop
  endfacet
  facet normal 3.825041e-01 -9.239538e-01 0.000000e+00
    outer loop
      vertex   -2.040781e+01 2.561356e+01 -5.584450e+00
      vertex   -1.895643e+01 2.621441e+01 -3.834400e+00
      vertex   -2.040781e+01 2.561356e+01 -3.834400e+00
    endloop
  endfacet
  facet normal 2.764876e-01 -9.610175e-01 0.000000e+00
    outer loop
      vertex   -1.744789e+01 2.664842e+01 -5.584450e+00
      vertex   -1.744789e+01 2.664842e+01 -3.834400e+00
      vertex   -1.895643e+01 2.621441e+01 -5.584450e+00
    endloop
  endfacet
  facet normal 2.764876e-01 -9.610175e-01 0.000000e+00
    outer loop
      vertex   -1.895643e+01 2.621441e+01 -5.584450e+00
      vertex   -1.744789e+01 2.664842e+01 -3.834400e+00
      vertex   -1.895643e+01 2.621441e+01 -3.834400e+00
    endloop
  endfacet
  facet normal 1.680144e-01 -9.857845e-01 0.000000e+00
    outer loop
      vertex   -1.590084e+01 2.691210e+01 -5.584450e+00
      vertex   -1.590084e+01 2.691210e+01 -3.834400e+00
      vertex   -1.744789e+01 2.664842e+01 -5.584450e+00
    endloop
  endfacet
  facet normal 1.680144e-01 -9.857845e-01 0.000000e+00
    outer loop
      vertex   -1.744789e+01 2.664842e+01 -5.584450e+00
      vertex   -1.590084e+01 2.691210e+01 -3.834400e+00
      vertex   -1.744789e+01 2.664842e+01 -3.834400e+00
    endloop
  endfacet
  facet normal -5.571746e-02 -9.984466e-01 0.000000e+00
    outer loop
      vertex   2.690304e+01 2.691210e+01 -5.584450e+00
      vertex   2.690304e+01 2.691210e+01 -3.834400e+00
      vertex   2.533500e+01 2.699960e+01 -5.584450e+00
    endloop
  endfacet
  facet normal -5.571746e-02 -9.984466e-01 0.000000e+00
    outer loop
      vertex   2.533500e+01 2.699960e+01 -5.584450e+00
      vertex   2.690304e+01 2.691210e+01 -3.834400e+00
      vertex   2.533500e+01 2.699960e+01 -3.834400e+00
    endloop
  endfacet
  facet normal -1.680144e-01 -9.857845e-01 0.000000e+00
    outer loop
      vertex   2.845009e+01 2.664842e+01 -5.584450e+00
      vertex   2.845009e+01 2.664842e+01 -3.834400e+00
      vertex   2.690304e+01 2.691210e+01 -5.584450e+00
    endloop
  endfacet
  facet normal -1.680144e-01 -9.857845e-01 0.000000e+00
    outer loop
      vertex   2.690304e+01 2.691210e+01 -5.584450e+00
      vertex   2.845009e+01 2.664842e+01 -3.834400e+00
      vertex   2.690304e+01 2.691210e+01 -3.834400e+00
    endloop
  endfacet
  facet normal -2.764876e-01 -9.610175e-01 0.000000e+00
    outer loop
      vertex   2.995863e+01 2.621441e+01 -5.584450e+00
      vertex   2.995863e+01 2.621441e+01 -3.834400e+00
      vertex   2.845009e+01 2.664842e+01 -5.584450e+00
    endloop
  endfacet
  facet normal -2.764876e-01 -9.610175e-01 0.000000e+00
    outer loop
      vertex   2.845009e+01 2.664842e+01 -5.584450e+00
      vertex   2.995863e+01 2.621441e+01 -3.834400e+00
      vertex   2.845009e+01 2.664842e+01 -3.834400e+00
    endloop
  endfacet
  facet normal -3.825041e-01 -9.239538e-01 0.000000e+00
    outer loop
      vertex   3.141001e+01 2.561356e+01 -5.584450e+00
      vertex   3.141001e+01 2.561356e+01 -3.834400e+00
      vertex   2.995863e+01 2.621441e+01 -5.584450e+00
    endloop
  endfacet
  facet normal -3.825041e-01 -9.239538e-01 0.000000e+00
    outer loop
      vertex   2.995863e+01 2.621441e+01 -5.584450e+00
      vertex   3.141001e+01 2.561356e+01 -3.834400e+00
      vertex   2.995863e+01 2.621441e+01 -3.834400e+00
    endloop
  endfacet
  facet normal 5.571746e-02 -9.984466e-01 0.000000e+00
    outer loop
      vertex   -1.433280e+01 2.699960e+01 -5.584450e+00
      vertex   -1.433280e+01 2.699960e+01 -3.834400e+00
      vertex   -1.590084e+01 2.691210e+01 -5.584450e+00
    endloop
  endfacet
  facet normal 5.571746e-02 -9.984466e-01 0.000000e+00
    outer loop
      vertex   -1.590084e+01 2.691210e+01 -5.584450e+00
      vertex   -1.433280e+01 2.699960e+01 -3.834400e+00
      vertex   -1.590084e+01 2.691210e+01 -3.834400e+00
    endloop
  endfacet
  facet normal -4.840014e-01 -8.750672e-01 0.000000e+00
    outer loop
      vertex   3.278321e+01 2.485404e+01 -5.584450e+00
      vertex   3.278321e+01 2.485404e+01 -3.834400e+00
      vertex   3.141001e+01 2.561356e+01 -5.584450e+00
    endloop
  endfacet
  facet normal -4.840014e-01 -8.750672e-01 0.000000e+00
    outer loop
      vertex   3.141001e+01 2.561356e+01 -5.584450e+00
      vertex   3.278321e+01 2.485404e+01 -3.834400e+00
      vertex   3.141001e+01 2.561356e+01 -3.834400e+00
    endloop
  endfacet
  facet normal -5.786353e-01 -8.155864e-01 0.000000e+00
    outer loop
      vertex   3.406425e+01 2.394518e+01 -5.584450e+00
      vertex   3.406425e+01 2.394518e+01 -3.834400e+00
      vertex   3.278321e+01 2.485404e+01 -5.584450e+00
    endloop
  endfacet
  facet normal -5.786353e-01 -8.155864e-01 0.000000e+00
    outer loop
      vertex   3.278321e+01 2.485404e+01 -5.584450e+00
      vertex   3.406425e+01 2.394518e+01 -3.834400e+00
      vertex   3.278321e+01 2.485404e+01 -3.834400e+00
    endloop
  endfacet
  facet normal -6.666207e-01 -7.453971e-01 0.000000e+00
    outer loop
      vertex   3.523445e+01 2.289865e+01 -5.584450e+00
      vertex   3.523445e+01 2.289865e+01 -3.834400e+00
      vertex   3.406425e+01 2.394518e+01 -5.584450e+00
    endloop
  endfacet
  facet normal -6.666207e-01 -7.453971e-01 0.000000e+00
    outer loop
      vertex   3.406425e+01 2.394518e+01 -5.584450e+00
      vertex   3.523445e+01 2.289865e+01 -3.834400e+00
      vertex   3.406425e+01 2.394518e+01 -3.834400e+00
    endloop
  endfacet
  facet normal -7.071068e-01 -0.000000e+00 -7.071068e-01
    outer loop
      vertex   5.158575e+01 1.299920e+01 2.999990e+01
      vertex   5.158575e+01 -2.666860e+01 2.999990e+01
      vertex   4.983570e+01 1.124915e+01 3.174995e+01
    endloop
  endfacet
  facet normal -7.071068e-01 -0.000000e+00 -7.071068e-01
    outer loop
      vertex   4.983570e+01 1.124915e+01 3.174995e+01
      vertex   5.158575e+01 -2.666860e+01 2.999990e+01
      vertex   4.983570e+01 -2.491855e+01 3.174995e+01
    endloop
  endfacet
  facet normal -7.071068e-01 7.071068e-01 0.000000e+00
    outer loop
      vertex   5.158575e+01 1.299920e+01 3.350000e+01
      vertex   5.158575e+01 1.299920e+01 2.999990e+01
      vertex   4.983570e+01 1.124915e+01 3.174995e+01
    endloop
  endfacet
  facet normal -1.000000e+00 0.000000e+00 0.000000e+00
    outer loop
      vertex   5.158575e+01 1.299920e+01 3.350000e+01
      vertex   5.158575e+01 3.166640e+01 3.350000e+01
      vertex   5.158575e+01 1.299920e+01 2.999990e+01
    endloop
  endfacet
  facet normal -1.000000e+00 0.000000e+00 0.000000e+00
    outer loop
      vertex   5.158575e+01 1.299920e+01 2.999990e+01
      vertex   5.158575e+01 3.166640e+01 3.350000e+01
      vertex   5.158575e+01 3.166640e+01 -3.834400e+00
    endloop
  endfacet
  facet normal -1.000000e+00 0.000000e+00 -0.000000e+00
    outer loop
      vertex   5.158575e+01 1.299920e+01 2.999990e+01
      vertex   5.158575e+01 3.166640e+01 -3.834400e+00
      vertex   5.158575e+01 -4.533580e+01 -3.834400e+00
    endloop
  endfacet
  facet normal -1.000000e+00 -0.000000e+00 0.000000e+00
    outer loop
      vertex   5.158575e+01 1.299920e+01 2.999990e+01
      vertex   5.158575e+01 -4.533580e+01 -3.834400e+00
      vertex   5.158575e+01 -2.666860e+01 2.999990e+01
    endloop
  endfacet
  facet normal -1.000000e+00 -0.000000e+00 0.000000e+00
    outer loop
      vertex   5.158575e+01 -2.666860e+01 2.999990e+01
      vertex   5.158575e+01 -4.533580e+01 -3.834400e+00
      vertex   5.158575e+01 -4.533580e+01 3.350000e+01
    endloop
  endfacet
  facet normal -1.000000e+00 0.000000e+00 0.000000e+00
    outer loop
      vertex   5.158575e+01 -2.666860e+01 2.999990e+01
      vertex   5.158575e+01 -4.533580e+01 3.350000e+01
      vertex   5.158575e+01 -2.666860e+01 3.350000e+01
    endloop
  endfacet
  facet normal 0.000000e+00 1.000000e+00 0.000000e+00
    outer loop
      vertex   -9.666000e+00 -5.291935e+01 3.350000e+01
      vertex   2.066820e+01 -5.291935e+01 2.999990e+01
      vertex   -9.666000e+00 -5.291935e+01 2.999990e+01
    endloop
  endfacet
  facet normal -0.000000e+00 1.000000e+00 0.000000e+00
    outer loop
      vertex   -9.666000e+00 -5.291935e+01 2.999990e+01
      vertex   2.066820e+01 -5.291935e+01 2.999990e+01
      vertex   -3.300000e+01 -5.291935e+01 -3.834400e+00
    endloop
  endfacet
  facet normal 0.000000e+00 1.000000e+00 0.000000e+00
    outer loop
      vertex   -9.666000e+00 -5.291935e+01 2.999990e+01
      vertex   -3.300000e+01 -5.291935e+01 -3.834400e+00
      vertex   -2.949990e+01 -5.291935e+01 2.999990e+01
    endloop
  endfacet
  facet normal 0.000000e+00 1.000000e+00 0.000000e+00
    outer loop
      vertex   -2.949990e+01 -5.291935e+01 2.999990e+01
      vertex   -3.300000e+01 -5.291935e+01 -3.834400e+00
      vertex   -3.300000e+01 -5.291935e+01 3.350000e+01
    endloop
  endfacet
  facet normal 0.000000e+00 1.000000e+00 -0.000000e+00
    outer loop
      vertex   -2.949990e+01 -5.291935e+01 2.999990e+01
      vertex   -3.300000e+01 -5.291935e+01 3.350000e+01
      vertex   -2.949990e+01 -5.291935e+01 3.350000e+01
    endloop
  endfacet
  facet normal -0.000000e+00 1.000000e+00 0.000000e+00
    outer loop
      vertex   -9.666000e+00 -5.291935e+01 3.350000e+01
      vertex   2.066820e+01 -5.291935e+01 3.350000e+01
      vertex   2.066820e+01 -5.291935e+01 2.999990e+01
    endloop
  endfacet
  facet normal 0.000000e+00 1.000000e+00 0.000000e+00
    outer loop
      vertex   -3.300000e+01 -5.291935e+01 -3.834400e+00
      vertex   2.066820e+01 -5.291935e+01 2.999990e+01
      vertex   4.400220e+01 -5.291935e+01 -3.834400e+00
    endloop
  endfacet
  facet normal 0.000000e+00 1.000000e+00 0.000000e+00
    outer loop
      vertex   4.400220e+01 -5.291935e+01 -3.834400e+00
      vertex   2.066820e+01 -5.291935e+01 2.999990e+01
      vertex   4.050210e+01 -5.291935e+01 2.999990e+01
    endloop
  endfacet
  facet normal 0.000000e+00 1.000000e+00 -0.000000e+00
    outer loop
      vertex   4.400220e+01 -5.291935e+01 -3.834400e+00
      vertex   4.050210e+01 -5.291935e+01 2.999990e+01
      vertex   4.400220e+01 -5.291935e+01 3.350000e+01
    endloop
  endfacet
  facet normal 0.000000e+00 1.000000e+00 0.000000e+00
    outer loop
      vertex   4.400220e+01 -5.291935e+01 3.350000e+01
      vertex   4.050210e+01 -5.291935e+01 2.999990e+01
      vertex   4.050210e+01 -5.291935e+01 3.350000e+01
    endloop
  endfacet
  facet normal 0.000000e+00 7.071068e-01 -7.071068e-01
    outer loop
      vertex   -9.666000e+00 -5.291935e+01 2.999990e+01
      vertex   -2.949990e+01 -5.291935e+01 2.999990e+01
      vertex   -1.141605e+01 -5.116930e+01 3.174995e+01
    endloop
  endfacet
  facet normal 0.000000e+00 7.071068e-01 -7.071068e-01
    outer loop
      vertex   -1.141605e+01 -5.116930e+01 3.174995e+01
      vertex   -2.949990e+01 -5.291935e+01 2.999990e+01
      vertex   -2.774985e+01 -5.116930e+01 3.174995e+01
    endloop
  endfacet
  facet normal 7.071068e-01 7.071068e-01 0.000000e+00
    outer loop
      vertex   -9.666000e+00 -5.291935e+01 3.350000e+01
      vertex   -9.666000e+00 -5.291935e+01 2.999990e+01
      vertex   -1.141605e+01 -5.116930e+01 3.174995e+01
    endloop
  endfacet
  facet normal -9.610175e-01 -2.764876e-01 -0.000000e+00
    outer loop
      vertex   -1.117589e+00 1.762283e+01 -3.834400e+00
      vertex   -1.117589e+00 1.762283e+01 -5.584450e+00
      vertex   -6.835768e-01 1.611429e+01 -3.834400e+00
    endloop
  endfacet
  facet normal -9.610175e-01 -2.764876e-01 -0.000000e+00
    outer loop
      vertex   -6.835768e-01 1.611429e+01 -3.834400e+00
      vertex   -1.117589e+00 1.762283e+01 -5.584450e+00
      vertex   -6.835768e-01 1.611429e+01 -5.584450e+00
    endloop
  endfacet
  facet normal -0.000000e+00 7.071068e-01 7.071068e-01
    outer loop
      vertex   -2.949990e+01 -5.291935e+01 3.350000e+01
      vertex   -9.666000e+00 -5.291935e+01 3.350000e+01
      vertex   -2.774985e+01 -5.116930e+01 3.174995e+01
    endloop
  endfacet
  facet normal -0.000000e+00 7.071068e-01 7.071068e-01
    outer loop
      vertex   -2.774985e+01 -5.116930e+01 3.174995e+01
      vertex   -9.666000e+00 -5.291935e+01 3.350000e+01
      vertex   -1.141605e+01 -5.116930e+01 3.174995e+01
    endloop
  endfacet
  facet normal -7.071068e-01 7.071068e-01 0.000000e+00
    outer loop
      vertex   -2.774985e+01 -5.116930e+01 3.174995e+01
      vertex   -2.949990e+01 -5.291935e+01 2.999990e+01
      vertex   -2.949990e+01 -5.291935e+01 3.350000e+01
    endloop
  endfacet
  facet normal -9.857845e-01 -1.680148e-01 0.000000e+00
    outer loop
      vertex   -4.199023e-01 1.456724e+01 -5.584450e+00
      vertex   -4.199023e-01 1.456724e+01 -3.834400e+00
      vertex   -6.835768e-01 1.611429e+01 -5.584450e+00
    endloop
  endfacet
  facet normal -9.857845e-01 -1.680148e-01 0.000000e+00
    outer loop
      vertex   -6.835768e-01 1.611429e+01 -5.584450e+00
      vertex   -4.199023e-01 1.456724e+01 -3.834400e+00
      vertex   -6.835768e-01 1.611429e+01 -3.834400e+00
    endloop
  endfacet
  facet normal -9.984466e-01 -5.571675e-02 0.000000e+00
    outer loop
      vertex   -3.324000e-01 1.299920e+01 -5.584450e+00
      vertex   -3.324000e-01 1.299920e+01 -3.834400e+00
      vertex   -4.199023e-01 1.456724e+01 -5.584450e+00
    endloop
  endfacet
  facet normal -9.984466e-01 -5.571675e-02 0.000000e+00
    outer loop
      vertex   -4.199023e-01 1.456724e+01 -5.584450e+00
      vertex   -3.324000e-01 1.299920e+01 -3.834400e+00
      vertex   -4.199023e-01 1.456724e+01 -3.834400e+00
    endloop
  endfacet
  facet normal -9.984466e-01 5.571675e-02 0.000000e+00
    outer loop
      vertex   -4.199023e-01 1.143116e+01 -5.584450e+00
      vertex   -4.199023e-01 1.143116e+01 -3.834400e+00
      vertex   -3.324000e-01 1.299920e+01 -5.584450e+00
    endloop
  endfacet
  facet normal -9.984466e-01 5.571675e-02 0.000000e+00
    outer loop
      vertex   -3.324000e-01 1.299920e+01 -5.584450e+00
      vertex   -4.199023e-01 1.143116e+01 -3.834400e+00
      vertex   -3.324000e-01 1.299920e+01 -3.834400e+00
    endloop
  endfacet
  facet normal 0.000000e+00 -7.071068e-01 -7.071068e-01
    outer loop
      vertex   -2.949990e+01 3.924995e+01 2.999990e+01
      vertex   -9.666000e+00 3.924995e+01 2.999990e+01
      vertex   -2.774985e+01 3.749990e+01 3.174995e+01
    endloop
  endfacet
  facet normal 0.000000e+00 -7.071068e-01 -7.071068e-01
    outer loop
      vertex   -2.774985e+01 3.749990e+01 3.174995e+01
      vertex   -9.666000e+00 3.924995e+01 2.999990e+01
      vertex   -1.141605e+01 3.749990e+01 3.174995e+01
    endloop
  endfacet
  facet normal 7.071068e-01 0.000000e+00 7.071068e-01
    outer loop
      vertex   -4.058355e+01 1.299920e+01 3.350000e+01
      vertex   -4.058355e+01 -2.666860e+01 3.350000e+01
      vertex   -3.883350e+01 1.124915e+01 3.174995e+01
    endloop
  endfacet
  facet normal 7.071068e-01 0.000000e+00 7.071068e-01
    outer loop
      vertex   -3.883350e+01 1.124915e+01 3.174995e+01
      vertex   -4.058355e+01 -2.666860e+01 3.350000e+01
      vertex   -3.883350e+01 -2.491855e+01 3.174995e+01
    endloop
  endfacet
  facet normal 7.071068e-01 -7.071068e-01 0.000000e+00
    outer loop
      vertex   -4.058355e+01 -2.666860e+01 2.999990e+01
      vertex   -3.883350e+01 -2.491855e+01 3.174995e+01
      vertex   -4.058355e+01 -2.666860e+01 3.350000e+01
    endloop
  endfacet
  facet normal 7.453971e-01 6.666207e-01 -0.000000e+00
    outer loop
      vertex   -2.527878e+01 -3.539785e+01 -5.584450e+00
      vertex   -2.527878e+01 -3.539785e+01 -3.834400e+00
      vertex   -2.423225e+01 -3.656805e+01 -5.584450e+00
    endloop
  endfacet
  facet normal 7.453971e-01 6.666207e-01 -0.000000e+00
    outer loop
      vertex   -2.423225e+01 -3.656805e+01 -5.584450e+00
      vertex   -2.527878e+01 -3.539785e+01 -3.834400e+00
      vertex   -2.423225e+01 -3.656805e+01 -3.834400e+00
    endloop
  endfacet
  facet normal -8.155863e-01 -5.786355e-01 0.000000e+00
    outer loop
      vertex   -2.477962e+00 2.044741e+01 -5.584450e+00
      vertex   -2.477962e+00 2.044741e+01 -3.834400e+00
      vertex   -3.386821e+00 2.172845e+01 -5.584450e+00
    endloop
  endfacet
  facet normal -8.155863e-01 -5.786355e-01 0.000000e+00
    outer loop
      vertex   -3.386821e+00 2.172845e+01 -5.584450e+00
      vertex   -2.477962e+00 2.044741e+01 -3.834400e+00
      vertex   -3.386821e+00 2.172845e+01 -3.834400e+00
    endloop
  endfacet
  facet normal 5.571746e-02 9.984466e-01 -0.000000e+00
    outer loop
      vertex   -1.590084e+01 -4.058150e+01 -5.584450e+00
      vertex   -1.590084e+01 -4.058150e+01 -3.834400e+00
      vertex   -1.433280e+01 -4.066900e+01 -5.584450e+00
    endloop
  endfacet
  facet normal 5.571746e-02 9.984466e-01 -0.000000e+00
    outer loop
      vertex   -1.433280e+01 -4.066900e+01 -5.584450e+00
      vertex   -1.590084e+01 -4.058150e+01 -3.834400e+00
      vertex   -1.433280e+01 -4.066900e+01 -3.834400e+00
    endloop
  endfacet
  facet normal -8.750675e-01 -4.840008e-01 0.000000e+00
    outer loop
      vertex   -1.718440e+00 1.907421e+01 -5.584450e+00
      vertex   -1.718440e+00 1.907421e+01 -3.834400e+00
      vertex   -2.477962e+00 2.044741e+01 -5.584450e+00
    endloop
  endfacet
  facet normal -8.750675e-01 -4.840008e-01 0.000000e+00
    outer loop
      vertex   -2.477962e+00 2.044741e+01 -5.584450e+00
      vertex   -1.718440e+00 1.907421e+01 -3.834400e+00
      vertex   -2.477962e+00 2.044741e+01 -3.834400e+00
    endloop
  endfacet
  facet normal -9.239535e-01 -3.825047e-01 0.000000e+00
    outer loop
      vertex   -1.117589e+00 1.762283e+01 -5.584450e+00
      vertex   -1.117589e+00 1.762283e+01 -3.834400e+00
      vertex   -1.718440e+00 1.907421e+01 -5.584450e+00
    endloop
  endfacet
  facet normal -9.239535e-01 -3.825047e-01 0.000000e+00
    outer loop
      vertex   -1.718440e+00 1.907421e+01 -5.584450e+00
      vertex   -1.117589e+00 1.762283e+01 -3.834400e+00
      vertex   -1.718440e+00 1.907421e+01 -3.834400e+00
    endloop
  endfacet
  facet normal 1.680144e-01 9.857845e-01 -0.000000e+00
    outer loop
      vertex   -1.744789e+01 -4.031782e+01 -5.584450e+00
      vertex   -1.744789e+01 -4.031782e+01 -3.834400e+00
      vertex   -1.590084e+01 -4.058150e+01 -5.584450e+00
    endloop
  endfacet
  facet normal 1.680144e-01 9.857845e-01 -0.000000e+00
    outer loop
      vertex   -1.590084e+01 -4.058150e+01 -5.584450e+00
      vertex   -1.744789e+01 -4.031782e+01 -3.834400e+00
      vertex   -1.590084e+01 -4.058150e+01 -3.834400e+00
    endloop
  endfacet
  facet normal 0.000000e+00 0.000000e+00 -1.000000e+00
    outer loop
      vertex   3.406425e+01 2.394518e+01 -5.584450e+00
      vertex   4.400220e+01 4.100000e+01 -5.584450e+00
      vertex   3.523445e+01 2.289865e+01 -5.584450e+00
    endloop
  endfacet
  facet normal 0.000000e+00 0.000000e+00 -1.000000e+00
    outer loop
      vertex   3.523445e+01 2.289865e+01 -5.584450e+00
      vertex   4.400220e+01 4.100000e+01 -5.584450e+00
      vertex   5.333580e+01 3.166640e+01 -5.584450e+00
    endloop
  endfacet
  facet normal 0.000000e+00 0.000000e+00 -1.000000e+00
    outer loop
      vertex   3.523445e+01 2.289865e+01 -5.584450e+00
      vertex   5.333580e+01 3.166640e+01 -5.584450e+00
      vertex   3.628098e+01 2.172845e+01 -5.584450e+00
    endloop
  endfacet
  facet normal 0.000000e+00 0.000000e+00 -1.000000e+00
    outer loop
      vertex   3.628098e+01 2.172845e+01 -5.584450e+00
      vertex   5.333580e+01 3.166640e+01 -5.584450e+00
      vertex   3.718984e+01 2.044741e+01 -5.584450e+00
    endloop
  endfacet
  facet normal 0.000000e+00 0.000000e+00 -1.000000e+00
    outer loop
      vertex   3.718984e+01 2.044741e+01 -5.584450e+00
      vertex   5.333580e+01 3.166640e+01 -5.584450e+00
      vertex   3.794936e+01 1.907421e+01 -5.584450e+00
    endloop
  endfacet
  facet normal 0.000000e+00 0.000000e+00 -1.000000e+00
    outer loop
      vertex   3.794936e+01 1.907421e+01 -5.584450e+00
      vertex   5.333580e+01 3.166640e+01 -5.584450e+00
      vertex   3.855021e+01 1.762283e+01 -5.584450e+00
    endloop
  endfacet
  facet normal 0.000000e+00 0.000000e+00 -1.000000e+00
    outer loop
      vertex   3.855021e+01 1.762283e+01 -5.584450e+00
      vertex   5.333580e+01 3.166640e+01 -5.584450e+00
      vertex   3.898422e+01 1.611429e+01 -5.584450e+00
    endloop
  endfacet
  facet normal 0.000000e+00 0.000000e+00 -1.000000e+00
    outer loop
      vertex   3.898422e+01 1.611429e+01 -5.584450e+00
      vertex   5.333580e+01 3.166640e+01 -5.584450e+00
      vertex   3.924790e+01 1.456724e+01 -5.584450e+00
    endloop
  endfacet
  facet normal 0.000000e+00 0.000000e+00 -1.000000e+00
    outer loop
      vertex   3.924790e+01 1.456724e+01 -5.584450e+00
      vertex   5.333580e+01 3.166640e+01 -5.584450e+00
      vertex   3.933540e+01 1.299920e+01 -5.584450e+00
    endloop
  endfacet
  facet normal 0.000000e+00 -0.000000e+00 -1.000000e+00
    outer loop
      vertex   3.933540e+01 1.299920e+01 -5.584450e+00
      vertex   5.333580e+01 3.166640e+01 -5.584450e+00
      vertex   3.924790e+01 1.143116e+01 -5.584450e+00
    endloop
  endfacet
  facet normal 0.000000e+00 -0.000000e+00 -1.000000e+00
    outer loop
      vertex   3.924790e+01 1.143116e+01 -5.584450e+00
      vertex   5.333580e+01 3.166640e+01 -5.584450e+00
      vertex   3.898422e+01 9.884111e+00 -5.584450e+00
    endloop
  endfacet
  facet normal 0.000000e+00 -0.000000e+00 -1.000000e+00
    outer loop
      vertex   3.898422e+01 9.884111e+00 -5.584450e+00
      vertex   5.333580e+01 3.166640e+01 -5.584450e+00
      vertex   3.855021e+01 8.375568e+00 -5.584450e+00
    endloop
  endfacet
  facet normal 0.000000e+00 0.000000e+00 -1.000000e+00
    outer loop
      vertex   3.855021e+01 8.375568e+00 -5.584450e+00
      vertex   5.333580e+01 3.166640e+01 -5.584450e+00
      vertex   5.333580e+01 -4.533580e+01 -5.584450e+00
    endloop
  endfacet
  facet normal 0.000000e+00 0.000000e+00 -1.000000e+00
    outer loop
      vertex   3.855021e+01 8.375568e+00 -5.584450e+00
      vertex   5.333580e+01 -4.533580e+01 -5.584450e+00
      vertex   3.855021e+01 -2.204497e+01 -5.584450e+00
    endloop
  endfacet
  facet normal 0.000000e+00 0.000000e+00 -1.000000e+00
    outer loop
      vertex   3.855021e+01 -2.204497e+01 -5.584450e+00
      vertex   5.333580e+01 -4.533580e+01 -5.584450e+00
      vertex   3.898422e+01 -2.355351e+01 -5.584450e+00
    endloop
  endfacet
  facet normal 0.000000e+00 0.000000e+00 -1.000000e+00
    outer loop
      vertex   3.898422e+01 -2.355351e+01 -5.584450e+00
      vertex   5.333580e+01 -4.533580e+01 -5.584450e+00
      vertex   3.924790e+01 -2.510056e+01 -5.584450e+00
    endloop
  endfacet
  facet normal 0.000000e+00 0.000000e+00 -1.000000e+00
    outer loop
      vertex   3.924790e+01 -2.510056e+01 -5.584450e+00
      vertex   5.333580e+01 -4.533580e+01 -5.584450e+00
      vertex   3.933540e+01 -2.666860e+01 -5.584450e+00
    endloop
  endfacet
  facet normal 0.000000e+00 -0.000000e+00 -1.000000e+00
    outer loop
      vertex   3.933540e+01 -2.666860e+01 -5.584450e+00
      vertex   5.333580e+01 -4.533580e+01 -5.584450e+00
      vertex   3.924790e+01 -2.823664e+01 -5.584450e+00
    endloop
  endfacet
  facet normal 0.000000e+00 -0.000000e+00 -1.000000e+00
    outer loop
      vertex   3.924790e+01 -2.823664e+01 -5.584450e+00
      vertex   5.333580e+01 -4.533580e+01 -5.584450e+00
      vertex   3.898422e+01 -2.978369e+01 -5.584450e+00
    endloop
  endfacet
  facet normal 0.000000e+00 -0.000000e+00 -1.000000e+00
    outer loop
      vertex   3.898422e+01 -2.978369e+01 -5.584450e+00
      vertex   5.333580e+01 -4.533580e+01 -5.584450e+00
      vertex   3.855021e+01 -3.129223e+01 -5.584450e+00
    endloop
  endfacet
  facet normal 0.000000e+00 -0.000000e+00 -1.000000e+00
    outer loop
      vertex   3.855021e+01 -3.129223e+01 -5.584450e+00
      vertex   5.333580e+01 -4.533580e+01 -5.584450e+00
      vertex   3.794936e+01 -3.274361e+01 -5.584450e+00
    endloop
  endfacet
  facet normal 0.000000e+00 -0.000000e+00 -1.000000e+00
    outer loop
      vertex   3.794936e+01 -3.274361e+01 -5.584450e+00
      vertex   5.333580e+01 -4.533580e+01 -5.584450e+00
      vertex   3.718984e+01 -3.411681e+01 -5.584450e+00
    endloop
  endfacet
  facet normal 0.000000e+00 -0.000000e+00 -1.000000e+00
    outer loop
      vertex   3.718984e+01 -3.411681e+01 -5.584450e+00
      vertex   5.333580e+01 -4.533580e+01 -5.584450e+00
      vertex   3.628098e+01 -3.539785e+01 -5.584450e+00
    endloop
  endfacet
  facet normal 0.000000e+00 -0.000000e+00 -1.000000e+00
    outer loop
      vertex   3.628098e+01 -3.539785e+01 -5.584450e+00
      vertex   5.333580e+01 -4.533580e+01 -5.584450e+00
      vertex   3.523445e+01 -3.656805e+01 -5.584450e+00
    endloop
  endfacet
  facet normal 0.000000e+00 0.000000e+00 -1.000000e+00
    outer loop
      vertex   3.523445e+01 -3.656805e+01 -5.584450e+00
      vertex   5.333580e+01 -4.533580e+01 -5.584450e+00
      vertex   4.400220e+01 -5.466940e+01 -5.584450e+00
    endloop
  endfacet
  facet normal 0.000000e+00 -0.000000e+00 -1.000000e+00
    outer loop
      vertex   3.523445e+01 -3.656805e+01 -5.584450e+00
      vertex   4.400220e+01 -5.466940e+01 -5.584450e+00
      vertex   3.406425e+01 -3.761458e+01 -5.584450e+00
    endloop
  endfacet
  facet normal 0.000000e+00 -0.000000e+00 -1.000000e+00
    outer loop
      vertex   3.406425e+01 -3.761458e+01 -5.584450e+00
      vertex   4.400220e+01 -5.466940e+01 -5.584450e+00
      vertex   3.278321e+01 -3.852344e+01 -5.584450e+00
    endloop
  endfacet
  facet normal 0.000000e+00 -0.000000e+00 -1.000000e+00
    outer loop
      vertex   3.278321e+01 -3.852344e+01 -5.584450e+00
      vertex   4.400220e+01 -5.466940e+01 -5.584450e+00
      vertex   3.141001e+01 -3.928296e+01 -5.584450e+00
    endloop
  endfacet
  facet normal 0.000000e+00 -0.000000e+00 -1.000000e+00
    outer loop
      vertex   3.141001e+01 -3.928296e+01 -5.584450e+00
      vertex   4.400220e+01 -5.466940e+01 -5.584450e+00
      vertex   2.995863e+01 -3.988381e+01 -5.584450e+00
    endloop
  endfacet
  facet normal 0.000000e+00 -0.000000e+00 -1.000000e+00
    outer loop
      vertex   2.995863e+01 -3.988381e+01 -5.584450e+00
      vertex   4.400220e+01 -5.466940e+01 -5.584450e+00
      vertex   2.845009e+01 -4.031782e+01 -5.584450e+00
    endloop
  endfacet
  facet normal 0.000000e+00 -0.000000e+00 -1.000000e+00
    outer loop
      vertex   2.845009e+01 -4.031782e+01 -5.584450e+00
      vertex   4.400220e+01 -5.466940e+01 -5.584450e+00
      vertex   2.690304e+01 -4.058150e+01 -5.584450e+00
    endloop
  endfacet
  facet normal 0.000000e+00 -0.000000e+00 -1.000000e+00
    outer loop
      vertex   2.690304e+01 -4.058150e+01 -5.584450e+00
      vertex   4.400220e+01 -5.466940e+01 -5.584450e+00
      vertex   2.533500e+01 -4.066900e+01 -5.584450e+00
    endloop
  endfacet
  facet normal -0.000000e+00 -0.000000e+00 -1.000000e+00
    outer loop
      vertex   2.533500e+01 -4.066900e+01 -5.584450e+00
      vertex   4.400220e+01 -5.466940e+01 -5.584450e+00
      vertex   2.376696e+01 -4.058150e+01 -5.584450e+00
    endloop
  endfacet
  facet normal -0.000000e+00 -0.000000e+00 -1.000000e+00
    outer loop
      vertex   2.376696e+01 -4.058150e+01 -5.584450e+00
      vertex   4.400220e+01 -5.466940e+01 -5.584450e+00
      vertex   2.221991e+01 -4.031782e+01 -5.584450e+00
    endloop
  endfacet
  facet normal -0.000000e+00 -0.000000e+00 -1.000000e+00
    outer loop
      vertex   2.221991e+01 -4.031782e+01 -5.584450e+00
      vertex   4.400220e+01 -5.466940e+01 -5.584450e+00
      vertex   2.071137e+01 -3.988381e+01 -5.584450e+00
    endloop
  endfacet
  facet normal 0.000000e+00 -0.000000e+00 -1.000000e+00
    outer loop
      vertex   2.071137e+01 -3.988381e+01 -5.584450e+00
      vertex   4.400220e+01 -5.466940e+01 -5.584450e+00
      vertex   -3.300000e+01 -5.466940e+01 -5.584450e+00
    endloop
  endfacet
  facet normal -0.000000e+00 0.000000e+00 -1.000000e+00
    outer loop
      vertex   2.071137e+01 -3.988381e+01 -5.584450e+00
      vertex   -3.300000e+01 -5.466940e+01 -5.584450e+00
      vertex   -9.709168e+00 -3.988381e+01 -5.584450e+00
    endloop
  endfacet
  facet normal 0.000000e+00 0.000000e+00 -1.000000e+00
    outer loop
      vertex   -9.709168e+00 -3.988381e+01 -5.584450e+00
      vertex   -3.300000e+01 -5.466940e+01 -5.584450e+00
      vertex   -1.121771e+01 -4.031782e+01 -5.584450e+00
    endloop
  endfacet
  facet normal 0.000000e+00 0.000000e+00 -1.000000e+00
    outer loop
      vertex   -1.121771e+01 -4.031782e+01 -5.584450e+00
      vertex   -3.300000e+01 -5.466940e+01 -5.584450e+00
      vertex   -1.276476e+01 -4.058150e+01 -5.584450e+00
    endloop
  endfacet
  facet normal 0.000000e+00 0.000000e+00 -1.000000e+00
    outer loop
      vertex   -1.276476e+01 -4.058150e+01 -5.584450e+00
      vertex   -3.300000e+01 -5.466940e+01 -5.584450e+00
      vertex   -1.433280e+01 -4.066900e+01 -5.584450e+00
    endloop
  endfacet
  facet normal -0.000000e+00 0.000000e+00 -1.000000e+00
    outer loop
      vertex   -1.433280e+01 -4.066900e+01 -5.584450e+00
      vertex   -3.300000e+01 -5.466940e+01 -5.584450e+00
      vertex   -1.590084e+01 -4.058150e+01 -5.584450e+00
    endloop
  endfacet
  facet normal -0.000000e+00 0.000000e+00 -1.000000e+00
    outer loop
      vertex   -1.590084e+01 -4.058150e+01 -5.584450e+00
      vertex   -3.300000e+01 -5.466940e+01 -5.584450e+00
      vertex   -1.744789e+01 -4.031782e+01 -5.584450e+00
    endloop
  endfacet
  facet normal -0.000000e+00 0.000000e+00 -1.000000e+00
    outer loop
      vertex   -1.744789e+01 -4.031782e+01 -5.584450e+00
      vertex   -3.300000e+01 -5.466940e+01 -5.584450e+00
      vertex   -1.895643e+01 -3.988381e+01 -5.584450e+00
    endloop
  endfacet
  facet normal -0.000000e+00 0.000000e+00 -1.000000e+00
    outer loop
      vertex   -1.895643e+01 -3.988381e+01 -5.584450e+00
      vertex   -3.300000e+01 -5.466940e+01 -5.584450e+00
      vertex   -2.040781e+01 -3.928296e+01 -5.584450e+00
    endloop
  endfacet
  facet normal -0.000000e+00 0.000000e+00 -1.000000e+00
    outer loop
      vertex   -2.040781e+01 -3.928296e+01 -5.584450e+00
      vertex   -3.300000e+01 -5.466940e+01 -5.584450e+00
      vertex   -2.178101e+01 -3.852344e+01 -5.584450e+00
    endloop
  endfacet
  facet normal -0.000000e+00 0.000000e+00 -1.000000e+00
    outer loop
      vertex   -2.178101e+01 -3.852344e+01 -5.584450e+00
      vertex   -3.300000e+01 -5.466940e+01 -5.584450e+00
      vertex   -2.306205e+01 -3.761458e+01 -5.584450e+00
    endloop
  endfacet
  facet normal -0.000000e+00 0.000000e+00 -1.000000e+00
    outer loop
      vertex   -2.306205e+01 -3.761458e+01 -5.584450e+00
      vertex   -3.300000e+01 -5.466940e+01 -5.584450e+00
      vertex   -2.423225e+01 -3.656805e+01 -5.584450e+00
    endloop
  endfacet
  facet normal 0.000000e+00 0.000000e+00 -1.000000e+00
    outer loop
      vertex   -2.423225e+01 -3.656805e+01 -5.584450e+00
      vertex   -3.300000e+01 -5.466940e+01 -5.584450e+00
      vertex   -3.421803e+01 -5.459006e+01 -5.584450e+00
    endloop
  endfacet
  facet normal 0.000000e+00 0.000000e+00 -1.000000e+00
    outer loop
      vertex   -2.423225e+01 -3.656805e+01 -5.584450e+00
      vertex   -3.421803e+01 -5.459006e+01 -5.584450e+00
      vertex   -3.541623e+01 -5.435089e+01 -5.584450e+00
    endloop
  endfacet
  facet normal 0.000000e+00 0.000000e+00 -1.000000e+00
    outer loop
      vertex   3.406425e+01 2.394518e+01 -5.584450e+00
      vertex   3.278321e+01 2.485404e+01 -5.584450e+00
      vertex   4.400220e+01 4.100000e+01 -5.584450e+00
    endloop
  endfacet
  facet normal 0.000000e+00 0.000000e+00 -1.000000e+00
    outer loop
      vertex   4.400220e+01 4.100000e+01 -5.584450e+00
      vertex   3.278321e+01 2.485404e+01 -5.584450e+00
      vertex   3.141001e+01 2.561356e+01 -5.584450e+00
    endloop
  endfacet
  facet normal 0.000000e+00 0.000000e+00 -1.000000e+00
    outer loop
      vertex   4.400220e+01 4.100000e+01 -5.584450e+00
      vertex   3.141001e+01 2.561356e+01 -5.584450e+00
      vertex   2.995863e+01 2.621441e+01 -5.584450e+00
    endloop
  endfacet
  facet normal 0.000000e+00 0.000000e+00 -1.000000e+00
    outer loop
      vertex   2.995863e+01 2.621441e+01 -5.584450e+00
      vertex   2.845009e+01 2.664842e+01 -5.584450e+00
      vertex   4.400220e+01 4.100000e+01 -5.584450e+00
    endloop
  endfacet
  facet normal 0.000000e+00 0.000000e+00 -1.000000e+00
    outer loop
      vertex   4.400220e+01 4.100000e+01 -5.584450e+00
      vertex   2.845009e+01 2.664842e+01 -5.584450e+00
      vertex   2.690304e+01 2.691210e+01 -5.584450e+00
    endloop
  endfacet
  facet normal 0.000000e+00 0.000000e+00 -1.000000e+00
    outer loop
      vertex   4.400220e+01 4.100000e+01 -5.584450e+00
      vertex   2.690304e+01 2.691210e+01 -5.584450e+00
      vertex   2.533500e+01 2.699960e+01 -5.584450e+00
    endloop
  endfacet
  facet normal -0.000000e+00 0.000000e+00 -1.000000e+00
    outer loop
      vertex   2.533500e+01 2.699960e+01 -5.584450e+00
      vertex   2.376696e+01 2.691210e+01 -5.584450e+00
      vertex   4.400220e+01 4.100000e+01 -5.584450e+00
    endloop
  endfacet
  facet normal 0.000000e+00 0.000000e+00 -1.000000e+00
    outer loop
      vertex   4.400220e+01 4.100000e+01 -5.584450e+00
      vertex   2.376696e+01 2.691210e+01 -5.584450e+00
      vertex   2.221991e+01 2.664842e+01 -5.584450e+00
    endloop
  endfacet
  facet normal 0.000000e+00 0.000000e+00 -1.000000e+00
    outer loop
      vertex   4.400220e+01 4.100000e+01 -5.584450e+00
      vertex   2.221991e+01 2.664842e+01 -5.584450e+00
      vertex   2.071137e+01 2.621441e+01 -5.584450e+00
    endloop
  endfacet
  facet normal 0.000000e+00 0.000000e+00 -1.000000e+00
    outer loop
      vertex   1.925999e+01 2.561356e+01 -5.584450e+00
      vertex   -8.257793e+00 2.561356e+01 -5.584450e+00
      vertex   2.071137e+01 2.621441e+01 -5.584450e+00
    endloop
  endfacet
  facet normal -0.000000e+00 0.000000e+00 -1.000000e+00
    outer loop
      vertex   2.071137e+01 2.621441e+01 -5.584450e+00
      vertex   -8.257793e+00 2.561356e+01 -5.584450e+00
      vertex   -9.709168e+00 2.621441e+01 -5.584450e+00
    endloop
  endfacet
  facet normal 0.000000e+00 0.000000e+00 -1.000000e+00
    outer loop
      vertex   2.071137e+01 2.621441e+01 -5.584450e+00
      vertex   -9.709168e+00 2.621441e+01 -5.584450e+00
      vertex   4.400220e+01 4.100000e+01 -5.584450e+00
    endloop
  endfacet
  facet normal -0.000000e+00 0.000000e+00 -1.000000e+00
    outer loop
      vertex   4.400220e+01 4.100000e+01 -5.584450e+00
      vertex   -9.709168e+00 2.621441e+01 -5.584450e+00
      vertex   -3.300000e+01 4.100000e+01 -5.584450e+00
    endloop
  endfacet
  facet normal 0.000000e+00 0.000000e+00 -1.000000e+00
    outer loop
      vertex   -3.300000e+01 4.100000e+01 -5.584450e+00
      vertex   -9.709168e+00 2.621441e+01 -5.584450e+00
      vertex   -1.121771e+01 2.664842e+01 -5.584450e+00
    endloop
  endfacet
  facet normal 0.000000e+00 0.000000e+00 -1.000000e+00
    outer loop
      vertex   -3.300000e+01 4.100000e+01 -5.584450e+00
      vertex   -1.121771e+01 2.664842e+01 -5.584450e+00
      vertex   -1.276476e+01 2.691210e+01 -5.584450e+00
    endloop
  endfacet
  facet normal 0.000000e+00 0.000000e+00 -1.000000e+00
    outer loop
      vertex   -8.257793e+00 2.561356e+01 -5.584450e+00
      vertex   1.925999e+01 2.561356e+01 -5.584450e+00
      vertex   -6.884587e+00 2.485404e+01 -5.584450e+00
    endloop
  endfacet
  facet normal 0.000000e+00 0.000000e+00 -1.000000e+00
    outer loop
      vertex   -6.884587e+00 2.485404e+01 -5.584450e+00
      vertex   1.925999e+01 2.561356e+01 -5.584450e+00
      vertex   1.788679e+01 2.485404e+01 -5.584450e+00
    endloop
  endfacet
  facet normal 0.000000e+00 0.000000e+00 -1.000000e+00
    outer loop
      vertex   -6.884587e+00 2.485404e+01 -5.584450e+00
      vertex   1.788679e+01 2.485404e+01 -5.584450e+00
      vertex   -5.603550e+00 2.394518e+01 -5.584450e+00
    endloop
  endfacet
  facet normal 0.000000e+00 0.000000e+00 -1.000000e+00
    outer loop
      vertex   -5.603550e+00 2.394518e+01 -5.584450e+00
      vertex   1.788679e+01 2.485404e+01 -5.584450e+00
      vertex   1.660575e+01 2.394518e+01 -5.584450e+00
    endloop
  endfacet
  facet normal 0.000000e+00 0.000000e+00 -1.000000e+00
    outer loop
      vertex   -5.603550e+00 2.394518e+01 -5.584450e+00
      vertex   1.660575e+01 2.394518e+01 -5.584450e+00
      vertex   -4.433351e+00 2.289865e+01 -5.584450e+00
    endloop
  endfacet
  facet normal 0.000000e+00 0.000000e+00 -1.000000e+00
    outer loop
      vertex   -4.433351e+00 2.289865e+01 -5.584450e+00
      vertex   1.660575e+01 2.394518e+01 -5.584450e+00
      vertex   1.543555e+01 2.289865e+01 -5.584450e+00
    endloop
  endfacet
  facet normal 0.000000e+00 0.000000e+00 -1.000000e+00
    outer loop
      vertex   -4.433351e+00 2.289865e+01 -5.584450e+00
      vertex   1.543555e+01 2.289865e+01 -5.584450e+00
      vertex   -3.386821e+00 2.172845e+01 -5.584450e+00
    endloop
  endfacet
  facet normal 0.000000e+00 0.000000e+00 -1.000000e+00
    outer loop
      vertex   -3.386821e+00 2.172845e+01 -5.584450e+00
      vertex   1.543555e+01 2.289865e+01 -5.584450e+00
      vertex   1.438902e+01 2.172845e+01 -5.584450e+00
    endloop
  endfacet
  facet normal 0.000000e+00 0.000000e+00 -1.000000e+00
    outer loop
      vertex   -3.386821e+00 2.172845e+01 -5.584450e+00
      vertex   1.438902e+01 2.172845e+01 -5.584450e+00
      vertex   -2.477962e+00 2.044741e+01 -5.584450e+00
    endloop
  endfacet
  facet normal 0.000000e+00 0.000000e+00 -1.000000e+00
    outer loop
      vertex   -2.477962e+00 2.044741e+01 -5.584450e+00
      vertex   1.438902e+01 2.172845e+01 -5.584450e+00
      vertex   1.348016e+01 2.044741e+01 -5.584450e+00
    endloop
  endfacet
  facet normal 0.000000e+00 0.000000e+00 -1.000000e+00
    outer loop
      vertex   -2.477962e+00 2.044741e+01 -5.584450e+00
      vertex   1.348016e+01 2.044741e+01 -5.584450e+00
      vertex   -1.718440e+00 1.907421e+01 -5.584450e+00
    endloop
  endfacet
  facet normal 0.000000e+00 0.000000e+00 -1.000000e+00
    outer loop
      vertex   -1.718440e+00 1.907421e+01 -5.584450e+00
      vertex   1.348016e+01 2.044741e+01 -5.584450e+00
      vertex   1.272064e+01 1.907421e+01 -5.584450e+00
    endloop
  endfacet
  facet normal 0.000000e+00 0.000000e+00 -1.000000e+00
    outer loop
      vertex   -1.718440e+00 1.907421e+01 -5.584450e+00
      vertex   1.272064e+01 1.907421e+01 -5.584450e+00
      vertex   -1.117589e+00 1.762283e+01 -5.584450e+00
    endloop
  endfacet
  facet normal 0.000000e+00 0.000000e+00 -1.000000e+00
    outer loop
      vertex   -1.117589e+00 1.762283e+01 -5.584450e+00
      vertex   1.272064e+01 1.907421e+01 -5.584450e+00
      vertex   1.211979e+01 1.762283e+01 -5.584450e+00
    endloop
  endfacet
  facet normal 0.000000e+00 0.000000e+00 -1.000000e+00
    outer loop
      vertex   -1.117589e+00 1.762283e+01 -5.584450e+00
      vertex   1.211979e+01 1.762283e+01 -5.584450e+00
      vertex   -6.835768e-01 1.611429e+01 -5.584450e+00
    endloop
  endfacet
  facet normal 0.000000e+00 0.000000e+00 -1.000000e+00
    outer loop
      vertex   -6.835768e-01 1.611429e+01 -5.584450e+00
      vertex   1.211979e+01 1.762283e+01 -5.584450e+00
      vertex   1.168578e+01 1.611429e+01 -5.584450e+00
    endloop
  endfacet
  facet normal 0.000000e+00 0.000000e+00 -1.000000e+00
    outer loop
      vertex   -6.835768e-01 1.611429e+01 -5.584450e+00
      vertex   1.168578e+01 1.611429e+01 -5.584450e+00
      vertex   -4.199023e-01 1.456724e+01 -5.584450e+00
    endloop
  endfacet
  facet normal 0.000000e+00 0.000000e+00 -1.000000e+00
    outer loop
      vertex   -4.199023e-01 1.456724e+01 -5.584450e+00
      vertex   1.168578e+01 1.611429e+01 -5.584450e+00
      vertex   1.142210e+01 1.456724e+01 -5.584450e+00
    endloop
  endfacet
  facet normal 0.000000e+00 0.000000e+00 -1.000000e+00
    outer loop
      vertex   -4.199023e-01 1.456724e+01 -5.584450e+00
      vertex   1.142210e+01 1.456724e+01 -5.584450e+00
      vertex   -3.324000e-01 1.299920e+01 -5.584450e+00
    endloop
  endfacet
  facet normal 0.000000e+00 0.000000e+00 -1.000000e+00
    outer loop
      vertex   -3.324000e-01 1.299920e+01 -5.584450e+00
      vertex   1.142210e+01 1.456724e+01 -5.584450e+00
      vertex   1.133460e+01 1.299920e+01 -5.584450e+00
    endloop
  endfacet
  facet normal 0.000000e+00 -0.000000e+00 -1.000000e+00
    outer loop
      vertex   -3.324000e-01 1.299920e+01 -5.584450e+00
      vertex   1.133460e+01 1.299920e+01 -5.584450e+00
      vertex   -4.199023e-01 1.143116e+01 -5.584450e+00
    endloop
  endfacet
  facet normal 0.000000e+00 0.000000e+00 -1.000000e+00
    outer loop
      vertex   -4.199023e-01 1.143116e+01 -5.584450e+00
      vertex   1.133460e+01 1.299920e+01 -5.584450e+00
      vertex   1.142210e+01 1.143116e+01 -5.584450e+00
    endloop
  endfacet
  facet normal 0.000000e+00 -0.000000e+00 -1.000000e+00
    outer loop
      vertex   -4.199023e-01 1.143116e+01 -5.584450e+00
      vertex   1.142210e+01 1.143116e+01 -5.584450e+00
      vertex   -6.835768e-01 9.884111e+00 -5.584450e+00
    endloop
  endfacet
  facet normal 0.000000e+00 0.000000e+00 -1.000000e+00
    outer loop
      vertex   -6.835768e-01 9.884111e+00 -5.584450e+00
      vertex   1.142210e+01 1.143116e+01 -5.584450e+00
      vertex   1.168578e+01 9.884111e+00 -5.584450e+00
    endloop
  endfacet
  facet normal 0.000000e+00 -0.000000e+00 -1.000000e+00
    outer loop
      vertex   -6.835768e-01 9.884111e+00 -5.584450e+00
      vertex   1.168578e+01 9.884111e+00 -5.584450e+00
      vertex   -1.117589e+00 8.375568e+00 -5.584450e+00
    endloop
  endfacet
  facet normal 0.000000e+00 0.000000e+00 -1.000000e+00
    outer loop
      vertex   -1.117589e+00 8.375568e+00 -5.584450e+00
      vertex   1.168578e+01 9.884111e+00 -5.584450e+00
      vertex   1.211979e+01 8.375568e+00 -5.584450e+00
    endloop
  endfacet
  facet normal 0.000000e+00 -0.000000e+00 -1.000000e+00
    outer loop
      vertex   -1.117589e+00 8.375568e+00 -5.584450e+00
      vertex   1.211979e+01 8.375568e+00 -5.584450e+00
      vertex   -1.718440e+00 6.924193e+00 -5.584450e+00
    endloop
  endfacet
  facet normal 0.000000e+00 0.000000e+00 -1.000000e+00
    outer loop
      vertex   -1.718440e+00 6.924193e+00 -5.584450e+00
      vertex   1.211979e+01 8.375568e+00 -5.584450e+00
      vertex   1.272064e+01 6.924193e+00 -5.584450e+00
    endloop
  endfacet
  facet normal 0.000000e+00 -0.000000e+00 -1.000000e+00
    outer loop
      vertex   -1.718440e+00 6.924193e+00 -5.584450e+00
      vertex   1.272064e+01 6.924193e+00 -5.584450e+00
      vertex   -2.477962e+00 5.550987e+00 -5.584450e+00
    endloop
  endfacet
  facet normal 0.000000e+00 0.000000e+00 -1.000000e+00
    outer loop
      vertex   -2.477962e+00 5.550987e+00 -5.584450e+00
      vertex   1.272064e+01 6.924193e+00 -5.584450e+00
      vertex   1.348016e+01 5.550987e+00 -5.584450e+00
    endloop
  endfacet
  facet normal 0.000000e+00 -0.000000e+00 -1.000000e+00
    outer loop
      vertex   -2.477962e+00 5.550987e+00 -5.584450e+00
      vertex   1.348016e+01 5.550987e+00 -5.584450e+00
      vertex   -3.386821e+00 4.269950e+00 -5.584450e+00
    endloop
  endfacet
  facet normal 0.000000e+00 0.000000e+00 -1.000000e+00
    outer loop
      vertex   -3.386821e+00 4.269950e+00 -5.584450e+00
      vertex   1.348016e+01 5.550987e+00 -5.584450e+00
      vertex   1.438902e+01 4.269950e+00 -5.584450e+00
    endloop
  endfacet
  facet normal 0.000000e+00 -0.000000e+00 -1.000000e+00
    outer loop
      vertex   -3.386821e+00 4.269950e+00 -5.584450e+00
      vertex   1.438902e+01 4.269950e+00 -5.584450e+00
      vertex   -4.433351e+00 3.099751e+00 -5.584450e+00
    endloop
  endfacet
  facet normal 0.000000e+00 0.000000e+00 -1.000000e+00
    outer loop
      vertex   -4.433351e+00 3.099751e+00 -5.584450e+00
      vertex   1.438902e+01 4.269950e+00 -5.584450e+00
      vertex   1.543555e+01 3.099751e+00 -5.584450e+00
    endloop
  endfacet
  facet normal 0.000000e+00 0.000000e+00 -1.000000e+00
    outer loop
      vertex   -4.433351e+00 3.099751e+00 -5.584450e+00
      vertex   1.543555e+01 3.099751e+00 -5.584450e+00
      vertex   -4.433351e+00 -1.676915e+01 -5.584450e+00
    endloop
  endfacet
  facet normal 0.000000e+00 0.000000e+00 -1.000000e+00
    outer loop
      vertex   -4.433351e+00 -1.676915e+01 -5.584450e+00
      vertex   1.543555e+01 3.099751e+00 -5.584450e+00
      vertex   1.543555e+01 -1.676915e+01 -5.584450e+00
    endloop
  endfacet
  facet normal 0.000000e+00 0.000000e+00 -1.000000e+00
    outer loop
      vertex   -4.433351e+00 -1.676915e+01 -5.584450e+00
      vertex   1.543555e+01 -1.676915e+01 -5.584450e+00
      vertex   -3.386821e+00 -1.793935e+01 -5.584450e+00
    endloop
  endfacet
  facet normal 0.000000e+00 0.000000e+00 -1.000000e+00
    outer loop
      vertex   -3.386821e+00 -1.793935e+01 -5.584450e+00
      vertex   1.543555e+01 -1.676915e+01 -5.584450e+00
      vertex   1.438902e+01 -1.793935e+01 -5.584450e+00
    endloop
  endfacet
  facet normal 0.000000e+00 0.000000e+00 -1.000000e+00
    outer loop
      vertex   -3.386821e+00 -1.793935e+01 -5.584450e+00
      vertex   1.438902e+01 -1.793935e+01 -5.584450e+00
      vertex   -2.477962e+00 -1.922039e+01 -5.584450e+00
    endloop
  endfacet
  facet normal 0.000000e+00 0.000000e+00 -1.000000e+00
    outer loop
      vertex   -2.477962e+00 -1.922039e+01 -5.584450e+00
      vertex   1.438902e+01 -1.793935e+01 -5.584450e+00
      vertex   1.348016e+01 -1.922039e+01 -5.584450e+00
    endloop
  endfacet
  facet normal 0.000000e+00 0.000000e+00 -1.000000e+00
    outer loop
      vertex   -2.477962e+00 -1.922039e+01 -5.584450e+00
      vertex   1.348016e+01 -1.922039e+01 -5.584450e+00
      vertex   -1.718440e+00 -2.059359e+01 -5.584450e+00
    endloop
  endfacet
  facet normal 0.000000e+00 0.000000e+00 -1.000000e+00
    outer loop
      vertex   -1.718440e+00 -2.059359e+01 -5.584450e+00
      vertex   1.348016e+01 -1.922039e+01 -5.584450e+00
      vertex   1.272064e+01 -2.059359e+01 -5.584450e+00
    endloop
  endfacet
  facet normal 0.000000e+00 0.000000e+00 -1.000000e+00
    outer loop
      vertex   -1.718440e+00 -2.059359e+01 -5.584450e+00
      vertex   1.272064e+01 -2.059359e+01 -5.584450e+00
      vertex   -1.117589e+00 -2.204497e+01 -5.584450e+00
    endloop
  endfacet
  facet normal 0.000000e+00 0.000000e+00 -1.000000e+00
    outer loop
      vertex   -1.117589e+00 -2.204497e+01 -5.584450e+00
      vertex   1.272064e+01 -2.059359e+01 -5.584450e+00
      vertex   1.211979e+01 -2.204497e+01 -5.584450e+00
    endloop
  endfacet
  facet normal 0.000000e+00 0.000000e+00 -1.000000e+00
    outer loop
      vertex   -1.117589e+00 -2.204497e+01 -5.584450e+00
      vertex   1.211979e+01 -2.204497e+01 -5.584450e+00
      vertex   -6.835768e-01 -2.355351e+01 -5.584450e+00
    endloop
  endfacet
  facet normal 0.000000e+00 0.000000e+00 -1.000000e+00
    outer loop
      vertex   -6.835768e-01 -2.355351e+01 -5.584450e+00
      vertex   1.211979e+01 -2.204497e+01 -5.584450e+00
      vertex   1.168578e+01 -2.355351e+01 -5.584450e+00
    endloop
  endfacet
  facet normal 0.000000e+00 0.000000e+00 -1.000000e+00
    outer loop
      vertex   -6.835768e-01 -2.355351e+01 -5.584450e+00
      vertex   1.168578e+01 -2.355351e+01 -5.584450e+00
      vertex   -4.199023e-01 -2.510056e+01 -5.584450e+00
    endloop
  endfacet
  facet normal 0.000000e+00 0.000000e+00 -1.000000e+00
    outer loop
      vertex   -4.199023e-01 -2.510056e+01 -5.584450e+00
      vertex   1.168578e+01 -2.355351e+01 -5.584450e+00
      vertex   1.142210e+01 -2.510056e+01 -5.584450e+00
    endloop
  endfacet
  facet normal 0.000000e+00 0.000000e+00 -1.000000e+00
    outer loop
      vertex   -4.199023e-01 -2.510056e+01 -5.584450e+00
      vertex   1.142210e+01 -2.510056e+01 -5.584450e+00
      vertex   -3.324000e-01 -2.666860e+01 -5.584450e+00
    endloop
  endfacet
  facet normal 0.000000e+00 0.000000e+00 -1.000000e+00
    outer loop
      vertex   -3.324000e-01 -2.666860e+01 -5.584450e+00
      vertex   1.142210e+01 -2.510056e+01 -5.584450e+00
      vertex   1.133460e+01 -2.666860e+01 -5.584450e+00
    endloop
  endfacet
  facet normal 0.000000e+00 -0.000000e+00 -1.000000e+00
    outer loop
      vertex   -3.324000e-01 -2.666860e+01 -5.584450e+00
      vertex   1.133460e+01 -2.666860e+01 -5.584450e+00
      vertex   -4.199023e-01 -2.823664e+01 -5.584450e+00
    endloop
  endfacet
  facet normal 0.000000e+00 0.000000e+00 -1.000000e+00
    outer loop
      vertex   -4.199023e-01 -2.823664e+01 -5.584450e+00
      vertex   1.133460e+01 -2.666860e+01 -5.584450e+00
      vertex   1.142210e+01 -2.823664e+01 -5.584450e+00
    endloop
  endfacet
  facet normal 0.000000e+00 -0.000000e+00 -1.000000e+00
    outer loop
      vertex   -4.199023e-01 -2.823664e+01 -5.584450e+00
      vertex   1.142210e+01 -2.823664e+01 -5.584450e+00
      vertex   -6.835768e-01 -2.978369e+01 -5.584450e+00
    endloop
  endfacet
  facet normal 0.000000e+00 0.000000e+00 -1.000000e+00
    outer loop
      vertex   -6.835768e-01 -2.978369e+01 -5.584450e+00
      vertex   1.142210e+01 -2.823664e+01 -5.584450e+00
      vertex   1.168578e+01 -2.978369e+01 -5.584450e+00
    endloop
  endfacet
  facet normal 0.000000e+00 -0.000000e+00 -1.000000e+00
    outer loop
      vertex   -6.835768e-01 -2.978369e+01 -5.584450e+00
      vertex   1.168578e+01 -2.978369e+01 -5.584450e+00
      vertex   -1.117589e+00 -3.129223e+01 -5.584450e+00
    endloop
  endfacet
  facet normal 0.000000e+00 0.000000e+00 -1.000000e+00
    outer loop
      vertex   -1.117589e+00 -3.129223e+01 -5.584450e+00
      vertex   1.168578e+01 -2.978369e+01 -5.584450e+00
      vertex   1.211979e+01 -3.129223e+01 -5.584450e+00
    endloop
  endfacet
  facet normal 0.000000e+00 -0.000000e+00 -1.000000e+00
    outer loop
      vertex   -1.117589e+00 -3.129223e+01 -5.584450e+00
      vertex   1.211979e+01 -3.129223e+01 -5.584450e+00
      vertex   -1.718440e+00 -3.274361e+01 -5.584450e+00
    endloop
  endfacet
  facet normal 0.000000e+00 0.000000e+00 -1.000000e+00
    outer loop
      vertex   -1.718440e+00 -3.274361e+01 -5.584450e+00
      vertex   1.211979e+01 -3.129223e+01 -5.584450e+00
      vertex   1.272064e+01 -3.274361e+01 -5.584450e+00
    endloop
  endfacet
  facet normal 0.000000e+00 -0.000000e+00 -1.000000e+00
    outer loop
      vertex   -1.718440e+00 -3.274361e+01 -5.584450e+00
      vertex   1.272064e+01 -3.274361e+01 -5.584450e+00
      vertex   -2.477962e+00 -3.411681e+01 -5.584450e+00
    endloop
  endfacet
  facet normal 0.000000e+00 0.000000e+00 -1.000000e+00
    outer loop
      vertex   -2.477962e+00 -3.411681e+01 -5.584450e+00
      vertex   1.272064e+01 -3.274361e+01 -5.584450e+00
      vertex   1.348016e+01 -3.411681e+01 -5.584450e+00
    endloop
  endfacet
  facet normal 0.000000e+00 -0.000000e+00 -1.000000e+00
    outer loop
      vertex   -2.477962e+00 -3.411681e+01 -5.584450e+00
      vertex   1.348016e+01 -3.411681e+01 -5.584450e+00
      vertex   -3.386821e+00 -3.539785e+01 -5.584450e+00
    endloop
  endfacet
  facet normal 0.000000e+00 0.000000e+00 -1.000000e+00
    outer loop
      vertex   -3.386821e+00 -3.539785e+01 -5.584450e+00
      vertex   1.348016e+01 -3.411681e+01 -5.584450e+00
      vertex   1.438902e+01 -3.539785e+01 -5.584450e+00
    endloop
  endfacet
  facet normal 0.000000e+00 -0.000000e+00 -1.000000e+00
    outer loop
      vertex   -3.386821e+00 -3.539785e+01 -5.584450e+00
      vertex   1.438902e+01 -3.539785e+01 -5.584450e+00
      vertex   -4.433351e+00 -3.656805e+01 -5.584450e+00
    endloop
  endfacet
  facet normal 0.000000e+00 0.000000e+00 -1.000000e+00
    outer loop
      vertex   -4.433351e+00 -3.656805e+01 -5.584450e+00
      vertex   1.438902e+01 -3.539785e+01 -5.584450e+00
      vertex   1.543555e+01 -3.656805e+01 -5.584450e+00
    endloop
  endfacet
  facet normal 0.000000e+00 -0.000000e+00 -1.000000e+00
    outer loop
      vertex   -4.433351e+00 -3.656805e+01 -5.584450e+00
      vertex   1.543555e+01 -3.656805e+01 -5.584450e+00
      vertex   -5.603550e+00 -3.761458e+01 -5.584450e+00
    endloop
  endfacet
  facet normal 0.000000e+00 0.000000e+00 -1.000000e+00
    outer loop
      vertex   -5.603550e+00 -3.761458e+01 -5.584450e+00
      vertex   1.543555e+01 -3.656805e+01 -5.584450e+00
      vertex   1.660575e+01 -3.761458e+01 -5.584450e+00
    endloop
  endfacet
  facet normal 0.000000e+00 -0.000000e+00 -1.000000e+00
    outer loop
      vertex   -5.603550e+00 -3.761458e+01 -5.584450e+00
      vertex   1.660575e+01 -3.761458e+01 -5.584450e+00
      vertex   -6.884587e+00 -3.852344e+01 -5.584450e+00
    endloop
  endfacet
  facet normal 0.000000e+00 0.000000e+00 -1.000000e+00
    outer loop
      vertex   -6.884587e+00 -3.852344e+01 -5.584450e+00
      vertex   1.660575e+01 -3.761458e+01 -5.584450e+00
      vertex   1.788679e+01 -3.852344e+01 -5.584450e+00
    endloop
  endfacet
  facet normal 0.000000e+00 -0.000000e+00 -1.000000e+00
    outer loop
      vertex   -6.884587e+00 -3.852344e+01 -5.584450e+00
      vertex   1.788679e+01 -3.852344e+01 -5.584450e+00
      vertex   -8.257793e+00 -3.928296e+01 -5.584450e+00
    endloop
  endfacet
  facet normal 0.000000e+00 0.000000e+00 -1.000000e+00
    outer loop
      vertex   -8.257793e+00 -3.928296e+01 -5.584450e+00
      vertex   1.788679e+01 -3.852344e+01 -5.584450e+00
      vertex   1.925999e+01 -3.928296e+01 -5.584450e+00
    endloop
  endfacet
  facet normal 0.000000e+00 -0.000000e+00 -1.000000e+00
    outer loop
      vertex   -8.257793e+00 -3.928296e+01 -5.584450e+00
      vertex   1.925999e+01 -3.928296e+01 -5.584450e+00
      vertex   -9.709168e+00 -3.988381e+01 -5.584450e+00
    endloop
  endfacet
  facet normal 0.000000e+00 0.000000e+00 -1.000000e+00
    outer loop
      vertex   -9.709168e+00 -3.988381e+01 -5.584450e+00
      vertex   1.925999e+01 -3.928296e+01 -5.584450e+00
      vertex   2.071137e+01 -3.988381e+01 -5.584450e+00
    endloop
  endfacet
  facet normal 0.000000e+00 0.000000e+00 -1.000000e+00
    outer loop
      vertex   1.543555e+01 3.099751e+00 -5.584450e+00
      vertex   1.660575e+01 2.053221e+00 -5.584450e+00
      vertex   1.543555e+01 -1.676915e+01 -5.584450e+00
    endloop
  endfacet
  facet normal 0.000000e+00 0.000000e+00 -1.000000e+00
    outer loop
      vertex   1.543555e+01 -1.676915e+01 -5.584450e+00
      vertex   1.660575e+01 2.053221e+00 -5.584450e+00
      vertex   1.660575e+01 -1.572262e+01 -5.584450e+00
    endloop
  endfacet
  facet normal 0.000000e+00 0.000000e+00 -1.000000e+00
    outer loop
      vertex   1.660575e+01 -1.572262e+01 -5.584450e+00
      vertex   1.660575e+01 2.053221e+00 -5.584450e+00
      vertex   1.788679e+01 1.144362e+00 -5.584450e+00
    endloop
  endfacet
  facet normal 0.000000e+00 0.000000e+00 -1.000000e+00
    outer loop
      vertex   1.660575e+01 -1.572262e+01 -5.584450e+00
      vertex   1.788679e+01 1.144362e+00 -5.584450e+00
      vertex   1.788679e+01 -1.481376e+01 -5.584450e+00
    endloop
  endfacet
  facet normal 0.000000e+00 0.000000e+00 -1.000000e+00
    outer loop
      vertex   1.788679e+01 -1.481376e+01 -5.584450e+00
      vertex   1.788679e+01 1.144362e+00 -5.584450e+00
      vertex   1.925999e+01 3.848398e-01 -5.584450e+00
    endloop
  endfacet
  facet normal 0.000000e+00 0.000000e+00 -1.000000e+00
    outer loop
      vertex   1.788679e+01 -1.481376e+01 -5.584450e+00
      vertex   1.925999e+01 3.848398e-01 -5.584450e+00
      vertex   1.925999e+01 -1.405424e+01 -5.584450e+00
    endloop
  endfacet
  facet normal 0.000000e+00 0.000000e+00 -1.000000e+00
    outer loop
      vertex   1.925999e+01 -1.405424e+01 -5.584450e+00
      vertex   1.925999e+01 3.848398e-01 -5.584450e+00
      vertex   2.071137e+01 -2.160111e-01 -5.584450e+00
    endloop
  endfacet
  facet normal 0.000000e+00 0.000000e+00 -1.000000e+00
    outer loop
      vertex   1.925999e+01 -1.405424e+01 -5.584450e+00
      vertex   2.071137e+01 -2.160111e-01 -5.584450e+00
      vertex   2.071137e+01 -1.345339e+01 -5.584450e+00
    endloop
  endfacet
  facet normal 0.000000e+00 0.000000e+00 -1.000000e+00
    outer loop
      vertex   2.071137e+01 -1.345339e+01 -5.584450e+00
      vertex   2.071137e+01 -2.160111e-01 -5.584450e+00
      vertex   2.221991e+01 -6.500232e-01 -5.584450e+00
    endloop
  endfacet
  facet normal 0.000000e+00 0.000000e+00 -1.000000e+00
    outer loop
      vertex   2.071137e+01 -1.345339e+01 -5.584450e+00
      vertex   2.221991e+01 -6.500232e-01 -5.584450e+00
      vertex   2.221991e+01 -1.301938e+01 -5.584450e+00
    endloop
  endfacet
  facet normal 0.000000e+00 0.000000e+00 -1.000000e+00
    outer loop
      vertex   2.221991e+01 -1.301938e+01 -5.584450e+00
      vertex   2.221991e+01 -6.500232e-01 -5.584450e+00
      vertex   2.376696e+01 -9.136977e-01 -5.584450e+00
    endloop
  endfacet
  facet normal 0.000000e+00 0.000000e+00 -1.000000e+00
    outer loop
      vertex   2.221991e+01 -1.301938e+01 -5.584450e+00
      vertex   2.376696e+01 -9.136977e-01 -5.584450e+00
      vertex   2.376696e+01 -1.275570e+01 -5.584450e+00
    endloop
  endfacet
  facet normal 0.000000e+00 0.000000e+00 -1.000000e+00
    outer loop
      vertex   2.376696e+01 -1.275570e+01 -5.584450e+00
      vertex   2.376696e+01 -9.136977e-01 -5.584450e+00
      vertex   2.533500e+01 -1.001200e+00 -5.584450e+00
    endloop
  endfacet
  facet normal 0.000000e+00 0.000000e+00 -1.000000e+00
    outer loop
      vertex   2.376696e+01 -1.275570e+01 -5.584450e+00
      vertex   2.533500e+01 -1.001200e+00 -5.584450e+00
      vertex   2.533500e+01 -1.266820e+01 -5.584450e+00
    endloop
  endfacet
  facet normal 0.000000e+00 0.000000e+00 -1.000000e+00
    outer loop
      vertex   2.533500e+01 -1.266820e+01 -5.584450e+00
      vertex   2.533500e+01 -1.001200e+00 -5.584450e+00
      vertex   2.690304e+01 -1.275570e+01 -5.584450e+00
    endloop
  endfacet
  facet normal 0.000000e+00 0.000000e+00 -1.000000e+00
    outer loop
      vertex   2.690304e+01 -1.275570e+01 -5.584450e+00
      vertex   2.533500e+01 -1.001200e+00 -5.584450e+00
      vertex   2.690304e+01 -9.136977e-01 -5.584450e+00
    endloop
  endfacet
  facet normal 0.000000e+00 0.000000e+00 -1.000000e+00
    outer loop
      vertex   2.690304e+01 -1.275570e+01 -5.584450e+00
      vertex   2.690304e+01 -9.136977e-01 -5.584450e+00
      vertex   2.845009e+01 -1.301938e+01 -5.584450e+00
    endloop
  endfacet
  facet normal 0.000000e+00 0.000000e+00 -1.000000e+00
    outer loop
      vertex   2.845009e+01 -1.301938e+01 -5.584450e+00
      vertex   2.690304e+01 -9.136977e-01 -5.584450e+00
      vertex   2.845009e+01 -6.500232e-01 -5.584450e+00
    endloop
  endfacet
  facet normal 0.000000e+00 0.000000e+00 -1.000000e+00
    outer loop
      vertex   2.845009e+01 -1.301938e+01 -5.584450e+00
      vertex   2.845009e+01 -6.500232e-01 -5.584450e+00
      vertex   2.995863e+01 -1.345339e+01 -5.584450e+00
    endloop
  endfacet
  facet normal 0.000000e+00 0.000000e+00 -1.000000e+00
    outer loop
      vertex   2.995863e+01 -1.345339e+01 -5.584450e+00
      vertex   2.845009e+01 -6.500232e-01 -5.584450e+00
      vertex   2.995863e+01 -2.160111e-01 -5.584450e+00
    endloop
  endfacet
  facet normal 0.000000e+00 0.000000e+00 -1.000000e+00
    outer loop
      vertex   2.995863e+01 -1.345339e+01 -5.584450e+00
      vertex   2.995863e+01 -2.160111e-01 -5.584450e+00
      vertex   3.141001e+01 -1.405424e+01 -5.584450e+00
    endloop
  endfacet
  facet normal 0.000000e+00 0.000000e+00 -1.000000e+00
    outer loop
      vertex   3.141001e+01 -1.405424e+01 -5.584450e+00
      vertex   2.995863e+01 -2.160111e-01 -5.584450e+00
      vertex   3.141001e+01 3.848398e-01 -5.584450e+00
    endloop
  endfacet
  facet normal 0.000000e+00 0.000000e+00 -1.000000e+00
    outer loop
      vertex   3.141001e+01 -1.405424e+01 -5.584450e+00
      vertex   3.141001e+01 3.848398e-01 -5.584450e+00
      vertex   3.278321e+01 -1.481376e+01 -5.584450e+00
    endloop
  endfacet
  facet normal 0.000000e+00 0.000000e+00 -1.000000e+00
    outer loop
      vertex   3.278321e+01 -1.481376e+01 -5.584450e+00
      vertex   3.141001e+01 3.848398e-01 -5.584450e+00
      vertex   3.278321e+01 1.144362e+00 -5.584450e+00
    endloop
  endfacet
  facet normal 0.000000e+00 0.000000e+00 -1.000000e+00
    outer loop
      vertex   3.278321e+01 -1.481376e+01 -5.584450e+00
      vertex   3.278321e+01 1.144362e+00 -5.584450e+00
      vertex   3.406425e+01 -1.572262e+01 -5.584450e+00
    endloop
  endfacet
  facet normal 0.000000e+00 0.000000e+00 -1.000000e+00
    outer loop
      vertex   3.406425e+01 -1.572262e+01 -5.584450e+00
      vertex   3.278321e+01 1.144362e+00 -5.584450e+00
      vertex   3.406425e+01 2.053221e+00 -5.584450e+00
    endloop
  endfacet
  facet normal 0.000000e+00 0.000000e+00 -1.000000e+00
    outer loop
      vertex   3.406425e+01 -1.572262e+01 -5.584450e+00
      vertex   3.406425e+01 2.053221e+00 -5.584450e+00
      vertex   3.523445e+01 -1.676915e+01 -5.584450e+00
    endloop
  endfacet
  facet normal 0.000000e+00 0.000000e+00 -1.000000e+00
    outer loop
      vertex   3.523445e+01 -1.676915e+01 -5.584450e+00
      vertex   3.406425e+01 2.053221e+00 -5.584450e+00
      vertex   3.523445e+01 3.099751e+00 -5.584450e+00
    endloop
  endfacet
  facet normal 0.000000e+00 0.000000e+00 -1.000000e+00
    outer loop
      vertex   3.523445e+01 -1.676915e+01 -5.584450e+00
      vertex   3.523445e+01 3.099751e+00 -5.584450e+00
      vertex   3.628098e+01 -1.793935e+01 -5.584450e+00
    endloop
  endfacet
  facet normal 0.000000e+00 0.000000e+00 -1.000000e+00
    outer loop
      vertex   3.628098e+01 -1.793935e+01 -5.584450e+00
      vertex   3.523445e+01 3.099751e+00 -5.584450e+00
      vertex   3.628098e+01 4.269950e+00 -5.584450e+00
    endloop
  endfacet
  facet normal 0.000000e+00 0.000000e+00 -1.000000e+00
    outer loop
      vertex   3.628098e+01 -1.793935e+01 -5.584450e+00
      vertex   3.628098e+01 4.269950e+00 -5.584450e+00
      vertex   3.718984e+01 -1.922039e+01 -5.584450e+00
    endloop
  endfacet
  facet normal 0.000000e+00 0.000000e+00 -1.000000e+00
    outer loop
      vertex   3.718984e+01 -1.922039e+01 -5.584450e+00
      vertex   3.628098e+01 4.269950e+00 -5.584450e+00
      vertex   3.718984e+01 5.550987e+00 -5.584450e+00
    endloop
  endfacet
  facet normal 0.000000e+00 0.000000e+00 -1.000000e+00
    outer loop
      vertex   3.718984e+01 -1.922039e+01 -5.584450e+00
      vertex   3.718984e+01 5.550987e+00 -5.584450e+00
      vertex   3.794936e+01 6.924193e+00 -5.584450e+00
    endloop
  endfacet
  facet normal 0.000000e+00 0.000000e+00 -1.000000e+00
    outer loop
      vertex   3.718984e+01 -1.922039e+01 -5.584450e+00
      vertex   3.794936e+01 6.924193e+00 -5.584450e+00
      vertex   3.794936e+01 -2.059359e+01 -5.584450e+00
    endloop
  endfacet
  facet normal 0.000000e+00 0.000000e+00 -1.000000e+00
    outer loop
      vertex   3.794936e+01 -2.059359e+01 -5.584450e+00
      vertex   3.794936e+01 6.924193e+00 -5.584450e+00
      vertex   3.855021e+01 8.375568e+00 -5.584450e+00
    endloop
  endfacet
  facet normal 0.000000e+00 0.000000e+00 -1.000000e+00
    outer loop
      vertex   3.794936e+01 -2.059359e+01 -5.584450e+00
      vertex   3.855021e+01 8.375568e+00 -5.584450e+00
      vertex   3.855021e+01 -2.204497e+01 -5.584450e+00
    endloop
  endfacet
  facet normal 0.000000e+00 0.000000e+00 -1.000000e+00
    outer loop
      vertex   -1.276476e+01 2.691210e+01 -5.584450e+00
      vertex   -1.433280e+01 2.699960e+01 -5.584450e+00
      vertex   -3.300000e+01 4.100000e+01 -5.584450e+00
    endloop
  endfacet
  facet normal 0.000000e+00 0.000000e+00 -1.000000e+00
    outer loop
      vertex   -3.300000e+01 4.100000e+01 -5.584450e+00
      vertex   -1.433280e+01 2.699960e+01 -5.584450e+00
      vertex   -1.590084e+01 2.691210e+01 -5.584450e+00
    endloop
  endfacet
  facet normal 0.000000e+00 0.000000e+00 -1.000000e+00
    outer loop
      vertex   -3.300000e+01 4.100000e+01 -5.584450e+00
      vertex   -1.590084e+01 2.691210e+01 -5.584450e+00
      vertex   -1.744789e+01 2.664842e+01 -5.584450e+00
    endloop
  endfacet
  facet normal -0.000000e+00 0.000000e+00 -1.000000e+00
    outer loop
      vertex   -1.744789e+01 2.664842e+01 -5.584450e+00
      vertex   -1.895643e+01 2.621441e+01 -5.584450e+00
      vertex   -3.300000e+01 4.100000e+01 -5.584450e+00
    endloop
  endfacet
  facet normal 0.000000e+00 0.000000e+00 -1.000000e+00
    outer loop
      vertex   -3.300000e+01 4.100000e+01 -5.584450e+00
      vertex   -1.895643e+01 2.621441e+01 -5.584450e+00
      vertex   -2.040781e+01 2.561356e+01 -5.584450e+00
    endloop
  endfacet
  facet normal 0.000000e+00 0.000000e+00 -1.000000e+00
    outer loop
      vertex   -3.300000e+01 4.100000e+01 -5.584450e+00
      vertex   -2.040781e+01 2.561356e+01 -5.584450e+00
      vertex   -2.178101e+01 2.485404e+01 -5.584450e+00
    endloop
  endfacet
  facet normal -0.000000e+00 0.000000e+00 -1.000000e+00
    outer loop
      vertex   -2.178101e+01 2.485404e+01 -5.584450e+00
      vertex   -2.306205e+01 2.394518e+01 -5.584450e+00
      vertex   -3.300000e+01 4.100000e+01 -5.584450e+00
    endloop
  endfacet
  facet normal 0.000000e+00 0.000000e+00 -1.000000e+00
    outer loop
      vertex   -3.300000e+01 4.100000e+01 -5.584450e+00
      vertex   -2.306205e+01 2.394518e+01 -5.584450e+00
      vertex   -2.423225e+01 2.289865e+01 -5.584450e+00
    endloop
  endfacet
  facet normal 0.000000e+00 -0.000000e+00 -1.000000e+00
    outer loop
      vertex   -3.300000e+01 4.100000e+01 -5.584450e+00
      vertex   -2.423225e+01 2.289865e+01 -5.584450e+00
      vertex   -4.233360e+01 3.166640e+01 -5.584450e+00
    endloop
  endfacet
  facet normal 0.000000e+00 0.000000e+00 -1.000000e+00
    outer loop
      vertex   -4.233360e+01 3.166640e+01 -5.584450e+00
      vertex   -2.423225e+01 2.289865e+01 -5.584450e+00
      vertex   -2.527878e+01 2.172845e+01 -5.584450e+00
    endloop
  endfacet
  facet normal 0.000000e+00 0.000000e+00 -1.000000e+00
    outer loop
      vertex   -4.233360e+01 3.166640e+01 -5.584450e+00
      vertex   -2.527878e+01 2.172845e+01 -5.584450e+00
      vertex   -2.618764e+01 2.044741e+01 -5.584450e+00
    endloop
  endfacet
  facet normal -0.000000e+00 0.000000e+00 -1.000000e+00
    outer loop
      vertex   -2.618764e+01 2.044741e+01 -5.584450e+00
      vertex   -2.694716e+01 1.907421e+01 -5.584450e+00
      vertex   -4.233360e+01 3.166640e+01 -5.584450e+00
    endloop
  endfacet
  facet normal 0.000000e+00 0.000000e+00 -1.000000e+00
    outer loop
      vertex   -4.233360e+01 3.166640e+01 -5.584450e+00
      vertex   -2.694716e+01 1.907421e+01 -5.584450e+00
      vertex   -2.754801e+01 1.762283e+01 -5.584450e+00
    endloop
  endfacet
  facet normal 0.000000e+00 0.000000e+00 -1.000000e+00
    outer loop
      vertex   -4.233360e+01 3.166640e+01 -5.584450e+00
      vertex   -2.754801e+01 1.762283e+01 -5.584450e+00
      vertex   -2.798202e+01 1.611429e+01 -5.584450e+00
    endloop
  endfacet
  facet normal -0.000000e+00 0.000000e+00 -1.000000e+00
    outer loop
      vertex   -2.798202e+01 1.611429e+01 -5.584450e+00
      vertex   -2.824570e+01 1.456724e+01 -5.584450e+00
      vertex   -4.233360e+01 3.166640e+01 -5.584450e+00
    endloop
  endfacet
  facet normal 0.000000e+00 0.000000e+00 -1.000000e+00
    outer loop
      vertex   -4.233360e+01 3.166640e+01 -5.584450e+00
      vertex   -2.824570e+01 1.456724e+01 -5.584450e+00
      vertex   -2.833320e+01 1.299920e+01 -5.584450e+00
    endloop
  endfacet
  facet normal 0.000000e+00 0.000000e+00 -1.000000e+00
    outer loop
      vertex   -4.233360e+01 3.166640e+01 -5.584450e+00
      vertex   -2.833320e+01 1.299920e+01 -5.584450e+00
      vertex   -2.824570e+01 1.143116e+01 -5.584450e+00
    endloop
  endfacet
  facet normal -0.000000e+00 -0.000000e+00 -1.000000e+00
    outer loop
      vertex   -2.824570e+01 1.143116e+01 -5.584450e+00
      vertex   -2.798202e+01 9.884111e+00 -5.584450e+00
      vertex   -4.233360e+01 3.166640e+01 -5.584450e+00
    endloop
  endfacet
  facet normal 0.000000e+00 0.000000e+00 -1.000000e+00
    outer loop
      vertex   -4.233360e+01 3.166640e+01 -5.584450e+00
      vertex   -2.798202e+01 9.884111e+00 -5.584450e+00
      vertex   -2.754801e+01 8.375568e+00 -5.584450e+00
    endloop
  endfacet
  facet normal 0.000000e+00 0.000000e+00 -1.000000e+00
    outer loop
      vertex   -4.233360e+01 3.166640e+01 -5.584450e+00
      vertex   -2.754801e+01 8.375568e+00 -5.584450e+00
      vertex   -4.233360e+01 -4.533580e+01 -5.584450e+00
    endloop
  endfacet
  facet normal 0.000000e+00 0.000000e+00 -1.000000e+00
    outer loop
      vertex   -4.233360e+01 -4.533580e+01 -5.584450e+00
      vertex   -2.754801e+01 8.375568e+00 -5.584450e+00
      vertex   -2.754801e+01 -2.204497e+01 -5.584450e+00
    endloop
  endfacet
  facet normal 0.000000e+00 0.000000e+00 -1.000000e+00
    outer loop
      vertex   -4.233360e+01 -4.533580e+01 -5.584450e+00
      vertex   -2.754801e+01 -2.204497e+01 -5.584450e+00
      vertex   -2.798202e+01 -2.355351e+01 -5.584450e+00
    endloop
  endfacet
  facet normal 0.000000e+00 0.000000e+00 -1.000000e+00
    outer loop
      vertex   -2.754801e+01 -2.204497e+01 -5.584450e+00
      vertex   -2.754801e+01 8.375568e+00 -5.584450e+00
      vertex   -2.694716e+01 -2.059359e+01 -5.584450e+00
    endloop
  endfacet
  facet normal 0.000000e+00 0.000000e+00 -1.000000e+00
    outer loop
      vertex   -2.694716e+01 -2.059359e+01 -5.584450e+00
      vertex   -2.754801e+01 8.375568e+00 -5.584450e+00
      vertex   -2.694716e+01 6.924193e+00 -5.584450e+00
    endloop
  endfacet
  facet normal 0.000000e+00 0.000000e+00 -1.000000e+00
    outer loop
      vertex   -2.694716e+01 -2.059359e+01 -5.584450e+00
      vertex   -2.694716e+01 6.924193e+00 -5.584450e+00
      vertex   -2.618764e+01 -1.922039e+01 -5.584450e+00
    endloop
  endfacet
  facet normal 0.000000e+00 0.000000e+00 -1.000000e+00
    outer loop
      vertex   -2.618764e+01 -1.922039e+01 -5.584450e+00
      vertex   -2.694716e+01 6.924193e+00 -5.584450e+00
      vertex   -2.618764e+01 5.550987e+00 -5.584450e+00
    endloop
  endfacet
  facet normal 0.000000e+00 0.000000e+00 -1.000000e+00
    outer loop
      vertex   -2.618764e+01 -1.922039e+01 -5.584450e+00
      vertex   -2.618764e+01 5.550987e+00 -5.584450e+00
      vertex   -2.527878e+01 4.269950e+00 -5.584450e+00
    endloop
  endfacet
  facet normal 0.000000e+00 0.000000e+00 -1.000000e+00
    outer loop
      vertex   -2.618764e+01 -1.922039e+01 -5.584450e+00
      vertex   -2.527878e+01 4.269950e+00 -5.584450e+00
      vertex   -2.527878e+01 -1.793935e+01 -5.584450e+00
    endloop
  endfacet
  facet normal 0.000000e+00 0.000000e+00 -1.000000e+00
    outer loop
      vertex   -2.527878e+01 -1.793935e+01 -5.584450e+00
      vertex   -2.527878e+01 4.269950e+00 -5.584450e+00
      vertex   -2.423225e+01 3.099751e+00 -5.584450e+00
    endloop
  endfacet
  facet normal 0.000000e+00 0.000000e+00 -1.000000e+00
    outer loop
      vertex   -2.527878e+01 -1.793935e+01 -5.584450e+00
      vertex   -2.423225e+01 3.099751e+00 -5.584450e+00
      vertex   -2.423225e+01 -1.676915e+01 -5.584450e+00
    endloop
  endfacet
  facet normal 0.000000e+00 0.000000e+00 -1.000000e+00
    outer loop
      vertex   -2.423225e+01 -1.676915e+01 -5.584450e+00
      vertex   -2.423225e+01 3.099751e+00 -5.584450e+00
      vertex   -2.306205e+01 2.053221e+00 -5.584450e+00
    endloop
  endfacet
  facet normal 0.000000e+00 0.000000e+00 -1.000000e+00
    outer loop
      vertex   -2.423225e+01 -1.676915e+01 -5.584450e+00
      vertex   -2.306205e+01 2.053221e+00 -5.584450e+00
      vertex   -2.306205e+01 -1.572262e+01 -5.584450e+00
    endloop
  endfacet
  facet normal 0.000000e+00 0.000000e+00 -1.000000e+00
    outer loop
      vertex   -2.306205e+01 -1.572262e+01 -5.584450e+00
      vertex   -2.306205e+01 2.053221e+00 -5.584450e+00
      vertex   -2.178101e+01 1.144362e+00 -5.584450e+00
    endloop
  endfacet
  facet normal 0.000000e+00 0.000000e+00 -1.000000e+00
    outer loop
      vertex   -2.306205e+01 -1.572262e+01 -5.584450e+00
      vertex   -2.178101e+01 1.144362e+00 -5.584450e+00
      vertex   -2.178101e+01 -1.481376e+01 -5.584450e+00
    endloop
  endfacet
  facet normal 0.000000e+00 0.000000e+00 -1.000000e+00
    outer loop
      vertex   -2.178101e+01 -1.481376e+01 -5.584450e+00
      vertex   -2.178101e+01 1.144362e+00 -5.584450e+00
      vertex   -2.040781e+01 3.848398e-01 -5.584450e+00
    endloop
  endfacet
  facet normal 0.000000e+00 0.000000e+00 -1.000000e+00
    outer loop
      vertex   -2.178101e+01 -1.481376e+01 -5.584450e+00
      vertex   -2.040781e+01 3.848398e-01 -5.584450e+00
      vertex   -2.040781e+01 -1.405424e+01 -5.584450e+00
    endloop
  endfacet
  facet normal 0.000000e+00 0.000000e+00 -1.000000e+00
    outer loop
      vertex   -2.040781e+01 -1.405424e+01 -5.584450e+00
      vertex   -2.040781e+01 3.848398e-01 -5.584450e+00
      vertex   -1.895643e+01 -2.160111e-01 -5.584450e+00
    endloop
  endfacet
  facet normal 0.000000e+00 0.000000e+00 -1.000000e+00
    outer loop
      vertex   -2.040781e+01 -1.405424e+01 -5.584450e+00
      vertex   -1.895643e+01 -2.160111e-01 -5.584450e+00
      vertex   -1.895643e+01 -1.345339e+01 -5.584450e+00
    endloop
  endfacet
  facet normal 0.000000e+00 0.000000e+00 -1.000000e+00
    outer loop
      vertex   -1.895643e+01 -1.345339e+01 -5.584450e+00
      vertex   -1.895643e+01 -2.160111e-01 -5.584450e+00
      vertex   -1.744789e+01 -6.500232e-01 -5.584450e+00
    endloop
  endfacet
  facet normal 0.000000e+00 0.000000e+00 -1.000000e+00
    outer loop
      vertex   -1.895643e+01 -1.345339e+01 -5.584450e+00
      vertex   -1.744789e+01 -6.500232e-01 -5.584450e+00
      vertex   -1.744789e+01 -1.301938e+01 -5.584450e+00
    endloop
  endfacet
  facet normal 0.000000e+00 0.000000e+00 -1.000000e+00
    outer loop
      vertex   -1.744789e+01 -1.301938e+01 -5.584450e+00
      vertex   -1.744789e+01 -6.500232e-01 -5.584450e+00
      vertex   -1.590084e+01 -9.136977e-01 -5.584450e+00
    endloop
  endfacet
  facet normal 0.000000e+00 0.000000e+00 -1.000000e+00
    outer loop
      vertex   -1.744789e+01 -1.301938e+01 -5.584450e+00
      vertex   -1.590084e+01 -9.136977e-01 -5.584450e+00
      vertex   -1.590084e+01 -1.275570e+01 -5.584450e+00
    endloop
  endfacet
  facet normal 0.000000e+00 0.000000e+00 -1.000000e+00
    outer loop
      vertex   -1.590084e+01 -1.275570e+01 -5.584450e+00
      vertex   -1.590084e+01 -9.136977e-01 -5.584450e+00
      vertex   -1.433280e+01 -1.001200e+00 -5.584450e+00
    endloop
  endfacet
  facet normal 0.000000e+00 0.000000e+00 -1.000000e+00
    outer loop
      vertex   -1.590084e+01 -1.275570e+01 -5.584450e+00
      vertex   -1.433280e+01 -1.001200e+00 -5.584450e+00
      vertex   -1.433280e+01 -1.266820e+01 -5.584450e+00
    endloop
  endfacet
  facet normal 0.000000e+00 0.000000e+00 -1.000000e+00
    outer loop
      vertex   -1.433280e+01 -1.266820e+01 -5.584450e+00
      vertex   -1.433280e+01 -1.001200e+00 -5.584450e+00
      vertex   -1.276476e+01 -1.275570e+01 -5.584450e+00
    endloop
  endfacet
  facet normal 0.000000e+00 0.000000e+00 -1.000000e+00
    outer loop
      vertex   -1.276476e+01 -1.275570e+01 -5.584450e+00
      vertex   -1.433280e+01 -1.001200e+00 -5.584450e+00
      vertex   -1.276476e+01 -9.136977e-01 -5.584450e+00
    endloop
  endfacet
  facet normal 0.000000e+00 0.000000e+00 -1.000000e+00
    outer loop
      vertex   -1.276476e+01 -1.275570e+01 -5.584450e+00
      vertex   -1.276476e+01 -9.136977e-01 -5.584450e+00
      vertex   -1.121771e+01 -1.301938e+01 -5.584450e+00
    endloop
  endfacet
  facet normal 0.000000e+00 0.000000e+00 -1.000000e+00
    outer loop
      vertex   -1.121771e+01 -1.301938e+01 -5.584450e+00
      vertex   -1.276476e+01 -9.136977e-01 -5.584450e+00
      vertex   -1.121771e+01 -6.500232e-01 -5.584450e+00
    endloop
  endfacet
  facet normal 0.000000e+00 0.000000e+00 -1.000000e+00
    outer loop
      vertex   -1.121771e+01 -1.301938e+01 -5.584450e+00
      vertex   -1.121771e+01 -6.500232e-01 -5.584450e+00
      vertex   -9.709168e+00 -1.345339e+01 -5.584450e+00
    endloop
  endfacet
  facet normal 0.000000e+00 0.000000e+00 -1.000000e+00
    outer loop
      vertex   -9.709168e+00 -1.345339e+01 -5.584450e+00
      vertex   -1.121771e+01 -6.500232e-01 -5.584450e+00
      vertex   -9.709168e+00 -2.160111e-01 -5.584450e+00
    endloop
  endfacet
  facet normal 0.000000e+00 0.000000e+00 -1.000000e+00
    outer loop
      vertex   -9.709168e+00 -1.345339e+01 -5.584450e+00
      vertex   -9.709168e+00 -2.160111e-01 -5.584450e+00
      vertex   -8.257793e+00 -1.405424e+01 -5.584450e+00
    endloop
  endfacet
  facet normal 0.000000e+00 0.000000e+00 -1.000000e+00
    outer loop
      vertex   -8.257793e+00 -1.405424e+01 -5.584450e+00
      vertex   -9.709168e+00 -2.160111e-01 -5.584450e+00
      vertex   -8.257793e+00 3.848398e-01 -5.584450e+00
    endloop
  endfacet
  facet normal 0.000000e+00 0.000000e+00 -1.000000e+00
    outer loop
      vertex   -8.257793e+00 -1.405424e+01 -5.584450e+00
      vertex   -8.257793e+00 3.848398e-01 -5.584450e+00
      vertex   -6.884587e+00 -1.481376e+01 -5.584450e+00
    endloop
  endfacet
  facet normal 0.000000e+00 0.000000e+00 -1.000000e+00
    outer loop
      vertex   -6.884587e+00 -1.481376e+01 -5.584450e+00
      vertex   -8.257793e+00 3.848398e-01 -5.584450e+00
      vertex   -6.884587e+00 1.144362e+00 -5.584450e+00
    endloop
  endfacet
  facet normal 0.000000e+00 0.000000e+00 -1.000000e+00
    outer loop
      vertex   -6.884587e+00 -1.481376e+01 -5.584450e+00
      vertex   -6.884587e+00 1.144362e+00 -5.584450e+00
      vertex   -5.603550e+00 2.053221e+00 -5.584450e+00
    endloop
  endfacet
  facet normal 0.000000e+00 0.000000e+00 -1.000000e+00
    outer loop
      vertex   -6.884587e+00 -1.481376e+01 -5.584450e+00
      vertex   -5.603550e+00 2.053221e+00 -5.584450e+00
      vertex   -5.603550e+00 -1.572262e+01 -5.584450e+00
    endloop
  endfacet
  facet normal 0.000000e+00 0.000000e+00 -1.000000e+00
    outer loop
      vertex   -5.603550e+00 -1.572262e+01 -5.584450e+00
      vertex   -5.603550e+00 2.053221e+00 -5.584450e+00
      vertex   -4.433351e+00 3.099751e+00 -5.584450e+00
    endloop
  endfacet
  facet normal 0.000000e+00 0.000000e+00 -1.000000e+00
    outer loop
      vertex   -5.603550e+00 -1.572262e+01 -5.584450e+00
      vertex   -4.433351e+00 3.099751e+00 -5.584450e+00
      vertex   -4.433351e+00 -1.676915e+01 -5.584450e+00
    endloop
  endfacet
  facet normal -0.000000e+00 -0.000000e+00 -1.000000e+00
    outer loop
      vertex   4.968403e+01 3.907145e+01 -5.584450e+00
      vertex   5.060222e+01 3.826642e+01 -5.584450e+00
      vertex   4.400220e+01 4.100000e+01 -5.584450e+00
    endloop
  endfacet
  facet normal 0.000000e+00 0.000000e+00 -1.000000e+00
    outer loop
      vertex   4.400220e+01 4.100000e+01 -5.584450e+00
      vertex   5.060222e+01 3.826642e+01 -5.584450e+00
      vertex   5.140725e+01 3.734823e+01 -5.584450e+00
    endloop
  endfacet
  facet normal 0.000000e+00 0.000000e+00 -1.000000e+00
    outer loop
      vertex   4.400220e+01 4.100000e+01 -5.584450e+00
      vertex   5.140725e+01 3.734823e+01 -5.584450e+00
      vertex   5.208510e+01 3.633320e+01 -5.584450e+00
    endloop
  endfacet
  facet normal -0.000000e+00 -0.000000e+00 -1.000000e+00
    outer loop
      vertex   5.208510e+01 3.633320e+01 -5.584450e+00
      vertex   5.262528e+01 3.523767e+01 -5.584450e+00
      vertex   4.400220e+01 4.100000e+01 -5.584450e+00
    endloop
  endfacet
  facet normal 0.000000e+00 0.000000e+00 -1.000000e+00
    outer loop
      vertex   4.400220e+01 4.100000e+01 -5.584450e+00
      vertex   5.262528e+01 3.523767e+01 -5.584450e+00
      vertex   5.301729e+01 3.408263e+01 -5.584450e+00
    endloop
  endfacet
  facet normal 0.000000e+00 0.000000e+00 -1.000000e+00
    outer loop
      vertex   4.400220e+01 4.100000e+01 -5.584450e+00
      vertex   5.301729e+01 3.408263e+01 -5.584450e+00
      vertex   5.325646e+01 3.288443e+01 -5.584450e+00
    endloop
  endfacet
  facet normal -0.000000e+00 -0.000000e+00 -1.000000e+00
    outer loop
      vertex   5.325646e+01 3.288443e+01 -5.584450e+00
      vertex   5.333580e+01 3.166640e+01 -5.584450e+00
      vertex   4.400220e+01 4.100000e+01 -5.584450e+00
    endloop
  endfacet
  facet normal -0.000000e+00 0.000000e+00 -1.000000e+00
    outer loop
      vertex   5.325646e+01 -4.655383e+01 -5.584450e+00
      vertex   5.301729e+01 -4.775203e+01 -5.584450e+00
      vertex   5.333580e+01 -4.533580e+01 -5.584450e+00
    endloop
  endfacet
  facet normal 0.000000e+00 0.000000e+00 -1.000000e+00
    outer loop
      vertex   5.333580e+01 -4.533580e+01 -5.584450e+00
      vertex   5.301729e+01 -4.775203e+01 -5.584450e+00
      vertex   5.262528e+01 -4.890707e+01 -5.584450e+00
    endloop
  endfacet
  facet normal 0.000000e+00 0.000000e+00 -1.000000e+00
    outer loop
      vertex   5.333580e+01 -4.533580e+01 -5.584450e+00
      vertex   5.262528e+01 -4.890707e+01 -5.584450e+00
      vertex   5.208510e+01 -5.000260e+01 -5.584450e+00
    endloop
  endfacet
  facet normal -0.000000e+00 0.000000e+00 -1.000000e+00
    outer loop
      vertex   5.208510e+01 -5.000260e+01 -5.584450e+00
      vertex   5.140725e+01 -5.101763e+01 -5.584450e+00
      vertex   5.333580e+01 -4.533580e+01 -5.584450e+00
    endloop
  endfacet
  facet normal 0.000000e+00 0.000000e+00 -1.000000e+00
    outer loop
      vertex   5.333580e+01 -4.533580e+01 -5.584450e+00
      vertex   5.140725e+01 -5.101763e+01 -5.584450e+00
      vertex   5.060222e+01 -5.193582e+01 -5.584450e+00
    endloop
  endfacet
  facet normal 0.000000e+00 0.000000e+00 -1.000000e+00
    outer loop
      vertex   5.333580e+01 -4.533580e+01 -5.584450e+00
      vertex   5.060222e+01 -5.193582e+01 -5.584450e+00
      vertex   4.968403e+01 -5.274085e+01 -5.584450e+00
    endloop
  endfacet
  facet normal -0.000000e+00 0.000000e+00 -1.000000e+00
    outer loop
      vertex   4.968403e+01 -5.274085e+01 -5.584450e+00
      vertex   4.866900e+01 -5.341870e+01 -5.584450e+00
      vertex   5.333580e+01 -4.533580e+01 -5.584450e+00
    endloop
  endfacet
  facet normal 0.000000e+00 0.000000e+00 -1.000000e+00
    outer loop
      vertex   5.333580e+01 -4.533580e+01 -5.584450e+00
      vertex   4.866900e+01 -5.341870e+01 -5.584450e+00
      vertex   4.757347e+01 -5.395888e+01 -5.584450e+00
    endloop
  endfacet
  facet normal 0.000000e+00 0.000000e+00 -1.000000e+00
    outer loop
      vertex   5.333580e+01 -4.533580e+01 -5.584450e+00
      vertex   4.757347e+01 -5.395888e+01 -5.584450e+00
      vertex   4.641843e+01 -5.435089e+01 -5.584450e+00
    endloop
  endfacet
  facet normal -0.000000e+00 0.000000e+00 -1.000000e+00
    outer loop
      vertex   4.641843e+01 -5.435089e+01 -5.584450e+00
      vertex   4.522023e+01 -5.459006e+01 -5.584450e+00
      vertex   5.333580e+01 -4.533580e+01 -5.584450e+00
    endloop
  endfacet
  facet normal 0.000000e+00 0.000000e+00 -1.000000e+00
    outer loop
      vertex   5.333580e+01 -4.533580e+01 -5.584450e+00
      vertex   4.522023e+01 -5.459006e+01 -5.584450e+00
      vertex   4.400220e+01 -5.466940e+01 -5.584450e+00
    endloop
  endfacet
  facet normal 0.000000e+00 0.000000e+00 -1.000000e+00
    outer loop
      vertex   -3.541623e+01 -5.435089e+01 -5.584450e+00
      vertex   -3.657127e+01 -5.395888e+01 -5.584450e+00
      vertex   -2.423225e+01 -3.656805e+01 -5.584450e+00
    endloop
  endfacet
  facet normal 0.000000e+00 0.000000e+00 -1.000000e+00
    outer loop
      vertex   -2.423225e+01 -3.656805e+01 -5.584450e+00
      vertex   -3.657127e+01 -5.395888e+01 -5.584450e+00
      vertex   -3.766680e+01 -5.341870e+01 -5.584450e+00
    endloop
  endfacet
  facet normal 0.000000e+00 0.000000e+00 -1.000000e+00
    outer loop
      vertex   -2.423225e+01 -3.656805e+01 -5.584450e+00
      vertex   -3.766680e+01 -5.341870e+01 -5.584450e+00
      vertex   -3.868183e+01 -5.274085e+01 -5.584450e+00
    endloop
  endfacet
  facet normal 0.000000e+00 0.000000e+00 -1.000000e+00
    outer loop
      vertex   -3.868183e+01 -5.274085e+01 -5.584450e+00
      vertex   -3.960002e+01 -5.193582e+01 -5.584450e+00
      vertex   -2.423225e+01 -3.656805e+01 -5.584450e+00
    endloop
  endfacet
  facet normal 0.000000e+00 0.000000e+00 -1.000000e+00
    outer loop
      vertex   -2.423225e+01 -3.656805e+01 -5.584450e+00
      vertex   -3.960002e+01 -5.193582e+01 -5.584450e+00
      vertex   -4.040505e+01 -5.101763e+01 -5.584450e+00
    endloop
  endfacet
  facet normal 0.000000e+00 0.000000e+00 -1.000000e+00
    outer loop
      vertex   -2.423225e+01 -3.656805e+01 -5.584450e+00
      vertex   -4.040505e+01 -5.101763e+01 -5.584450e+00
      vertex   -4.108290e+01 -5.000260e+01 -5.584450e+00
    endloop
  endfacet
  facet normal 0.000000e+00 0.000000e+00 -1.000000e+00
    outer loop
      vertex   -4.108290e+01 -5.000260e+01 -5.584450e+00
      vertex   -4.162308e+01 -4.890707e+01 -5.584450e+00
      vertex   -2.423225e+01 -3.656805e+01 -5.584450e+00
    endloop
  endfacet
  facet normal 0.000000e+00 0.000000e+00 -1.000000e+00
    outer loop
      vertex   -2.423225e+01 -3.656805e+01 -5.584450e+00
      vertex   -4.162308e+01 -4.890707e+01 -5.584450e+00
      vertex   -4.201509e+01 -4.775203e+01 -5.584450e+00
    endloop
  endfacet
  facet normal 0.000000e+00 0.000000e+00 -1.000000e+00
    outer loop
      vertex   -2.423225e+01 -3.656805e+01 -5.584450e+00
      vertex   -4.201509e+01 -4.775203e+01 -5.584450e+00
      vertex   -4.225426e+01 -4.655383e+01 -5.584450e+00
    endloop
  endfacet
  facet normal 0.000000e+00 0.000000e+00 -1.000000e+00
    outer loop
      vertex   -4.225426e+01 -4.655383e+01 -5.584450e+00
      vertex   -4.233360e+01 -4.533580e+01 -5.584450e+00
      vertex   -2.423225e+01 -3.656805e+01 -5.584450e+00
    endloop
  endfacet
  facet normal -0.000000e+00 0.000000e+00 -1.000000e+00
    outer loop
      vertex   -2.423225e+01 -3.656805e+01 -5.584450e+00
      vertex   -4.233360e+01 -4.533580e+01 -5.584450e+00
      vertex   -2.527878e+01 -3.539785e+01 -5.584450e+00
    endloop
  endfacet
  facet normal -0.000000e+00 0.000000e+00 -1.000000e+00
    outer loop
      vertex   -2.527878e+01 -3.539785e+01 -5.584450e+00
      vertex   -4.233360e+01 -4.533580e+01 -5.584450e+00
      vertex   -2.618764e+01 -3.411681e+01 -5.584450e+00
    endloop
  endfacet
  facet normal -0.000000e+00 0.000000e+00 -1.000000e+00
    outer loop
      vertex   -2.618764e+01 -3.411681e+01 -5.584450e+00
      vertex   -4.233360e+01 -4.533580e+01 -5.584450e+00
      vertex   -2.694716e+01 -3.274361e+01 -5.584450e+00
    endloop
  endfacet
  facet normal -0.000000e+00 0.000000e+00 -1.000000e+00
    outer loop
      vertex   -2.694716e+01 -3.274361e+01 -5.584450e+00
      vertex   -4.233360e+01 -4.533580e+01 -5.584450e+00
      vertex   -2.754801e+01 -3.129223e+01 -5.584450e+00
    endloop
  endfacet
  facet normal -0.000000e+00 0.000000e+00 -1.000000e+00
    outer loop
      vertex   -2.754801e+01 -3.129223e+01 -5.584450e+00
      vertex   -4.233360e+01 -4.533580e+01 -5.584450e+00
      vertex   -2.798202e+01 -2.978369e+01 -5.584450e+00
    endloop
  endfacet
  facet normal -0.000000e+00 0.000000e+00 -1.000000e+00
    outer loop
      vertex   -2.798202e+01 -2.978369e+01 -5.584450e+00
      vertex   -4.233360e+01 -4.533580e+01 -5.584450e+00
      vertex   -2.824570e+01 -2.823664e+01 -5.584450e+00
    endloop
  endfacet
  facet normal -0.000000e+00 0.000000e+00 -1.000000e+00
    outer loop
      vertex   -2.824570e+01 -2.823664e+01 -5.584450e+00
      vertex   -4.233360e+01 -4.533580e+01 -5.584450e+00
      vertex   -2.833320e+01 -2.666860e+01 -5.584450e+00
    endloop
  endfacet
  facet normal -0.000000e+00 0.000000e+00 -1.000000e+00
    outer loop
      vertex   -2.833320e+01 -2.666860e+01 -5.584450e+00
      vertex   -4.233360e+01 -4.533580e+01 -5.584450e+00
      vertex   -2.824570e+01 -2.510056e+01 -5.584450e+00
    endloop
  endfacet
  facet normal -0.000000e+00 0.000000e+00 -1.000000e+00
    outer loop
      vertex   -2.824570e+01 -2.510056e+01 -5.584450e+00
      vertex   -4.233360e+01 -4.533580e+01 -5.584450e+00
      vertex   -2.798202e+01 -2.355351e+01 -5.584450e+00
    endloop
  endfacet
  facet normal 0.000000e+00 0.000000e+00 -1.000000e+00
    outer loop
      vertex   -4.233360e+01 3.166640e+01 -5.584450e+00
      vertex   -4.225426e+01 3.288443e+01 -5.584450e+00
      vertex   -3.300000e+01 4.100000e+01 -5.584450e+00
    endloop
  endfacet
  facet normal 0.000000e+00 0.000000e+00 -1.000000e+00
    outer loop
      vertex   -3.300000e+01 4.100000e+01 -5.584450e+00
      vertex   -4.225426e+01 3.288443e+01 -5.584450e+00
      vertex   -4.201509e+01 3.408263e+01 -5.584450e+00
    endloop
  endfacet
  facet normal 0.000000e+00 0.000000e+00 -1.000000e+00
    outer loop
      vertex   -3.300000e+01 4.100000e+01 -5.584450e+00
      vertex   -4.201509e+01 3.408263e+01 -5.584450e+00
      vertex   -4.162308e+01 3.523767e+01 -5.584450e+00
    endloop
  endfacet
  facet normal 0.000000e+00 0.000000e+00 -1.000000e+00
    outer loop
      vertex   -4.162308e+01 3.523767e+01 -5.584450e+00
      vertex   -4.108290e+01 3.633320e+01 -5.584450e+00
      vertex   -3.300000e+01 4.100000e+01 -5.584450e+00
    endloop
  endfacet
  facet normal 0.000000e+00 0.000000e+00 -1.000000e+00
    outer loop
      vertex   -3.300000e+01 4.100000e+01 -5.584450e+00
      vertex   -4.108290e+01 3.633320e+01 -5.584450e+00
      vertex   -4.040505e+01 3.734823e+01 -5.584450e+00
    endloop
  endfacet
  facet normal 0.000000e+00 0.000000e+00 -1.000000e+00
    outer loop
      vertex   -3.300000e+01 4.100000e+01 -5.584450e+00
      vertex   -4.040505e+01 3.734823e+01 -5.584450e+00
      vertex   -3.960002e+01 3.826642e+01 -5.584450e+00
    endloop
  endfacet
  facet normal 0.000000e+00 0.000000e+00 -1.000000e+00
    outer loop
      vertex   -3.960002e+01 3.826642e+01 -5.584450e+00
      vertex   -3.868183e+01 3.907145e+01 -5.584450e+00
      vertex   -3.300000e+01 4.100000e+01 -5.584450e+00
    endloop
  endfacet
  facet normal 0.000000e+00 0.000000e+00 -1.000000e+00
    outer loop
      vertex   -3.300000e+01 4.100000e+01 -5.584450e+00
      vertex   -3.868183e+01 3.907145e+01 -5.584450e+00
      vertex   -3.766680e+01 3.974930e+01 -5.584450e+00
    endloop
  endfacet
  facet normal 0.000000e+00 0.000000e+00 -1.000000e+00
    outer loop
      vertex   -3.300000e+01 4.100000e+01 -5.584450e+00
      vertex   -3.766680e+01 3.974930e+01 -5.584450e+00
      vertex   -3.657127e+01 4.028948e+01 -5.584450e+00
    endloop
  endfacet
  facet normal 0.000000e+00 0.000000e+00 -1.000000e+00
    outer loop
      vertex   -3.657127e+01 4.028948e+01 -5.584450e+00
      vertex   -3.541623e+01 4.068149e+01 -5.584450e+00
      vertex   -3.300000e+01 4.100000e+01 -5.584450e+00
    endloop
  endfacet
  facet normal 0.000000e+00 0.000000e+00 -1.000000e+00
    outer loop
      vertex   -3.300000e+01 4.100000e+01 -5.584450e+00
      vertex   -3.541623e+01 4.068149e+01 -5.584450e+00
      vertex   -3.421803e+01 4.092066e+01 -5.584450e+00
    endloop
  endfacet
  facet normal -0.000000e+00 -0.000000e+00 -1.000000e+00
    outer loop
      vertex   4.522023e+01 4.092066e+01 -5.584450e+00
      vertex   4.641843e+01 4.068149e+01 -5.584450e+00
      vertex   4.400220e+01 4.100000e+01 -5.584450e+00
    endloop
  endfacet
  facet normal 0.000000e+00 0.000000e+00 -1.000000e+00
    outer loop
      vertex   4.400220e+01 4.100000e+01 -5.584450e+00
      vertex   4.641843e+01 4.068149e+01 -5.584450e+00
      vertex   4.757347e+01 4.028948e+01 -5.584450e+00
    endloop
  endfacet
  facet normal 0.000000e+00 0.000000e+00 -1.000000e+00
    outer loop
      vertex   4.400220e+01 4.100000e+01 -5.584450e+00
      vertex   4.757347e+01 4.028948e+01 -5.584450e+00
      vertex   4.866900e+01 3.974930e+01 -5.584450e+00
    endloop
  endfacet
  facet normal -0.000000e+00 -0.000000e+00 -1.000000e+00
    outer loop
      vertex   4.866900e+01 3.974930e+01 -5.584450e+00
      vertex   4.968403e+01 3.907145e+01 -5.584450e+00
      vertex   4.400220e+01 4.100000e+01 -5.584450e+00
    endloop
  endfacet
  facet normal 2.764876e-01 9.610175e-01 -0.000000e+00
    outer loop
      vertex   -1.895643e+01 -3.988381e+01 -5.584450e+00
      vertex   -1.895643e+01 -3.988381e+01 -3.834400e+00
      vertex   -1.744789e+01 -4.031782e+01 -5.584450e+00
    endloop
  endfacet
  facet normal 2.764876e-01 9.610175e-01 -0.000000e+00
    outer loop
      vertex   -1.744789e+01 -4.031782e+01 -5.584450e+00
      vertex   -1.895643e+01 -3.988381e+01 -3.834400e+00
      vertex   -1.744789e+01 -4.031782e+01 -3.834400e+00
    endloop
  endfacet
  facet normal 0.000000e+00 -1.000000e+00 0.000000e+00
    outer loop
      vertex   4.400220e+01 -5.466940e+01 -5.584450e+00
      vertex   4.400220e+01 -5.466940e+01 3.350000e+01
      vertex   -3.300000e+01 -5.466940e+01 -5.584450e+00
    endloop
  endfacet
  facet normal 0.000000e+00 -1.000000e+00 0.000000e+00
    outer loop
      vertex   -3.300000e+01 -5.466940e+01 -5.584450e+00
      vertex   4.400220e+01 -5.466940e+01 3.350000e+01
      vertex   -3.300000e+01 -5.466940e+01 3.350000e+01
    endloop
  endfacet
  facet normal 3.825041e-01 9.239538e-01 -0.000000e+00
    outer loop
      vertex   -2.040781e+01 -3.928296e+01 -5.584450e+00
      vertex   -2.040781e+01 -3.928296e+01 -3.834400e+00
      vertex   -1.895643e+01 -3.988381e+01 -5.584450e+00
    endloop
  endfacet
  facet normal 3.825041e-01 9.239538e-01 -0.000000e+00
    outer loop
      vertex   -1.895643e+01 -3.988381e+01 -5.584450e+00
      vertex   -2.040781e+01 -3.928296e+01 -3.834400e+00
      vertex   -1.895643e+01 -3.988381e+01 -3.834400e+00
    endloop
  endfacet
  facet normal 4.840014e-01 8.750672e-01 -0.000000e+00
    outer loop
      vertex   -2.178101e+01 -3.852344e+01 -5.584450e+00
      vertex   -2.178101e+01 -3.852344e+01 -3.834400e+00
      vertex   -2.040781e+01 -3.928296e+01 -5.584450e+00
    endloop
  endfacet
  facet normal 4.840014e-01 8.750672e-01 -0.000000e+00
    outer loop
      vertex   -2.040781e+01 -3.928296e+01 -5.584450e+00
      vertex   -2.178101e+01 -3.852344e+01 -3.834400e+00
      vertex   -2.040781e+01 -3.928296e+01 -3.834400e+00
    endloop
  endfacet
  facet normal 5.786353e-01 8.155864e-01 -0.000000e+00
    outer loop
      vertex   -2.306205e+01 -3.761458e+01 -5.584450e+00
      vertex   -2.306205e+01 -3.761458e+01 -3.834400e+00
      vertex   -2.178101e+01 -3.852344e+01 -5.584450e+00
    endloop
  endfacet
  facet normal 5.786353e-01 8.155864e-01 -0.000000e+00
    outer loop
      vertex   -2.178101e+01 -3.852344e+01 -5.584450e+00
      vertex   -2.306205e+01 -3.761458e+01 -3.834400e+00
      vertex   -2.178101e+01 -3.852344e+01 -3.834400e+00
    endloop
  endfacet
  facet normal 6.666207e-01 7.453971e-01 -0.000000e+00
    outer loop
      vertex   -2.423225e+01 -3.656805e+01 -5.584450e+00
      vertex   -2.423225e+01 -3.656805e+01 -3.834400e+00
      vertex   -2.306205e+01 -3.761458e+01 -5.584450e+00
    endloop
  endfacet
  facet normal 6.666207e-01 7.453971e-01 -0.000000e+00
    outer loop
      vertex   -2.306205e+01 -3.761458e+01 -5.584450e+00
      vertex   -2.423225e+01 -3.656805e+01 -3.834400e+00
      vertex   -2.306205e+01 -3.761458e+01 -3.834400e+00
    endloop
  endfacet
  facet normal 9.984466e-01 5.571746e-02 0.000000e+00
    outer loop
      vertex   -2.824570e+01 -2.823664e+01 -3.834400e+00
      vertex   -2.824570e+01 -2.823664e+01 -5.584450e+00
      vertex   -2.833320e+01 -2.666860e+01 -3.834400e+00
    endloop
  endfacet
  facet normal 9.984466e-01 5.571746e-02 0.000000e+00
    outer loop
      vertex   -2.833320e+01 -2.666860e+01 -3.834400e+00
      vertex   -2.824570e+01 -2.823664e+01 -5.584450e+00
      vertex   -2.833320e+01 -2.666860e+01 -5.584450e+00
    endloop
  endfacet
  facet normal 0.000000e+00 0.000000e+00 1.000000e+00
    outer loop
      vertex   -2.618764e+01 -3.411681e+01 -3.834400e+00
      vertex   -2.694716e+01 -3.274361e+01 -3.834400e+00
      vertex   -4.058355e+01 -4.533580e+01 -3.834400e+00
    endloop
  endfacet
  facet normal 0.000000e+00 0.000000e+00 1.000000e+00
    outer loop
      vertex   -4.058355e+01 -4.533580e+01 -3.834400e+00
      vertex   -2.694716e+01 -3.274361e+01 -3.834400e+00
      vertex   -2.754801e+01 -3.129223e+01 -3.834400e+00
    endloop
  endfacet
  facet normal 0.000000e+00 0.000000e+00 1.000000e+00
    outer loop
      vertex   -4.058355e+01 -4.533580e+01 -3.834400e+00
      vertex   -2.754801e+01 -3.129223e+01 -3.834400e+00
      vertex   -2.798202e+01 -2.978369e+01 -3.834400e+00
    endloop
  endfacet
  facet normal 0.000000e+00 0.000000e+00 1.000000e+00
    outer loop
      vertex   -2.798202e+01 -2.978369e+01 -3.834400e+00
      vertex   -2.824570e+01 -2.823664e+01 -3.834400e+00
      vertex   -4.058355e+01 -4.533580e+01 -3.834400e+00
    endloop
  endfacet
  facet normal 0.000000e+00 0.000000e+00 1.000000e+00
    outer loop
      vertex   -4.058355e+01 -4.533580e+01 -3.834400e+00
      vertex   -2.824570e+01 -2.823664e+01 -3.834400e+00
      vertex   -2.833320e+01 -2.666860e+01 -3.834400e+00
    endloop
  endfacet
  facet normal 0.000000e+00 0.000000e+00 1.000000e+00
    outer loop
      vertex   -4.058355e+01 -4.533580e+01 -3.834400e+00
      vertex   -2.833320e+01 -2.666860e+01 -3.834400e+00
      vertex   -2.824570e+01 -2.510056e+01 -3.834400e+00
    endloop
  endfacet
  facet normal 0.000000e+00 -0.000000e+00 1.000000e+00
    outer loop
      vertex   -2.824570e+01 -2.510056e+01 -3.834400e+00
      vertex   -2.798202e+01 -2.355351e+01 -3.834400e+00
      vertex   -4.058355e+01 -4.533580e+01 -3.834400e+00
    endloop
  endfacet
  facet normal 0.000000e+00 0.000000e+00 1.000000e+00
    outer loop
      vertex   -4.058355e+01 -4.533580e+01 -3.834400e+00
      vertex   -2.798202e+01 -2.355351e+01 -3.834400e+00
      vertex   -2.754801e+01 -2.204497e+01 -3.834400e+00
    endloop
  endfacet
  facet normal 0.000000e+00 0.000000e+00 1.000000e+00
    outer loop
      vertex   -4.058355e+01 -4.533580e+01 -3.834400e+00
      vertex   -2.754801e+01 -2.204497e+01 -3.834400e+00
      vertex   -2.754801e+01 8.375568e+00 -3.834400e+00
    endloop
  endfacet
  facet normal 0.000000e+00 0.000000e+00 1.000000e+00
    outer loop
      vertex   -2.754801e+01 8.375568e+00 -3.834400e+00
      vertex   -2.754801e+01 -2.204497e+01 -3.834400e+00
      vertex   -2.694716e+01 -2.059359e+01 -3.834400e+00
    endloop
  endfacet
  facet normal 0.000000e+00 0.000000e+00 1.000000e+00
    outer loop
      vertex   -2.754801e+01 8.375568e+00 -3.834400e+00
      vertex   -2.694716e+01 -2.059359e+01 -3.834400e+00
      vertex   -2.694716e+01 6.924193e+00 -3.834400e+00
    endloop
  endfacet
  facet normal 0.000000e+00 0.000000e+00 1.000000e+00
    outer loop
      vertex   -2.694716e+01 6.924193e+00 -3.834400e+00
      vertex   -2.694716e+01 -2.059359e+01 -3.834400e+00
      vertex   -2.618764e+01 5.550987e+00 -3.834400e+00
    endloop
  endfacet
  facet normal 0.000000e+00 0.000000e+00 1.000000e+00
    outer loop
      vertex   -2.618764e+01 5.550987e+00 -3.834400e+00
      vertex   -2.694716e+01 -2.059359e+01 -3.834400e+00
      vertex   -2.618764e+01 -1.922039e+01 -3.834400e+00
    endloop
  endfacet
  facet normal 0.000000e+00 0.000000e+00 1.000000e+00
    outer loop
      vertex   -2.618764e+01 5.550987e+00 -3.834400e+00
      vertex   -2.618764e+01 -1.922039e+01 -3.834400e+00
      vertex   -2.527878e+01 4.269950e+00 -3.834400e+00
    endloop
  endfacet
  facet normal 0.000000e+00 0.000000e+00 1.000000e+00
    outer loop
      vertex   -2.527878e+01 4.269950e+00 -3.834400e+00
      vertex   -2.618764e+01 -1.922039e+01 -3.834400e+00
      vertex   -2.527878e+01 -1.793935e+01 -3.834400e+00
    endloop
  endfacet
  facet normal 0.000000e+00 0.000000e+00 1.000000e+00
    outer loop
      vertex   -2.527878e+01 4.269950e+00 -3.834400e+00
      vertex   -2.527878e+01 -1.793935e+01 -3.834400e+00
      vertex   -2.423225e+01 3.099751e+00 -3.834400e+00
    endloop
  endfacet
  facet normal 0.000000e+00 0.000000e+00 1.000000e+00
    outer loop
      vertex   -2.423225e+01 3.099751e+00 -3.834400e+00
      vertex   -2.527878e+01 -1.793935e+01 -3.834400e+00
      vertex   -2.423225e+01 -1.676915e+01 -3.834400e+00
    endloop
  endfacet
  facet normal 0.000000e+00 0.000000e+00 1.000000e+00
    outer loop
      vertex   -2.423225e+01 3.099751e+00 -3.834400e+00
      vertex   -2.423225e+01 -1.676915e+01 -3.834400e+00
      vertex   -2.306205e+01 2.053221e+00 -3.834400e+00
    endloop
  endfacet
  facet normal 0.000000e+00 0.000000e+00 1.000000e+00
    outer loop
      vertex   -2.306205e+01 2.053221e+00 -3.834400e+00
      vertex   -2.423225e+01 -1.676915e+01 -3.834400e+00
      vertex   -2.306205e+01 -1.572262e+01 -3.834400e+00
    endloop
  endfacet
  facet normal 0.000000e+00 0.000000e+00 1.000000e+00
    outer loop
      vertex   -2.306205e+01 2.053221e+00 -3.834400e+00
      vertex   -2.306205e+01 -1.572262e+01 -3.834400e+00
      vertex   -2.178101e+01 1.144362e+00 -3.834400e+00
    endloop
  endfacet
  facet normal 0.000000e+00 0.000000e+00 1.000000e+00
    outer loop
      vertex   -2.178101e+01 1.144362e+00 -3.834400e+00
      vertex   -2.306205e+01 -1.572262e+01 -3.834400e+00
      vertex   -2.178101e+01 -1.481376e+01 -3.834400e+00
    endloop
  endfacet
  facet normal 0.000000e+00 0.000000e+00 1.000000e+00
    outer loop
      vertex   -2.178101e+01 1.144362e+00 -3.834400e+00
      vertex   -2.178101e+01 -1.481376e+01 -3.834400e+00
      vertex   -2.040781e+01 3.848398e-01 -3.834400e+00
    endloop
  endfacet
  facet normal 0.000000e+00 0.000000e+00 1.000000e+00
    outer loop
      vertex   -2.040781e+01 3.848398e-01 -3.834400e+00
      vertex   -2.178101e+01 -1.481376e+01 -3.834400e+00
      vertex   -2.040781e+01 -1.405424e+01 -3.834400e+00
    endloop
  endfacet
  facet normal 0.000000e+00 0.000000e+00 1.000000e+00
    outer loop
      vertex   -2.040781e+01 3.848398e-01 -3.834400e+00
      vertex   -2.040781e+01 -1.405424e+01 -3.834400e+00
      vertex   -1.895643e+01 -2.160111e-01 -3.834400e+00
    endloop
  endfacet
  facet normal 0.000000e+00 0.000000e+00 1.000000e+00
    outer loop
      vertex   -1.895643e+01 -2.160111e-01 -3.834400e+00
      vertex   -2.040781e+01 -1.405424e+01 -3.834400e+00
      vertex   -1.895643e+01 -1.345339e+01 -3.834400e+00
    endloop
  endfacet
  facet normal 0.000000e+00 0.000000e+00 1.000000e+00
    outer loop
      vertex   -1.895643e+01 -2.160111e-01 -3.834400e+00
      vertex   -1.895643e+01 -1.345339e+01 -3.834400e+00
      vertex   -1.744789e+01 -6.500232e-01 -3.834400e+00
    endloop
  endfacet
  facet normal 0.000000e+00 0.000000e+00 1.000000e+00
    outer loop
      vertex   -1.744789e+01 -6.500232e-01 -3.834400e+00
      vertex   -1.895643e+01 -1.345339e+01 -3.834400e+00
      vertex   -1.744789e+01 -1.301938e+01 -3.834400e+00
    endloop
  endfacet
  facet normal 0.000000e+00 0.000000e+00 1.000000e+00
    outer loop
      vertex   -1.744789e+01 -6.500232e-01 -3.834400e+00
      vertex   -1.744789e+01 -1.301938e+01 -3.834400e+00
      vertex   -1.590084e+01 -9.136977e-01 -3.834400e+00
    endloop
  endfacet
  facet normal 0.000000e+00 0.000000e+00 1.000000e+00
    outer loop
      vertex   -1.590084e+01 -9.136977e-01 -3.834400e+00
      vertex   -1.744789e+01 -1.301938e+01 -3.834400e+00
      vertex   -1.590084e+01 -1.275570e+01 -3.834400e+00
    endloop
  endfacet
  facet normal 0.000000e+00 0.000000e+00 1.000000e+00
    outer loop
      vertex   -1.590084e+01 -9.136977e-01 -3.834400e+00
      vertex   -1.590084e+01 -1.275570e+01 -3.834400e+00
      vertex   -1.433280e+01 -1.001200e+00 -3.834400e+00
    endloop
  endfacet
  facet normal 0.000000e+00 0.000000e+00 1.000000e+00
    outer loop
      vertex   -1.433280e+01 -1.001200e+00 -3.834400e+00
      vertex   -1.590084e+01 -1.275570e+01 -3.834400e+00
      vertex   -1.433280e+01 -1.266820e+01 -3.834400e+00
    endloop
  endfacet
  facet normal 0.000000e+00 0.000000e+00 1.000000e+00
    outer loop
      vertex   -1.433280e+01 -1.001200e+00 -3.834400e+00
      vertex   -1.433280e+01 -1.266820e+01 -3.834400e+00
      vertex   -1.276476e+01 -1.275570e+01 -3.834400e+00
    endloop
  endfacet
  facet normal -0.000000e+00 0.000000e+00 1.000000e+00
    outer loop
      vertex   -1.433280e+01 -1.001200e+00 -3.834400e+00
      vertex   -1.276476e+01 -1.275570e+01 -3.834400e+00
      vertex   -1.276476e+01 -9.136977e-01 -3.834400e+00
    endloop
  endfacet
  facet normal 0.000000e+00 0.000000e+00 1.000000e+00
    outer loop
      vertex   -1.276476e+01 -9.136977e-01 -3.834400e+00
      vertex   -1.276476e+01 -1.275570e+01 -3.834400e+00
      vertex   -1.121771e+01 -1.301938e+01 -3.834400e+00
    endloop
  endfacet
  facet normal -0.000000e+00 0.000000e+00 1.000000e+00
    outer loop
      vertex   -1.276476e+01 -9.136977e-01 -3.834400e+00
      vertex   -1.121771e+01 -1.301938e+01 -3.834400e+00
      vertex   -1.121771e+01 -6.500232e-01 -3.834400e+00
    endloop
  endfacet
  facet normal 0.000000e+00 0.000000e+00 1.000000e+00
    outer loop
      vertex   -1.121771e+01 -6.500232e-01 -3.834400e+00
      vertex   -1.121771e+01 -1.301938e+01 -3.834400e+00
      vertex   -9.709168e+00 -1.345339e+01 -3.834400e+00
    endloop
  endfacet
  facet normal -0.000000e+00 0.000000e+00 1.000000e+00
    outer loop
      vertex   -1.121771e+01 -6.500232e-01 -3.834400e+00
      vertex   -9.709168e+00 -1.345339e+01 -3.834400e+00
      vertex   -9.709168e+00 -2.160111e-01 -3.834400e+00
    endloop
  endfacet
  facet normal 0.000000e+00 0.000000e+00 1.000000e+00
    outer loop
      vertex   -9.709168e+00 -2.160111e-01 -3.834400e+00
      vertex   -9.709168e+00 -1.345339e+01 -3.834400e+00
      vertex   -8.257793e+00 -1.405424e+01 -3.834400e+00
    endloop
  endfacet
  facet normal -0.000000e+00 0.000000e+00 1.000000e+00
    outer loop
      vertex   -9.709168e+00 -2.160111e-01 -3.834400e+00
      vertex   -8.257793e+00 -1.405424e+01 -3.834400e+00
      vertex   -8.257793e+00 3.848398e-01 -3.834400e+00
    endloop
  endfacet
  facet normal 0.000000e+00 0.000000e+00 1.000000e+00
    outer loop
      vertex   -8.257793e+00 3.848398e-01 -3.834400e+00
      vertex   -8.257793e+00 -1.405424e+01 -3.834400e+00
      vertex   -6.884587e+00 -1.481376e+01 -3.834400e+00
    endloop
  endfacet
  facet normal -0.000000e+00 0.000000e+00 1.000000e+00
    outer loop
      vertex   -8.257793e+00 3.848398e-01 -3.834400e+00
      vertex   -6.884587e+00 -1.481376e+01 -3.834400e+00
      vertex   -6.884587e+00 1.144362e+00 -3.834400e+00
    endloop
  endfacet
  facet normal 0.000000e+00 0.000000e+00 1.000000e+00
    outer loop
      vertex   -6.884587e+00 1.144362e+00 -3.834400e+00
      vertex   -6.884587e+00 -1.481376e+01 -3.834400e+00
      vertex   -5.603550e+00 -1.572262e+01 -3.834400e+00
    endloop
  endfacet
  facet normal -0.000000e+00 0.000000e+00 1.000000e+00
    outer loop
      vertex   -6.884587e+00 1.144362e+00 -3.834400e+00
      vertex   -5.603550e+00 -1.572262e+01 -3.834400e+00
      vertex   -5.603550e+00 2.053221e+00 -3.834400e+00
    endloop
  endfacet
  facet normal 0.000000e+00 0.000000e+00 1.000000e+00
    outer loop
      vertex   -5.603550e+00 2.053221e+00 -3.834400e+00
      vertex   -5.603550e+00 -1.572262e+01 -3.834400e+00
      vertex   -4.433351e+00 -1.676915e+01 -3.834400e+00
    endloop
  endfacet
  facet normal -0.000000e+00 0.000000e+00 1.000000e+00
    outer loop
      vertex   -5.603550e+00 2.053221e+00 -3.834400e+00
      vertex   -4.433351e+00 -1.676915e+01 -3.834400e+00
      vertex   -4.433351e+00 3.099751e+00 -3.834400e+00
    endloop
  endfacet
  facet normal 0.000000e+00 0.000000e+00 1.000000e+00
    outer loop
      vertex   -4.433351e+00 3.099751e+00 -3.834400e+00
      vertex   -4.433351e+00 -1.676915e+01 -3.834400e+00
      vertex   1.543555e+01 -1.676915e+01 -3.834400e+00
    endloop
  endfacet
  facet normal -0.000000e+00 0.000000e+00 1.000000e+00
    outer loop
      vertex   -4.433351e+00 3.099751e+00 -3.834400e+00
      vertex   1.543555e+01 -1.676915e+01 -3.834400e+00
      vertex   1.543555e+01 3.099751e+00 -3.834400e+00
    endloop
  endfacet
  facet normal 0.000000e+00 0.000000e+00 1.000000e+00
    outer loop
      vertex   1.543555e+01 3.099751e+00 -3.834400e+00
      vertex   1.543555e+01 -1.676915e+01 -3.834400e+00
      vertex   1.660575e+01 -1.572262e+01 -3.834400e+00
    endloop
  endfacet
  facet normal 0.000000e+00 0.000000e+00 1.000000e+00
    outer loop
      vertex   1.543555e+01 3.099751e+00 -3.834400e+00
      vertex   1.660575e+01 -1.572262e+01 -3.834400e+00
      vertex   1.660575e+01 2.053221e+00 -3.834400e+00
    endloop
  endfacet
  facet normal 0.000000e+00 0.000000e+00 1.000000e+00
    outer loop
      vertex   1.660575e+01 2.053221e+00 -3.834400e+00
      vertex   1.660575e+01 -1.572262e+01 -3.834400e+00
      vertex   1.788679e+01 -1.481376e+01 -3.834400e+00
    endloop
  endfacet
  facet normal 0.000000e+00 0.000000e+00 1.000000e+00
    outer loop
      vertex   1.660575e+01 2.053221e+00 -3.834400e+00
      vertex   1.788679e+01 -1.481376e+01 -3.834400e+00
      vertex   1.788679e+01 1.144362e+00 -3.834400e+00
    endloop
  endfacet
  facet normal 0.000000e+00 0.000000e+00 1.000000e+00
    outer loop
      vertex   1.788679e+01 1.144362e+00 -3.834400e+00
      vertex   1.788679e+01 -1.481376e+01 -3.834400e+00
      vertex   1.925999e+01 3.848398e-01 -3.834400e+00
    endloop
  endfacet
  facet normal 0.000000e+00 0.000000e+00 1.000000e+00
    outer loop
      vertex   1.925999e+01 3.848398e-01 -3.834400e+00
      vertex   1.788679e+01 -1.481376e+01 -3.834400e+00
      vertex   1.925999e+01 -1.405424e+01 -3.834400e+00
    endloop
  endfacet
  facet normal 0.000000e+00 0.000000e+00 1.000000e+00
    outer loop
      vertex   1.925999e+01 3.848398e-01 -3.834400e+00
      vertex   1.925999e+01 -1.405424e+01 -3.834400e+00
      vertex   2.071137e+01 -2.160111e-01 -3.834400e+00
    endloop
  endfacet
  facet normal 0.000000e+00 0.000000e+00 1.000000e+00
    outer loop
      vertex   2.071137e+01 -2.160111e-01 -3.834400e+00
      vertex   1.925999e+01 -1.405424e+01 -3.834400e+00
      vertex   2.071137e+01 -1.345339e+01 -3.834400e+00
    endloop
  endfacet
  facet normal 0.000000e+00 0.000000e+00 1.000000e+00
    outer loop
      vertex   2.071137e+01 -2.160111e-01 -3.834400e+00
      vertex   2.071137e+01 -1.345339e+01 -3.834400e+00
      vertex   2.221991e+01 -6.500232e-01 -3.834400e+00
    endloop
  endfacet
  facet normal 0.000000e+00 0.000000e+00 1.000000e+00
    outer loop
      vertex   2.221991e+01 -6.500232e-01 -3.834400e+00
      vertex   2.071137e+01 -1.345339e+01 -3.834400e+00
      vertex   2.221991e+01 -1.301938e+01 -3.834400e+00
    endloop
  endfacet
  facet normal 0.000000e+00 0.000000e+00 1.000000e+00
    outer loop
      vertex   2.221991e+01 -6.500232e-01 -3.834400e+00
      vertex   2.221991e+01 -1.301938e+01 -3.834400e+00
      vertex   2.376696e+01 -9.136977e-01 -3.834400e+00
    endloop
  endfacet
  facet normal 0.000000e+00 0.000000e+00 1.000000e+00
    outer loop
      vertex   2.376696e+01 -9.136977e-01 -3.834400e+00
      vertex   2.221991e+01 -1.301938e+01 -3.834400e+00
      vertex   2.376696e+01 -1.275570e+01 -3.834400e+00
    endloop
  endfacet
  facet normal 0.000000e+00 0.000000e+00 1.000000e+00
    outer loop
      vertex   2.376696e+01 -9.136977e-01 -3.834400e+00
      vertex   2.376696e+01 -1.275570e+01 -3.834400e+00
      vertex   2.533500e+01 -1.001200e+00 -3.834400e+00
    endloop
  endfacet
  facet normal 0.000000e+00 0.000000e+00 1.000000e+00
    outer loop
      vertex   2.533500e+01 -1.001200e+00 -3.834400e+00
      vertex   2.376696e+01 -1.275570e+01 -3.834400e+00
      vertex   2.533500e+01 -1.266820e+01 -3.834400e+00
    endloop
  endfacet
  facet normal 0.000000e+00 0.000000e+00 1.000000e+00
    outer loop
      vertex   2.533500e+01 -1.001200e+00 -3.834400e+00
      vertex   2.533500e+01 -1.266820e+01 -3.834400e+00
      vertex   2.690304e+01 -1.275570e+01 -3.834400e+00
    endloop
  endfacet
  facet normal 0.000000e+00 0.000000e+00 1.000000e+00
    outer loop
      vertex   1.543555e+01 -1.676915e+01 -3.834400e+00
      vertex   -4.433351e+00 -1.676915e+01 -3.834400e+00
      vertex   1.438902e+01 -1.793935e+01 -3.834400e+00
    endloop
  endfacet
  facet normal 0.000000e+00 0.000000e+00 1.000000e+00
    outer loop
      vertex   1.438902e+01 -1.793935e+01 -3.834400e+00
      vertex   -4.433351e+00 -1.676915e+01 -3.834400e+00
      vertex   -3.386821e+00 -1.793935e+01 -3.834400e+00
    endloop
  endfacet
  facet normal 0.000000e+00 0.000000e+00 1.000000e+00
    outer loop
      vertex   1.438902e+01 -1.793935e+01 -3.834400e+00
      vertex   -3.386821e+00 -1.793935e+01 -3.834400e+00
      vertex   1.348016e+01 -1.922039e+01 -3.834400e+00
    endloop
  endfacet
  facet normal 0.000000e+00 0.000000e+00 1.000000e+00
    outer loop
      vertex   1.348016e+01 -1.922039e+01 -3.834400e+00
      vertex   -3.386821e+00 -1.793935e+01 -3.834400e+00
      vertex   -2.477962e+00 -1.922039e+01 -3.834400e+00
    endloop
  endfacet
  facet normal 0.000000e+00 0.000000e+00 1.000000e+00
    outer loop
      vertex   1.348016e+01 -1.922039e+01 -3.834400e+00
      vertex   -2.477962e+00 -1.922039e+01 -3.834400e+00
      vertex   1.272064e+01 -2.059359e+01 -3.834400e+00
    endloop
  endfacet
  facet normal 0.000000e+00 0.000000e+00 1.000000e+00
    outer loop
      vertex   1.272064e+01 -2.059359e+01 -3.834400e+00
      vertex   -2.477962e+00 -1.922039e+01 -3.834400e+00
      vertex   -1.718440e+00 -2.059359e+01 -3.834400e+00
    endloop
  endfacet
  facet normal 0.000000e+00 0.000000e+00 1.000000e+00
    outer loop
      vertex   1.272064e+01 -2.059359e+01 -3.834400e+00
      vertex   -1.718440e+00 -2.059359e+01 -3.834400e+00
      vertex   1.211979e+01 -2.204497e+01 -3.834400e+00
    endloop
  endfacet
  facet normal 0.000000e+00 0.000000e+00 1.000000e+00
    outer loop
      vertex   1.211979e+01 -2.204497e+01 -3.834400e+00
      vertex   -1.718440e+00 -2.059359e+01 -3.834400e+00
      vertex   -1.117589e+00 -2.204497e+01 -3.834400e+00
    endloop
  endfacet
  facet normal 0.000000e+00 0.000000e+00 1.000000e+00
    outer loop
      vertex   1.211979e+01 -2.204497e+01 -3.834400e+00
      vertex   -1.117589e+00 -2.204497e+01 -3.834400e+00
      vertex   1.168578e+01 -2.355351e+01 -3.834400e+00
    endloop
  endfacet
  facet normal 0.000000e+00 0.000000e+00 1.000000e+00
    outer loop
      vertex   1.168578e+01 -2.355351e+01 -3.834400e+00
      vertex   -1.117589e+00 -2.204497e+01 -3.834400e+00
      vertex   -6.835768e-01 -2.355351e+01 -3.834400e+00
    endloop
  endfacet
  facet normal 0.000000e+00 0.000000e+00 1.000000e+00
    outer loop
      vertex   1.168578e+01 -2.355351e+01 -3.834400e+00
      vertex   -6.835768e-01 -2.355351e+01 -3.834400e+00
      vertex   1.142210e+01 -2.510056e+01 -3.834400e+00
    endloop
  endfacet
  facet normal 0.000000e+00 0.000000e+00 1.000000e+00
    outer loop
      vertex   1.142210e+01 -2.510056e+01 -3.834400e+00
      vertex   -6.835768e-01 -2.355351e+01 -3.834400e+00
      vertex   -4.199023e-01 -2.510056e+01 -3.834400e+00
    endloop
  endfacet
  facet normal 0.000000e+00 0.000000e+00 1.000000e+00
    outer loop
      vertex   1.142210e+01 -2.510056e+01 -3.834400e+00
      vertex   -4.199023e-01 -2.510056e+01 -3.834400e+00
      vertex   1.133460e+01 -2.666860e+01 -3.834400e+00
    endloop
  endfacet
  facet normal 0.000000e+00 0.000000e+00 1.000000e+00
    outer loop
      vertex   1.133460e+01 -2.666860e+01 -3.834400e+00
      vertex   -4.199023e-01 -2.510056e+01 -3.834400e+00
      vertex   -3.324000e-01 -2.666860e+01 -3.834400e+00
    endloop
  endfacet
  facet normal 0.000000e+00 0.000000e+00 1.000000e+00
    outer loop
      vertex   1.133460e+01 -2.666860e+01 -3.834400e+00
      vertex   -3.324000e-01 -2.666860e+01 -3.834400e+00
      vertex   1.142210e+01 -2.823664e+01 -3.834400e+00
    endloop
  endfacet
  facet normal 0.000000e+00 0.000000e+00 1.000000e+00
    outer loop
      vertex   1.142210e+01 -2.823664e+01 -3.834400e+00
      vertex   -3.324000e-01 -2.666860e+01 -3.834400e+00
      vertex   -4.199023e-01 -2.823664e+01 -3.834400e+00
    endloop
  endfacet
  facet normal 0.000000e+00 0.000000e+00 1.000000e+00
    outer loop
      vertex   1.142210e+01 -2.823664e+01 -3.834400e+00
      vertex   -4.199023e-01 -2.823664e+01 -3.834400e+00
      vertex   1.168578e+01 -2.978369e+01 -3.834400e+00
    endloop
  endfacet
  facet normal 0.000000e+00 0.000000e+00 1.000000e+00
    outer loop
      vertex   1.168578e+01 -2.978369e+01 -3.834400e+00
      vertex   -4.199023e-01 -2.823664e+01 -3.834400e+00
      vertex   -6.835768e-01 -2.978369e+01 -3.834400e+00
    endloop
  endfacet
  facet normal 0.000000e+00 0.000000e+00 1.000000e+00
    outer loop
      vertex   1.168578e+01 -2.978369e+01 -3.834400e+00
      vertex   -6.835768e-01 -2.978369e+01 -3.834400e+00
      vertex   1.211979e+01 -3.129223e+01 -3.834400e+00
    endloop
  endfacet
  facet normal 0.000000e+00 0.000000e+00 1.000000e+00
    outer loop
      vertex   1.211979e+01 -3.129223e+01 -3.834400e+00
      vertex   -6.835768e-01 -2.978369e+01 -3.834400e+00
      vertex   -1.117589e+00 -3.129223e+01 -3.834400e+00
    endloop
  endfacet
  facet normal 0.000000e+00 0.000000e+00 1.000000e+00
    outer loop
      vertex   1.211979e+01 -3.129223e+01 -3.834400e+00
      vertex   -1.117589e+00 -3.129223e+01 -3.834400e+00
      vertex   1.272064e+01 -3.274361e+01 -3.834400e+00
    endloop
  endfacet
  facet normal 0.000000e+00 0.000000e+00 1.000000e+00
    outer loop
      vertex   1.272064e+01 -3.274361e+01 -3.834400e+00
      vertex   -1.117589e+00 -3.129223e+01 -3.834400e+00
      vertex   -1.718440e+00 -3.274361e+01 -3.834400e+00
    endloop
  endfacet
  facet normal 0.000000e+00 0.000000e+00 1.000000e+00
    outer loop
      vertex   1.272064e+01 -3.274361e+01 -3.834400e+00
      vertex   -1.718440e+00 -3.274361e+01 -3.834400e+00
      vertex   1.348016e+01 -3.411681e+01 -3.834400e+00
    endloop
  endfacet
  facet normal 0.000000e+00 0.000000e+00 1.000000e+00
    outer loop
      vertex   1.348016e+01 -3.411681e+01 -3.834400e+00
      vertex   -1.718440e+00 -3.274361e+01 -3.834400e+00
      vertex   -2.477962e+00 -3.411681e+01 -3.834400e+00
    endloop
  endfacet
  facet normal 0.000000e+00 0.000000e+00 1.000000e+00
    outer loop
      vertex   1.348016e+01 -3.411681e+01 -3.834400e+00
      vertex   -2.477962e+00 -3.411681e+01 -3.834400e+00
      vertex   1.438902e+01 -3.539785e+01 -3.834400e+00
    endloop
  endfacet
  facet normal 0.000000e+00 0.000000e+00 1.000000e+00
    outer loop
      vertex   1.438902e+01 -3.539785e+01 -3.834400e+00
      vertex   -2.477962e+00 -3.411681e+01 -3.834400e+00
      vertex   -3.386821e+00 -3.539785e+01 -3.834400e+00
    endloop
  endfacet
  facet normal 0.000000e+00 0.000000e+00 1.000000e+00
    outer loop
      vertex   1.438902e+01 -3.539785e+01 -3.834400e+00
      vertex   -3.386821e+00 -3.539785e+01 -3.834400e+00
      vertex   1.543555e+01 -3.656805e+01 -3.834400e+00
    endloop
  endfacet
  facet normal 0.000000e+00 0.000000e+00 1.000000e+00
    outer loop
      vertex   1.543555e+01 -3.656805e+01 -3.834400e+00
      vertex   -3.386821e+00 -3.539785e+01 -3.834400e+00
      vertex   -4.433351e+00 -3.656805e+01 -3.834400e+00
    endloop
  endfacet
  facet normal 0.000000e+00 0.000000e+00 1.000000e+00
    outer loop
      vertex   1.543555e+01 -3.656805e+01 -3.834400e+00
      vertex   -4.433351e+00 -3.656805e+01 -3.834400e+00
      vertex   1.660575e+01 -3.761458e+01 -3.834400e+00
    endloop
  endfacet
  facet normal 0.000000e+00 0.000000e+00 1.000000e+00
    outer loop
      vertex   1.660575e+01 -3.761458e+01 -3.834400e+00
      vertex   -4.433351e+00 -3.656805e+01 -3.834400e+00
      vertex   -5.603550e+00 -3.761458e+01 -3.834400e+00
    endloop
  endfacet
  facet normal 0.000000e+00 0.000000e+00 1.000000e+00
    outer loop
      vertex   1.660575e+01 -3.761458e+01 -3.834400e+00
      vertex   -5.603550e+00 -3.761458e+01 -3.834400e+00
      vertex   1.788679e+01 -3.852344e+01 -3.834400e+00
    endloop
  endfacet
  facet normal 0.000000e+00 0.000000e+00 1.000000e+00
    outer loop
      vertex   1.788679e+01 -3.852344e+01 -3.834400e+00
      vertex   -5.603550e+00 -3.761458e+01 -3.834400e+00
      vertex   -6.884587e+00 -3.852344e+01 -3.834400e+00
    endloop
  endfacet
  facet normal 0.000000e+00 0.000000e+00 1.000000e+00
    outer loop
      vertex   1.788679e+01 -3.852344e+01 -3.834400e+00
      vertex   -6.884587e+00 -3.852344e+01 -3.834400e+00
      vertex   1.925999e+01 -3.928296e+01 -3.834400e+00
    endloop
  endfacet
  facet normal 0.000000e+00 0.000000e+00 1.000000e+00
    outer loop
      vertex   1.925999e+01 -3.928296e+01 -3.834400e+00
      vertex   -6.884587e+00 -3.852344e+01 -3.834400e+00
      vertex   -8.257793e+00 -3.928296e+01 -3.834400e+00
    endloop
  endfacet
  facet normal 0.000000e+00 0.000000e+00 1.000000e+00
    outer loop
      vertex   1.925999e+01 -3.928296e+01 -3.834400e+00
      vertex   -8.257793e+00 -3.928296e+01 -3.834400e+00
      vertex   2.071137e+01 -3.988381e+01 -3.834400e+00
    endloop
  endfacet
  facet normal 0.000000e+00 0.000000e+00 1.000000e+00
    outer loop
      vertex   2.071137e+01 -3.988381e+01 -3.834400e+00
      vertex   -8.257793e+00 -3.928296e+01 -3.834400e+00
      vertex   -9.709168e+00 -3.988381e+01 -3.834400e+00
    endloop
  endfacet
  facet normal 0.000000e+00 0.000000e+00 1.000000e+00
    outer loop
      vertex   2.071137e+01 -3.988381e+01 -3.834400e+00
      vertex   -9.709168e+00 -3.988381e+01 -3.834400e+00
      vertex   4.400220e+01 -5.291935e+01 -3.834400e+00
    endloop
  endfacet
  facet normal 0.000000e+00 0.000000e+00 1.000000e+00
    outer loop
      vertex   4.400220e+01 -5.291935e+01 -3.834400e+00
      vertex   -9.709168e+00 -3.988381e+01 -3.834400e+00
      vertex   -3.300000e+01 -5.291935e+01 -3.834400e+00
    endloop
  endfacet
  facet normal 0.000000e+00 0.000000e+00 1.000000e+00
    outer loop
      vertex   -3.300000e+01 -5.291935e+01 -3.834400e+00
      vertex   -9.709168e+00 -3.988381e+01 -3.834400e+00
      vertex   -1.121771e+01 -4.031782e+01 -3.834400e+00
    endloop
  endfacet
  facet normal 0.000000e+00 0.000000e+00 1.000000e+00
    outer loop
      vertex   -3.300000e+01 -5.291935e+01 -3.834400e+00
      vertex   -1.121771e+01 -4.031782e+01 -3.834400e+00
      vertex   -1.276476e+01 -4.058150e+01 -3.834400e+00
    endloop
  endfacet
  facet normal 0.000000e+00 0.000000e+00 1.000000e+00
    outer loop
      vertex   -1.276476e+01 -4.058150e+01 -3.834400e+00
      vertex   -1.433280e+01 -4.066900e+01 -3.834400e+00
      vertex   -3.300000e+01 -5.291935e+01 -3.834400e+00
    endloop
  endfacet
  facet normal 0.000000e+00 0.000000e+00 1.000000e+00
    outer loop
      vertex   -3.300000e+01 -5.291935e+01 -3.834400e+00
      vertex   -1.433280e+01 -4.066900e+01 -3.834400e+00
      vertex   -1.590084e+01 -4.058150e+01 -3.834400e+00
    endloop
  endfacet
  facet normal 0.000000e+00 0.000000e+00 1.000000e+00
    outer loop
      vertex   -3.300000e+01 -5.291935e+01 -3.834400e+00
      vertex   -1.590084e+01 -4.058150e+01 -3.834400e+00
      vertex   -1.744789e+01 -4.031782e+01 -3.834400e+00
    endloop
  endfacet
  facet normal 0.000000e+00 0.000000e+00 1.000000e+00
    outer loop
      vertex   -1.744789e+01 -4.031782e+01 -3.834400e+00
      vertex   -1.895643e+01 -3.988381e+01 -3.834400e+00
      vertex   -3.300000e+01 -5.291935e+01 -3.834400e+00
    endloop
  endfacet
  facet normal 0.000000e+00 0.000000e+00 1.000000e+00
    outer loop
      vertex   -3.300000e+01 -5.291935e+01 -3.834400e+00
      vertex   -1.895643e+01 -3.988381e+01 -3.834400e+00
      vertex   -2.040781e+01 -3.928296e+01 -3.834400e+00
    endloop
  endfacet
  facet normal 0.000000e+00 0.000000e+00 1.000000e+00
    outer loop
      vertex   -3.300000e+01 -5.291935e+01 -3.834400e+00
      vertex   -2.040781e+01 -3.928296e+01 -3.834400e+00
      vertex   -2.178101e+01 -3.852344e+01 -3.834400e+00
    endloop
  endfacet
  facet normal 0.000000e+00 0.000000e+00 1.000000e+00
    outer loop
      vertex   -2.178101e+01 -3.852344e+01 -3.834400e+00
      vertex   -2.306205e+01 -3.761458e+01 -3.834400e+00
      vertex   -3.300000e+01 -5.291935e+01 -3.834400e+00
    endloop
  endfacet
  facet normal 0.000000e+00 0.000000e+00 1.000000e+00
    outer loop
      vertex   -3.300000e+01 -5.291935e+01 -3.834400e+00
      vertex   -2.306205e+01 -3.761458e+01 -3.834400e+00
      vertex   -2.423225e+01 -3.656805e+01 -3.834400e+00
    endloop
  endfacet
  facet normal 0.000000e+00 -0.000000e+00 1.000000e+00
    outer loop
      vertex   -3.300000e+01 -5.291935e+01 -3.834400e+00
      vertex   -2.423225e+01 -3.656805e+01 -3.834400e+00
      vertex   -4.058355e+01 -4.533580e+01 -3.834400e+00
    endloop
  endfacet
  facet normal 0.000000e+00 0.000000e+00 1.000000e+00
    outer loop
      vertex   -4.058355e+01 -4.533580e+01 -3.834400e+00
      vertex   -2.423225e+01 -3.656805e+01 -3.834400e+00
      vertex   -2.527878e+01 -3.539785e+01 -3.834400e+00
    endloop
  endfacet
  facet normal 0.000000e+00 0.000000e+00 1.000000e+00
    outer loop
      vertex   -4.058355e+01 -4.533580e+01 -3.834400e+00
      vertex   -2.527878e+01 -3.539785e+01 -3.834400e+00
      vertex   -2.618764e+01 -3.411681e+01 -3.834400e+00
    endloop
  endfacet
  facet normal 0.000000e+00 0.000000e+00 1.000000e+00
    outer loop
      vertex   -6.835768e-01 9.884111e+00 -3.834400e+00
      vertex   1.168578e+01 9.884111e+00 -3.834400e+00
      vertex   -4.199023e-01 1.143116e+01 -3.834400e+00
    endloop
  endfacet
  facet normal -0.000000e+00 0.000000e+00 1.000000e+00
    outer loop
      vertex   -4.199023e-01 1.143116e+01 -3.834400e+00
      vertex   1.168578e+01 9.884111e+00 -3.834400e+00
      vertex   1.142210e+01 1.143116e+01 -3.834400e+00
    endloop
  endfacet
  facet normal 0.000000e+00 0.000000e+00 1.000000e+00
    outer loop
      vertex   -4.199023e-01 1.143116e+01 -3.834400e+00
      vertex   1.142210e+01 1.143116e+01 -3.834400e+00
      vertex   -3.324000e-01 1.299920e+01 -3.834400e+00
    endloop
  endfacet
  facet normal -0.000000e+00 0.000000e+00 1.000000e+00
    outer loop
      vertex   -3.324000e-01 1.299920e+01 -3.834400e+00
      vertex   1.142210e+01 1.143116e+01 -3.834400e+00
      vertex   1.133460e+01 1.299920e+01 -3.834400e+00
    endloop
  endfacet
  facet normal 0.000000e+00 -0.000000e+00 1.000000e+00
    outer loop
      vertex   -3.324000e-01 1.299920e+01 -3.834400e+00
      vertex   1.133460e+01 1.299920e+01 -3.834400e+00
      vertex   -4.199023e-01 1.456724e+01 -3.834400e+00
    endloop
  endfacet
  facet normal -0.000000e+00 0.000000e+00 1.000000e+00
    outer loop
      vertex   -4.199023e-01 1.456724e+01 -3.834400e+00
      vertex   1.133460e+01 1.299920e+01 -3.834400e+00
      vertex   1.142210e+01 1.456724e+01 -3.834400e+00
    endloop
  endfacet
  facet normal 0.000000e+00 -0.000000e+00 1.000000e+00
    outer loop
      vertex   -4.199023e-01 1.456724e+01 -3.834400e+00
      vertex   1.142210e+01 1.456724e+01 -3.834400e+00
      vertex   -6.835768e-01 1.611429e+01 -3.834400e+00
    endloop
  endfacet
  facet normal -0.000000e+00 0.000000e+00 1.000000e+00
    outer loop
      vertex   -6.835768e-01 1.611429e+01 -3.834400e+00
      vertex   1.142210e+01 1.456724e+01 -3.834400e+00
      vertex   1.168578e+01 1.611429e+01 -3.834400e+00
    endloop
  endfacet
  facet normal 0.000000e+00 -0.000000e+00 1.000000e+00
    outer loop
      vertex   -6.835768e-01 1.611429e+01 -3.834400e+00
      vertex   1.168578e+01 1.611429e+01 -3.834400e+00
      vertex   -1.117589e+00 1.762283e+01 -3.834400e+00
    endloop
  endfacet
  facet normal -0.000000e+00 0.000000e+00 1.000000e+00
    outer loop
      vertex   -1.117589e+00 1.762283e+01 -3.834400e+00
      vertex   1.168578e+01 1.611429e+01 -3.834400e+00
      vertex   1.211979e+01 1.762283e+01 -3.834400e+00
    endloop
  endfacet
  facet normal 0.000000e+00 -0.000000e+00 1.000000e+00
    outer loop
      vertex   -1.117589e+00 1.762283e+01 -3.834400e+00
      vertex   1.211979e+01 1.762283e+01 -3.834400e+00
      vertex   -1.718440e+00 1.907421e+01 -3.834400e+00
    endloop
  endfacet
  facet normal -0.000000e+00 0.000000e+00 1.000000e+00
    outer loop
      vertex   -1.718440e+00 1.907421e+01 -3.834400e+00
      vertex   1.211979e+01 1.762283e+01 -3.834400e+00
      vertex   1.272064e+01 1.907421e+01 -3.834400e+00
    endloop
  endfacet
  facet normal 0.000000e+00 -0.000000e+00 1.000000e+00
    outer loop
      vertex   -1.718440e+00 1.907421e+01 -3.834400e+00
      vertex   1.272064e+01 1.907421e+01 -3.834400e+00
      vertex   -2.477962e+00 2.044741e+01 -3.834400e+00
    endloop
  endfacet
  facet normal -0.000000e+00 0.000000e+00 1.000000e+00
    outer loop
      vertex   -2.477962e+00 2.044741e+01 -3.834400e+00
      vertex   1.272064e+01 1.907421e+01 -3.834400e+00
      vertex   1.348016e+01 2.044741e+01 -3.834400e+00
    endloop
  endfacet
  facet normal 0.000000e+00 -0.000000e+00 1.000000e+00
    outer loop
      vertex   -2.477962e+00 2.044741e+01 -3.834400e+00
      vertex   1.348016e+01 2.044741e+01 -3.834400e+00
      vertex   -3.386821e+00 2.172845e+01 -3.834400e+00
    endloop
  endfacet
  facet normal -0.000000e+00 0.000000e+00 1.000000e+00
    outer loop
      vertex   -3.386821e+00 2.172845e+01 -3.834400e+00
      vertex   1.348016e+01 2.044741e+01 -3.834400e+00
      vertex   1.438902e+01 2.172845e+01 -3.834400e+00
    endloop
  endfacet
  facet normal 0.000000e+00 -0.000000e+00 1.000000e+00
    outer loop
      vertex   -3.386821e+00 2.172845e+01 -3.834400e+00
      vertex   1.438902e+01 2.172845e+01 -3.834400e+00
      vertex   -4.433351e+00 2.289865e+01 -3.834400e+00
    endloop
  endfacet
  facet normal -0.000000e+00 0.000000e+00 1.000000e+00
    outer loop
      vertex   -4.433351e+00 2.289865e+01 -3.834400e+00
      vertex   1.438902e+01 2.172845e+01 -3.834400e+00
      vertex   1.543555e+01 2.289865e+01 -3.834400e+00
    endloop
  endfacet
  facet normal 0.000000e+00 -0.000000e+00 1.000000e+00
    outer loop
      vertex   -4.433351e+00 2.289865e+01 -3.834400e+00
      vertex   1.543555e+01 2.289865e+01 -3.834400e+00
      vertex   -5.603550e+00 2.394518e+01 -3.834400e+00
    endloop
  endfacet
  facet normal -0.000000e+00 0.000000e+00 1.000000e+00
    outer loop
      vertex   -5.603550e+00 2.394518e+01 -3.834400e+00
      vertex   1.543555e+01 2.289865e+01 -3.834400e+00
      vertex   1.660575e+01 2.394518e+01 -3.834400e+00
    endloop
  endfacet
  facet normal 0.000000e+00 -0.000000e+00 1.000000e+00
    outer loop
      vertex   -5.603550e+00 2.394518e+01 -3.834400e+00
      vertex   1.660575e+01 2.394518e+01 -3.834400e+00
      vertex   -6.884587e+00 2.485404e+01 -3.834400e+00
    endloop
  endfacet
  facet normal -0.000000e+00 0.000000e+00 1.000000e+00
    outer loop
      vertex   -6.884587e+00 2.485404e+01 -3.834400e+00
      vertex   1.660575e+01 2.394518e+01 -3.834400e+00
      vertex   1.788679e+01 2.485404e+01 -3.834400e+00
    endloop
  endfacet
  facet normal 0.000000e+00 -0.000000e+00 1.000000e+00
    outer loop
      vertex   -6.884587e+00 2.485404e+01 -3.834400e+00
      vertex   1.788679e+01 2.485404e+01 -3.834400e+00
      vertex   -8.257793e+00 2.561356e+01 -3.834400e+00
    endloop
  endfacet
  facet normal -0.000000e+00 0.000000e+00 1.000000e+00
    outer loop
      vertex   -8.257793e+00 2.561356e+01 -3.834400e+00
      vertex   1.788679e+01 2.485404e+01 -3.834400e+00
      vertex   1.925999e+01 2.561356e+01 -3.834400e+00
    endloop
  endfacet
  facet normal 0.000000e+00 -0.000000e+00 1.000000e+00
    outer loop
      vertex   -8.257793e+00 2.561356e+01 -3.834400e+00
      vertex   1.925999e+01 2.561356e+01 -3.834400e+00
      vertex   -9.709168e+00 2.621441e+01 -3.834400e+00
    endloop
  endfacet
  facet normal -0.000000e+00 0.000000e+00 1.000000e+00
    outer loop
      vertex   -9.709168e+00 2.621441e+01 -3.834400e+00
      vertex   1.925999e+01 2.561356e+01 -3.834400e+00
      vertex   2.071137e+01 2.621441e+01 -3.834400e+00
    endloop
  endfacet
  facet normal 0.000000e+00 -0.000000e+00 1.000000e+00
    outer loop
      vertex   -9.709168e+00 2.621441e+01 -3.834400e+00
      vertex   2.071137e+01 2.621441e+01 -3.834400e+00
      vertex   -3.300000e+01 3.924995e+01 -3.834400e+00
    endloop
  endfacet
  facet normal -0.000000e+00 0.000000e+00 1.000000e+00
    outer loop
      vertex   -3.300000e+01 3.924995e+01 -3.834400e+00
      vertex   2.071137e+01 2.621441e+01 -3.834400e+00
      vertex   4.400220e+01 3.924995e+01 -3.834400e+00
    endloop
  endfacet
  facet normal 0.000000e+00 0.000000e+00 1.000000e+00
    outer loop
      vertex   4.400220e+01 3.924995e+01 -3.834400e+00
      vertex   2.071137e+01 2.621441e+01 -3.834400e+00
      vertex   2.221991e+01 2.664842e+01 -3.834400e+00
    endloop
  endfacet
  facet normal 0.000000e+00 0.000000e+00 1.000000e+00
    outer loop
      vertex   4.400220e+01 3.924995e+01 -3.834400e+00
      vertex   2.221991e+01 2.664842e+01 -3.834400e+00
      vertex   2.376696e+01 2.691210e+01 -3.834400e+00
    endloop
  endfacet
  facet normal 0.000000e+00 0.000000e+00 1.000000e+00
    outer loop
      vertex   1.168578e+01 9.884111e+00 -3.834400e+00
      vertex   -6.835768e-01 9.884111e+00 -3.834400e+00
      vertex   1.211979e+01 8.375568e+00 -3.834400e+00
    endloop
  endfacet
  facet normal 0.000000e+00 0.000000e+00 1.000000e+00
    outer loop
      vertex   1.211979e+01 8.375568e+00 -3.834400e+00
      vertex   -6.835768e-01 9.884111e+00 -3.834400e+00
      vertex   -1.117589e+00 8.375568e+00 -3.834400e+00
    endloop
  endfacet
  facet normal 0.000000e+00 0.000000e+00 1.000000e+00
    outer loop
      vertex   1.211979e+01 8.375568e+00 -3.834400e+00
      vertex   -1.117589e+00 8.375568e+00 -3.834400e+00
      vertex   1.272064e+01 6.924193e+00 -3.834400e+00
    endloop
  endfacet
  facet normal 0.000000e+00 0.000000e+00 1.000000e+00
    outer loop
      vertex   1.272064e+01 6.924193e+00 -3.834400e+00
      vertex   -1.117589e+00 8.375568e+00 -3.834400e+00
      vertex   -1.718440e+00 6.924193e+00 -3.834400e+00
    endloop
  endfacet
  facet normal 0.000000e+00 0.000000e+00 1.000000e+00
    outer loop
      vertex   1.272064e+01 6.924193e+00 -3.834400e+00
      vertex   -1.718440e+00 6.924193e+00 -3.834400e+00
      vertex   1.348016e+01 5.550987e+00 -3.834400e+00
    endloop
  endfacet
  facet normal 0.000000e+00 0.000000e+00 1.000000e+00
    outer loop
      vertex   1.348016e+01 5.550987e+00 -3.834400e+00
      vertex   -1.718440e+00 6.924193e+00 -3.834400e+00
      vertex   -2.477962e+00 5.550987e+00 -3.834400e+00
    endloop
  endfacet
  facet normal 0.000000e+00 0.000000e+00 1.000000e+00
    outer loop
      vertex   1.348016e+01 5.550987e+00 -3.834400e+00
      vertex   -2.477962e+00 5.550987e+00 -3.834400e+00
      vertex   1.438902e+01 4.269950e+00 -3.834400e+00
    endloop
  endfacet
  facet normal 0.000000e+00 0.000000e+00 1.000000e+00
    outer loop
      vertex   1.438902e+01 4.269950e+00 -3.834400e+00
      vertex   -2.477962e+00 5.550987e+00 -3.834400e+00
      vertex   -3.386821e+00 4.269950e+00 -3.834400e+00
    endloop
  endfacet
  facet normal 0.000000e+00 0.000000e+00 1.000000e+00
    outer loop
      vertex   1.438902e+01 4.269950e+00 -3.834400e+00
      vertex   -3.386821e+00 4.269950e+00 -3.834400e+00
      vertex   1.543555e+01 3.099751e+00 -3.834400e+00
    endloop
  endfacet
  facet normal 0.000000e+00 0.000000e+00 1.000000e+00
    outer loop
      vertex   1.543555e+01 3.099751e+00 -3.834400e+00
      vertex   -3.386821e+00 4.269950e+00 -3.834400e+00
      vertex   -4.433351e+00 3.099751e+00 -3.834400e+00
    endloop
  endfacet
  facet normal 0.000000e+00 0.000000e+00 1.000000e+00
    outer loop
      vertex   -4.058355e+01 -4.533580e+01 -3.834400e+00
      vertex   -2.754801e+01 8.375568e+00 -3.834400e+00
      vertex   -4.058355e+01 3.166640e+01 -3.834400e+00
    endloop
  endfacet
  facet normal 0.000000e+00 0.000000e+00 1.000000e+00
    outer loop
      vertex   -4.058355e+01 3.166640e+01 -3.834400e+00
      vertex   -2.754801e+01 8.375568e+00 -3.834400e+00
      vertex   -2.798202e+01 9.884111e+00 -3.834400e+00
    endloop
  endfacet
  facet normal 0.000000e+00 0.000000e+00 1.000000e+00
    outer loop
      vertex   -4.058355e+01 3.166640e+01 -3.834400e+00
      vertex   -2.798202e+01 9.884111e+00 -3.834400e+00
      vertex   -2.824570e+01 1.143116e+01 -3.834400e+00
    endloop
  endfacet
  facet normal 0.000000e+00 0.000000e+00 1.000000e+00
    outer loop
      vertex   -2.824570e+01 1.143116e+01 -3.834400e+00
      vertex   -2.833320e+01 1.299920e+01 -3.834400e+00
      vertex   -4.058355e+01 3.166640e+01 -3.834400e+00
    endloop
  endfacet
  facet normal 0.000000e+00 0.000000e+00 1.000000e+00
    outer loop
      vertex   -4.058355e+01 3.166640e+01 -3.834400e+00
      vertex   -2.833320e+01 1.299920e+01 -3.834400e+00
      vertex   -2.824570e+01 1.456724e+01 -3.834400e+00
    endloop
  endfacet
  facet normal 0.000000e+00 0.000000e+00 1.000000e+00
    outer loop
      vertex   -4.058355e+01 3.166640e+01 -3.834400e+00
      vertex   -2.824570e+01 1.456724e+01 -3.834400e+00
      vertex   -2.798202e+01 1.611429e+01 -3.834400e+00
    endloop
  endfacet
  facet normal 0.000000e+00 -0.000000e+00 1.000000e+00
    outer loop
      vertex   -2.798202e+01 1.611429e+01 -3.834400e+00
      vertex   -2.754801e+01 1.762283e+01 -3.834400e+00
      vertex   -4.058355e+01 3.166640e+01 -3.834400e+00
    endloop
  endfacet
  facet normal 0.000000e+00 0.000000e+00 1.000000e+00
    outer loop
      vertex   -4.058355e+01 3.166640e+01 -3.834400e+00
      vertex   -2.754801e+01 1.762283e+01 -3.834400e+00
      vertex   -2.694716e+01 1.907421e+01 -3.834400e+00
    endloop
  endfacet
  facet normal 0.000000e+00 0.000000e+00 1.000000e+00
    outer loop
      vertex   -4.058355e+01 3.166640e+01 -3.834400e+00
      vertex   -2.694716e+01 1.907421e+01 -3.834400e+00
      vertex   -2.618764e+01 2.044741e+01 -3.834400e+00
    endloop
  endfacet
  facet normal 0.000000e+00 -0.000000e+00 1.000000e+00
    outer loop
      vertex   -2.618764e+01 2.044741e+01 -3.834400e+00
      vertex   -2.527878e+01 2.172845e+01 -3.834400e+00
      vertex   -4.058355e+01 3.166640e+01 -3.834400e+00
    endloop
  endfacet
  facet normal 0.000000e+00 0.000000e+00 1.000000e+00
    outer loop
      vertex   -4.058355e+01 3.166640e+01 -3.834400e+00
      vertex   -2.527878e+01 2.172845e+01 -3.834400e+00
      vertex   -2.423225e+01 2.289865e+01 -3.834400e+00
    endloop
  endfacet
  facet normal -0.000000e+00 0.000000e+00 1.000000e+00
    outer loop
      vertex   -4.058355e+01 3.166640e+01 -3.834400e+00
      vertex   -2.423225e+01 2.289865e+01 -3.834400e+00
      vertex   -3.300000e+01 3.924995e+01 -3.834400e+00
    endloop
  endfacet
  facet normal 0.000000e+00 0.000000e+00 1.000000e+00
    outer loop
      vertex   -3.300000e+01 3.924995e+01 -3.834400e+00
      vertex   -2.423225e+01 2.289865e+01 -3.834400e+00
      vertex   -2.306205e+01 2.394518e+01 -3.834400e+00
    endloop
  endfacet
  facet normal 0.000000e+00 0.000000e+00 1.000000e+00
    outer loop
      vertex   -3.300000e+01 3.924995e+01 -3.834400e+00
      vertex   -2.306205e+01 2.394518e+01 -3.834400e+00
      vertex   -2.178101e+01 2.485404e+01 -3.834400e+00
    endloop
  endfacet
  facet normal 0.000000e+00 -0.000000e+00 1.000000e+00
    outer loop
      vertex   -2.178101e+01 2.485404e+01 -3.834400e+00
      vertex   -2.040781e+01 2.561356e+01 -3.834400e+00
      vertex   -3.300000e+01 3.924995e+01 -3.834400e+00
    endloop
  endfacet
  facet normal 0.000000e+00 0.000000e+00 1.000000e+00
    outer loop
      vertex   -3.300000e+01 3.924995e+01 -3.834400e+00
      vertex   -2.040781e+01 2.561356e+01 -3.834400e+00
      vertex   -1.895643e+01 2.621441e+01 -3.834400e+00
    endloop
  endfacet
  facet normal 0.000000e+00 0.000000e+00 1.000000e+00
    outer loop
      vertex   -3.300000e+01 3.924995e+01 -3.834400e+00
      vertex   -1.895643e+01 2.621441e+01 -3.834400e+00
      vertex   -1.744789e+01 2.664842e+01 -3.834400e+00
    endloop
  endfacet
  facet normal 0.000000e+00 -0.000000e+00 1.000000e+00
    outer loop
      vertex   -1.744789e+01 2.664842e+01 -3.834400e+00
      vertex   -1.590084e+01 2.691210e+01 -3.834400e+00
      vertex   -3.300000e+01 3.924995e+01 -3.834400e+00
    endloop
  endfacet
  facet normal 0.000000e+00 0.000000e+00 1.000000e+00
    outer loop
      vertex   -3.300000e+01 3.924995e+01 -3.834400e+00
      vertex   -1.590084e+01 2.691210e+01 -3.834400e+00
      vertex   -1.433280e+01 2.699960e+01 -3.834400e+00
    endloop
  endfacet
  facet normal 0.000000e+00 0.000000e+00 1.000000e+00
    outer loop
      vertex   -3.300000e+01 3.924995e+01 -3.834400e+00
      vertex   -1.433280e+01 2.699960e+01 -3.834400e+00
      vertex   -1.276476e+01 2.691210e+01 -3.834400e+00
    endloop
  endfacet
  facet normal -0.000000e+00 -0.000000e+00 1.000000e+00
    outer loop
      vertex   -1.276476e+01 2.691210e+01 -3.834400e+00
      vertex   -1.121771e+01 2.664842e+01 -3.834400e+00
      vertex   -3.300000e+01 3.924995e+01 -3.834400e+00
    endloop
  endfacet
  facet normal 0.000000e+00 0.000000e+00 1.000000e+00
    outer loop
      vertex   -3.300000e+01 3.924995e+01 -3.834400e+00
      vertex   -1.121771e+01 2.664842e+01 -3.834400e+00
      vertex   -9.709168e+00 2.621441e+01 -3.834400e+00
    endloop
  endfacet
  facet normal -0.000000e+00 0.000000e+00 1.000000e+00
    outer loop
      vertex   2.533500e+01 -1.001200e+00 -3.834400e+00
      vertex   2.690304e+01 -1.275570e+01 -3.834400e+00
      vertex   2.690304e+01 -9.136977e-01 -3.834400e+00
    endloop
  endfacet
  facet normal 0.000000e+00 0.000000e+00 1.000000e+00
    outer loop
      vertex   2.690304e+01 -9.136977e-01 -3.834400e+00
      vertex   2.690304e+01 -1.275570e+01 -3.834400e+00
      vertex   2.845009e+01 -1.301938e+01 -3.834400e+00
    endloop
  endfacet
  facet normal -0.000000e+00 0.000000e+00 1.000000e+00
    outer loop
      vertex   2.690304e+01 -9.136977e-01 -3.834400e+00
      vertex   2.845009e+01 -1.301938e+01 -3.834400e+00
      vertex   2.845009e+01 -6.500232e-01 -3.834400e+00
    endloop
  endfacet
  facet normal 0.000000e+00 0.000000e+00 1.000000e+00
    outer loop
      vertex   2.845009e+01 -6.500232e-01 -3.834400e+00
      vertex   2.845009e+01 -1.301938e+01 -3.834400e+00
      vertex   2.995863e+01 -1.345339e+01 -3.834400e+00
    endloop
  endfacet
  facet normal -0.000000e+00 0.000000e+00 1.000000e+00
    outer loop
      vertex   2.845009e+01 -6.500232e-01 -3.834400e+00
      vertex   2.995863e+01 -1.345339e+01 -3.834400e+00
      vertex   2.995863e+01 -2.160111e-01 -3.834400e+00
    endloop
  endfacet
  facet normal 0.000000e+00 0.000000e+00 1.000000e+00
    outer loop
      vertex   2.995863e+01 -2.160111e-01 -3.834400e+00
      vertex   2.995863e+01 -1.345339e+01 -3.834400e+00
      vertex   3.141001e+01 -1.405424e+01 -3.834400e+00
    endloop
  endfacet
  facet normal -0.000000e+00 0.000000e+00 1.000000e+00
    outer loop
      vertex   2.995863e+01 -2.160111e-01 -3.834400e+00
      vertex   3.141001e+01 -1.405424e+01 -3.834400e+00
      vertex   3.141001e+01 3.848398e-01 -3.834400e+00
    endloop
  endfacet
  facet normal 0.000000e+00 0.000000e+00 1.000000e+00
    outer loop
      vertex   3.141001e+01 3.848398e-01 -3.834400e+00
      vertex   3.141001e+01 -1.405424e+01 -3.834400e+00
      vertex   3.278321e+01 -1.481376e+01 -3.834400e+00
    endloop
  endfacet
  facet normal -0.000000e+00 0.000000e+00 1.000000e+00
    outer loop
      vertex   3.141001e+01 3.848398e-01 -3.834400e+00
      vertex   3.278321e+01 -1.481376e+01 -3.834400e+00
      vertex   3.278321e+01 1.144362e+00 -3.834400e+00
    endloop
  endfacet
  facet normal 0.000000e+00 0.000000e+00 1.000000e+00
    outer loop
      vertex   3.278321e+01 1.144362e+00 -3.834400e+00
      vertex   3.278321e+01 -1.481376e+01 -3.834400e+00
      vertex   3.406425e+01 -1.572262e+01 -3.834400e+00
    endloop
  endfacet
  facet normal -0.000000e+00 0.000000e+00 1.000000e+00
    outer loop
      vertex   3.278321e+01 1.144362e+00 -3.834400e+00
      vertex   3.406425e+01 -1.572262e+01 -3.834400e+00
      vertex   3.406425e+01 2.053221e+00 -3.834400e+00
    endloop
  endfacet
  facet normal 0.000000e+00 0.000000e+00 1.000000e+00
    outer loop
      vertex   3.406425e+01 2.053221e+00 -3.834400e+00
      vertex   3.406425e+01 -1.572262e+01 -3.834400e+00
      vertex   3.523445e+01 -1.676915e+01 -3.834400e+00
    endloop
  endfacet
  facet normal -0.000000e+00 0.000000e+00 1.000000e+00
    outer loop
      vertex   3.406425e+01 2.053221e+00 -3.834400e+00
      vertex   3.523445e+01 -1.676915e+01 -3.834400e+00
      vertex   3.523445e+01 3.099751e+00 -3.834400e+00
    endloop
  endfacet
  facet normal 0.000000e+00 0.000000e+00 1.000000e+00
    outer loop
      vertex   3.523445e+01 3.099751e+00 -3.834400e+00
      vertex   3.523445e+01 -1.676915e+01 -3.834400e+00
      vertex   3.628098e+01 -1.793935e+01 -3.834400e+00
    endloop
  endfacet
  facet normal -0.000000e+00 0.000000e+00 1.000000e+00
    outer loop
      vertex   3.523445e+01 3.099751e+00 -3.834400e+00
      vertex   3.628098e+01 -1.793935e+01 -3.834400e+00
      vertex   3.628098e+01 4.269950e+00 -3.834400e+00
    endloop
  endfacet
  facet normal 0.000000e+00 0.000000e+00 1.000000e+00
    outer loop
      vertex   3.628098e+01 4.269950e+00 -3.834400e+00
      vertex   3.628098e+01 -1.793935e+01 -3.834400e+00
      vertex   3.718984e+01 -1.922039e+01 -3.834400e+00
    endloop
  endfacet
  facet normal -0.000000e+00 0.000000e+00 1.000000e+00
    outer loop
      vertex   3.628098e+01 4.269950e+00 -3.834400e+00
      vertex   3.718984e+01 -1.922039e+01 -3.834400e+00
      vertex   3.718984e+01 5.550987e+00 -3.834400e+00
    endloop
  endfacet
  facet normal 0.000000e+00 0.000000e+00 1.000000e+00
    outer loop
      vertex   3.718984e+01 5.550987e+00 -3.834400e+00
      vertex   3.718984e+01 -1.922039e+01 -3.834400e+00
      vertex   3.794936e+01 -2.059359e+01 -3.834400e+00
    endloop
  endfacet
  facet normal -0.000000e+00 0.000000e+00 1.000000e+00
    outer loop
      vertex   3.718984e+01 5.550987e+00 -3.834400e+00
      vertex   3.794936e+01 -2.059359e+01 -3.834400e+00
      vertex   3.794936e+01 6.924193e+00 -3.834400e+00
    endloop
  endfacet
  facet normal -0.000000e+00 0.000000e+00 1.000000e+00
    outer loop
      vertex   3.794936e+01 6.924193e+00 -3.834400e+00
      vertex   3.794936e+01 -2.059359e+01 -3.834400e+00
      vertex   3.855021e+01 8.375568e+00 -3.834400e+00
    endloop
  endfacet
  facet normal 0.000000e+00 0.000000e+00 1.000000e+00
    outer loop
      vertex   3.855021e+01 8.375568e+00 -3.834400e+00
      vertex   3.794936e+01 -2.059359e+01 -3.834400e+00
      vertex   3.855021e+01 -2.204497e+01 -3.834400e+00
    endloop
  endfacet
  facet normal 0.000000e+00 0.000000e+00 1.000000e+00
    outer loop
      vertex   3.855021e+01 8.375568e+00 -3.834400e+00
      vertex   3.855021e+01 -2.204497e+01 -3.834400e+00
      vertex   5.158575e+01 -4.533580e+01 -3.834400e+00
    endloop
  endfacet
  facet normal 0.000000e+00 0.000000e+00 1.000000e+00
    outer loop
      vertex   5.158575e+01 -4.533580e+01 -3.834400e+00
      vertex   3.855021e+01 -2.204497e+01 -3.834400e+00
      vertex   3.898422e+01 -2.355351e+01 -3.834400e+00
    endloop
  endfacet
  facet normal 0.000000e+00 0.000000e+00 1.000000e+00
    outer loop
      vertex   5.158575e+01 -4.533580e+01 -3.834400e+00
      vertex   3.898422e+01 -2.355351e+01 -3.834400e+00
      vertex   3.924790e+01 -2.510056e+01 -3.834400e+00
    endloop
  endfacet
  facet normal 0.000000e+00 0.000000e+00 1.000000e+00
    outer loop
      vertex   3.924790e+01 -2.510056e+01 -3.834400e+00
      vertex   3.933540e+01 -2.666860e+01 -3.834400e+00
      vertex   5.158575e+01 -4.533580e+01 -3.834400e+00
    endloop
  endfacet
  facet normal 0.000000e+00 0.000000e+00 1.000000e+00
    outer loop
      vertex   5.158575e+01 -4.533580e+01 -3.834400e+00
      vertex   3.933540e+01 -2.666860e+01 -3.834400e+00
      vertex   3.924790e+01 -2.823664e+01 -3.834400e+00
    endloop
  endfacet
  facet normal 0.000000e+00 0.000000e+00 1.000000e+00
    outer loop
      vertex   5.158575e+01 -4.533580e+01 -3.834400e+00
      vertex   3.924790e+01 -2.823664e+01 -3.834400e+00
      vertex   3.898422e+01 -2.978369e+01 -3.834400e+00
    endloop
  endfacet
  facet normal 0.000000e+00 0.000000e+00 1.000000e+00
    outer loop
      vertex   3.898422e+01 -2.978369e+01 -3.834400e+00
      vertex   3.855021e+01 -3.129223e+01 -3.834400e+00
      vertex   5.158575e+01 -4.533580e+01 -3.834400e+00
    endloop
  endfacet
  facet normal 0.000000e+00 0.000000e+00 1.000000e+00
    outer loop
      vertex   5.158575e+01 -4.533580e+01 -3.834400e+00
      vertex   3.855021e+01 -3.129223e+01 -3.834400e+00
      vertex   3.794936e+01 -3.274361e+01 -3.834400e+00
    endloop
  endfacet
  facet normal 0.000000e+00 0.000000e+00 1.000000e+00
    outer loop
      vertex   5.158575e+01 -4.533580e+01 -3.834400e+00
      vertex   3.794936e+01 -3.274361e+01 -3.834400e+00
      vertex   3.718984e+01 -3.411681e+01 -3.834400e+00
    endloop
  endfacet
  facet normal 0.000000e+00 0.000000e+00 1.000000e+00
    outer loop
      vertex   3.718984e+01 -3.411681e+01 -3.834400e+00
      vertex   3.628098e+01 -3.539785e+01 -3.834400e+00
      vertex   5.158575e+01 -4.533580e+01 -3.834400e+00
    endloop
  endfacet
  facet normal 0.000000e+00 0.000000e+00 1.000000e+00
    outer loop
      vertex   5.158575e+01 -4.533580e+01 -3.834400e+00
      vertex   3.628098e+01 -3.539785e+01 -3.834400e+00
      vertex   3.523445e+01 -3.656805e+01 -3.834400e+00
    endloop
  endfacet
  facet normal 0.000000e+00 0.000000e+00 1.000000e+00
    outer loop
      vertex   5.158575e+01 -4.533580e+01 -3.834400e+00
      vertex   3.523445e+01 -3.656805e+01 -3.834400e+00
      vertex   3.406425e+01 -3.761458e+01 -3.834400e+00
    endloop
  endfacet
  facet normal -0.000000e+00 0.000000e+00 1.000000e+00
    outer loop
      vertex   3.278321e+01 -3.852344e+01 -3.834400e+00
      vertex   4.400220e+01 -5.291935e+01 -3.834400e+00
      vertex   3.406425e+01 -3.761458e+01 -3.834400e+00
    endloop
  endfacet
  facet normal 0.000000e+00 0.000000e+00 1.000000e+00
    outer loop
      vertex   3.406425e+01 -3.761458e+01 -3.834400e+00
      vertex   4.400220e+01 -5.291935e+01 -3.834400e+00
      vertex   4.508140e+01 -5.284235e+01 -3.834400e+00
    endloop
  endfacet
  facet normal 0.000000e+00 0.000000e+00 1.000000e+00
    outer loop
      vertex   3.406425e+01 -3.761458e+01 -3.834400e+00
      vertex   4.508140e+01 -5.284235e+01 -3.834400e+00
      vertex   4.613843e+01 -5.261251e+01 -3.834400e+00
    endloop
  endfacet
  facet normal 0.000000e+00 0.000000e+00 1.000000e+00
    outer loop
      vertex   3.278321e+01 -3.852344e+01 -3.834400e+00
      vertex   3.141001e+01 -3.928296e+01 -3.834400e+00
      vertex   4.400220e+01 -5.291935e+01 -3.834400e+00
    endloop
  endfacet
  facet normal 0.000000e+00 0.000000e+00 1.000000e+00
    outer loop
      vertex   4.400220e+01 -5.291935e+01 -3.834400e+00
      vertex   3.141001e+01 -3.928296e+01 -3.834400e+00
      vertex   2.995863e+01 -3.988381e+01 -3.834400e+00
    endloop
  endfacet
  facet normal 0.000000e+00 0.000000e+00 1.000000e+00
    outer loop
      vertex   4.400220e+01 -5.291935e+01 -3.834400e+00
      vertex   2.995863e+01 -3.988381e+01 -3.834400e+00
      vertex   2.845009e+01 -4.031782e+01 -3.834400e+00
    endloop
  endfacet
  facet normal 0.000000e+00 0.000000e+00 1.000000e+00
    outer loop
      vertex   2.845009e+01 -4.031782e+01 -3.834400e+00
      vertex   2.690304e+01 -4.058150e+01 -3.834400e+00
      vertex   4.400220e+01 -5.291935e+01 -3.834400e+00
    endloop
  endfacet
  facet normal 0.000000e+00 0.000000e+00 1.000000e+00
    outer loop
      vertex   4.400220e+01 -5.291935e+01 -3.834400e+00
      vertex   2.690304e+01 -4.058150e+01 -3.834400e+00
      vertex   2.533500e+01 -4.066900e+01 -3.834400e+00
    endloop
  endfacet
  facet normal 0.000000e+00 0.000000e+00 1.000000e+00
    outer loop
      vertex   4.400220e+01 -5.291935e+01 -3.834400e+00
      vertex   2.533500e+01 -4.066900e+01 -3.834400e+00
      vertex   2.376696e+01 -4.058150e+01 -3.834400e+00
    endloop
  endfacet
  facet normal 0.000000e+00 0.000000e+00 1.000000e+00
    outer loop
      vertex   2.376696e+01 -4.058150e+01 -3.834400e+00
      vertex   2.221991e+01 -4.031782e+01 -3.834400e+00
      vertex   4.400220e+01 -5.291935e+01 -3.834400e+00
    endloop
  endfacet
  facet normal 0.000000e+00 0.000000e+00 1.000000e+00
    outer loop
      vertex   4.400220e+01 -5.291935e+01 -3.834400e+00
      vertex   2.221991e+01 -4.031782e+01 -3.834400e+00
      vertex   2.071137e+01 -3.988381e+01 -3.834400e+00
    endloop
  endfacet
  facet normal 0.000000e+00 0.000000e+00 1.000000e+00
    outer loop
      vertex   2.376696e+01 2.691210e+01 -3.834400e+00
      vertex   2.533500e+01 2.699960e+01 -3.834400e+00
      vertex   4.400220e+01 3.924995e+01 -3.834400e+00
    endloop
  endfacet
  facet normal 0.000000e+00 0.000000e+00 1.000000e+00
    outer loop
      vertex   4.400220e+01 3.924995e+01 -3.834400e+00
      vertex   2.533500e+01 2.699960e+01 -3.834400e+00
      vertex   2.690304e+01 2.691210e+01 -3.834400e+00
    endloop
  endfacet
  facet normal 0.000000e+00 0.000000e+00 1.000000e+00
    outer loop
      vertex   4.400220e+01 3.924995e+01 -3.834400e+00
      vertex   2.690304e+01 2.691210e+01 -3.834400e+00
      vertex   2.845009e+01 2.664842e+01 -3.834400e+00
    endloop
  endfacet
  facet normal -0.000000e+00 0.000000e+00 1.000000e+00
    outer loop
      vertex   2.845009e+01 2.664842e+01 -3.834400e+00
      vertex   2.995863e+01 2.621441e+01 -3.834400e+00
      vertex   4.400220e+01 3.924995e+01 -3.834400e+00
    endloop
  endfacet
  facet normal 0.000000e+00 0.000000e+00 1.000000e+00
    outer loop
      vertex   4.400220e+01 3.924995e+01 -3.834400e+00
      vertex   2.995863e+01 2.621441e+01 -3.834400e+00
      vertex   3.141001e+01 2.561356e+01 -3.834400e+00
    endloop
  endfacet
  facet normal 0.000000e+00 0.000000e+00 1.000000e+00
    outer loop
      vertex   4.400220e+01 3.924995e+01 -3.834400e+00
      vertex   3.141001e+01 2.561356e+01 -3.834400e+00
      vertex   3.278321e+01 2.485404e+01 -3.834400e+00
    endloop
  endfacet
  facet normal -0.000000e+00 0.000000e+00 1.000000e+00
    outer loop
      vertex   3.278321e+01 2.485404e+01 -3.834400e+00
      vertex   3.406425e+01 2.394518e+01 -3.834400e+00
      vertex   4.400220e+01 3.924995e+01 -3.834400e+00
    endloop
  endfacet
  facet normal 0.000000e+00 0.000000e+00 1.000000e+00
    outer loop
      vertex   4.400220e+01 3.924995e+01 -3.834400e+00
      vertex   3.406425e+01 2.394518e+01 -3.834400e+00
      vertex   3.523445e+01 2.289865e+01 -3.834400e+00
    endloop
  endfacet
  facet normal 0.000000e+00 0.000000e+00 1.000000e+00
    outer loop
      vertex   4.400220e+01 3.924995e+01 -3.834400e+00
      vertex   3.523445e+01 2.289865e+01 -3.834400e+00
      vertex   5.158575e+01 3.166640e+01 -3.834400e+00
    endloop
  endfacet
  facet normal 0.000000e+00 0.000000e+00 1.000000e+00
    outer loop
      vertex   5.158575e+01 3.166640e+01 -3.834400e+00
      vertex   3.523445e+01 2.289865e+01 -3.834400e+00
      vertex   3.628098e+01 2.172845e+01 -3.834400e+00
    endloop
  endfacet
  facet normal 0.000000e+00 0.000000e+00 1.000000e+00
    outer loop
      vertex   5.158575e+01 3.166640e+01 -3.834400e+00
      vertex   3.628098e+01 2.172845e+01 -3.834400e+00
      vertex   3.718984e+01 2.044741e+01 -3.834400e+00
    endloop
  endfacet
  facet normal -0.000000e+00 0.000000e+00 1.000000e+00
    outer loop
      vertex   3.718984e+01 2.044741e+01 -3.834400e+00
      vertex   3.794936e+01 1.907421e+01 -3.834400e+00
      vertex   5.158575e+01 3.166640e+01 -3.834400e+00
    endloop
  endfacet
  facet normal 0.000000e+00 0.000000e+00 1.000000e+00
    outer loop
      vertex   5.158575e+01 3.166640e+01 -3.834400e+00
      vertex   3.794936e+01 1.907421e+01 -3.834400e+00
      vertex   3.855021e+01 1.762283e+01 -3.834400e+00
    endloop
  endfacet
  facet normal 0.000000e+00 0.000000e+00 1.000000e+00
    outer loop
      vertex   5.158575e+01 3.166640e+01 -3.834400e+00
      vertex   3.855021e+01 1.762283e+01 -3.834400e+00
      vertex   3.898422e+01 1.611429e+01 -3.834400e+00
    endloop
  endfacet
  facet normal -0.000000e+00 0.000000e+00 1.000000e+00
    outer loop
      vertex   3.898422e+01 1.611429e+01 -3.834400e+00
      vertex   3.924790e+01 1.456724e+01 -3.834400e+00
      vertex   5.158575e+01 3.166640e+01 -3.834400e+00
    endloop
  endfacet
  facet normal 0.000000e+00 0.000000e+00 1.000000e+00
    outer loop
      vertex   5.158575e+01 3.166640e+01 -3.834400e+00
      vertex   3.924790e+01 1.456724e+01 -3.834400e+00
      vertex   3.933540e+01 1.299920e+01 -3.834400e+00
    endloop
  endfacet
  facet normal 0.000000e+00 0.000000e+00 1.000000e+00
    outer loop
      vertex   5.158575e+01 3.166640e+01 -3.834400e+00
      vertex   3.933540e+01 1.299920e+01 -3.834400e+00
      vertex   3.924790e+01 1.143116e+01 -3.834400e+00
    endloop
  endfacet
  facet normal -0.000000e+00 0.000000e+00 1.000000e+00
    outer loop
      vertex   3.924790e+01 1.143116e+01 -3.834400e+00
      vertex   3.898422e+01 9.884111e+00 -3.834400e+00
      vertex   5.158575e+01 3.166640e+01 -3.834400e+00
    endloop
  endfacet
  facet normal 0.000000e+00 0.000000e+00 1.000000e+00
    outer loop
      vertex   5.158575e+01 3.166640e+01 -3.834400e+00
      vertex   3.898422e+01 9.884111e+00 -3.834400e+00
      vertex   3.855021e+01 8.375568e+00 -3.834400e+00
    endloop
  endfacet
  facet normal 0.000000e+00 0.000000e+00 1.000000e+00
    outer loop
      vertex   5.158575e+01 3.166640e+01 -3.834400e+00
      vertex   3.855021e+01 8.375568e+00 -3.834400e+00
      vertex   5.158575e+01 -4.533580e+01 -3.834400e+00
    endloop
  endfacet
  facet normal -0.000000e+00 -0.000000e+00 1.000000e+00
    outer loop
      vertex   -4.050655e+01 -4.641500e+01 -3.834400e+00
      vertex   -4.027671e+01 -4.747203e+01 -3.834400e+00
      vertex   -4.058355e+01 -4.533580e+01 -3.834400e+00
    endloop
  endfacet
  facet normal 0.000000e+00 0.000000e+00 1.000000e+00
    outer loop
      vertex   -4.058355e+01 -4.533580e+01 -3.834400e+00
      vertex   -4.027671e+01 -4.747203e+01 -3.834400e+00
      vertex   -3.989869e+01 -4.848589e+01 -3.834400e+00
    endloop
  endfacet
  facet normal 0.000000e+00 0.000000e+00 1.000000e+00
    outer loop
      vertex   -4.058355e+01 -4.533580e+01 -3.834400e+00
      vertex   -3.989869e+01 -4.848589e+01 -3.834400e+00
      vertex   -3.937951e+01 -4.943558e+01 -3.834400e+00
    endloop
  endfacet
  facet normal -0.000000e+00 -0.000000e+00 1.000000e+00
    outer loop
      vertex   -3.937951e+01 -4.943558e+01 -3.834400e+00
      vertex   -3.873083e+01 -5.030244e+01 -3.834400e+00
      vertex   -4.058355e+01 -4.533580e+01 -3.834400e+00
    endloop
  endfacet
  facet normal 0.000000e+00 0.000000e+00 1.000000e+00
    outer loop
      vertex   -4.058355e+01 -4.533580e+01 -3.834400e+00
      vertex   -3.873083e+01 -5.030244e+01 -3.834400e+00
      vertex   -3.796664e+01 -5.106663e+01 -3.834400e+00
    endloop
  endfacet
  facet normal 0.000000e+00 0.000000e+00 1.000000e+00
    outer loop
      vertex   -4.058355e+01 -4.533580e+01 -3.834400e+00
      vertex   -3.796664e+01 -5.106663e+01 -3.834400e+00
      vertex   -3.709978e+01 -5.171531e+01 -3.834400e+00
    endloop
  endfacet
  facet normal -0.000000e+00 -0.000000e+00 1.000000e+00
    outer loop
      vertex   -3.709978e+01 -5.171531e+01 -3.834400e+00
      vertex   -3.615009e+01 -5.223449e+01 -3.834400e+00
      vertex   -4.058355e+01 -4.533580e+01 -3.834400e+00
    endloop
  endfacet
  facet normal 0.000000e+00 0.000000e+00 1.000000e+00
    outer loop
      vertex   -4.058355e+01 -4.533580e+01 -3.834400e+00
      vertex   -3.615009e+01 -5.223449e+01 -3.834400e+00
      vertex   -3.513623e+01 -5.261251e+01 -3.834400e+00
    endloop
  endfacet
  facet normal 0.000000e+00 0.000000e+00 1.000000e+00
    outer loop
      vertex   -4.058355e+01 -4.533580e+01 -3.834400e+00
      vertex   -3.513623e+01 -5.261251e+01 -3.834400e+00
      vertex   -3.407920e+01 -5.284235e+01 -3.834400e+00
    endloop
  endfacet
  facet normal -0.000000e+00 -0.000000e+00 1.000000e+00
    outer loop
      vertex   -3.407920e+01 -5.284235e+01 -3.834400e+00
      vertex   -3.300000e+01 -5.291935e+01 -3.834400e+00
      vertex   -4.058355e+01 -4.533580e+01 -3.834400e+00
    endloop
  endfacet
  facet normal 0.000000e+00 -0.000000e+00 1.000000e+00
    outer loop
      vertex   4.613843e+01 -5.261251e+01 -3.834400e+00
      vertex   4.715229e+01 -5.223449e+01 -3.834400e+00
      vertex   3.406425e+01 -3.761458e+01 -3.834400e+00
    endloop
  endfacet
  facet normal 0.000000e+00 0.000000e+00 1.000000e+00
    outer loop
      vertex   3.406425e+01 -3.761458e+01 -3.834400e+00
      vertex   4.715229e+01 -5.223449e+01 -3.834400e+00
      vertex   4.810198e+01 -5.171531e+01 -3.834400e+00
    endloop
  endfacet
  facet normal 0.000000e+00 0.000000e+00 1.000000e+00
    outer loop
      vertex   3.406425e+01 -3.761458e+01 -3.834400e+00
      vertex   4.810198e+01 -5.171531e+01 -3.834400e+00
      vertex   4.896884e+01 -5.106663e+01 -3.834400e+00
    endloop
  endfacet
  facet normal 0.000000e+00 -0.000000e+00 1.000000e+00
    outer loop
      vertex   4.896884e+01 -5.106663e+01 -3.834400e+00
      vertex   4.973303e+01 -5.030244e+01 -3.834400e+00
      vertex   3.406425e+01 -3.761458e+01 -3.834400e+00
    endloop
  endfacet
  facet normal 0.000000e+00 0.000000e+00 1.000000e+00
    outer loop
      vertex   3.406425e+01 -3.761458e+01 -3.834400e+00
      vertex   4.973303e+01 -5.030244e+01 -3.834400e+00
      vertex   5.038171e+01 -4.943558e+01 -3.834400e+00
    endloop
  endfacet
  facet normal 0.000000e+00 0.000000e+00 1.000000e+00
    outer loop
      vertex   3.406425e+01 -3.761458e+01 -3.834400e+00
      vertex   5.038171e+01 -4.943558e+01 -3.834400e+00
      vertex   5.090089e+01 -4.848589e+01 -3.834400e+00
    endloop
  endfacet
  facet normal 0.000000e+00 -0.000000e+00 1.000000e+00
    outer loop
      vertex   5.090089e+01 -4.848589e+01 -3.834400e+00
      vertex   5.127891e+01 -4.747203e+01 -3.834400e+00
      vertex   3.406425e+01 -3.761458e+01 -3.834400e+00
    endloop
  endfacet
  facet normal 0.000000e+00 0.000000e+00 1.000000e+00
    outer loop
      vertex   3.406425e+01 -3.761458e+01 -3.834400e+00
      vertex   5.127891e+01 -4.747203e+01 -3.834400e+00
      vertex   5.150875e+01 -4.641500e+01 -3.834400e+00
    endloop
  endfacet
  facet normal 0.000000e+00 0.000000e+00 1.000000e+00
    outer loop
      vertex   3.406425e+01 -3.761458e+01 -3.834400e+00
      vertex   5.150875e+01 -4.641500e+01 -3.834400e+00
      vertex   5.158575e+01 -4.533580e+01 -3.834400e+00
    endloop
  endfacet
  facet normal 0.000000e+00 0.000000e+00 1.000000e+00
    outer loop
      vertex   5.158575e+01 3.166640e+01 -3.834400e+00
      vertex   5.150875e+01 3.274560e+01 -3.834400e+00
      vertex   4.400220e+01 3.924995e+01 -3.834400e+00
    endloop
  endfacet
  facet normal 0.000000e+00 0.000000e+00 1.000000e+00
    outer loop
      vertex   4.400220e+01 3.924995e+01 -3.834400e+00
      vertex   5.150875e+01 3.274560e+01 -3.834400e+00
      vertex   5.127891e+01 3.380263e+01 -3.834400e+00
    endloop
  endfacet
  facet normal 0.000000e+00 0.000000e+00 1.000000e+00
    outer loop
      vertex   4.400220e+01 3.924995e+01 -3.834400e+00
      vertex   5.127891e+01 3.380263e+01 -3.834400e+00
      vertex   5.090089e+01 3.481649e+01 -3.834400e+00
    endloop
  endfacet
  facet normal 0.000000e+00 0.000000e+00 1.000000e+00
    outer loop
      vertex   5.090089e+01 3.481649e+01 -3.834400e+00
      vertex   5.038171e+01 3.576618e+01 -3.834400e+00
      vertex   4.400220e+01 3.924995e+01 -3.834400e+00
    endloop
  endfacet
  facet normal 0.000000e+00 0.000000e+00 1.000000e+00
    outer loop
      vertex   4.400220e+01 3.924995e+01 -3.834400e+00
      vertex   5.038171e+01 3.576618e+01 -3.834400e+00
      vertex   4.973303e+01 3.663304e+01 -3.834400e+00
    endloop
  endfacet
  facet normal 0.000000e+00 0.000000e+00 1.000000e+00
    outer loop
      vertex   4.400220e+01 3.924995e+01 -3.834400e+00
      vertex   4.973303e+01 3.663304e+01 -3.834400e+00
      vertex   4.896884e+01 3.739723e+01 -3.834400e+00
    endloop
  endfacet
  facet normal 0.000000e+00 0.000000e+00 1.000000e+00
    outer loop
      vertex   4.896884e+01 3.739723e+01 -3.834400e+00
      vertex   4.810198e+01 3.804591e+01 -3.834400e+00
      vertex   4.400220e+01 3.924995e+01 -3.834400e+00
    endloop
  endfacet
  facet normal 0.000000e+00 0.000000e+00 1.000000e+00
    outer loop
      vertex   4.400220e+01 3.924995e+01 -3.834400e+00
      vertex   4.810198e+01 3.804591e+01 -3.834400e+00
      vertex   4.715229e+01 3.856509e+01 -3.834400e+00
    endloop
  endfacet
  facet normal 0.000000e+00 0.000000e+00 1.000000e+00
    outer loop
      vertex   4.400220e+01 3.924995e+01 -3.834400e+00
      vertex   4.715229e+01 3.856509e+01 -3.834400e+00
      vertex   4.613843e+01 3.894311e+01 -3.834400e+00
    endloop
  endfacet
  facet normal 0.000000e+00 0.000000e+00 1.000000e+00
    outer loop
      vertex   4.613843e+01 3.894311e+01 -3.834400e+00
      vertex   4.508140e+01 3.917295e+01 -3.834400e+00
      vertex   4.400220e+01 3.924995e+01 -3.834400e+00
    endloop
  endfacet
  facet normal -0.000000e+00 0.000000e+00 1.000000e+00
    outer loop
      vertex   -3.407920e+01 3.917295e+01 -3.834400e+00
      vertex   -3.513623e+01 3.894311e+01 -3.834400e+00
      vertex   -3.300000e+01 3.924995e+01 -3.834400e+00
    endloop
  endfacet
  facet normal 0.000000e+00 0.000000e+00 1.000000e+00
    outer loop
      vertex   -3.300000e+01 3.924995e+01 -3.834400e+00
      vertex   -3.513623e+01 3.894311e+01 -3.834400e+00
      vertex   -3.615009e+01 3.856509e+01 -3.834400e+00
    endloop
  endfacet
  facet normal 0.000000e+00 0.000000e+00 1.000000e+00
    outer loop
      vertex   -3.300000e+01 3.924995e+01 -3.834400e+00
      vertex   -3.615009e+01 3.856509e+01 -3.834400e+00
      vertex   -3.709978e+01 3.804591e+01 -3.834400e+00
    endloop
  endfacet
  facet normal -0.000000e+00 0.000000e+00 1.000000e+00
    outer loop
      vertex   -3.709978e+01 3.804591e+01 -3.834400e+00
      vertex   -3.796664e+01 3.739723e+01 -3.834400e+00
      vertex   -3.300000e+01 3.924995e+01 -3.834400e+00
    endloop
  endfacet
  facet normal 0.000000e+00 0.000000e+00 1.000000e+00
    outer loop
      vertex   -3.300000e+01 3.924995e+01 -3.834400e+00
      vertex   -3.796664e+01 3.739723e+01 -3.834400e+00
      vertex   -3.873083e+01 3.663304e+01 -3.834400e+00
    endloop
  endfacet
  facet normal 0.000000e+00 0.000000e+00 1.000000e+00
    outer loop
      vertex   -3.300000e+01 3.924995e+01 -3.834400e+00
      vertex   -3.873083e+01 3.663304e+01 -3.834400e+00
      vertex   -3.937951e+01 3.576618e+01 -3.834400e+00
    endloop
  endfacet
  facet normal -0.000000e+00 0.000000e+00 1.000000e+00
    outer loop
      vertex   -3.937951e+01 3.576618e+01 -3.834400e+00
      vertex   -3.989869e+01 3.481649e+01 -3.834400e+00
      vertex   -3.300000e+01 3.924995e+01 -3.834400e+00
    endloop
  endfacet
  facet normal 0.000000e+00 0.000000e+00 1.000000e+00
    outer loop
      vertex   -3.300000e+01 3.924995e+01 -3.834400e+00
      vertex   -3.989869e+01 3.481649e+01 -3.834400e+00
      vertex   -4.027671e+01 3.380263e+01 -3.834400e+00
    endloop
  endfacet
  facet normal 0.000000e+00 0.000000e+00 1.000000e+00
    outer loop
      vertex   -3.300000e+01 3.924995e+01 -3.834400e+00
      vertex   -4.027671e+01 3.380263e+01 -3.834400e+00
      vertex   -4.050655e+01 3.274560e+01 -3.834400e+00
    endloop
  endfacet
  facet normal -0.000000e+00 0.000000e+00 1.000000e+00
    outer loop
      vertex   -4.050655e+01 3.274560e+01 -3.834400e+00
      vertex   -4.058355e+01 3.166640e+01 -3.834400e+00
      vertex   -3.300000e+01 3.924995e+01 -3.834400e+00
    endloop
  endfacet
  facet normal 8.155864e-01 5.786353e-01 -0.000000e+00
    outer loop
      vertex   -2.618764e+01 -3.411681e+01 -5.584450e+00
      vertex   -2.618764e+01 -3.411681e+01 -3.834400e+00
      vertex   -2.527878e+01 -3.539785e+01 -5.584450e+00
    endloop
  endfacet
  facet normal 8.155864e-01 5.786353e-01 -0.000000e+00
    outer loop
      vertex   -2.527878e+01 -3.539785e+01 -5.584450e+00
      vertex   -2.618764e+01 -3.411681e+01 -3.834400e+00
      vertex   -2.527878e+01 -3.539785e+01 -3.834400e+00
    endloop
  endfacet
  facet normal 8.750672e-01 4.840014e-01 -0.000000e+00
    outer loop
      vertex   -2.694716e+01 -3.274361e+01 -5.584450e+00
      vertex   -2.694716e+01 -3.274361e+01 -3.834400e+00
      vertex   -2.618764e+01 -3.411681e+01 -5.584450e+00
    endloop
  endfacet
  facet normal 8.750672e-01 4.840014e-01 -0.000000e+00
    outer loop
      vertex   -2.618764e+01 -3.411681e+01 -5.584450e+00
      vertex   -2.694716e+01 -3.274361e+01 -3.834400e+00
      vertex   -2.618764e+01 -3.411681e+01 -3.834400e+00
    endloop
  endfacet
  facet normal -1.000000e+00 -0.000000e+00 -0.000000e+00
    outer loop
      vertex   -4.233360e+01 3.166640e+01 3.350000e+01
      vertex   -4.233360e+01 3.166640e+01 -5.584450e+00
      vertex   -4.233360e+01 -4.533580e+01 3.350000e+01
    endloop
  endfacet
  facet normal -1.000000e+00 0.000000e+00 0.000000e+00
    outer loop
      vertex   -4.233360e+01 -4.533580e+01 3.350000e+01
      vertex   -4.233360e+01 3.166640e+01 -5.584450e+00
      vertex   -4.233360e+01 -4.533580e+01 -5.584450e+00
    endloop
  endfacet
endsolid
