solid ASCII
  facet normal 1.304564e-01 -3.268886e-02 9.909150e-01
    outer loop
      vertex   7.225882e+01 -1.000000e+00 2.396593e+01
      vertex   7.200000e+01 -1.000000e+00 2.400000e+01
      vertex   7.218574e+01 -1.153913e+00 2.397047e+01
    endloop
  endfacet
  facet normal 4.940940e-02 -1.303668e-01 9.902339e-01
    outer loop
      vertex   7.218574e+01 -1.153913e+00 2.397047e+01
      vertex   7.200000e+01 -1.000000e+00 2.400000e+01
      vertex   7.200000e+01 -1.258819e+00 2.396593e+01
    endloop
  endfacet
  facet normal 1.298391e-01 -2.711922e-01 9.537278e-01
    outer loop
      vertex   7.218574e+01 -1.153913e+00 2.397047e+01
      vertex   7.200000e+01 -1.258819e+00 2.396593e+01
      vertex   7.208453e+01 -1.388644e+00 2.391750e+01
    endloop
  endfacet
  facet normal -5.839280e-02 -3.820305e-01 9.223031e-01
    outer loop
      vertex   7.208453e+01 -1.388644e+00 2.391750e+01
      vertex   7.200000e+01 -1.258819e+00 2.396593e+01
      vertex   7.200000e+01 -1.500000e+00 2.386603e+01
    endloop
  endfacet
  facet normal 1.588805e-01 -5.110938e-01 8.447130e-01
    outer loop
      vertex   7.208453e+01 -1.388644e+00 2.391750e+01
      vertex   7.200000e+01 -1.500000e+00 2.386603e+01
      vertex   7.231041e+01 -1.459042e+00 2.383242e+01
    endloop
  endfacet
  facet normal 1.607312e-01 -5.407082e-01 8.257119e-01
    outer loop
      vertex   7.231041e+01 -1.459042e+00 2.383242e+01
      vertex   7.200000e+01 -1.500000e+00 2.386603e+01
      vertex   7.220112e+01 -1.666568e+00 2.371780e+01
    endloop
  endfacet
  facet normal 3.657544e-01 -5.901245e-01 7.197061e-01
    outer loop
      vertex   7.231041e+01 -1.459042e+00 2.383242e+01
      vertex   7.220112e+01 -1.666568e+00 2.371780e+01
      vertex   7.251888e+01 -1.495400e+00 2.369666e+01
    endloop
  endfacet
  facet normal 3.657544e-01 -5.901245e-01 7.197061e-01
    outer loop
      vertex   7.251888e+01 -1.495400e+00 2.369666e+01
      vertex   7.220112e+01 -1.666568e+00 2.371780e+01
      vertex   7.240746e+01 -1.702554e+00 2.358343e+01
    endloop
  endfacet
  facet normal 5.611197e-01 -6.085140e-01 5.611197e-01
    outer loop
      vertex   7.251888e+01 -1.495400e+00 2.369666e+01
      vertex   7.240746e+01 -1.702554e+00 2.358343e+01
      vertex   7.269666e+01 -1.495400e+00 2.351888e+01
    endloop
  endfacet
  facet normal 5.611197e-01 -6.085140e-01 5.611197e-01
    outer loop
      vertex   7.269666e+01 -1.495400e+00 2.351888e+01
      vertex   7.240746e+01 -1.702554e+00 2.358343e+01
      vertex   7.258343e+01 -1.702554e+00 2.340746e+01
    endloop
  endfacet
  facet normal 7.197061e-01 -5.901245e-01 3.657544e-01
    outer loop
      vertex   7.269666e+01 -1.495400e+00 2.351888e+01
      vertex   7.258343e+01 -1.702554e+00 2.340746e+01
      vertex   7.283242e+01 -1.459042e+00 2.331041e+01
    endloop
  endfacet
  facet normal 7.197061e-01 -5.901245e-01 3.657544e-01
    outer loop
      vertex   7.283242e+01 -1.459042e+00 2.331041e+01
      vertex   7.258343e+01 -1.702554e+00 2.340746e+01
      vertex   7.271780e+01 -1.666568e+00 2.320112e+01
    endloop
  endfacet
  facet normal 8.257119e-01 -5.407082e-01 1.607312e-01
    outer loop
      vertex   7.283242e+01 -1.459042e+00 2.331041e+01
      vertex   7.271780e+01 -1.666568e+00 2.320112e+01
      vertex   7.286603e+01 -1.500000e+00 2.300000e+01
    endloop
  endfacet
  facet normal 7.907938e-01 -6.067974e-01 8.026201e-02
    outer loop
      vertex   7.286603e+01 -1.500000e+00 2.300000e+01
      vertex   7.271780e+01 -1.666568e+00 2.320112e+01
      vertex   7.270711e+01 -1.707107e+00 2.300000e+01
    endloop
  endfacet
  facet normal 6.538873e-01 -7.476569e-01 1.159338e-01
    outer loop
      vertex   7.270711e+01 -1.707107e+00 2.300000e+01
      vertex   7.271780e+01 -1.666568e+00 2.320112e+01
      vertex   7.255426e+01 -1.828668e+00 2.307813e+01
    endloop
  endfacet
  facet normal 6.081878e-01 -7.926058e-01 -4.340169e-02
    outer loop
      vertex   7.270711e+01 -1.707107e+00 2.300000e+01
      vertex   7.255426e+01 -1.828668e+00 2.307813e+01
      vertex   7.250000e+01 -1.866025e+00 2.300000e+01
    endloop
  endfacet
  facet normal 4.328324e-01 -8.925984e-01 1.261909e-01
    outer loop
      vertex   7.250000e+01 -1.866025e+00 2.300000e+01
      vertex   7.255426e+01 -1.828668e+00 2.307813e+01
      vertex   7.243044e+01 -1.861830e+00 2.326828e+01
    endloop
  endfacet
  facet normal 3.995626e-01 -9.091026e-01 1.178222e-01
    outer loop
      vertex   7.250000e+01 -1.866025e+00 2.300000e+01
      vertex   7.243044e+01 -1.861830e+00 2.326828e+01
      vertex   7.224811e+01 -1.962374e+00 2.311081e+01
    endloop
  endfacet
  facet normal 2.729599e-01 -9.224889e-01 2.729599e-01
    outer loop
      vertex   7.224811e+01 -1.962374e+00 2.311081e+01
      vertex   7.243044e+01 -1.861830e+00 2.326828e+01
      vertex   7.211081e+01 -1.962374e+00 2.324811e+01
    endloop
  endfacet
  facet normal 1.036987e-01 -9.891881e-01 1.036987e-01
    outer loop
      vertex   7.224811e+01 -1.962374e+00 2.311081e+01
      vertex   7.211081e+01 -1.962374e+00 2.324811e+01
      vertex   7.200000e+01 -2.000000e+00 2.300000e+01
    endloop
  endfacet
  facet normal 4.435481e-02 -9.904691e-01 1.303977e-01
    outer loop
      vertex   7.200000e+01 -2.000000e+00 2.300000e+01
      vertex   7.211081e+01 -1.962374e+00 2.324811e+01
      vertex   7.200000e+01 -1.965926e+00 2.325882e+01
    endloop
  endfacet
  facet normal 6.645835e-02 -9.218370e-01 3.818374e-01
    outer loop
      vertex   7.200000e+01 -1.965926e+00 2.325882e+01
      vertex   7.211081e+01 -1.962374e+00 2.324811e+01
      vertex   7.200000e+01 -1.866025e+00 2.350000e+01
    endloop
  endfacet
  facet normal 1.178222e-01 -9.091026e-01 3.995626e-01
    outer loop
      vertex   7.200000e+01 -1.866025e+00 2.350000e+01
      vertex   7.211081e+01 -1.962374e+00 2.324811e+01
      vertex   7.226828e+01 -1.861830e+00 2.343044e+01
    endloop
  endfacet
  facet normal 1.261909e-01 -8.925984e-01 4.328324e-01
    outer loop
      vertex   7.200000e+01 -1.866025e+00 2.350000e+01
      vertex   7.226828e+01 -1.861830e+00 2.343044e+01
      vertex   7.207813e+01 -1.828668e+00 2.355426e+01
    endloop
  endfacet
  facet normal 2.448663e-01 -7.743828e-01 5.834139e-01
    outer loop
      vertex   7.207813e+01 -1.828668e+00 2.355426e+01
      vertex   7.226828e+01 -1.861830e+00 2.343044e+01
      vertex   7.240746e+01 -1.702554e+00 2.358343e+01
    endloop
  endfacet
  facet normal 2.448663e-01 -7.743828e-01 5.834139e-01
    outer loop
      vertex   7.207813e+01 -1.828668e+00 2.355426e+01
      vertex   7.240746e+01 -1.702554e+00 2.358343e+01
      vertex   7.220112e+01 -1.666568e+00 2.371780e+01
    endloop
  endfacet
  facet normal 8.026201e-02 -6.067974e-01 7.907938e-01
    outer loop
      vertex   7.200000e+01 -1.500000e+00 2.386603e+01
      vertex   7.200000e+01 -1.707107e+00 2.370711e+01
      vertex   7.220112e+01 -1.666568e+00 2.371780e+01
    endloop
  endfacet
  facet normal 1.159338e-01 -7.476569e-01 6.538873e-01
    outer loop
      vertex   7.220112e+01 -1.666568e+00 2.371780e+01
      vertex   7.200000e+01 -1.707107e+00 2.370711e+01
      vertex   7.207813e+01 -1.828668e+00 2.355426e+01
    endloop
  endfacet
  facet normal -4.340169e-02 -7.926058e-01 6.081878e-01
    outer loop
      vertex   7.200000e+01 -1.707107e+00 2.370711e+01
      vertex   7.200000e+01 -1.866025e+00 2.350000e+01
      vertex   7.207813e+01 -1.828668e+00 2.355426e+01
    endloop
  endfacet
  facet normal 1.303977e-01 -9.904691e-01 4.435481e-02
    outer loop
      vertex   7.200000e+01 -2.000000e+00 2.300000e+01
      vertex   7.225882e+01 -1.965926e+00 2.300000e+01
      vertex   7.224811e+01 -1.962374e+00 2.311081e+01
    endloop
  endfacet
  facet normal 3.818374e-01 -9.218370e-01 6.645835e-02
    outer loop
      vertex   7.224811e+01 -1.962374e+00 2.311081e+01
      vertex   7.225882e+01 -1.965926e+00 2.300000e+01
      vertex   7.250000e+01 -1.866025e+00 2.300000e+01
    endloop
  endfacet
  facet normal 8.447130e-01 -5.110938e-01 1.588805e-01
    outer loop
      vertex   7.283242e+01 -1.459042e+00 2.331041e+01
      vertex   7.286603e+01 -1.500000e+00 2.300000e+01
      vertex   7.291750e+01 -1.388644e+00 2.308453e+01
    endloop
  endfacet
  facet normal 9.223031e-01 -3.820305e-01 -5.839280e-02
    outer loop
      vertex   7.291750e+01 -1.388644e+00 2.308453e+01
      vertex   7.286603e+01 -1.500000e+00 2.300000e+01
      vertex   7.296593e+01 -1.258819e+00 2.300000e+01
    endloop
  endfacet
  facet normal 9.537278e-01 -2.711922e-01 1.298391e-01
    outer loop
      vertex   7.291750e+01 -1.388644e+00 2.308453e+01
      vertex   7.296593e+01 -1.258819e+00 2.300000e+01
      vertex   7.297047e+01 -1.153913e+00 2.318574e+01
    endloop
  endfacet
  facet normal 9.902339e-01 -1.303668e-01 4.940940e-02
    outer loop
      vertex   7.297047e+01 -1.153913e+00 2.318574e+01
      vertex   7.296593e+01 -1.258819e+00 2.300000e+01
      vertex   7.300000e+01 -1.000000e+00 2.300000e+01
    endloop
  endfacet
  facet normal 9.909150e-01 -3.268886e-02 1.304564e-01
    outer loop
      vertex   7.297047e+01 -1.153913e+00 2.318574e+01
      vertex   7.300000e+01 -1.000000e+00 2.300000e+01
      vertex   7.296593e+01 -1.000000e+00 2.325882e+01
    endloop
  endfacet
  facet normal 9.407634e-01 -1.223638e-01 3.162140e-01
    outer loop
      vertex   7.297047e+01 -1.153913e+00 2.318574e+01
      vertex   7.296593e+01 -1.000000e+00 2.325882e+01
      vertex   7.289032e+01 -1.220234e+00 2.339854e+01
    endloop
  endfacet
  facet normal 9.213332e-01 -7.419375e-02 3.816287e-01
    outer loop
      vertex   7.289032e+01 -1.220234e+00 2.339854e+01
      vertex   7.296593e+01 -1.000000e+00 2.325882e+01
      vertex   7.286603e+01 -1.000000e+00 2.350000e+01
    endloop
  endfacet
  facet normal 8.403810e-01 -1.475718e-01 5.215192e-01
    outer loop
      vertex   7.289032e+01 -1.220234e+00 2.339854e+01
      vertex   7.286603e+01 -1.000000e+00 2.350000e+01
      vertex   7.276242e+01 -1.254486e+00 2.359494e+01
    endloop
  endfacet
  facet normal 7.897316e-01 -9.544300e-02 6.059824e-01
    outer loop
      vertex   7.276242e+01 -1.254486e+00 2.359494e+01
      vertex   7.286603e+01 -1.000000e+00 2.350000e+01
      vertex   7.270711e+01 -1.000000e+00 2.370711e+01
    endloop
  endfacet
  facet normal 6.984452e-01 -1.560404e-01 6.984452e-01
    outer loop
      vertex   7.276242e+01 -1.254486e+00 2.359494e+01
      vertex   7.270711e+01 -1.000000e+00 2.370711e+01
      vertex   7.259494e+01 -1.254486e+00 2.376242e+01
    endloop
  endfacet
  facet normal 6.059824e-01 -9.544300e-02 7.897316e-01
    outer loop
      vertex   7.259494e+01 -1.254486e+00 2.376242e+01
      vertex   7.270711e+01 -1.000000e+00 2.370711e+01
      vertex   7.250000e+01 -1.000000e+00 2.386603e+01
    endloop
  endfacet
  facet normal 5.215192e-01 -1.475718e-01 8.403810e-01
    outer loop
      vertex   7.259494e+01 -1.254486e+00 2.376242e+01
      vertex   7.250000e+01 -1.000000e+00 2.386603e+01
      vertex   7.239854e+01 -1.220234e+00 2.389032e+01
    endloop
  endfacet
  facet normal 3.816287e-01 -7.419375e-02 9.213332e-01
    outer loop
      vertex   7.239854e+01 -1.220234e+00 2.389032e+01
      vertex   7.250000e+01 -1.000000e+00 2.386603e+01
      vertex   7.225882e+01 -1.000000e+00 2.396593e+01
    endloop
  endfacet
  facet normal 3.162140e-01 -1.223638e-01 9.407634e-01
    outer loop
      vertex   7.239854e+01 -1.220234e+00 2.389032e+01
      vertex   7.225882e+01 -1.000000e+00 2.396593e+01
      vertex   7.218574e+01 -1.153913e+00 2.397047e+01
    endloop
  endfacet
  facet normal 2.475550e-01 -3.135991e-01 9.167181e-01
    outer loop
      vertex   7.239854e+01 -1.220234e+00 2.389032e+01
      vertex   7.218574e+01 -1.153913e+00 2.397047e+01
      vertex   7.208453e+01 -1.388644e+00 2.391750e+01
    endloop
  endfacet
  facet normal 4.620595e-01 -3.663208e-01 8.076571e-01
    outer loop
      vertex   7.259494e+01 -1.254486e+00 2.376242e+01
      vertex   7.239854e+01 -1.220234e+00 2.389032e+01
      vertex   7.231041e+01 -1.459042e+00 2.383242e+01
    endloop
  endfacet
  facet normal 2.475550e-01 -3.135991e-01 9.167181e-01
    outer loop
      vertex   7.231041e+01 -1.459042e+00 2.383242e+01
      vertex   7.239854e+01 -1.220234e+00 2.389032e+01
      vertex   7.208453e+01 -1.388644e+00 2.391750e+01
    endloop
  endfacet
  facet normal 4.620595e-01 -3.663208e-01 8.076571e-01
    outer loop
      vertex   7.259494e+01 -1.254486e+00 2.376242e+01
      vertex   7.231041e+01 -1.459042e+00 2.383242e+01
      vertex   7.251888e+01 -1.495400e+00 2.369666e+01
    endloop
  endfacet
  facet normal 4.317293e-01 -7.919720e-01 4.317293e-01
    outer loop
      vertex   7.258343e+01 -1.702554e+00 2.340746e+01
      vertex   7.240746e+01 -1.702554e+00 2.358343e+01
      vertex   7.226828e+01 -1.861830e+00 2.343044e+01
    endloop
  endfacet
  facet normal 4.317293e-01 -7.919720e-01 4.317293e-01
    outer loop
      vertex   7.258343e+01 -1.702554e+00 2.340746e+01
      vertex   7.226828e+01 -1.861830e+00 2.343044e+01
      vertex   7.243044e+01 -1.861830e+00 2.326828e+01
    endloop
  endfacet
  facet normal 2.729599e-01 -9.224889e-01 2.729599e-01
    outer loop
      vertex   7.243044e+01 -1.861830e+00 2.326828e+01
      vertex   7.226828e+01 -1.861830e+00 2.343044e+01
      vertex   7.211081e+01 -1.962374e+00 2.324811e+01
    endloop
  endfacet
  facet normal 6.528138e-01 -3.842763e-01 6.528138e-01
    outer loop
      vertex   7.276242e+01 -1.254486e+00 2.359494e+01
      vertex   7.259494e+01 -1.254486e+00 2.376242e+01
      vertex   7.251888e+01 -1.495400e+00 2.369666e+01
    endloop
  endfacet
  facet normal 6.528138e-01 -3.842763e-01 6.528138e-01
    outer loop
      vertex   7.276242e+01 -1.254486e+00 2.359494e+01
      vertex   7.251888e+01 -1.495400e+00 2.369666e+01
      vertex   7.269666e+01 -1.495400e+00 2.351888e+01
    endloop
  endfacet
  facet normal 5.834139e-01 -7.743828e-01 2.448663e-01
    outer loop
      vertex   7.271780e+01 -1.666568e+00 2.320112e+01
      vertex   7.258343e+01 -1.702554e+00 2.340746e+01
      vertex   7.243044e+01 -1.861830e+00 2.326828e+01
    endloop
  endfacet
  facet normal 5.834139e-01 -7.743828e-01 2.448663e-01
    outer loop
      vertex   7.255426e+01 -1.828668e+00 2.307813e+01
      vertex   7.271780e+01 -1.666568e+00 2.320112e+01
      vertex   7.243044e+01 -1.861830e+00 2.326828e+01
    endloop
  endfacet
  facet normal 8.076571e-01 -3.663208e-01 4.620595e-01
    outer loop
      vertex   7.289032e+01 -1.220234e+00 2.339854e+01
      vertex   7.276242e+01 -1.254486e+00 2.359494e+01
      vertex   7.269666e+01 -1.495400e+00 2.351888e+01
    endloop
  endfacet
  facet normal 8.076571e-01 -3.663208e-01 4.620595e-01
    outer loop
      vertex   7.289032e+01 -1.220234e+00 2.339854e+01
      vertex   7.269666e+01 -1.495400e+00 2.351888e+01
      vertex   7.283242e+01 -1.459042e+00 2.331041e+01
    endloop
  endfacet
  facet normal 9.167181e-01 -3.135991e-01 2.475550e-01
    outer loop
      vertex   7.297047e+01 -1.153913e+00 2.318574e+01
      vertex   7.289032e+01 -1.220234e+00 2.339854e+01
      vertex   7.283242e+01 -1.459042e+00 2.331041e+01
    endloop
  endfacet
  facet normal 9.167181e-01 -3.135991e-01 2.475550e-01
    outer loop
      vertex   7.291750e+01 -1.388644e+00 2.308453e+01
      vertex   7.297047e+01 -1.153913e+00 2.318574e+01
      vertex   7.283242e+01 -1.459042e+00 2.331041e+01
    endloop
  endfacet
  facet normal 1.305262e-01 -9.914449e-01 7.657217e-17
    outer loop
      vertex   7.225882e+01 -1.965926e+00 0.000000e+00
      vertex   7.225882e+01 -1.965926e+00 5.750000e+00
      vertex   7.200000e+01 -2.000000e+00 0.000000e+00
    endloop
  endfacet
  facet normal 1.305262e-01 -9.914449e-01 -7.627438e-17
    outer loop
      vertex   7.200000e+01 -2.000000e+00 0.000000e+00
      vertex   7.225882e+01 -1.965926e+00 5.750000e+00
      vertex   7.225882e+01 -1.965926e+00 1.150000e+01
    endloop
  endfacet
  facet normal 1.305262e-01 -9.914449e-01 0.000000e+00
    outer loop
      vertex   7.200000e+01 -2.000000e+00 0.000000e+00
      vertex   7.225882e+01 -1.965926e+00 1.150000e+01
      vertex   7.200000e+01 -2.000000e+00 2.300000e+01
    endloop
  endfacet
  facet normal 1.305262e-01 -9.914449e-01 2.461582e-16
    outer loop
      vertex   7.200000e+01 -2.000000e+00 2.300000e+01
      vertex   7.225882e+01 -1.965926e+00 1.150000e+01
      vertex   7.225882e+01 -1.965926e+00 1.725000e+01
    endloop
  endfacet
  facet normal 1.305262e-01 -9.914449e-01 6.506436e-16
    outer loop
      vertex   7.200000e+01 -2.000000e+00 2.300000e+01
      vertex   7.225882e+01 -1.965926e+00 1.725000e+01
      vertex   7.225882e+01 -1.965926e+00 2.300000e+01
    endloop
  endfacet
  facet normal 3.826834e-01 -9.238795e-01 6.065082e-16
    outer loop
      vertex   7.225882e+01 -1.965926e+00 2.300000e+01
      vertex   7.225882e+01 -1.965926e+00 1.725000e+01
      vertex   7.250000e+01 -1.866025e+00 2.300000e+01
    endloop
  endfacet
  facet normal 3.826834e-01 -9.238795e-01 5.708312e-16
    outer loop
      vertex   7.250000e+01 -1.866025e+00 2.300000e+01
      vertex   7.225882e+01 -1.965926e+00 1.725000e+01
      vertex   7.250000e+01 -1.866025e+00 1.725000e+01
    endloop
  endfacet
  facet normal 6.087614e-01 -7.933533e-01 4.901839e-16
    outer loop
      vertex   7.250000e+01 -1.866025e+00 2.300000e+01
      vertex   7.250000e+01 -1.866025e+00 1.725000e+01
      vertex   7.270711e+01 -1.707107e+00 2.300000e+01
    endloop
  endfacet
  facet normal 6.087614e-01 -7.933533e-01 3.063649e-16
    outer loop
      vertex   7.270711e+01 -1.707107e+00 2.300000e+01
      vertex   7.250000e+01 -1.866025e+00 1.725000e+01
      vertex   7.270711e+01 -1.707107e+00 1.725000e+01
    endloop
  endfacet
  facet normal 7.933533e-01 -6.087614e-01 2.350821e-16
    outer loop
      vertex   7.270711e+01 -1.707107e+00 2.300000e+01
      vertex   7.270711e+01 -1.707107e+00 1.725000e+01
      vertex   7.286603e+01 -1.500000e+00 2.300000e+01
    endloop
  endfacet
  facet normal 7.933533e-01 -6.087614e-01 2.125293e-15
    outer loop
      vertex   7.286603e+01 -1.500000e+00 2.300000e+01
      vertex   7.270711e+01 -1.707107e+00 1.725000e+01
      vertex   7.286603e+01 -1.500000e+00 1.725000e+01
    endloop
  endfacet
  facet normal 9.238795e-01 -3.826834e-01 2.386770e-15
    outer loop
      vertex   7.286603e+01 -1.500000e+00 2.300000e+01
      vertex   7.286603e+01 -1.500000e+00 1.725000e+01
      vertex   7.296593e+01 -1.258819e+00 2.300000e+01
    endloop
  endfacet
  facet normal 9.238795e-01 -3.826834e-01 1.182230e-16
    outer loop
      vertex   7.296593e+01 -1.258819e+00 2.300000e+01
      vertex   7.286603e+01 -1.500000e+00 1.725000e+01
      vertex   7.296593e+01 -1.258819e+00 1.725000e+01
    endloop
  endfacet
  facet normal 9.914449e-01 -1.305262e-01 4.032367e-17
    outer loop
      vertex   7.296593e+01 -1.258819e+00 2.300000e+01
      vertex   7.296593e+01 -1.258819e+00 1.725000e+01
      vertex   7.300000e+01 -1.000000e+00 2.300000e+01
    endloop
  endfacet
  facet normal 9.914449e-01 -1.305262e-01 5.778362e-18
    outer loop
      vertex   7.300000e+01 -1.000000e+00 2.300000e+01
      vertex   7.296593e+01 -1.258819e+00 1.725000e+01
      vertex   7.296593e+01 -1.258819e+00 1.150000e+01
    endloop
  endfacet
  facet normal 9.914449e-01 -1.305262e-01 -1.260115e-18
    outer loop
      vertex   7.300000e+01 -1.000000e+00 2.300000e+01
      vertex   7.296593e+01 -1.258819e+00 1.150000e+01
      vertex   7.300000e+01 -1.000000e+00 0.000000e+00
    endloop
  endfacet
  facet normal 9.914449e-01 -1.305262e-01 4.622690e-18
    outer loop
      vertex   7.300000e+01 -1.000000e+00 0.000000e+00
      vertex   7.296593e+01 -1.258819e+00 1.150000e+01
      vertex   7.296593e+01 -1.258819e+00 5.750000e+00
    endloop
  endfacet
  facet normal 9.914449e-01 -1.305262e-01 -3.004748e-17
    outer loop
      vertex   7.300000e+01 -1.000000e+00 0.000000e+00
      vertex   7.296593e+01 -1.258819e+00 5.750000e+00
      vertex   7.296593e+01 -1.258819e+00 0.000000e+00
    endloop
  endfacet
  facet normal 9.238795e-01 -3.826834e-01 -8.866726e-17
    outer loop
      vertex   7.296593e+01 -1.258819e+00 0.000000e+00
      vertex   7.296593e+01 -1.258819e+00 5.750000e+00
      vertex   7.286603e+01 -1.500000e+00 0.000000e+00
    endloop
  endfacet
  facet normal 9.238795e-01 -3.826834e-01 5.911151e-17
    outer loop
      vertex   7.286603e+01 -1.500000e+00 0.000000e+00
      vertex   7.296593e+01 -1.258819e+00 5.750000e+00
      vertex   7.286603e+01 -1.500000e+00 5.750000e+00
    endloop
  endfacet
  facet normal 7.933533e-01 -6.087614e-01 9.403283e-17
    outer loop
      vertex   7.286603e+01 -1.500000e+00 0.000000e+00
      vertex   7.286603e+01 -1.500000e+00 5.750000e+00
      vertex   7.270711e+01 -1.707107e+00 0.000000e+00
    endloop
  endfacet
  facet normal 7.933533e-01 -6.087614e-01 -4.701641e-17
    outer loop
      vertex   7.270711e+01 -1.707107e+00 0.000000e+00
      vertex   7.286603e+01 -1.500000e+00 5.750000e+00
      vertex   7.270711e+01 -1.707107e+00 5.750000e+00
    endloop
  endfacet
  facet normal 6.087614e-01 -7.933533e-01 -6.127298e-17
    outer loop
      vertex   7.270711e+01 -1.707107e+00 0.000000e+00
      vertex   7.270711e+01 -1.707107e+00 5.750000e+00
      vertex   7.250000e+01 -1.866025e+00 0.000000e+00
    endloop
  endfacet
  facet normal 6.087614e-01 -7.933533e-01 -9.190948e-17
    outer loop
      vertex   7.250000e+01 -1.866025e+00 0.000000e+00
      vertex   7.270711e+01 -1.707107e+00 5.750000e+00
      vertex   7.250000e+01 -1.866025e+00 5.750000e+00
    endloop
  endfacet
  facet normal 3.826834e-01 -9.238795e-01 -1.070309e-16
    outer loop
      vertex   7.250000e+01 -1.866025e+00 0.000000e+00
      vertex   7.250000e+01 -1.866025e+00 5.750000e+00
      vertex   7.225882e+01 -1.965926e+00 0.000000e+00
    endloop
  endfacet
  facet normal 3.826834e-01 -9.238795e-01 7.135390e-17
    outer loop
      vertex   7.225882e+01 -1.965926e+00 0.000000e+00
      vertex   7.250000e+01 -1.866025e+00 5.750000e+00
      vertex   7.225882e+01 -1.965926e+00 5.750000e+00
    endloop
  endfacet
  facet normal 3.826834e-01 -9.238795e-01 8.736883e-16
    outer loop
      vertex   7.250000e+01 -1.866025e+00 1.725000e+01
      vertex   7.225882e+01 -1.965926e+00 1.725000e+01
      vertex   7.225882e+01 -1.965926e+00 1.150000e+01
    endloop
  endfacet
  facet normal 3.826834e-01 -9.238795e-01 -7.135390e-17
    outer loop
      vertex   7.225882e+01 -1.965926e+00 1.150000e+01
      vertex   7.225882e+01 -1.965926e+00 5.750000e+00
      vertex   7.250000e+01 -1.866025e+00 1.150000e+01
    endloop
  endfacet
  facet normal 3.826834e-01 -9.238795e-01 0.000000e+00
    outer loop
      vertex   7.250000e+01 -1.866025e+00 1.150000e+01
      vertex   7.225882e+01 -1.965926e+00 5.750000e+00
      vertex   7.250000e+01 -1.866025e+00 5.750000e+00
    endloop
  endfacet
  facet normal 6.087614e-01 -7.933533e-01 0.000000e+00
    outer loop
      vertex   7.250000e+01 -1.866025e+00 1.150000e+01
      vertex   7.250000e+01 -1.866025e+00 5.750000e+00
      vertex   7.270711e+01 -1.707107e+00 1.150000e+01
    endloop
  endfacet
  facet normal 6.087614e-01 -7.933533e-01 3.063649e-17
    outer loop
      vertex   7.270711e+01 -1.707107e+00 1.150000e+01
      vertex   7.250000e+01 -1.866025e+00 5.750000e+00
      vertex   7.270711e+01 -1.707107e+00 5.750000e+00
    endloop
  endfacet
  facet normal 7.933533e-01 -6.087614e-01 2.350821e-17
    outer loop
      vertex   7.270711e+01 -1.707107e+00 1.150000e+01
      vertex   7.270711e+01 -1.707107e+00 5.750000e+00
      vertex   7.286603e+01 -1.500000e+00 1.150000e+01
    endloop
  endfacet
  facet normal 7.933533e-01 -6.087614e-01 -4.701641e-17
    outer loop
      vertex   7.286603e+01 -1.500000e+00 1.150000e+01
      vertex   7.270711e+01 -1.707107e+00 5.750000e+00
      vertex   7.286603e+01 -1.500000e+00 5.750000e+00
    endloop
  endfacet
  facet normal 9.238795e-01 -3.826834e-01 -2.955575e-17
    outer loop
      vertex   7.286603e+01 -1.500000e+00 1.150000e+01
      vertex   7.286603e+01 -1.500000e+00 5.750000e+00
      vertex   7.296593e+01 -1.258819e+00 1.150000e+01
    endloop
  endfacet
  facet normal 9.238795e-01 -3.826834e-01 1.477788e-17
    outer loop
      vertex   7.296593e+01 -1.258819e+00 1.150000e+01
      vertex   7.286603e+01 -1.500000e+00 5.750000e+00
      vertex   7.296593e+01 -1.258819e+00 5.750000e+00
    endloop
  endfacet
  facet normal 6.087614e-01 -7.933533e-01 0.000000e+00
    outer loop
      vertex   7.270711e+01 -1.707107e+00 1.725000e+01
      vertex   7.250000e+01 -1.866025e+00 1.725000e+01
      vertex   7.250000e+01 -1.866025e+00 1.150000e+01
    endloop
  endfacet
  facet normal 3.826834e-01 -9.238795e-01 0.000000e+00
    outer loop
      vertex   7.250000e+01 -1.866025e+00 1.150000e+01
      vertex   7.250000e+01 -1.866025e+00 1.725000e+01
      vertex   7.225882e+01 -1.965926e+00 1.150000e+01
    endloop
  endfacet
  facet normal 6.087614e-01 -7.933533e-01 3.063649e-17
    outer loop
      vertex   7.270711e+01 -1.707107e+00 1.725000e+01
      vertex   7.250000e+01 -1.866025e+00 1.150000e+01
      vertex   7.270711e+01 -1.707107e+00 1.150000e+01
    endloop
  endfacet
  facet normal 7.933533e-01 -6.087614e-01 2.311345e-17
    outer loop
      vertex   7.286603e+01 -1.500000e+00 1.725000e+01
      vertex   7.270711e+01 -1.707107e+00 1.725000e+01
      vertex   7.270711e+01 -1.707107e+00 1.150000e+01
    endloop
  endfacet
  facet normal 7.933533e-01 -6.087614e-01 -4.701641e-17
    outer loop
      vertex   7.286603e+01 -1.500000e+00 1.725000e+01
      vertex   7.270711e+01 -1.707107e+00 1.150000e+01
      vertex   7.286603e+01 -1.500000e+00 1.150000e+01
    endloop
  endfacet
  facet normal 9.238795e-01 -3.826834e-01 -3.004748e-17
    outer loop
      vertex   7.296593e+01 -1.258819e+00 1.725000e+01
      vertex   7.286603e+01 -1.500000e+00 1.725000e+01
      vertex   7.286603e+01 -1.500000e+00 1.150000e+01
    endloop
  endfacet
  facet normal 9.238795e-01 -3.826834e-01 1.477788e-17
    outer loop
      vertex   7.296593e+01 -1.258819e+00 1.725000e+01
      vertex   7.286603e+01 -1.500000e+00 1.150000e+01
      vertex   7.296593e+01 -1.258819e+00 1.150000e+01
    endloop
  endfacet
  facet normal 4.940940e-02 1.303668e-01 9.902339e-01
    outer loop
      vertex   7.200000e+01 3.225882e+01 2.396593e+01
      vertex   7.200000e+01 3.200000e+01 2.400000e+01
      vertex   7.218574e+01 3.215391e+01 2.397047e+01
    endloop
  endfacet
  facet normal 1.304564e-01 3.268886e-02 9.909150e-01
    outer loop
      vertex   7.218574e+01 3.215391e+01 2.397047e+01
      vertex   7.200000e+01 3.200000e+01 2.400000e+01
      vertex   7.225882e+01 3.200000e+01 2.396593e+01
    endloop
  endfacet
  facet normal 3.162140e-01 1.223638e-01 9.407634e-01
    outer loop
      vertex   7.218574e+01 3.215391e+01 2.397047e+01
      vertex   7.225882e+01 3.200000e+01 2.396593e+01
      vertex   7.239854e+01 3.222023e+01 2.389032e+01
    endloop
  endfacet
  facet normal 3.816287e-01 7.419375e-02 9.213332e-01
    outer loop
      vertex   7.239854e+01 3.222023e+01 2.389032e+01
      vertex   7.225882e+01 3.200000e+01 2.396593e+01
      vertex   7.250000e+01 3.200000e+01 2.386603e+01
    endloop
  endfacet
  facet normal 5.215192e-01 1.475718e-01 8.403810e-01
    outer loop
      vertex   7.239854e+01 3.222023e+01 2.389032e+01
      vertex   7.250000e+01 3.200000e+01 2.386603e+01
      vertex   7.259494e+01 3.225449e+01 2.376242e+01
    endloop
  endfacet
  facet normal 6.059824e-01 9.544300e-02 7.897316e-01
    outer loop
      vertex   7.259494e+01 3.225449e+01 2.376242e+01
      vertex   7.250000e+01 3.200000e+01 2.386603e+01
      vertex   7.270711e+01 3.200000e+01 2.370711e+01
    endloop
  endfacet
  facet normal 6.984452e-01 1.560404e-01 6.984452e-01
    outer loop
      vertex   7.259494e+01 3.225449e+01 2.376242e+01
      vertex   7.270711e+01 3.200000e+01 2.370711e+01
      vertex   7.276242e+01 3.225449e+01 2.359494e+01
    endloop
  endfacet
  facet normal 7.897316e-01 9.544300e-02 6.059824e-01
    outer loop
      vertex   7.276242e+01 3.225449e+01 2.359494e+01
      vertex   7.270711e+01 3.200000e+01 2.370711e+01
      vertex   7.286603e+01 3.200000e+01 2.350000e+01
    endloop
  endfacet
  facet normal 8.403810e-01 1.475718e-01 5.215192e-01
    outer loop
      vertex   7.276242e+01 3.225449e+01 2.359494e+01
      vertex   7.286603e+01 3.200000e+01 2.350000e+01
      vertex   7.289032e+01 3.222023e+01 2.339854e+01
    endloop
  endfacet
  facet normal 9.213332e-01 7.419375e-02 3.816287e-01
    outer loop
      vertex   7.289032e+01 3.222023e+01 2.339854e+01
      vertex   7.286603e+01 3.200000e+01 2.350000e+01
      vertex   7.296593e+01 3.200000e+01 2.325882e+01
    endloop
  endfacet
  facet normal 9.407634e-01 1.223638e-01 3.162140e-01
    outer loop
      vertex   7.289032e+01 3.222023e+01 2.339854e+01
      vertex   7.296593e+01 3.200000e+01 2.325882e+01
      vertex   7.297047e+01 3.215391e+01 2.318574e+01
    endloop
  endfacet
  facet normal 9.909150e-01 3.268886e-02 1.304564e-01
    outer loop
      vertex   7.297047e+01 3.215391e+01 2.318574e+01
      vertex   7.296593e+01 3.200000e+01 2.325882e+01
      vertex   7.300000e+01 3.200000e+01 2.300000e+01
    endloop
  endfacet
  facet normal 9.902339e-01 1.303668e-01 4.940940e-02
    outer loop
      vertex   7.297047e+01 3.215391e+01 2.318574e+01
      vertex   7.300000e+01 3.200000e+01 2.300000e+01
      vertex   7.296593e+01 3.225882e+01 2.300000e+01
    endloop
  endfacet
  facet normal 9.537278e-01 2.711922e-01 1.298391e-01
    outer loop
      vertex   7.297047e+01 3.215391e+01 2.318574e+01
      vertex   7.296593e+01 3.225882e+01 2.300000e+01
      vertex   7.291750e+01 3.238864e+01 2.308453e+01
    endloop
  endfacet
  facet normal 9.223031e-01 3.820305e-01 -5.839280e-02
    outer loop
      vertex   7.291750e+01 3.238864e+01 2.308453e+01
      vertex   7.296593e+01 3.225882e+01 2.300000e+01
      vertex   7.286603e+01 3.250000e+01 2.300000e+01
    endloop
  endfacet
  facet normal 8.447130e-01 5.110938e-01 1.588805e-01
    outer loop
      vertex   7.291750e+01 3.238864e+01 2.308453e+01
      vertex   7.286603e+01 3.250000e+01 2.300000e+01
      vertex   7.283242e+01 3.245904e+01 2.331041e+01
    endloop
  endfacet
  facet normal 8.257119e-01 5.407082e-01 1.607312e-01
    outer loop
      vertex   7.283242e+01 3.245904e+01 2.331041e+01
      vertex   7.286603e+01 3.250000e+01 2.300000e+01
      vertex   7.271780e+01 3.266657e+01 2.320112e+01
    endloop
  endfacet
  facet normal 7.197061e-01 5.901245e-01 3.657544e-01
    outer loop
      vertex   7.283242e+01 3.245904e+01 2.331041e+01
      vertex   7.271780e+01 3.266657e+01 2.320112e+01
      vertex   7.269666e+01 3.249540e+01 2.351888e+01
    endloop
  endfacet
  facet normal 7.197061e-01 5.901245e-01 3.657544e-01
    outer loop
      vertex   7.269666e+01 3.249540e+01 2.351888e+01
      vertex   7.271780e+01 3.266657e+01 2.320112e+01
      vertex   7.258343e+01 3.270255e+01 2.340746e+01
    endloop
  endfacet
  facet normal 5.611197e-01 6.085140e-01 5.611197e-01
    outer loop
      vertex   7.269666e+01 3.249540e+01 2.351888e+01
      vertex   7.258343e+01 3.270255e+01 2.340746e+01
      vertex   7.251888e+01 3.249540e+01 2.369666e+01
    endloop
  endfacet
  facet normal 5.611197e-01 6.085140e-01 5.611197e-01
    outer loop
      vertex   7.251888e+01 3.249540e+01 2.369666e+01
      vertex   7.258343e+01 3.270255e+01 2.340746e+01
      vertex   7.240746e+01 3.270255e+01 2.358343e+01
    endloop
  endfacet
  facet normal 3.657544e-01 5.901245e-01 7.197061e-01
    outer loop
      vertex   7.251888e+01 3.249540e+01 2.369666e+01
      vertex   7.240746e+01 3.270255e+01 2.358343e+01
      vertex   7.231041e+01 3.245904e+01 2.383242e+01
    endloop
  endfacet
  facet normal 3.657544e-01 5.901245e-01 7.197061e-01
    outer loop
      vertex   7.231041e+01 3.245904e+01 2.383242e+01
      vertex   7.240746e+01 3.270255e+01 2.358343e+01
      vertex   7.220112e+01 3.266657e+01 2.371780e+01
    endloop
  endfacet
  facet normal 1.607312e-01 5.407082e-01 8.257119e-01
    outer loop
      vertex   7.231041e+01 3.245904e+01 2.383242e+01
      vertex   7.220112e+01 3.266657e+01 2.371780e+01
      vertex   7.200000e+01 3.250000e+01 2.386603e+01
    endloop
  endfacet
  facet normal 8.026201e-02 6.067974e-01 7.907938e-01
    outer loop
      vertex   7.200000e+01 3.250000e+01 2.386603e+01
      vertex   7.220112e+01 3.266657e+01 2.371780e+01
      vertex   7.200000e+01 3.270711e+01 2.370711e+01
    endloop
  endfacet
  facet normal 1.159338e-01 7.476569e-01 6.538873e-01
    outer loop
      vertex   7.200000e+01 3.270711e+01 2.370711e+01
      vertex   7.220112e+01 3.266657e+01 2.371780e+01
      vertex   7.207813e+01 3.282867e+01 2.355426e+01
    endloop
  endfacet
  facet normal -4.340169e-02 7.926058e-01 6.081878e-01
    outer loop
      vertex   7.200000e+01 3.270711e+01 2.370711e+01
      vertex   7.207813e+01 3.282867e+01 2.355426e+01
      vertex   7.200000e+01 3.286603e+01 2.350000e+01
    endloop
  endfacet
  facet normal 1.261909e-01 8.925984e-01 4.328324e-01
    outer loop
      vertex   7.200000e+01 3.286603e+01 2.350000e+01
      vertex   7.207813e+01 3.282867e+01 2.355426e+01
      vertex   7.226828e+01 3.286183e+01 2.343044e+01
    endloop
  endfacet
  facet normal 1.178222e-01 9.091026e-01 3.995626e-01
    outer loop
      vertex   7.200000e+01 3.286603e+01 2.350000e+01
      vertex   7.226828e+01 3.286183e+01 2.343044e+01
      vertex   7.211081e+01 3.296237e+01 2.324811e+01
    endloop
  endfacet
  facet normal 2.729599e-01 9.224889e-01 2.729599e-01
    outer loop
      vertex   7.211081e+01 3.296237e+01 2.324811e+01
      vertex   7.226828e+01 3.286183e+01 2.343044e+01
      vertex   7.224811e+01 3.296237e+01 2.311081e+01
    endloop
  endfacet
  facet normal 1.036987e-01 9.891881e-01 1.036987e-01
    outer loop
      vertex   7.211081e+01 3.296237e+01 2.324811e+01
      vertex   7.224811e+01 3.296237e+01 2.311081e+01
      vertex   7.200000e+01 3.300000e+01 2.300000e+01
    endloop
  endfacet
  facet normal 1.303977e-01 9.904691e-01 4.435481e-02
    outer loop
      vertex   7.200000e+01 3.300000e+01 2.300000e+01
      vertex   7.224811e+01 3.296237e+01 2.311081e+01
      vertex   7.225882e+01 3.296593e+01 2.300000e+01
    endloop
  endfacet
  facet normal 3.818374e-01 9.218370e-01 6.645835e-02
    outer loop
      vertex   7.225882e+01 3.296593e+01 2.300000e+01
      vertex   7.224811e+01 3.296237e+01 2.311081e+01
      vertex   7.250000e+01 3.286603e+01 2.300000e+01
    endloop
  endfacet
  facet normal 3.995626e-01 9.091026e-01 1.178222e-01
    outer loop
      vertex   7.250000e+01 3.286603e+01 2.300000e+01
      vertex   7.224811e+01 3.296237e+01 2.311081e+01
      vertex   7.243044e+01 3.286183e+01 2.326828e+01
    endloop
  endfacet
  facet normal 4.328324e-01 8.925984e-01 1.261909e-01
    outer loop
      vertex   7.250000e+01 3.286603e+01 2.300000e+01
      vertex   7.243044e+01 3.286183e+01 2.326828e+01
      vertex   7.255426e+01 3.282867e+01 2.307813e+01
    endloop
  endfacet
  facet normal 5.834139e-01 7.743828e-01 2.448663e-01
    outer loop
      vertex   7.255426e+01 3.282867e+01 2.307813e+01
      vertex   7.243044e+01 3.286183e+01 2.326828e+01
      vertex   7.258343e+01 3.270255e+01 2.340746e+01
    endloop
  endfacet
  facet normal 5.834139e-01 7.743828e-01 2.448663e-01
    outer loop
      vertex   7.255426e+01 3.282867e+01 2.307813e+01
      vertex   7.258343e+01 3.270255e+01 2.340746e+01
      vertex   7.271780e+01 3.266657e+01 2.320112e+01
    endloop
  endfacet
  facet normal 7.907938e-01 6.067974e-01 8.026201e-02
    outer loop
      vertex   7.286603e+01 3.250000e+01 2.300000e+01
      vertex   7.270711e+01 3.270711e+01 2.300000e+01
      vertex   7.271780e+01 3.266657e+01 2.320112e+01
    endloop
  endfacet
  facet normal 6.538873e-01 7.476569e-01 1.159338e-01
    outer loop
      vertex   7.271780e+01 3.266657e+01 2.320112e+01
      vertex   7.270711e+01 3.270711e+01 2.300000e+01
      vertex   7.255426e+01 3.282867e+01 2.307813e+01
    endloop
  endfacet
  facet normal 6.081878e-01 7.926058e-01 -4.340169e-02
    outer loop
      vertex   7.270711e+01 3.270711e+01 2.300000e+01
      vertex   7.250000e+01 3.286603e+01 2.300000e+01
      vertex   7.255426e+01 3.282867e+01 2.307813e+01
    endloop
  endfacet
  facet normal 4.435481e-02 9.904691e-01 1.303977e-01
    outer loop
      vertex   7.200000e+01 3.300000e+01 2.300000e+01
      vertex   7.200000e+01 3.296593e+01 2.325882e+01
      vertex   7.211081e+01 3.296237e+01 2.324811e+01
    endloop
  endfacet
  facet normal 6.645835e-02 9.218370e-01 3.818374e-01
    outer loop
      vertex   7.211081e+01 3.296237e+01 2.324811e+01
      vertex   7.200000e+01 3.296593e+01 2.325882e+01
      vertex   7.200000e+01 3.286603e+01 2.350000e+01
    endloop
  endfacet
  facet normal 1.588805e-01 5.110938e-01 8.447130e-01
    outer loop
      vertex   7.231041e+01 3.245904e+01 2.383242e+01
      vertex   7.200000e+01 3.250000e+01 2.386603e+01
      vertex   7.208453e+01 3.238864e+01 2.391750e+01
    endloop
  endfacet
  facet normal -5.839280e-02 3.820305e-01 9.223031e-01
    outer loop
      vertex   7.208453e+01 3.238864e+01 2.391750e+01
      vertex   7.200000e+01 3.250000e+01 2.386603e+01
      vertex   7.200000e+01 3.225882e+01 2.396593e+01
    endloop
  endfacet
  facet normal 1.298391e-01 2.711922e-01 9.537278e-01
    outer loop
      vertex   7.208453e+01 3.238864e+01 2.391750e+01
      vertex   7.200000e+01 3.225882e+01 2.396593e+01
      vertex   7.218574e+01 3.215391e+01 2.397047e+01
    endloop
  endfacet
  facet normal 2.475550e-01 3.135991e-01 9.167181e-01
    outer loop
      vertex   7.231041e+01 3.245904e+01 2.383242e+01
      vertex   7.208453e+01 3.238864e+01 2.391750e+01
      vertex   7.218574e+01 3.215391e+01 2.397047e+01
    endloop
  endfacet
  facet normal 4.620595e-01 3.663208e-01 8.076571e-01
    outer loop
      vertex   7.251888e+01 3.249540e+01 2.369666e+01
      vertex   7.231041e+01 3.245904e+01 2.383242e+01
      vertex   7.239854e+01 3.222023e+01 2.389032e+01
    endloop
  endfacet
  facet normal 2.475550e-01 3.135991e-01 9.167181e-01
    outer loop
      vertex   7.239854e+01 3.222023e+01 2.389032e+01
      vertex   7.231041e+01 3.245904e+01 2.383242e+01
      vertex   7.218574e+01 3.215391e+01 2.397047e+01
    endloop
  endfacet
  facet normal 2.448663e-01 7.743828e-01 5.834139e-01
    outer loop
      vertex   7.226828e+01 3.286183e+01 2.343044e+01
      vertex   7.207813e+01 3.282867e+01 2.355426e+01
      vertex   7.220112e+01 3.266657e+01 2.371780e+01
    endloop
  endfacet
  facet normal 2.448663e-01 7.743828e-01 5.834139e-01
    outer loop
      vertex   7.226828e+01 3.286183e+01 2.343044e+01
      vertex   7.220112e+01 3.266657e+01 2.371780e+01
      vertex   7.240746e+01 3.270255e+01 2.358343e+01
    endloop
  endfacet
  facet normal 6.528138e-01 3.842763e-01 6.528138e-01
    outer loop
      vertex   7.269666e+01 3.249540e+01 2.351888e+01
      vertex   7.251888e+01 3.249540e+01 2.369666e+01
      vertex   7.259494e+01 3.225449e+01 2.376242e+01
    endloop
  endfacet
  facet normal 4.620595e-01 3.663208e-01 8.076571e-01
    outer loop
      vertex   7.259494e+01 3.225449e+01 2.376242e+01
      vertex   7.251888e+01 3.249540e+01 2.369666e+01
      vertex   7.239854e+01 3.222023e+01 2.389032e+01
    endloop
  endfacet
  facet normal 4.317293e-01 7.919720e-01 4.317293e-01
    outer loop
      vertex   7.258343e+01 3.270255e+01 2.340746e+01
      vertex   7.243044e+01 3.286183e+01 2.326828e+01
      vertex   7.240746e+01 3.270255e+01 2.358343e+01
    endloop
  endfacet
  facet normal 4.317293e-01 7.919720e-01 4.317293e-01
    outer loop
      vertex   7.240746e+01 3.270255e+01 2.358343e+01
      vertex   7.243044e+01 3.286183e+01 2.326828e+01
      vertex   7.226828e+01 3.286183e+01 2.343044e+01
    endloop
  endfacet
  facet normal 2.729599e-01 9.224889e-01 2.729599e-01
    outer loop
      vertex   7.243044e+01 3.286183e+01 2.326828e+01
      vertex   7.224811e+01 3.296237e+01 2.311081e+01
      vertex   7.226828e+01 3.286183e+01 2.343044e+01
    endloop
  endfacet
  facet normal 8.076571e-01 3.663208e-01 4.620595e-01
    outer loop
      vertex   7.283242e+01 3.245904e+01 2.331041e+01
      vertex   7.269666e+01 3.249540e+01 2.351888e+01
      vertex   7.276242e+01 3.225449e+01 2.359494e+01
    endloop
  endfacet
  facet normal 6.528138e-01 3.842763e-01 6.528138e-01
    outer loop
      vertex   7.276242e+01 3.225449e+01 2.359494e+01
      vertex   7.269666e+01 3.249540e+01 2.351888e+01
      vertex   7.259494e+01 3.225449e+01 2.376242e+01
    endloop
  endfacet
  facet normal 9.167181e-01 3.135991e-01 2.475550e-01
    outer loop
      vertex   7.291750e+01 3.238864e+01 2.308453e+01
      vertex   7.283242e+01 3.245904e+01 2.331041e+01
      vertex   7.289032e+01 3.222023e+01 2.339854e+01
    endloop
  endfacet
  facet normal 8.076571e-01 3.663208e-01 4.620595e-01
    outer loop
      vertex   7.289032e+01 3.222023e+01 2.339854e+01
      vertex   7.283242e+01 3.245904e+01 2.331041e+01
      vertex   7.276242e+01 3.225449e+01 2.359494e+01
    endloop
  endfacet
  facet normal 9.167181e-01 3.135991e-01 2.475550e-01
    outer loop
      vertex   7.297047e+01 3.215391e+01 2.318574e+01
      vertex   7.291750e+01 3.238864e+01 2.308453e+01
      vertex   7.289032e+01 3.222023e+01 2.339854e+01
    endloop
  endfacet
  facet normal 9.914449e-01 1.305262e-01 -0.000000e+00
    outer loop
      vertex   7.296593e+01 3.225882e+01 0.000000e+00
      vertex   7.296593e+01 3.225882e+01 5.750000e+00
      vertex   7.300000e+01 3.200000e+01 0.000000e+00
    endloop
  endfacet
  facet normal 9.914449e-01 1.305262e-01 0.000000e+00
    outer loop
      vertex   7.300000e+01 3.200000e+01 0.000000e+00
      vertex   7.296593e+01 3.225882e+01 5.750000e+00
      vertex   7.296593e+01 3.225882e+01 1.150000e+01
    endloop
  endfacet
  facet normal 9.914449e-01 1.305262e-01 -0.000000e+00
    outer loop
      vertex   7.300000e+01 3.200000e+01 0.000000e+00
      vertex   7.296593e+01 3.225882e+01 1.150000e+01
      vertex   7.300000e+01 3.200000e+01 2.300000e+01
    endloop
  endfacet
  facet normal 9.914449e-01 1.305262e-01 0.000000e+00
    outer loop
      vertex   7.300000e+01 3.200000e+01 2.300000e+01
      vertex   7.296593e+01 3.225882e+01 1.150000e+01
      vertex   7.296593e+01 3.225882e+01 1.725000e+01
    endloop
  endfacet
  facet normal 9.914449e-01 1.305262e-01 0.000000e+00
    outer loop
      vertex   7.300000e+01 3.200000e+01 2.300000e+01
      vertex   7.296593e+01 3.225882e+01 1.725000e+01
      vertex   7.296593e+01 3.225882e+01 2.300000e+01
    endloop
  endfacet
  facet normal 9.238795e-01 3.826834e-01 0.000000e+00
    outer loop
      vertex   7.296593e+01 3.225882e+01 2.300000e+01
      vertex   7.296593e+01 3.225882e+01 1.725000e+01
      vertex   7.286603e+01 3.250000e+01 2.300000e+01
    endloop
  endfacet
  facet normal 9.238795e-01 3.826834e-01 0.000000e+00
    outer loop
      vertex   7.286603e+01 3.250000e+01 2.300000e+01
      vertex   7.296593e+01 3.225882e+01 1.725000e+01
      vertex   7.286603e+01 3.250000e+01 1.725000e+01
    endloop
  endfacet
  facet normal 7.933533e-01 6.087614e-01 0.000000e+00
    outer loop
      vertex   7.286603e+01 3.250000e+01 2.300000e+01
      vertex   7.286603e+01 3.250000e+01 1.725000e+01
      vertex   7.270711e+01 3.270711e+01 2.300000e+01
    endloop
  endfacet
  facet normal 7.933533e-01 6.087614e-01 0.000000e+00
    outer loop
      vertex   7.270711e+01 3.270711e+01 2.300000e+01
      vertex   7.286603e+01 3.250000e+01 1.725000e+01
      vertex   7.270711e+01 3.270711e+01 1.725000e+01
    endloop
  endfacet
  facet normal 6.087614e-01 7.933533e-01 0.000000e+00
    outer loop
      vertex   7.270711e+01 3.270711e+01 2.300000e+01
      vertex   7.270711e+01 3.270711e+01 1.725000e+01
      vertex   7.250000e+01 3.286603e+01 2.300000e+01
    endloop
  endfacet
  facet normal 6.087614e-01 7.933533e-01 0.000000e+00
    outer loop
      vertex   7.250000e+01 3.286603e+01 2.300000e+01
      vertex   7.270711e+01 3.270711e+01 1.725000e+01
      vertex   7.250000e+01 3.286603e+01 1.725000e+01
    endloop
  endfacet
  facet normal 3.826834e-01 9.238795e-01 0.000000e+00
    outer loop
      vertex   7.250000e+01 3.286603e+01 2.300000e+01
      vertex   7.250000e+01 3.286603e+01 1.725000e+01
      vertex   7.225882e+01 3.296593e+01 2.300000e+01
    endloop
  endfacet
  facet normal 3.826834e-01 9.238795e-01 -1.141662e-15
    outer loop
      vertex   7.225882e+01 3.296593e+01 2.300000e+01
      vertex   7.250000e+01 3.286603e+01 1.725000e+01
      vertex   7.225882e+01 3.296593e+01 1.725000e+01
    endloop
  endfacet
  facet normal 1.305262e-01 9.914449e-01 -1.225155e-15
    outer loop
      vertex   7.225882e+01 3.296593e+01 2.300000e+01
      vertex   7.225882e+01 3.296593e+01 1.725000e+01
      vertex   7.200000e+01 3.300000e+01 2.300000e+01
    endloop
  endfacet
  facet normal 1.305262e-01 9.914449e-01 -3.224326e-16
    outer loop
      vertex   7.200000e+01 3.300000e+01 2.300000e+01
      vertex   7.225882e+01 3.296593e+01 1.725000e+01
      vertex   7.225882e+01 3.296593e+01 1.150000e+01
    endloop
  endfacet
  facet normal 1.305262e-01 9.914449e-01 0.000000e+00
    outer loop
      vertex   7.200000e+01 3.300000e+01 2.300000e+01
      vertex   7.225882e+01 3.296593e+01 1.150000e+01
      vertex   7.200000e+01 3.300000e+01 0.000000e+00
    endloop
  endfacet
  facet normal 1.305262e-01 9.914449e-01 0.000000e+00
    outer loop
      vertex   7.200000e+01 3.300000e+01 0.000000e+00
      vertex   7.225882e+01 3.296593e+01 1.150000e+01
      vertex   7.225882e+01 3.296593e+01 5.750000e+00
    endloop
  endfacet
  facet normal 1.305262e-01 9.914449e-01 0.000000e+00
    outer loop
      vertex   7.200000e+01 3.300000e+01 0.000000e+00
      vertex   7.225882e+01 3.296593e+01 5.750000e+00
      vertex   7.225882e+01 3.296593e+01 0.000000e+00
    endloop
  endfacet
  facet normal 3.826834e-01 9.238795e-01 -0.000000e+00
    outer loop
      vertex   7.225882e+01 3.296593e+01 0.000000e+00
      vertex   7.225882e+01 3.296593e+01 5.750000e+00
      vertex   7.250000e+01 3.286603e+01 0.000000e+00
    endloop
  endfacet
  facet normal 3.826834e-01 9.238795e-01 -0.000000e+00
    outer loop
      vertex   7.250000e+01 3.286603e+01 0.000000e+00
      vertex   7.225882e+01 3.296593e+01 5.750000e+00
      vertex   7.250000e+01 3.286603e+01 5.750000e+00
    endloop
  endfacet
  facet normal 6.087614e-01 7.933533e-01 -0.000000e+00
    outer loop
      vertex   7.250000e+01 3.286603e+01 0.000000e+00
      vertex   7.250000e+01 3.286603e+01 5.750000e+00
      vertex   7.270711e+01 3.270711e+01 0.000000e+00
    endloop
  endfacet
  facet normal 6.087614e-01 7.933533e-01 -0.000000e+00
    outer loop
      vertex   7.270711e+01 3.270711e+01 0.000000e+00
      vertex   7.250000e+01 3.286603e+01 5.750000e+00
      vertex   7.270711e+01 3.270711e+01 5.750000e+00
    endloop
  endfacet
  facet normal 7.933533e-01 6.087614e-01 -0.000000e+00
    outer loop
      vertex   7.270711e+01 3.270711e+01 0.000000e+00
      vertex   7.270711e+01 3.270711e+01 5.750000e+00
      vertex   7.286603e+01 3.250000e+01 0.000000e+00
    endloop
  endfacet
  facet normal 7.933533e-01 6.087614e-01 -1.960735e-15
    outer loop
      vertex   7.286603e+01 3.250000e+01 0.000000e+00
      vertex   7.270711e+01 3.270711e+01 5.750000e+00
      vertex   7.286603e+01 3.250000e+01 5.750000e+00
    endloop
  endfacet
  facet normal 9.238795e-01 3.826834e-01 -2.283325e-15
    outer loop
      vertex   7.286603e+01 3.250000e+01 0.000000e+00
      vertex   7.286603e+01 3.250000e+01 5.750000e+00
      vertex   7.296593e+01 3.225882e+01 0.000000e+00
    endloop
  endfacet
  facet normal 9.238795e-01 3.826834e-01 -0.000000e+00
    outer loop
      vertex   7.296593e+01 3.225882e+01 0.000000e+00
      vertex   7.286603e+01 3.250000e+01 5.750000e+00
      vertex   7.296593e+01 3.225882e+01 5.750000e+00
    endloop
  endfacet
  facet normal 9.238795e-01 3.826834e-01 0.000000e+00
    outer loop
      vertex   7.286603e+01 3.250000e+01 1.725000e+01
      vertex   7.296593e+01 3.225882e+01 1.725000e+01
      vertex   7.296593e+01 3.225882e+01 1.150000e+01
    endloop
  endfacet
  facet normal 9.238795e-01 3.826834e-01 0.000000e+00
    outer loop
      vertex   7.296593e+01 3.225882e+01 1.150000e+01
      vertex   7.296593e+01 3.225882e+01 5.750000e+00
      vertex   7.286603e+01 3.250000e+01 1.150000e+01
    endloop
  endfacet
  facet normal 9.238795e-01 3.826834e-01 0.000000e+00
    outer loop
      vertex   7.286603e+01 3.250000e+01 1.150000e+01
      vertex   7.296593e+01 3.225882e+01 5.750000e+00
      vertex   7.286603e+01 3.250000e+01 5.750000e+00
    endloop
  endfacet
  facet normal 7.933533e-01 6.087614e-01 0.000000e+00
    outer loop
      vertex   7.286603e+01 3.250000e+01 1.150000e+01
      vertex   7.286603e+01 3.250000e+01 5.750000e+00
      vertex   7.270711e+01 3.270711e+01 1.150000e+01
    endloop
  endfacet
  facet normal 7.933533e-01 6.087614e-01 0.000000e+00
    outer loop
      vertex   7.270711e+01 3.270711e+01 1.150000e+01
      vertex   7.286603e+01 3.250000e+01 5.750000e+00
      vertex   7.270711e+01 3.270711e+01 5.750000e+00
    endloop
  endfacet
  facet normal 6.087614e-01 7.933533e-01 0.000000e+00
    outer loop
      vertex   7.270711e+01 3.270711e+01 1.150000e+01
      vertex   7.270711e+01 3.270711e+01 5.750000e+00
      vertex   7.250000e+01 3.286603e+01 1.150000e+01
    endloop
  endfacet
  facet normal 6.087614e-01 7.933533e-01 1.504525e-15
    outer loop
      vertex   7.250000e+01 3.286603e+01 1.150000e+01
      vertex   7.270711e+01 3.270711e+01 5.750000e+00
      vertex   7.250000e+01 3.286603e+01 5.750000e+00
    endloop
  endfacet
  facet normal 3.826834e-01 9.238795e-01 9.457841e-16
    outer loop
      vertex   7.250000e+01 3.286603e+01 1.150000e+01
      vertex   7.250000e+01 3.286603e+01 5.750000e+00
      vertex   7.225882e+01 3.296593e+01 1.150000e+01
    endloop
  endfacet
  facet normal 3.826834e-01 9.238795e-01 0.000000e+00
    outer loop
      vertex   7.225882e+01 3.296593e+01 1.150000e+01
      vertex   7.250000e+01 3.286603e+01 5.750000e+00
      vertex   7.225882e+01 3.296593e+01 5.750000e+00
    endloop
  endfacet
  facet normal 7.933533e-01 6.087614e-01 0.000000e+00
    outer loop
      vertex   7.270711e+01 3.270711e+01 1.725000e+01
      vertex   7.286603e+01 3.250000e+01 1.725000e+01
      vertex   7.286603e+01 3.250000e+01 1.150000e+01
    endloop
  endfacet
  facet normal 9.238795e-01 3.826834e-01 -0.000000e+00
    outer loop
      vertex   7.286603e+01 3.250000e+01 1.150000e+01
      vertex   7.286603e+01 3.250000e+01 1.725000e+01
      vertex   7.296593e+01 3.225882e+01 1.150000e+01
    endloop
  endfacet
  facet normal 7.933533e-01 6.087614e-01 0.000000e+00
    outer loop
      vertex   7.270711e+01 3.270711e+01 1.725000e+01
      vertex   7.286603e+01 3.250000e+01 1.150000e+01
      vertex   7.270711e+01 3.270711e+01 1.150000e+01
    endloop
  endfacet
  facet normal 6.087614e-01 7.933533e-01 0.000000e+00
    outer loop
      vertex   7.250000e+01 3.286603e+01 1.725000e+01
      vertex   7.270711e+01 3.270711e+01 1.725000e+01
      vertex   7.270711e+01 3.270711e+01 1.150000e+01
    endloop
  endfacet
  facet normal 6.087614e-01 7.933533e-01 0.000000e+00
    outer loop
      vertex   7.250000e+01 3.286603e+01 1.725000e+01
      vertex   7.270711e+01 3.270711e+01 1.150000e+01
      vertex   7.250000e+01 3.286603e+01 1.150000e+01
    endloop
  endfacet
  facet normal 3.826834e-01 9.238795e-01 0.000000e+00
    outer loop
      vertex   7.225882e+01 3.296593e+01 1.725000e+01
      vertex   7.250000e+01 3.286603e+01 1.725000e+01
      vertex   7.250000e+01 3.286603e+01 1.150000e+01
    endloop
  endfacet
  facet normal 3.826834e-01 9.238795e-01 -9.457841e-16
    outer loop
      vertex   7.225882e+01 3.296593e+01 1.725000e+01
      vertex   7.250000e+01 3.286603e+01 1.150000e+01
      vertex   7.225882e+01 3.296593e+01 1.150000e+01
    endloop
  endfacet
  facet normal -1.303977e-01 -4.435481e-02 9.904691e-01
    outer loop
      vertex   -1.258819e+00 -1.000000e+00 2.396593e+01
      vertex   -1.248108e+00 -1.110813e+00 2.396237e+01
      vertex   -1.000000e+00 -1.000000e+00 2.400000e+01
    endloop
  endfacet
  facet normal -1.036987e-01 -1.036987e-01 9.891881e-01
    outer loop
      vertex   -1.000000e+00 -1.000000e+00 2.400000e+01
      vertex   -1.248108e+00 -1.110813e+00 2.396237e+01
      vertex   -1.110813e+00 -1.248108e+00 2.396237e+01
    endloop
  endfacet
  facet normal -4.435481e-02 -1.303977e-01 9.904691e-01
    outer loop
      vertex   -1.000000e+00 -1.000000e+00 2.400000e+01
      vertex   -1.110813e+00 -1.248108e+00 2.396237e+01
      vertex   -1.000000e+00 -1.258819e+00 2.396593e+01
    endloop
  endfacet
  facet normal -6.645835e-02 -3.818374e-01 9.218370e-01
    outer loop
      vertex   -1.000000e+00 -1.258819e+00 2.396593e+01
      vertex   -1.110813e+00 -1.248108e+00 2.396237e+01
      vertex   -1.000000e+00 -1.500000e+00 2.386603e+01
    endloop
  endfacet
  facet normal -1.178222e-01 -3.995626e-01 9.091026e-01
    outer loop
      vertex   -1.000000e+00 -1.500000e+00 2.386603e+01
      vertex   -1.110813e+00 -1.248108e+00 2.396237e+01
      vertex   -1.268280e+00 -1.430436e+00 2.386183e+01
    endloop
  endfacet
  facet normal -1.261909e-01 -4.328324e-01 8.925984e-01
    outer loop
      vertex   -1.000000e+00 -1.500000e+00 2.386603e+01
      vertex   -1.268280e+00 -1.430436e+00 2.386183e+01
      vertex   -1.078131e+00 -1.554261e+00 2.382867e+01
    endloop
  endfacet
  facet normal -2.448663e-01 -5.834139e-01 7.743828e-01
    outer loop
      vertex   -1.078131e+00 -1.554261e+00 2.382867e+01
      vertex   -1.268280e+00 -1.430436e+00 2.386183e+01
      vertex   -1.407464e+00 -1.583430e+00 2.370255e+01
    endloop
  endfacet
  facet normal -2.448663e-01 -5.834139e-01 7.743828e-01
    outer loop
      vertex   -1.078131e+00 -1.554261e+00 2.382867e+01
      vertex   -1.407464e+00 -1.583430e+00 2.370255e+01
      vertex   -1.201121e+00 -1.717801e+00 2.366657e+01
    endloop
  endfacet
  facet normal -3.657544e-01 -7.197061e-01 5.901245e-01
    outer loop
      vertex   -1.201121e+00 -1.717801e+00 2.366657e+01
      vertex   -1.407464e+00 -1.583430e+00 2.370255e+01
      vertex   -1.518881e+00 -1.696665e+00 2.349540e+01
    endloop
  endfacet
  facet normal -3.657544e-01 -7.197061e-01 5.901245e-01
    outer loop
      vertex   -1.201121e+00 -1.717801e+00 2.366657e+01
      vertex   -1.518881e+00 -1.696665e+00 2.349540e+01
      vertex   -1.310406e+00 -1.832423e+00 2.345904e+01
    endloop
  endfacet
  facet normal -4.620595e-01 -8.076571e-01 3.663208e-01
    outer loop
      vertex   -1.310406e+00 -1.832423e+00 2.345904e+01
      vertex   -1.518881e+00 -1.696665e+00 2.349540e+01
      vertex   -1.594936e+00 -1.762422e+00 2.325449e+01
    endloop
  endfacet
  facet normal -4.620595e-01 -8.076571e-01 3.663208e-01
    outer loop
      vertex   -1.310406e+00 -1.832423e+00 2.345904e+01
      vertex   -1.594936e+00 -1.762422e+00 2.325449e+01
      vertex   -1.398536e+00 -1.890318e+00 2.322023e+01
    endloop
  endfacet
  facet normal -5.215192e-01 -8.403810e-01 1.475718e-01
    outer loop
      vertex   -1.398536e+00 -1.890318e+00 2.322023e+01
      vertex   -1.594936e+00 -1.762422e+00 2.325449e+01
      vertex   -1.500000e+00 -1.866025e+00 2.300000e+01
    endloop
  endfacet
  facet normal -3.816287e-01 -9.213332e-01 7.419375e-02
    outer loop
      vertex   -1.398536e+00 -1.890318e+00 2.322023e+01
      vertex   -1.500000e+00 -1.866025e+00 2.300000e+01
      vertex   -1.258819e+00 -1.965926e+00 2.300000e+01
    endloop
  endfacet
  facet normal -3.818374e-01 -6.645835e-02 9.218370e-01
    outer loop
      vertex   -1.258819e+00 -1.000000e+00 2.396593e+01
      vertex   -1.500000e+00 -1.000000e+00 2.386603e+01
      vertex   -1.248108e+00 -1.110813e+00 2.396237e+01
    endloop
  endfacet
  facet normal -3.995626e-01 -1.178222e-01 9.091026e-01
    outer loop
      vertex   -1.248108e+00 -1.110813e+00 2.396237e+01
      vertex   -1.500000e+00 -1.000000e+00 2.386603e+01
      vertex   -1.430436e+00 -1.268280e+00 2.386183e+01
    endloop
  endfacet
  facet normal -2.729599e-01 -2.729599e-01 9.224889e-01
    outer loop
      vertex   -1.248108e+00 -1.110813e+00 2.396237e+01
      vertex   -1.430436e+00 -1.268280e+00 2.386183e+01
      vertex   -1.110813e+00 -1.248108e+00 2.396237e+01
    endloop
  endfacet
  facet normal -2.729599e-01 -2.729599e-01 9.224889e-01
    outer loop
      vertex   -1.110813e+00 -1.248108e+00 2.396237e+01
      vertex   -1.430436e+00 -1.268280e+00 2.386183e+01
      vertex   -1.268280e+00 -1.430436e+00 2.386183e+01
    endloop
  endfacet
  facet normal -4.328324e-01 -1.261909e-01 8.925984e-01
    outer loop
      vertex   -1.430436e+00 -1.268280e+00 2.386183e+01
      vertex   -1.500000e+00 -1.000000e+00 2.386603e+01
      vertex   -1.554261e+00 -1.078131e+00 2.382867e+01
    endloop
  endfacet
  facet normal -6.081878e-01 4.340169e-02 7.926058e-01
    outer loop
      vertex   -1.554261e+00 -1.078131e+00 2.382867e+01
      vertex   -1.500000e+00 -1.000000e+00 2.386603e+01
      vertex   -1.707107e+00 -1.000000e+00 2.370711e+01
    endloop
  endfacet
  facet normal -6.538873e-01 -1.159338e-01 7.476569e-01
    outer loop
      vertex   -1.554261e+00 -1.078131e+00 2.382867e+01
      vertex   -1.707107e+00 -1.000000e+00 2.370711e+01
      vertex   -1.717801e+00 -1.201121e+00 2.366657e+01
    endloop
  endfacet
  facet normal -7.907938e-01 -8.026201e-02 6.067974e-01
    outer loop
      vertex   -1.717801e+00 -1.201121e+00 2.366657e+01
      vertex   -1.707107e+00 -1.000000e+00 2.370711e+01
      vertex   -1.866025e+00 -1.000000e+00 2.350000e+01
    endloop
  endfacet
  facet normal -8.257119e-01 -1.607312e-01 5.407082e-01
    outer loop
      vertex   -1.717801e+00 -1.201121e+00 2.366657e+01
      vertex   -1.866025e+00 -1.000000e+00 2.350000e+01
      vertex   -1.832423e+00 -1.310406e+00 2.345904e+01
    endloop
  endfacet
  facet normal -8.447130e-01 -1.588805e-01 5.110938e-01
    outer loop
      vertex   -1.832423e+00 -1.310406e+00 2.345904e+01
      vertex   -1.866025e+00 -1.000000e+00 2.350000e+01
      vertex   -1.917502e+00 -1.084530e+00 2.338864e+01
    endloop
  endfacet
  facet normal -9.167181e-01 -2.475550e-01 3.135991e-01
    outer loop
      vertex   -1.832423e+00 -1.310406e+00 2.345904e+01
      vertex   -1.917502e+00 -1.084530e+00 2.338864e+01
      vertex   -1.970469e+00 -1.185744e+00 2.315391e+01
    endloop
  endfacet
  facet normal -9.537278e-01 -1.298391e-01 2.711922e-01
    outer loop
      vertex   -1.970469e+00 -1.185744e+00 2.315391e+01
      vertex   -1.917502e+00 -1.084530e+00 2.338864e+01
      vertex   -1.965926e+00 -1.000000e+00 2.325882e+01
    endloop
  endfacet
  facet normal -9.902339e-01 -4.940940e-02 1.303668e-01
    outer loop
      vertex   -1.970469e+00 -1.185744e+00 2.315391e+01
      vertex   -1.965926e+00 -1.000000e+00 2.325882e+01
      vertex   -2.000000e+00 -1.000000e+00 2.300000e+01
    endloop
  endfacet
  facet normal -9.223031e-01 5.839280e-02 3.820305e-01
    outer loop
      vertex   -1.866025e+00 -1.000000e+00 2.350000e+01
      vertex   -1.965926e+00 -1.000000e+00 2.325882e+01
      vertex   -1.917502e+00 -1.084530e+00 2.338864e+01
    endloop
  endfacet
  facet normal -9.909150e-01 -1.304564e-01 3.268886e-02
    outer loop
      vertex   -2.000000e+00 -1.000000e+00 2.300000e+01
      vertex   -1.965926e+00 -1.258819e+00 2.300000e+01
      vertex   -1.970469e+00 -1.185744e+00 2.315391e+01
    endloop
  endfacet
  facet normal -9.407634e-01 -3.162140e-01 1.223638e-01
    outer loop
      vertex   -1.970469e+00 -1.185744e+00 2.315391e+01
      vertex   -1.965926e+00 -1.258819e+00 2.300000e+01
      vertex   -1.890318e+00 -1.398536e+00 2.322023e+01
    endloop
  endfacet
  facet normal -9.167181e-01 -2.475550e-01 3.135991e-01
    outer loop
      vertex   -1.970469e+00 -1.185744e+00 2.315391e+01
      vertex   -1.890318e+00 -1.398536e+00 2.322023e+01
      vertex   -1.832423e+00 -1.310406e+00 2.345904e+01
    endloop
  endfacet
  facet normal -8.076571e-01 -4.620595e-01 3.663208e-01
    outer loop
      vertex   -1.832423e+00 -1.310406e+00 2.345904e+01
      vertex   -1.890318e+00 -1.398536e+00 2.322023e+01
      vertex   -1.696665e+00 -1.518881e+00 2.349540e+01
    endloop
  endfacet
  facet normal -7.197061e-01 -3.657544e-01 5.901245e-01
    outer loop
      vertex   -1.832423e+00 -1.310406e+00 2.345904e+01
      vertex   -1.696665e+00 -1.518881e+00 2.349540e+01
      vertex   -1.583430e+00 -1.407464e+00 2.370255e+01
    endloop
  endfacet
  facet normal -5.611197e-01 -5.611197e-01 6.085140e-01
    outer loop
      vertex   -1.583430e+00 -1.407464e+00 2.370255e+01
      vertex   -1.696665e+00 -1.518881e+00 2.349540e+01
      vertex   -1.407464e+00 -1.583430e+00 2.370255e+01
    endloop
  endfacet
  facet normal -4.317293e-01 -4.317293e-01 7.919720e-01
    outer loop
      vertex   -1.583430e+00 -1.407464e+00 2.370255e+01
      vertex   -1.407464e+00 -1.583430e+00 2.370255e+01
      vertex   -1.268280e+00 -1.430436e+00 2.386183e+01
    endloop
  endfacet
  facet normal -9.213332e-01 -3.816287e-01 7.419375e-02
    outer loop
      vertex   -1.965926e+00 -1.258819e+00 2.300000e+01
      vertex   -1.866025e+00 -1.500000e+00 2.300000e+01
      vertex   -1.890318e+00 -1.398536e+00 2.322023e+01
    endloop
  endfacet
  facet normal -8.403810e-01 -5.215192e-01 1.475718e-01
    outer loop
      vertex   -1.890318e+00 -1.398536e+00 2.322023e+01
      vertex   -1.866025e+00 -1.500000e+00 2.300000e+01
      vertex   -1.762422e+00 -1.594936e+00 2.325449e+01
    endloop
  endfacet
  facet normal -8.076571e-01 -4.620595e-01 3.663208e-01
    outer loop
      vertex   -1.890318e+00 -1.398536e+00 2.322023e+01
      vertex   -1.762422e+00 -1.594936e+00 2.325449e+01
      vertex   -1.696665e+00 -1.518881e+00 2.349540e+01
    endloop
  endfacet
  facet normal -6.528138e-01 -6.528138e-01 3.842763e-01
    outer loop
      vertex   -1.696665e+00 -1.518881e+00 2.349540e+01
      vertex   -1.762422e+00 -1.594936e+00 2.325449e+01
      vertex   -1.518881e+00 -1.696665e+00 2.349540e+01
    endloop
  endfacet
  facet normal -5.611197e-01 -5.611197e-01 6.085140e-01
    outer loop
      vertex   -1.696665e+00 -1.518881e+00 2.349540e+01
      vertex   -1.518881e+00 -1.696665e+00 2.349540e+01
      vertex   -1.407464e+00 -1.583430e+00 2.370255e+01
    endloop
  endfacet
  facet normal -7.897316e-01 -6.059824e-01 9.544300e-02
    outer loop
      vertex   -1.866025e+00 -1.500000e+00 2.300000e+01
      vertex   -1.707107e+00 -1.707107e+00 2.300000e+01
      vertex   -1.762422e+00 -1.594936e+00 2.325449e+01
    endloop
  endfacet
  facet normal -6.984452e-01 -6.984452e-01 1.560404e-01
    outer loop
      vertex   -1.762422e+00 -1.594936e+00 2.325449e+01
      vertex   -1.707107e+00 -1.707107e+00 2.300000e+01
      vertex   -1.594936e+00 -1.762422e+00 2.325449e+01
    endloop
  endfacet
  facet normal -6.528138e-01 -6.528138e-01 3.842763e-01
    outer loop
      vertex   -1.762422e+00 -1.594936e+00 2.325449e+01
      vertex   -1.594936e+00 -1.762422e+00 2.325449e+01
      vertex   -1.518881e+00 -1.696665e+00 2.349540e+01
    endloop
  endfacet
  facet normal -6.059824e-01 -7.897316e-01 9.544300e-02
    outer loop
      vertex   -1.707107e+00 -1.707107e+00 2.300000e+01
      vertex   -1.500000e+00 -1.866025e+00 2.300000e+01
      vertex   -1.594936e+00 -1.762422e+00 2.325449e+01
    endloop
  endfacet
  facet normal -3.162140e-01 -9.407634e-01 1.223638e-01
    outer loop
      vertex   -1.398536e+00 -1.890318e+00 2.322023e+01
      vertex   -1.258819e+00 -1.965926e+00 2.300000e+01
      vertex   -1.185744e+00 -1.970469e+00 2.315391e+01
    endloop
  endfacet
  facet normal -1.304564e-01 -9.909150e-01 3.268886e-02
    outer loop
      vertex   -1.185744e+00 -1.970469e+00 2.315391e+01
      vertex   -1.258819e+00 -1.965926e+00 2.300000e+01
      vertex   -1.000000e+00 -2.000000e+00 2.300000e+01
    endloop
  endfacet
  facet normal -4.940940e-02 -9.902339e-01 1.303668e-01
    outer loop
      vertex   -1.185744e+00 -1.970469e+00 2.315391e+01
      vertex   -1.000000e+00 -2.000000e+00 2.300000e+01
      vertex   -1.000000e+00 -1.965926e+00 2.325882e+01
    endloop
  endfacet
  facet normal -1.298391e-01 -9.537278e-01 2.711922e-01
    outer loop
      vertex   -1.185744e+00 -1.970469e+00 2.315391e+01
      vertex   -1.000000e+00 -1.965926e+00 2.325882e+01
      vertex   -1.084530e+00 -1.917502e+00 2.338864e+01
    endloop
  endfacet
  facet normal 5.839280e-02 -9.223031e-01 3.820305e-01
    outer loop
      vertex   -1.084530e+00 -1.917502e+00 2.338864e+01
      vertex   -1.000000e+00 -1.965926e+00 2.325882e+01
      vertex   -1.000000e+00 -1.866025e+00 2.350000e+01
    endloop
  endfacet
  facet normal -1.588805e-01 -8.447130e-01 5.110938e-01
    outer loop
      vertex   -1.084530e+00 -1.917502e+00 2.338864e+01
      vertex   -1.000000e+00 -1.866025e+00 2.350000e+01
      vertex   -1.310406e+00 -1.832423e+00 2.345904e+01
    endloop
  endfacet
  facet normal -1.607312e-01 -8.257119e-01 5.407082e-01
    outer loop
      vertex   -1.310406e+00 -1.832423e+00 2.345904e+01
      vertex   -1.000000e+00 -1.866025e+00 2.350000e+01
      vertex   -1.201121e+00 -1.717801e+00 2.366657e+01
    endloop
  endfacet
  facet normal -8.026201e-02 -7.907938e-01 6.067974e-01
    outer loop
      vertex   -1.000000e+00 -1.866025e+00 2.350000e+01
      vertex   -1.000000e+00 -1.707107e+00 2.370711e+01
      vertex   -1.201121e+00 -1.717801e+00 2.366657e+01
    endloop
  endfacet
  facet normal -1.159338e-01 -6.538873e-01 7.476569e-01
    outer loop
      vertex   -1.201121e+00 -1.717801e+00 2.366657e+01
      vertex   -1.000000e+00 -1.707107e+00 2.370711e+01
      vertex   -1.078131e+00 -1.554261e+00 2.382867e+01
    endloop
  endfacet
  facet normal 4.340169e-02 -6.081878e-01 7.926058e-01
    outer loop
      vertex   -1.000000e+00 -1.707107e+00 2.370711e+01
      vertex   -1.000000e+00 -1.500000e+00 2.386603e+01
      vertex   -1.078131e+00 -1.554261e+00 2.382867e+01
    endloop
  endfacet
  facet normal -4.317293e-01 -4.317293e-01 7.919720e-01
    outer loop
      vertex   -1.583430e+00 -1.407464e+00 2.370255e+01
      vertex   -1.268280e+00 -1.430436e+00 2.386183e+01
      vertex   -1.430436e+00 -1.268280e+00 2.386183e+01
    endloop
  endfacet
  facet normal -5.834139e-01 -2.448663e-01 7.743828e-01
    outer loop
      vertex   -1.554261e+00 -1.078131e+00 2.382867e+01
      vertex   -1.717801e+00 -1.201121e+00 2.366657e+01
      vertex   -1.430436e+00 -1.268280e+00 2.386183e+01
    endloop
  endfacet
  facet normal -5.834139e-01 -2.448663e-01 7.743828e-01
    outer loop
      vertex   -1.430436e+00 -1.268280e+00 2.386183e+01
      vertex   -1.717801e+00 -1.201121e+00 2.366657e+01
      vertex   -1.583430e+00 -1.407464e+00 2.370255e+01
    endloop
  endfacet
  facet normal -7.197061e-01 -3.657544e-01 5.901245e-01
    outer loop
      vertex   -1.717801e+00 -1.201121e+00 2.366657e+01
      vertex   -1.832423e+00 -1.310406e+00 2.345904e+01
      vertex   -1.583430e+00 -1.407464e+00 2.370255e+01
    endloop
  endfacet
  facet normal -2.475550e-01 -9.167181e-01 3.135991e-01
    outer loop
      vertex   -1.084530e+00 -1.917502e+00 2.338864e+01
      vertex   -1.310406e+00 -1.832423e+00 2.345904e+01
      vertex   -1.398536e+00 -1.890318e+00 2.322023e+01
    endloop
  endfacet
  facet normal -2.475550e-01 -9.167181e-01 3.135991e-01
    outer loop
      vertex   -1.185744e+00 -1.970469e+00 2.315391e+01
      vertex   -1.084530e+00 -1.917502e+00 2.338864e+01
      vertex   -1.398536e+00 -1.890318e+00 2.322023e+01
    endloop
  endfacet
  facet normal -9.914449e-01 -1.305262e-01 -7.657217e-17
    outer loop
      vertex   -1.965926e+00 -1.258819e+00 0.000000e+00
      vertex   -1.965926e+00 -1.258819e+00 5.750000e+00
      vertex   -2.000000e+00 -1.000000e+00 0.000000e+00
    endloop
  endfacet
  facet normal -9.914449e-01 -1.305262e-01 0.000000e+00
    outer loop
      vertex   -2.000000e+00 -1.000000e+00 0.000000e+00
      vertex   -1.965926e+00 -1.258819e+00 5.750000e+00
      vertex   -1.965926e+00 -1.258819e+00 1.150000e+01
    endloop
  endfacet
  facet normal -9.914449e-01 -1.305262e-01 0.000000e+00
    outer loop
      vertex   -2.000000e+00 -1.000000e+00 0.000000e+00
      vertex   -1.965926e+00 -1.258819e+00 1.150000e+01
      vertex   -2.000000e+00 -1.000000e+00 2.300000e+01
    endloop
  endfacet
  facet normal -9.914449e-01 -1.305262e-01 0.000000e+00
    outer loop
      vertex   -2.000000e+00 -1.000000e+00 2.300000e+01
      vertex   -1.965926e+00 -1.258819e+00 1.150000e+01
      vertex   -1.965926e+00 -1.258819e+00 1.725000e+01
    endloop
  endfacet
  facet normal -9.914449e-01 -1.305262e-01 -1.583271e-16
    outer loop
      vertex   -2.000000e+00 -1.000000e+00 2.300000e+01
      vertex   -1.965926e+00 -1.258819e+00 1.725000e+01
      vertex   -1.965926e+00 -1.258819e+00 2.300000e+01
    endloop
  endfacet
  facet normal -9.238795e-01 -3.826834e-01 -1.574857e-16
    outer loop
      vertex   -1.965926e+00 -1.258819e+00 2.300000e+01
      vertex   -1.965926e+00 -1.258819e+00 1.725000e+01
      vertex   -1.866025e+00 -1.500000e+00 2.300000e+01
    endloop
  endfacet
  facet normal -9.238795e-01 -3.826834e-01 -1.722636e-16
    outer loop
      vertex   -1.866025e+00 -1.500000e+00 2.300000e+01
      vertex   -1.965926e+00 -1.258819e+00 1.725000e+01
      vertex   -1.866025e+00 -1.500000e+00 1.725000e+01
    endloop
  endfacet
  facet normal -7.933533e-01 -6.087614e-01 -1.695624e-16
    outer loop
      vertex   -1.866025e+00 -1.500000e+00 2.300000e+01
      vertex   -1.866025e+00 -1.500000e+00 1.725000e+01
      vertex   -1.707107e+00 -1.707107e+00 2.300000e+01
    endloop
  endfacet
  facet normal -7.933533e-01 -6.087614e-01 -1.624341e-16
    outer loop
      vertex   -1.707107e+00 -1.707107e+00 2.300000e+01
      vertex   -1.866025e+00 -1.500000e+00 1.725000e+01
      vertex   -1.707107e+00 -1.707107e+00 1.725000e+01
    endloop
  endfacet
  facet normal -6.087614e-01 -7.933533e-01 -1.624341e-16
    outer loop
      vertex   -1.707107e+00 -1.707107e+00 2.300000e+01
      vertex   -1.707107e+00 -1.707107e+00 1.725000e+01
      vertex   -1.500000e+00 -1.866025e+00 2.300000e+01
    endloop
  endfacet
  facet normal -6.087614e-01 -7.933533e-01 -1.460542e-16
    outer loop
      vertex   -1.500000e+00 -1.866025e+00 2.300000e+01
      vertex   -1.707107e+00 -1.707107e+00 1.725000e+01
      vertex   -1.500000e+00 -1.866025e+00 1.725000e+01
    endloop
  endfacet
  facet normal -3.826834e-01 -9.238795e-01 -1.574857e-16
    outer loop
      vertex   -1.500000e+00 -1.866025e+00 2.300000e+01
      vertex   -1.500000e+00 -1.866025e+00 1.725000e+01
      vertex   -1.258819e+00 -1.965926e+00 2.300000e+01
    endloop
  endfacet
  facet normal -3.826834e-01 -9.238795e-01 -1.574857e-16
    outer loop
      vertex   -1.258819e+00 -1.965926e+00 2.300000e+01
      vertex   -1.500000e+00 -1.866025e+00 1.725000e+01
      vertex   -1.258819e+00 -1.965926e+00 1.725000e+01
    endloop
  endfacet
  facet normal -1.305262e-01 -9.914449e-01 -1.581848e-16
    outer loop
      vertex   -1.258819e+00 -1.965926e+00 2.300000e+01
      vertex   -1.258819e+00 -1.965926e+00 1.725000e+01
      vertex   -1.000000e+00 -2.000000e+00 2.300000e+01
    endloop
  endfacet
  facet normal -1.305262e-01 -9.914449e-01 7.165169e-17
    outer loop
      vertex   -1.000000e+00 -2.000000e+00 2.300000e+01
      vertex   -1.258819e+00 -1.965926e+00 1.725000e+01
      vertex   -1.258819e+00 -1.965926e+00 1.150000e+01
    endloop
  endfacet
  facet normal -1.305262e-01 -9.914449e-01 -3.780344e-18
    outer loop
      vertex   -1.000000e+00 -2.000000e+00 2.300000e+01
      vertex   -1.258819e+00 -1.965926e+00 1.150000e+01
      vertex   -1.000000e+00 -2.000000e+00 0.000000e+00
    endloop
  endfacet
  facet normal -1.305262e-01 -9.914449e-01 -7.627438e-17
    outer loop
      vertex   -1.000000e+00 -2.000000e+00 0.000000e+00
      vertex   -1.258819e+00 -1.965926e+00 1.150000e+01
      vertex   -1.258819e+00 -1.965926e+00 5.750000e+00
    endloop
  endfacet
  facet normal -1.305262e-01 -9.914449e-01 7.627438e-17
    outer loop
      vertex   -1.000000e+00 -2.000000e+00 0.000000e+00
      vertex   -1.258819e+00 -1.965926e+00 5.750000e+00
      vertex   -1.258819e+00 -1.965926e+00 0.000000e+00
    endloop
  endfacet
  facet normal -3.826834e-01 -9.238795e-01 7.135390e-17
    outer loop
      vertex   -1.258819e+00 -1.965926e+00 0.000000e+00
      vertex   -1.258819e+00 -1.965926e+00 5.750000e+00
      vertex   -1.500000e+00 -1.866025e+00 0.000000e+00
    endloop
  endfacet
  facet normal -3.826834e-01 -9.238795e-01 0.000000e+00
    outer loop
      vertex   -1.500000e+00 -1.866025e+00 0.000000e+00
      vertex   -1.258819e+00 -1.965926e+00 5.750000e+00
      vertex   -1.500000e+00 -1.866025e+00 5.750000e+00
    endloop
  endfacet
  facet normal -6.087614e-01 -7.933533e-01 0.000000e+00
    outer loop
      vertex   -1.500000e+00 -1.866025e+00 0.000000e+00
      vertex   -1.500000e+00 -1.866025e+00 5.750000e+00
      vertex   -1.707107e+00 -1.707107e+00 0.000000e+00
    endloop
  endfacet
  facet normal -6.087614e-01 -7.933533e-01 0.000000e+00
    outer loop
      vertex   -1.707107e+00 -1.707107e+00 0.000000e+00
      vertex   -1.500000e+00 -1.866025e+00 5.750000e+00
      vertex   -1.707107e+00 -1.707107e+00 5.750000e+00
    endloop
  endfacet
  facet normal -7.933533e-01 -6.087614e-01 0.000000e+00
    outer loop
      vertex   -1.707107e+00 -1.707107e+00 0.000000e+00
      vertex   -1.707107e+00 -1.707107e+00 5.750000e+00
      vertex   -1.866025e+00 -1.500000e+00 0.000000e+00
    endloop
  endfacet
  facet normal -7.933533e-01 -6.087614e-01 3.063649e-17
    outer loop
      vertex   -1.866025e+00 -1.500000e+00 0.000000e+00
      vertex   -1.707107e+00 -1.707107e+00 5.750000e+00
      vertex   -1.866025e+00 -1.500000e+00 5.750000e+00
    endloop
  endfacet
  facet normal -9.238795e-01 -3.826834e-01 3.567695e-17
    outer loop
      vertex   -1.866025e+00 -1.500000e+00 0.000000e+00
      vertex   -1.866025e+00 -1.500000e+00 5.750000e+00
      vertex   -1.965926e+00 -1.258819e+00 0.000000e+00
    endloop
  endfacet
  facet normal -9.238795e-01 -3.826834e-01 -7.135390e-17
    outer loop
      vertex   -1.965926e+00 -1.258819e+00 0.000000e+00
      vertex   -1.866025e+00 -1.500000e+00 5.750000e+00
      vertex   -1.965926e+00 -1.258819e+00 5.750000e+00
    endloop
  endfacet
  facet normal -9.238795e-01 -3.826834e-01 0.000000e+00
    outer loop
      vertex   -1.866025e+00 -1.500000e+00 1.725000e+01
      vertex   -1.965926e+00 -1.258819e+00 1.725000e+01
      vertex   -1.965926e+00 -1.258819e+00 1.150000e+01
    endloop
  endfacet
  facet normal -9.238795e-01 -3.826834e-01 -0.000000e+00
    outer loop
      vertex   -1.965926e+00 -1.258819e+00 1.150000e+01
      vertex   -1.965926e+00 -1.258819e+00 5.750000e+00
      vertex   -1.866025e+00 -1.500000e+00 1.150000e+01
    endloop
  endfacet
  facet normal -9.238795e-01 -3.826834e-01 -0.000000e+00
    outer loop
      vertex   -1.866025e+00 -1.500000e+00 1.150000e+01
      vertex   -1.965926e+00 -1.258819e+00 5.750000e+00
      vertex   -1.866025e+00 -1.500000e+00 5.750000e+00
    endloop
  endfacet
  facet normal -7.933533e-01 -6.087614e-01 -0.000000e+00
    outer loop
      vertex   -1.866025e+00 -1.500000e+00 1.150000e+01
      vertex   -1.866025e+00 -1.500000e+00 5.750000e+00
      vertex   -1.707107e+00 -1.707107e+00 1.150000e+01
    endloop
  endfacet
  facet normal -7.933533e-01 -6.087614e-01 -7.128285e-18
    outer loop
      vertex   -1.707107e+00 -1.707107e+00 1.150000e+01
      vertex   -1.866025e+00 -1.500000e+00 5.750000e+00
      vertex   -1.707107e+00 -1.707107e+00 5.750000e+00
    endloop
  endfacet
  facet normal -6.087614e-01 -7.933533e-01 7.128285e-18
    outer loop
      vertex   -1.707107e+00 -1.707107e+00 1.150000e+01
      vertex   -1.707107e+00 -1.707107e+00 5.750000e+00
      vertex   -1.500000e+00 -1.866025e+00 1.150000e+01
    endloop
  endfacet
  facet normal -6.087614e-01 -7.933533e-01 -0.000000e+00
    outer loop
      vertex   -1.500000e+00 -1.866025e+00 1.150000e+01
      vertex   -1.707107e+00 -1.707107e+00 5.750000e+00
      vertex   -1.500000e+00 -1.866025e+00 5.750000e+00
    endloop
  endfacet
  facet normal -3.826834e-01 -9.238795e-01 -0.000000e+00
    outer loop
      vertex   -1.500000e+00 -1.866025e+00 1.150000e+01
      vertex   -1.500000e+00 -1.866025e+00 5.750000e+00
      vertex   -1.258819e+00 -1.965926e+00 1.150000e+01
    endloop
  endfacet
  facet normal -3.826834e-01 -9.238795e-01 -7.135390e-17
    outer loop
      vertex   -1.258819e+00 -1.965926e+00 1.150000e+01
      vertex   -1.500000e+00 -1.866025e+00 5.750000e+00
      vertex   -1.258819e+00 -1.965926e+00 5.750000e+00
    endloop
  endfacet
  facet normal -7.933533e-01 -6.087614e-01 0.000000e+00
    outer loop
      vertex   -1.707107e+00 -1.707107e+00 1.725000e+01
      vertex   -1.866025e+00 -1.500000e+00 1.725000e+01
      vertex   -1.866025e+00 -1.500000e+00 1.150000e+01
    endloop
  endfacet
  facet normal -9.238795e-01 -3.826834e-01 0.000000e+00
    outer loop
      vertex   -1.866025e+00 -1.500000e+00 1.150000e+01
      vertex   -1.866025e+00 -1.500000e+00 1.725000e+01
      vertex   -1.965926e+00 -1.258819e+00 1.150000e+01
    endloop
  endfacet
  facet normal -7.933533e-01 -6.087614e-01 -0.000000e+00
    outer loop
      vertex   -1.707107e+00 -1.707107e+00 1.725000e+01
      vertex   -1.866025e+00 -1.500000e+00 1.150000e+01
      vertex   -1.707107e+00 -1.707107e+00 1.150000e+01
    endloop
  endfacet
  facet normal -6.087614e-01 -7.933533e-01 0.000000e+00
    outer loop
      vertex   -1.500000e+00 -1.866025e+00 1.725000e+01
      vertex   -1.707107e+00 -1.707107e+00 1.725000e+01
      vertex   -1.707107e+00 -1.707107e+00 1.150000e+01
    endloop
  endfacet
  facet normal -6.087614e-01 -7.933533e-01 -3.988813e-17
    outer loop
      vertex   -1.500000e+00 -1.866025e+00 1.725000e+01
      vertex   -1.707107e+00 -1.707107e+00 1.150000e+01
      vertex   -1.500000e+00 -1.866025e+00 1.150000e+01
    endloop
  endfacet
  facet normal -3.826834e-01 -9.238795e-01 -6.934034e-18
    outer loop
      vertex   -1.258819e+00 -1.965926e+00 1.725000e+01
      vertex   -1.500000e+00 -1.866025e+00 1.725000e+01
      vertex   -1.500000e+00 -1.866025e+00 1.150000e+01
    endloop
  endfacet
  facet normal -3.826834e-01 -9.238795e-01 5.657602e-17
    outer loop
      vertex   -1.258819e+00 -1.965926e+00 1.725000e+01
      vertex   -1.500000e+00 -1.866025e+00 1.150000e+01
      vertex   -1.258819e+00 -1.965926e+00 1.150000e+01
    endloop
  endfacet
  facet normal 3.920390e-17 -9.914449e-01 1.305262e-01
    outer loop
      vertex   7.200000e+01 -1.965926e+00 2.325882e+01
      vertex   6.638462e+01 -1.965926e+00 2.325882e+01
      vertex   7.200000e+01 -2.000000e+00 2.300000e+01
    endloop
  endfacet
  facet normal 0.000000e+00 -9.914449e-01 1.305262e-01
    outer loop
      vertex   7.200000e+01 -2.000000e+00 2.300000e+01
      vertex   6.638462e+01 -1.965926e+00 2.325882e+01
      vertex   6.076923e+01 -1.965926e+00 2.325882e+01
    endloop
  endfacet
  facet normal 0.000000e+00 -9.914449e-01 1.305262e-01
    outer loop
      vertex   7.200000e+01 -2.000000e+00 2.300000e+01
      vertex   6.076923e+01 -1.965926e+00 2.325882e+01
      vertex   5.515385e+01 -1.965926e+00 2.325882e+01
    endloop
  endfacet
  facet normal 0.000000e+00 -9.238795e-01 3.826834e-01
    outer loop
      vertex   5.515385e+01 -1.965926e+00 2.325882e+01
      vertex   6.076923e+01 -1.965926e+00 2.325882e+01
      vertex   5.515385e+01 -1.866025e+00 2.350000e+01
    endloop
  endfacet
  facet normal 0.000000e+00 -9.238795e-01 3.826834e-01
    outer loop
      vertex   5.515385e+01 -1.965926e+00 2.325882e+01
      vertex   5.515385e+01 -1.866025e+00 2.350000e+01
      vertex   4.953846e+01 -1.866025e+00 2.350000e+01
    endloop
  endfacet
  facet normal 0.000000e+00 -7.933533e-01 6.087614e-01
    outer loop
      vertex   4.953846e+01 -1.866025e+00 2.350000e+01
      vertex   5.515385e+01 -1.866025e+00 2.350000e+01
      vertex   4.953846e+01 -1.707107e+00 2.370711e+01
    endloop
  endfacet
  facet normal 0.000000e+00 -7.933533e-01 6.087614e-01
    outer loop
      vertex   4.953846e+01 -1.866025e+00 2.350000e+01
      vertex   4.953846e+01 -1.707107e+00 2.370711e+01
      vertex   4.392308e+01 -1.707107e+00 2.370711e+01
    endloop
  endfacet
  facet normal 0.000000e+00 -6.087614e-01 7.933533e-01
    outer loop
      vertex   4.392308e+01 -1.707107e+00 2.370711e+01
      vertex   4.953846e+01 -1.707107e+00 2.370711e+01
      vertex   4.392308e+01 -1.500000e+00 2.386603e+01
    endloop
  endfacet
  facet normal 2.840105e-17 -6.087614e-01 7.933533e-01
    outer loop
      vertex   4.392308e+01 -1.707107e+00 2.370711e+01
      vertex   4.392308e+01 -1.500000e+00 2.386603e+01
      vertex   3.830769e+01 -1.500000e+00 2.386603e+01
    endloop
  endfacet
  facet normal 1.513214e-17 -3.826834e-01 9.238795e-01
    outer loop
      vertex   3.830769e+01 -1.500000e+00 2.386603e+01
      vertex   4.392308e+01 -1.500000e+00 2.386603e+01
      vertex   3.830769e+01 -1.258819e+00 2.396593e+01
    endloop
  endfacet
  facet normal 0.000000e+00 -3.826834e-01 9.238795e-01
    outer loop
      vertex   3.830769e+01 -1.500000e+00 2.386603e+01
      vertex   3.830769e+01 -1.258819e+00 2.396593e+01
      vertex   3.269231e+01 -1.258819e+00 2.396593e+01
    endloop
  endfacet
  facet normal 0.000000e+00 -1.305262e-01 9.914449e-01
    outer loop
      vertex   3.269231e+01 -1.258819e+00 2.396593e+01
      vertex   3.830769e+01 -1.258819e+00 2.396593e+01
      vertex   -1.000000e+00 -1.000000e+00 2.400000e+01
    endloop
  endfacet
  facet normal 0.000000e+00 -1.305262e-01 9.914449e-01
    outer loop
      vertex   3.269231e+01 -1.258819e+00 2.396593e+01
      vertex   -1.000000e+00 -1.000000e+00 2.400000e+01
      vertex   2.707692e+01 -1.258819e+00 2.396593e+01
    endloop
  endfacet
  facet normal -5.161291e-18 -1.305262e-01 9.914449e-01
    outer loop
      vertex   2.707692e+01 -1.258819e+00 2.396593e+01
      vertex   -1.000000e+00 -1.000000e+00 2.400000e+01
      vertex   2.146154e+01 -1.258819e+00 2.396593e+01
    endloop
  endfacet
  facet normal -1.513214e-17 -3.826834e-01 9.238795e-01
    outer loop
      vertex   2.707692e+01 -1.258819e+00 2.396593e+01
      vertex   2.146154e+01 -1.258819e+00 2.396593e+01
      vertex   2.707692e+01 -1.500000e+00 2.386603e+01
    endloop
  endfacet
  facet normal 0.000000e+00 -3.826834e-01 9.238795e-01
    outer loop
      vertex   2.707692e+01 -1.500000e+00 2.386603e+01
      vertex   2.146154e+01 -1.258819e+00 2.396593e+01
      vertex   2.146154e+01 -1.500000e+00 2.386603e+01
    endloop
  endfacet
  facet normal 0.000000e+00 -6.087614e-01 7.933533e-01
    outer loop
      vertex   2.707692e+01 -1.500000e+00 2.386603e+01
      vertex   2.146154e+01 -1.500000e+00 2.386603e+01
      vertex   2.707692e+01 -1.707107e+00 2.370711e+01
    endloop
  endfacet
  facet normal 0.000000e+00 -6.087614e-01 7.933533e-01
    outer loop
      vertex   2.707692e+01 -1.707107e+00 2.370711e+01
      vertex   2.146154e+01 -1.500000e+00 2.386603e+01
      vertex   2.146154e+01 -1.707107e+00 2.370711e+01
    endloop
  endfacet
  facet normal 0.000000e+00 -7.933533e-01 6.087614e-01
    outer loop
      vertex   2.707692e+01 -1.707107e+00 2.370711e+01
      vertex   2.146154e+01 -1.707107e+00 2.370711e+01
      vertex   2.707692e+01 -1.866025e+00 2.350000e+01
    endloop
  endfacet
  facet normal 0.000000e+00 -7.933533e-01 6.087614e-01
    outer loop
      vertex   2.707692e+01 -1.866025e+00 2.350000e+01
      vertex   2.146154e+01 -1.707107e+00 2.370711e+01
      vertex   2.146154e+01 -1.866025e+00 2.350000e+01
    endloop
  endfacet
  facet normal 0.000000e+00 -9.238795e-01 3.826834e-01
    outer loop
      vertex   2.707692e+01 -1.866025e+00 2.350000e+01
      vertex   2.146154e+01 -1.866025e+00 2.350000e+01
      vertex   2.707692e+01 -1.965926e+00 2.325882e+01
    endloop
  endfacet
  facet normal 0.000000e+00 -9.238795e-01 3.826834e-01
    outer loop
      vertex   2.707692e+01 -1.965926e+00 2.325882e+01
      vertex   2.146154e+01 -1.866025e+00 2.350000e+01
      vertex   2.146154e+01 -1.965926e+00 2.325882e+01
    endloop
  endfacet
  facet normal 0.000000e+00 -9.914449e-01 1.305262e-01
    outer loop
      vertex   2.707692e+01 -1.965926e+00 2.325882e+01
      vertex   2.146154e+01 -1.965926e+00 2.325882e+01
      vertex   -1.000000e+00 -2.000000e+00 2.300000e+01
    endloop
  endfacet
  facet normal 0.000000e+00 -9.914449e-01 1.305262e-01
    outer loop
      vertex   -1.000000e+00 -2.000000e+00 2.300000e+01
      vertex   2.146154e+01 -1.965926e+00 2.325882e+01
      vertex   1.584615e+01 -1.965926e+00 2.325882e+01
    endloop
  endfacet
  facet normal 0.000000e+00 -9.914449e-01 1.305262e-01
    outer loop
      vertex   -1.000000e+00 -2.000000e+00 2.300000e+01
      vertex   1.584615e+01 -1.965926e+00 2.325882e+01
      vertex   1.023077e+01 -1.965926e+00 2.325882e+01
    endloop
  endfacet
  facet normal 0.000000e+00 -9.238795e-01 3.826834e-01
    outer loop
      vertex   1.023077e+01 -1.965926e+00 2.325882e+01
      vertex   1.584615e+01 -1.965926e+00 2.325882e+01
      vertex   1.023077e+01 -1.866025e+00 2.350000e+01
    endloop
  endfacet
  facet normal 0.000000e+00 -9.238795e-01 3.826834e-01
    outer loop
      vertex   1.023077e+01 -1.965926e+00 2.325882e+01
      vertex   1.023077e+01 -1.866025e+00 2.350000e+01
      vertex   4.615385e+00 -1.866025e+00 2.350000e+01
    endloop
  endfacet
  facet normal 0.000000e+00 -7.933533e-01 6.087614e-01
    outer loop
      vertex   4.615385e+00 -1.866025e+00 2.350000e+01
      vertex   1.023077e+01 -1.866025e+00 2.350000e+01
      vertex   4.615385e+00 -1.707107e+00 2.370711e+01
    endloop
  endfacet
  facet normal -3.313455e-17 -7.933533e-01 6.087614e-01
    outer loop
      vertex   4.615385e+00 -1.866025e+00 2.350000e+01
      vertex   4.615385e+00 -1.707107e+00 2.370711e+01
      vertex   -1.000000e+00 -1.707107e+00 2.370711e+01
    endloop
  endfacet
  facet normal -2.407176e-17 -6.087614e-01 7.933533e-01
    outer loop
      vertex   -1.000000e+00 -1.707107e+00 2.370711e+01
      vertex   4.615385e+00 -1.707107e+00 2.370711e+01
      vertex   -1.000000e+00 -1.500000e+00 2.386603e+01
    endloop
  endfacet
  facet normal 0.000000e+00 -6.087614e-01 7.933533e-01
    outer loop
      vertex   -1.000000e+00 -1.500000e+00 2.386603e+01
      vertex   4.615385e+00 -1.707107e+00 2.370711e+01
      vertex   4.615385e+00 -1.500000e+00 2.386603e+01
    endloop
  endfacet
  facet normal 0.000000e+00 -3.826834e-01 9.238795e-01
    outer loop
      vertex   -1.000000e+00 -1.500000e+00 2.386603e+01
      vertex   4.615385e+00 -1.500000e+00 2.386603e+01
      vertex   -1.000000e+00 -1.258819e+00 2.396593e+01
    endloop
  endfacet
  facet normal 6.147798e-16 -3.826834e-01 9.238795e-01
    outer loop
      vertex   -1.000000e+00 -1.258819e+00 2.396593e+01
      vertex   4.615385e+00 -1.500000e+00 2.386603e+01
      vertex   4.615385e+00 -1.258819e+00 2.396593e+01
    endloop
  endfacet
  facet normal 6.375850e-16 -1.305262e-01 9.914449e-01
    outer loop
      vertex   -1.000000e+00 -1.258819e+00 2.396593e+01
      vertex   4.615385e+00 -1.258819e+00 2.396593e+01
      vertex   -1.000000e+00 -1.000000e+00 2.400000e+01
    endloop
  endfacet
  facet normal 0.000000e+00 -1.305262e-01 9.914449e-01
    outer loop
      vertex   -1.000000e+00 -1.000000e+00 2.400000e+01
      vertex   4.615385e+00 -1.258819e+00 2.396593e+01
      vertex   1.023077e+01 -1.258819e+00 2.396593e+01
    endloop
  endfacet
  facet normal 0.000000e+00 -1.305262e-01 9.914449e-01
    outer loop
      vertex   -1.000000e+00 -1.000000e+00 2.400000e+01
      vertex   1.023077e+01 -1.258819e+00 2.396593e+01
      vertex   1.584615e+01 -1.258819e+00 2.396593e+01
    endloop
  endfacet
  facet normal 0.000000e+00 -3.826834e-01 9.238795e-01
    outer loop
      vertex   1.584615e+01 -1.258819e+00 2.396593e+01
      vertex   1.023077e+01 -1.258819e+00 2.396593e+01
      vertex   1.584615e+01 -1.500000e+00 2.386603e+01
    endloop
  endfacet
  facet normal 0.000000e+00 -3.826834e-01 9.238795e-01
    outer loop
      vertex   1.584615e+01 -1.258819e+00 2.396593e+01
      vertex   1.584615e+01 -1.500000e+00 2.386603e+01
      vertex   2.146154e+01 -1.500000e+00 2.386603e+01
    endloop
  endfacet
  facet normal 0.000000e+00 -6.087614e-01 7.933533e-01
    outer loop
      vertex   2.146154e+01 -1.500000e+00 2.386603e+01
      vertex   1.584615e+01 -1.500000e+00 2.386603e+01
      vertex   2.146154e+01 -1.707107e+00 2.370711e+01
    endloop
  endfacet
  facet normal 3.653222e-17 -9.238795e-01 3.826834e-01
    outer loop
      vertex   6.638462e+01 -1.965926e+00 2.325882e+01
      vertex   7.200000e+01 -1.965926e+00 2.325882e+01
      vertex   6.638462e+01 -1.866025e+00 2.350000e+01
    endloop
  endfacet
  facet normal 1.461289e-16 -9.238795e-01 3.826834e-01
    outer loop
      vertex   6.638462e+01 -1.866025e+00 2.350000e+01
      vertex   7.200000e+01 -1.965926e+00 2.325882e+01
      vertex   7.200000e+01 -1.866025e+00 2.350000e+01
    endloop
  endfacet
  facet normal 1.254837e-16 -7.933533e-01 6.087614e-01
    outer loop
      vertex   6.638462e+01 -1.866025e+00 2.350000e+01
      vertex   7.200000e+01 -1.866025e+00 2.350000e+01
      vertex   6.638462e+01 -1.707107e+00 2.370711e+01
    endloop
  endfacet
  facet normal 1.254837e-16 -7.933533e-01 6.087614e-01
    outer loop
      vertex   6.638462e+01 -1.707107e+00 2.370711e+01
      vertex   7.200000e+01 -1.866025e+00 2.350000e+01
      vertex   7.200000e+01 -1.707107e+00 2.370711e+01
    endloop
  endfacet
  facet normal 9.628704e-17 -6.087614e-01 7.933533e-01
    outer loop
      vertex   6.638462e+01 -1.707107e+00 2.370711e+01
      vertex   7.200000e+01 -1.707107e+00 2.370711e+01
      vertex   6.638462e+01 -1.500000e+00 2.386603e+01
    endloop
  endfacet
  facet normal 0.000000e+00 -6.087614e-01 7.933533e-01
    outer loop
      vertex   6.638462e+01 -1.500000e+00 2.386603e+01
      vertex   7.200000e+01 -1.707107e+00 2.370711e+01
      vertex   7.200000e+01 -1.500000e+00 2.386603e+01
    endloop
  endfacet
  facet normal 0.000000e+00 -3.826834e-01 9.238795e-01
    outer loop
      vertex   6.638462e+01 -1.500000e+00 2.386603e+01
      vertex   7.200000e+01 -1.500000e+00 2.386603e+01
      vertex   6.638462e+01 -1.258819e+00 2.396593e+01
    endloop
  endfacet
  facet normal 3.026428e-17 -3.826834e-01 9.238795e-01
    outer loop
      vertex   6.638462e+01 -1.258819e+00 2.396593e+01
      vertex   7.200000e+01 -1.500000e+00 2.386603e+01
      vertex   7.200000e+01 -1.258819e+00 2.396593e+01
    endloop
  endfacet
  facet normal 1.032258e-17 -1.305262e-01 9.914449e-01
    outer loop
      vertex   6.638462e+01 -1.258819e+00 2.396593e+01
      vertex   7.200000e+01 -1.258819e+00 2.396593e+01
      vertex   7.200000e+01 -1.000000e+00 2.400000e+01
    endloop
  endfacet
  facet normal -1.985112e-18 -1.305262e-01 9.914449e-01
    outer loop
      vertex   -1.000000e+00 -1.000000e+00 2.400000e+01
      vertex   3.830769e+01 -1.258819e+00 2.396593e+01
      vertex   7.200000e+01 -1.000000e+00 2.400000e+01
    endloop
  endfacet
  facet normal 0.000000e+00 -1.305262e-01 9.914449e-01
    outer loop
      vertex   7.200000e+01 -1.000000e+00 2.400000e+01
      vertex   3.830769e+01 -1.258819e+00 2.396593e+01
      vertex   4.392308e+01 -1.258819e+00 2.396593e+01
    endloop
  endfacet
  facet normal -4.733508e-18 -1.305262e-01 9.914449e-01
    outer loop
      vertex   7.200000e+01 -1.000000e+00 2.400000e+01
      vertex   4.392308e+01 -1.258819e+00 2.396593e+01
      vertex   4.953846e+01 -1.258819e+00 2.396593e+01
    endloop
  endfacet
  facet normal -1.513214e-17 -3.826834e-01 9.238795e-01
    outer loop
      vertex   4.953846e+01 -1.258819e+00 2.396593e+01
      vertex   4.392308e+01 -1.258819e+00 2.396593e+01
      vertex   4.953846e+01 -1.500000e+00 2.386603e+01
    endloop
  endfacet
  facet normal 0.000000e+00 -3.826834e-01 9.238795e-01
    outer loop
      vertex   4.953846e+01 -1.258819e+00 2.396593e+01
      vertex   4.953846e+01 -1.500000e+00 2.386603e+01
      vertex   5.515385e+01 -1.500000e+00 2.386603e+01
    endloop
  endfacet
  facet normal 0.000000e+00 -6.087614e-01 7.933533e-01
    outer loop
      vertex   5.515385e+01 -1.500000e+00 2.386603e+01
      vertex   4.953846e+01 -1.500000e+00 2.386603e+01
      vertex   5.515385e+01 -1.707107e+00 2.370711e+01
    endloop
  endfacet
  facet normal 0.000000e+00 -6.087614e-01 7.933533e-01
    outer loop
      vertex   5.515385e+01 -1.500000e+00 2.386603e+01
      vertex   5.515385e+01 -1.707107e+00 2.370711e+01
      vertex   6.076923e+01 -1.707107e+00 2.370711e+01
    endloop
  endfacet
  facet normal 0.000000e+00 -7.933533e-01 6.087614e-01
    outer loop
      vertex   6.076923e+01 -1.707107e+00 2.370711e+01
      vertex   5.515385e+01 -1.707107e+00 2.370711e+01
      vertex   6.076923e+01 -1.866025e+00 2.350000e+01
    endloop
  endfacet
  facet normal -3.313455e-17 -7.933533e-01 6.087614e-01
    outer loop
      vertex   6.076923e+01 -1.707107e+00 2.370711e+01
      vertex   6.076923e+01 -1.866025e+00 2.350000e+01
      vertex   6.638462e+01 -1.866025e+00 2.350000e+01
    endloop
  endfacet
  facet normal -3.653222e-17 -9.238795e-01 3.826834e-01
    outer loop
      vertex   6.638462e+01 -1.866025e+00 2.350000e+01
      vertex   6.076923e+01 -1.866025e+00 2.350000e+01
      vertex   6.638462e+01 -1.965926e+00 2.325882e+01
    endloop
  endfacet
  facet normal 2.508759e-16 -7.933533e-01 6.087614e-01
    outer loop
      vertex   -1.000000e+00 -1.707107e+00 2.370711e+01
      vertex   -1.000000e+00 -1.866025e+00 2.350000e+01
      vertex   4.615385e+00 -1.866025e+00 2.350000e+01
    endloop
  endfacet
  facet normal 2.922578e-16 -9.238795e-01 3.826834e-01
    outer loop
      vertex   4.615385e+00 -1.866025e+00 2.350000e+01
      vertex   -1.000000e+00 -1.866025e+00 2.350000e+01
      vertex   4.615385e+00 -1.965926e+00 2.325882e+01
    endloop
  endfacet
  facet normal 0.000000e+00 -9.238795e-01 3.826834e-01
    outer loop
      vertex   4.615385e+00 -1.866025e+00 2.350000e+01
      vertex   4.615385e+00 -1.965926e+00 2.325882e+01
      vertex   1.023077e+01 -1.965926e+00 2.325882e+01
    endloop
  endfacet
  facet normal 0.000000e+00 -9.914449e-01 1.305262e-01
    outer loop
      vertex   1.023077e+01 -1.965926e+00 2.325882e+01
      vertex   4.615385e+00 -1.965926e+00 2.325882e+01
      vertex   -1.000000e+00 -2.000000e+00 2.300000e+01
    endloop
  endfacet
  facet normal 1.467387e-16 -9.238795e-01 3.826834e-01
    outer loop
      vertex   -1.000000e+00 -1.866025e+00 2.350000e+01
      vertex   -1.000000e+00 -1.965926e+00 2.325882e+01
      vertex   4.615385e+00 -1.965926e+00 2.325882e+01
    endloop
  endfacet
  facet normal 1.568156e-16 -9.914449e-01 1.305262e-01
    outer loop
      vertex   4.615385e+00 -1.965926e+00 2.325882e+01
      vertex   -1.000000e+00 -1.965926e+00 2.325882e+01
      vertex   -1.000000e+00 -2.000000e+00 2.300000e+01
    endloop
  endfacet
  facet normal 0.000000e+00 -9.914449e-01 1.305262e-01
    outer loop
      vertex   2.707692e+01 -1.965926e+00 2.325882e+01
      vertex   -1.000000e+00 -2.000000e+00 2.300000e+01
      vertex   3.269231e+01 -1.965926e+00 2.325882e+01
    endloop
  endfacet
  facet normal 0.000000e+00 -9.914449e-01 1.305262e-01
    outer loop
      vertex   3.269231e+01 -1.965926e+00 2.325882e+01
      vertex   -1.000000e+00 -2.000000e+00 2.300000e+01
      vertex   7.200000e+01 -2.000000e+00 2.300000e+01
    endloop
  endfacet
  facet normal 0.000000e+00 -9.914449e-01 1.305262e-01
    outer loop
      vertex   3.269231e+01 -1.965926e+00 2.325882e+01
      vertex   7.200000e+01 -2.000000e+00 2.300000e+01
      vertex   3.830769e+01 -1.965926e+00 2.325882e+01
    endloop
  endfacet
  facet normal 0.000000e+00 -9.914449e-01 1.305262e-01
    outer loop
      vertex   3.830769e+01 -1.965926e+00 2.325882e+01
      vertex   7.200000e+01 -2.000000e+00 2.300000e+01
      vertex   4.392308e+01 -1.965926e+00 2.325882e+01
    endloop
  endfacet
  facet normal 0.000000e+00 -9.238795e-01 3.826834e-01
    outer loop
      vertex   3.830769e+01 -1.965926e+00 2.325882e+01
      vertex   4.392308e+01 -1.965926e+00 2.325882e+01
      vertex   3.830769e+01 -1.866025e+00 2.350000e+01
    endloop
  endfacet
  facet normal 0.000000e+00 -9.238795e-01 3.826834e-01
    outer loop
      vertex   3.830769e+01 -1.866025e+00 2.350000e+01
      vertex   4.392308e+01 -1.965926e+00 2.325882e+01
      vertex   4.392308e+01 -1.866025e+00 2.350000e+01
    endloop
  endfacet
  facet normal 0.000000e+00 -7.933533e-01 6.087614e-01
    outer loop
      vertex   3.830769e+01 -1.866025e+00 2.350000e+01
      vertex   4.392308e+01 -1.866025e+00 2.350000e+01
      vertex   3.830769e+01 -1.707107e+00 2.370711e+01
    endloop
  endfacet
  facet normal 0.000000e+00 -7.933533e-01 6.087614e-01
    outer loop
      vertex   3.830769e+01 -1.707107e+00 2.370711e+01
      vertex   4.392308e+01 -1.866025e+00 2.350000e+01
      vertex   4.392308e+01 -1.707107e+00 2.370711e+01
    endloop
  endfacet
  facet normal 0.000000e+00 -6.087614e-01 7.933533e-01
    outer loop
      vertex   3.830769e+01 -1.707107e+00 2.370711e+01
      vertex   4.392308e+01 -1.707107e+00 2.370711e+01
      vertex   3.830769e+01 -1.500000e+00 2.386603e+01
    endloop
  endfacet
  facet normal 0.000000e+00 -9.238795e-01 3.826834e-01
    outer loop
      vertex   5.515385e+01 -1.866025e+00 2.350000e+01
      vertex   6.076923e+01 -1.965926e+00 2.325882e+01
      vertex   6.076923e+01 -1.866025e+00 2.350000e+01
    endloop
  endfacet
  facet normal 0.000000e+00 -9.238795e-01 3.826834e-01
    outer loop
      vertex   6.076923e+01 -1.866025e+00 2.350000e+01
      vertex   6.076923e+01 -1.965926e+00 2.325882e+01
      vertex   6.638462e+01 -1.965926e+00 2.325882e+01
    endloop
  endfacet
  facet normal 0.000000e+00 -9.914449e-01 1.305262e-01
    outer loop
      vertex   4.392308e+01 -1.965926e+00 2.325882e+01
      vertex   7.200000e+01 -2.000000e+00 2.300000e+01
      vertex   4.953846e+01 -1.965926e+00 2.325882e+01
    endloop
  endfacet
  facet normal 0.000000e+00 -9.914449e-01 1.305262e-01
    outer loop
      vertex   4.953846e+01 -1.965926e+00 2.325882e+01
      vertex   7.200000e+01 -2.000000e+00 2.300000e+01
      vertex   5.515385e+01 -1.965926e+00 2.325882e+01
    endloop
  endfacet
  facet normal 0.000000e+00 -9.238795e-01 3.826834e-01
    outer loop
      vertex   4.953846e+01 -1.965926e+00 2.325882e+01
      vertex   5.515385e+01 -1.965926e+00 2.325882e+01
      vertex   4.953846e+01 -1.866025e+00 2.350000e+01
    endloop
  endfacet
  facet normal 0.000000e+00 -9.238795e-01 3.826834e-01
    outer loop
      vertex   4.392308e+01 -1.866025e+00 2.350000e+01
      vertex   4.392308e+01 -1.965926e+00 2.325882e+01
      vertex   4.953846e+01 -1.965926e+00 2.325882e+01
    endloop
  endfacet
  facet normal -7.306444e-17 -9.238795e-01 3.826834e-01
    outer loop
      vertex   4.392308e+01 -1.866025e+00 2.350000e+01
      vertex   4.953846e+01 -1.965926e+00 2.325882e+01
      vertex   4.953846e+01 -1.866025e+00 2.350000e+01
    endloop
  endfacet
  facet normal 0.000000e+00 -9.238795e-01 3.826834e-01
    outer loop
      vertex   2.707692e+01 -1.866025e+00 2.350000e+01
      vertex   2.707692e+01 -1.965926e+00 2.325882e+01
      vertex   3.269231e+01 -1.965926e+00 2.325882e+01
    endloop
  endfacet
  facet normal 0.000000e+00 -9.238795e-01 3.826834e-01
    outer loop
      vertex   3.269231e+01 -1.965926e+00 2.325882e+01
      vertex   3.830769e+01 -1.965926e+00 2.325882e+01
      vertex   3.269231e+01 -1.866025e+00 2.350000e+01
    endloop
  endfacet
  facet normal 4.476963e-16 -9.238795e-01 3.826834e-01
    outer loop
      vertex   3.269231e+01 -1.866025e+00 2.350000e+01
      vertex   3.830769e+01 -1.965926e+00 2.325882e+01
      vertex   3.830769e+01 -1.866025e+00 2.350000e+01
    endloop
  endfacet
  facet normal 7.389254e-16 -7.933533e-01 6.087614e-01
    outer loop
      vertex   3.269231e+01 -1.866025e+00 2.350000e+01
      vertex   3.830769e+01 -1.866025e+00 2.350000e+01
      vertex   3.269231e+01 -1.707107e+00 2.370711e+01
    endloop
  endfacet
  facet normal 0.000000e+00 -7.933533e-01 6.087614e-01
    outer loop
      vertex   3.269231e+01 -1.707107e+00 2.370711e+01
      vertex   3.830769e+01 -1.866025e+00 2.350000e+01
      vertex   3.830769e+01 -1.707107e+00 2.370711e+01
    endloop
  endfacet
  facet normal 0.000000e+00 -6.087614e-01 7.933533e-01
    outer loop
      vertex   3.269231e+01 -1.707107e+00 2.370711e+01
      vertex   3.830769e+01 -1.707107e+00 2.370711e+01
      vertex   3.269231e+01 -1.500000e+00 2.386603e+01
    endloop
  endfacet
  facet normal 0.000000e+00 -6.087614e-01 7.933533e-01
    outer loop
      vertex   3.269231e+01 -1.500000e+00 2.386603e+01
      vertex   3.830769e+01 -1.707107e+00 2.370711e+01
      vertex   3.830769e+01 -1.500000e+00 2.386603e+01
    endloop
  endfacet
  facet normal 0.000000e+00 -3.826834e-01 9.238795e-01
    outer loop
      vertex   3.269231e+01 -1.500000e+00 2.386603e+01
      vertex   3.830769e+01 -1.500000e+00 2.386603e+01
      vertex   3.269231e+01 -1.258819e+00 2.396593e+01
    endloop
  endfacet
  facet normal 0.000000e+00 -9.238795e-01 3.826834e-01
    outer loop
      vertex   1.584615e+01 -1.965926e+00 2.325882e+01
      vertex   2.146154e+01 -1.965926e+00 2.325882e+01
      vertex   1.584615e+01 -1.866025e+00 2.350000e+01
    endloop
  endfacet
  facet normal -3.653222e-17 -9.238795e-01 3.826834e-01
    outer loop
      vertex   1.584615e+01 -1.866025e+00 2.350000e+01
      vertex   2.146154e+01 -1.965926e+00 2.325882e+01
      vertex   2.146154e+01 -1.866025e+00 2.350000e+01
    endloop
  endfacet
  facet normal -3.137093e-17 -7.933533e-01 6.087614e-01
    outer loop
      vertex   1.584615e+01 -1.866025e+00 2.350000e+01
      vertex   2.146154e+01 -1.866025e+00 2.350000e+01
      vertex   1.584615e+01 -1.707107e+00 2.370711e+01
    endloop
  endfacet
  facet normal 0.000000e+00 -7.933533e-01 6.087614e-01
    outer loop
      vertex   1.584615e+01 -1.707107e+00 2.370711e+01
      vertex   2.146154e+01 -1.866025e+00 2.350000e+01
      vertex   2.146154e+01 -1.707107e+00 2.370711e+01
    endloop
  endfacet
  facet normal 0.000000e+00 -6.087614e-01 7.933533e-01
    outer loop
      vertex   1.584615e+01 -1.707107e+00 2.370711e+01
      vertex   2.146154e+01 -1.707107e+00 2.370711e+01
      vertex   1.584615e+01 -1.500000e+00 2.386603e+01
    endloop
  endfacet
  facet normal 3.137093e-17 -7.933533e-01 6.087614e-01
    outer loop
      vertex   6.076923e+01 -1.707107e+00 2.370711e+01
      vertex   6.638462e+01 -1.866025e+00 2.350000e+01
      vertex   6.638462e+01 -1.707107e+00 2.370711e+01
    endloop
  endfacet
  facet normal 0.000000e+00 -7.933533e-01 6.087614e-01
    outer loop
      vertex   4.953846e+01 -1.707107e+00 2.370711e+01
      vertex   5.515385e+01 -1.866025e+00 2.350000e+01
      vertex   5.515385e+01 -1.707107e+00 2.370711e+01
    endloop
  endfacet
  facet normal 0.000000e+00 -7.933533e-01 6.087614e-01
    outer loop
      vertex   5.515385e+01 -1.707107e+00 2.370711e+01
      vertex   5.515385e+01 -1.866025e+00 2.350000e+01
      vertex   6.076923e+01 -1.866025e+00 2.350000e+01
    endloop
  endfacet
  facet normal -6.153560e-17 -7.933533e-01 6.087614e-01
    outer loop
      vertex   4.392308e+01 -1.707107e+00 2.370711e+01
      vertex   4.392308e+01 -1.866025e+00 2.350000e+01
      vertex   4.953846e+01 -1.866025e+00 2.350000e+01
    endloop
  endfacet
  facet normal 0.000000e+00 -7.933533e-01 6.087614e-01
    outer loop
      vertex   2.707692e+01 -1.707107e+00 2.370711e+01
      vertex   2.707692e+01 -1.866025e+00 2.350000e+01
      vertex   3.269231e+01 -1.866025e+00 2.350000e+01
    endloop
  endfacet
  facet normal 0.000000e+00 -9.238795e-01 3.826834e-01
    outer loop
      vertex   3.269231e+01 -1.866025e+00 2.350000e+01
      vertex   2.707692e+01 -1.866025e+00 2.350000e+01
      vertex   3.269231e+01 -1.965926e+00 2.325882e+01
    endloop
  endfacet
  facet normal 0.000000e+00 -7.933533e-01 6.087614e-01
    outer loop
      vertex   2.707692e+01 -1.707107e+00 2.370711e+01
      vertex   3.269231e+01 -1.866025e+00 2.350000e+01
      vertex   3.269231e+01 -1.707107e+00 2.370711e+01
    endloop
  endfacet
  facet normal -7.336937e-17 -9.238795e-01 3.826834e-01
    outer loop
      vertex   1.584615e+01 -1.965926e+00 2.325882e+01
      vertex   1.584615e+01 -1.866025e+00 2.350000e+01
      vertex   1.023077e+01 -1.866025e+00 2.350000e+01
    endloop
  endfacet
  facet normal -6.274186e-17 -7.933533e-01 6.087614e-01
    outer loop
      vertex   1.023077e+01 -1.866025e+00 2.350000e+01
      vertex   1.584615e+01 -1.866025e+00 2.350000e+01
      vertex   1.023077e+01 -1.707107e+00 2.370711e+01
    endloop
  endfacet
  facet normal 3.313455e-17 -7.933533e-01 6.087614e-01
    outer loop
      vertex   1.023077e+01 -1.866025e+00 2.350000e+01
      vertex   1.023077e+01 -1.707107e+00 2.370711e+01
      vertex   4.615385e+00 -1.707107e+00 2.370711e+01
    endloop
  endfacet
  facet normal 2.407176e-17 -6.087614e-01 7.933533e-01
    outer loop
      vertex   4.615385e+00 -1.707107e+00 2.370711e+01
      vertex   1.023077e+01 -1.707107e+00 2.370711e+01
      vertex   4.615385e+00 -1.500000e+00 2.386603e+01
    endloop
  endfacet
  facet normal 0.000000e+00 -7.933533e-01 6.087614e-01
    outer loop
      vertex   1.023077e+01 -1.707107e+00 2.370711e+01
      vertex   1.584615e+01 -1.866025e+00 2.350000e+01
      vertex   1.584615e+01 -1.707107e+00 2.370711e+01
    endloop
  endfacet
  facet normal 2.407176e-17 -6.087614e-01 7.933533e-01
    outer loop
      vertex   6.076923e+01 -1.707107e+00 2.370711e+01
      vertex   6.638462e+01 -1.707107e+00 2.370711e+01
      vertex   6.076923e+01 -1.500000e+00 2.386603e+01
    endloop
  endfacet
  facet normal 0.000000e+00 -6.087614e-01 7.933533e-01
    outer loop
      vertex   6.076923e+01 -1.500000e+00 2.386603e+01
      vertex   6.638462e+01 -1.707107e+00 2.370711e+01
      vertex   6.638462e+01 -1.500000e+00 2.386603e+01
    endloop
  endfacet
  facet normal 0.000000e+00 -3.826834e-01 9.238795e-01
    outer loop
      vertex   6.076923e+01 -1.500000e+00 2.386603e+01
      vertex   6.638462e+01 -1.500000e+00 2.386603e+01
      vertex   6.076923e+01 -1.258819e+00 2.396593e+01
    endloop
  endfacet
  facet normal 0.000000e+00 -3.826834e-01 9.238795e-01
    outer loop
      vertex   6.076923e+01 -1.258819e+00 2.396593e+01
      vertex   6.638462e+01 -1.500000e+00 2.386603e+01
      vertex   6.638462e+01 -1.258819e+00 2.396593e+01
    endloop
  endfacet
  facet normal 0.000000e+00 -1.305262e-01 9.914449e-01
    outer loop
      vertex   6.076923e+01 -1.258819e+00 2.396593e+01
      vertex   6.638462e+01 -1.258819e+00 2.396593e+01
      vertex   7.200000e+01 -1.000000e+00 2.400000e+01
    endloop
  endfacet
  facet normal 0.000000e+00 -6.087614e-01 7.933533e-01
    outer loop
      vertex   4.392308e+01 -1.500000e+00 2.386603e+01
      vertex   4.953846e+01 -1.707107e+00 2.370711e+01
      vertex   4.953846e+01 -1.500000e+00 2.386603e+01
    endloop
  endfacet
  facet normal 0.000000e+00 -6.087614e-01 7.933533e-01
    outer loop
      vertex   4.953846e+01 -1.500000e+00 2.386603e+01
      vertex   4.953846e+01 -1.707107e+00 2.370711e+01
      vertex   5.515385e+01 -1.707107e+00 2.370711e+01
    endloop
  endfacet
  facet normal 0.000000e+00 -6.087614e-01 7.933533e-01
    outer loop
      vertex   2.707692e+01 -1.500000e+00 2.386603e+01
      vertex   2.707692e+01 -1.707107e+00 2.370711e+01
      vertex   3.269231e+01 -1.707107e+00 2.370711e+01
    endloop
  endfacet
  facet normal 0.000000e+00 -6.087614e-01 7.933533e-01
    outer loop
      vertex   2.707692e+01 -1.500000e+00 2.386603e+01
      vertex   3.269231e+01 -1.707107e+00 2.370711e+01
      vertex   3.269231e+01 -1.500000e+00 2.386603e+01
    endloop
  endfacet
  facet normal 0.000000e+00 -6.087614e-01 7.933533e-01
    outer loop
      vertex   1.023077e+01 -1.707107e+00 2.370711e+01
      vertex   1.584615e+01 -1.707107e+00 2.370711e+01
      vertex   1.023077e+01 -1.500000e+00 2.386603e+01
    endloop
  endfacet
  facet normal 0.000000e+00 -6.087614e-01 7.933533e-01
    outer loop
      vertex   1.023077e+01 -1.500000e+00 2.386603e+01
      vertex   1.584615e+01 -1.707107e+00 2.370711e+01
      vertex   1.584615e+01 -1.500000e+00 2.386603e+01
    endloop
  endfacet
  facet normal 0.000000e+00 -3.826834e-01 9.238795e-01
    outer loop
      vertex   1.023077e+01 -1.500000e+00 2.386603e+01
      vertex   1.584615e+01 -1.500000e+00 2.386603e+01
      vertex   1.023077e+01 -1.258819e+00 2.396593e+01
    endloop
  endfacet
  facet normal 4.733508e-17 -6.087614e-01 7.933533e-01
    outer loop
      vertex   6.076923e+01 -1.707107e+00 2.370711e+01
      vertex   6.076923e+01 -1.500000e+00 2.386603e+01
      vertex   5.515385e+01 -1.500000e+00 2.386603e+01
    endloop
  endfacet
  facet normal 3.026428e-17 -3.826834e-01 9.238795e-01
    outer loop
      vertex   5.515385e+01 -1.500000e+00 2.386603e+01
      vertex   6.076923e+01 -1.500000e+00 2.386603e+01
      vertex   5.515385e+01 -1.258819e+00 2.396593e+01
    endloop
  endfacet
  facet normal 0.000000e+00 -3.826834e-01 9.238795e-01
    outer loop
      vertex   5.515385e+01 -1.500000e+00 2.386603e+01
      vertex   5.515385e+01 -1.258819e+00 2.396593e+01
      vertex   4.953846e+01 -1.258819e+00 2.396593e+01
    endloop
  endfacet
  facet normal 0.000000e+00 -1.305262e-01 9.914449e-01
    outer loop
      vertex   4.953846e+01 -1.258819e+00 2.396593e+01
      vertex   5.515385e+01 -1.258819e+00 2.396593e+01
      vertex   7.200000e+01 -1.000000e+00 2.400000e+01
    endloop
  endfacet
  facet normal -3.026428e-17 -3.826834e-01 9.238795e-01
    outer loop
      vertex   5.515385e+01 -1.258819e+00 2.396593e+01
      vertex   6.076923e+01 -1.500000e+00 2.386603e+01
      vertex   6.076923e+01 -1.258819e+00 2.396593e+01
    endloop
  endfacet
  facet normal 0.000000e+00 -3.826834e-01 9.238795e-01
    outer loop
      vertex   3.830769e+01 -1.258819e+00 2.396593e+01
      vertex   4.392308e+01 -1.500000e+00 2.386603e+01
      vertex   4.392308e+01 -1.258819e+00 2.396593e+01
    endloop
  endfacet
  facet normal 0.000000e+00 -3.826834e-01 9.238795e-01
    outer loop
      vertex   4.392308e+01 -1.258819e+00 2.396593e+01
      vertex   4.392308e+01 -1.500000e+00 2.386603e+01
      vertex   4.953846e+01 -1.500000e+00 2.386603e+01
    endloop
  endfacet
  facet normal 0.000000e+00 -3.826834e-01 9.238795e-01
    outer loop
      vertex   2.707692e+01 -1.258819e+00 2.396593e+01
      vertex   2.707692e+01 -1.500000e+00 2.386603e+01
      vertex   3.269231e+01 -1.500000e+00 2.386603e+01
    endloop
  endfacet
  facet normal 0.000000e+00 -3.826834e-01 9.238795e-01
    outer loop
      vertex   2.707692e+01 -1.258819e+00 2.396593e+01
      vertex   3.269231e+01 -1.500000e+00 2.386603e+01
      vertex   3.269231e+01 -1.258819e+00 2.396593e+01
    endloop
  endfacet
  facet normal 0.000000e+00 -3.826834e-01 9.238795e-01
    outer loop
      vertex   1.584615e+01 -1.258819e+00 2.396593e+01
      vertex   2.146154e+01 -1.500000e+00 2.386603e+01
      vertex   2.146154e+01 -1.258819e+00 2.396593e+01
    endloop
  endfacet
  facet normal 0.000000e+00 -3.826834e-01 9.238795e-01
    outer loop
      vertex   4.615385e+00 -1.258819e+00 2.396593e+01
      vertex   4.615385e+00 -1.500000e+00 2.386603e+01
      vertex   1.023077e+01 -1.500000e+00 2.386603e+01
    endloop
  endfacet
  facet normal 0.000000e+00 -6.087614e-01 7.933533e-01
    outer loop
      vertex   1.023077e+01 -1.500000e+00 2.386603e+01
      vertex   4.615385e+00 -1.500000e+00 2.386603e+01
      vertex   1.023077e+01 -1.707107e+00 2.370711e+01
    endloop
  endfacet
  facet normal 0.000000e+00 -3.826834e-01 9.238795e-01
    outer loop
      vertex   4.615385e+00 -1.258819e+00 2.396593e+01
      vertex   1.023077e+01 -1.500000e+00 2.386603e+01
      vertex   1.023077e+01 -1.258819e+00 2.396593e+01
    endloop
  endfacet
  facet normal -1.065039e-17 -1.305262e-01 9.914449e-01
    outer loop
      vertex   7.200000e+01 -1.000000e+00 2.400000e+01
      vertex   5.515385e+01 -1.258819e+00 2.396593e+01
      vertex   6.076923e+01 -1.258819e+00 2.396593e+01
    endloop
  endfacet
  facet normal 0.000000e+00 -1.305262e-01 9.914449e-01
    outer loop
      vertex   -1.000000e+00 -1.000000e+00 2.400000e+01
      vertex   1.584615e+01 -1.258819e+00 2.396593e+01
      vertex   2.146154e+01 -1.258819e+00 2.396593e+01
    endloop
  endfacet
  facet normal -4.435481e-02 1.303977e-01 9.904691e-01
    outer loop
      vertex   -1.000000e+00 3.225882e+01 2.396593e+01
      vertex   -1.110813e+00 3.224811e+01 2.396237e+01
      vertex   -1.000000e+00 3.200000e+01 2.400000e+01
    endloop
  endfacet
  facet normal -1.036987e-01 1.036987e-01 9.891881e-01
    outer loop
      vertex   -1.000000e+00 3.200000e+01 2.400000e+01
      vertex   -1.110813e+00 3.224811e+01 2.396237e+01
      vertex   -1.248108e+00 3.211081e+01 2.396237e+01
    endloop
  endfacet
  facet normal -1.303977e-01 4.435481e-02 9.904691e-01
    outer loop
      vertex   -1.000000e+00 3.200000e+01 2.400000e+01
      vertex   -1.248108e+00 3.211081e+01 2.396237e+01
      vertex   -1.258819e+00 3.200000e+01 2.396593e+01
    endloop
  endfacet
  facet normal -3.818374e-01 6.645835e-02 9.218370e-01
    outer loop
      vertex   -1.258819e+00 3.200000e+01 2.396593e+01
      vertex   -1.248108e+00 3.211081e+01 2.396237e+01
      vertex   -1.500000e+00 3.200000e+01 2.386603e+01
    endloop
  endfacet
  facet normal -3.995626e-01 1.178222e-01 9.091026e-01
    outer loop
      vertex   -1.500000e+00 3.200000e+01 2.386603e+01
      vertex   -1.248108e+00 3.211081e+01 2.396237e+01
      vertex   -1.430436e+00 3.226828e+01 2.386183e+01
    endloop
  endfacet
  facet normal -4.328324e-01 1.261909e-01 8.925984e-01
    outer loop
      vertex   -1.500000e+00 3.200000e+01 2.386603e+01
      vertex   -1.430436e+00 3.226828e+01 2.386183e+01
      vertex   -1.554261e+00 3.207813e+01 2.382867e+01
    endloop
  endfacet
  facet normal -5.834139e-01 2.448663e-01 7.743828e-01
    outer loop
      vertex   -1.554261e+00 3.207813e+01 2.382867e+01
      vertex   -1.430436e+00 3.226828e+01 2.386183e+01
      vertex   -1.583430e+00 3.240746e+01 2.370255e+01
    endloop
  endfacet
  facet normal -5.834139e-01 2.448663e-01 7.743828e-01
    outer loop
      vertex   -1.554261e+00 3.207813e+01 2.382867e+01
      vertex   -1.583430e+00 3.240746e+01 2.370255e+01
      vertex   -1.717801e+00 3.220112e+01 2.366657e+01
    endloop
  endfacet
  facet normal -7.197061e-01 3.657544e-01 5.901245e-01
    outer loop
      vertex   -1.717801e+00 3.220112e+01 2.366657e+01
      vertex   -1.583430e+00 3.240746e+01 2.370255e+01
      vertex   -1.696665e+00 3.251888e+01 2.349540e+01
    endloop
  endfacet
  facet normal -7.197061e-01 3.657544e-01 5.901245e-01
    outer loop
      vertex   -1.717801e+00 3.220112e+01 2.366657e+01
      vertex   -1.696665e+00 3.251888e+01 2.349540e+01
      vertex   -1.832423e+00 3.231041e+01 2.345904e+01
    endloop
  endfacet
  facet normal -8.076571e-01 4.620595e-01 3.663208e-01
    outer loop
      vertex   -1.832423e+00 3.231041e+01 2.345904e+01
      vertex   -1.696665e+00 3.251888e+01 2.349540e+01
      vertex   -1.762422e+00 3.259494e+01 2.325449e+01
    endloop
  endfacet
  facet normal -8.076571e-01 4.620595e-01 3.663208e-01
    outer loop
      vertex   -1.832423e+00 3.231041e+01 2.345904e+01
      vertex   -1.762422e+00 3.259494e+01 2.325449e+01
      vertex   -1.890318e+00 3.239854e+01 2.322023e+01
    endloop
  endfacet
  facet normal -8.403810e-01 5.215192e-01 1.475718e-01
    outer loop
      vertex   -1.890318e+00 3.239854e+01 2.322023e+01
      vertex   -1.762422e+00 3.259494e+01 2.325449e+01
      vertex   -1.866025e+00 3.250000e+01 2.300000e+01
    endloop
  endfacet
  facet normal -9.213332e-01 3.816287e-01 7.419375e-02
    outer loop
      vertex   -1.890318e+00 3.239854e+01 2.322023e+01
      vertex   -1.866025e+00 3.250000e+01 2.300000e+01
      vertex   -1.965926e+00 3.225882e+01 2.300000e+01
    endloop
  endfacet
  facet normal -6.645835e-02 3.818374e-01 9.218370e-01
    outer loop
      vertex   -1.000000e+00 3.225882e+01 2.396593e+01
      vertex   -1.000000e+00 3.250000e+01 2.386603e+01
      vertex   -1.110813e+00 3.224811e+01 2.396237e+01
    endloop
  endfacet
  facet normal -1.178222e-01 3.995626e-01 9.091026e-01
    outer loop
      vertex   -1.110813e+00 3.224811e+01 2.396237e+01
      vertex   -1.000000e+00 3.250000e+01 2.386603e+01
      vertex   -1.268280e+00 3.243044e+01 2.386183e+01
    endloop
  endfacet
  facet normal -2.729599e-01 2.729599e-01 9.224889e-01
    outer loop
      vertex   -1.110813e+00 3.224811e+01 2.396237e+01
      vertex   -1.268280e+00 3.243044e+01 2.386183e+01
      vertex   -1.248108e+00 3.211081e+01 2.396237e+01
    endloop
  endfacet
  facet normal -2.729599e-01 2.729599e-01 9.224889e-01
    outer loop
      vertex   -1.248108e+00 3.211081e+01 2.396237e+01
      vertex   -1.268280e+00 3.243044e+01 2.386183e+01
      vertex   -1.430436e+00 3.226828e+01 2.386183e+01
    endloop
  endfacet
  facet normal -1.261909e-01 4.328324e-01 8.925984e-01
    outer loop
      vertex   -1.268280e+00 3.243044e+01 2.386183e+01
      vertex   -1.000000e+00 3.250000e+01 2.386603e+01
      vertex   -1.078131e+00 3.255426e+01 2.382867e+01
    endloop
  endfacet
  facet normal 4.340169e-02 6.081878e-01 7.926058e-01
    outer loop
      vertex   -1.078131e+00 3.255426e+01 2.382867e+01
      vertex   -1.000000e+00 3.250000e+01 2.386603e+01
      vertex   -1.000000e+00 3.270711e+01 2.370711e+01
    endloop
  endfacet
  facet normal -1.159338e-01 6.538873e-01 7.476569e-01
    outer loop
      vertex   -1.078131e+00 3.255426e+01 2.382867e+01
      vertex   -1.000000e+00 3.270711e+01 2.370711e+01
      vertex   -1.201121e+00 3.271780e+01 2.366657e+01
    endloop
  endfacet
  facet normal -8.026201e-02 7.907938e-01 6.067974e-01
    outer loop
      vertex   -1.201121e+00 3.271780e+01 2.366657e+01
      vertex   -1.000000e+00 3.270711e+01 2.370711e+01
      vertex   -1.000000e+00 3.286603e+01 2.350000e+01
    endloop
  endfacet
  facet normal -1.607312e-01 8.257119e-01 5.407082e-01
    outer loop
      vertex   -1.201121e+00 3.271780e+01 2.366657e+01
      vertex   -1.000000e+00 3.286603e+01 2.350000e+01
      vertex   -1.310406e+00 3.283242e+01 2.345904e+01
    endloop
  endfacet
  facet normal -1.588805e-01 8.447130e-01 5.110938e-01
    outer loop
      vertex   -1.310406e+00 3.283242e+01 2.345904e+01
      vertex   -1.000000e+00 3.286603e+01 2.350000e+01
      vertex   -1.084530e+00 3.291750e+01 2.338864e+01
    endloop
  endfacet
  facet normal -2.475550e-01 9.167181e-01 3.135991e-01
    outer loop
      vertex   -1.310406e+00 3.283242e+01 2.345904e+01
      vertex   -1.084530e+00 3.291750e+01 2.338864e+01
      vertex   -1.185744e+00 3.297047e+01 2.315391e+01
    endloop
  endfacet
  facet normal -1.298391e-01 9.537278e-01 2.711922e-01
    outer loop
      vertex   -1.185744e+00 3.297047e+01 2.315391e+01
      vertex   -1.084530e+00 3.291750e+01 2.338864e+01
      vertex   -1.000000e+00 3.296593e+01 2.325882e+01
    endloop
  endfacet
  facet normal -4.940940e-02 9.902339e-01 1.303668e-01
    outer loop
      vertex   -1.185744e+00 3.297047e+01 2.315391e+01
      vertex   -1.000000e+00 3.296593e+01 2.325882e+01
      vertex   -1.000000e+00 3.300000e+01 2.300000e+01
    endloop
  endfacet
  facet normal 5.839280e-02 9.223031e-01 3.820305e-01
    outer loop
      vertex   -1.000000e+00 3.286603e+01 2.350000e+01
      vertex   -1.000000e+00 3.296593e+01 2.325882e+01
      vertex   -1.084530e+00 3.291750e+01 2.338864e+01
    endloop
  endfacet
  facet normal -1.304564e-01 9.909150e-01 3.268886e-02
    outer loop
      vertex   -1.000000e+00 3.300000e+01 2.300000e+01
      vertex   -1.258819e+00 3.296593e+01 2.300000e+01
      vertex   -1.185744e+00 3.297047e+01 2.315391e+01
    endloop
  endfacet
  facet normal -3.162140e-01 9.407634e-01 1.223638e-01
    outer loop
      vertex   -1.185744e+00 3.297047e+01 2.315391e+01
      vertex   -1.258819e+00 3.296593e+01 2.300000e+01
      vertex   -1.398536e+00 3.289032e+01 2.322023e+01
    endloop
  endfacet
  facet normal -2.475550e-01 9.167181e-01 3.135991e-01
    outer loop
      vertex   -1.185744e+00 3.297047e+01 2.315391e+01
      vertex   -1.398536e+00 3.289032e+01 2.322023e+01
      vertex   -1.310406e+00 3.283242e+01 2.345904e+01
    endloop
  endfacet
  facet normal -4.620595e-01 8.076571e-01 3.663208e-01
    outer loop
      vertex   -1.310406e+00 3.283242e+01 2.345904e+01
      vertex   -1.398536e+00 3.289032e+01 2.322023e+01
      vertex   -1.518881e+00 3.269666e+01 2.349540e+01
    endloop
  endfacet
  facet normal -3.657544e-01 7.197061e-01 5.901245e-01
    outer loop
      vertex   -1.310406e+00 3.283242e+01 2.345904e+01
      vertex   -1.518881e+00 3.269666e+01 2.349540e+01
      vertex   -1.407464e+00 3.258343e+01 2.370255e+01
    endloop
  endfacet
  facet normal -5.611197e-01 5.611197e-01 6.085140e-01
    outer loop
      vertex   -1.407464e+00 3.258343e+01 2.370255e+01
      vertex   -1.518881e+00 3.269666e+01 2.349540e+01
      vertex   -1.583430e+00 3.240746e+01 2.370255e+01
    endloop
  endfacet
  facet normal -4.317293e-01 4.317293e-01 7.919720e-01
    outer loop
      vertex   -1.407464e+00 3.258343e+01 2.370255e+01
      vertex   -1.583430e+00 3.240746e+01 2.370255e+01
      vertex   -1.430436e+00 3.226828e+01 2.386183e+01
    endloop
  endfacet
  facet normal -3.816287e-01 9.213332e-01 7.419375e-02
    outer loop
      vertex   -1.258819e+00 3.296593e+01 2.300000e+01
      vertex   -1.500000e+00 3.286603e+01 2.300000e+01
      vertex   -1.398536e+00 3.289032e+01 2.322023e+01
    endloop
  endfacet
  facet normal -5.215192e-01 8.403810e-01 1.475718e-01
    outer loop
      vertex   -1.398536e+00 3.289032e+01 2.322023e+01
      vertex   -1.500000e+00 3.286603e+01 2.300000e+01
      vertex   -1.594936e+00 3.276242e+01 2.325449e+01
    endloop
  endfacet
  facet normal -4.620595e-01 8.076571e-01 3.663208e-01
    outer loop
      vertex   -1.398536e+00 3.289032e+01 2.322023e+01
      vertex   -1.594936e+00 3.276242e+01 2.325449e+01
      vertex   -1.518881e+00 3.269666e+01 2.349540e+01
    endloop
  endfacet
  facet normal -6.528138e-01 6.528138e-01 3.842763e-01
    outer loop
      vertex   -1.518881e+00 3.269666e+01 2.349540e+01
      vertex   -1.594936e+00 3.276242e+01 2.325449e+01
      vertex   -1.696665e+00 3.251888e+01 2.349540e+01
    endloop
  endfacet
  facet normal -5.611197e-01 5.611197e-01 6.085140e-01
    outer loop
      vertex   -1.518881e+00 3.269666e+01 2.349540e+01
      vertex   -1.696665e+00 3.251888e+01 2.349540e+01
      vertex   -1.583430e+00 3.240746e+01 2.370255e+01
    endloop
  endfacet
  facet normal -6.059824e-01 7.897316e-01 9.544300e-02
    outer loop
      vertex   -1.500000e+00 3.286603e+01 2.300000e+01
      vertex   -1.707107e+00 3.270711e+01 2.300000e+01
      vertex   -1.594936e+00 3.276242e+01 2.325449e+01
    endloop
  endfacet
  facet normal -6.984452e-01 6.984452e-01 1.560404e-01
    outer loop
      vertex   -1.594936e+00 3.276242e+01 2.325449e+01
      vertex   -1.707107e+00 3.270711e+01 2.300000e+01
      vertex   -1.762422e+00 3.259494e+01 2.325449e+01
    endloop
  endfacet
  facet normal -6.528138e-01 6.528138e-01 3.842763e-01
    outer loop
      vertex   -1.594936e+00 3.276242e+01 2.325449e+01
      vertex   -1.762422e+00 3.259494e+01 2.325449e+01
      vertex   -1.696665e+00 3.251888e+01 2.349540e+01
    endloop
  endfacet
  facet normal -7.897316e-01 6.059824e-01 9.544300e-02
    outer loop
      vertex   -1.707107e+00 3.270711e+01 2.300000e+01
      vertex   -1.866025e+00 3.250000e+01 2.300000e+01
      vertex   -1.762422e+00 3.259494e+01 2.325449e+01
    endloop
  endfacet
  facet normal -9.407634e-01 3.162140e-01 1.223638e-01
    outer loop
      vertex   -1.890318e+00 3.239854e+01 2.322023e+01
      vertex   -1.965926e+00 3.225882e+01 2.300000e+01
      vertex   -1.970469e+00 3.218574e+01 2.315391e+01
    endloop
  endfacet
  facet normal -9.909150e-01 1.304564e-01 3.268886e-02
    outer loop
      vertex   -1.970469e+00 3.218574e+01 2.315391e+01
      vertex   -1.965926e+00 3.225882e+01 2.300000e+01
      vertex   -2.000000e+00 3.200000e+01 2.300000e+01
    endloop
  endfacet
  facet normal -9.902339e-01 4.940940e-02 1.303668e-01
    outer loop
      vertex   -1.970469e+00 3.218574e+01 2.315391e+01
      vertex   -2.000000e+00 3.200000e+01 2.300000e+01
      vertex   -1.965926e+00 3.200000e+01 2.325882e+01
    endloop
  endfacet
  facet normal -9.537278e-01 1.298391e-01 2.711922e-01
    outer loop
      vertex   -1.970469e+00 3.218574e+01 2.315391e+01
      vertex   -1.965926e+00 3.200000e+01 2.325882e+01
      vertex   -1.917502e+00 3.208453e+01 2.338864e+01
    endloop
  endfacet
  facet normal -9.223031e-01 -5.839280e-02 3.820305e-01
    outer loop
      vertex   -1.917502e+00 3.208453e+01 2.338864e+01
      vertex   -1.965926e+00 3.200000e+01 2.325882e+01
      vertex   -1.866025e+00 3.200000e+01 2.350000e+01
    endloop
  endfacet
  facet normal -8.447130e-01 1.588805e-01 5.110938e-01
    outer loop
      vertex   -1.917502e+00 3.208453e+01 2.338864e+01
      vertex   -1.866025e+00 3.200000e+01 2.350000e+01
      vertex   -1.832423e+00 3.231041e+01 2.345904e+01
    endloop
  endfacet
  facet normal -8.257119e-01 1.607312e-01 5.407082e-01
    outer loop
      vertex   -1.832423e+00 3.231041e+01 2.345904e+01
      vertex   -1.866025e+00 3.200000e+01 2.350000e+01
      vertex   -1.717801e+00 3.220112e+01 2.366657e+01
    endloop
  endfacet
  facet normal -7.907938e-01 8.026201e-02 6.067974e-01
    outer loop
      vertex   -1.866025e+00 3.200000e+01 2.350000e+01
      vertex   -1.707107e+00 3.200000e+01 2.370711e+01
      vertex   -1.717801e+00 3.220112e+01 2.366657e+01
    endloop
  endfacet
  facet normal -6.538873e-01 1.159338e-01 7.476569e-01
    outer loop
      vertex   -1.717801e+00 3.220112e+01 2.366657e+01
      vertex   -1.707107e+00 3.200000e+01 2.370711e+01
      vertex   -1.554261e+00 3.207813e+01 2.382867e+01
    endloop
  endfacet
  facet normal -6.081878e-01 -4.340169e-02 7.926058e-01
    outer loop
      vertex   -1.707107e+00 3.200000e+01 2.370711e+01
      vertex   -1.500000e+00 3.200000e+01 2.386603e+01
      vertex   -1.554261e+00 3.207813e+01 2.382867e+01
    endloop
  endfacet
  facet normal -4.317293e-01 4.317293e-01 7.919720e-01
    outer loop
      vertex   -1.407464e+00 3.258343e+01 2.370255e+01
      vertex   -1.430436e+00 3.226828e+01 2.386183e+01
      vertex   -1.268280e+00 3.243044e+01 2.386183e+01
    endloop
  endfacet
  facet normal -2.448663e-01 5.834139e-01 7.743828e-01
    outer loop
      vertex   -1.078131e+00 3.255426e+01 2.382867e+01
      vertex   -1.201121e+00 3.271780e+01 2.366657e+01
      vertex   -1.268280e+00 3.243044e+01 2.386183e+01
    endloop
  endfacet
  facet normal -2.448663e-01 5.834139e-01 7.743828e-01
    outer loop
      vertex   -1.268280e+00 3.243044e+01 2.386183e+01
      vertex   -1.201121e+00 3.271780e+01 2.366657e+01
      vertex   -1.407464e+00 3.258343e+01 2.370255e+01
    endloop
  endfacet
  facet normal -3.657544e-01 7.197061e-01 5.901245e-01
    outer loop
      vertex   -1.201121e+00 3.271780e+01 2.366657e+01
      vertex   -1.310406e+00 3.283242e+01 2.345904e+01
      vertex   -1.407464e+00 3.258343e+01 2.370255e+01
    endloop
  endfacet
  facet normal -9.167181e-01 2.475550e-01 3.135991e-01
    outer loop
      vertex   -1.917502e+00 3.208453e+01 2.338864e+01
      vertex   -1.832423e+00 3.231041e+01 2.345904e+01
      vertex   -1.890318e+00 3.239854e+01 2.322023e+01
    endloop
  endfacet
  facet normal -9.167181e-01 2.475550e-01 3.135991e-01
    outer loop
      vertex   -1.970469e+00 3.218574e+01 2.315391e+01
      vertex   -1.917502e+00 3.208453e+01 2.338864e+01
      vertex   -1.890318e+00 3.239854e+01 2.322023e+01
    endloop
  endfacet
  facet normal -1.305262e-01 9.914449e-01 1.512138e-17
    outer loop
      vertex   -1.258819e+00 3.296593e+01 0.000000e+00
      vertex   -1.258819e+00 3.296593e+01 5.750000e+00
      vertex   -1.000000e+00 3.300000e+01 0.000000e+00
    endloop
  endfacet
  facet normal -1.305262e-01 9.914449e-01 1.502374e-17
    outer loop
      vertex   -1.000000e+00 3.300000e+01 0.000000e+00
      vertex   -1.258819e+00 3.296593e+01 5.750000e+00
      vertex   -1.258819e+00 3.296593e+01 1.150000e+01
    endloop
  endfacet
  facet normal -1.305262e-01 9.914449e-01 2.520229e-17
    outer loop
      vertex   -1.000000e+00 3.300000e+01 0.000000e+00
      vertex   -1.258819e+00 3.296593e+01 1.150000e+01
      vertex   -1.000000e+00 3.300000e+01 2.300000e+01
    endloop
  endfacet
  facet normal -1.305262e-01 9.914449e-01 2.080210e-17
    outer loop
      vertex   -1.000000e+00 3.300000e+01 2.300000e+01
      vertex   -1.258819e+00 3.296593e+01 1.150000e+01
      vertex   -1.258819e+00 3.296593e+01 1.725000e+01
    endloop
  endfacet
  facet normal -1.305262e-01 9.914449e-01 2.426912e-17
    outer loop
      vertex   -1.000000e+00 3.300000e+01 2.300000e+01
      vertex   -1.258819e+00 3.296593e+01 1.725000e+01
      vertex   -1.258819e+00 3.296593e+01 2.300000e+01
    endloop
  endfacet
  facet normal -3.826834e-01 9.238795e-01 7.388938e-17
    outer loop
      vertex   -1.258819e+00 3.296593e+01 2.300000e+01
      vertex   -1.258819e+00 3.296593e+01 1.725000e+01
      vertex   -1.500000e+00 3.286603e+01 2.300000e+01
    endloop
  endfacet
  facet normal -3.826834e-01 9.238795e-01 2.955575e-17
    outer loop
      vertex   -1.500000e+00 3.286603e+01 2.300000e+01
      vertex   -1.258819e+00 3.296593e+01 1.725000e+01
      vertex   -1.500000e+00 3.286603e+01 1.725000e+01
    endloop
  endfacet
  facet normal -6.087614e-01 7.933533e-01 4.701641e-17
    outer loop
      vertex   -1.500000e+00 3.286603e+01 2.300000e+01
      vertex   -1.500000e+00 3.286603e+01 1.725000e+01
      vertex   -1.707107e+00 3.270711e+01 2.300000e+01
    endloop
  endfacet
  facet normal -6.087614e-01 7.933533e-01 1.410492e-16
    outer loop
      vertex   -1.707107e+00 3.270711e+01 2.300000e+01
      vertex   -1.500000e+00 3.286603e+01 1.725000e+01
      vertex   -1.707107e+00 3.270711e+01 1.725000e+01
    endloop
  endfacet
  facet normal -7.933533e-01 6.087614e-01 1.838190e-16
    outer loop
      vertex   -1.707107e+00 3.270711e+01 2.300000e+01
      vertex   -1.707107e+00 3.270711e+01 1.725000e+01
      vertex   -1.866025e+00 3.250000e+01 2.300000e+01
    endloop
  endfacet
  facet normal -7.933533e-01 6.087614e-01 9.190948e-17
    outer loop
      vertex   -1.866025e+00 3.250000e+01 2.300000e+01
      vertex   -1.707107e+00 3.270711e+01 1.725000e+01
      vertex   -1.866025e+00 3.250000e+01 1.725000e+01
    endloop
  endfacet
  facet normal -9.238795e-01 3.826834e-01 1.070309e-16
    outer loop
      vertex   -1.866025e+00 3.250000e+01 2.300000e+01
      vertex   -1.866025e+00 3.250000e+01 1.725000e+01
      vertex   -1.965926e+00 3.225882e+01 2.300000e+01
    endloop
  endfacet
  facet normal -9.238795e-01 3.826834e-01 1.427078e-16
    outer loop
      vertex   -1.965926e+00 3.225882e+01 2.300000e+01
      vertex   -1.866025e+00 3.250000e+01 1.725000e+01
      vertex   -1.965926e+00 3.225882e+01 1.725000e+01
    endloop
  endfacet
  facet normal -9.914449e-01 1.305262e-01 1.531443e-16
    outer loop
      vertex   -1.965926e+00 3.225882e+01 2.300000e+01
      vertex   -1.965926e+00 3.225882e+01 1.725000e+01
      vertex   -2.000000e+00 3.200000e+01 2.300000e+01
    endloop
  endfacet
  facet normal -9.914449e-01 1.305262e-01 0.000000e+00
    outer loop
      vertex   -2.000000e+00 3.200000e+01 2.300000e+01
      vertex   -1.965926e+00 3.225882e+01 1.725000e+01
      vertex   -1.965926e+00 3.225882e+01 1.150000e+01
    endloop
  endfacet
  facet normal -9.914449e-01 1.305262e-01 0.000000e+00
    outer loop
      vertex   -2.000000e+00 3.200000e+01 2.300000e+01
      vertex   -1.965926e+00 3.225882e+01 1.150000e+01
      vertex   -2.000000e+00 3.200000e+01 0.000000e+00
    endloop
  endfacet
  facet normal -9.914449e-01 1.305262e-01 0.000000e+00
    outer loop
      vertex   -2.000000e+00 3.200000e+01 0.000000e+00
      vertex   -1.965926e+00 3.225882e+01 1.150000e+01
      vertex   -1.965926e+00 3.225882e+01 5.750000e+00
    endloop
  endfacet
  facet normal -9.914449e-01 1.305262e-01 0.000000e+00
    outer loop
      vertex   -2.000000e+00 3.200000e+01 0.000000e+00
      vertex   -1.965926e+00 3.225882e+01 5.750000e+00
      vertex   -1.965926e+00 3.225882e+01 0.000000e+00
    endloop
  endfacet
  facet normal -9.238795e-01 3.826834e-01 0.000000e+00
    outer loop
      vertex   -1.965926e+00 3.225882e+01 0.000000e+00
      vertex   -1.965926e+00 3.225882e+01 5.750000e+00
      vertex   -1.866025e+00 3.250000e+01 0.000000e+00
    endloop
  endfacet
  facet normal -9.238795e-01 3.826834e-01 2.140617e-16
    outer loop
      vertex   -1.866025e+00 3.250000e+01 0.000000e+00
      vertex   -1.965926e+00 3.225882e+01 5.750000e+00
      vertex   -1.866025e+00 3.250000e+01 5.750000e+00
    endloop
  endfacet
  facet normal -7.933533e-01 6.087614e-01 1.838190e-16
    outer loop
      vertex   -1.866025e+00 3.250000e+01 0.000000e+00
      vertex   -1.866025e+00 3.250000e+01 5.750000e+00
      vertex   -1.707107e+00 3.270711e+01 0.000000e+00
    endloop
  endfacet
  facet normal -7.933533e-01 6.087614e-01 3.063649e-17
    outer loop
      vertex   -1.707107e+00 3.270711e+01 0.000000e+00
      vertex   -1.866025e+00 3.250000e+01 5.750000e+00
      vertex   -1.707107e+00 3.270711e+01 5.750000e+00
    endloop
  endfacet
  facet normal -6.087614e-01 7.933533e-01 2.350821e-17
    outer loop
      vertex   -1.707107e+00 3.270711e+01 0.000000e+00
      vertex   -1.707107e+00 3.270711e+01 5.750000e+00
      vertex   -1.500000e+00 3.286603e+01 0.000000e+00
    endloop
  endfacet
  facet normal -6.087614e-01 7.933533e-01 9.403283e-17
    outer loop
      vertex   -1.500000e+00 3.286603e+01 0.000000e+00
      vertex   -1.707107e+00 3.270711e+01 5.750000e+00
      vertex   -1.500000e+00 3.286603e+01 5.750000e+00
    endloop
  endfacet
  facet normal -3.826834e-01 9.238795e-01 5.911151e-17
    outer loop
      vertex   -1.500000e+00 3.286603e+01 0.000000e+00
      vertex   -1.500000e+00 3.286603e+01 5.750000e+00
      vertex   -1.258819e+00 3.296593e+01 0.000000e+00
    endloop
  endfacet
  facet normal -3.826834e-01 9.238795e-01 4.433363e-17
    outer loop
      vertex   -1.258819e+00 3.296593e+01 0.000000e+00
      vertex   -1.500000e+00 3.286603e+01 5.750000e+00
      vertex   -1.258819e+00 3.296593e+01 5.750000e+00
    endloop
  endfacet
  facet normal -3.826834e-01 9.238795e-01 6.009497e-17
    outer loop
      vertex   -1.500000e+00 3.286603e+01 1.725000e+01
      vertex   -1.258819e+00 3.296593e+01 1.725000e+01
      vertex   -1.258819e+00 3.296593e+01 1.150000e+01
    endloop
  endfacet
  facet normal -3.826834e-01 9.238795e-01 4.433363e-17
    outer loop
      vertex   -1.258819e+00 3.296593e+01 1.150000e+01
      vertex   -1.258819e+00 3.296593e+01 5.750000e+00
      vertex   -1.500000e+00 3.286603e+01 1.150000e+01
    endloop
  endfacet
  facet normal -3.826834e-01 9.238795e-01 4.433363e-17
    outer loop
      vertex   -1.500000e+00 3.286603e+01 1.150000e+01
      vertex   -1.258819e+00 3.296593e+01 5.750000e+00
      vertex   -1.500000e+00 3.286603e+01 5.750000e+00
    endloop
  endfacet
  facet normal -6.087614e-01 7.933533e-01 7.052462e-17
    outer loop
      vertex   -1.500000e+00 3.286603e+01 1.150000e+01
      vertex   -1.500000e+00 3.286603e+01 5.750000e+00
      vertex   -1.707107e+00 3.270711e+01 1.150000e+01
    endloop
  endfacet
  facet normal -6.087614e-01 7.933533e-01 2.350821e-17
    outer loop
      vertex   -1.707107e+00 3.270711e+01 1.150000e+01
      vertex   -1.500000e+00 3.286603e+01 5.750000e+00
      vertex   -1.707107e+00 3.270711e+01 5.750000e+00
    endloop
  endfacet
  facet normal -7.933533e-01 6.087614e-01 3.063649e-17
    outer loop
      vertex   -1.707107e+00 3.270711e+01 1.150000e+01
      vertex   -1.707107e+00 3.270711e+01 5.750000e+00
      vertex   -1.866025e+00 3.250000e+01 1.150000e+01
    endloop
  endfacet
  facet normal -7.933533e-01 6.087614e-01 7.216261e-16
    outer loop
      vertex   -1.866025e+00 3.250000e+01 1.150000e+01
      vertex   -1.707107e+00 3.270711e+01 5.750000e+00
      vertex   -1.866025e+00 3.250000e+01 5.750000e+00
    endloop
  endfacet
  facet normal -9.238795e-01 3.826834e-01 4.372151e-16
    outer loop
      vertex   -1.866025e+00 3.250000e+01 1.150000e+01
      vertex   -1.866025e+00 3.250000e+01 5.750000e+00
      vertex   -1.965926e+00 3.225882e+01 1.150000e+01
    endloop
  endfacet
  facet normal -9.238795e-01 3.826834e-01 0.000000e+00
    outer loop
      vertex   -1.965926e+00 3.225882e+01 1.150000e+01
      vertex   -1.866025e+00 3.250000e+01 5.750000e+00
      vertex   -1.965926e+00 3.225882e+01 5.750000e+00
    endloop
  endfacet
  facet normal -6.087614e-01 7.933533e-01 4.622690e-17
    outer loop
      vertex   -1.707107e+00 3.270711e+01 1.725000e+01
      vertex   -1.500000e+00 3.286603e+01 1.725000e+01
      vertex   -1.500000e+00 3.286603e+01 1.150000e+01
    endloop
  endfacet
  facet normal -3.826834e-01 9.238795e-01 2.955575e-17
    outer loop
      vertex   -1.500000e+00 3.286603e+01 1.150000e+01
      vertex   -1.500000e+00 3.286603e+01 1.725000e+01
      vertex   -1.258819e+00 3.296593e+01 1.150000e+01
    endloop
  endfacet
  facet normal -6.087614e-01 7.933533e-01 0.000000e+00
    outer loop
      vertex   -1.707107e+00 3.270711e+01 1.725000e+01
      vertex   -1.500000e+00 3.286603e+01 1.150000e+01
      vertex   -1.707107e+00 3.270711e+01 1.150000e+01
    endloop
  endfacet
  facet normal -7.933533e-01 6.087614e-01 0.000000e+00
    outer loop
      vertex   -1.866025e+00 3.250000e+01 1.725000e+01
      vertex   -1.707107e+00 3.270711e+01 1.725000e+01
      vertex   -1.707107e+00 3.270711e+01 1.150000e+01
    endloop
  endfacet
  facet normal -7.933533e-01 6.087614e-01 -6.127298e-17
    outer loop
      vertex   -1.866025e+00 3.250000e+01 1.725000e+01
      vertex   -1.707107e+00 3.270711e+01 1.150000e+01
      vertex   -1.866025e+00 3.250000e+01 1.150000e+01
    endloop
  endfacet
  facet normal -9.238795e-01 3.826834e-01 -6.934034e-17
    outer loop
      vertex   -1.965926e+00 3.225882e+01 1.725000e+01
      vertex   -1.866025e+00 3.250000e+01 1.725000e+01
      vertex   -1.866025e+00 3.250000e+01 1.150000e+01
    endloop
  endfacet
  facet normal -9.238795e-01 3.826834e-01 0.000000e+00
    outer loop
      vertex   -1.965926e+00 3.225882e+01 1.725000e+01
      vertex   -1.866025e+00 3.250000e+01 1.150000e+01
      vertex   -1.965926e+00 3.225882e+01 1.150000e+01
    endloop
  endfacet
  facet normal 1.254525e-15 9.914449e-01 1.305262e-01
    outer loop
      vertex   -1.000000e+00 3.296593e+01 2.325882e+01
      vertex   4.615385e+00 3.296593e+01 2.325882e+01
      vertex   -1.000000e+00 3.300000e+01 2.300000e+01
    endloop
  endfacet
  facet normal 0.000000e+00 9.914449e-01 1.305262e-01
    outer loop
      vertex   -1.000000e+00 3.300000e+01 2.300000e+01
      vertex   4.615385e+00 3.296593e+01 2.325882e+01
      vertex   1.023077e+01 3.296593e+01 2.325882e+01
    endloop
  endfacet
  facet normal 0.000000e+00 9.914449e-01 1.305262e-01
    outer loop
      vertex   -1.000000e+00 3.300000e+01 2.300000e+01
      vertex   1.023077e+01 3.296593e+01 2.325882e+01
      vertex   1.584615e+01 3.296593e+01 2.325882e+01
    endloop
  endfacet
  facet normal 0.000000e+00 9.238795e-01 3.826834e-01
    outer loop
      vertex   1.584615e+01 3.296593e+01 2.325882e+01
      vertex   1.023077e+01 3.296593e+01 2.325882e+01
      vertex   1.584615e+01 3.286603e+01 2.350000e+01
    endloop
  endfacet
  facet normal 0.000000e+00 9.238795e-01 3.826834e-01
    outer loop
      vertex   1.584615e+01 3.296593e+01 2.325882e+01
      vertex   1.584615e+01 3.286603e+01 2.350000e+01
      vertex   2.146154e+01 3.286603e+01 2.350000e+01
    endloop
  endfacet
  facet normal 0.000000e+00 7.933533e-01 6.087614e-01
    outer loop
      vertex   2.146154e+01 3.286603e+01 2.350000e+01
      vertex   1.584615e+01 3.286603e+01 2.350000e+01
      vertex   2.146154e+01 3.270711e+01 2.370711e+01
    endloop
  endfacet
  facet normal 0.000000e+00 7.933533e-01 6.087614e-01
    outer loop
      vertex   2.146154e+01 3.286603e+01 2.350000e+01
      vertex   2.146154e+01 3.270711e+01 2.370711e+01
      vertex   2.707692e+01 3.270711e+01 2.370711e+01
    endloop
  endfacet
  facet normal 0.000000e+00 6.087614e-01 7.933533e-01
    outer loop
      vertex   2.707692e+01 3.270711e+01 2.370711e+01
      vertex   2.146154e+01 3.270711e+01 2.370711e+01
      vertex   2.707692e+01 3.250000e+01 2.386603e+01
    endloop
  endfacet
  facet normal 0.000000e+00 6.087614e-01 7.933533e-01
    outer loop
      vertex   2.707692e+01 3.270711e+01 2.370711e+01
      vertex   2.707692e+01 3.250000e+01 2.386603e+01
      vertex   3.269231e+01 3.250000e+01 2.386603e+01
    endloop
  endfacet
  facet normal 0.000000e+00 3.826834e-01 9.238795e-01
    outer loop
      vertex   3.269231e+01 3.250000e+01 2.386603e+01
      vertex   2.707692e+01 3.250000e+01 2.386603e+01
      vertex   3.269231e+01 3.225882e+01 2.396593e+01
    endloop
  endfacet
  facet normal 0.000000e+00 3.826834e-01 9.238795e-01
    outer loop
      vertex   3.269231e+01 3.250000e+01 2.386603e+01
      vertex   3.269231e+01 3.225882e+01 2.396593e+01
      vertex   3.830769e+01 3.225882e+01 2.396593e+01
    endloop
  endfacet
  facet normal 0.000000e+00 1.305262e-01 9.914449e-01
    outer loop
      vertex   3.830769e+01 3.225882e+01 2.396593e+01
      vertex   3.269231e+01 3.225882e+01 2.396593e+01
      vertex   7.200000e+01 3.200000e+01 2.400000e+01
    endloop
  endfacet
  facet normal -0.000000e+00 1.305262e-01 9.914449e-01
    outer loop
      vertex   3.830769e+01 3.225882e+01 2.396593e+01
      vertex   7.200000e+01 3.200000e+01 2.400000e+01
      vertex   4.392308e+01 3.225882e+01 2.396593e+01
    endloop
  endfacet
  facet normal -0.000000e+00 1.305262e-01 9.914449e-01
    outer loop
      vertex   4.392308e+01 3.225882e+01 2.396593e+01
      vertex   7.200000e+01 3.200000e+01 2.400000e+01
      vertex   4.953846e+01 3.225882e+01 2.396593e+01
    endloop
  endfacet
  facet normal -0.000000e+00 3.826834e-01 9.238795e-01
    outer loop
      vertex   4.392308e+01 3.225882e+01 2.396593e+01
      vertex   4.953846e+01 3.225882e+01 2.396593e+01
      vertex   4.392308e+01 3.250000e+01 2.386603e+01
    endloop
  endfacet
  facet normal -0.000000e+00 3.826834e-01 9.238795e-01
    outer loop
      vertex   4.392308e+01 3.250000e+01 2.386603e+01
      vertex   4.953846e+01 3.225882e+01 2.396593e+01
      vertex   4.953846e+01 3.250000e+01 2.386603e+01
    endloop
  endfacet
  facet normal -0.000000e+00 6.087614e-01 7.933533e-01
    outer loop
      vertex   4.392308e+01 3.250000e+01 2.386603e+01
      vertex   4.953846e+01 3.250000e+01 2.386603e+01
      vertex   4.392308e+01 3.270711e+01 2.370711e+01
    endloop
  endfacet
  facet normal -0.000000e+00 6.087614e-01 7.933533e-01
    outer loop
      vertex   4.392308e+01 3.270711e+01 2.370711e+01
      vertex   4.953846e+01 3.250000e+01 2.386603e+01
      vertex   4.953846e+01 3.270711e+01 2.370711e+01
    endloop
  endfacet
  facet normal -0.000000e+00 7.933533e-01 6.087614e-01
    outer loop
      vertex   4.392308e+01 3.270711e+01 2.370711e+01
      vertex   4.953846e+01 3.270711e+01 2.370711e+01
      vertex   4.392308e+01 3.286603e+01 2.350000e+01
    endloop
  endfacet
  facet normal -0.000000e+00 7.933533e-01 6.087614e-01
    outer loop
      vertex   4.392308e+01 3.286603e+01 2.350000e+01
      vertex   4.953846e+01 3.270711e+01 2.370711e+01
      vertex   4.953846e+01 3.286603e+01 2.350000e+01
    endloop
  endfacet
  facet normal -0.000000e+00 9.238795e-01 3.826834e-01
    outer loop
      vertex   4.392308e+01 3.286603e+01 2.350000e+01
      vertex   4.953846e+01 3.286603e+01 2.350000e+01
      vertex   4.392308e+01 3.296593e+01 2.325882e+01
    endloop
  endfacet
  facet normal -0.000000e+00 9.238795e-01 3.826834e-01
    outer loop
      vertex   4.392308e+01 3.296593e+01 2.325882e+01
      vertex   4.953846e+01 3.286603e+01 2.350000e+01
      vertex   4.953846e+01 3.296593e+01 2.325882e+01
    endloop
  endfacet
  facet normal -0.000000e+00 9.914449e-01 1.305262e-01
    outer loop
      vertex   4.392308e+01 3.296593e+01 2.325882e+01
      vertex   4.953846e+01 3.296593e+01 2.325882e+01
      vertex   7.200000e+01 3.300000e+01 2.300000e+01
    endloop
  endfacet
  facet normal 0.000000e+00 9.914449e-01 1.305262e-01
    outer loop
      vertex   7.200000e+01 3.300000e+01 2.300000e+01
      vertex   4.953846e+01 3.296593e+01 2.325882e+01
      vertex   5.515385e+01 3.296593e+01 2.325882e+01
    endloop
  endfacet
  facet normal 0.000000e+00 9.914449e-01 1.305262e-01
    outer loop
      vertex   7.200000e+01 3.300000e+01 2.300000e+01
      vertex   5.515385e+01 3.296593e+01 2.325882e+01
      vertex   6.076923e+01 3.296593e+01 2.325882e+01
    endloop
  endfacet
  facet normal 0.000000e+00 9.238795e-01 3.826834e-01
    outer loop
      vertex   6.076923e+01 3.296593e+01 2.325882e+01
      vertex   5.515385e+01 3.296593e+01 2.325882e+01
      vertex   6.076923e+01 3.286603e+01 2.350000e+01
    endloop
  endfacet
  facet normal 0.000000e+00 9.238795e-01 3.826834e-01
    outer loop
      vertex   6.076923e+01 3.296593e+01 2.325882e+01
      vertex   6.076923e+01 3.286603e+01 2.350000e+01
      vertex   6.638462e+01 3.286603e+01 2.350000e+01
    endloop
  endfacet
  facet normal 0.000000e+00 7.933533e-01 6.087614e-01
    outer loop
      vertex   6.638462e+01 3.286603e+01 2.350000e+01
      vertex   6.076923e+01 3.286603e+01 2.350000e+01
      vertex   6.638462e+01 3.270711e+01 2.370711e+01
    endloop
  endfacet
  facet normal 0.000000e+00 7.933533e-01 6.087614e-01
    outer loop
      vertex   6.638462e+01 3.286603e+01 2.350000e+01
      vertex   6.638462e+01 3.270711e+01 2.370711e+01
      vertex   7.200000e+01 3.270711e+01 2.370711e+01
    endloop
  endfacet
  facet normal 0.000000e+00 6.087614e-01 7.933533e-01
    outer loop
      vertex   7.200000e+01 3.270711e+01 2.370711e+01
      vertex   6.638462e+01 3.270711e+01 2.370711e+01
      vertex   7.200000e+01 3.250000e+01 2.386603e+01
    endloop
  endfacet
  facet normal 0.000000e+00 6.087614e-01 7.933533e-01
    outer loop
      vertex   7.200000e+01 3.250000e+01 2.386603e+01
      vertex   6.638462e+01 3.270711e+01 2.370711e+01
      vertex   6.638462e+01 3.250000e+01 2.386603e+01
    endloop
  endfacet
  facet normal 0.000000e+00 3.826834e-01 9.238795e-01
    outer loop
      vertex   7.200000e+01 3.250000e+01 2.386603e+01
      vertex   6.638462e+01 3.250000e+01 2.386603e+01
      vertex   7.200000e+01 3.225882e+01 2.396593e+01
    endloop
  endfacet
  facet normal -5.845155e-16 3.826834e-01 9.238795e-01
    outer loop
      vertex   7.200000e+01 3.225882e+01 2.396593e+01
      vertex   6.638462e+01 3.250000e+01 2.386603e+01
      vertex   6.638462e+01 3.225882e+01 2.396593e+01
    endloop
  endfacet
  facet normal -6.272624e-16 1.305262e-01 9.914449e-01
    outer loop
      vertex   7.200000e+01 3.225882e+01 2.396593e+01
      vertex   6.638462e+01 3.225882e+01 2.396593e+01
      vertex   7.200000e+01 3.200000e+01 2.400000e+01
    endloop
  endfacet
  facet normal 0.000000e+00 1.305262e-01 9.914449e-01
    outer loop
      vertex   7.200000e+01 3.200000e+01 2.400000e+01
      vertex   6.638462e+01 3.225882e+01 2.396593e+01
      vertex   6.076923e+01 3.225882e+01 2.396593e+01
    endloop
  endfacet
  facet normal 0.000000e+00 1.305262e-01 9.914449e-01
    outer loop
      vertex   7.200000e+01 3.200000e+01 2.400000e+01
      vertex   6.076923e+01 3.225882e+01 2.396593e+01
      vertex   5.515385e+01 3.225882e+01 2.396593e+01
    endloop
  endfacet
  facet normal -0.000000e+00 3.826834e-01 9.238795e-01
    outer loop
      vertex   5.515385e+01 3.225882e+01 2.396593e+01
      vertex   6.076923e+01 3.225882e+01 2.396593e+01
      vertex   5.515385e+01 3.250000e+01 2.386603e+01
    endloop
  endfacet
  facet normal 0.000000e+00 3.826834e-01 9.238795e-01
    outer loop
      vertex   5.515385e+01 3.225882e+01 2.396593e+01
      vertex   5.515385e+01 3.250000e+01 2.386603e+01
      vertex   4.953846e+01 3.250000e+01 2.386603e+01
    endloop
  endfacet
  facet normal -0.000000e+00 6.087614e-01 7.933533e-01
    outer loop
      vertex   4.953846e+01 3.250000e+01 2.386603e+01
      vertex   5.515385e+01 3.250000e+01 2.386603e+01
      vertex   4.953846e+01 3.270711e+01 2.370711e+01
    endloop
  endfacet
  facet normal 1.169031e-15 9.238795e-01 3.826834e-01
    outer loop
      vertex   4.615385e+00 3.296593e+01 2.325882e+01
      vertex   -1.000000e+00 3.296593e+01 2.325882e+01
      vertex   4.615385e+00 3.286603e+01 2.350000e+01
    endloop
  endfacet
  facet normal 0.000000e+00 9.238795e-01 3.826834e-01
    outer loop
      vertex   4.615385e+00 3.286603e+01 2.350000e+01
      vertex   -1.000000e+00 3.296593e+01 2.325882e+01
      vertex   -1.000000e+00 3.286603e+01 2.350000e+01
    endloop
  endfacet
  facet normal 0.000000e+00 7.933533e-01 6.087614e-01
    outer loop
      vertex   4.615385e+00 3.286603e+01 2.350000e+01
      vertex   -1.000000e+00 3.286603e+01 2.350000e+01
      vertex   4.615385e+00 3.270711e+01 2.370711e+01
    endloop
  endfacet
  facet normal 0.000000e+00 7.933533e-01 6.087614e-01
    outer loop
      vertex   4.615385e+00 3.270711e+01 2.370711e+01
      vertex   -1.000000e+00 3.286603e+01 2.350000e+01
      vertex   -1.000000e+00 3.270711e+01 2.370711e+01
    endloop
  endfacet
  facet normal 0.000000e+00 6.087614e-01 7.933533e-01
    outer loop
      vertex   4.615385e+00 3.270711e+01 2.370711e+01
      vertex   -1.000000e+00 3.270711e+01 2.370711e+01
      vertex   4.615385e+00 3.250000e+01 2.386603e+01
    endloop
  endfacet
  facet normal 0.000000e+00 6.087614e-01 7.933533e-01
    outer loop
      vertex   4.615385e+00 3.250000e+01 2.386603e+01
      vertex   -1.000000e+00 3.270711e+01 2.370711e+01
      vertex   -1.000000e+00 3.250000e+01 2.386603e+01
    endloop
  endfacet
  facet normal 0.000000e+00 3.826834e-01 9.238795e-01
    outer loop
      vertex   4.615385e+00 3.250000e+01 2.386603e+01
      vertex   -1.000000e+00 3.250000e+01 2.386603e+01
      vertex   4.615385e+00 3.225882e+01 2.396593e+01
    endloop
  endfacet
  facet normal 0.000000e+00 3.826834e-01 9.238795e-01
    outer loop
      vertex   4.615385e+00 3.225882e+01 2.396593e+01
      vertex   -1.000000e+00 3.250000e+01 2.386603e+01
      vertex   -1.000000e+00 3.225882e+01 2.396593e+01
    endloop
  endfacet
  facet normal 0.000000e+00 1.305262e-01 9.914449e-01
    outer loop
      vertex   4.615385e+00 3.225882e+01 2.396593e+01
      vertex   -1.000000e+00 3.225882e+01 2.396593e+01
      vertex   -1.000000e+00 3.200000e+01 2.400000e+01
    endloop
  endfacet
  facet normal 0.000000e+00 1.305262e-01 9.914449e-01
    outer loop
      vertex   7.200000e+01 3.200000e+01 2.400000e+01
      vertex   3.269231e+01 3.225882e+01 2.396593e+01
      vertex   -1.000000e+00 3.200000e+01 2.400000e+01
    endloop
  endfacet
  facet normal 0.000000e+00 1.305262e-01 9.914449e-01
    outer loop
      vertex   -1.000000e+00 3.200000e+01 2.400000e+01
      vertex   3.269231e+01 3.225882e+01 2.396593e+01
      vertex   2.707692e+01 3.225882e+01 2.396593e+01
    endloop
  endfacet
  facet normal 0.000000e+00 1.305262e-01 9.914449e-01
    outer loop
      vertex   -1.000000e+00 3.200000e+01 2.400000e+01
      vertex   2.707692e+01 3.225882e+01 2.396593e+01
      vertex   2.146154e+01 3.225882e+01 2.396593e+01
    endloop
  endfacet
  facet normal -0.000000e+00 3.826834e-01 9.238795e-01
    outer loop
      vertex   2.146154e+01 3.225882e+01 2.396593e+01
      vertex   2.707692e+01 3.225882e+01 2.396593e+01
      vertex   2.146154e+01 3.250000e+01 2.386603e+01
    endloop
  endfacet
  facet normal 0.000000e+00 3.826834e-01 9.238795e-01
    outer loop
      vertex   2.146154e+01 3.225882e+01 2.396593e+01
      vertex   2.146154e+01 3.250000e+01 2.386603e+01
      vertex   1.584615e+01 3.250000e+01 2.386603e+01
    endloop
  endfacet
  facet normal -0.000000e+00 6.087614e-01 7.933533e-01
    outer loop
      vertex   1.584615e+01 3.250000e+01 2.386603e+01
      vertex   2.146154e+01 3.250000e+01 2.386603e+01
      vertex   1.584615e+01 3.270711e+01 2.370711e+01
    endloop
  endfacet
  facet normal 0.000000e+00 6.087614e-01 7.933533e-01
    outer loop
      vertex   1.584615e+01 3.250000e+01 2.386603e+01
      vertex   1.584615e+01 3.270711e+01 2.370711e+01
      vertex   1.023077e+01 3.270711e+01 2.370711e+01
    endloop
  endfacet
  facet normal -0.000000e+00 7.933533e-01 6.087614e-01
    outer loop
      vertex   1.023077e+01 3.270711e+01 2.370711e+01
      vertex   1.584615e+01 3.270711e+01 2.370711e+01
      vertex   1.023077e+01 3.286603e+01 2.350000e+01
    endloop
  endfacet
  facet normal 0.000000e+00 7.933533e-01 6.087614e-01
    outer loop
      vertex   1.023077e+01 3.270711e+01 2.370711e+01
      vertex   1.023077e+01 3.286603e+01 2.350000e+01
      vertex   4.615385e+00 3.286603e+01 2.350000e+01
    endloop
  endfacet
  facet normal -0.000000e+00 9.238795e-01 3.826834e-01
    outer loop
      vertex   4.615385e+00 3.286603e+01 2.350000e+01
      vertex   1.023077e+01 3.286603e+01 2.350000e+01
      vertex   4.615385e+00 3.296593e+01 2.325882e+01
    endloop
  endfacet
  facet normal 0.000000e+00 7.933533e-01 6.087614e-01
    outer loop
      vertex   7.200000e+01 3.270711e+01 2.370711e+01
      vertex   7.200000e+01 3.286603e+01 2.350000e+01
      vertex   6.638462e+01 3.286603e+01 2.350000e+01
    endloop
  endfacet
  facet normal -0.000000e+00 9.238795e-01 3.826834e-01
    outer loop
      vertex   6.638462e+01 3.286603e+01 2.350000e+01
      vertex   7.200000e+01 3.286603e+01 2.350000e+01
      vertex   6.638462e+01 3.296593e+01 2.325882e+01
    endloop
  endfacet
  facet normal 0.000000e+00 9.238795e-01 3.826834e-01
    outer loop
      vertex   6.638462e+01 3.286603e+01 2.350000e+01
      vertex   6.638462e+01 3.296593e+01 2.325882e+01
      vertex   6.076923e+01 3.296593e+01 2.325882e+01
    endloop
  endfacet
  facet normal -0.000000e+00 9.914449e-01 1.305262e-01
    outer loop
      vertex   6.076923e+01 3.296593e+01 2.325882e+01
      vertex   6.638462e+01 3.296593e+01 2.325882e+01
      vertex   7.200000e+01 3.300000e+01 2.300000e+01
    endloop
  endfacet
  facet normal 0.000000e+00 9.238795e-01 3.826834e-01
    outer loop
      vertex   7.200000e+01 3.286603e+01 2.350000e+01
      vertex   7.200000e+01 3.296593e+01 2.325882e+01
      vertex   6.638462e+01 3.296593e+01 2.325882e+01
    endloop
  endfacet
  facet normal -0.000000e+00 9.914449e-01 1.305262e-01
    outer loop
      vertex   6.638462e+01 3.296593e+01 2.325882e+01
      vertex   7.200000e+01 3.296593e+01 2.325882e+01
      vertex   7.200000e+01 3.300000e+01 2.300000e+01
    endloop
  endfacet
  facet normal 0.000000e+00 9.914449e-01 1.305262e-01
    outer loop
      vertex   4.392308e+01 3.296593e+01 2.325882e+01
      vertex   7.200000e+01 3.300000e+01 2.300000e+01
      vertex   3.830769e+01 3.296593e+01 2.325882e+01
    endloop
  endfacet
  facet normal 0.000000e+00 9.914449e-01 1.305262e-01
    outer loop
      vertex   3.830769e+01 3.296593e+01 2.325882e+01
      vertex   7.200000e+01 3.300000e+01 2.300000e+01
      vertex   -1.000000e+00 3.300000e+01 2.300000e+01
    endloop
  endfacet
  facet normal 0.000000e+00 9.914449e-01 1.305262e-01
    outer loop
      vertex   3.830769e+01 3.296593e+01 2.325882e+01
      vertex   -1.000000e+00 3.300000e+01 2.300000e+01
      vertex   3.269231e+01 3.296593e+01 2.325882e+01
    endloop
  endfacet
  facet normal 0.000000e+00 9.914449e-01 1.305262e-01
    outer loop
      vertex   3.269231e+01 3.296593e+01 2.325882e+01
      vertex   -1.000000e+00 3.300000e+01 2.300000e+01
      vertex   2.707692e+01 3.296593e+01 2.325882e+01
    endloop
  endfacet
  facet normal 0.000000e+00 9.238795e-01 3.826834e-01
    outer loop
      vertex   3.269231e+01 3.296593e+01 2.325882e+01
      vertex   2.707692e+01 3.296593e+01 2.325882e+01
      vertex   3.269231e+01 3.286603e+01 2.350000e+01
    endloop
  endfacet
  facet normal -4.842285e-16 9.238795e-01 3.826834e-01
    outer loop
      vertex   3.269231e+01 3.286603e+01 2.350000e+01
      vertex   2.707692e+01 3.296593e+01 2.325882e+01
      vertex   2.707692e+01 3.286603e+01 2.350000e+01
    endloop
  endfacet
  facet normal -7.702963e-16 7.933533e-01 6.087614e-01
    outer loop
      vertex   3.269231e+01 3.286603e+01 2.350000e+01
      vertex   2.707692e+01 3.286603e+01 2.350000e+01
      vertex   3.269231e+01 3.270711e+01 2.370711e+01
    endloop
  endfacet
  facet normal 0.000000e+00 7.933533e-01 6.087614e-01
    outer loop
      vertex   3.269231e+01 3.270711e+01 2.370711e+01
      vertex   2.707692e+01 3.286603e+01 2.350000e+01
      vertex   2.707692e+01 3.270711e+01 2.370711e+01
    endloop
  endfacet
  facet normal 0.000000e+00 6.087614e-01 7.933533e-01
    outer loop
      vertex   3.269231e+01 3.270711e+01 2.370711e+01
      vertex   2.707692e+01 3.270711e+01 2.370711e+01
      vertex   3.269231e+01 3.250000e+01 2.386603e+01
    endloop
  endfacet
  facet normal 0.000000e+00 9.238795e-01 3.826834e-01
    outer loop
      vertex   1.584615e+01 3.286603e+01 2.350000e+01
      vertex   1.023077e+01 3.296593e+01 2.325882e+01
      vertex   1.023077e+01 3.286603e+01 2.350000e+01
    endloop
  endfacet
  facet normal 0.000000e+00 9.238795e-01 3.826834e-01
    outer loop
      vertex   1.023077e+01 3.286603e+01 2.350000e+01
      vertex   1.023077e+01 3.296593e+01 2.325882e+01
      vertex   4.615385e+00 3.296593e+01 2.325882e+01
    endloop
  endfacet
  facet normal 0.000000e+00 9.914449e-01 1.305262e-01
    outer loop
      vertex   2.707692e+01 3.296593e+01 2.325882e+01
      vertex   -1.000000e+00 3.300000e+01 2.300000e+01
      vertex   2.146154e+01 3.296593e+01 2.325882e+01
    endloop
  endfacet
  facet normal 0.000000e+00 9.914449e-01 1.305262e-01
    outer loop
      vertex   2.146154e+01 3.296593e+01 2.325882e+01
      vertex   -1.000000e+00 3.300000e+01 2.300000e+01
      vertex   1.584615e+01 3.296593e+01 2.325882e+01
    endloop
  endfacet
  facet normal 0.000000e+00 9.238795e-01 3.826834e-01
    outer loop
      vertex   2.146154e+01 3.296593e+01 2.325882e+01
      vertex   1.584615e+01 3.296593e+01 2.325882e+01
      vertex   2.146154e+01 3.286603e+01 2.350000e+01
    endloop
  endfacet
  facet normal 0.000000e+00 9.238795e-01 3.826834e-01
    outer loop
      vertex   2.707692e+01 3.286603e+01 2.350000e+01
      vertex   2.707692e+01 3.296593e+01 2.325882e+01
      vertex   2.146154e+01 3.296593e+01 2.325882e+01
    endloop
  endfacet
  facet normal 0.000000e+00 9.238795e-01 3.826834e-01
    outer loop
      vertex   2.707692e+01 3.286603e+01 2.350000e+01
      vertex   2.146154e+01 3.296593e+01 2.325882e+01
      vertex   2.146154e+01 3.286603e+01 2.350000e+01
    endloop
  endfacet
  facet normal 0.000000e+00 9.238795e-01 3.826834e-01
    outer loop
      vertex   4.392308e+01 3.286603e+01 2.350000e+01
      vertex   4.392308e+01 3.296593e+01 2.325882e+01
      vertex   3.830769e+01 3.296593e+01 2.325882e+01
    endloop
  endfacet
  facet normal 0.000000e+00 9.238795e-01 3.826834e-01
    outer loop
      vertex   3.830769e+01 3.296593e+01 2.325882e+01
      vertex   3.269231e+01 3.296593e+01 2.325882e+01
      vertex   3.830769e+01 3.286603e+01 2.350000e+01
    endloop
  endfacet
  facet normal 0.000000e+00 9.238795e-01 3.826834e-01
    outer loop
      vertex   3.830769e+01 3.286603e+01 2.350000e+01
      vertex   3.269231e+01 3.296593e+01 2.325882e+01
      vertex   3.269231e+01 3.286603e+01 2.350000e+01
    endloop
  endfacet
  facet normal 0.000000e+00 7.933533e-01 6.087614e-01
    outer loop
      vertex   3.830769e+01 3.286603e+01 2.350000e+01
      vertex   3.269231e+01 3.286603e+01 2.350000e+01
      vertex   3.830769e+01 3.270711e+01 2.370711e+01
    endloop
  endfacet
  facet normal 0.000000e+00 7.933533e-01 6.087614e-01
    outer loop
      vertex   3.830769e+01 3.270711e+01 2.370711e+01
      vertex   3.269231e+01 3.286603e+01 2.350000e+01
      vertex   3.269231e+01 3.270711e+01 2.370711e+01
    endloop
  endfacet
  facet normal 0.000000e+00 6.087614e-01 7.933533e-01
    outer loop
      vertex   3.830769e+01 3.270711e+01 2.370711e+01
      vertex   3.269231e+01 3.270711e+01 2.370711e+01
      vertex   3.830769e+01 3.250000e+01 2.386603e+01
    endloop
  endfacet
  facet normal 0.000000e+00 6.087614e-01 7.933533e-01
    outer loop
      vertex   3.830769e+01 3.250000e+01 2.386603e+01
      vertex   3.269231e+01 3.270711e+01 2.370711e+01
      vertex   3.269231e+01 3.250000e+01 2.386603e+01
    endloop
  endfacet
  facet normal 0.000000e+00 3.826834e-01 9.238795e-01
    outer loop
      vertex   3.830769e+01 3.250000e+01 2.386603e+01
      vertex   3.269231e+01 3.250000e+01 2.386603e+01
      vertex   3.830769e+01 3.225882e+01 2.396593e+01
    endloop
  endfacet
  facet normal 0.000000e+00 9.238795e-01 3.826834e-01
    outer loop
      vertex   5.515385e+01 3.296593e+01 2.325882e+01
      vertex   4.953846e+01 3.296593e+01 2.325882e+01
      vertex   5.515385e+01 3.286603e+01 2.350000e+01
    endloop
  endfacet
  facet normal 0.000000e+00 9.238795e-01 3.826834e-01
    outer loop
      vertex   5.515385e+01 3.286603e+01 2.350000e+01
      vertex   4.953846e+01 3.296593e+01 2.325882e+01
      vertex   4.953846e+01 3.286603e+01 2.350000e+01
    endloop
  endfacet
  facet normal 0.000000e+00 7.933533e-01 6.087614e-01
    outer loop
      vertex   5.515385e+01 3.286603e+01 2.350000e+01
      vertex   4.953846e+01 3.286603e+01 2.350000e+01
      vertex   5.515385e+01 3.270711e+01 2.370711e+01
    endloop
  endfacet
  facet normal 0.000000e+00 7.933533e-01 6.087614e-01
    outer loop
      vertex   5.515385e+01 3.270711e+01 2.370711e+01
      vertex   4.953846e+01 3.286603e+01 2.350000e+01
      vertex   4.953846e+01 3.270711e+01 2.370711e+01
    endloop
  endfacet
  facet normal 0.000000e+00 6.087614e-01 7.933533e-01
    outer loop
      vertex   5.515385e+01 3.270711e+01 2.370711e+01
      vertex   4.953846e+01 3.270711e+01 2.370711e+01
      vertex   5.515385e+01 3.250000e+01 2.386603e+01
    endloop
  endfacet
  facet normal 0.000000e+00 7.933533e-01 6.087614e-01
    outer loop
      vertex   1.023077e+01 3.270711e+01 2.370711e+01
      vertex   4.615385e+00 3.286603e+01 2.350000e+01
      vertex   4.615385e+00 3.270711e+01 2.370711e+01
    endloop
  endfacet
  facet normal 0.000000e+00 7.933533e-01 6.087614e-01
    outer loop
      vertex   2.146154e+01 3.270711e+01 2.370711e+01
      vertex   1.584615e+01 3.286603e+01 2.350000e+01
      vertex   1.584615e+01 3.270711e+01 2.370711e+01
    endloop
  endfacet
  facet normal 0.000000e+00 7.933533e-01 6.087614e-01
    outer loop
      vertex   1.584615e+01 3.270711e+01 2.370711e+01
      vertex   1.584615e+01 3.286603e+01 2.350000e+01
      vertex   1.023077e+01 3.286603e+01 2.350000e+01
    endloop
  endfacet
  facet normal 0.000000e+00 7.933533e-01 6.087614e-01
    outer loop
      vertex   2.707692e+01 3.270711e+01 2.370711e+01
      vertex   2.707692e+01 3.286603e+01 2.350000e+01
      vertex   2.146154e+01 3.286603e+01 2.350000e+01
    endloop
  endfacet
  facet normal 0.000000e+00 7.933533e-01 6.087614e-01
    outer loop
      vertex   4.392308e+01 3.270711e+01 2.370711e+01
      vertex   4.392308e+01 3.286603e+01 2.350000e+01
      vertex   3.830769e+01 3.286603e+01 2.350000e+01
    endloop
  endfacet
  facet normal -0.000000e+00 9.238795e-01 3.826834e-01
    outer loop
      vertex   3.830769e+01 3.286603e+01 2.350000e+01
      vertex   4.392308e+01 3.286603e+01 2.350000e+01
      vertex   3.830769e+01 3.296593e+01 2.325882e+01
    endloop
  endfacet
  facet normal 0.000000e+00 7.933533e-01 6.087614e-01
    outer loop
      vertex   4.392308e+01 3.270711e+01 2.370711e+01
      vertex   3.830769e+01 3.286603e+01 2.350000e+01
      vertex   3.830769e+01 3.270711e+01 2.370711e+01
    endloop
  endfacet
  facet normal 0.000000e+00 9.238795e-01 3.826834e-01
    outer loop
      vertex   5.515385e+01 3.296593e+01 2.325882e+01
      vertex   5.515385e+01 3.286603e+01 2.350000e+01
      vertex   6.076923e+01 3.286603e+01 2.350000e+01
    endloop
  endfacet
  facet normal 0.000000e+00 7.933533e-01 6.087614e-01
    outer loop
      vertex   6.076923e+01 3.286603e+01 2.350000e+01
      vertex   5.515385e+01 3.286603e+01 2.350000e+01
      vertex   6.076923e+01 3.270711e+01 2.370711e+01
    endloop
  endfacet
  facet normal 0.000000e+00 7.933533e-01 6.087614e-01
    outer loop
      vertex   6.076923e+01 3.286603e+01 2.350000e+01
      vertex   6.076923e+01 3.270711e+01 2.370711e+01
      vertex   6.638462e+01 3.270711e+01 2.370711e+01
    endloop
  endfacet
  facet normal 0.000000e+00 6.087614e-01 7.933533e-01
    outer loop
      vertex   6.638462e+01 3.270711e+01 2.370711e+01
      vertex   6.076923e+01 3.270711e+01 2.370711e+01
      vertex   6.638462e+01 3.250000e+01 2.386603e+01
    endloop
  endfacet
  facet normal 0.000000e+00 7.933533e-01 6.087614e-01
    outer loop
      vertex   6.076923e+01 3.270711e+01 2.370711e+01
      vertex   5.515385e+01 3.286603e+01 2.350000e+01
      vertex   5.515385e+01 3.270711e+01 2.370711e+01
    endloop
  endfacet
  facet normal 0.000000e+00 6.087614e-01 7.933533e-01
    outer loop
      vertex   1.023077e+01 3.270711e+01 2.370711e+01
      vertex   4.615385e+00 3.270711e+01 2.370711e+01
      vertex   1.023077e+01 3.250000e+01 2.386603e+01
    endloop
  endfacet
  facet normal 0.000000e+00 6.087614e-01 7.933533e-01
    outer loop
      vertex   1.023077e+01 3.250000e+01 2.386603e+01
      vertex   4.615385e+00 3.270711e+01 2.370711e+01
      vertex   4.615385e+00 3.250000e+01 2.386603e+01
    endloop
  endfacet
  facet normal 0.000000e+00 3.826834e-01 9.238795e-01
    outer loop
      vertex   1.023077e+01 3.250000e+01 2.386603e+01
      vertex   4.615385e+00 3.250000e+01 2.386603e+01
      vertex   1.023077e+01 3.225882e+01 2.396593e+01
    endloop
  endfacet
  facet normal 0.000000e+00 3.826834e-01 9.238795e-01
    outer loop
      vertex   1.023077e+01 3.225882e+01 2.396593e+01
      vertex   4.615385e+00 3.250000e+01 2.386603e+01
      vertex   4.615385e+00 3.225882e+01 2.396593e+01
    endloop
  endfacet
  facet normal 0.000000e+00 1.305262e-01 9.914449e-01
    outer loop
      vertex   1.023077e+01 3.225882e+01 2.396593e+01
      vertex   4.615385e+00 3.225882e+01 2.396593e+01
      vertex   -1.000000e+00 3.200000e+01 2.400000e+01
    endloop
  endfacet
  facet normal 0.000000e+00 6.087614e-01 7.933533e-01
    outer loop
      vertex   2.707692e+01 3.250000e+01 2.386603e+01
      vertex   2.146154e+01 3.270711e+01 2.370711e+01
      vertex   2.146154e+01 3.250000e+01 2.386603e+01
    endloop
  endfacet
  facet normal 0.000000e+00 6.087614e-01 7.933533e-01
    outer loop
      vertex   2.146154e+01 3.250000e+01 2.386603e+01
      vertex   2.146154e+01 3.270711e+01 2.370711e+01
      vertex   1.584615e+01 3.270711e+01 2.370711e+01
    endloop
  endfacet
  facet normal 0.000000e+00 6.087614e-01 7.933533e-01
    outer loop
      vertex   4.392308e+01 3.250000e+01 2.386603e+01
      vertex   4.392308e+01 3.270711e+01 2.370711e+01
      vertex   3.830769e+01 3.270711e+01 2.370711e+01
    endloop
  endfacet
  facet normal 0.000000e+00 6.087614e-01 7.933533e-01
    outer loop
      vertex   4.392308e+01 3.250000e+01 2.386603e+01
      vertex   3.830769e+01 3.270711e+01 2.370711e+01
      vertex   3.830769e+01 3.250000e+01 2.386603e+01
    endloop
  endfacet
  facet normal 0.000000e+00 6.087614e-01 7.933533e-01
    outer loop
      vertex   6.076923e+01 3.270711e+01 2.370711e+01
      vertex   5.515385e+01 3.270711e+01 2.370711e+01
      vertex   6.076923e+01 3.250000e+01 2.386603e+01
    endloop
  endfacet
  facet normal 0.000000e+00 6.087614e-01 7.933533e-01
    outer loop
      vertex   6.076923e+01 3.250000e+01 2.386603e+01
      vertex   5.515385e+01 3.270711e+01 2.370711e+01
      vertex   5.515385e+01 3.250000e+01 2.386603e+01
    endloop
  endfacet
  facet normal 0.000000e+00 3.826834e-01 9.238795e-01
    outer loop
      vertex   6.076923e+01 3.250000e+01 2.386603e+01
      vertex   5.515385e+01 3.250000e+01 2.386603e+01
      vertex   6.076923e+01 3.225882e+01 2.396593e+01
    endloop
  endfacet
  facet normal 0.000000e+00 6.087614e-01 7.933533e-01
    outer loop
      vertex   1.023077e+01 3.270711e+01 2.370711e+01
      vertex   1.023077e+01 3.250000e+01 2.386603e+01
      vertex   1.584615e+01 3.250000e+01 2.386603e+01
    endloop
  endfacet
  facet normal 0.000000e+00 3.826834e-01 9.238795e-01
    outer loop
      vertex   1.584615e+01 3.250000e+01 2.386603e+01
      vertex   1.023077e+01 3.250000e+01 2.386603e+01
      vertex   1.584615e+01 3.225882e+01 2.396593e+01
    endloop
  endfacet
  facet normal 0.000000e+00 3.826834e-01 9.238795e-01
    outer loop
      vertex   1.584615e+01 3.250000e+01 2.386603e+01
      vertex   1.584615e+01 3.225882e+01 2.396593e+01
      vertex   2.146154e+01 3.225882e+01 2.396593e+01
    endloop
  endfacet
  facet normal 0.000000e+00 1.305262e-01 9.914449e-01
    outer loop
      vertex   2.146154e+01 3.225882e+01 2.396593e+01
      vertex   1.584615e+01 3.225882e+01 2.396593e+01
      vertex   -1.000000e+00 3.200000e+01 2.400000e+01
    endloop
  endfacet
  facet normal 0.000000e+00 3.826834e-01 9.238795e-01
    outer loop
      vertex   1.584615e+01 3.225882e+01 2.396593e+01
      vertex   1.023077e+01 3.250000e+01 2.386603e+01
      vertex   1.023077e+01 3.225882e+01 2.396593e+01
    endloop
  endfacet
  facet normal 0.000000e+00 3.826834e-01 9.238795e-01
    outer loop
      vertex   3.269231e+01 3.225882e+01 2.396593e+01
      vertex   2.707692e+01 3.250000e+01 2.386603e+01
      vertex   2.707692e+01 3.225882e+01 2.396593e+01
    endloop
  endfacet
  facet normal 0.000000e+00 3.826834e-01 9.238795e-01
    outer loop
      vertex   2.707692e+01 3.225882e+01 2.396593e+01
      vertex   2.707692e+01 3.250000e+01 2.386603e+01
      vertex   2.146154e+01 3.250000e+01 2.386603e+01
    endloop
  endfacet
  facet normal 0.000000e+00 3.826834e-01 9.238795e-01
    outer loop
      vertex   4.392308e+01 3.225882e+01 2.396593e+01
      vertex   4.392308e+01 3.250000e+01 2.386603e+01
      vertex   3.830769e+01 3.250000e+01 2.386603e+01
    endloop
  endfacet
  facet normal 0.000000e+00 3.826834e-01 9.238795e-01
    outer loop
      vertex   4.392308e+01 3.225882e+01 2.396593e+01
      vertex   3.830769e+01 3.250000e+01 2.386603e+01
      vertex   3.830769e+01 3.225882e+01 2.396593e+01
    endloop
  endfacet
  facet normal 0.000000e+00 3.826834e-01 9.238795e-01
    outer loop
      vertex   5.515385e+01 3.225882e+01 2.396593e+01
      vertex   4.953846e+01 3.250000e+01 2.386603e+01
      vertex   4.953846e+01 3.225882e+01 2.396593e+01
    endloop
  endfacet
  facet normal 0.000000e+00 3.826834e-01 9.238795e-01
    outer loop
      vertex   6.638462e+01 3.225882e+01 2.396593e+01
      vertex   6.638462e+01 3.250000e+01 2.386603e+01
      vertex   6.076923e+01 3.250000e+01 2.386603e+01
    endloop
  endfacet
  facet normal -0.000000e+00 6.087614e-01 7.933533e-01
    outer loop
      vertex   6.076923e+01 3.250000e+01 2.386603e+01
      vertex   6.638462e+01 3.250000e+01 2.386603e+01
      vertex   6.076923e+01 3.270711e+01 2.370711e+01
    endloop
  endfacet
  facet normal 0.000000e+00 3.826834e-01 9.238795e-01
    outer loop
      vertex   6.638462e+01 3.225882e+01 2.396593e+01
      vertex   6.076923e+01 3.250000e+01 2.386603e+01
      vertex   6.076923e+01 3.225882e+01 2.396593e+01
    endloop
  endfacet
  facet normal 0.000000e+00 1.305262e-01 9.914449e-01
    outer loop
      vertex   -1.000000e+00 3.200000e+01 2.400000e+01
      vertex   1.584615e+01 3.225882e+01 2.396593e+01
      vertex   1.023077e+01 3.225882e+01 2.396593e+01
    endloop
  endfacet
  facet normal 0.000000e+00 1.305262e-01 9.914449e-01
    outer loop
      vertex   7.200000e+01 3.200000e+01 2.400000e+01
      vertex   5.515385e+01 3.225882e+01 2.396593e+01
      vertex   4.953846e+01 3.225882e+01 2.396593e+01
    endloop
  endfacet
  facet normal 9.914449e-01 0.000000e+00 1.305262e-01
    outer loop
      vertex   7.296593e+01 3.200000e+01 2.325882e+01
      vertex   7.296593e+01 2.650000e+01 2.325882e+01
      vertex   7.300000e+01 3.200000e+01 2.300000e+01
    endloop
  endfacet
  facet normal 9.914449e-01 0.000000e+00 1.305262e-01
    outer loop
      vertex   7.300000e+01 3.200000e+01 2.300000e+01
      vertex   7.296593e+01 2.650000e+01 2.325882e+01
      vertex   7.296593e+01 2.100000e+01 2.325882e+01
    endloop
  endfacet
  facet normal 9.914449e-01 0.000000e+00 1.305262e-01
    outer loop
      vertex   7.300000e+01 3.200000e+01 2.300000e+01
      vertex   7.296593e+01 2.100000e+01 2.325882e+01
      vertex   7.296593e+01 1.550000e+01 2.325882e+01
    endloop
  endfacet
  facet normal 9.238795e-01 -0.000000e+00 3.826834e-01
    outer loop
      vertex   7.296593e+01 1.550000e+01 2.325882e+01
      vertex   7.296593e+01 2.100000e+01 2.325882e+01
      vertex   7.286603e+01 1.550000e+01 2.350000e+01
    endloop
  endfacet
  facet normal 9.238795e-01 0.000000e+00 3.826834e-01
    outer loop
      vertex   7.296593e+01 1.550000e+01 2.325882e+01
      vertex   7.286603e+01 1.550000e+01 2.350000e+01
      vertex   7.286603e+01 1.000000e+01 2.350000e+01
    endloop
  endfacet
  facet normal 7.933533e-01 -0.000000e+00 6.087614e-01
    outer loop
      vertex   7.286603e+01 1.000000e+01 2.350000e+01
      vertex   7.286603e+01 1.550000e+01 2.350000e+01
      vertex   7.270711e+01 1.000000e+01 2.370711e+01
    endloop
  endfacet
  facet normal 7.933533e-01 0.000000e+00 6.087614e-01
    outer loop
      vertex   7.286603e+01 1.000000e+01 2.350000e+01
      vertex   7.270711e+01 1.000000e+01 2.370711e+01
      vertex   7.270711e+01 4.500000e+00 2.370711e+01
    endloop
  endfacet
  facet normal 6.087614e-01 -0.000000e+00 7.933533e-01
    outer loop
      vertex   7.270711e+01 4.500000e+00 2.370711e+01
      vertex   7.270711e+01 1.000000e+01 2.370711e+01
      vertex   7.250000e+01 4.500000e+00 2.386603e+01
    endloop
  endfacet
  facet normal 6.087614e-01 0.000000e+00 7.933533e-01
    outer loop
      vertex   7.270711e+01 4.500000e+00 2.370711e+01
      vertex   7.250000e+01 4.500000e+00 2.386603e+01
      vertex   7.250000e+01 -1.000000e+00 2.386603e+01
    endloop
  endfacet
  facet normal 3.826834e-01 -0.000000e+00 9.238795e-01
    outer loop
      vertex   7.250000e+01 -1.000000e+00 2.386603e+01
      vertex   7.250000e+01 4.500000e+00 2.386603e+01
      vertex   7.225882e+01 -1.000000e+00 2.396593e+01
    endloop
  endfacet
  facet normal 3.826834e-01 5.967781e-16 9.238795e-01
    outer loop
      vertex   7.225882e+01 -1.000000e+00 2.396593e+01
      vertex   7.250000e+01 4.500000e+00 2.386603e+01
      vertex   7.225882e+01 4.500000e+00 2.396593e+01
    endloop
  endfacet
  facet normal 1.305262e-01 6.404218e-16 9.914449e-01
    outer loop
      vertex   7.225882e+01 -1.000000e+00 2.396593e+01
      vertex   7.225882e+01 4.500000e+00 2.396593e+01
      vertex   7.200000e+01 -1.000000e+00 2.400000e+01
    endloop
  endfacet
  facet normal 1.305262e-01 0.000000e+00 9.914449e-01
    outer loop
      vertex   7.200000e+01 -1.000000e+00 2.400000e+01
      vertex   7.225882e+01 4.500000e+00 2.396593e+01
      vertex   7.225882e+01 1.000000e+01 2.396593e+01
    endloop
  endfacet
  facet normal 1.305262e-01 3.370886e-16 9.914449e-01
    outer loop
      vertex   7.200000e+01 -1.000000e+00 2.400000e+01
      vertex   7.225882e+01 1.000000e+01 2.396593e+01
      vertex   7.225882e+01 1.550000e+01 2.396593e+01
    endloop
  endfacet
  facet normal 3.826834e-01 9.887743e-16 9.238795e-01
    outer loop
      vertex   7.225882e+01 1.550000e+01 2.396593e+01
      vertex   7.225882e+01 1.000000e+01 2.396593e+01
      vertex   7.250000e+01 1.550000e+01 2.386603e+01
    endloop
  endfacet
  facet normal 3.826834e-01 0.000000e+00 9.238795e-01
    outer loop
      vertex   7.225882e+01 1.550000e+01 2.396593e+01
      vertex   7.250000e+01 1.550000e+01 2.386603e+01
      vertex   7.250000e+01 2.100000e+01 2.386603e+01
    endloop
  endfacet
  facet normal 6.087614e-01 0.000000e+00 7.933533e-01
    outer loop
      vertex   7.250000e+01 2.100000e+01 2.386603e+01
      vertex   7.250000e+01 1.550000e+01 2.386603e+01
      vertex   7.270711e+01 2.100000e+01 2.370711e+01
    endloop
  endfacet
  facet normal 6.087614e-01 0.000000e+00 7.933533e-01
    outer loop
      vertex   7.250000e+01 2.100000e+01 2.386603e+01
      vertex   7.270711e+01 2.100000e+01 2.370711e+01
      vertex   7.270711e+01 2.650000e+01 2.370711e+01
    endloop
  endfacet
  facet normal 7.933533e-01 0.000000e+00 6.087614e-01
    outer loop
      vertex   7.270711e+01 2.650000e+01 2.370711e+01
      vertex   7.270711e+01 2.100000e+01 2.370711e+01
      vertex   7.286603e+01 2.650000e+01 2.350000e+01
    endloop
  endfacet
  facet normal 7.933533e-01 7.877483e-16 6.087614e-01
    outer loop
      vertex   7.270711e+01 2.650000e+01 2.370711e+01
      vertex   7.286603e+01 2.650000e+01 2.350000e+01
      vertex   7.286603e+01 3.200000e+01 2.350000e+01
    endloop
  endfacet
  facet normal 9.238795e-01 4.943872e-16 3.826834e-01
    outer loop
      vertex   7.286603e+01 3.200000e+01 2.350000e+01
      vertex   7.286603e+01 2.650000e+01 2.350000e+01
      vertex   7.296593e+01 3.200000e+01 2.325882e+01
    endloop
  endfacet
  facet normal 9.238795e-01 0.000000e+00 3.826834e-01
    outer loop
      vertex   7.296593e+01 3.200000e+01 2.325882e+01
      vertex   7.286603e+01 2.650000e+01 2.350000e+01
      vertex   7.296593e+01 2.650000e+01 2.325882e+01
    endloop
  endfacet
  facet normal 7.933533e-01 0.000000e+00 6.087614e-01
    outer loop
      vertex   7.286603e+01 3.200000e+01 2.350000e+01
      vertex   7.270711e+01 3.200000e+01 2.370711e+01
      vertex   7.270711e+01 2.650000e+01 2.370711e+01
    endloop
  endfacet
  facet normal 6.087614e-01 -0.000000e+00 7.933533e-01
    outer loop
      vertex   7.270711e+01 2.650000e+01 2.370711e+01
      vertex   7.270711e+01 3.200000e+01 2.370711e+01
      vertex   7.250000e+01 2.650000e+01 2.386603e+01
    endloop
  endfacet
  facet normal 6.087614e-01 0.000000e+00 7.933533e-01
    outer loop
      vertex   7.270711e+01 2.650000e+01 2.370711e+01
      vertex   7.250000e+01 2.650000e+01 2.386603e+01
      vertex   7.250000e+01 2.100000e+01 2.386603e+01
    endloop
  endfacet
  facet normal 3.826834e-01 -0.000000e+00 9.238795e-01
    outer loop
      vertex   7.250000e+01 2.100000e+01 2.386603e+01
      vertex   7.250000e+01 2.650000e+01 2.386603e+01
      vertex   7.225882e+01 2.100000e+01 2.396593e+01
    endloop
  endfacet
  facet normal 3.826834e-01 0.000000e+00 9.238795e-01
    outer loop
      vertex   7.250000e+01 2.100000e+01 2.386603e+01
      vertex   7.225882e+01 2.100000e+01 2.396593e+01
      vertex   7.225882e+01 1.550000e+01 2.396593e+01
    endloop
  endfacet
  facet normal 1.305262e-01 -0.000000e+00 9.914449e-01
    outer loop
      vertex   7.225882e+01 1.550000e+01 2.396593e+01
      vertex   7.225882e+01 2.100000e+01 2.396593e+01
      vertex   7.200000e+01 3.200000e+01 2.400000e+01
    endloop
  endfacet
  facet normal 1.305262e-01 0.000000e+00 9.914449e-01
    outer loop
      vertex   7.225882e+01 1.550000e+01 2.396593e+01
      vertex   7.200000e+01 3.200000e+01 2.400000e+01
      vertex   7.200000e+01 -1.000000e+00 2.400000e+01
    endloop
  endfacet
  facet normal 6.087614e-01 5.171109e-16 7.933533e-01
    outer loop
      vertex   7.270711e+01 3.200000e+01 2.370711e+01
      vertex   7.250000e+01 3.200000e+01 2.386603e+01
      vertex   7.250000e+01 2.650000e+01 2.386603e+01
    endloop
  endfacet
  facet normal 3.826834e-01 5.967781e-16 9.238795e-01
    outer loop
      vertex   7.250000e+01 2.650000e+01 2.386603e+01
      vertex   7.250000e+01 3.200000e+01 2.386603e+01
      vertex   7.225882e+01 2.650000e+01 2.396593e+01
    endloop
  endfacet
  facet normal 3.826834e-01 0.000000e+00 9.238795e-01
    outer loop
      vertex   7.250000e+01 2.650000e+01 2.386603e+01
      vertex   7.225882e+01 2.650000e+01 2.396593e+01
      vertex   7.225882e+01 2.100000e+01 2.396593e+01
    endloop
  endfacet
  facet normal 1.305262e-01 -0.000000e+00 9.914449e-01
    outer loop
      vertex   7.225882e+01 2.100000e+01 2.396593e+01
      vertex   7.225882e+01 2.650000e+01 2.396593e+01
      vertex   7.200000e+01 3.200000e+01 2.400000e+01
    endloop
  endfacet
  facet normal 3.826834e-01 0.000000e+00 9.238795e-01
    outer loop
      vertex   7.250000e+01 3.200000e+01 2.386603e+01
      vertex   7.225882e+01 3.200000e+01 2.396593e+01
      vertex   7.225882e+01 2.650000e+01 2.396593e+01
    endloop
  endfacet
  facet normal 1.305262e-01 -0.000000e+00 9.914449e-01
    outer loop
      vertex   7.225882e+01 2.650000e+01 2.396593e+01
      vertex   7.225882e+01 3.200000e+01 2.396593e+01
      vertex   7.200000e+01 3.200000e+01 2.400000e+01
    endloop
  endfacet
  facet normal 6.087614e-01 0.000000e+00 7.933533e-01
    outer loop
      vertex   7.250000e+01 -1.000000e+00 2.386603e+01
      vertex   7.270711e+01 -1.000000e+00 2.370711e+01
      vertex   7.270711e+01 4.500000e+00 2.370711e+01
    endloop
  endfacet
  facet normal 7.933533e-01 0.000000e+00 6.087614e-01
    outer loop
      vertex   7.270711e+01 4.500000e+00 2.370711e+01
      vertex   7.270711e+01 -1.000000e+00 2.370711e+01
      vertex   7.286603e+01 4.500000e+00 2.350000e+01
    endloop
  endfacet
  facet normal 7.933533e-01 0.000000e+00 6.087614e-01
    outer loop
      vertex   7.270711e+01 4.500000e+00 2.370711e+01
      vertex   7.286603e+01 4.500000e+00 2.350000e+01
      vertex   7.286603e+01 1.000000e+01 2.350000e+01
    endloop
  endfacet
  facet normal 9.238795e-01 0.000000e+00 3.826834e-01
    outer loop
      vertex   7.286603e+01 1.000000e+01 2.350000e+01
      vertex   7.286603e+01 4.500000e+00 2.350000e+01
      vertex   7.296593e+01 1.000000e+01 2.325882e+01
    endloop
  endfacet
  facet normal 9.238795e-01 0.000000e+00 3.826834e-01
    outer loop
      vertex   7.286603e+01 1.000000e+01 2.350000e+01
      vertex   7.296593e+01 1.000000e+01 2.325882e+01
      vertex   7.296593e+01 1.550000e+01 2.325882e+01
    endloop
  endfacet
  facet normal 9.914449e-01 0.000000e+00 1.305262e-01
    outer loop
      vertex   7.296593e+01 1.550000e+01 2.325882e+01
      vertex   7.296593e+01 1.000000e+01 2.325882e+01
      vertex   7.300000e+01 -1.000000e+00 2.300000e+01
    endloop
  endfacet
  facet normal 9.914449e-01 0.000000e+00 1.305262e-01
    outer loop
      vertex   7.296593e+01 1.550000e+01 2.325882e+01
      vertex   7.300000e+01 -1.000000e+00 2.300000e+01
      vertex   7.300000e+01 3.200000e+01 2.300000e+01
    endloop
  endfacet
  facet normal 7.933533e-01 7.877483e-16 6.087614e-01
    outer loop
      vertex   7.270711e+01 -1.000000e+00 2.370711e+01
      vertex   7.286603e+01 -1.000000e+00 2.350000e+01
      vertex   7.286603e+01 4.500000e+00 2.350000e+01
    endloop
  endfacet
  facet normal 9.238795e-01 4.943872e-16 3.826834e-01
    outer loop
      vertex   7.286603e+01 4.500000e+00 2.350000e+01
      vertex   7.286603e+01 -1.000000e+00 2.350000e+01
      vertex   7.296593e+01 4.500000e+00 2.325882e+01
    endloop
  endfacet
  facet normal 9.238795e-01 0.000000e+00 3.826834e-01
    outer loop
      vertex   7.286603e+01 4.500000e+00 2.350000e+01
      vertex   7.296593e+01 4.500000e+00 2.325882e+01
      vertex   7.296593e+01 1.000000e+01 2.325882e+01
    endloop
  endfacet
  facet normal 9.914449e-01 0.000000e+00 1.305262e-01
    outer loop
      vertex   7.296593e+01 1.000000e+01 2.325882e+01
      vertex   7.296593e+01 4.500000e+00 2.325882e+01
      vertex   7.300000e+01 -1.000000e+00 2.300000e+01
    endloop
  endfacet
  facet normal 9.238795e-01 0.000000e+00 3.826834e-01
    outer loop
      vertex   7.286603e+01 -1.000000e+00 2.350000e+01
      vertex   7.296593e+01 -1.000000e+00 2.325882e+01
      vertex   7.296593e+01 4.500000e+00 2.325882e+01
    endloop
  endfacet
  facet normal 9.914449e-01 0.000000e+00 1.305262e-01
    outer loop
      vertex   7.296593e+01 4.500000e+00 2.325882e+01
      vertex   7.296593e+01 -1.000000e+00 2.325882e+01
      vertex   7.300000e+01 -1.000000e+00 2.300000e+01
    endloop
  endfacet
  facet normal 9.238795e-01 -0.000000e+00 3.826834e-01
    outer loop
      vertex   7.296593e+01 2.100000e+01 2.325882e+01
      vertex   7.296593e+01 2.650000e+01 2.325882e+01
      vertex   7.286603e+01 2.100000e+01 2.350000e+01
    endloop
  endfacet
  facet normal 9.238795e-01 2.387112e-15 3.826834e-01
    outer loop
      vertex   7.286603e+01 2.100000e+01 2.350000e+01
      vertex   7.296593e+01 2.650000e+01 2.325882e+01
      vertex   7.286603e+01 2.650000e+01 2.350000e+01
    endloop
  endfacet
  facet normal 7.933533e-01 2.049860e-15 6.087614e-01
    outer loop
      vertex   7.286603e+01 2.100000e+01 2.350000e+01
      vertex   7.286603e+01 2.650000e+01 2.350000e+01
      vertex   7.270711e+01 2.100000e+01 2.370711e+01
    endloop
  endfacet
  facet normal 9.238795e-01 -4.953632e-16 3.826834e-01
    outer loop
      vertex   7.296593e+01 2.100000e+01 2.325882e+01
      vertex   7.286603e+01 2.100000e+01 2.350000e+01
      vertex   7.286603e+01 1.550000e+01 2.350000e+01
    endloop
  endfacet
  facet normal 7.933533e-01 -7.864564e-16 6.087614e-01
    outer loop
      vertex   7.286603e+01 1.550000e+01 2.350000e+01
      vertex   7.286603e+01 2.100000e+01 2.350000e+01
      vertex   7.270711e+01 1.550000e+01 2.370711e+01
    endloop
  endfacet
  facet normal 7.933533e-01 0.000000e+00 6.087614e-01
    outer loop
      vertex   7.286603e+01 1.550000e+01 2.350000e+01
      vertex   7.270711e+01 1.550000e+01 2.370711e+01
      vertex   7.270711e+01 1.000000e+01 2.370711e+01
    endloop
  endfacet
  facet normal 6.087614e-01 -0.000000e+00 7.933533e-01
    outer loop
      vertex   7.270711e+01 1.000000e+01 2.370711e+01
      vertex   7.270711e+01 1.550000e+01 2.370711e+01
      vertex   7.250000e+01 1.000000e+01 2.386603e+01
    endloop
  endfacet
  facet normal 6.087614e-01 0.000000e+00 7.933533e-01
    outer loop
      vertex   7.270711e+01 1.000000e+01 2.370711e+01
      vertex   7.250000e+01 1.000000e+01 2.386603e+01
      vertex   7.250000e+01 4.500000e+00 2.386603e+01
    endloop
  endfacet
  facet normal 3.826834e-01 -0.000000e+00 9.238795e-01
    outer loop
      vertex   7.250000e+01 4.500000e+00 2.386603e+01
      vertex   7.250000e+01 1.000000e+01 2.386603e+01
      vertex   7.225882e+01 4.500000e+00 2.396593e+01
    endloop
  endfacet
  facet normal 7.933533e-01 -0.000000e+00 6.087614e-01
    outer loop
      vertex   7.270711e+01 1.550000e+01 2.370711e+01
      vertex   7.286603e+01 2.100000e+01 2.350000e+01
      vertex   7.270711e+01 2.100000e+01 2.370711e+01
    endloop
  endfacet
  facet normal 6.087614e-01 -0.000000e+00 7.933533e-01
    outer loop
      vertex   7.250000e+01 1.000000e+01 2.386603e+01
      vertex   7.270711e+01 1.550000e+01 2.370711e+01
      vertex   7.250000e+01 1.550000e+01 2.386603e+01
    endloop
  endfacet
  facet normal 6.087614e-01 0.000000e+00 7.933533e-01
    outer loop
      vertex   7.250000e+01 1.550000e+01 2.386603e+01
      vertex   7.270711e+01 1.550000e+01 2.370711e+01
      vertex   7.270711e+01 2.100000e+01 2.370711e+01
    endloop
  endfacet
  facet normal 3.826834e-01 -0.000000e+00 9.238795e-01
    outer loop
      vertex   7.225882e+01 4.500000e+00 2.396593e+01
      vertex   7.250000e+01 1.000000e+01 2.386603e+01
      vertex   7.225882e+01 1.000000e+01 2.396593e+01
    endloop
  endfacet
  facet normal 3.826834e-01 0.000000e+00 9.238795e-01
    outer loop
      vertex   7.225882e+01 1.000000e+01 2.396593e+01
      vertex   7.250000e+01 1.000000e+01 2.386603e+01
      vertex   7.250000e+01 1.550000e+01 2.386603e+01
    endloop
  endfacet
  facet normal -0.000000e+00 -1.000000e+00 -0.000000e+00
    outer loop
      vertex   7.200000e+01 -2.000000e+00 2.300000e+01
      vertex   -1.000000e+00 -2.000000e+00 2.300000e+01
      vertex   7.200000e+01 -2.000000e+00 0.000000e+00
    endloop
  endfacet
  facet normal 0.000000e+00 -1.000000e+00 0.000000e+00
    outer loop
      vertex   7.200000e+01 -2.000000e+00 0.000000e+00
      vertex   -1.000000e+00 -2.000000e+00 2.300000e+01
      vertex   -1.000000e+00 -2.000000e+00 0.000000e+00
    endloop
  endfacet
  facet normal -0.000000e+00 0.000000e+00 -1.000000e+00
    outer loop
      vertex   7.296593e+01 -1.258819e+00 0.000000e+00
      vertex   7.200000e+01 -2.000000e+00 0.000000e+00
      vertex   7.300000e+01 -1.000000e+00 0.000000e+00
    endloop
  endfacet
  facet normal 0.000000e+00 0.000000e+00 -1.000000e+00
    outer loop
      vertex   7.300000e+01 -1.000000e+00 0.000000e+00
      vertex   7.200000e+01 -2.000000e+00 0.000000e+00
      vertex   -1.000000e+00 -2.000000e+00 0.000000e+00
    endloop
  endfacet
  facet normal -0.000000e+00 0.000000e+00 -1.000000e+00
    outer loop
      vertex   7.300000e+01 -1.000000e+00 0.000000e+00
      vertex   -1.000000e+00 -2.000000e+00 0.000000e+00
      vertex   -2.000000e+00 -1.000000e+00 0.000000e+00
    endloop
  endfacet
  facet normal 0.000000e+00 0.000000e+00 -1.000000e+00
    outer loop
      vertex   -2.000000e+00 -1.000000e+00 0.000000e+00
      vertex   -1.000000e+00 -2.000000e+00 0.000000e+00
      vertex   -1.965926e+00 -1.258819e+00 0.000000e+00
    endloop
  endfacet
  facet normal 0.000000e+00 0.000000e+00 -1.000000e+00
    outer loop
      vertex   -1.965926e+00 -1.258819e+00 0.000000e+00
      vertex   -1.000000e+00 -2.000000e+00 0.000000e+00
      vertex   -1.866025e+00 -1.500000e+00 0.000000e+00
    endloop
  endfacet
  facet normal 0.000000e+00 0.000000e+00 -1.000000e+00
    outer loop
      vertex   -1.866025e+00 -1.500000e+00 0.000000e+00
      vertex   -1.000000e+00 -2.000000e+00 0.000000e+00
      vertex   -1.707107e+00 -1.707107e+00 0.000000e+00
    endloop
  endfacet
  facet normal 0.000000e+00 0.000000e+00 -1.000000e+00
    outer loop
      vertex   -1.707107e+00 -1.707107e+00 0.000000e+00
      vertex   -1.000000e+00 -2.000000e+00 0.000000e+00
      vertex   -1.500000e+00 -1.866025e+00 0.000000e+00
    endloop
  endfacet
  facet normal 0.000000e+00 0.000000e+00 -1.000000e+00
    outer loop
      vertex   -1.500000e+00 -1.866025e+00 0.000000e+00
      vertex   -1.000000e+00 -2.000000e+00 0.000000e+00
      vertex   -1.258819e+00 -1.965926e+00 0.000000e+00
    endloop
  endfacet
  facet normal 0.000000e+00 0.000000e+00 -1.000000e+00
    outer loop
      vertex   7.296593e+01 -1.258819e+00 0.000000e+00
      vertex   7.286603e+01 -1.500000e+00 0.000000e+00
      vertex   7.200000e+01 -2.000000e+00 0.000000e+00
    endloop
  endfacet
  facet normal 0.000000e+00 0.000000e+00 -1.000000e+00
    outer loop
      vertex   7.200000e+01 -2.000000e+00 0.000000e+00
      vertex   7.286603e+01 -1.500000e+00 0.000000e+00
      vertex   7.270711e+01 -1.707107e+00 0.000000e+00
    endloop
  endfacet
  facet normal 0.000000e+00 0.000000e+00 -1.000000e+00
    outer loop
      vertex   7.200000e+01 -2.000000e+00 0.000000e+00
      vertex   7.270711e+01 -1.707107e+00 0.000000e+00
      vertex   7.250000e+01 -1.866025e+00 0.000000e+00
    endloop
  endfacet
  facet normal 0.000000e+00 0.000000e+00 -1.000000e+00
    outer loop
      vertex   7.250000e+01 -1.866025e+00 0.000000e+00
      vertex   7.225882e+01 -1.965926e+00 0.000000e+00
      vertex   7.200000e+01 -2.000000e+00 0.000000e+00
    endloop
  endfacet
  facet normal 0.000000e+00 0.000000e+00 -1.000000e+00
    outer loop
      vertex   7.300000e+01 -1.000000e+00 0.000000e+00
      vertex   -2.000000e+00 -1.000000e+00 0.000000e+00
      vertex   7.300000e+01 3.200000e+01 0.000000e+00
    endloop
  endfacet
  facet normal -0.000000e+00 0.000000e+00 -1.000000e+00
    outer loop
      vertex   7.300000e+01 3.200000e+01 0.000000e+00
      vertex   -2.000000e+00 -1.000000e+00 0.000000e+00
      vertex   -2.000000e+00 3.200000e+01 0.000000e+00
    endloop
  endfacet
  facet normal 0.000000e+00 0.000000e+00 -1.000000e+00
    outer loop
      vertex   7.300000e+01 3.200000e+01 0.000000e+00
      vertex   -2.000000e+00 3.200000e+01 0.000000e+00
      vertex   7.200000e+01 3.300000e+01 0.000000e+00
    endloop
  endfacet
  facet normal -0.000000e+00 0.000000e+00 -1.000000e+00
    outer loop
      vertex   7.200000e+01 3.300000e+01 0.000000e+00
      vertex   -2.000000e+00 3.200000e+01 0.000000e+00
      vertex   -1.000000e+00 3.300000e+01 0.000000e+00
    endloop
  endfacet
  facet normal 0.000000e+00 0.000000e+00 -1.000000e+00
    outer loop
      vertex   -1.000000e+00 3.300000e+01 0.000000e+00
      vertex   -2.000000e+00 3.200000e+01 0.000000e+00
      vertex   -1.965926e+00 3.225882e+01 0.000000e+00
    endloop
  endfacet
  facet normal 0.000000e+00 0.000000e+00 -1.000000e+00
    outer loop
      vertex   -1.000000e+00 3.300000e+01 0.000000e+00
      vertex   -1.965926e+00 3.225882e+01 0.000000e+00
      vertex   -1.866025e+00 3.250000e+01 0.000000e+00
    endloop
  endfacet
  facet normal 0.000000e+00 0.000000e+00 -1.000000e+00
    outer loop
      vertex   -1.866025e+00 3.250000e+01 0.000000e+00
      vertex   -1.707107e+00 3.270711e+01 0.000000e+00
      vertex   -1.000000e+00 3.300000e+01 0.000000e+00
    endloop
  endfacet
  facet normal 0.000000e+00 0.000000e+00 -1.000000e+00
    outer loop
      vertex   -1.000000e+00 3.300000e+01 0.000000e+00
      vertex   -1.707107e+00 3.270711e+01 0.000000e+00
      vertex   -1.500000e+00 3.286603e+01 0.000000e+00
    endloop
  endfacet
  facet normal 0.000000e+00 0.000000e+00 -1.000000e+00
    outer loop
      vertex   -1.000000e+00 3.300000e+01 0.000000e+00
      vertex   -1.500000e+00 3.286603e+01 0.000000e+00
      vertex   -1.258819e+00 3.296593e+01 0.000000e+00
    endloop
  endfacet
  facet normal -0.000000e+00 -0.000000e+00 -1.000000e+00
    outer loop
      vertex   7.225882e+01 3.296593e+01 0.000000e+00
      vertex   7.250000e+01 3.286603e+01 0.000000e+00
      vertex   7.200000e+01 3.300000e+01 0.000000e+00
    endloop
  endfacet
  facet normal 0.000000e+00 0.000000e+00 -1.000000e+00
    outer loop
      vertex   7.200000e+01 3.300000e+01 0.000000e+00
      vertex   7.250000e+01 3.286603e+01 0.000000e+00
      vertex   7.270711e+01 3.270711e+01 0.000000e+00
    endloop
  endfacet
  facet normal 0.000000e+00 0.000000e+00 -1.000000e+00
    outer loop
      vertex   7.200000e+01 3.300000e+01 0.000000e+00
      vertex   7.270711e+01 3.270711e+01 0.000000e+00
      vertex   7.286603e+01 3.250000e+01 0.000000e+00
    endloop
  endfacet
  facet normal -0.000000e+00 -0.000000e+00 -1.000000e+00
    outer loop
      vertex   7.286603e+01 3.250000e+01 0.000000e+00
      vertex   7.296593e+01 3.225882e+01 0.000000e+00
      vertex   7.200000e+01 3.300000e+01 0.000000e+00
    endloop
  endfacet
  facet normal 0.000000e+00 0.000000e+00 -1.000000e+00
    outer loop
      vertex   7.200000e+01 3.300000e+01 0.000000e+00
      vertex   7.296593e+01 3.225882e+01 0.000000e+00
      vertex   7.300000e+01 3.200000e+01 0.000000e+00
    endloop
  endfacet
  facet normal -1.000000e+00 0.000000e+00 0.000000e+00
    outer loop
      vertex   -2.000000e+00 -1.000000e+00 2.300000e+01
      vertex   -2.000000e+00 8.698062e+00 1.613223e+01
      vertex   -2.000000e+00 -1.000000e+00 0.000000e+00
    endloop
  endfacet
  facet normal -1.000000e+00 0.000000e+00 0.000000e+00
    outer loop
      vertex   -2.000000e+00 -1.000000e+00 0.000000e+00
      vertex   -2.000000e+00 8.698062e+00 1.613223e+01
      vertex   -2.000000e+00 8.936337e+00 1.575302e+01
    endloop
  endfacet
  facet normal -1.000000e+00 0.000000e+00 0.000000e+00
    outer loop
      vertex   -2.000000e+00 -1.000000e+00 0.000000e+00
      vertex   -2.000000e+00 8.936337e+00 1.575302e+01
      vertex   -2.000000e+00 9.253020e+00 1.543634e+01
    endloop
  endfacet
  facet normal -1.000000e+00 -0.000000e+00 0.000000e+00
    outer loop
      vertex   -2.000000e+00 1.050000e+01 2.300000e+01
      vertex   -2.000000e+00 1.005496e+01 2.294986e+01
      vertex   -2.000000e+00 -1.000000e+00 2.300000e+01
    endloop
  endfacet
  facet normal -1.000000e+00 0.000000e+00 0.000000e+00
    outer loop
      vertex   -2.000000e+00 -1.000000e+00 2.300000e+01
      vertex   -2.000000e+00 1.005496e+01 2.294986e+01
      vertex   -2.000000e+00 9.632232e+00 2.280194e+01
    endloop
  endfacet
  facet normal -1.000000e+00 0.000000e+00 0.000000e+00
    outer loop
      vertex   -2.000000e+00 -1.000000e+00 2.300000e+01
      vertex   -2.000000e+00 9.632232e+00 2.280194e+01
      vertex   -2.000000e+00 9.253020e+00 2.256366e+01
    endloop
  endfacet
  facet normal -1.000000e+00 -0.000000e+00 0.000000e+00
    outer loop
      vertex   -2.000000e+00 9.253020e+00 2.256366e+01
      vertex   -2.000000e+00 8.936337e+00 2.224698e+01
      vertex   -2.000000e+00 -1.000000e+00 2.300000e+01
    endloop
  endfacet
  facet normal -1.000000e+00 0.000000e+00 0.000000e+00
    outer loop
      vertex   -2.000000e+00 -1.000000e+00 2.300000e+01
      vertex   -2.000000e+00 8.936337e+00 2.224698e+01
      vertex   -2.000000e+00 8.698062e+00 2.186777e+01
    endloop
  endfacet
  facet normal -1.000000e+00 0.000000e+00 0.000000e+00
    outer loop
      vertex   -2.000000e+00 -1.000000e+00 2.300000e+01
      vertex   -2.000000e+00 8.698062e+00 2.186777e+01
      vertex   -2.000000e+00 8.550144e+00 2.144504e+01
    endloop
  endfacet
  facet normal -1.000000e+00 -0.000000e+00 0.000000e+00
    outer loop
      vertex   -2.000000e+00 8.550144e+00 2.144504e+01
      vertex   -2.000000e+00 8.500000e+00 2.100000e+01
      vertex   -2.000000e+00 -1.000000e+00 2.300000e+01
    endloop
  endfacet
  facet normal -1.000000e+00 0.000000e+00 0.000000e+00
    outer loop
      vertex   -2.000000e+00 -1.000000e+00 2.300000e+01
      vertex   -2.000000e+00 8.500000e+00 2.100000e+01
      vertex   -2.000000e+00 8.500000e+00 1.700000e+01
    endloop
  endfacet
  facet normal -1.000000e+00 0.000000e+00 0.000000e+00
    outer loop
      vertex   -2.000000e+00 -1.000000e+00 2.300000e+01
      vertex   -2.000000e+00 8.500000e+00 1.700000e+01
      vertex   -2.000000e+00 8.550144e+00 1.655496e+01
    endloop
  endfacet
  facet normal -1.000000e+00 -0.000000e+00 -0.000000e+00
    outer loop
      vertex   -2.000000e+00 8.550144e+00 1.655496e+01
      vertex   -2.000000e+00 8.698062e+00 1.613223e+01
      vertex   -2.000000e+00 -1.000000e+00 2.300000e+01
    endloop
  endfacet
  facet normal -1.000000e+00 0.000000e+00 -0.000000e+00
    outer loop
      vertex   -2.000000e+00 9.253020e+00 1.543634e+01
      vertex   -2.000000e+00 9.632232e+00 1.519806e+01
      vertex   -2.000000e+00 -1.000000e+00 0.000000e+00
    endloop
  endfacet
  facet normal -1.000000e+00 0.000000e+00 0.000000e+00
    outer loop
      vertex   -2.000000e+00 -1.000000e+00 0.000000e+00
      vertex   -2.000000e+00 9.632232e+00 1.519806e+01
      vertex   -2.000000e+00 1.005496e+01 1.505014e+01
    endloop
  endfacet
  facet normal -1.000000e+00 0.000000e+00 0.000000e+00
    outer loop
      vertex   -2.000000e+00 -1.000000e+00 0.000000e+00
      vertex   -2.000000e+00 1.005496e+01 1.505014e+01
      vertex   -2.000000e+00 1.050000e+01 1.500000e+01
    endloop
  endfacet
  facet normal -1.000000e+00 0.000000e+00 -0.000000e+00
    outer loop
      vertex   -2.000000e+00 1.050000e+01 1.500000e+01
      vertex   -2.000000e+00 2.050000e+01 1.500000e+01
      vertex   -2.000000e+00 -1.000000e+00 0.000000e+00
    endloop
  endfacet
  facet normal -1.000000e+00 0.000000e+00 0.000000e+00
    outer loop
      vertex   -2.000000e+00 -1.000000e+00 0.000000e+00
      vertex   -2.000000e+00 2.050000e+01 1.500000e+01
      vertex   -2.000000e+00 3.200000e+01 0.000000e+00
    endloop
  endfacet
  facet normal -1.000000e+00 0.000000e+00 0.000000e+00
    outer loop
      vertex   -2.000000e+00 3.200000e+01 0.000000e+00
      vertex   -2.000000e+00 2.050000e+01 1.500000e+01
      vertex   -2.000000e+00 2.094504e+01 1.505014e+01
    endloop
  endfacet
  facet normal -1.000000e+00 0.000000e+00 0.000000e+00
    outer loop
      vertex   -2.000000e+00 3.200000e+01 0.000000e+00
      vertex   -2.000000e+00 2.094504e+01 1.505014e+01
      vertex   -2.000000e+00 2.136777e+01 1.519806e+01
    endloop
  endfacet
  facet normal -1.000000e+00 0.000000e+00 0.000000e+00
    outer loop
      vertex   -2.000000e+00 2.136777e+01 1.519806e+01
      vertex   -2.000000e+00 2.174698e+01 1.543634e+01
      vertex   -2.000000e+00 3.200000e+01 0.000000e+00
    endloop
  endfacet
  facet normal -1.000000e+00 0.000000e+00 0.000000e+00
    outer loop
      vertex   -2.000000e+00 3.200000e+01 0.000000e+00
      vertex   -2.000000e+00 2.174698e+01 1.543634e+01
      vertex   -2.000000e+00 2.206366e+01 1.575302e+01
    endloop
  endfacet
  facet normal -1.000000e+00 0.000000e+00 0.000000e+00
    outer loop
      vertex   -2.000000e+00 3.200000e+01 0.000000e+00
      vertex   -2.000000e+00 2.206366e+01 1.575302e+01
      vertex   -2.000000e+00 2.230194e+01 1.613223e+01
    endloop
  endfacet
  facet normal -1.000000e+00 0.000000e+00 0.000000e+00
    outer loop
      vertex   -2.000000e+00 3.200000e+01 0.000000e+00
      vertex   -2.000000e+00 2.230194e+01 1.613223e+01
      vertex   -2.000000e+00 3.200000e+01 2.300000e+01
    endloop
  endfacet
  facet normal -1.000000e+00 0.000000e+00 0.000000e+00
    outer loop
      vertex   -2.000000e+00 3.200000e+01 2.300000e+01
      vertex   -2.000000e+00 2.230194e+01 1.613223e+01
      vertex   -2.000000e+00 2.244986e+01 1.655496e+01
    endloop
  endfacet
  facet normal -1.000000e+00 0.000000e+00 0.000000e+00
    outer loop
      vertex   -2.000000e+00 3.200000e+01 2.300000e+01
      vertex   -2.000000e+00 2.244986e+01 1.655496e+01
      vertex   -2.000000e+00 2.250000e+01 1.700000e+01
    endloop
  endfacet
  facet normal -1.000000e+00 0.000000e+00 0.000000e+00
    outer loop
      vertex   -2.000000e+00 2.250000e+01 1.700000e+01
      vertex   -2.000000e+00 2.250000e+01 2.100000e+01
      vertex   -2.000000e+00 3.200000e+01 2.300000e+01
    endloop
  endfacet
  facet normal -1.000000e+00 0.000000e+00 0.000000e+00
    outer loop
      vertex   -2.000000e+00 3.200000e+01 2.300000e+01
      vertex   -2.000000e+00 2.250000e+01 2.100000e+01
      vertex   -2.000000e+00 2.244986e+01 2.144504e+01
    endloop
  endfacet
  facet normal -1.000000e+00 0.000000e+00 0.000000e+00
    outer loop
      vertex   -2.000000e+00 3.200000e+01 2.300000e+01
      vertex   -2.000000e+00 2.244986e+01 2.144504e+01
      vertex   -2.000000e+00 2.230194e+01 2.186777e+01
    endloop
  endfacet
  facet normal -1.000000e+00 0.000000e+00 0.000000e+00
    outer loop
      vertex   -2.000000e+00 2.230194e+01 2.186777e+01
      vertex   -2.000000e+00 2.206366e+01 2.224698e+01
      vertex   -2.000000e+00 3.200000e+01 2.300000e+01
    endloop
  endfacet
  facet normal -1.000000e+00 0.000000e+00 0.000000e+00
    outer loop
      vertex   -2.000000e+00 3.200000e+01 2.300000e+01
      vertex   -2.000000e+00 2.206366e+01 2.224698e+01
      vertex   -2.000000e+00 2.174698e+01 2.256366e+01
    endloop
  endfacet
  facet normal -1.000000e+00 0.000000e+00 0.000000e+00
    outer loop
      vertex   -2.000000e+00 3.200000e+01 2.300000e+01
      vertex   -2.000000e+00 2.174698e+01 2.256366e+01
      vertex   -2.000000e+00 2.136777e+01 2.280194e+01
    endloop
  endfacet
  facet normal -1.000000e+00 0.000000e+00 0.000000e+00
    outer loop
      vertex   -2.000000e+00 2.136777e+01 2.280194e+01
      vertex   -2.000000e+00 2.094504e+01 2.294986e+01
      vertex   -2.000000e+00 3.200000e+01 2.300000e+01
    endloop
  endfacet
  facet normal -1.000000e+00 -0.000000e+00 0.000000e+00
    outer loop
      vertex   -2.000000e+00 3.200000e+01 2.300000e+01
      vertex   -2.000000e+00 2.094504e+01 2.294986e+01
      vertex   -2.000000e+00 2.050000e+01 2.300000e+01
    endloop
  endfacet
  facet normal 0.000000e+00 -0.000000e+00 1.000000e+00
    outer loop
      vertex   1.500000e+01 1.200000e+01 2.400000e+01
      vertex   1.500000e+01 2.300000e+01 2.400000e+01
      vertex   -1.000000e+00 3.200000e+01 2.400000e+01
    endloop
  endfacet
  facet normal 0.000000e+00 0.000000e+00 1.000000e+00
    outer loop
      vertex   -1.000000e+00 3.200000e+01 2.400000e+01
      vertex   1.500000e+01 2.300000e+01 2.400000e+01
      vertex   1.505014e+01 2.344504e+01 2.400000e+01
    endloop
  endfacet
  facet normal 0.000000e+00 0.000000e+00 1.000000e+00
    outer loop
      vertex   -1.000000e+00 3.200000e+01 2.400000e+01
      vertex   1.505014e+01 2.344504e+01 2.400000e+01
      vertex   1.519806e+01 2.386777e+01 2.400000e+01
    endloop
  endfacet
  facet normal 0.000000e+00 -0.000000e+00 1.000000e+00
    outer loop
      vertex   1.519806e+01 2.386777e+01 2.400000e+01
      vertex   1.543634e+01 2.424698e+01 2.400000e+01
      vertex   -1.000000e+00 3.200000e+01 2.400000e+01
    endloop
  endfacet
  facet normal 0.000000e+00 0.000000e+00 1.000000e+00
    outer loop
      vertex   -1.000000e+00 3.200000e+01 2.400000e+01
      vertex   1.543634e+01 2.424698e+01 2.400000e+01
      vertex   1.575302e+01 2.456366e+01 2.400000e+01
    endloop
  endfacet
  facet normal 0.000000e+00 0.000000e+00 1.000000e+00
    outer loop
      vertex   -1.000000e+00 3.200000e+01 2.400000e+01
      vertex   1.575302e+01 2.456366e+01 2.400000e+01
      vertex   1.613223e+01 2.480194e+01 2.400000e+01
    endloop
  endfacet
  facet normal 0.000000e+00 -0.000000e+00 1.000000e+00
    outer loop
      vertex   1.613223e+01 2.480194e+01 2.400000e+01
      vertex   1.655496e+01 2.494986e+01 2.400000e+01
      vertex   -1.000000e+00 3.200000e+01 2.400000e+01
    endloop
  endfacet
  facet normal 0.000000e+00 0.000000e+00 1.000000e+00
    outer loop
      vertex   -1.000000e+00 3.200000e+01 2.400000e+01
      vertex   1.655496e+01 2.494986e+01 2.400000e+01
      vertex   1.700000e+01 2.500000e+01 2.400000e+01
    endloop
  endfacet
  facet normal 0.000000e+00 0.000000e+00 1.000000e+00
    outer loop
      vertex   -1.000000e+00 3.200000e+01 2.400000e+01
      vertex   1.700000e+01 2.500000e+01 2.400000e+01
      vertex   4.000000e+01 2.500000e+01 2.400000e+01
    endloop
  endfacet
  facet normal -0.000000e+00 0.000000e+00 1.000000e+00
    outer loop
      vertex   -1.000000e+00 3.200000e+01 2.400000e+01
      vertex   4.000000e+01 2.500000e+01 2.400000e+01
      vertex   7.200000e+01 3.200000e+01 2.400000e+01
    endloop
  endfacet
  facet normal 0.000000e+00 0.000000e+00 1.000000e+00
    outer loop
      vertex   7.200000e+01 3.200000e+01 2.400000e+01
      vertex   4.000000e+01 2.500000e+01 2.400000e+01
      vertex   4.044504e+01 2.494986e+01 2.400000e+01
    endloop
  endfacet
  facet normal 0.000000e+00 0.000000e+00 1.000000e+00
    outer loop
      vertex   7.200000e+01 3.200000e+01 2.400000e+01
      vertex   4.044504e+01 2.494986e+01 2.400000e+01
      vertex   4.086777e+01 2.480194e+01 2.400000e+01
    endloop
  endfacet
  facet normal -0.000000e+00 0.000000e+00 1.000000e+00
    outer loop
      vertex   4.086777e+01 2.480194e+01 2.400000e+01
      vertex   4.124698e+01 2.456366e+01 2.400000e+01
      vertex   7.200000e+01 3.200000e+01 2.400000e+01
    endloop
  endfacet
  facet normal 0.000000e+00 0.000000e+00 1.000000e+00
    outer loop
      vertex   7.200000e+01 3.200000e+01 2.400000e+01
      vertex   4.124698e+01 2.456366e+01 2.400000e+01
      vertex   4.156366e+01 2.424698e+01 2.400000e+01
    endloop
  endfacet
  facet normal 0.000000e+00 0.000000e+00 1.000000e+00
    outer loop
      vertex   7.200000e+01 3.200000e+01 2.400000e+01
      vertex   4.156366e+01 2.424698e+01 2.400000e+01
      vertex   4.180194e+01 2.386777e+01 2.400000e+01
    endloop
  endfacet
  facet normal -0.000000e+00 0.000000e+00 1.000000e+00
    outer loop
      vertex   4.180194e+01 2.386777e+01 2.400000e+01
      vertex   4.194986e+01 2.344504e+01 2.400000e+01
      vertex   7.200000e+01 3.200000e+01 2.400000e+01
    endloop
  endfacet
  facet normal 0.000000e+00 0.000000e+00 1.000000e+00
    outer loop
      vertex   7.200000e+01 3.200000e+01 2.400000e+01
      vertex   4.194986e+01 2.344504e+01 2.400000e+01
      vertex   4.200000e+01 2.300000e+01 2.400000e+01
    endloop
  endfacet
  facet normal 0.000000e+00 0.000000e+00 1.000000e+00
    outer loop
      vertex   7.200000e+01 3.200000e+01 2.400000e+01
      vertex   4.200000e+01 2.300000e+01 2.400000e+01
      vertex   6.650000e+01 6.500000e+00 2.400000e+01
    endloop
  endfacet
  facet normal 0.000000e+00 0.000000e+00 1.000000e+00
    outer loop
      vertex   6.650000e+01 6.500000e+00 2.400000e+01
      vertex   4.200000e+01 2.300000e+01 2.400000e+01
      vertex   5.950000e+01 6.500000e+00 2.400000e+01
    endloop
  endfacet
  facet normal 0.000000e+00 0.000000e+00 1.000000e+00
    outer loop
      vertex   5.950000e+01 6.500000e+00 2.400000e+01
      vertex   4.200000e+01 2.300000e+01 2.400000e+01
      vertex   4.200000e+01 1.200000e+01 2.400000e+01
    endloop
  endfacet
  facet normal 0.000000e+00 0.000000e+00 1.000000e+00
    outer loop
      vertex   5.950000e+01 6.500000e+00 2.400000e+01
      vertex   4.200000e+01 1.200000e+01 2.400000e+01
      vertex   4.194986e+01 1.155496e+01 2.400000e+01
    endloop
  endfacet
  facet normal 0.000000e+00 0.000000e+00 1.000000e+00
    outer loop
      vertex   4.194986e+01 1.155496e+01 2.400000e+01
      vertex   4.180194e+01 1.113223e+01 2.400000e+01
      vertex   5.950000e+01 6.500000e+00 2.400000e+01
    endloop
  endfacet
  facet normal 0.000000e+00 0.000000e+00 1.000000e+00
    outer loop
      vertex   5.950000e+01 6.500000e+00 2.400000e+01
      vertex   4.180194e+01 1.113223e+01 2.400000e+01
      vertex   4.156366e+01 1.075302e+01 2.400000e+01
    endloop
  endfacet
  facet normal 0.000000e+00 0.000000e+00 1.000000e+00
    outer loop
      vertex   5.950000e+01 6.500000e+00 2.400000e+01
      vertex   4.156366e+01 1.075302e+01 2.400000e+01
      vertex   4.124698e+01 1.043634e+01 2.400000e+01
    endloop
  endfacet
  facet normal 0.000000e+00 0.000000e+00 1.000000e+00
    outer loop
      vertex   4.124698e+01 1.043634e+01 2.400000e+01
      vertex   4.086777e+01 1.019806e+01 2.400000e+01
      vertex   5.950000e+01 6.500000e+00 2.400000e+01
    endloop
  endfacet
  facet normal 0.000000e+00 0.000000e+00 1.000000e+00
    outer loop
      vertex   5.950000e+01 6.500000e+00 2.400000e+01
      vertex   4.086777e+01 1.019806e+01 2.400000e+01
      vertex   4.044504e+01 1.005014e+01 2.400000e+01
    endloop
  endfacet
  facet normal 0.000000e+00 0.000000e+00 1.000000e+00
    outer loop
      vertex   5.950000e+01 6.500000e+00 2.400000e+01
      vertex   4.044504e+01 1.005014e+01 2.400000e+01
      vertex   5.950000e+01 3.500000e+00 2.400000e+01
    endloop
  endfacet
  facet normal 0.000000e+00 0.000000e+00 1.000000e+00
    outer loop
      vertex   5.950000e+01 3.500000e+00 2.400000e+01
      vertex   4.044504e+01 1.005014e+01 2.400000e+01
      vertex   4.000000e+01 1.000000e+01 2.400000e+01
    endloop
  endfacet
  facet normal 0.000000e+00 0.000000e+00 1.000000e+00
    outer loop
      vertex   5.950000e+01 3.500000e+00 2.400000e+01
      vertex   4.000000e+01 1.000000e+01 2.400000e+01
      vertex   5.955015e+01 3.054958e+00 2.400000e+01
    endloop
  endfacet
  facet normal 0.000000e+00 0.000000e+00 1.000000e+00
    outer loop
      vertex   5.955015e+01 3.054958e+00 2.400000e+01
      vertex   4.000000e+01 1.000000e+01 2.400000e+01
      vertex   5.969806e+01 2.632233e+00 2.400000e+01
    endloop
  endfacet
  facet normal 0.000000e+00 0.000000e+00 1.000000e+00
    outer loop
      vertex   5.969806e+01 2.632233e+00 2.400000e+01
      vertex   4.000000e+01 1.000000e+01 2.400000e+01
      vertex   5.993634e+01 2.253020e+00 2.400000e+01
    endloop
  endfacet
  facet normal 0.000000e+00 0.000000e+00 1.000000e+00
    outer loop
      vertex   5.993634e+01 2.253020e+00 2.400000e+01
      vertex   4.000000e+01 1.000000e+01 2.400000e+01
      vertex   6.025302e+01 1.936337e+00 2.400000e+01
    endloop
  endfacet
  facet normal 0.000000e+00 0.000000e+00 1.000000e+00
    outer loop
      vertex   6.025302e+01 1.936337e+00 2.400000e+01
      vertex   4.000000e+01 1.000000e+01 2.400000e+01
      vertex   -1.000000e+00 -1.000000e+00 2.400000e+01
    endloop
  endfacet
  facet normal 0.000000e+00 0.000000e+00 1.000000e+00
    outer loop
      vertex   6.025302e+01 1.936337e+00 2.400000e+01
      vertex   -1.000000e+00 -1.000000e+00 2.400000e+01
      vertex   6.063223e+01 1.698062e+00 2.400000e+01
    endloop
  endfacet
  facet normal 0.000000e+00 0.000000e+00 1.000000e+00
    outer loop
      vertex   6.063223e+01 1.698062e+00 2.400000e+01
      vertex   -1.000000e+00 -1.000000e+00 2.400000e+01
      vertex   6.105496e+01 1.550144e+00 2.400000e+01
    endloop
  endfacet
  facet normal 0.000000e+00 0.000000e+00 1.000000e+00
    outer loop
      vertex   6.105496e+01 1.550144e+00 2.400000e+01
      vertex   -1.000000e+00 -1.000000e+00 2.400000e+01
      vertex   7.200000e+01 -1.000000e+00 2.400000e+01
    endloop
  endfacet
  facet normal 0.000000e+00 0.000000e+00 1.000000e+00
    outer loop
      vertex   6.105496e+01 1.550144e+00 2.400000e+01
      vertex   7.200000e+01 -1.000000e+00 2.400000e+01
      vertex   6.150000e+01 1.500000e+00 2.400000e+01
    endloop
  endfacet
  facet normal -0.000000e+00 0.000000e+00 1.000000e+00
    outer loop
      vertex   6.150000e+01 1.500000e+00 2.400000e+01
      vertex   7.200000e+01 -1.000000e+00 2.400000e+01
      vertex   6.450000e+01 1.500000e+00 2.400000e+01
    endloop
  endfacet
  facet normal -0.000000e+00 0.000000e+00 1.000000e+00
    outer loop
      vertex   6.450000e+01 1.500000e+00 2.400000e+01
      vertex   7.200000e+01 -1.000000e+00 2.400000e+01
      vertex   6.494504e+01 1.550144e+00 2.400000e+01
    endloop
  endfacet
  facet normal -0.000000e+00 0.000000e+00 1.000000e+00
    outer loop
      vertex   6.494504e+01 1.550144e+00 2.400000e+01
      vertex   7.200000e+01 -1.000000e+00 2.400000e+01
      vertex   6.536777e+01 1.698062e+00 2.400000e+01
    endloop
  endfacet
  facet normal -0.000000e+00 0.000000e+00 1.000000e+00
    outer loop
      vertex   6.536777e+01 1.698062e+00 2.400000e+01
      vertex   7.200000e+01 -1.000000e+00 2.400000e+01
      vertex   6.574698e+01 1.936337e+00 2.400000e+01
    endloop
  endfacet
  facet normal -0.000000e+00 0.000000e+00 1.000000e+00
    outer loop
      vertex   6.574698e+01 1.936337e+00 2.400000e+01
      vertex   7.200000e+01 -1.000000e+00 2.400000e+01
      vertex   6.606366e+01 2.253020e+00 2.400000e+01
    endloop
  endfacet
  facet normal -0.000000e+00 0.000000e+00 1.000000e+00
    outer loop
      vertex   6.606366e+01 2.253020e+00 2.400000e+01
      vertex   7.200000e+01 -1.000000e+00 2.400000e+01
      vertex   6.630194e+01 2.632233e+00 2.400000e+01
    endloop
  endfacet
  facet normal -0.000000e+00 0.000000e+00 1.000000e+00
    outer loop
      vertex   6.630194e+01 2.632233e+00 2.400000e+01
      vertex   7.200000e+01 -1.000000e+00 2.400000e+01
      vertex   6.644986e+01 3.054958e+00 2.400000e+01
    endloop
  endfacet
  facet normal -0.000000e+00 0.000000e+00 1.000000e+00
    outer loop
      vertex   6.644986e+01 3.054958e+00 2.400000e+01
      vertex   7.200000e+01 -1.000000e+00 2.400000e+01
      vertex   6.650000e+01 3.500000e+00 2.400000e+01
    endloop
  endfacet
  facet normal -0.000000e+00 0.000000e+00 1.000000e+00
    outer loop
      vertex   6.650000e+01 3.500000e+00 2.400000e+01
      vertex   7.200000e+01 -1.000000e+00 2.400000e+01
      vertex   6.650000e+01 6.500000e+00 2.400000e+01
    endloop
  endfacet
  facet normal -0.000000e+00 0.000000e+00 1.000000e+00
    outer loop
      vertex   6.650000e+01 6.500000e+00 2.400000e+01
      vertex   7.200000e+01 -1.000000e+00 2.400000e+01
      vertex   7.200000e+01 3.200000e+01 2.400000e+01
    endloop
  endfacet
  facet normal 0.000000e+00 0.000000e+00 1.000000e+00
    outer loop
      vertex   4.000000e+01 1.000000e+01 2.400000e+01
      vertex   1.700000e+01 1.000000e+01 2.400000e+01
      vertex   -1.000000e+00 -1.000000e+00 2.400000e+01
    endloop
  endfacet
  facet normal 0.000000e+00 0.000000e+00 1.000000e+00
    outer loop
      vertex   -1.000000e+00 -1.000000e+00 2.400000e+01
      vertex   1.700000e+01 1.000000e+01 2.400000e+01
      vertex   1.655496e+01 1.005014e+01 2.400000e+01
    endloop
  endfacet
  facet normal 0.000000e+00 0.000000e+00 1.000000e+00
    outer loop
      vertex   -1.000000e+00 -1.000000e+00 2.400000e+01
      vertex   1.655496e+01 1.005014e+01 2.400000e+01
      vertex   1.613223e+01 1.019806e+01 2.400000e+01
    endloop
  endfacet
  facet normal 0.000000e+00 0.000000e+00 1.000000e+00
    outer loop
      vertex   1.613223e+01 1.019806e+01 2.400000e+01
      vertex   1.575302e+01 1.043634e+01 2.400000e+01
      vertex   -1.000000e+00 -1.000000e+00 2.400000e+01
    endloop
  endfacet
  facet normal 0.000000e+00 0.000000e+00 1.000000e+00
    outer loop
      vertex   -1.000000e+00 -1.000000e+00 2.400000e+01
      vertex   1.575302e+01 1.043634e+01 2.400000e+01
      vertex   1.543634e+01 1.075302e+01 2.400000e+01
    endloop
  endfacet
  facet normal 0.000000e+00 0.000000e+00 1.000000e+00
    outer loop
      vertex   -1.000000e+00 -1.000000e+00 2.400000e+01
      vertex   1.543634e+01 1.075302e+01 2.400000e+01
      vertex   1.519806e+01 1.113223e+01 2.400000e+01
    endloop
  endfacet
  facet normal 0.000000e+00 0.000000e+00 1.000000e+00
    outer loop
      vertex   1.519806e+01 1.113223e+01 2.400000e+01
      vertex   1.505014e+01 1.155496e+01 2.400000e+01
      vertex   -1.000000e+00 -1.000000e+00 2.400000e+01
    endloop
  endfacet
  facet normal 0.000000e+00 0.000000e+00 1.000000e+00
    outer loop
      vertex   -1.000000e+00 -1.000000e+00 2.400000e+01
      vertex   1.505014e+01 1.155496e+01 2.400000e+01
      vertex   1.500000e+01 1.200000e+01 2.400000e+01
    endloop
  endfacet
  facet normal 0.000000e+00 -0.000000e+00 1.000000e+00
    outer loop
      vertex   -1.000000e+00 -1.000000e+00 2.400000e+01
      vertex   1.500000e+01 1.200000e+01 2.400000e+01
      vertex   -1.000000e+00 3.200000e+01 2.400000e+01
    endloop
  endfacet
  facet normal 9.987955e-01 0.000000e+00 -4.906767e-02
    outer loop
      vertex   5.950000e+01 6.500000e+00 2.300000e+01
      vertex   5.950000e+01 3.500000e+00 2.300000e+01
      vertex   5.949519e+01 6.504815e+00 2.290198e+01
    endloop
  endfacet
  facet normal 9.914413e-01 -2.668949e-03 -1.305257e-01
    outer loop
      vertex   5.949519e+01 6.504815e+00 2.290198e+01
      vertex   5.950000e+01 3.500000e+00 2.300000e+01
      vertex   5.946593e+01 3.500000e+00 2.274118e+01
    endloop
  endfacet
  facet normal 9.891369e-01 -1.765616e-03 -1.469865e-01
    outer loop
      vertex   5.949519e+01 6.504815e+00 2.290198e+01
      vertex   5.946593e+01 3.500000e+00 2.274118e+01
      vertex   5.948079e+01 6.519215e+00 2.280491e+01
    endloop
  endfacet
  facet normal 9.570580e-01 1.408696e-03 -2.898931e-01
    outer loop
      vertex   5.948079e+01 6.519215e+00 2.280491e+01
      vertex   5.946593e+01 3.500000e+00 2.274118e+01
      vertex   5.942388e+01 6.576121e+00 2.261732e+01
    endloop
  endfacet
  facet normal 9.238760e-01 -2.781135e-03 -3.826820e-01
    outer loop
      vertex   5.942388e+01 6.576121e+00 2.261732e+01
      vertex   5.946593e+01 3.500000e+00 2.274118e+01
      vertex   5.936603e+01 3.500000e+00 2.250000e+01
    endloop
  endfacet
  facet normal 8.822234e-01 1.363989e-03 -4.708291e-01
    outer loop
      vertex   5.942388e+01 6.576121e+00 2.261732e+01
      vertex   5.936603e+01 3.500000e+00 2.250000e+01
      vertex   5.933147e+01 6.668530e+00 2.244443e+01
    endloop
  endfacet
  facet normal 7.933517e-01 -2.024298e-03 -6.087602e-01
    outer loop
      vertex   5.933147e+01 6.668530e+00 2.244443e+01
      vertex   5.936603e+01 3.500000e+00 2.250000e+01
      vertex   5.920711e+01 3.500000e+00 2.229289e+01
    endloop
  endfacet
  facet normal 7.730105e-01 0.000000e+00 -6.343933e-01
    outer loop
      vertex   5.933147e+01 6.668530e+00 2.244443e+01
      vertex   5.920711e+01 3.500000e+00 2.229289e+01
      vertex   5.920711e+01 6.792893e+00 2.229289e+01
    endloop
  endfacet
  facet normal 6.343933e-01 0.000000e+00 -7.730105e-01
    outer loop
      vertex   5.920711e+01 6.792893e+00 2.229289e+01
      vertex   5.920711e+01 3.500000e+00 2.229289e+01
      vertex   5.905557e+01 6.944430e+00 2.216853e+01
    endloop
  endfacet
  facet normal 6.087604e-01 -1.862152e-03 -7.933520e-01
    outer loop
      vertex   5.905557e+01 6.944430e+00 2.216853e+01
      vertex   5.920711e+01 3.500000e+00 2.229289e+01
      vertex   5.900000e+01 3.500000e+00 2.213397e+01
    endloop
  endfacet
  facet normal 4.723467e-01 1.222111e-03 -8.814120e-01
    outer loop
      vertex   5.905557e+01 6.944430e+00 2.216853e+01
      vertex   5.900000e+01 3.500000e+00 2.213397e+01
      vertex   5.888268e+01 7.117317e+00 2.207612e+01
    endloop
  endfacet
  facet normal 3.826824e-01 -2.365045e-03 -9.238769e-01
    outer loop
      vertex   5.888268e+01 7.117317e+00 2.207612e+01
      vertex   5.900000e+01 3.500000e+00 2.213397e+01
      vertex   5.875882e+01 3.500000e+00 2.203407e+01
    endloop
  endfacet
  facet normal 2.913316e-01 1.143605e-03 -9.566215e-01
    outer loop
      vertex   5.888268e+01 7.117317e+00 2.207612e+01
      vertex   5.875882e+01 3.500000e+00 2.203407e+01
      vertex   5.869509e+01 7.304910e+00 2.201921e+01
    endloop
  endfacet
  facet normal 1.305260e-01 -1.685731e-03 -9.914435e-01
    outer loop
      vertex   5.869509e+01 7.304910e+00 2.201921e+01
      vertex   5.875882e+01 3.500000e+00 2.203407e+01
      vertex   5.850000e+01 3.500000e+00 2.200000e+01
    endloop
  endfacet
  facet normal 9.801714e-02 0.000000e+00 -9.951847e-01
    outer loop
      vertex   5.869509e+01 7.304910e+00 2.201921e+01
      vertex   5.850000e+01 3.500000e+00 2.200000e+01
      vertex   5.850000e+01 7.500000e+00 2.200000e+01
    endloop
  endfacet
  facet normal 1.103381e-01 9.792779e-01 -1.698241e-01
    outer loop
      vertex   6.105496e+01 1.550144e+00 2.300000e+01
      vertex   6.150000e+01 1.500000e+00 2.300000e+01
      vertex   6.118180e+01 1.490969e+00 2.274118e+01
    endloop
  endfacet
  facet normal 7.779195e-02 9.884404e-01 -1.301306e-01
    outer loop
      vertex   6.118180e+01 1.490969e+00 2.274118e+01
      vertex   6.150000e+01 1.500000e+00 2.300000e+01
      vertex   6.150000e+01 1.465926e+00 2.274118e+01
    endloop
  endfacet
  facet normal 7.251945e-02 9.214470e-01 -3.816758e-01
    outer loop
      vertex   6.118180e+01 1.490969e+00 2.274118e+01
      vertex   6.150000e+01 1.465926e+00 2.274118e+01
      vertex   6.150000e+01 1.366025e+00 2.250000e+01
    endloop
  endfacet
  facet normal 7.251945e-02 9.214470e-01 -3.816758e-01
    outer loop
      vertex   6.118180e+01 1.490969e+00 2.274118e+01
      vertex   6.150000e+01 1.366025e+00 2.250000e+01
      vertex   6.116617e+01 1.392298e+00 2.250000e+01
    endloop
  endfacet
  facet normal 6.231691e-02 7.918114e-01 -6.075782e-01
    outer loop
      vertex   6.116617e+01 1.392298e+00 2.250000e+01
      vertex   6.150000e+01 1.366025e+00 2.250000e+01
      vertex   6.150000e+01 1.207107e+00 2.229289e+01
    endloop
  endfacet
  facet normal 6.231691e-02 7.918114e-01 -6.075782e-01
    outer loop
      vertex   6.116617e+01 1.392298e+00 2.250000e+01
      vertex   6.150000e+01 1.207107e+00 2.229289e+01
      vertex   6.114131e+01 1.235336e+00 2.229289e+01
    endloop
  endfacet
  facet normal 4.785567e-02 6.080639e-01 -7.924444e-01
    outer loop
      vertex   6.114131e+01 1.235336e+00 2.229289e+01
      vertex   6.150000e+01 1.207107e+00 2.229289e+01
      vertex   6.150000e+01 1.000000e+00 2.213397e+01
    endloop
  endfacet
  facet normal 4.785567e-02 6.080639e-01 -7.924444e-01
    outer loop
      vertex   6.114131e+01 1.235336e+00 2.229289e+01
      vertex   6.150000e+01 1.000000e+00 2.213397e+01
      vertex   6.110891e+01 1.030779e+00 2.213397e+01
    endloop
  endfacet
  facet normal 3.010419e-02 3.825100e-01 -9.234608e-01
    outer loop
      vertex   6.110891e+01 1.030779e+00 2.213397e+01
      vertex   6.150000e+01 1.000000e+00 2.213397e+01
      vertex   6.150000e+01 7.588191e-01 2.203407e+01
    endloop
  endfacet
  facet normal 3.010419e-02 3.825100e-01 -9.234608e-01
    outer loop
      vertex   6.110891e+01 1.030779e+00 2.213397e+01
      vertex   6.150000e+01 7.588191e-01 2.203407e+01
      vertex   6.107119e+01 7.925676e-01 2.203407e+01
    endloop
  endfacet
  facet normal 1.027209e-02 1.305193e-01 -9.913926e-01
    outer loop
      vertex   6.107119e+01 7.925676e-01 2.203407e+01
      vertex   6.150000e+01 7.588191e-01 2.203407e+01
      vertex   6.150000e+01 5.000001e-01 2.200000e+01
    endloop
  endfacet
  facet normal 1.158455e-02 1.324121e-01 -9.911271e-01
    outer loop
      vertex   6.107119e+01 7.925676e-01 2.203407e+01
      vertex   6.150000e+01 5.000001e-01 2.200000e+01
      vertex   6.097906e+01 5.455768e-01 2.200000e+01
    endloop
  endfacet
  facet normal 3.014391e-02 1.255584e-01 -9.916282e-01
    outer loop
      vertex   6.107119e+01 7.925676e-01 2.203407e+01
      vertex   6.097906e+01 5.455768e-01 2.200000e+01
      vertex   6.065293e+01 8.929821e-01 2.203407e+01
    endloop
  endfacet
  facet normal 3.479453e-02 1.298550e-01 -9.909223e-01
    outer loop
      vertex   6.065293e+01 8.929821e-01 2.203407e+01
      vertex   6.097906e+01 5.455768e-01 2.200000e+01
      vertex   6.047394e+01 6.809222e-01 2.200000e+01
    endloop
  endfacet
  facet normal 4.891075e-02 1.180810e-01 -9.917987e-01
    outer loop
      vertex   6.065293e+01 8.929821e-01 2.203407e+01
      vertex   6.047394e+01 6.809222e-01 2.200000e+01
      vertex   6.025553e+01 1.057590e+00 2.203407e+01
    endloop
  endfacet
  facet normal 5.728231e-02 1.228423e-01 -9.907717e-01
    outer loop
      vertex   6.025553e+01 1.057590e+00 2.203407e+01
      vertex   6.047394e+01 6.809222e-01 2.200000e+01
      vertex   6.000000e+01 9.019238e-01 2.200000e+01
    endloop
  endfacet
  facet normal 6.632959e-02 1.082400e-01 -9.919095e-01
    outer loop
      vertex   6.025553e+01 1.057590e+00 2.203407e+01
      vertex   6.000000e+01 9.019238e-01 2.200000e+01
      vertex   5.988878e+01 1.282338e+00 2.203407e+01
    endloop
  endfacet
  facet normal 7.812901e-02 1.115798e-01 -9.906795e-01
    outer loop
      vertex   5.988878e+01 1.282338e+00 2.203407e+01
      vertex   6.000000e+01 9.019238e-01 2.200000e+01
      vertex   5.957164e+01 1.201867e+00 2.200000e+01
    endloop
  endfacet
  facet normal 8.216795e-02 9.620631e-02 -9.919641e-01
    outer loop
      vertex   5.988878e+01 1.282338e+00 2.203407e+01
      vertex   5.957164e+01 1.201867e+00 2.200000e+01
      vertex   5.956169e+01 1.561692e+00 2.203407e+01
    endloop
  endfacet
  facet normal 9.647720e-02 9.647720e-02 -9.906484e-01
    outer loop
      vertex   5.956169e+01 1.561692e+00 2.203407e+01
      vertex   5.957164e+01 1.201867e+00 2.200000e+01
      vertex   5.920187e+01 1.571637e+00 2.200000e+01
    endloop
  endfacet
  facet normal 9.620631e-02 8.216795e-02 -9.919641e-01
    outer loop
      vertex   5.956169e+01 1.561692e+00 2.203407e+01
      vertex   5.920187e+01 1.571637e+00 2.200000e+01
      vertex   5.928234e+01 1.888774e+00 2.203407e+01
    endloop
  endfacet
  facet normal 1.115798e-01 7.812901e-02 -9.906795e-01
    outer loop
      vertex   5.928234e+01 1.888774e+00 2.203407e+01
      vertex   5.920187e+01 1.571637e+00 2.200000e+01
      vertex   5.890192e+01 2.000000e+00 2.200000e+01
    endloop
  endfacet
  facet normal 1.082400e-01 6.632959e-02 -9.919095e-01
    outer loop
      vertex   5.928234e+01 1.888774e+00 2.203407e+01
      vertex   5.890192e+01 2.000000e+00 2.200000e+01
      vertex   5.905759e+01 2.255530e+00 2.203407e+01
    endloop
  endfacet
  facet normal 1.228423e-01 5.728231e-02 -9.907717e-01
    outer loop
      vertex   5.905759e+01 2.255530e+00 2.203407e+01
      vertex   5.890192e+01 2.000000e+00 2.200000e+01
      vertex   5.868092e+01 2.473940e+00 2.200000e+01
    endloop
  endfacet
  facet normal 1.180810e-01 4.891075e-02 -9.917987e-01
    outer loop
      vertex   5.905759e+01 2.255530e+00 2.203407e+01
      vertex   5.868092e+01 2.473940e+00 2.200000e+01
      vertex   5.889298e+01 2.652929e+00 2.203407e+01
    endloop
  endfacet
  facet normal 1.298550e-01 3.479453e-02 -9.909223e-01
    outer loop
      vertex   5.889298e+01 2.652929e+00 2.203407e+01
      vertex   5.868092e+01 2.473940e+00 2.200000e+01
      vertex   5.854558e+01 2.979056e+00 2.200000e+01
    endloop
  endfacet
  facet normal 1.255584e-01 3.014391e-02 -9.916282e-01
    outer loop
      vertex   5.889298e+01 2.652929e+00 2.203407e+01
      vertex   5.854558e+01 2.979056e+00 2.200000e+01
      vertex   5.879257e+01 3.071185e+00 2.203407e+01
    endloop
  endfacet
  facet normal 1.324121e-01 1.158455e-02 -9.911271e-01
    outer loop
      vertex   5.879257e+01 3.071185e+00 2.203407e+01
      vertex   5.854558e+01 2.979056e+00 2.200000e+01
      vertex   5.850000e+01 3.500000e+00 2.200000e+01
    endloop
  endfacet
  facet normal 1.305193e-01 1.027209e-02 -9.913926e-01
    outer loop
      vertex   5.879257e+01 3.071185e+00 2.203407e+01
      vertex   5.850000e+01 3.500000e+00 2.200000e+01
      vertex   5.875882e+01 3.500000e+00 2.203407e+01
    endloop
  endfacet
  facet normal 3.825100e-01 3.010419e-02 -9.234608e-01
    outer loop
      vertex   5.875882e+01 3.500000e+00 2.203407e+01
      vertex   5.900000e+01 3.500000e+00 2.213397e+01
      vertex   5.879257e+01 3.071185e+00 2.203407e+01
    endloop
  endfacet
  facet normal 3.825100e-01 3.010419e-02 -9.234608e-01
    outer loop
      vertex   5.879257e+01 3.071185e+00 2.203407e+01
      vertex   5.900000e+01 3.500000e+00 2.213397e+01
      vertex   5.903078e+01 3.108914e+00 2.213397e+01
    endloop
  endfacet
  facet normal 3.730913e-01 8.957130e-02 -9.234608e-01
    outer loop
      vertex   5.879257e+01 3.071185e+00 2.203407e+01
      vertex   5.903078e+01 3.108914e+00 2.213397e+01
      vertex   5.889298e+01 2.652929e+00 2.203407e+01
    endloop
  endfacet
  facet normal 3.730913e-01 8.957130e-02 -9.234608e-01
    outer loop
      vertex   5.889298e+01 2.652929e+00 2.203407e+01
      vertex   5.903078e+01 3.108914e+00 2.213397e+01
      vertex   5.912236e+01 2.727458e+00 2.213397e+01
    endloop
  endfacet
  facet normal 3.544859e-01 1.468329e-01 -9.234608e-01
    outer loop
      vertex   5.889298e+01 2.652929e+00 2.203407e+01
      vertex   5.912236e+01 2.727458e+00 2.213397e+01
      vertex   5.905759e+01 2.255530e+00 2.203407e+01
    endloop
  endfacet
  facet normal 3.544859e-01 1.468329e-01 -9.234608e-01
    outer loop
      vertex   5.905759e+01 2.255530e+00 2.203407e+01
      vertex   5.912236e+01 2.727458e+00 2.213397e+01
      vertex   5.927248e+01 2.365024e+00 2.213397e+01
    endloop
  endfacet
  facet normal 3.271519e-01 2.004789e-01 -9.234608e-01
    outer loop
      vertex   5.905759e+01 2.255530e+00 2.203407e+01
      vertex   5.927248e+01 2.365024e+00 2.213397e+01
      vertex   5.928234e+01 1.888774e+00 2.203407e+01
    endloop
  endfacet
  facet normal 3.271519e-01 2.004789e-01 -9.234608e-01
    outer loop
      vertex   5.928234e+01 1.888774e+00 2.203407e+01
      vertex   5.927248e+01 2.365024e+00 2.213397e+01
      vertex   5.947746e+01 2.030537e+00 2.213397e+01
    endloop
  endfacet
  facet normal 2.917623e-01 2.491885e-01 -9.234608e-01
    outer loop
      vertex   5.928234e+01 1.888774e+00 2.203407e+01
      vertex   5.947746e+01 2.030537e+00 2.213397e+01
      vertex   5.956169e+01 1.561692e+00 2.203407e+01
    endloop
  endfacet
  facet normal 2.917623e-01 2.491885e-01 -9.234608e-01
    outer loop
      vertex   5.956169e+01 1.561692e+00 2.203407e+01
      vertex   5.947746e+01 2.030537e+00 2.213397e+01
      vertex   5.973223e+01 1.732233e+00 2.213397e+01
    endloop
  endfacet
  facet normal 2.491885e-01 2.917623e-01 -9.234608e-01
    outer loop
      vertex   5.956169e+01 1.561692e+00 2.203407e+01
      vertex   5.973223e+01 1.732233e+00 2.213397e+01
      vertex   5.988878e+01 1.282338e+00 2.203407e+01
    endloop
  endfacet
  facet normal 2.491885e-01 2.917623e-01 -9.234608e-01
    outer loop
      vertex   5.988878e+01 1.282338e+00 2.203407e+01
      vertex   5.973223e+01 1.732233e+00 2.213397e+01
      vertex   6.003054e+01 1.477458e+00 2.213397e+01
    endloop
  endfacet
  facet normal 2.004789e-01 3.271519e-01 -9.234608e-01
    outer loop
      vertex   5.988878e+01 1.282338e+00 2.203407e+01
      vertex   6.003054e+01 1.477458e+00 2.213397e+01
      vertex   6.025553e+01 1.057590e+00 2.203407e+01
    endloop
  endfacet
  facet normal 2.004789e-01 3.271519e-01 -9.234608e-01
    outer loop
      vertex   6.025553e+01 1.057590e+00 2.203407e+01
      vertex   6.003054e+01 1.477458e+00 2.213397e+01
      vertex   6.036502e+01 1.272484e+00 2.213397e+01
    endloop
  endfacet
  facet normal 1.468329e-01 3.544859e-01 -9.234608e-01
    outer loop
      vertex   6.025553e+01 1.057590e+00 2.203407e+01
      vertex   6.036502e+01 1.272484e+00 2.213397e+01
      vertex   6.065293e+01 8.929821e-01 2.203407e+01
    endloop
  endfacet
  facet normal 1.468329e-01 3.544859e-01 -9.234608e-01
    outer loop
      vertex   6.065293e+01 8.929821e-01 2.203407e+01
      vertex   6.036502e+01 1.272484e+00 2.213397e+01
      vertex   6.072746e+01 1.122359e+00 2.213397e+01
    endloop
  endfacet
  facet normal 8.957130e-02 3.730913e-01 -9.234608e-01
    outer loop
      vertex   6.065293e+01 8.929821e-01 2.203407e+01
      vertex   6.072746e+01 1.122359e+00 2.213397e+01
      vertex   6.107119e+01 7.925676e-01 2.203407e+01
    endloop
  endfacet
  facet normal 8.957130e-02 3.730913e-01 -9.234608e-01
    outer loop
      vertex   6.107119e+01 7.925676e-01 2.203407e+01
      vertex   6.072746e+01 1.122359e+00 2.213397e+01
      vertex   6.110891e+01 1.030779e+00 2.213397e+01
    endloop
  endfacet
  facet normal 6.080639e-01 4.785567e-02 -7.924444e-01
    outer loop
      vertex   5.900000e+01 3.500000e+00 2.213397e+01
      vertex   5.920711e+01 3.500000e+00 2.229289e+01
      vertex   5.903078e+01 3.108914e+00 2.213397e+01
    endloop
  endfacet
  facet normal 6.080639e-01 4.785567e-02 -7.924444e-01
    outer loop
      vertex   5.903078e+01 3.108914e+00 2.213397e+01
      vertex   5.920711e+01 3.500000e+00 2.229289e+01
      vertex   5.923534e+01 3.141313e+00 2.229289e+01
    endloop
  endfacet
  facet normal 5.930914e-01 1.423886e-01 -7.924444e-01
    outer loop
      vertex   5.903078e+01 3.108914e+00 2.213397e+01
      vertex   5.923534e+01 3.141313e+00 2.229289e+01
      vertex   5.912236e+01 2.727458e+00 2.213397e+01
    endloop
  endfacet
  facet normal 5.930914e-01 1.423886e-01 -7.924444e-01
    outer loop
      vertex   5.912236e+01 2.727458e+00 2.213397e+01
      vertex   5.923534e+01 3.141313e+00 2.229289e+01
      vertex   5.931933e+01 2.791457e+00 2.229289e+01
    endloop
  endfacet
  facet normal 5.635150e-01 2.334155e-01 -7.924444e-01
    outer loop
      vertex   5.912236e+01 2.727458e+00 2.213397e+01
      vertex   5.931933e+01 2.791457e+00 2.229289e+01
      vertex   5.927248e+01 2.365024e+00 2.213397e+01
    endloop
  endfacet
  facet normal 5.635150e-01 2.334155e-01 -7.924444e-01
    outer loop
      vertex   5.927248e+01 2.365024e+00 2.213397e+01
      vertex   5.931933e+01 2.791457e+00 2.229289e+01
      vertex   5.945702e+01 2.459048e+00 2.229289e+01
    endloop
  endfacet
  facet normal 5.200629e-01 3.186950e-01 -7.924444e-01
    outer loop
      vertex   5.927248e+01 2.365024e+00 2.213397e+01
      vertex   5.945702e+01 2.459048e+00 2.229289e+01
      vertex   5.947746e+01 2.030537e+00 2.213397e+01
    endloop
  endfacet
  facet normal 5.200629e-01 3.186950e-01 -7.924444e-01
    outer loop
      vertex   5.947746e+01 2.030537e+00 2.213397e+01
      vertex   5.945702e+01 2.459048e+00 2.229289e+01
      vertex   5.964501e+01 2.152271e+00 2.229289e+01
    endloop
  endfacet
  facet normal 4.638052e-01 3.961271e-01 -7.924444e-01
    outer loop
      vertex   5.947746e+01 2.030537e+00 2.213397e+01
      vertex   5.964501e+01 2.152271e+00 2.229289e+01
      vertex   5.973223e+01 1.732233e+00 2.213397e+01
    endloop
  endfacet
  facet normal 4.638052e-01 3.961271e-01 -7.924444e-01
    outer loop
      vertex   5.973223e+01 1.732233e+00 2.213397e+01
      vertex   5.964501e+01 2.152271e+00 2.229289e+01
      vertex   5.987868e+01 1.878680e+00 2.229289e+01
    endloop
  endfacet
  facet normal 3.961271e-01 4.638052e-01 -7.924444e-01
    outer loop
      vertex   5.973223e+01 1.732233e+00 2.213397e+01
      vertex   5.987868e+01 1.878680e+00 2.229289e+01
      vertex   6.003054e+01 1.477458e+00 2.213397e+01
    endloop
  endfacet
  facet normal 3.961271e-01 4.638052e-01 -7.924444e-01
    outer loop
      vertex   6.003054e+01 1.477458e+00 2.213397e+01
      vertex   5.987868e+01 1.878680e+00 2.229289e+01
      vertex   6.015227e+01 1.645010e+00 2.229289e+01
    endloop
  endfacet
  facet normal 3.186950e-01 5.200629e-01 -7.924444e-01
    outer loop
      vertex   6.003054e+01 1.477458e+00 2.213397e+01
      vertex   6.015227e+01 1.645010e+00 2.229289e+01
      vertex   6.036502e+01 1.272484e+00 2.213397e+01
    endloop
  endfacet
  facet normal 3.186950e-01 5.200629e-01 -7.924444e-01
    outer loop
      vertex   6.036502e+01 1.272484e+00 2.213397e+01
      vertex   6.015227e+01 1.645010e+00 2.229289e+01
      vertex   6.045905e+01 1.457017e+00 2.229289e+01
    endloop
  endfacet
  facet normal 2.334155e-01 5.635150e-01 -7.924444e-01
    outer loop
      vertex   6.036502e+01 1.272484e+00 2.213397e+01
      vertex   6.045905e+01 1.457017e+00 2.229289e+01
      vertex   6.072746e+01 1.122359e+00 2.213397e+01
    endloop
  endfacet
  facet normal 2.334155e-01 5.635150e-01 -7.924444e-01
    outer loop
      vertex   6.072746e+01 1.122359e+00 2.213397e+01
      vertex   6.045905e+01 1.457017e+00 2.229289e+01
      vertex   6.079146e+01 1.319329e+00 2.229289e+01
    endloop
  endfacet
  facet normal 1.423886e-01 5.930914e-01 -7.924444e-01
    outer loop
      vertex   6.072746e+01 1.122359e+00 2.213397e+01
      vertex   6.079146e+01 1.319329e+00 2.229289e+01
      vertex   6.110891e+01 1.030779e+00 2.213397e+01
    endloop
  endfacet
  facet normal 1.423886e-01 5.930914e-01 -7.924444e-01
    outer loop
      vertex   6.110891e+01 1.030779e+00 2.213397e+01
      vertex   6.079146e+01 1.319329e+00 2.229289e+01
      vertex   6.114131e+01 1.235336e+00 2.229289e+01
    endloop
  endfacet
  facet normal 7.918114e-01 6.231691e-02 -6.075782e-01
    outer loop
      vertex   5.920711e+01 3.500000e+00 2.229289e+01
      vertex   5.936603e+01 3.500000e+00 2.250000e+01
      vertex   5.923534e+01 3.141313e+00 2.229289e+01
    endloop
  endfacet
  facet normal 7.918114e-01 6.231691e-02 -6.075782e-01
    outer loop
      vertex   5.923534e+01 3.141313e+00 2.229289e+01
      vertex   5.936603e+01 3.500000e+00 2.250000e+01
      vertex   5.939230e+01 3.166173e+00 2.250000e+01
    endloop
  endfacet
  facet normal 7.723144e-01 1.854163e-01 -6.075782e-01
    outer loop
      vertex   5.923534e+01 3.141313e+00 2.229289e+01
      vertex   5.939230e+01 3.166173e+00 2.250000e+01
      vertex   5.931933e+01 2.791457e+00 2.229289e+01
    endloop
  endfacet
  facet normal 7.723144e-01 1.854163e-01 -6.075782e-01
    outer loop
      vertex   5.931933e+01 2.791457e+00 2.229289e+01
      vertex   5.939230e+01 3.166173e+00 2.250000e+01
      vertex   5.947047e+01 2.840566e+00 2.250000e+01
    endloop
  endfacet
  facet normal 7.338004e-01 3.039501e-01 -6.075782e-01
    outer loop
      vertex   5.931933e+01 2.791457e+00 2.229289e+01
      vertex   5.947047e+01 2.840566e+00 2.250000e+01
      vertex   5.945702e+01 2.459048e+00 2.229289e+01
    endloop
  endfacet
  facet normal 7.338004e-01 3.039501e-01 -6.075782e-01
    outer loop
      vertex   5.945702e+01 2.459048e+00 2.229289e+01
      vertex   5.947047e+01 2.840566e+00 2.250000e+01
      vertex   5.959862e+01 2.531196e+00 2.250000e+01
    endloop
  endfacet
  facet normal 6.772178e-01 4.149996e-01 -6.075782e-01
    outer loop
      vertex   5.945702e+01 2.459048e+00 2.229289e+01
      vertex   5.959862e+01 2.531196e+00 2.250000e+01
      vertex   5.964501e+01 2.152271e+00 2.229289e+01
    endloop
  endfacet
  facet normal 6.772178e-01 4.149996e-01 -6.075782e-01
    outer loop
      vertex   5.964501e+01 2.152271e+00 2.229289e+01
      vertex   5.959862e+01 2.531196e+00 2.250000e+01
      vertex   5.977358e+01 2.245681e+00 2.250000e+01
    endloop
  endfacet
  facet normal 6.039599e-01 5.158305e-01 -6.075782e-01
    outer loop
      vertex   5.964501e+01 2.152271e+00 2.229289e+01
      vertex   5.977358e+01 2.245681e+00 2.250000e+01
      vertex   5.987868e+01 1.878680e+00 2.229289e+01
    endloop
  endfacet
  facet normal 6.039599e-01 5.158305e-01 -6.075782e-01
    outer loop
      vertex   5.987868e+01 1.878680e+00 2.229289e+01
      vertex   5.977358e+01 2.245681e+00 2.250000e+01
      vertex   5.999105e+01 1.991052e+00 2.250000e+01
    endloop
  endfacet
  facet normal 5.158305e-01 6.039599e-01 -6.075782e-01
    outer loop
      vertex   5.987868e+01 1.878680e+00 2.229289e+01
      vertex   5.999105e+01 1.991052e+00 2.250000e+01
      vertex   6.015227e+01 1.645010e+00 2.229289e+01
    endloop
  endfacet
  facet normal 5.158305e-01 6.039599e-01 -6.075782e-01
    outer loop
      vertex   6.015227e+01 1.645010e+00 2.229289e+01
      vertex   5.999105e+01 1.991052e+00 2.250000e+01
      vertex   6.024568e+01 1.773578e+00 2.250000e+01
    endloop
  endfacet
  facet normal 4.149996e-01 6.772178e-01 -6.075782e-01
    outer loop
      vertex   6.015227e+01 1.645010e+00 2.229289e+01
      vertex   6.024568e+01 1.773578e+00 2.250000e+01
      vertex   6.045905e+01 1.457017e+00 2.229289e+01
    endloop
  endfacet
  facet normal 4.149996e-01 6.772178e-01 -6.075782e-01
    outer loop
      vertex   6.045905e+01 1.457017e+00 2.229289e+01
      vertex   6.024568e+01 1.773578e+00 2.250000e+01
      vertex   6.053120e+01 1.598615e+00 2.250000e+01
    endloop
  endfacet
  facet normal 3.039501e-01 7.338004e-01 -6.075782e-01
    outer loop
      vertex   6.045905e+01 1.457017e+00 2.229289e+01
      vertex   6.053120e+01 1.598615e+00 2.250000e+01
      vertex   6.079146e+01 1.319329e+00 2.229289e+01
    endloop
  endfacet
  facet normal 3.039501e-01 7.338004e-01 -6.075782e-01
    outer loop
      vertex   6.079146e+01 1.319329e+00 2.229289e+01
      vertex   6.053120e+01 1.598615e+00 2.250000e+01
      vertex   6.084057e+01 1.470470e+00 2.250000e+01
    endloop
  endfacet
  facet normal 1.854163e-01 7.723144e-01 -6.075782e-01
    outer loop
      vertex   6.079146e+01 1.319329e+00 2.229289e+01
      vertex   6.084057e+01 1.470470e+00 2.250000e+01
      vertex   6.114131e+01 1.235336e+00 2.229289e+01
    endloop
  endfacet
  facet normal 1.854163e-01 7.723144e-01 -6.075782e-01
    outer loop
      vertex   6.114131e+01 1.235336e+00 2.229289e+01
      vertex   6.084057e+01 1.470470e+00 2.250000e+01
      vertex   6.116617e+01 1.392298e+00 2.250000e+01
    endloop
  endfacet
  facet normal 9.214470e-01 7.251945e-02 -3.816758e-01
    outer loop
      vertex   5.936603e+01 3.500000e+00 2.250000e+01
      vertex   5.946593e+01 3.500000e+00 2.274118e+01
      vertex   5.939230e+01 3.166173e+00 2.250000e+01
    endloop
  endfacet
  facet normal 9.214470e-01 7.251945e-02 -3.816758e-01
    outer loop
      vertex   5.939230e+01 3.166173e+00 2.250000e+01
      vertex   5.946593e+01 3.500000e+00 2.274118e+01
      vertex   5.949097e+01 3.181801e+00 2.274118e+01
    endloop
  endfacet
  facet normal 8.987579e-01 2.157727e-01 -3.816758e-01
    outer loop
      vertex   5.939230e+01 3.166173e+00 2.250000e+01
      vertex   5.949097e+01 3.181801e+00 2.274118e+01
      vertex   5.947047e+01 2.840566e+00 2.250000e+01
    endloop
  endfacet
  facet normal 8.987579e-01 2.157727e-01 -3.816758e-01
    outer loop
      vertex   5.947047e+01 2.840566e+00 2.250000e+01
      vertex   5.949097e+01 3.181801e+00 2.274118e+01
      vertex   5.956548e+01 2.871437e+00 2.274118e+01
    endloop
  endfacet
  facet normal 8.539384e-01 3.537129e-01 -3.816758e-01
    outer loop
      vertex   5.947047e+01 2.840566e+00 2.250000e+01
      vertex   5.956548e+01 2.871437e+00 2.274118e+01
      vertex   5.959862e+01 2.531196e+00 2.250000e+01
    endloop
  endfacet
  facet normal 8.539384e-01 3.537129e-01 -3.816758e-01
    outer loop
      vertex   5.959862e+01 2.531196e+00 2.250000e+01
      vertex   5.956548e+01 2.871437e+00 2.274118e+01
      vertex   5.968763e+01 2.576550e+00 2.274118e+01
    endloop
  endfacet
  facet normal 7.880921e-01 4.829435e-01 -3.816758e-01
    outer loop
      vertex   5.959862e+01 2.531196e+00 2.250000e+01
      vertex   5.968763e+01 2.576550e+00 2.274118e+01
      vertex   5.977358e+01 2.245681e+00 2.250000e+01
    endloop
  endfacet
  facet normal 7.880921e-01 4.829435e-01 -3.816758e-01
    outer loop
      vertex   5.977358e+01 2.245681e+00 2.250000e+01
      vertex   5.968763e+01 2.576550e+00 2.274118e+01
      vertex   5.985440e+01 2.304401e+00 2.274118e+01
    endloop
  endfacet
  facet normal 7.028404e-01 6.002824e-01 -3.816758e-01
    outer loop
      vertex   5.977358e+01 2.245681e+00 2.250000e+01
      vertex   5.985440e+01 2.304401e+00 2.274118e+01
      vertex   5.999105e+01 1.991052e+00 2.250000e+01
    endloop
  endfacet
  facet normal 7.028404e-01 6.002824e-01 -3.816758e-01
    outer loop
      vertex   5.999105e+01 1.991052e+00 2.250000e+01
      vertex   5.985440e+01 2.304401e+00 2.274118e+01
      vertex   6.006169e+01 2.061692e+00 2.274118e+01
    endloop
  endfacet
  facet normal 6.002824e-01 7.028404e-01 -3.816758e-01
    outer loop
      vertex   5.999105e+01 1.991052e+00 2.250000e+01
      vertex   6.006169e+01 2.061692e+00 2.274118e+01
      vertex   6.024568e+01 1.773578e+00 2.250000e+01
    endloop
  endfacet
  facet normal 6.002824e-01 7.028404e-01 -3.816758e-01
    outer loop
      vertex   6.024568e+01 1.773578e+00 2.250000e+01
      vertex   6.006169e+01 2.061692e+00 2.274118e+01
      vertex   6.030440e+01 1.854399e+00 2.274118e+01
    endloop
  endfacet
  facet normal 4.829435e-01 7.880921e-01 -3.816758e-01
    outer loop
      vertex   6.024568e+01 1.773578e+00 2.250000e+01
      vertex   6.030440e+01 1.854399e+00 2.274118e+01
      vertex   6.053120e+01 1.598615e+00 2.250000e+01
    endloop
  endfacet
  facet normal 4.829435e-01 7.880921e-01 -3.816758e-01
    outer loop
      vertex   6.053120e+01 1.598615e+00 2.250000e+01
      vertex   6.030440e+01 1.854399e+00 2.274118e+01
      vertex   6.057655e+01 1.687627e+00 2.274118e+01
    endloop
  endfacet
  facet normal 3.537129e-01 8.539384e-01 -3.816758e-01
    outer loop
      vertex   6.053120e+01 1.598615e+00 2.250000e+01
      vertex   6.057655e+01 1.687627e+00 2.274118e+01
      vertex   6.084057e+01 1.470470e+00 2.250000e+01
    endloop
  endfacet
  facet normal 3.537129e-01 8.539384e-01 -3.816758e-01
    outer loop
      vertex   6.084057e+01 1.470470e+00 2.250000e+01
      vertex   6.057655e+01 1.687627e+00 2.274118e+01
      vertex   6.087144e+01 1.565481e+00 2.274118e+01
    endloop
  endfacet
  facet normal 2.157727e-01 8.987579e-01 -3.816758e-01
    outer loop
      vertex   6.084057e+01 1.470470e+00 2.250000e+01
      vertex   6.087144e+01 1.565481e+00 2.274118e+01
      vertex   6.116617e+01 1.392298e+00 2.250000e+01
    endloop
  endfacet
  facet normal 2.157727e-01 8.987579e-01 -3.816758e-01
    outer loop
      vertex   6.116617e+01 1.392298e+00 2.250000e+01
      vertex   6.087144e+01 1.565481e+00 2.274118e+01
      vertex   6.118180e+01 1.490969e+00 2.274118e+01
    endloop
  endfacet
  facet normal 9.884404e-01 7.779195e-02 -1.301306e-01
    outer loop
      vertex   5.946593e+01 3.500000e+00 2.274118e+01
      vertex   5.950000e+01 3.500000e+00 2.300000e+01
      vertex   5.949097e+01 3.181801e+00 2.274118e+01
    endloop
  endfacet
  facet normal 9.792779e-01 1.103381e-01 -1.698241e-01
    outer loop
      vertex   5.949097e+01 3.181801e+00 2.274118e+01
      vertex   5.950000e+01 3.500000e+00 2.300000e+01
      vertex   5.955015e+01 3.054958e+00 2.300000e+01
    endloop
  endfacet
  facet normal 9.667573e-01 2.320979e-01 -1.072891e-01
    outer loop
      vertex   5.949097e+01 3.181801e+00 2.274118e+01
      vertex   5.955015e+01 3.054958e+00 2.300000e+01
      vertex   5.956548e+01 2.871437e+00 2.274118e+01
    endloop
  endfacet
  facet normal 9.292345e-01 3.251532e-01 -1.754956e-01
    outer loop
      vertex   5.956548e+01 2.871437e+00 2.274118e+01
      vertex   5.955015e+01 3.054958e+00 2.300000e+01
      vertex   5.969806e+01 2.632233e+00 2.300000e+01
    endloop
  endfacet
  facet normal 9.173438e-01 3.799763e-01 -1.187363e-01
    outer loop
      vertex   5.956548e+01 2.871437e+00 2.274118e+01
      vertex   5.969806e+01 2.632233e+00 2.300000e+01
      vertex   5.968763e+01 2.576550e+00 2.274118e+01
    endloop
  endfacet
  facet normal 8.435999e-01 5.169587e-01 -1.452337e-01
    outer loop
      vertex   5.968763e+01 2.576550e+00 2.274118e+01
      vertex   5.969806e+01 2.632233e+00 2.300000e+01
      vertex   5.985440e+01 2.304401e+00 2.274118e+01
    endloop
  endfacet
  facet normal 8.357695e-01 5.251488e-01 -1.603375e-01
    outer loop
      vertex   5.969806e+01 2.632233e+00 2.300000e+01
      vertex   5.993634e+01 2.253020e+00 2.300000e+01
      vertex   5.985440e+01 2.304401e+00 2.274118e+01
    endloop
  endfacet
  facet normal 7.556976e-01 6.454267e-01 -1.111105e-01
    outer loop
      vertex   5.985440e+01 2.304401e+00 2.274118e+01
      vertex   5.993634e+01 2.253020e+00 2.300000e+01
      vertex   6.006169e+01 2.061692e+00 2.274118e+01
    endloop
  endfacet
  facet normal 6.958935e-01 6.958935e-01 -1.773825e-01
    outer loop
      vertex   5.993634e+01 2.253020e+00 2.300000e+01
      vertex   6.025302e+01 1.936337e+00 2.300000e+01
      vertex   6.006169e+01 2.061692e+00 2.274118e+01
    endloop
  endfacet
  facet normal 6.454267e-01 7.556976e-01 -1.111105e-01
    outer loop
      vertex   6.006169e+01 2.061692e+00 2.274118e+01
      vertex   6.025302e+01 1.936337e+00 2.300000e+01
      vertex   6.030440e+01 1.854399e+00 2.274118e+01
    endloop
  endfacet
  facet normal 5.251488e-01 8.357695e-01 -1.603375e-01
    outer loop
      vertex   6.025302e+01 1.936337e+00 2.300000e+01
      vertex   6.063223e+01 1.698062e+00 2.300000e+01
      vertex   6.030440e+01 1.854399e+00 2.274118e+01
    endloop
  endfacet
  facet normal 5.169587e-01 8.435999e-01 -1.452337e-01
    outer loop
      vertex   6.030440e+01 1.854399e+00 2.274118e+01
      vertex   6.063223e+01 1.698062e+00 2.300000e+01
      vertex   6.057655e+01 1.687627e+00 2.274118e+01
    endloop
  endfacet
  facet normal 3.799763e-01 9.173438e-01 -1.187363e-01
    outer loop
      vertex   6.057655e+01 1.687627e+00 2.274118e+01
      vertex   6.063223e+01 1.698062e+00 2.300000e+01
      vertex   6.087144e+01 1.565481e+00 2.274118e+01
    endloop
  endfacet
  facet normal 3.251532e-01 9.292345e-01 -1.754956e-01
    outer loop
      vertex   6.087144e+01 1.565481e+00 2.274118e+01
      vertex   6.063223e+01 1.698062e+00 2.300000e+01
      vertex   6.105496e+01 1.550144e+00 2.300000e+01
    endloop
  endfacet
  facet normal 2.320979e-01 9.667573e-01 -1.072891e-01
    outer loop
      vertex   6.087144e+01 1.565481e+00 2.274118e+01
      vertex   6.105496e+01 1.550144e+00 2.300000e+01
      vertex   6.118180e+01 1.490969e+00 2.274118e+01
    endloop
  endfacet
  facet normal 1.545741e-16 9.914449e-01 -1.305262e-01
    outer loop
      vertex   6.150000e+01 1.500000e+00 2.300000e+01
      vertex   6.450000e+01 1.500000e+00 2.300000e+01
      vertex   6.150000e+01 1.465926e+00 2.274118e+01
    endloop
  endfacet
  facet normal 3.091481e-16 9.914449e-01 -1.305262e-01
    outer loop
      vertex   6.150000e+01 1.465926e+00 2.274118e+01
      vertex   6.450000e+01 1.500000e+00 2.300000e+01
      vertex   6.450000e+01 1.465926e+00 2.274118e+01
    endloop
  endfacet
  facet normal 9.063764e-16 9.238795e-01 -3.826834e-01
    outer loop
      vertex   6.150000e+01 1.465926e+00 2.274118e+01
      vertex   6.450000e+01 1.465926e+00 2.274118e+01
      vertex   6.150000e+01 1.366025e+00 2.250000e+01
    endloop
  endfacet
  facet normal 4.531882e-16 9.238795e-01 -3.826834e-01
    outer loop
      vertex   6.150000e+01 1.366025e+00 2.250000e+01
      vertex   6.450000e+01 1.465926e+00 2.274118e+01
      vertex   6.450000e+01 1.366025e+00 2.250000e+01
    endloop
  endfacet
  facet normal 7.209184e-16 7.933533e-01 -6.087614e-01
    outer loop
      vertex   6.150000e+01 1.366025e+00 2.250000e+01
      vertex   6.450000e+01 1.366025e+00 2.250000e+01
      vertex   6.150000e+01 1.207107e+00 2.229289e+01
    endloop
  endfacet
  facet normal 6.621984e-16 7.933533e-01 -6.087614e-01
    outer loop
      vertex   6.150000e+01 1.207107e+00 2.229289e+01
      vertex   6.450000e+01 1.366025e+00 2.250000e+01
      vertex   6.450000e+01 1.207107e+00 2.229289e+01
    endloop
  endfacet
  facet normal 8.944617e-16 6.087614e-01 -7.933533e-01
    outer loop
      vertex   6.150000e+01 1.207107e+00 2.229289e+01
      vertex   6.450000e+01 1.207107e+00 2.229289e+01
      vertex   6.150000e+01 1.000000e+00 2.213397e+01
    endloop
  endfacet
  facet normal 8.944617e-16 6.087614e-01 -7.933533e-01
    outer loop
      vertex   6.150000e+01 1.000000e+00 2.213397e+01
      vertex   6.450000e+01 1.207107e+00 2.229289e+01
      vertex   6.450000e+01 1.000000e+00 2.213397e+01
    endloop
  endfacet
  facet normal 1.065769e-15 3.826834e-01 -9.238795e-01
    outer loop
      vertex   6.150000e+01 1.000000e+00 2.213397e+01
      vertex   6.450000e+01 1.000000e+00 2.213397e+01
      vertex   6.150000e+01 7.588191e-01 2.203407e+01
    endloop
  endfacet
  facet normal 2.145700e-15 3.826834e-01 -9.238795e-01
    outer loop
      vertex   6.150000e+01 7.588191e-01 2.203407e+01
      vertex   6.450000e+01 1.000000e+00 2.213397e+01
      vertex   6.450000e+01 7.588191e-01 2.203407e+01
    endloop
  endfacet
  facet normal 2.333722e-15 1.305262e-01 -9.914449e-01
    outer loop
      vertex   6.150000e+01 7.588191e-01 2.203407e+01
      vertex   6.450000e+01 7.588191e-01 2.203407e+01
      vertex   6.150000e+01 5.000001e-01 2.200000e+01
    endloop
  endfacet
  facet normal -2.415220e-17 1.305262e-01 -9.914449e-01
    outer loop
      vertex   6.150000e+01 5.000001e-01 2.200000e+01
      vertex   6.450000e+01 7.588191e-01 2.203407e+01
      vertex   6.450000e+01 5.000001e-01 2.200000e+01
    endloop
  endfacet
  facet normal -9.792779e-01 1.103381e-01 -1.698241e-01
    outer loop
      vertex   6.644986e+01 3.054958e+00 2.300000e+01
      vertex   6.650000e+01 3.500000e+00 2.300000e+01
      vertex   6.650903e+01 3.181801e+00 2.274118e+01
    endloop
  endfacet
  facet normal -9.884404e-01 7.779195e-02 -1.301306e-01
    outer loop
      vertex   6.650903e+01 3.181801e+00 2.274118e+01
      vertex   6.650000e+01 3.500000e+00 2.300000e+01
      vertex   6.653408e+01 3.500000e+00 2.274118e+01
    endloop
  endfacet
  facet normal -9.214470e-01 7.251945e-02 -3.816758e-01
    outer loop
      vertex   6.650903e+01 3.181801e+00 2.274118e+01
      vertex   6.653408e+01 3.500000e+00 2.274118e+01
      vertex   6.663398e+01 3.500000e+00 2.250000e+01
    endloop
  endfacet
  facet normal -9.214470e-01 7.251945e-02 -3.816758e-01
    outer loop
      vertex   6.650903e+01 3.181801e+00 2.274118e+01
      vertex   6.663398e+01 3.500000e+00 2.250000e+01
      vertex   6.660770e+01 3.166173e+00 2.250000e+01
    endloop
  endfacet
  facet normal -7.918114e-01 6.231691e-02 -6.075782e-01
    outer loop
      vertex   6.660770e+01 3.166173e+00 2.250000e+01
      vertex   6.663398e+01 3.500000e+00 2.250000e+01
      vertex   6.679289e+01 3.500000e+00 2.229289e+01
    endloop
  endfacet
  facet normal -7.918114e-01 6.231691e-02 -6.075782e-01
    outer loop
      vertex   6.660770e+01 3.166173e+00 2.250000e+01
      vertex   6.679289e+01 3.500000e+00 2.229289e+01
      vertex   6.676466e+01 3.141313e+00 2.229289e+01
    endloop
  endfacet
  facet normal -6.080639e-01 4.785567e-02 -7.924444e-01
    outer loop
      vertex   6.676466e+01 3.141313e+00 2.229289e+01
      vertex   6.679289e+01 3.500000e+00 2.229289e+01
      vertex   6.700000e+01 3.500000e+00 2.213397e+01
    endloop
  endfacet
  facet normal -6.080639e-01 4.785567e-02 -7.924444e-01
    outer loop
      vertex   6.676466e+01 3.141313e+00 2.229289e+01
      vertex   6.700000e+01 3.500000e+00 2.213397e+01
      vertex   6.696922e+01 3.108914e+00 2.213397e+01
    endloop
  endfacet
  facet normal -3.825100e-01 3.010419e-02 -9.234608e-01
    outer loop
      vertex   6.696922e+01 3.108914e+00 2.213397e+01
      vertex   6.700000e+01 3.500000e+00 2.213397e+01
      vertex   6.724118e+01 3.500000e+00 2.203407e+01
    endloop
  endfacet
  facet normal -3.825100e-01 3.010419e-02 -9.234608e-01
    outer loop
      vertex   6.696922e+01 3.108914e+00 2.213397e+01
      vertex   6.724118e+01 3.500000e+00 2.203407e+01
      vertex   6.720743e+01 3.071185e+00 2.203407e+01
    endloop
  endfacet
  facet normal -1.305193e-01 1.027209e-02 -9.913926e-01
    outer loop
      vertex   6.720743e+01 3.071185e+00 2.203407e+01
      vertex   6.724118e+01 3.500000e+00 2.203407e+01
      vertex   6.750000e+01 3.500000e+00 2.200000e+01
    endloop
  endfacet
  facet normal -1.324121e-01 1.158455e-02 -9.911271e-01
    outer loop
      vertex   6.720743e+01 3.071185e+00 2.203407e+01
      vertex   6.750000e+01 3.500000e+00 2.200000e+01
      vertex   6.745442e+01 2.979056e+00 2.200000e+01
    endloop
  endfacet
  facet normal -1.255584e-01 3.014391e-02 -9.916282e-01
    outer loop
      vertex   6.720743e+01 3.071185e+00 2.203407e+01
      vertex   6.745442e+01 2.979056e+00 2.200000e+01
      vertex   6.710702e+01 2.652929e+00 2.203407e+01
    endloop
  endfacet
  facet normal -1.298550e-01 3.479453e-02 -9.909223e-01
    outer loop
      vertex   6.710702e+01 2.652929e+00 2.203407e+01
      vertex   6.745442e+01 2.979056e+00 2.200000e+01
      vertex   6.731908e+01 2.473940e+00 2.200000e+01
    endloop
  endfacet
  facet normal -1.180810e-01 4.891075e-02 -9.917987e-01
    outer loop
      vertex   6.710702e+01 2.652929e+00 2.203407e+01
      vertex   6.731908e+01 2.473940e+00 2.200000e+01
      vertex   6.694241e+01 2.255530e+00 2.203407e+01
    endloop
  endfacet
  facet normal -1.228423e-01 5.728231e-02 -9.907717e-01
    outer loop
      vertex   6.694241e+01 2.255530e+00 2.203407e+01
      vertex   6.731908e+01 2.473940e+00 2.200000e+01
      vertex   6.709808e+01 2.000000e+00 2.200000e+01
    endloop
  endfacet
  facet normal -1.082400e-01 6.632959e-02 -9.919095e-01
    outer loop
      vertex   6.694241e+01 2.255530e+00 2.203407e+01
      vertex   6.709808e+01 2.000000e+00 2.200000e+01
      vertex   6.671766e+01 1.888774e+00 2.203407e+01
    endloop
  endfacet
  facet normal -1.115798e-01 7.812901e-02 -9.906795e-01
    outer loop
      vertex   6.671766e+01 1.888774e+00 2.203407e+01
      vertex   6.709808e+01 2.000000e+00 2.200000e+01
      vertex   6.679813e+01 1.571637e+00 2.200000e+01
    endloop
  endfacet
  facet normal -9.620631e-02 8.216795e-02 -9.919641e-01
    outer loop
      vertex   6.671766e+01 1.888774e+00 2.203407e+01
      vertex   6.679813e+01 1.571637e+00 2.200000e+01
      vertex   6.643831e+01 1.561692e+00 2.203407e+01
    endloop
  endfacet
  facet normal -9.647720e-02 9.647720e-02 -9.906484e-01
    outer loop
      vertex   6.643831e+01 1.561692e+00 2.203407e+01
      vertex   6.679813e+01 1.571637e+00 2.200000e+01
      vertex   6.642836e+01 1.201867e+00 2.200000e+01
    endloop
  endfacet
  facet normal -8.216795e-02 9.620631e-02 -9.919641e-01
    outer loop
      vertex   6.643831e+01 1.561692e+00 2.203407e+01
      vertex   6.642836e+01 1.201867e+00 2.200000e+01
      vertex   6.611123e+01 1.282338e+00 2.203407e+01
    endloop
  endfacet
  facet normal -7.812901e-02 1.115798e-01 -9.906795e-01
    outer loop
      vertex   6.611123e+01 1.282338e+00 2.203407e+01
      vertex   6.642836e+01 1.201867e+00 2.200000e+01
      vertex   6.600000e+01 9.019238e-01 2.200000e+01
    endloop
  endfacet
  facet normal -6.632959e-02 1.082400e-01 -9.919095e-01
    outer loop
      vertex   6.611123e+01 1.282338e+00 2.203407e+01
      vertex   6.600000e+01 9.019238e-01 2.200000e+01
      vertex   6.574447e+01 1.057590e+00 2.203407e+01
    endloop
  endfacet
  facet normal -5.728231e-02 1.228423e-01 -9.907717e-01
    outer loop
      vertex   6.574447e+01 1.057590e+00 2.203407e+01
      vertex   6.600000e+01 9.019238e-01 2.200000e+01
      vertex   6.552606e+01 6.809222e-01 2.200000e+01
    endloop
  endfacet
  facet normal -4.891075e-02 1.180810e-01 -9.917987e-01
    outer loop
      vertex   6.574447e+01 1.057590e+00 2.203407e+01
      vertex   6.552606e+01 6.809222e-01 2.200000e+01
      vertex   6.534707e+01 8.929821e-01 2.203407e+01
    endloop
  endfacet
  facet normal -3.479453e-02 1.298550e-01 -9.909223e-01
    outer loop
      vertex   6.534707e+01 8.929821e-01 2.203407e+01
      vertex   6.552606e+01 6.809222e-01 2.200000e+01
      vertex   6.502095e+01 5.455768e-01 2.200000e+01
    endloop
  endfacet
  facet normal -3.014391e-02 1.255584e-01 -9.916282e-01
    outer loop
      vertex   6.534707e+01 8.929821e-01 2.203407e+01
      vertex   6.502095e+01 5.455768e-01 2.200000e+01
      vertex   6.492882e+01 7.925676e-01 2.203407e+01
    endloop
  endfacet
  facet normal -1.158455e-02 1.324121e-01 -9.911271e-01
    outer loop
      vertex   6.492882e+01 7.925676e-01 2.203407e+01
      vertex   6.502095e+01 5.455768e-01 2.200000e+01
      vertex   6.450000e+01 5.000001e-01 2.200000e+01
    endloop
  endfacet
  facet normal -1.027209e-02 1.305193e-01 -9.913926e-01
    outer loop
      vertex   6.492882e+01 7.925676e-01 2.203407e+01
      vertex   6.450000e+01 5.000001e-01 2.200000e+01
      vertex   6.450000e+01 7.588191e-01 2.203407e+01
    endloop
  endfacet
  facet normal -3.010419e-02 3.825100e-01 -9.234608e-01
    outer loop
      vertex   6.450000e+01 7.588191e-01 2.203407e+01
      vertex   6.450000e+01 1.000000e+00 2.213397e+01
      vertex   6.492882e+01 7.925676e-01 2.203407e+01
    endloop
  endfacet
  facet normal -3.010419e-02 3.825100e-01 -9.234608e-01
    outer loop
      vertex   6.492882e+01 7.925676e-01 2.203407e+01
      vertex   6.450000e+01 1.000000e+00 2.213397e+01
      vertex   6.489109e+01 1.030779e+00 2.213397e+01
    endloop
  endfacet
  facet normal -8.957130e-02 3.730913e-01 -9.234608e-01
    outer loop
      vertex   6.492882e+01 7.925676e-01 2.203407e+01
      vertex   6.489109e+01 1.030779e+00 2.213397e+01
      vertex   6.534707e+01 8.929821e-01 2.203407e+01
    endloop
  endfacet
  facet normal -8.957130e-02 3.730913e-01 -9.234608e-01
    outer loop
      vertex   6.534707e+01 8.929821e-01 2.203407e+01
      vertex   6.489109e+01 1.030779e+00 2.213397e+01
      vertex   6.527254e+01 1.122359e+00 2.213397e+01
    endloop
  endfacet
  facet normal -1.468329e-01 3.544859e-01 -9.234608e-01
    outer loop
      vertex   6.534707e+01 8.929821e-01 2.203407e+01
      vertex   6.527254e+01 1.122359e+00 2.213397e+01
      vertex   6.574447e+01 1.057590e+00 2.203407e+01
    endloop
  endfacet
  facet normal -1.468329e-01 3.544859e-01 -9.234608e-01
    outer loop
      vertex   6.574447e+01 1.057590e+00 2.203407e+01
      vertex   6.527254e+01 1.122359e+00 2.213397e+01
      vertex   6.563498e+01 1.272484e+00 2.213397e+01
    endloop
  endfacet
  facet normal -2.004789e-01 3.271519e-01 -9.234608e-01
    outer loop
      vertex   6.574447e+01 1.057590e+00 2.203407e+01
      vertex   6.563498e+01 1.272484e+00 2.213397e+01
      vertex   6.611123e+01 1.282338e+00 2.203407e+01
    endloop
  endfacet
  facet normal -2.004789e-01 3.271519e-01 -9.234608e-01
    outer loop
      vertex   6.611123e+01 1.282338e+00 2.203407e+01
      vertex   6.563498e+01 1.272484e+00 2.213397e+01
      vertex   6.596946e+01 1.477458e+00 2.213397e+01
    endloop
  endfacet
  facet normal -2.491885e-01 2.917623e-01 -9.234608e-01
    outer loop
      vertex   6.611123e+01 1.282338e+00 2.203407e+01
      vertex   6.596946e+01 1.477458e+00 2.213397e+01
      vertex   6.643831e+01 1.561692e+00 2.203407e+01
    endloop
  endfacet
  facet normal -2.491885e-01 2.917623e-01 -9.234608e-01
    outer loop
      vertex   6.643831e+01 1.561692e+00 2.203407e+01
      vertex   6.596946e+01 1.477458e+00 2.213397e+01
      vertex   6.626777e+01 1.732233e+00 2.213397e+01
    endloop
  endfacet
  facet normal -2.917623e-01 2.491885e-01 -9.234608e-01
    outer loop
      vertex   6.643831e+01 1.561692e+00 2.203407e+01
      vertex   6.626777e+01 1.732233e+00 2.213397e+01
      vertex   6.671766e+01 1.888774e+00 2.203407e+01
    endloop
  endfacet
  facet normal -2.917623e-01 2.491885e-01 -9.234608e-01
    outer loop
      vertex   6.671766e+01 1.888774e+00 2.203407e+01
      vertex   6.626777e+01 1.732233e+00 2.213397e+01
      vertex   6.652254e+01 2.030537e+00 2.213397e+01
    endloop
  endfacet
  facet normal -3.271519e-01 2.004789e-01 -9.234608e-01
    outer loop
      vertex   6.671766e+01 1.888774e+00 2.203407e+01
      vertex   6.652254e+01 2.030537e+00 2.213397e+01
      vertex   6.694241e+01 2.255530e+00 2.203407e+01
    endloop
  endfacet
  facet normal -3.271519e-01 2.004789e-01 -9.234608e-01
    outer loop
      vertex   6.694241e+01 2.255530e+00 2.203407e+01
      vertex   6.652254e+01 2.030537e+00 2.213397e+01
      vertex   6.672752e+01 2.365024e+00 2.213397e+01
    endloop
  endfacet
  facet normal -3.544859e-01 1.468329e-01 -9.234608e-01
    outer loop
      vertex   6.694241e+01 2.255530e+00 2.203407e+01
      vertex   6.672752e+01 2.365024e+00 2.213397e+01
      vertex   6.710702e+01 2.652929e+00 2.203407e+01
    endloop
  endfacet
  facet normal -3.544859e-01 1.468329e-01 -9.234608e-01
    outer loop
      vertex   6.710702e+01 2.652929e+00 2.203407e+01
      vertex   6.672752e+01 2.365024e+00 2.213397e+01
      vertex   6.687764e+01 2.727458e+00 2.213397e+01
    endloop
  endfacet
  facet normal -3.730913e-01 8.957130e-02 -9.234608e-01
    outer loop
      vertex   6.710702e+01 2.652929e+00 2.203407e+01
      vertex   6.687764e+01 2.727458e+00 2.213397e+01
      vertex   6.720743e+01 3.071185e+00 2.203407e+01
    endloop
  endfacet
  facet normal -3.730913e-01 8.957130e-02 -9.234608e-01
    outer loop
      vertex   6.720743e+01 3.071185e+00 2.203407e+01
      vertex   6.687764e+01 2.727458e+00 2.213397e+01
      vertex   6.696922e+01 3.108914e+00 2.213397e+01
    endloop
  endfacet
  facet normal -4.785567e-02 6.080639e-01 -7.924444e-01
    outer loop
      vertex   6.450000e+01 1.000000e+00 2.213397e+01
      vertex   6.450000e+01 1.207107e+00 2.229289e+01
      vertex   6.489109e+01 1.030779e+00 2.213397e+01
    endloop
  endfacet
  facet normal -4.785567e-02 6.080639e-01 -7.924444e-01
    outer loop
      vertex   6.489109e+01 1.030779e+00 2.213397e+01
      vertex   6.450000e+01 1.207107e+00 2.229289e+01
      vertex   6.485869e+01 1.235336e+00 2.229289e+01
    endloop
  endfacet
  facet normal -1.423886e-01 5.930914e-01 -7.924444e-01
    outer loop
      vertex   6.489109e+01 1.030779e+00 2.213397e+01
      vertex   6.485869e+01 1.235336e+00 2.229289e+01
      vertex   6.527254e+01 1.122359e+00 2.213397e+01
    endloop
  endfacet
  facet normal -1.423886e-01 5.930914e-01 -7.924444e-01
    outer loop
      vertex   6.527254e+01 1.122359e+00 2.213397e+01
      vertex   6.485869e+01 1.235336e+00 2.229289e+01
      vertex   6.520854e+01 1.319329e+00 2.229289e+01
    endloop
  endfacet
  facet normal -2.334155e-01 5.635150e-01 -7.924444e-01
    outer loop
      vertex   6.527254e+01 1.122359e+00 2.213397e+01
      vertex   6.520854e+01 1.319329e+00 2.229289e+01
      vertex   6.563498e+01 1.272484e+00 2.213397e+01
    endloop
  endfacet
  facet normal -2.334155e-01 5.635150e-01 -7.924444e-01
    outer loop
      vertex   6.563498e+01 1.272484e+00 2.213397e+01
      vertex   6.520854e+01 1.319329e+00 2.229289e+01
      vertex   6.554095e+01 1.457017e+00 2.229289e+01
    endloop
  endfacet
  facet normal -3.186950e-01 5.200629e-01 -7.924444e-01
    outer loop
      vertex   6.563498e+01 1.272484e+00 2.213397e+01
      vertex   6.554095e+01 1.457017e+00 2.229289e+01
      vertex   6.596946e+01 1.477458e+00 2.213397e+01
    endloop
  endfacet
  facet normal -3.186950e-01 5.200629e-01 -7.924444e-01
    outer loop
      vertex   6.596946e+01 1.477458e+00 2.213397e+01
      vertex   6.554095e+01 1.457017e+00 2.229289e+01
      vertex   6.584773e+01 1.645010e+00 2.229289e+01
    endloop
  endfacet
  facet normal -3.961271e-01 4.638052e-01 -7.924444e-01
    outer loop
      vertex   6.596946e+01 1.477458e+00 2.213397e+01
      vertex   6.584773e+01 1.645010e+00 2.229289e+01
      vertex   6.626777e+01 1.732233e+00 2.213397e+01
    endloop
  endfacet
  facet normal -3.961271e-01 4.638052e-01 -7.924444e-01
    outer loop
      vertex   6.626777e+01 1.732233e+00 2.213397e+01
      vertex   6.584773e+01 1.645010e+00 2.229289e+01
      vertex   6.612132e+01 1.878680e+00 2.229289e+01
    endloop
  endfacet
  facet normal -4.638052e-01 3.961271e-01 -7.924444e-01
    outer loop
      vertex   6.626777e+01 1.732233e+00 2.213397e+01
      vertex   6.612132e+01 1.878680e+00 2.229289e+01
      vertex   6.652254e+01 2.030537e+00 2.213397e+01
    endloop
  endfacet
  facet normal -4.638052e-01 3.961271e-01 -7.924444e-01
    outer loop
      vertex   6.652254e+01 2.030537e+00 2.213397e+01
      vertex   6.612132e+01 1.878680e+00 2.229289e+01
      vertex   6.635499e+01 2.152271e+00 2.229289e+01
    endloop
  endfacet
  facet normal -5.200629e-01 3.186950e-01 -7.924444e-01
    outer loop
      vertex   6.652254e+01 2.030537e+00 2.213397e+01
      vertex   6.635499e+01 2.152271e+00 2.229289e+01
      vertex   6.672752e+01 2.365024e+00 2.213397e+01
    endloop
  endfacet
  facet normal -5.200629e-01 3.186950e-01 -7.924444e-01
    outer loop
      vertex   6.672752e+01 2.365024e+00 2.213397e+01
      vertex   6.635499e+01 2.152271e+00 2.229289e+01
      vertex   6.654298e+01 2.459048e+00 2.229289e+01
    endloop
  endfacet
  facet normal -5.635150e-01 2.334155e-01 -7.924444e-01
    outer loop
      vertex   6.672752e+01 2.365024e+00 2.213397e+01
      vertex   6.654298e+01 2.459048e+00 2.229289e+01
      vertex   6.687764e+01 2.727458e+00 2.213397e+01
    endloop
  endfacet
  facet normal -5.635150e-01 2.334155e-01 -7.924444e-01
    outer loop
      vertex   6.687764e+01 2.727458e+00 2.213397e+01
      vertex   6.654298e+01 2.459048e+00 2.229289e+01
      vertex   6.668067e+01 2.791457e+00 2.229289e+01
    endloop
  endfacet
  facet normal -5.930914e-01 1.423886e-01 -7.924444e-01
    outer loop
      vertex   6.687764e+01 2.727458e+00 2.213397e+01
      vertex   6.668067e+01 2.791457e+00 2.229289e+01
      vertex   6.696922e+01 3.108914e+00 2.213397e+01
    endloop
  endfacet
  facet normal -5.930914e-01 1.423886e-01 -7.924444e-01
    outer loop
      vertex   6.696922e+01 3.108914e+00 2.213397e+01
      vertex   6.668067e+01 2.791457e+00 2.229289e+01
      vertex   6.676466e+01 3.141313e+00 2.229289e+01
    endloop
  endfacet
  facet normal -6.231691e-02 7.918114e-01 -6.075782e-01
    outer loop
      vertex   6.450000e+01 1.207107e+00 2.229289e+01
      vertex   6.450000e+01 1.366025e+00 2.250000e+01
      vertex   6.485869e+01 1.235336e+00 2.229289e+01
    endloop
  endfacet
  facet normal -6.231691e-02 7.918114e-01 -6.075782e-01
    outer loop
      vertex   6.485869e+01 1.235336e+00 2.229289e+01
      vertex   6.450000e+01 1.366025e+00 2.250000e+01
      vertex   6.483383e+01 1.392298e+00 2.250000e+01
    endloop
  endfacet
  facet normal -1.854163e-01 7.723144e-01 -6.075782e-01
    outer loop
      vertex   6.485869e+01 1.235336e+00 2.229289e+01
      vertex   6.483383e+01 1.392298e+00 2.250000e+01
      vertex   6.520854e+01 1.319329e+00 2.229289e+01
    endloop
  endfacet
  facet normal -1.854163e-01 7.723144e-01 -6.075782e-01
    outer loop
      vertex   6.520854e+01 1.319329e+00 2.229289e+01
      vertex   6.483383e+01 1.392298e+00 2.250000e+01
      vertex   6.515944e+01 1.470470e+00 2.250000e+01
    endloop
  endfacet
  facet normal -3.039501e-01 7.338004e-01 -6.075782e-01
    outer loop
      vertex   6.520854e+01 1.319329e+00 2.229289e+01
      vertex   6.515944e+01 1.470470e+00 2.250000e+01
      vertex   6.554095e+01 1.457017e+00 2.229289e+01
    endloop
  endfacet
  facet normal -3.039501e-01 7.338004e-01 -6.075782e-01
    outer loop
      vertex   6.554095e+01 1.457017e+00 2.229289e+01
      vertex   6.515944e+01 1.470470e+00 2.250000e+01
      vertex   6.546881e+01 1.598615e+00 2.250000e+01
    endloop
  endfacet
  facet normal -4.149996e-01 6.772178e-01 -6.075782e-01
    outer loop
      vertex   6.554095e+01 1.457017e+00 2.229289e+01
      vertex   6.546881e+01 1.598615e+00 2.250000e+01
      vertex   6.584773e+01 1.645010e+00 2.229289e+01
    endloop
  endfacet
  facet normal -4.149996e-01 6.772178e-01 -6.075782e-01
    outer loop
      vertex   6.584773e+01 1.645010e+00 2.229289e+01
      vertex   6.546881e+01 1.598615e+00 2.250000e+01
      vertex   6.575432e+01 1.773578e+00 2.250000e+01
    endloop
  endfacet
  facet normal -5.158305e-01 6.039599e-01 -6.075782e-01
    outer loop
      vertex   6.584773e+01 1.645010e+00 2.229289e+01
      vertex   6.575432e+01 1.773578e+00 2.250000e+01
      vertex   6.612132e+01 1.878680e+00 2.229289e+01
    endloop
  endfacet
  facet normal -5.158305e-01 6.039599e-01 -6.075782e-01
    outer loop
      vertex   6.612132e+01 1.878680e+00 2.229289e+01
      vertex   6.575432e+01 1.773578e+00 2.250000e+01
      vertex   6.600895e+01 1.991052e+00 2.250000e+01
    endloop
  endfacet
  facet normal -6.039599e-01 5.158305e-01 -6.075782e-01
    outer loop
      vertex   6.612132e+01 1.878680e+00 2.229289e+01
      vertex   6.600895e+01 1.991052e+00 2.250000e+01
      vertex   6.635499e+01 2.152271e+00 2.229289e+01
    endloop
  endfacet
  facet normal -6.039599e-01 5.158305e-01 -6.075782e-01
    outer loop
      vertex   6.635499e+01 2.152271e+00 2.229289e+01
      vertex   6.600895e+01 1.991052e+00 2.250000e+01
      vertex   6.622642e+01 2.245681e+00 2.250000e+01
    endloop
  endfacet
  facet normal -6.772178e-01 4.149996e-01 -6.075782e-01
    outer loop
      vertex   6.635499e+01 2.152271e+00 2.229289e+01
      vertex   6.622642e+01 2.245681e+00 2.250000e+01
      vertex   6.654298e+01 2.459048e+00 2.229289e+01
    endloop
  endfacet
  facet normal -6.772178e-01 4.149996e-01 -6.075782e-01
    outer loop
      vertex   6.654298e+01 2.459048e+00 2.229289e+01
      vertex   6.622642e+01 2.245681e+00 2.250000e+01
      vertex   6.640139e+01 2.531196e+00 2.250000e+01
    endloop
  endfacet
  facet normal -7.338004e-01 3.039501e-01 -6.075782e-01
    outer loop
      vertex   6.654298e+01 2.459048e+00 2.229289e+01
      vertex   6.640139e+01 2.531196e+00 2.250000e+01
      vertex   6.668067e+01 2.791457e+00 2.229289e+01
    endloop
  endfacet
  facet normal -7.338004e-01 3.039501e-01 -6.075782e-01
    outer loop
      vertex   6.668067e+01 2.791457e+00 2.229289e+01
      vertex   6.640139e+01 2.531196e+00 2.250000e+01
      vertex   6.652953e+01 2.840566e+00 2.250000e+01
    endloop
  endfacet
  facet normal -7.723144e-01 1.854163e-01 -6.075782e-01
    outer loop
      vertex   6.668067e+01 2.791457e+00 2.229289e+01
      vertex   6.652953e+01 2.840566e+00 2.250000e+01
      vertex   6.676466e+01 3.141313e+00 2.229289e+01
    endloop
  endfacet
  facet normal -7.723144e-01 1.854163e-01 -6.075782e-01
    outer loop
      vertex   6.676466e+01 3.141313e+00 2.229289e+01
      vertex   6.652953e+01 2.840566e+00 2.250000e+01
      vertex   6.660770e+01 3.166173e+00 2.250000e+01
    endloop
  endfacet
  facet normal -7.251945e-02 9.214470e-01 -3.816758e-01
    outer loop
      vertex   6.450000e+01 1.366025e+00 2.250000e+01
      vertex   6.450000e+01 1.465926e+00 2.274118e+01
      vertex   6.483383e+01 1.392298e+00 2.250000e+01
    endloop
  endfacet
  facet normal -7.251945e-02 9.214470e-01 -3.816758e-01
    outer loop
      vertex   6.483383e+01 1.392298e+00 2.250000e+01
      vertex   6.450000e+01 1.465926e+00 2.274118e+01
      vertex   6.481820e+01 1.490969e+00 2.274118e+01
    endloop
  endfacet
  facet normal -2.157727e-01 8.987579e-01 -3.816758e-01
    outer loop
      vertex   6.483383e+01 1.392298e+00 2.250000e+01
      vertex   6.481820e+01 1.490969e+00 2.274118e+01
      vertex   6.515944e+01 1.470470e+00 2.250000e+01
    endloop
  endfacet
  facet normal -2.157727e-01 8.987579e-01 -3.816758e-01
    outer loop
      vertex   6.515944e+01 1.470470e+00 2.250000e+01
      vertex   6.481820e+01 1.490969e+00 2.274118e+01
      vertex   6.512856e+01 1.565481e+00 2.274118e+01
    endloop
  endfacet
  facet normal -3.537129e-01 8.539384e-01 -3.816758e-01
    outer loop
      vertex   6.515944e+01 1.470470e+00 2.250000e+01
      vertex   6.512856e+01 1.565481e+00 2.274118e+01
      vertex   6.546881e+01 1.598615e+00 2.250000e+01
    endloop
  endfacet
  facet normal -3.537129e-01 8.539384e-01 -3.816758e-01
    outer loop
      vertex   6.546881e+01 1.598615e+00 2.250000e+01
      vertex   6.512856e+01 1.565481e+00 2.274118e+01
      vertex   6.542345e+01 1.687627e+00 2.274118e+01
    endloop
  endfacet
  facet normal -4.829435e-01 7.880921e-01 -3.816758e-01
    outer loop
      vertex   6.546881e+01 1.598615e+00 2.250000e+01
      vertex   6.542345e+01 1.687627e+00 2.274118e+01
      vertex   6.575432e+01 1.773578e+00 2.250000e+01
    endloop
  endfacet
  facet normal -4.829435e-01 7.880921e-01 -3.816758e-01
    outer loop
      vertex   6.575432e+01 1.773578e+00 2.250000e+01
      vertex   6.542345e+01 1.687627e+00 2.274118e+01
      vertex   6.569560e+01 1.854399e+00 2.274118e+01
    endloop
  endfacet
  facet normal -6.002824e-01 7.028404e-01 -3.816758e-01
    outer loop
      vertex   6.575432e+01 1.773578e+00 2.250000e+01
      vertex   6.569560e+01 1.854399e+00 2.274118e+01
      vertex   6.600895e+01 1.991052e+00 2.250000e+01
    endloop
  endfacet
  facet normal -6.002824e-01 7.028404e-01 -3.816758e-01
    outer loop
      vertex   6.600895e+01 1.991052e+00 2.250000e+01
      vertex   6.569560e+01 1.854399e+00 2.274118e+01
      vertex   6.593831e+01 2.061692e+00 2.274118e+01
    endloop
  endfacet
  facet normal -7.028404e-01 6.002824e-01 -3.816758e-01
    outer loop
      vertex   6.600895e+01 1.991052e+00 2.250000e+01
      vertex   6.593831e+01 2.061692e+00 2.274118e+01
      vertex   6.622642e+01 2.245681e+00 2.250000e+01
    endloop
  endfacet
  facet normal -7.028404e-01 6.002824e-01 -3.816758e-01
    outer loop
      vertex   6.622642e+01 2.245681e+00 2.250000e+01
      vertex   6.593831e+01 2.061692e+00 2.274118e+01
      vertex   6.614560e+01 2.304401e+00 2.274118e+01
    endloop
  endfacet
  facet normal -7.880921e-01 4.829435e-01 -3.816758e-01
    outer loop
      vertex   6.622642e+01 2.245681e+00 2.250000e+01
      vertex   6.614560e+01 2.304401e+00 2.274118e+01
      vertex   6.640139e+01 2.531196e+00 2.250000e+01
    endloop
  endfacet
  facet normal -7.880921e-01 4.829435e-01 -3.816758e-01
    outer loop
      vertex   6.640139e+01 2.531196e+00 2.250000e+01
      vertex   6.614560e+01 2.304401e+00 2.274118e+01
      vertex   6.631237e+01 2.576550e+00 2.274118e+01
    endloop
  endfacet
  facet normal -8.539384e-01 3.537129e-01 -3.816758e-01
    outer loop
      vertex   6.640139e+01 2.531196e+00 2.250000e+01
      vertex   6.631237e+01 2.576550e+00 2.274118e+01
      vertex   6.652953e+01 2.840566e+00 2.250000e+01
    endloop
  endfacet
  facet normal -8.539384e-01 3.537129e-01 -3.816758e-01
    outer loop
      vertex   6.652953e+01 2.840566e+00 2.250000e+01
      vertex   6.631237e+01 2.576550e+00 2.274118e+01
      vertex   6.643452e+01 2.871437e+00 2.274118e+01
    endloop
  endfacet
  facet normal -8.987579e-01 2.157727e-01 -3.816758e-01
    outer loop
      vertex   6.652953e+01 2.840566e+00 2.250000e+01
      vertex   6.643452e+01 2.871437e+00 2.274118e+01
      vertex   6.660770e+01 3.166173e+00 2.250000e+01
    endloop
  endfacet
  facet normal -8.987579e-01 2.157727e-01 -3.816758e-01
    outer loop
      vertex   6.660770e+01 3.166173e+00 2.250000e+01
      vertex   6.643452e+01 2.871437e+00 2.274118e+01
      vertex   6.650903e+01 3.181801e+00 2.274118e+01
    endloop
  endfacet
  facet normal -7.779195e-02 9.884404e-01 -1.301306e-01
    outer loop
      vertex   6.450000e+01 1.465926e+00 2.274118e+01
      vertex   6.450000e+01 1.500000e+00 2.300000e+01
      vertex   6.481820e+01 1.490969e+00 2.274118e+01
    endloop
  endfacet
  facet normal -1.103381e-01 9.792779e-01 -1.698241e-01
    outer loop
      vertex   6.481820e+01 1.490969e+00 2.274118e+01
      vertex   6.450000e+01 1.500000e+00 2.300000e+01
      vertex   6.494504e+01 1.550144e+00 2.300000e+01
    endloop
  endfacet
  facet normal -2.320979e-01 9.667573e-01 -1.072891e-01
    outer loop
      vertex   6.481820e+01 1.490969e+00 2.274118e+01
      vertex   6.494504e+01 1.550144e+00 2.300000e+01
      vertex   6.512856e+01 1.565481e+00 2.274118e+01
    endloop
  endfacet
  facet normal -3.251532e-01 9.292345e-01 -1.754956e-01
    outer loop
      vertex   6.512856e+01 1.565481e+00 2.274118e+01
      vertex   6.494504e+01 1.550144e+00 2.300000e+01
      vertex   6.536777e+01 1.698062e+00 2.300000e+01
    endloop
  endfacet
  facet normal -3.799763e-01 9.173438e-01 -1.187363e-01
    outer loop
      vertex   6.512856e+01 1.565481e+00 2.274118e+01
      vertex   6.536777e+01 1.698062e+00 2.300000e+01
      vertex   6.542345e+01 1.687627e+00 2.274118e+01
    endloop
  endfacet
  facet normal -5.169587e-01 8.435999e-01 -1.452337e-01
    outer loop
      vertex   6.542345e+01 1.687627e+00 2.274118e+01
      vertex   6.536777e+01 1.698062e+00 2.300000e+01
      vertex   6.569560e+01 1.854399e+00 2.274118e+01
    endloop
  endfacet
  facet normal -5.251488e-01 8.357695e-01 -1.603375e-01
    outer loop
      vertex   6.536777e+01 1.698062e+00 2.300000e+01
      vertex   6.574698e+01 1.936337e+00 2.300000e+01
      vertex   6.569560e+01 1.854399e+00 2.274118e+01
    endloop
  endfacet
  facet normal -6.454267e-01 7.556976e-01 -1.111105e-01
    outer loop
      vertex   6.569560e+01 1.854399e+00 2.274118e+01
      vertex   6.574698e+01 1.936337e+00 2.300000e+01
      vertex   6.593831e+01 2.061692e+00 2.274118e+01
    endloop
  endfacet
  facet normal -6.958935e-01 6.958935e-01 -1.773825e-01
    outer loop
      vertex   6.574698e+01 1.936337e+00 2.300000e+01
      vertex   6.606366e+01 2.253020e+00 2.300000e+01
      vertex   6.593831e+01 2.061692e+00 2.274118e+01
    endloop
  endfacet
  facet normal -7.556976e-01 6.454267e-01 -1.111105e-01
    outer loop
      vertex   6.593831e+01 2.061692e+00 2.274118e+01
      vertex   6.606366e+01 2.253020e+00 2.300000e+01
      vertex   6.614560e+01 2.304401e+00 2.274118e+01
    endloop
  endfacet
  facet normal -8.357695e-01 5.251488e-01 -1.603375e-01
    outer loop
      vertex   6.606366e+01 2.253020e+00 2.300000e+01
      vertex   6.630194e+01 2.632233e+00 2.300000e+01
      vertex   6.614560e+01 2.304401e+00 2.274118e+01
    endloop
  endfacet
  facet normal -8.435999e-01 5.169587e-01 -1.452337e-01
    outer loop
      vertex   6.614560e+01 2.304401e+00 2.274118e+01
      vertex   6.630194e+01 2.632233e+00 2.300000e+01
      vertex   6.631237e+01 2.576550e+00 2.274118e+01
    endloop
  endfacet
  facet normal -9.173438e-01 3.799763e-01 -1.187363e-01
    outer loop
      vertex   6.631237e+01 2.576550e+00 2.274118e+01
      vertex   6.630194e+01 2.632233e+00 2.300000e+01
      vertex   6.643452e+01 2.871437e+00 2.274118e+01
    endloop
  endfacet
  facet normal -9.292345e-01 3.251532e-01 -1.754956e-01
    outer loop
      vertex   6.643452e+01 2.871437e+00 2.274118e+01
      vertex   6.630194e+01 2.632233e+00 2.300000e+01
      vertex   6.644986e+01 3.054958e+00 2.300000e+01
    endloop
  endfacet
  facet normal -9.667573e-01 2.320979e-01 -1.072891e-01
    outer loop
      vertex   6.643452e+01 2.871437e+00 2.274118e+01
      vertex   6.644986e+01 3.054958e+00 2.300000e+01
      vertex   6.650903e+01 3.181801e+00 2.274118e+01
    endloop
  endfacet
  facet normal -9.801714e-02 -0.000000e+00 -9.951847e-01
    outer loop
      vertex   6.750000e+01 7.500000e+00 2.200000e+01
      vertex   6.750000e+01 3.500000e+00 2.200000e+01
      vertex   6.730491e+01 7.304910e+00 2.201921e+01
    endloop
  endfacet
  facet normal -1.305260e-01 -1.685731e-03 -9.914435e-01
    outer loop
      vertex   6.730491e+01 7.304910e+00 2.201921e+01
      vertex   6.750000e+01 3.500000e+00 2.200000e+01
      vertex   6.724118e+01 3.500000e+00 2.203407e+01
    endloop
  endfacet
  facet normal -2.913316e-01 1.143605e-03 -9.566215e-01
    outer loop
      vertex   6.730491e+01 7.304910e+00 2.201921e+01
      vertex   6.724118e+01 3.500000e+00 2.203407e+01
      vertex   6.711732e+01 7.117317e+00 2.207612e+01
    endloop
  endfacet
  facet normal -3.826824e-01 -2.365045e-03 -9.238769e-01
    outer loop
      vertex   6.711732e+01 7.117317e+00 2.207612e+01
      vertex   6.724118e+01 3.500000e+00 2.203407e+01
      vertex   6.700000e+01 3.500000e+00 2.213397e+01
    endloop
  endfacet
  facet normal -4.723467e-01 1.222111e-03 -8.814120e-01
    outer loop
      vertex   6.711732e+01 7.117317e+00 2.207612e+01
      vertex   6.700000e+01 3.500000e+00 2.213397e+01
      vertex   6.694443e+01 6.944430e+00 2.216853e+01
    endloop
  endfacet
  facet normal -6.087604e-01 -1.862152e-03 -7.933520e-01
    outer loop
      vertex   6.694443e+01 6.944430e+00 2.216853e+01
      vertex   6.700000e+01 3.500000e+00 2.213397e+01
      vertex   6.679289e+01 3.500000e+00 2.229289e+01
    endloop
  endfacet
  facet normal -6.343933e-01 8.330715e-16 -7.730105e-01
    outer loop
      vertex   6.694443e+01 6.944430e+00 2.216853e+01
      vertex   6.679289e+01 3.500000e+00 2.229289e+01
      vertex   6.679289e+01 6.792893e+00 2.229289e+01
    endloop
  endfacet
  facet normal -7.730105e-01 6.844491e-16 -6.343933e-01
    outer loop
      vertex   6.679289e+01 6.792893e+00 2.229289e+01
      vertex   6.679289e+01 3.500000e+00 2.229289e+01
      vertex   6.666853e+01 6.668530e+00 2.244443e+01
    endloop
  endfacet
  facet normal -7.933517e-01 -2.024298e-03 -6.087602e-01
    outer loop
      vertex   6.666853e+01 6.668530e+00 2.244443e+01
      vertex   6.679289e+01 3.500000e+00 2.229289e+01
      vertex   6.663398e+01 3.500000e+00 2.250000e+01
    endloop
  endfacet
  facet normal -8.822234e-01 1.363989e-03 -4.708291e-01
    outer loop
      vertex   6.666853e+01 6.668530e+00 2.244443e+01
      vertex   6.663398e+01 3.500000e+00 2.250000e+01
      vertex   6.657612e+01 6.576121e+00 2.261732e+01
    endloop
  endfacet
  facet normal -9.238760e-01 -2.781135e-03 -3.826820e-01
    outer loop
      vertex   6.657612e+01 6.576121e+00 2.261732e+01
      vertex   6.663398e+01 3.500000e+00 2.250000e+01
      vertex   6.653408e+01 3.500000e+00 2.274118e+01
    endloop
  endfacet
  facet normal -9.570580e-01 1.408696e-03 -2.898931e-01
    outer loop
      vertex   6.657612e+01 6.576121e+00 2.261732e+01
      vertex   6.653408e+01 3.500000e+00 2.274118e+01
      vertex   6.651922e+01 6.519215e+00 2.280491e+01
    endloop
  endfacet
  facet normal -9.891369e-01 -1.765616e-03 -1.469865e-01
    outer loop
      vertex   6.651922e+01 6.519215e+00 2.280491e+01
      vertex   6.653408e+01 3.500000e+00 2.274118e+01
      vertex   6.650482e+01 6.504815e+00 2.290198e+01
    endloop
  endfacet
  facet normal -9.914413e-01 -2.668949e-03 -1.305257e-01
    outer loop
      vertex   6.650482e+01 6.504815e+00 2.290198e+01
      vertex   6.653408e+01 3.500000e+00 2.274118e+01
      vertex   6.650000e+01 3.500000e+00 2.300000e+01
    endloop
  endfacet
  facet normal -9.987955e-01 5.800215e-17 -4.906767e-02
    outer loop
      vertex   6.650482e+01 6.504815e+00 2.290198e+01
      vertex   6.650000e+01 3.500000e+00 2.300000e+01
      vertex   6.650000e+01 6.500000e+00 2.300000e+01
    endloop
  endfacet
  facet normal 0.000000e+00 -9.801714e-02 -9.951847e-01
    outer loop
      vertex   5.850000e+01 7.500000e+00 2.200000e+01
      vertex   6.750000e+01 7.500000e+00 2.200000e+01
      vertex   5.869509e+01 7.304910e+00 2.201921e+01
    endloop
  endfacet
  facet normal 1.181526e-03 -1.506918e-01 -9.885801e-01
    outer loop
      vertex   5.869509e+01 7.304910e+00 2.201921e+01
      vertex   6.750000e+01 7.500000e+00 2.200000e+01
      vertex   6.300000e+01 7.241181e+00 2.203407e+01
    endloop
  endfacet
  facet normal -1.008824e-03 -2.912082e-01 -9.566592e-01
    outer loop
      vertex   5.869509e+01 7.304910e+00 2.201921e+01
      vertex   6.300000e+01 7.241181e+00 2.203407e+01
      vertex   5.888268e+01 7.117317e+00 2.207612e+01
    endloop
  endfacet
  facet normal 2.077839e-03 -3.826826e-01 -9.238775e-01
    outer loop
      vertex   5.888268e+01 7.117317e+00 2.207612e+01
      vertex   6.300000e+01 7.241181e+00 2.203407e+01
      vertex   6.300000e+01 7.000000e+00 2.213397e+01
    endloop
  endfacet
  facet normal -1.069425e-03 -4.722280e-01 -8.814758e-01
    outer loop
      vertex   5.888268e+01 7.117317e+00 2.207612e+01
      vertex   6.300000e+01 7.000000e+00 2.213397e+01
      vertex   5.905557e+01 6.944430e+00 2.216853e+01
    endloop
  endfacet
  facet normal 1.626104e-03 -6.087606e-01 -7.933523e-01
    outer loop
      vertex   5.905557e+01 6.944430e+00 2.216853e+01
      vertex   6.300000e+01 7.000000e+00 2.213397e+01
      vertex   6.300000e+01 6.792893e+00 2.229289e+01
    endloop
  endfacet
  facet normal 0.000000e+00 -6.343933e-01 -7.730105e-01
    outer loop
      vertex   5.905557e+01 6.944430e+00 2.216853e+01
      vertex   6.300000e+01 6.792893e+00 2.229289e+01
      vertex   5.920711e+01 6.792893e+00 2.229289e+01
    endloop
  endfacet
  facet normal 0.000000e+00 -7.730105e-01 -6.343933e-01
    outer loop
      vertex   5.920711e+01 6.792893e+00 2.229289e+01
      vertex   6.300000e+01 6.792893e+00 2.229289e+01
      vertex   5.933147e+01 6.668530e+00 2.244443e+01
    endloop
  endfacet
  facet normal 1.748398e-03 -7.933521e-01 -6.087605e-01
    outer loop
      vertex   5.933147e+01 6.668530e+00 2.244443e+01
      vertex   6.300000e+01 6.792893e+00 2.229289e+01
      vertex   6.300000e+01 6.633975e+00 2.250000e+01
    endloop
  endfacet
  facet normal -1.176512e-03 -8.821820e-01 -4.709072e-01
    outer loop
      vertex   5.933147e+01 6.668530e+00 2.244443e+01
      vertex   6.300000e+01 6.633975e+00 2.250000e+01
      vertex   5.942388e+01 6.576121e+00 2.261732e+01
    endloop
  endfacet
  facet normal 2.392289e-03 -9.238769e-01 -3.826823e-01
    outer loop
      vertex   5.942388e+01 6.576121e+00 2.261732e+01
      vertex   6.300000e+01 6.633975e+00 2.250000e+01
      vertex   6.300000e+01 6.534074e+00 2.274118e+01
    endloop
  endfacet
  facet normal -1.209625e-03 -9.570415e-01 -2.899484e-01
    outer loop
      vertex   5.942388e+01 6.576121e+00 2.261732e+01
      vertex   6.300000e+01 6.534074e+00 2.274118e+01
      vertex   5.948079e+01 6.519215e+00 2.280491e+01
    endloop
  endfacet
  facet normal 1.515443e-03 -9.891427e-01 -1.469503e-01
    outer loop
      vertex   5.948079e+01 6.519215e+00 2.280491e+01
      vertex   6.300000e+01 6.534074e+00 2.274118e+01
      vertex   5.949519e+01 6.504815e+00 2.290198e+01
    endloop
  endfacet
  facet normal 0.000000e+00 -9.838460e-01 -1.790169e-01
    outer loop
      vertex   5.949519e+01 6.504815e+00 2.290198e+01
      vertex   6.300000e+01 6.534074e+00 2.274118e+01
      vertex   6.650482e+01 6.504815e+00 2.290198e+01
    endloop
  endfacet
  facet normal 0.000000e+00 -9.987955e-01 -4.906767e-02
    outer loop
      vertex   5.949519e+01 6.504815e+00 2.290198e+01
      vertex   6.650482e+01 6.504815e+00 2.290198e+01
      vertex   5.950000e+01 6.500000e+00 2.300000e+01
    endloop
  endfacet
  facet normal 0.000000e+00 -9.987955e-01 -4.906767e-02
    outer loop
      vertex   5.950000e+01 6.500000e+00 2.300000e+01
      vertex   6.650482e+01 6.504815e+00 2.290198e+01
      vertex   6.650000e+01 6.500000e+00 2.300000e+01
    endloop
  endfacet
  facet normal -2.014308e-03 -9.602179e-02 -9.953772e-01
    outer loop
      vertex   6.750000e+01 7.500000e+00 2.200000e+01
      vertex   6.730491e+01 7.304910e+00 2.201921e+01
      vertex   6.300000e+01 7.241181e+00 2.203407e+01
    endloop
  endfacet
  facet normal 1.008824e-03 -2.912082e-01 -9.566592e-01
    outer loop
      vertex   6.300000e+01 7.241181e+00 2.203407e+01
      vertex   6.730491e+01 7.304910e+00 2.201921e+01
      vertex   6.711732e+01 7.117317e+00 2.207612e+01
    endloop
  endfacet
  facet normal -2.077839e-03 -3.826826e-01 -9.238775e-01
    outer loop
      vertex   6.300000e+01 7.241181e+00 2.203407e+01
      vertex   6.711732e+01 7.117317e+00 2.207612e+01
      vertex   6.300000e+01 7.000000e+00 2.213397e+01
    endloop
  endfacet
  facet normal 1.069425e-03 -4.722280e-01 -8.814758e-01
    outer loop
      vertex   6.300000e+01 7.000000e+00 2.213397e+01
      vertex   6.711732e+01 7.117317e+00 2.207612e+01
      vertex   6.694443e+01 6.944430e+00 2.216853e+01
    endloop
  endfacet
  facet normal -1.626104e-03 -6.087606e-01 -7.933523e-01
    outer loop
      vertex   6.300000e+01 7.000000e+00 2.213397e+01
      vertex   6.694443e+01 6.944430e+00 2.216853e+01
      vertex   6.300000e+01 6.792893e+00 2.229289e+01
    endloop
  endfacet
  facet normal 0.000000e+00 -6.343933e-01 -7.730105e-01
    outer loop
      vertex   6.300000e+01 6.792893e+00 2.229289e+01
      vertex   6.694443e+01 6.944430e+00 2.216853e+01
      vertex   6.679289e+01 6.792893e+00 2.229289e+01
    endloop
  endfacet
  facet normal 0.000000e+00 -7.730105e-01 -6.343933e-01
    outer loop
      vertex   6.300000e+01 6.792893e+00 2.229289e+01
      vertex   6.679289e+01 6.792893e+00 2.229289e+01
      vertex   6.666853e+01 6.668530e+00 2.244443e+01
    endloop
  endfacet
  facet normal -1.748398e-03 -7.933521e-01 -6.087605e-01
    outer loop
      vertex   6.300000e+01 6.792893e+00 2.229289e+01
      vertex   6.666853e+01 6.668530e+00 2.244443e+01
      vertex   6.300000e+01 6.633975e+00 2.250000e+01
    endloop
  endfacet
  facet normal 1.176512e-03 -8.821820e-01 -4.709072e-01
    outer loop
      vertex   6.300000e+01 6.633975e+00 2.250000e+01
      vertex   6.666853e+01 6.668530e+00 2.244443e+01
      vertex   6.657612e+01 6.576121e+00 2.261732e+01
    endloop
  endfacet
  facet normal -2.392289e-03 -9.238769e-01 -3.826823e-01
    outer loop
      vertex   6.300000e+01 6.633975e+00 2.250000e+01
      vertex   6.657612e+01 6.576121e+00 2.261732e+01
      vertex   6.300000e+01 6.534074e+00 2.274118e+01
    endloop
  endfacet
  facet normal 1.209625e-03 -9.570415e-01 -2.899484e-01
    outer loop
      vertex   6.300000e+01 6.534074e+00 2.274118e+01
      vertex   6.657612e+01 6.576121e+00 2.261732e+01
      vertex   6.651922e+01 6.519215e+00 2.280491e+01
    endloop
  endfacet
  facet normal -1.515443e-03 -9.891427e-01 -1.469503e-01
    outer loop
      vertex   6.300000e+01 6.534074e+00 2.274118e+01
      vertex   6.651922e+01 6.519215e+00 2.280491e+01
      vertex   6.650482e+01 6.504815e+00 2.290198e+01
    endloop
  endfacet
  facet normal 0.000000e+00 1.000000e+00 -0.000000e+00
    outer loop
      vertex   6.450000e+01 1.500000e+00 2.300000e+01
      vertex   6.150000e+01 1.500000e+00 2.300000e+01
      vertex   6.450000e+01 1.500000e+00 2.400000e+01
    endloop
  endfacet
  facet normal 0.000000e+00 1.000000e+00 0.000000e+00
    outer loop
      vertex   6.450000e+01 1.500000e+00 2.400000e+01
      vertex   6.150000e+01 1.500000e+00 2.300000e+01
      vertex   6.150000e+01 1.500000e+00 2.400000e+01
    endloop
  endfacet
  facet normal 1.119645e-01 9.937122e-01 0.000000e+00
    outer loop
      vertex   6.150000e+01 1.500000e+00 2.400000e+01
      vertex   6.150000e+01 1.500000e+00 2.300000e+01
      vertex   6.105496e+01 1.550144e+00 2.400000e+01
    endloop
  endfacet
  facet normal 1.119645e-01 9.937122e-01 2.206484e-16
    outer loop
      vertex   6.105496e+01 1.550144e+00 2.400000e+01
      vertex   6.150000e+01 1.500000e+00 2.300000e+01
      vertex   6.105496e+01 1.550144e+00 2.300000e+01
    endloop
  endfacet
  facet normal 3.302791e-01 9.438833e-01 2.095842e-16
    outer loop
      vertex   6.105496e+01 1.550144e+00 2.400000e+01
      vertex   6.105496e+01 1.550144e+00 2.300000e+01
      vertex   6.063223e+01 1.698062e+00 2.400000e+01
    endloop
  endfacet
  facet normal 3.302791e-01 9.438833e-01 2.095842e-16
    outer loop
      vertex   6.063223e+01 1.698062e+00 2.400000e+01
      vertex   6.105496e+01 1.550144e+00 2.300000e+01
      vertex   6.063223e+01 1.698062e+00 2.300000e+01
    endloop
  endfacet
  facet normal 5.320321e-01 8.467242e-01 1.880105e-16
    outer loop
      vertex   6.063223e+01 1.698062e+00 2.400000e+01
      vertex   6.063223e+01 1.698062e+00 2.300000e+01
      vertex   6.025302e+01 1.936337e+00 2.400000e+01
    endloop
  endfacet
  facet normal 5.320321e-01 8.467242e-01 0.000000e+00
    outer loop
      vertex   6.025302e+01 1.936337e+00 2.400000e+01
      vertex   6.063223e+01 1.698062e+00 2.300000e+01
      vertex   6.025302e+01 1.936337e+00 2.300000e+01
    endloop
  endfacet
  facet normal 7.071068e-01 7.071068e-01 0.000000e+00
    outer loop
      vertex   6.025302e+01 1.936337e+00 2.400000e+01
      vertex   6.025302e+01 1.936337e+00 2.300000e+01
      vertex   5.993634e+01 2.253020e+00 2.400000e+01
    endloop
  endfacet
  facet normal 7.071068e-01 7.071068e-01 3.140185e-16
    outer loop
      vertex   5.993634e+01 2.253020e+00 2.400000e+01
      vertex   6.025302e+01 1.936337e+00 2.300000e+01
      vertex   5.993634e+01 2.253020e+00 2.300000e+01
    endloop
  endfacet
  facet normal 8.467242e-01 5.320321e-01 2.362697e-16
    outer loop
      vertex   5.993634e+01 2.253020e+00 2.400000e+01
      vertex   5.993634e+01 2.253020e+00 2.300000e+01
      vertex   5.969806e+01 2.632233e+00 2.400000e+01
    endloop
  endfacet
  facet normal 8.467242e-01 5.320321e-01 -5.780068e-15
    outer loop
      vertex   5.969806e+01 2.632233e+00 2.400000e+01
      vertex   5.993634e+01 2.253020e+00 2.300000e+01
      vertex   5.969806e+01 2.632233e+00 2.300000e+01
    endloop
  endfacet
  facet normal 9.438833e-01 3.302791e-01 -6.560021e-15
    outer loop
      vertex   5.969806e+01 2.632233e+00 2.400000e+01
      vertex   5.969806e+01 2.632233e+00 2.300000e+01
      vertex   5.955015e+01 3.054958e+00 2.400000e+01
    endloop
  endfacet
  facet normal 9.438833e-01 3.302791e-01 0.000000e+00
    outer loop
      vertex   5.955015e+01 3.054958e+00 2.400000e+01
      vertex   5.969806e+01 2.632233e+00 2.300000e+01
      vertex   5.955015e+01 3.054958e+00 2.300000e+01
    endloop
  endfacet
  facet normal 9.937122e-01 1.119645e-01 0.000000e+00
    outer loop
      vertex   5.955015e+01 3.054958e+00 2.400000e+01
      vertex   5.955015e+01 3.054958e+00 2.300000e+01
      vertex   5.950000e+01 3.500000e+00 2.400000e+01
    endloop
  endfacet
  facet normal 9.937122e-01 1.119645e-01 0.000000e+00
    outer loop
      vertex   5.950000e+01 3.500000e+00 2.400000e+01
      vertex   5.955015e+01 3.054958e+00 2.300000e+01
      vertex   5.950000e+01 3.500000e+00 2.300000e+01
    endloop
  endfacet
  facet normal 1.000000e+00 0.000000e+00 0.000000e+00
    outer loop
      vertex   5.950000e+01 3.500000e+00 2.300000e+01
      vertex   5.950000e+01 6.500000e+00 2.300000e+01
      vertex   5.950000e+01 3.500000e+00 2.400000e+01
    endloop
  endfacet
  facet normal 1.000000e+00 -0.000000e+00 0.000000e+00
    outer loop
      vertex   5.950000e+01 3.500000e+00 2.400000e+01
      vertex   5.950000e+01 6.500000e+00 2.300000e+01
      vertex   5.950000e+01 6.500000e+00 2.400000e+01
    endloop
  endfacet
  facet normal 0.000000e+00 0.000000e+00 -1.000000e+00
    outer loop
      vertex   4.096593e+01 1.174118e+01 2.200000e+01
      vertex   4.100000e+01 1.200000e+01 2.200000e+01
      vertex   5.850000e+01 7.500000e+00 2.200000e+01
    endloop
  endfacet
  facet normal 0.000000e+00 0.000000e+00 -1.000000e+00
    outer loop
      vertex   5.850000e+01 7.500000e+00 2.200000e+01
      vertex   4.100000e+01 1.200000e+01 2.200000e+01
      vertex   4.100000e+01 2.300000e+01 2.200000e+01
    endloop
  endfacet
  facet normal 0.000000e+00 0.000000e+00 -1.000000e+00
    outer loop
      vertex   5.850000e+01 7.500000e+00 2.200000e+01
      vertex   4.100000e+01 2.300000e+01 2.200000e+01
      vertex   6.750000e+01 7.500000e+00 2.200000e+01
    endloop
  endfacet
  facet normal 0.000000e+00 0.000000e+00 -1.000000e+00
    outer loop
      vertex   6.750000e+01 7.500000e+00 2.200000e+01
      vertex   4.100000e+01 2.300000e+01 2.200000e+01
      vertex   7.100000e+01 3.100000e+01 2.200000e+01
    endloop
  endfacet
  facet normal 0.000000e+00 0.000000e+00 -1.000000e+00
    outer loop
      vertex   6.750000e+01 7.500000e+00 2.200000e+01
      vertex   7.100000e+01 3.100000e+01 2.200000e+01
      vertex   7.100000e+01 0.000000e+00 2.200000e+01
    endloop
  endfacet
  facet normal 0.000000e+00 0.000000e+00 -1.000000e+00
    outer loop
      vertex   4.100000e+01 2.300000e+01 2.200000e+01
      vertex   4.096593e+01 2.325882e+01 2.200000e+01
      vertex   7.100000e+01 3.100000e+01 2.200000e+01
    endloop
  endfacet
  facet normal 0.000000e+00 0.000000e+00 -1.000000e+00
    outer loop
      vertex   7.100000e+01 3.100000e+01 2.200000e+01
      vertex   4.096593e+01 2.325882e+01 2.200000e+01
      vertex   4.086603e+01 2.350000e+01 2.200000e+01
    endloop
  endfacet
  facet normal 0.000000e+00 0.000000e+00 -1.000000e+00
    outer loop
      vertex   7.100000e+01 3.100000e+01 2.200000e+01
      vertex   4.086603e+01 2.350000e+01 2.200000e+01
      vertex   4.070711e+01 2.370711e+01 2.200000e+01
    endloop
  endfacet
  facet normal 0.000000e+00 0.000000e+00 -1.000000e+00
    outer loop
      vertex   4.070711e+01 2.370711e+01 2.200000e+01
      vertex   4.050000e+01 2.386603e+01 2.200000e+01
      vertex   7.100000e+01 3.100000e+01 2.200000e+01
    endloop
  endfacet
  facet normal 0.000000e+00 0.000000e+00 -1.000000e+00
    outer loop
      vertex   7.100000e+01 3.100000e+01 2.200000e+01
      vertex   4.050000e+01 2.386603e+01 2.200000e+01
      vertex   4.025882e+01 2.396593e+01 2.200000e+01
    endloop
  endfacet
  facet normal 0.000000e+00 0.000000e+00 -1.000000e+00
    outer loop
      vertex   7.100000e+01 3.100000e+01 2.200000e+01
      vertex   4.025882e+01 2.396593e+01 2.200000e+01
      vertex   4.000000e+01 2.400000e+01 2.200000e+01
    endloop
  endfacet
  facet normal -0.000000e+00 0.000000e+00 -1.000000e+00
    outer loop
      vertex   7.100000e+01 3.100000e+01 2.200000e+01
      vertex   4.000000e+01 2.400000e+01 2.200000e+01
      vertex   0.000000e+00 3.100000e+01 2.200000e+01
    endloop
  endfacet
  facet normal 0.000000e+00 0.000000e+00 -1.000000e+00
    outer loop
      vertex   0.000000e+00 3.100000e+01 2.200000e+01
      vertex   4.000000e+01 2.400000e+01 2.200000e+01
      vertex   1.700000e+01 2.400000e+01 2.200000e+01
    endloop
  endfacet
  facet normal 0.000000e+00 0.000000e+00 -1.000000e+00
    outer loop
      vertex   0.000000e+00 3.100000e+01 2.200000e+01
      vertex   1.700000e+01 2.400000e+01 2.200000e+01
      vertex   1.674118e+01 2.396593e+01 2.200000e+01
    endloop
  endfacet
  facet normal -0.000000e+00 0.000000e+00 -1.000000e+00
    outer loop
      vertex   1.674118e+01 2.396593e+01 2.200000e+01
      vertex   1.650000e+01 2.386603e+01 2.200000e+01
      vertex   0.000000e+00 3.100000e+01 2.200000e+01
    endloop
  endfacet
  facet normal 0.000000e+00 0.000000e+00 -1.000000e+00
    outer loop
      vertex   0.000000e+00 3.100000e+01 2.200000e+01
      vertex   1.650000e+01 2.386603e+01 2.200000e+01
      vertex   1.629289e+01 2.370711e+01 2.200000e+01
    endloop
  endfacet
  facet normal 0.000000e+00 0.000000e+00 -1.000000e+00
    outer loop
      vertex   0.000000e+00 3.100000e+01 2.200000e+01
      vertex   1.629289e+01 2.370711e+01 2.200000e+01
      vertex   0.000000e+00 2.050000e+01 2.200000e+01
    endloop
  endfacet
  facet normal 0.000000e+00 0.000000e+00 -1.000000e+00
    outer loop
      vertex   0.000000e+00 2.050000e+01 2.200000e+01
      vertex   1.629289e+01 2.370711e+01 2.200000e+01
      vertex   1.613397e+01 2.350000e+01 2.200000e+01
    endloop
  endfacet
  facet normal 0.000000e+00 0.000000e+00 -1.000000e+00
    outer loop
      vertex   0.000000e+00 2.050000e+01 2.200000e+01
      vertex   1.613397e+01 2.350000e+01 2.200000e+01
      vertex   1.603407e+01 2.325882e+01 2.200000e+01
    endloop
  endfacet
  facet normal 0.000000e+00 0.000000e+00 -1.000000e+00
    outer loop
      vertex   1.603407e+01 2.325882e+01 2.200000e+01
      vertex   1.600000e+01 2.300000e+01 2.200000e+01
      vertex   0.000000e+00 2.050000e+01 2.200000e+01
    endloop
  endfacet
  facet normal 0.000000e+00 0.000000e+00 -1.000000e+00
    outer loop
      vertex   0.000000e+00 2.050000e+01 2.200000e+01
      vertex   1.600000e+01 2.300000e+01 2.200000e+01
      vertex   1.600000e+01 1.200000e+01 2.200000e+01
    endloop
  endfacet
  facet normal 0.000000e+00 0.000000e+00 -1.000000e+00
    outer loop
      vertex   0.000000e+00 2.050000e+01 2.200000e+01
      vertex   1.600000e+01 1.200000e+01 2.200000e+01
      vertex   0.000000e+00 1.050000e+01 2.200000e+01
    endloop
  endfacet
  facet normal 0.000000e+00 0.000000e+00 -1.000000e+00
    outer loop
      vertex   0.000000e+00 1.050000e+01 2.200000e+01
      vertex   1.600000e+01 1.200000e+01 2.200000e+01
      vertex   1.603407e+01 1.174118e+01 2.200000e+01
    endloop
  endfacet
  facet normal 0.000000e+00 0.000000e+00 -1.000000e+00
    outer loop
      vertex   0.000000e+00 1.050000e+01 2.200000e+01
      vertex   1.603407e+01 1.174118e+01 2.200000e+01
      vertex   1.613397e+01 1.150000e+01 2.200000e+01
    endloop
  endfacet
  facet normal 0.000000e+00 -0.000000e+00 -1.000000e+00
    outer loop
      vertex   1.613397e+01 1.150000e+01 2.200000e+01
      vertex   1.629289e+01 1.129289e+01 2.200000e+01
      vertex   0.000000e+00 1.050000e+01 2.200000e+01
    endloop
  endfacet
  facet normal 0.000000e+00 0.000000e+00 -1.000000e+00
    outer loop
      vertex   0.000000e+00 1.050000e+01 2.200000e+01
      vertex   1.629289e+01 1.129289e+01 2.200000e+01
      vertex   1.650000e+01 1.113397e+01 2.200000e+01
    endloop
  endfacet
  facet normal 0.000000e+00 0.000000e+00 -1.000000e+00
    outer loop
      vertex   0.000000e+00 1.050000e+01 2.200000e+01
      vertex   1.650000e+01 1.113397e+01 2.200000e+01
      vertex   1.674118e+01 1.103407e+01 2.200000e+01
    endloop
  endfacet
  facet normal 0.000000e+00 0.000000e+00 -1.000000e+00
    outer loop
      vertex   0.000000e+00 1.050000e+01 2.200000e+01
      vertex   1.674118e+01 1.103407e+01 2.200000e+01
      vertex   0.000000e+00 0.000000e+00 2.200000e+01
    endloop
  endfacet
  facet normal 0.000000e+00 0.000000e+00 -1.000000e+00
    outer loop
      vertex   0.000000e+00 0.000000e+00 2.200000e+01
      vertex   1.674118e+01 1.103407e+01 2.200000e+01
      vertex   1.700000e+01 1.100000e+01 2.200000e+01
    endloop
  endfacet
  facet normal 0.000000e+00 0.000000e+00 -1.000000e+00
    outer loop
      vertex   0.000000e+00 0.000000e+00 2.200000e+01
      vertex   1.700000e+01 1.100000e+01 2.200000e+01
      vertex   4.000000e+01 1.100000e+01 2.200000e+01
    endloop
  endfacet
  facet normal 0.000000e+00 -0.000000e+00 -1.000000e+00
    outer loop
      vertex   4.025882e+01 1.103407e+01 2.200000e+01
      vertex   5.850000e+01 3.500000e+00 2.200000e+01
      vertex   4.000000e+01 1.100000e+01 2.200000e+01
    endloop
  endfacet
  facet normal 0.000000e+00 0.000000e+00 -1.000000e+00
    outer loop
      vertex   4.000000e+01 1.100000e+01 2.200000e+01
      vertex   5.850000e+01 3.500000e+00 2.200000e+01
      vertex   5.854558e+01 2.979056e+00 2.200000e+01
    endloop
  endfacet
  facet normal 0.000000e+00 0.000000e+00 -1.000000e+00
    outer loop
      vertex   4.000000e+01 1.100000e+01 2.200000e+01
      vertex   5.854558e+01 2.979056e+00 2.200000e+01
      vertex   5.868092e+01 2.473940e+00 2.200000e+01
    endloop
  endfacet
  facet normal 0.000000e+00 0.000000e+00 -1.000000e+00
    outer loop
      vertex   5.850000e+01 3.500000e+00 2.200000e+01
      vertex   4.025882e+01 1.103407e+01 2.200000e+01
      vertex   5.850000e+01 7.500000e+00 2.200000e+01
    endloop
  endfacet
  facet normal 0.000000e+00 0.000000e+00 -1.000000e+00
    outer loop
      vertex   5.850000e+01 7.500000e+00 2.200000e+01
      vertex   4.025882e+01 1.103407e+01 2.200000e+01
      vertex   4.050000e+01 1.113397e+01 2.200000e+01
    endloop
  endfacet
  facet normal 0.000000e+00 0.000000e+00 -1.000000e+00
    outer loop
      vertex   5.850000e+01 7.500000e+00 2.200000e+01
      vertex   4.050000e+01 1.113397e+01 2.200000e+01
      vertex   4.070711e+01 1.129289e+01 2.200000e+01
    endloop
  endfacet
  facet normal 0.000000e+00 0.000000e+00 -1.000000e+00
    outer loop
      vertex   4.070711e+01 1.129289e+01 2.200000e+01
      vertex   4.086603e+01 1.150000e+01 2.200000e+01
      vertex   5.850000e+01 7.500000e+00 2.200000e+01
    endloop
  endfacet
  facet normal 0.000000e+00 0.000000e+00 -1.000000e+00
    outer loop
      vertex   5.850000e+01 7.500000e+00 2.200000e+01
      vertex   4.086603e+01 1.150000e+01 2.200000e+01
      vertex   4.096593e+01 1.174118e+01 2.200000e+01
    endloop
  endfacet
  facet normal 0.000000e+00 0.000000e+00 -1.000000e+00
    outer loop
      vertex   -1.000000e+00 2.050000e+01 2.200000e+01
      vertex   0.000000e+00 2.050000e+01 2.200000e+01
      vertex   -1.000000e+00 1.050000e+01 2.200000e+01
    endloop
  endfacet
  facet normal 0.000000e+00 0.000000e+00 -1.000000e+00
    outer loop
      vertex   -1.000000e+00 1.050000e+01 2.200000e+01
      vertex   0.000000e+00 2.050000e+01 2.200000e+01
      vertex   0.000000e+00 1.050000e+01 2.200000e+01
    endloop
  endfacet
  facet normal 0.000000e+00 0.000000e+00 -1.000000e+00
    outer loop
      vertex   0.000000e+00 0.000000e+00 2.200000e+01
      vertex   6.150000e+01 5.000001e-01 2.200000e+01
      vertex   7.100000e+01 0.000000e+00 2.200000e+01
    endloop
  endfacet
  facet normal 0.000000e+00 0.000000e+00 -1.000000e+00
    outer loop
      vertex   7.100000e+01 0.000000e+00 2.200000e+01
      vertex   6.150000e+01 5.000001e-01 2.200000e+01
      vertex   6.450000e+01 5.000001e-01 2.200000e+01
    endloop
  endfacet
  facet normal 0.000000e+00 0.000000e+00 -1.000000e+00
    outer loop
      vertex   7.100000e+01 0.000000e+00 2.200000e+01
      vertex   6.450000e+01 5.000001e-01 2.200000e+01
      vertex   6.502095e+01 5.455768e-01 2.200000e+01
    endloop
  endfacet
  facet normal -0.000000e+00 -0.000000e+00 -1.000000e+00
    outer loop
      vertex   5.868092e+01 2.473940e+00 2.200000e+01
      vertex   5.890192e+01 2.000000e+00 2.200000e+01
      vertex   4.000000e+01 1.100000e+01 2.200000e+01
    endloop
  endfacet
  facet normal 0.000000e+00 -0.000000e+00 -1.000000e+00
    outer loop
      vertex   4.000000e+01 1.100000e+01 2.200000e+01
      vertex   5.890192e+01 2.000000e+00 2.200000e+01
      vertex   0.000000e+00 0.000000e+00 2.200000e+01
    endloop
  endfacet
  facet normal 0.000000e+00 -0.000000e+00 -1.000000e+00
    outer loop
      vertex   5.890192e+01 2.000000e+00 2.200000e+01
      vertex   5.920187e+01 1.571637e+00 2.200000e+01
      vertex   0.000000e+00 0.000000e+00 2.200000e+01
    endloop
  endfacet
  facet normal 0.000000e+00 0.000000e+00 -1.000000e+00
    outer loop
      vertex   0.000000e+00 0.000000e+00 2.200000e+01
      vertex   5.920187e+01 1.571637e+00 2.200000e+01
      vertex   5.957164e+01 1.201867e+00 2.200000e+01
    endloop
  endfacet
  facet normal 0.000000e+00 0.000000e+00 -1.000000e+00
    outer loop
      vertex   0.000000e+00 0.000000e+00 2.200000e+01
      vertex   5.957164e+01 1.201867e+00 2.200000e+01
      vertex   6.000000e+01 9.019238e-01 2.200000e+01
    endloop
  endfacet
  facet normal 0.000000e+00 -0.000000e+00 -1.000000e+00
    outer loop
      vertex   6.000000e+01 9.019238e-01 2.200000e+01
      vertex   6.047394e+01 6.809222e-01 2.200000e+01
      vertex   0.000000e+00 0.000000e+00 2.200000e+01
    endloop
  endfacet
  facet normal 0.000000e+00 0.000000e+00 -1.000000e+00
    outer loop
      vertex   0.000000e+00 0.000000e+00 2.200000e+01
      vertex   6.047394e+01 6.809222e-01 2.200000e+01
      vertex   6.097906e+01 5.455768e-01 2.200000e+01
    endloop
  endfacet
  facet normal 0.000000e+00 0.000000e+00 -1.000000e+00
    outer loop
      vertex   0.000000e+00 0.000000e+00 2.200000e+01
      vertex   6.097906e+01 5.455768e-01 2.200000e+01
      vertex   6.150000e+01 5.000001e-01 2.200000e+01
    endloop
  endfacet
  facet normal 0.000000e+00 0.000000e+00 -1.000000e+00
    outer loop
      vertex   6.502095e+01 5.455768e-01 2.200000e+01
      vertex   6.552606e+01 6.809222e-01 2.200000e+01
      vertex   7.100000e+01 0.000000e+00 2.200000e+01
    endloop
  endfacet
  facet normal 0.000000e+00 0.000000e+00 -1.000000e+00
    outer loop
      vertex   7.100000e+01 0.000000e+00 2.200000e+01
      vertex   6.552606e+01 6.809222e-01 2.200000e+01
      vertex   6.600000e+01 9.019238e-01 2.200000e+01
    endloop
  endfacet
  facet normal 0.000000e+00 0.000000e+00 -1.000000e+00
    outer loop
      vertex   7.100000e+01 0.000000e+00 2.200000e+01
      vertex   6.600000e+01 9.019238e-01 2.200000e+01
      vertex   6.642836e+01 1.201867e+00 2.200000e+01
    endloop
  endfacet
  facet normal 0.000000e+00 0.000000e+00 -1.000000e+00
    outer loop
      vertex   6.642836e+01 1.201867e+00 2.200000e+01
      vertex   6.679813e+01 1.571637e+00 2.200000e+01
      vertex   7.100000e+01 0.000000e+00 2.200000e+01
    endloop
  endfacet
  facet normal 0.000000e+00 0.000000e+00 -1.000000e+00
    outer loop
      vertex   7.100000e+01 0.000000e+00 2.200000e+01
      vertex   6.679813e+01 1.571637e+00 2.200000e+01
      vertex   6.709808e+01 2.000000e+00 2.200000e+01
    endloop
  endfacet
  facet normal 0.000000e+00 0.000000e+00 -1.000000e+00
    outer loop
      vertex   7.100000e+01 0.000000e+00 2.200000e+01
      vertex   6.709808e+01 2.000000e+00 2.200000e+01
      vertex   6.731908e+01 2.473940e+00 2.200000e+01
    endloop
  endfacet
  facet normal 0.000000e+00 0.000000e+00 -1.000000e+00
    outer loop
      vertex   6.731908e+01 2.473940e+00 2.200000e+01
      vertex   6.745442e+01 2.979056e+00 2.200000e+01
      vertex   7.100000e+01 0.000000e+00 2.200000e+01
    endloop
  endfacet
  facet normal 0.000000e+00 0.000000e+00 -1.000000e+00
    outer loop
      vertex   7.100000e+01 0.000000e+00 2.200000e+01
      vertex   6.745442e+01 2.979056e+00 2.200000e+01
      vertex   6.750000e+01 3.500000e+00 2.200000e+01
    endloop
  endfacet
  facet normal 0.000000e+00 0.000000e+00 -1.000000e+00
    outer loop
      vertex   7.100000e+01 0.000000e+00 2.200000e+01
      vertex   6.750000e+01 3.500000e+00 2.200000e+01
      vertex   6.750000e+01 7.500000e+00 2.200000e+01
    endloop
  endfacet
  facet normal -9.937122e-01 1.119645e-01 0.000000e+00
    outer loop
      vertex   6.650000e+01 3.500000e+00 2.400000e+01
      vertex   6.650000e+01 3.500000e+00 2.300000e+01
      vertex   6.644986e+01 3.054958e+00 2.400000e+01
    endloop
  endfacet
  facet normal -9.937122e-01 1.119645e-01 0.000000e+00
    outer loop
      vertex   6.644986e+01 3.054958e+00 2.400000e+01
      vertex   6.650000e+01 3.500000e+00 2.300000e+01
      vertex   6.644986e+01 3.054958e+00 2.300000e+01
    endloop
  endfacet
  facet normal -9.438833e-01 3.302791e-01 0.000000e+00
    outer loop
      vertex   6.644986e+01 3.054958e+00 2.400000e+01
      vertex   6.644986e+01 3.054958e+00 2.300000e+01
      vertex   6.630194e+01 2.632233e+00 2.400000e+01
    endloop
  endfacet
  facet normal -9.438833e-01 3.302791e-01 0.000000e+00
    outer loop
      vertex   6.630194e+01 2.632233e+00 2.400000e+01
      vertex   6.644986e+01 3.054958e+00 2.300000e+01
      vertex   6.630194e+01 2.632233e+00 2.300000e+01
    endloop
  endfacet
  facet normal -8.467242e-01 5.320321e-01 0.000000e+00
    outer loop
      vertex   6.630194e+01 2.632233e+00 2.400000e+01
      vertex   6.630194e+01 2.632233e+00 2.300000e+01
      vertex   6.606366e+01 2.253020e+00 2.400000e+01
    endloop
  endfacet
  facet normal -8.467242e-01 5.320321e-01 0.000000e+00
    outer loop
      vertex   6.606366e+01 2.253020e+00 2.400000e+01
      vertex   6.630194e+01 2.632233e+00 2.300000e+01
      vertex   6.606366e+01 2.253020e+00 2.300000e+01
    endloop
  endfacet
  facet normal -7.071068e-01 7.071068e-01 0.000000e+00
    outer loop
      vertex   6.606366e+01 2.253020e+00 2.400000e+01
      vertex   6.606366e+01 2.253020e+00 2.300000e+01
      vertex   6.574698e+01 1.936337e+00 2.400000e+01
    endloop
  endfacet
  facet normal -7.071068e-01 7.071068e-01 -1.036261e-14
    outer loop
      vertex   6.574698e+01 1.936337e+00 2.400000e+01
      vertex   6.606366e+01 2.253020e+00 2.300000e+01
      vertex   6.574698e+01 1.936337e+00 2.300000e+01
    endloop
  endfacet
  facet normal -5.320321e-01 8.467242e-01 -7.936652e-15
    outer loop
      vertex   6.574698e+01 1.936337e+00 2.400000e+01
      vertex   6.574698e+01 1.936337e+00 2.300000e+01
      vertex   6.536777e+01 1.698062e+00 2.400000e+01
    endloop
  endfacet
  facet normal -5.320321e-01 8.467242e-01 0.000000e+00
    outer loop
      vertex   6.536777e+01 1.698062e+00 2.400000e+01
      vertex   6.574698e+01 1.936337e+00 2.300000e+01
      vertex   6.536777e+01 1.698062e+00 2.300000e+01
    endloop
  endfacet
  facet normal -3.302791e-01 9.438833e-01 0.000000e+00
    outer loop
      vertex   6.536777e+01 1.698062e+00 2.400000e+01
      vertex   6.536777e+01 1.698062e+00 2.300000e+01
      vertex   6.494504e+01 1.550144e+00 2.400000e+01
    endloop
  endfacet
  facet normal -3.302791e-01 9.438833e-01 0.000000e+00
    outer loop
      vertex   6.494504e+01 1.550144e+00 2.400000e+01
      vertex   6.536777e+01 1.698062e+00 2.300000e+01
      vertex   6.494504e+01 1.550144e+00 2.300000e+01
    endloop
  endfacet
  facet normal -1.119645e-01 9.937122e-01 0.000000e+00
    outer loop
      vertex   6.494504e+01 1.550144e+00 2.400000e+01
      vertex   6.494504e+01 1.550144e+00 2.300000e+01
      vertex   6.450000e+01 1.500000e+00 2.400000e+01
    endloop
  endfacet
  facet normal -1.119645e-01 9.937122e-01 0.000000e+00
    outer loop
      vertex   6.450000e+01 1.500000e+00 2.400000e+01
      vertex   6.494504e+01 1.550144e+00 2.300000e+01
      vertex   6.450000e+01 1.500000e+00 2.300000e+01
    endloop
  endfacet
  facet normal -1.000000e+00 -0.000000e+00 0.000000e+00
    outer loop
      vertex   6.650000e+01 6.500000e+00 2.300000e+01
      vertex   6.650000e+01 3.500000e+00 2.300000e+01
      vertex   6.650000e+01 6.500000e+00 2.400000e+01
    endloop
  endfacet
  facet normal -1.000000e+00 -0.000000e+00 0.000000e+00
    outer loop
      vertex   6.650000e+01 6.500000e+00 2.400000e+01
      vertex   6.650000e+01 3.500000e+00 2.300000e+01
      vertex   6.650000e+01 3.500000e+00 2.400000e+01
    endloop
  endfacet
  facet normal 0.000000e+00 -1.000000e+00 0.000000e+00
    outer loop
      vertex   5.950000e+01 6.500000e+00 2.300000e+01
      vertex   6.650000e+01 6.500000e+00 2.300000e+01
      vertex   5.950000e+01 6.500000e+00 2.400000e+01
    endloop
  endfacet
  facet normal 0.000000e+00 -1.000000e+00 0.000000e+00
    outer loop
      vertex   5.950000e+01 6.500000e+00 2.400000e+01
      vertex   6.650000e+01 6.500000e+00 2.300000e+01
      vertex   6.650000e+01 6.500000e+00 2.400000e+01
    endloop
  endfacet
  facet normal 1.288686e-01 -9.788545e-01 1.588610e-01
    outer loop
      vertex   1.674118e+01 2.396593e+01 2.300000e+01
      vertex   1.700000e+01 2.400000e+01 2.300000e+01
      vertex   1.682044e+01 2.401836e+01 2.325882e+01
    endloop
  endfacet
  facet normal 8.641571e-02 -9.877360e-01 1.300379e-01
    outer loop
      vertex   1.682044e+01 2.401836e+01 2.325882e+01
      vertex   1.700000e+01 2.400000e+01 2.300000e+01
      vertex   1.700000e+01 2.403407e+01 2.325882e+01
    endloop
  endfacet
  facet normal 8.056623e-02 -9.208762e-01 3.814394e-01
    outer loop
      vertex   1.682044e+01 2.401836e+01 2.325882e+01
      vertex   1.700000e+01 2.403407e+01 2.325882e+01
      vertex   1.700000e+01 2.413397e+01 2.350000e+01
    endloop
  endfacet
  facet normal 8.056623e-02 -9.208762e-01 3.814394e-01
    outer loop
      vertex   1.682044e+01 2.401836e+01 2.325882e+01
      vertex   1.700000e+01 2.413397e+01 2.350000e+01
      vertex   1.680309e+01 2.411675e+01 2.350000e+01
    endloop
  endfacet
  facet normal 6.924283e-02 -7.914492e-01 6.073003e-01
    outer loop
      vertex   1.680309e+01 2.411675e+01 2.350000e+01
      vertex   1.700000e+01 2.413397e+01 2.350000e+01
      vertex   1.700000e+01 2.429289e+01 2.370711e+01
    endloop
  endfacet
  facet normal 6.924283e-02 -7.914492e-01 6.073003e-01
    outer loop
      vertex   1.680309e+01 2.411675e+01 2.350000e+01
      vertex   1.700000e+01 2.429289e+01 2.370711e+01
      vertex   1.677549e+01 2.427325e+01 2.370711e+01
    endloop
  endfacet
  facet normal 5.318435e-02 -6.078999e-01 7.922305e-01
    outer loop
      vertex   1.677549e+01 2.427325e+01 2.370711e+01
      vertex   1.700000e+01 2.429289e+01 2.370711e+01
      vertex   1.700000e+01 2.450000e+01 2.386603e+01
    endloop
  endfacet
  facet normal 5.318435e-02 -6.078999e-01 7.922305e-01
    outer loop
      vertex   1.677549e+01 2.427325e+01 2.370711e+01
      vertex   1.700000e+01 2.450000e+01 2.386603e+01
      vertex   1.673953e+01 2.447721e+01 2.386603e+01
    endloop
  endfacet
  facet normal 3.346171e-02 -3.824691e-01 9.233622e-01
    outer loop
      vertex   1.673953e+01 2.447721e+01 2.386603e+01
      vertex   1.700000e+01 2.450000e+01 2.386603e+01
      vertex   1.700000e+01 2.474118e+01 2.396593e+01
    endloop
  endfacet
  facet normal 3.346171e-02 -3.824691e-01 9.233622e-01
    outer loop
      vertex   1.673953e+01 2.447721e+01 2.386603e+01
      vertex   1.700000e+01 2.474118e+01 2.396593e+01
      vertex   1.669765e+01 2.471473e+01 2.396593e+01
    endloop
  endfacet
  facet normal 1.141882e-02 -1.305177e-01 9.913802e-01
    outer loop
      vertex   1.669765e+01 2.471473e+01 2.396593e+01
      vertex   1.700000e+01 2.474118e+01 2.396593e+01
      vertex   1.700000e+01 2.500000e+01 2.400000e+01
    endloop
  endfacet
  facet normal 1.514289e-02 -1.343969e-01 9.908119e-01
    outer loop
      vertex   1.669765e+01 2.471473e+01 2.396593e+01
      vertex   1.700000e+01 2.500000e+01 2.400000e+01
      vertex   1.655496e+01 2.494986e+01 2.400000e+01
    endloop
  endfacet
  facet normal 3.312496e-02 -1.236240e-01 9.917761e-01
    outer loop
      vertex   1.669765e+01 2.471473e+01 2.396593e+01
      vertex   1.655496e+01 2.494986e+01 2.400000e+01
      vertex   1.640448e+01 2.463618e+01 2.396593e+01
    endloop
  endfacet
  facet normal 4.524691e-02 -1.293083e-01 9.905716e-01
    outer loop
      vertex   1.640448e+01 2.463618e+01 2.396593e+01
      vertex   1.655496e+01 2.494986e+01 2.400000e+01
      vertex   1.613223e+01 2.480194e+01 2.400000e+01
    endloop
  endfacet
  facet normal 5.383946e-02 -1.154591e-01 9.918521e-01
    outer loop
      vertex   1.640448e+01 2.463618e+01 2.396593e+01
      vertex   1.613223e+01 2.480194e+01 2.400000e+01
      vertex   1.612941e+01 2.450791e+01 2.396593e+01
    endloop
  endfacet
  facet normal 7.257344e-02 -1.155000e-01 9.906527e-01
    outer loop
      vertex   1.612941e+01 2.450791e+01 2.396593e+01
      vertex   1.613223e+01 2.480194e+01 2.400000e+01
      vertex   1.575302e+01 2.456366e+01 2.400000e+01
    endloop
  endfacet
  facet normal 7.409519e-02 -1.058189e-01 9.916210e-01
    outer loop
      vertex   1.612941e+01 2.450791e+01 2.396593e+01
      vertex   1.575302e+01 2.456366e+01 2.400000e+01
      vertex   1.588079e+01 2.433382e+01 2.396593e+01
    endloop
  endfacet
  facet normal 9.442933e-02 -9.442933e-02 9.910430e-01
    outer loop
      vertex   1.588079e+01 2.433382e+01 2.396593e+01
      vertex   1.575302e+01 2.456366e+01 2.400000e+01
      vertex   1.543634e+01 2.424698e+01 2.400000e+01
    endloop
  endfacet
  facet normal 9.442933e-02 -9.442933e-02 9.910430e-01
    outer loop
      vertex   1.588079e+01 2.433382e+01 2.396593e+01
      vertex   1.543634e+01 2.424698e+01 2.400000e+01
      vertex   1.566618e+01 2.411921e+01 2.396593e+01
    endloop
  endfacet
  facet normal 1.058189e-01 -7.409519e-02 9.916210e-01
    outer loop
      vertex   1.566618e+01 2.411921e+01 2.396593e+01
      vertex   1.543634e+01 2.424698e+01 2.400000e+01
      vertex   1.549209e+01 2.387059e+01 2.396593e+01
    endloop
  endfacet
  facet normal 3.144971e-01 -2.202133e-01 9.233622e-01
    outer loop
      vertex   1.566618e+01 2.411921e+01 2.396593e+01
      vertex   1.549209e+01 2.387059e+01 2.396593e+01
      vertex   1.570096e+01 2.375000e+01 2.386603e+01
    endloop
  endfacet
  facet normal 3.479588e-01 -1.622559e-01 9.233622e-01
    outer loop
      vertex   1.570096e+01 2.375000e+01 2.386603e+01
      vertex   1.549209e+01 2.387059e+01 2.396593e+01
      vertex   1.559046e+01 2.351303e+01 2.386603e+01
    endloop
  endfacet
  facet normal 5.530489e-01 -2.578909e-01 7.922305e-01
    outer loop
      vertex   1.570096e+01 2.375000e+01 2.386603e+01
      vertex   1.559046e+01 2.351303e+01 2.386603e+01
      vertex   1.578508e+01 2.344220e+01 2.370711e+01
    endloop
  endfacet
  facet normal 5.894291e-01 -1.579371e-01 7.922305e-01
    outer loop
      vertex   1.578508e+01 2.344220e+01 2.370711e+01
      vertex   1.559046e+01 2.351303e+01 2.386603e+01
      vertex   1.572675e+01 2.322451e+01 2.370711e+01
    endloop
  endfacet
  facet normal 7.674014e-01 -2.056246e-01 6.073003e-01
    outer loop
      vertex   1.578508e+01 2.344220e+01 2.370711e+01
      vertex   1.572675e+01 2.322451e+01 2.370711e+01
      vertex   1.588325e+01 2.319691e+01 2.350000e+01
    endloop
  endfacet
  facet normal 7.914492e-01 -6.924283e-02 6.073003e-01
    outer loop
      vertex   1.588325e+01 2.319691e+01 2.350000e+01
      vertex   1.572675e+01 2.322451e+01 2.370711e+01
      vertex   1.586603e+01 2.300000e+01 2.350000e+01
    endloop
  endfacet
  facet normal 9.208762e-01 -8.056623e-02 3.814394e-01
    outer loop
      vertex   1.588325e+01 2.319691e+01 2.350000e+01
      vertex   1.586603e+01 2.300000e+01 2.350000e+01
      vertex   1.596593e+01 2.300000e+01 2.325882e+01
    endloop
  endfacet
  facet normal 1.155000e-01 -7.257344e-02 9.906527e-01
    outer loop
      vertex   1.543634e+01 2.424698e+01 2.400000e+01
      vertex   1.519806e+01 2.386777e+01 2.400000e+01
      vertex   1.549209e+01 2.387059e+01 2.396593e+01
    endloop
  endfacet
  facet normal 1.154591e-01 -5.383946e-02 9.918521e-01
    outer loop
      vertex   1.549209e+01 2.387059e+01 2.396593e+01
      vertex   1.519806e+01 2.386777e+01 2.400000e+01
      vertex   1.536383e+01 2.359552e+01 2.396593e+01
    endloop
  endfacet
  facet normal 3.479588e-01 -1.622559e-01 9.233622e-01
    outer loop
      vertex   1.549209e+01 2.387059e+01 2.396593e+01
      vertex   1.536383e+01 2.359552e+01 2.396593e+01
      vertex   1.559046e+01 2.351303e+01 2.386603e+01
    endloop
  endfacet
  facet normal 3.708480e-01 -9.936842e-02 9.233622e-01
    outer loop
      vertex   1.559046e+01 2.351303e+01 2.386603e+01
      vertex   1.536383e+01 2.359552e+01 2.396593e+01
      vertex   1.552279e+01 2.326047e+01 2.386603e+01
    endloop
  endfacet
  facet normal 5.894291e-01 -1.579371e-01 7.922305e-01
    outer loop
      vertex   1.559046e+01 2.351303e+01 2.386603e+01
      vertex   1.552279e+01 2.326047e+01 2.386603e+01
      vertex   1.572675e+01 2.322451e+01 2.370711e+01
    endloop
  endfacet
  facet normal 6.078999e-01 -5.318435e-02 7.922305e-01
    outer loop
      vertex   1.572675e+01 2.322451e+01 2.370711e+01
      vertex   1.552279e+01 2.326047e+01 2.386603e+01
      vertex   1.570711e+01 2.300000e+01 2.370711e+01
    endloop
  endfacet
  facet normal 7.914492e-01 -6.924283e-02 6.073003e-01
    outer loop
      vertex   1.572675e+01 2.322451e+01 2.370711e+01
      vertex   1.570711e+01 2.300000e+01 2.370711e+01
      vertex   1.586603e+01 2.300000e+01 2.350000e+01
    endloop
  endfacet
  facet normal 1.293083e-01 -4.524691e-02 9.905716e-01
    outer loop
      vertex   1.519806e+01 2.386777e+01 2.400000e+01
      vertex   1.505014e+01 2.344504e+01 2.400000e+01
      vertex   1.536383e+01 2.359552e+01 2.396593e+01
    endloop
  endfacet
  facet normal 1.236240e-01 -3.312496e-02 9.917761e-01
    outer loop
      vertex   1.536383e+01 2.359552e+01 2.396593e+01
      vertex   1.505014e+01 2.344504e+01 2.400000e+01
      vertex   1.528527e+01 2.330235e+01 2.396593e+01
    endloop
  endfacet
  facet normal 3.708480e-01 -9.936842e-02 9.233622e-01
    outer loop
      vertex   1.536383e+01 2.359552e+01 2.396593e+01
      vertex   1.528527e+01 2.330235e+01 2.396593e+01
      vertex   1.552279e+01 2.326047e+01 2.386603e+01
    endloop
  endfacet
  facet normal 3.824691e-01 -3.346171e-02 9.233622e-01
    outer loop
      vertex   1.552279e+01 2.326047e+01 2.386603e+01
      vertex   1.528527e+01 2.330235e+01 2.396593e+01
      vertex   1.550000e+01 2.300000e+01 2.386603e+01
    endloop
  endfacet
  facet normal 6.078999e-01 -5.318435e-02 7.922305e-01
    outer loop
      vertex   1.552279e+01 2.326047e+01 2.386603e+01
      vertex   1.550000e+01 2.300000e+01 2.386603e+01
      vertex   1.570711e+01 2.300000e+01 2.370711e+01
    endloop
  endfacet
  facet normal 1.343969e-01 -1.514289e-02 9.908119e-01
    outer loop
      vertex   1.505014e+01 2.344504e+01 2.400000e+01
      vertex   1.500000e+01 2.300000e+01 2.400000e+01
      vertex   1.528527e+01 2.330235e+01 2.396593e+01
    endloop
  endfacet
  facet normal 1.305177e-01 -1.141882e-02 9.913802e-01
    outer loop
      vertex   1.528527e+01 2.330235e+01 2.396593e+01
      vertex   1.500000e+01 2.300000e+01 2.400000e+01
      vertex   1.525882e+01 2.300000e+01 2.396593e+01
    endloop
  endfacet
  facet normal 3.824691e-01 -3.346171e-02 9.233622e-01
    outer loop
      vertex   1.528527e+01 2.330235e+01 2.396593e+01
      vertex   1.525882e+01 2.300000e+01 2.396593e+01
      vertex   1.550000e+01 2.300000e+01 2.386603e+01
    endloop
  endfacet
  facet normal 9.208762e-01 -8.056623e-02 3.814394e-01
    outer loop
      vertex   1.588325e+01 2.319691e+01 2.350000e+01
      vertex   1.596593e+01 2.300000e+01 2.325882e+01
      vertex   1.598164e+01 2.317957e+01 2.325882e+01
    endloop
  endfacet
  facet normal 9.877360e-01 -8.641571e-02 1.300379e-01
    outer loop
      vertex   1.598164e+01 2.317957e+01 2.325882e+01
      vertex   1.596593e+01 2.300000e+01 2.325882e+01
      vertex   1.600000e+01 2.300000e+01 2.300000e+01
    endloop
  endfacet
  facet normal 9.788545e-01 -1.288686e-01 1.588610e-01
    outer loop
      vertex   1.598164e+01 2.317957e+01 2.325882e+01
      vertex   1.600000e+01 2.300000e+01 2.300000e+01
      vertex   1.603407e+01 2.325882e+01 2.300000e+01
    endloop
  endfacet
  facet normal 9.594425e-01 -2.570819e-01 1.156674e-01
    outer loop
      vertex   1.598164e+01 2.317957e+01 2.325882e+01
      vertex   1.603407e+01 2.325882e+01 2.300000e+01
      vertex   1.602829e+01 2.335367e+01 2.325882e+01
    endloop
  endfacet
  facet normal 9.121471e-01 -3.778237e-01 1.588610e-01
    outer loop
      vertex   1.602829e+01 2.335367e+01 2.325882e+01
      vertex   1.603407e+01 2.325882e+01 2.300000e+01
      vertex   1.613397e+01 2.350000e+01 2.300000e+01
    endloop
  endfacet
  facet normal 8.986123e-01 -4.190298e-01 1.300379e-01
    outer loop
      vertex   1.602829e+01 2.335367e+01 2.325882e+01
      vertex   1.613397e+01 2.350000e+01 2.300000e+01
      vertex   1.610447e+01 2.351704e+01 2.325882e+01
    endloop
  endfacet
  facet normal 8.121966e-01 -5.687062e-01 1.300379e-01
    outer loop
      vertex   1.610447e+01 2.351704e+01 2.325882e+01
      vertex   1.613397e+01 2.350000e+01 2.300000e+01
      vertex   1.620785e+01 2.366469e+01 2.325882e+01
    endloop
  endfacet
  facet normal 7.572191e-01 -5.302105e-01 3.814394e-01
    outer loop
      vertex   1.610447e+01 2.351704e+01 2.325882e+01
      vertex   1.620785e+01 2.366469e+01 2.325882e+01
      vertex   1.613133e+01 2.372891e+01 2.350000e+01
    endloop
  endfacet
  facet normal 6.536451e-01 -6.536451e-01 3.814394e-01
    outer loop
      vertex   1.613133e+01 2.372891e+01 2.350000e+01
      vertex   1.620785e+01 2.366469e+01 2.325882e+01
      vertex   1.627110e+01 2.386868e+01 2.350000e+01
    endloop
  endfacet
  facet normal 5.617768e-01 -5.617768e-01 6.073003e-01
    outer loop
      vertex   1.613133e+01 2.372891e+01 2.350000e+01
      vertex   1.627110e+01 2.386868e+01 2.350000e+01
      vertex   1.616894e+01 2.399041e+01 2.370711e+01
    endloop
  endfacet
  facet normal 4.556906e-01 -6.507937e-01 6.073003e-01
    outer loop
      vertex   1.616894e+01 2.399041e+01 2.370711e+01
      vertex   1.627110e+01 2.386868e+01 2.350000e+01
      vertex   1.635355e+01 2.411968e+01 2.370711e+01
    endloop
  endfacet
  facet normal 3.500089e-01 -4.998645e-01 7.922305e-01
    outer loop
      vertex   1.616894e+01 2.399041e+01 2.370711e+01
      vertex   1.635355e+01 2.411968e+01 2.370711e+01
      vertex   1.625000e+01 2.429904e+01 2.386603e+01
    endloop
  endfacet
  facet normal 2.578909e-01 -5.530489e-01 7.922305e-01
    outer loop
      vertex   1.625000e+01 2.429904e+01 2.386603e+01
      vertex   1.635355e+01 2.411968e+01 2.370711e+01
      vertex   1.648697e+01 2.440954e+01 2.386603e+01
    endloop
  endfacet
  facet normal 1.622559e-01 -3.479588e-01 9.233622e-01
    outer loop
      vertex   1.625000e+01 2.429904e+01 2.386603e+01
      vertex   1.648697e+01 2.440954e+01 2.386603e+01
      vertex   1.640448e+01 2.463618e+01 2.396593e+01
    endloop
  endfacet
  facet normal 9.936842e-02 -3.708480e-01 9.233622e-01
    outer loop
      vertex   1.640448e+01 2.463618e+01 2.396593e+01
      vertex   1.648697e+01 2.440954e+01 2.386603e+01
      vertex   1.669765e+01 2.471473e+01 2.396593e+01
    endloop
  endfacet
  facet normal 7.832785e-01 -6.010307e-01 1.588610e-01
    outer loop
      vertex   1.613397e+01 2.350000e+01 2.300000e+01
      vertex   1.629289e+01 2.370711e+01 2.300000e+01
      vertex   1.620785e+01 2.366469e+01 2.325882e+01
    endloop
  endfacet
  facet normal 7.023607e-01 -7.023607e-01 1.156674e-01
    outer loop
      vertex   1.620785e+01 2.366469e+01 2.325882e+01
      vertex   1.629289e+01 2.370711e+01 2.300000e+01
      vertex   1.633531e+01 2.379215e+01 2.325882e+01
    endloop
  endfacet
  facet normal 6.536451e-01 -6.536451e-01 3.814394e-01
    outer loop
      vertex   1.620785e+01 2.366469e+01 2.325882e+01
      vertex   1.633531e+01 2.379215e+01 2.325882e+01
      vertex   1.627110e+01 2.386868e+01 2.350000e+01
    endloop
  endfacet
  facet normal 5.302105e-01 -7.572191e-01 3.814394e-01
    outer loop
      vertex   1.627110e+01 2.386868e+01 2.350000e+01
      vertex   1.633531e+01 2.379215e+01 2.325882e+01
      vertex   1.643301e+01 2.398205e+01 2.350000e+01
    endloop
  endfacet
  facet normal 4.556906e-01 -6.507937e-01 6.073003e-01
    outer loop
      vertex   1.627110e+01 2.386868e+01 2.350000e+01
      vertex   1.643301e+01 2.398205e+01 2.350000e+01
      vertex   1.635355e+01 2.411968e+01 2.370711e+01
    endloop
  endfacet
  facet normal 3.357585e-01 -7.200365e-01 6.073003e-01
    outer loop
      vertex   1.635355e+01 2.411968e+01 2.370711e+01
      vertex   1.643301e+01 2.398205e+01 2.350000e+01
      vertex   1.655780e+01 2.421492e+01 2.370711e+01
    endloop
  endfacet
  facet normal 2.578909e-01 -5.530489e-01 7.922305e-01
    outer loop
      vertex   1.635355e+01 2.411968e+01 2.370711e+01
      vertex   1.655780e+01 2.421492e+01 2.370711e+01
      vertex   1.648697e+01 2.440954e+01 2.386603e+01
    endloop
  endfacet
  facet normal 1.579371e-01 -5.894291e-01 7.922305e-01
    outer loop
      vertex   1.648697e+01 2.440954e+01 2.386603e+01
      vertex   1.655780e+01 2.421492e+01 2.370711e+01
      vertex   1.673953e+01 2.447721e+01 2.386603e+01
    endloop
  endfacet
  facet normal 9.936842e-02 -3.708480e-01 9.233622e-01
    outer loop
      vertex   1.648697e+01 2.440954e+01 2.386603e+01
      vertex   1.673953e+01 2.447721e+01 2.386603e+01
      vertex   1.669765e+01 2.471473e+01 2.396593e+01
    endloop
  endfacet
  facet normal 6.010307e-01 -7.832785e-01 1.588610e-01
    outer loop
      vertex   1.629289e+01 2.370711e+01 2.300000e+01
      vertex   1.650000e+01 2.386603e+01 2.300000e+01
      vertex   1.633531e+01 2.379215e+01 2.325882e+01
    endloop
  endfacet
  facet normal 5.687062e-01 -8.121966e-01 1.300379e-01
    outer loop
      vertex   1.633531e+01 2.379215e+01 2.325882e+01
      vertex   1.650000e+01 2.386603e+01 2.300000e+01
      vertex   1.648296e+01 2.389553e+01 2.325882e+01
    endloop
  endfacet
  facet normal 5.302105e-01 -7.572191e-01 3.814394e-01
    outer loop
      vertex   1.633531e+01 2.379215e+01 2.325882e+01
      vertex   1.648296e+01 2.389553e+01 2.325882e+01
      vertex   1.643301e+01 2.398205e+01 2.350000e+01
    endloop
  endfacet
  facet normal 3.906657e-01 -8.377853e-01 3.814394e-01
    outer loop
      vertex   1.643301e+01 2.398205e+01 2.350000e+01
      vertex   1.648296e+01 2.389553e+01 2.325882e+01
      vertex   1.661216e+01 2.406559e+01 2.350000e+01
    endloop
  endfacet
  facet normal 3.357585e-01 -7.200365e-01 6.073003e-01
    outer loop
      vertex   1.643301e+01 2.398205e+01 2.350000e+01
      vertex   1.661216e+01 2.406559e+01 2.350000e+01
      vertex   1.655780e+01 2.421492e+01 2.370711e+01
    endloop
  endfacet
  facet normal 2.056246e-01 -7.674014e-01 6.073003e-01
    outer loop
      vertex   1.655780e+01 2.421492e+01 2.370711e+01
      vertex   1.661216e+01 2.406559e+01 2.350000e+01
      vertex   1.677549e+01 2.427325e+01 2.370711e+01
    endloop
  endfacet
  facet normal 1.579371e-01 -5.894291e-01 7.922305e-01
    outer loop
      vertex   1.655780e+01 2.421492e+01 2.370711e+01
      vertex   1.677549e+01 2.427325e+01 2.370711e+01
      vertex   1.673953e+01 2.447721e+01 2.386603e+01
    endloop
  endfacet
  facet normal 4.190298e-01 -8.986123e-01 1.300379e-01
    outer loop
      vertex   1.648296e+01 2.389553e+01 2.325882e+01
      vertex   1.650000e+01 2.386603e+01 2.300000e+01
      vertex   1.664633e+01 2.397171e+01 2.325882e+01
    endloop
  endfacet
  facet normal 3.778237e-01 -9.121471e-01 1.588610e-01
    outer loop
      vertex   1.664633e+01 2.397171e+01 2.325882e+01
      vertex   1.650000e+01 2.386603e+01 2.300000e+01
      vertex   1.674118e+01 2.396593e+01 2.300000e+01
    endloop
  endfacet
  facet normal 2.570819e-01 -9.594425e-01 1.156674e-01
    outer loop
      vertex   1.664633e+01 2.397171e+01 2.325882e+01
      vertex   1.674118e+01 2.396593e+01 2.300000e+01
      vertex   1.682044e+01 2.401836e+01 2.325882e+01
    endloop
  endfacet
  facet normal 2.392507e-01 -8.928959e-01 3.814394e-01
    outer loop
      vertex   1.664633e+01 2.397171e+01 2.325882e+01
      vertex   1.682044e+01 2.401836e+01 2.325882e+01
      vertex   1.680309e+01 2.411675e+01 2.350000e+01
    endloop
  endfacet
  facet normal 2.392507e-01 -8.928959e-01 3.814394e-01
    outer loop
      vertex   1.664633e+01 2.397171e+01 2.325882e+01
      vertex   1.680309e+01 2.411675e+01 2.350000e+01
      vertex   1.661216e+01 2.406559e+01 2.350000e+01
    endloop
  endfacet
  facet normal 2.056246e-01 -7.674014e-01 6.073003e-01
    outer loop
      vertex   1.661216e+01 2.406559e+01 2.350000e+01
      vertex   1.680309e+01 2.411675e+01 2.350000e+01
      vertex   1.677549e+01 2.427325e+01 2.370711e+01
    endloop
  endfacet
  facet normal 3.906657e-01 -8.377853e-01 3.814394e-01
    outer loop
      vertex   1.648296e+01 2.389553e+01 2.325882e+01
      vertex   1.664633e+01 2.397171e+01 2.325882e+01
      vertex   1.661216e+01 2.406559e+01 2.350000e+01
    endloop
  endfacet
  facet normal 1.622559e-01 -3.479588e-01 9.233622e-01
    outer loop
      vertex   1.640448e+01 2.463618e+01 2.396593e+01
      vertex   1.612941e+01 2.450791e+01 2.396593e+01
      vertex   1.625000e+01 2.429904e+01 2.386603e+01
    endloop
  endfacet
  facet normal 2.202133e-01 -3.144971e-01 9.233622e-01
    outer loop
      vertex   1.625000e+01 2.429904e+01 2.386603e+01
      vertex   1.612941e+01 2.450791e+01 2.396593e+01
      vertex   1.603582e+01 2.414907e+01 2.386603e+01
    endloop
  endfacet
  facet normal 3.500089e-01 -4.998645e-01 7.922305e-01
    outer loop
      vertex   1.625000e+01 2.429904e+01 2.386603e+01
      vertex   1.603582e+01 2.414907e+01 2.386603e+01
      vertex   1.616894e+01 2.399041e+01 2.370711e+01
    endloop
  endfacet
  facet normal 4.314921e-01 -4.314921e-01 7.922305e-01
    outer loop
      vertex   1.616894e+01 2.399041e+01 2.370711e+01
      vertex   1.603582e+01 2.414907e+01 2.386603e+01
      vertex   1.600959e+01 2.383106e+01 2.370711e+01
    endloop
  endfacet
  facet normal 5.617768e-01 -5.617768e-01 6.073003e-01
    outer loop
      vertex   1.616894e+01 2.399041e+01 2.370711e+01
      vertex   1.600959e+01 2.383106e+01 2.370711e+01
      vertex   1.613133e+01 2.372891e+01 2.350000e+01
    endloop
  endfacet
  facet normal 6.507937e-01 -4.556906e-01 6.073003e-01
    outer loop
      vertex   1.613133e+01 2.372891e+01 2.350000e+01
      vertex   1.600959e+01 2.383106e+01 2.370711e+01
      vertex   1.601795e+01 2.356699e+01 2.350000e+01
    endloop
  endfacet
  facet normal 7.572191e-01 -5.302105e-01 3.814394e-01
    outer loop
      vertex   1.613133e+01 2.372891e+01 2.350000e+01
      vertex   1.601795e+01 2.356699e+01 2.350000e+01
      vertex   1.610447e+01 2.351704e+01 2.325882e+01
    endloop
  endfacet
  facet normal 8.377853e-01 -3.906657e-01 3.814394e-01
    outer loop
      vertex   1.610447e+01 2.351704e+01 2.325882e+01
      vertex   1.601795e+01 2.356699e+01 2.350000e+01
      vertex   1.602829e+01 2.335367e+01 2.325882e+01
    endloop
  endfacet
  facet normal 2.202133e-01 -3.144971e-01 9.233622e-01
    outer loop
      vertex   1.612941e+01 2.450791e+01 2.396593e+01
      vertex   1.588079e+01 2.433382e+01 2.396593e+01
      vertex   1.603582e+01 2.414907e+01 2.386603e+01
    endloop
  endfacet
  facet normal 2.714796e-01 -2.714796e-01 9.233622e-01
    outer loop
      vertex   1.603582e+01 2.414907e+01 2.386603e+01
      vertex   1.588079e+01 2.433382e+01 2.396593e+01
      vertex   1.585093e+01 2.396418e+01 2.386603e+01
    endloop
  endfacet
  facet normal 4.314921e-01 -4.314921e-01 7.922305e-01
    outer loop
      vertex   1.603582e+01 2.414907e+01 2.386603e+01
      vertex   1.585093e+01 2.396418e+01 2.386603e+01
      vertex   1.600959e+01 2.383106e+01 2.370711e+01
    endloop
  endfacet
  facet normal 4.998645e-01 -3.500089e-01 7.922305e-01
    outer loop
      vertex   1.600959e+01 2.383106e+01 2.370711e+01
      vertex   1.585093e+01 2.396418e+01 2.386603e+01
      vertex   1.588032e+01 2.364645e+01 2.370711e+01
    endloop
  endfacet
  facet normal 6.507937e-01 -4.556906e-01 6.073003e-01
    outer loop
      vertex   1.600959e+01 2.383106e+01 2.370711e+01
      vertex   1.588032e+01 2.364645e+01 2.370711e+01
      vertex   1.601795e+01 2.356699e+01 2.350000e+01
    endloop
  endfacet
  facet normal 7.200365e-01 -3.357585e-01 6.073003e-01
    outer loop
      vertex   1.601795e+01 2.356699e+01 2.350000e+01
      vertex   1.588032e+01 2.364645e+01 2.370711e+01
      vertex   1.593441e+01 2.338784e+01 2.350000e+01
    endloop
  endfacet
  facet normal 8.377853e-01 -3.906657e-01 3.814394e-01
    outer loop
      vertex   1.601795e+01 2.356699e+01 2.350000e+01
      vertex   1.593441e+01 2.338784e+01 2.350000e+01
      vertex   1.602829e+01 2.335367e+01 2.325882e+01
    endloop
  endfacet
  facet normal 8.928959e-01 -2.392507e-01 3.814394e-01
    outer loop
      vertex   1.602829e+01 2.335367e+01 2.325882e+01
      vertex   1.593441e+01 2.338784e+01 2.350000e+01
      vertex   1.598164e+01 2.317957e+01 2.325882e+01
    endloop
  endfacet
  facet normal 3.144971e-01 -2.202133e-01 9.233622e-01
    outer loop
      vertex   1.566618e+01 2.411921e+01 2.396593e+01
      vertex   1.570096e+01 2.375000e+01 2.386603e+01
      vertex   1.585093e+01 2.396418e+01 2.386603e+01
    endloop
  endfacet
  facet normal 4.998645e-01 -3.500089e-01 7.922305e-01
    outer loop
      vertex   1.585093e+01 2.396418e+01 2.386603e+01
      vertex   1.570096e+01 2.375000e+01 2.386603e+01
      vertex   1.588032e+01 2.364645e+01 2.370711e+01
    endloop
  endfacet
  facet normal 7.200365e-01 -3.357585e-01 6.073003e-01
    outer loop
      vertex   1.593441e+01 2.338784e+01 2.350000e+01
      vertex   1.588032e+01 2.364645e+01 2.370711e+01
      vertex   1.578508e+01 2.344220e+01 2.370711e+01
    endloop
  endfacet
  facet normal 5.530489e-01 -2.578909e-01 7.922305e-01
    outer loop
      vertex   1.578508e+01 2.344220e+01 2.370711e+01
      vertex   1.588032e+01 2.364645e+01 2.370711e+01
      vertex   1.570096e+01 2.375000e+01 2.386603e+01
    endloop
  endfacet
  facet normal 2.714796e-01 -2.714796e-01 9.233622e-01
    outer loop
      vertex   1.588079e+01 2.433382e+01 2.396593e+01
      vertex   1.566618e+01 2.411921e+01 2.396593e+01
      vertex   1.585093e+01 2.396418e+01 2.386603e+01
    endloop
  endfacet
  facet normal 8.928959e-01 -2.392507e-01 3.814394e-01
    outer loop
      vertex   1.598164e+01 2.317957e+01 2.325882e+01
      vertex   1.593441e+01 2.338784e+01 2.350000e+01
      vertex   1.588325e+01 2.319691e+01 2.350000e+01
    endloop
  endfacet
  facet normal 7.674014e-01 -2.056246e-01 6.073003e-01
    outer loop
      vertex   1.588325e+01 2.319691e+01 2.350000e+01
      vertex   1.593441e+01 2.338784e+01 2.350000e+01
      vertex   1.578508e+01 2.344220e+01 2.370711e+01
    endloop
  endfacet
  facet normal 1.305262e-01 -2.107828e-17 9.914449e-01
    outer loop
      vertex   1.500000e+01 2.300000e+01 2.400000e+01
      vertex   1.500000e+01 1.200000e+01 2.400000e+01
      vertex   1.525882e+01 1.750000e+01 2.396593e+01
    endloop
  endfacet
  facet normal 1.305262e-01 -4.215656e-17 9.914449e-01
    outer loop
      vertex   1.525882e+01 1.750000e+01 2.396593e+01
      vertex   1.500000e+01 1.200000e+01 2.400000e+01
      vertex   1.525882e+01 1.200000e+01 2.396593e+01
    endloop
  endfacet
  facet normal 3.826834e-01 -1.235968e-16 9.238795e-01
    outer loop
      vertex   1.525882e+01 1.750000e+01 2.396593e+01
      vertex   1.525882e+01 1.200000e+01 2.396593e+01
      vertex   1.550000e+01 1.750000e+01 2.386603e+01
    endloop
  endfacet
  facet normal 3.826834e-01 -9.675684e-16 9.238795e-01
    outer loop
      vertex   1.550000e+01 1.750000e+01 2.386603e+01
      vertex   1.525882e+01 1.200000e+01 2.396593e+01
      vertex   1.550000e+01 1.200000e+01 2.386603e+01
    endloop
  endfacet
  facet normal 6.087614e-01 -1.102307e-15 7.933533e-01
    outer loop
      vertex   1.550000e+01 1.750000e+01 2.386603e+01
      vertex   1.550000e+01 1.200000e+01 2.386603e+01
      vertex   1.570711e+01 1.750000e+01 2.370711e+01
    endloop
  endfacet
  facet normal 6.087614e-01 -3.932282e-16 7.933533e-01
    outer loop
      vertex   1.570711e+01 1.750000e+01 2.370711e+01
      vertex   1.550000e+01 1.200000e+01 2.386603e+01
      vertex   1.570711e+01 1.200000e+01 2.370711e+01
    endloop
  endfacet
  facet normal 7.933533e-01 -5.124649e-16 6.087614e-01
    outer loop
      vertex   1.570711e+01 1.750000e+01 2.370711e+01
      vertex   1.570711e+01 1.200000e+01 2.370711e+01
      vertex   1.586603e+01 1.750000e+01 2.350000e+01
    endloop
  endfacet
  facet normal 7.933533e-01 -2.562325e-16 6.087614e-01
    outer loop
      vertex   1.586603e+01 1.750000e+01 2.350000e+01
      vertex   1.570711e+01 1.200000e+01 2.370711e+01
      vertex   1.586603e+01 1.200000e+01 2.350000e+01
    endloop
  endfacet
  facet normal 9.238795e-01 -2.983890e-16 3.826834e-01
    outer loop
      vertex   1.586603e+01 1.750000e+01 2.350000e+01
      vertex   1.586603e+01 1.200000e+01 2.350000e+01
      vertex   1.596593e+01 1.750000e+01 2.325882e+01
    endloop
  endfacet
  facet normal 9.238795e-01 -5.967781e-16 3.826834e-01
    outer loop
      vertex   1.596593e+01 1.750000e+01 2.325882e+01
      vertex   1.586603e+01 1.200000e+01 2.350000e+01
      vertex   1.596593e+01 1.200000e+01 2.325882e+01
    endloop
  endfacet
  facet normal 9.914449e-01 -6.404218e-16 1.305262e-01
    outer loop
      vertex   1.596593e+01 1.750000e+01 2.325882e+01
      vertex   1.596593e+01 1.200000e+01 2.325882e+01
      vertex   1.600000e+01 1.200000e+01 2.300000e+01
    endloop
  endfacet
  facet normal 9.914449e-01 4.215656e-17 1.305262e-01
    outer loop
      vertex   1.600000e+01 1.200000e+01 2.300000e+01
      vertex   1.600000e+01 2.300000e+01 2.300000e+01
      vertex   1.596593e+01 1.750000e+01 2.325882e+01
    endloop
  endfacet
  facet normal 9.914449e-01 -2.358978e-16 1.305262e-01
    outer loop
      vertex   1.596593e+01 1.750000e+01 2.325882e+01
      vertex   1.600000e+01 2.300000e+01 2.300000e+01
      vertex   1.596593e+01 2.300000e+01 2.325882e+01
    endloop
  endfacet
  facet normal 9.238795e-01 -5.119546e-17 3.826834e-01
    outer loop
      vertex   1.596593e+01 1.750000e+01 2.325882e+01
      vertex   1.596593e+01 2.300000e+01 2.325882e+01
      vertex   1.586603e+01 1.750000e+01 2.350000e+01
    endloop
  endfacet
  facet normal 9.238795e-01 -2.983890e-16 3.826834e-01
    outer loop
      vertex   1.586603e+01 1.750000e+01 2.350000e+01
      vertex   1.596593e+01 2.300000e+01 2.325882e+01
      vertex   1.586603e+01 2.300000e+01 2.350000e+01
    endloop
  endfacet
  facet normal 7.933533e-01 -2.562325e-16 6.087614e-01
    outer loop
      vertex   1.586603e+01 1.750000e+01 2.350000e+01
      vertex   1.586603e+01 2.300000e+01 2.350000e+01
      vertex   1.570711e+01 1.750000e+01 2.370711e+01
    endloop
  endfacet
  facet normal 7.933533e-01 3.932282e-16 6.087614e-01
    outer loop
      vertex   1.570711e+01 1.750000e+01 2.370711e+01
      vertex   1.586603e+01 2.300000e+01 2.350000e+01
      vertex   1.570711e+01 2.300000e+01 2.370711e+01
    endloop
  endfacet
  facet normal 6.087614e-01 5.124649e-16 7.933533e-01
    outer loop
      vertex   1.570711e+01 1.750000e+01 2.370711e+01
      vertex   1.570711e+01 2.300000e+01 2.370711e+01
      vertex   1.550000e+01 1.750000e+01 2.386603e+01
    endloop
  endfacet
  facet normal 6.087614e-01 5.124649e-16 7.933533e-01
    outer loop
      vertex   1.550000e+01 1.750000e+01 2.386603e+01
      vertex   1.570711e+01 2.300000e+01 2.370711e+01
      vertex   1.550000e+01 2.300000e+01 2.386603e+01
    endloop
  endfacet
  facet normal 3.826834e-01 5.967781e-16 9.238795e-01
    outer loop
      vertex   1.550000e+01 1.750000e+01 2.386603e+01
      vertex   1.550000e+01 2.300000e+01 2.386603e+01
      vertex   1.525882e+01 1.750000e+01 2.396593e+01
    endloop
  endfacet
  facet normal 3.826834e-01 -0.000000e+00 9.238795e-01
    outer loop
      vertex   1.525882e+01 1.750000e+01 2.396593e+01
      vertex   1.550000e+01 2.300000e+01 2.386603e+01
      vertex   1.525882e+01 2.300000e+01 2.396593e+01
    endloop
  endfacet
  facet normal 1.305262e-01 -0.000000e+00 9.914449e-01
    outer loop
      vertex   1.525882e+01 1.750000e+01 2.396593e+01
      vertex   1.525882e+01 2.300000e+01 2.396593e+01
      vertex   1.500000e+01 2.300000e+01 2.400000e+01
    endloop
  endfacet
  facet normal 1.514289e-02 1.343969e-01 9.908119e-01
    outer loop
      vertex   1.655496e+01 1.005014e+01 2.400000e+01
      vertex   1.700000e+01 1.000000e+01 2.400000e+01
      vertex   1.669765e+01 1.028527e+01 2.396593e+01
    endloop
  endfacet
  facet normal 1.141882e-02 1.305177e-01 9.913802e-01
    outer loop
      vertex   1.669765e+01 1.028527e+01 2.396593e+01
      vertex   1.700000e+01 1.000000e+01 2.400000e+01
      vertex   1.700000e+01 1.025882e+01 2.396593e+01
    endloop
  endfacet
  facet normal 3.346171e-02 3.824691e-01 9.233622e-01
    outer loop
      vertex   1.669765e+01 1.028527e+01 2.396593e+01
      vertex   1.700000e+01 1.025882e+01 2.396593e+01
      vertex   1.700000e+01 1.050000e+01 2.386603e+01
    endloop
  endfacet
  facet normal 3.346171e-02 3.824691e-01 9.233622e-01
    outer loop
      vertex   1.669765e+01 1.028527e+01 2.396593e+01
      vertex   1.700000e+01 1.050000e+01 2.386603e+01
      vertex   1.673953e+01 1.052279e+01 2.386603e+01
    endloop
  endfacet
  facet normal 5.318435e-02 6.078999e-01 7.922305e-01
    outer loop
      vertex   1.673953e+01 1.052279e+01 2.386603e+01
      vertex   1.700000e+01 1.050000e+01 2.386603e+01
      vertex   1.700000e+01 1.070711e+01 2.370711e+01
    endloop
  endfacet
  facet normal 5.318435e-02 6.078999e-01 7.922305e-01
    outer loop
      vertex   1.673953e+01 1.052279e+01 2.386603e+01
      vertex   1.700000e+01 1.070711e+01 2.370711e+01
      vertex   1.677549e+01 1.072675e+01 2.370711e+01
    endloop
  endfacet
  facet normal 6.924283e-02 7.914492e-01 6.073003e-01
    outer loop
      vertex   1.677549e+01 1.072675e+01 2.370711e+01
      vertex   1.700000e+01 1.070711e+01 2.370711e+01
      vertex   1.700000e+01 1.086603e+01 2.350000e+01
    endloop
  endfacet
  facet normal 6.924283e-02 7.914492e-01 6.073003e-01
    outer loop
      vertex   1.677549e+01 1.072675e+01 2.370711e+01
      vertex   1.700000e+01 1.086603e+01 2.350000e+01
      vertex   1.680309e+01 1.088325e+01 2.350000e+01
    endloop
  endfacet
  facet normal 8.056623e-02 9.208762e-01 3.814394e-01
    outer loop
      vertex   1.680309e+01 1.088325e+01 2.350000e+01
      vertex   1.700000e+01 1.086603e+01 2.350000e+01
      vertex   1.700000e+01 1.096593e+01 2.325882e+01
    endloop
  endfacet
  facet normal 8.056623e-02 9.208762e-01 3.814394e-01
    outer loop
      vertex   1.680309e+01 1.088325e+01 2.350000e+01
      vertex   1.700000e+01 1.096593e+01 2.325882e+01
      vertex   1.682044e+01 1.098164e+01 2.325882e+01
    endloop
  endfacet
  facet normal 8.641571e-02 9.877360e-01 1.300379e-01
    outer loop
      vertex   1.682044e+01 1.098164e+01 2.325882e+01
      vertex   1.700000e+01 1.096593e+01 2.325882e+01
      vertex   1.700000e+01 1.100000e+01 2.300000e+01
    endloop
  endfacet
  facet normal 1.288686e-01 9.788545e-01 1.588610e-01
    outer loop
      vertex   1.682044e+01 1.098164e+01 2.325882e+01
      vertex   1.700000e+01 1.100000e+01 2.300000e+01
      vertex   1.674118e+01 1.103407e+01 2.300000e+01
    endloop
  endfacet
  facet normal 2.570819e-01 9.594425e-01 1.156674e-01
    outer loop
      vertex   1.682044e+01 1.098164e+01 2.325882e+01
      vertex   1.674118e+01 1.103407e+01 2.300000e+01
      vertex   1.664633e+01 1.102829e+01 2.325882e+01
    endloop
  endfacet
  facet normal 3.778237e-01 9.121471e-01 1.588610e-01
    outer loop
      vertex   1.664633e+01 1.102829e+01 2.325882e+01
      vertex   1.674118e+01 1.103407e+01 2.300000e+01
      vertex   1.650000e+01 1.113397e+01 2.300000e+01
    endloop
  endfacet
  facet normal 4.190298e-01 8.986123e-01 1.300379e-01
    outer loop
      vertex   1.664633e+01 1.102829e+01 2.325882e+01
      vertex   1.650000e+01 1.113397e+01 2.300000e+01
      vertex   1.648296e+01 1.110447e+01 2.325882e+01
    endloop
  endfacet
  facet normal 5.687062e-01 8.121966e-01 1.300379e-01
    outer loop
      vertex   1.648296e+01 1.110447e+01 2.325882e+01
      vertex   1.650000e+01 1.113397e+01 2.300000e+01
      vertex   1.633531e+01 1.120785e+01 2.325882e+01
    endloop
  endfacet
  facet normal 5.302105e-01 7.572191e-01 3.814394e-01
    outer loop
      vertex   1.648296e+01 1.110447e+01 2.325882e+01
      vertex   1.633531e+01 1.120785e+01 2.325882e+01
      vertex   1.627110e+01 1.113133e+01 2.350000e+01
    endloop
  endfacet
  facet normal 6.536451e-01 6.536451e-01 3.814394e-01
    outer loop
      vertex   1.627110e+01 1.113133e+01 2.350000e+01
      vertex   1.633531e+01 1.120785e+01 2.325882e+01
      vertex   1.613133e+01 1.127110e+01 2.350000e+01
    endloop
  endfacet
  facet normal 5.617768e-01 5.617768e-01 6.073003e-01
    outer loop
      vertex   1.627110e+01 1.113133e+01 2.350000e+01
      vertex   1.613133e+01 1.127110e+01 2.350000e+01
      vertex   1.600959e+01 1.116894e+01 2.370711e+01
    endloop
  endfacet
  facet normal 6.507937e-01 4.556906e-01 6.073003e-01
    outer loop
      vertex   1.600959e+01 1.116894e+01 2.370711e+01
      vertex   1.613133e+01 1.127110e+01 2.350000e+01
      vertex   1.588032e+01 1.135355e+01 2.370711e+01
    endloop
  endfacet
  facet normal 4.998645e-01 3.500089e-01 7.922305e-01
    outer loop
      vertex   1.600959e+01 1.116894e+01 2.370711e+01
      vertex   1.588032e+01 1.135355e+01 2.370711e+01
      vertex   1.570096e+01 1.125000e+01 2.386603e+01
    endloop
  endfacet
  facet normal 5.530489e-01 2.578909e-01 7.922305e-01
    outer loop
      vertex   1.570096e+01 1.125000e+01 2.386603e+01
      vertex   1.588032e+01 1.135355e+01 2.370711e+01
      vertex   1.559046e+01 1.148697e+01 2.386603e+01
    endloop
  endfacet
  facet normal 3.479588e-01 1.622559e-01 9.233622e-01
    outer loop
      vertex   1.570096e+01 1.125000e+01 2.386603e+01
      vertex   1.559046e+01 1.148697e+01 2.386603e+01
      vertex   1.536383e+01 1.140448e+01 2.396593e+01
    endloop
  endfacet
  facet normal 3.708480e-01 9.936842e-02 9.233622e-01
    outer loop
      vertex   1.536383e+01 1.140448e+01 2.396593e+01
      vertex   1.559046e+01 1.148697e+01 2.386603e+01
      vertex   1.528527e+01 1.169765e+01 2.396593e+01
    endloop
  endfacet
  facet normal 1.236240e-01 3.312496e-02 9.917761e-01
    outer loop
      vertex   1.536383e+01 1.140448e+01 2.396593e+01
      vertex   1.528527e+01 1.169765e+01 2.396593e+01
      vertex   1.505014e+01 1.155496e+01 2.400000e+01
    endloop
  endfacet
  facet normal 1.343969e-01 1.514289e-02 9.908119e-01
    outer loop
      vertex   1.505014e+01 1.155496e+01 2.400000e+01
      vertex   1.528527e+01 1.169765e+01 2.396593e+01
      vertex   1.500000e+01 1.200000e+01 2.400000e+01
    endloop
  endfacet
  facet normal 1.305177e-01 1.141882e-02 9.913802e-01
    outer loop
      vertex   1.500000e+01 1.200000e+01 2.400000e+01
      vertex   1.528527e+01 1.169765e+01 2.396593e+01
      vertex   1.525882e+01 1.200000e+01 2.396593e+01
    endloop
  endfacet
  facet normal 3.824691e-01 3.346171e-02 9.233622e-01
    outer loop
      vertex   1.525882e+01 1.200000e+01 2.396593e+01
      vertex   1.528527e+01 1.169765e+01 2.396593e+01
      vertex   1.552279e+01 1.173953e+01 2.386603e+01
    endloop
  endfacet
  facet normal 3.824691e-01 3.346171e-02 9.233622e-01
    outer loop
      vertex   1.525882e+01 1.200000e+01 2.396593e+01
      vertex   1.552279e+01 1.173953e+01 2.386603e+01
      vertex   1.550000e+01 1.200000e+01 2.386603e+01
    endloop
  endfacet
  facet normal 6.078999e-01 5.318435e-02 7.922305e-01
    outer loop
      vertex   1.550000e+01 1.200000e+01 2.386603e+01
      vertex   1.552279e+01 1.173953e+01 2.386603e+01
      vertex   1.572675e+01 1.177549e+01 2.370711e+01
    endloop
  endfacet
  facet normal 6.078999e-01 5.318435e-02 7.922305e-01
    outer loop
      vertex   1.550000e+01 1.200000e+01 2.386603e+01
      vertex   1.572675e+01 1.177549e+01 2.370711e+01
      vertex   1.570711e+01 1.200000e+01 2.370711e+01
    endloop
  endfacet
  facet normal 7.914492e-01 6.924283e-02 6.073003e-01
    outer loop
      vertex   1.570711e+01 1.200000e+01 2.370711e+01
      vertex   1.572675e+01 1.177549e+01 2.370711e+01
      vertex   1.588325e+01 1.180309e+01 2.350000e+01
    endloop
  endfacet
  facet normal 7.914492e-01 6.924283e-02 6.073003e-01
    outer loop
      vertex   1.570711e+01 1.200000e+01 2.370711e+01
      vertex   1.588325e+01 1.180309e+01 2.350000e+01
      vertex   1.586603e+01 1.200000e+01 2.350000e+01
    endloop
  endfacet
  facet normal 9.208762e-01 8.056623e-02 3.814394e-01
    outer loop
      vertex   1.586603e+01 1.200000e+01 2.350000e+01
      vertex   1.588325e+01 1.180309e+01 2.350000e+01
      vertex   1.598164e+01 1.182044e+01 2.325882e+01
    endloop
  endfacet
  facet normal 9.208762e-01 8.056623e-02 3.814394e-01
    outer loop
      vertex   1.586603e+01 1.200000e+01 2.350000e+01
      vertex   1.598164e+01 1.182044e+01 2.325882e+01
      vertex   1.596593e+01 1.200000e+01 2.325882e+01
    endloop
  endfacet
  facet normal 9.877360e-01 8.641571e-02 1.300379e-01
    outer loop
      vertex   1.596593e+01 1.200000e+01 2.325882e+01
      vertex   1.598164e+01 1.182044e+01 2.325882e+01
      vertex   1.600000e+01 1.200000e+01 2.300000e+01
    endloop
  endfacet
  facet normal 9.788545e-01 1.288686e-01 1.588610e-01
    outer loop
      vertex   1.600000e+01 1.200000e+01 2.300000e+01
      vertex   1.598164e+01 1.182044e+01 2.325882e+01
      vertex   1.603407e+01 1.174118e+01 2.300000e+01
    endloop
  endfacet
  facet normal 9.594425e-01 2.570819e-01 1.156674e-01
    outer loop
      vertex   1.603407e+01 1.174118e+01 2.300000e+01
      vertex   1.598164e+01 1.182044e+01 2.325882e+01
      vertex   1.602829e+01 1.164633e+01 2.325882e+01
    endloop
  endfacet
  facet normal 9.121471e-01 3.778237e-01 1.588610e-01
    outer loop
      vertex   1.603407e+01 1.174118e+01 2.300000e+01
      vertex   1.602829e+01 1.164633e+01 2.325882e+01
      vertex   1.613397e+01 1.150000e+01 2.300000e+01
    endloop
  endfacet
  facet normal 8.986123e-01 4.190298e-01 1.300379e-01
    outer loop
      vertex   1.613397e+01 1.150000e+01 2.300000e+01
      vertex   1.602829e+01 1.164633e+01 2.325882e+01
      vertex   1.610447e+01 1.148296e+01 2.325882e+01
    endloop
  endfacet
  facet normal 8.121966e-01 5.687062e-01 1.300379e-01
    outer loop
      vertex   1.613397e+01 1.150000e+01 2.300000e+01
      vertex   1.610447e+01 1.148296e+01 2.325882e+01
      vertex   1.620785e+01 1.133531e+01 2.325882e+01
    endloop
  endfacet
  facet normal 7.572191e-01 5.302105e-01 3.814394e-01
    outer loop
      vertex   1.620785e+01 1.133531e+01 2.325882e+01
      vertex   1.610447e+01 1.148296e+01 2.325882e+01
      vertex   1.601795e+01 1.143301e+01 2.350000e+01
    endloop
  endfacet
  facet normal 7.572191e-01 5.302105e-01 3.814394e-01
    outer loop
      vertex   1.620785e+01 1.133531e+01 2.325882e+01
      vertex   1.601795e+01 1.143301e+01 2.350000e+01
      vertex   1.613133e+01 1.127110e+01 2.350000e+01
    endloop
  endfacet
  facet normal 6.507937e-01 4.556906e-01 6.073003e-01
    outer loop
      vertex   1.613133e+01 1.127110e+01 2.350000e+01
      vertex   1.601795e+01 1.143301e+01 2.350000e+01
      vertex   1.588032e+01 1.135355e+01 2.370711e+01
    endloop
  endfacet
  facet normal 6.010307e-01 7.832785e-01 1.588610e-01
    outer loop
      vertex   1.650000e+01 1.113397e+01 2.300000e+01
      vertex   1.629289e+01 1.129289e+01 2.300000e+01
      vertex   1.633531e+01 1.120785e+01 2.325882e+01
    endloop
  endfacet
  facet normal 7.023607e-01 7.023607e-01 1.156674e-01
    outer loop
      vertex   1.633531e+01 1.120785e+01 2.325882e+01
      vertex   1.629289e+01 1.129289e+01 2.300000e+01
      vertex   1.620785e+01 1.133531e+01 2.325882e+01
    endloop
  endfacet
  facet normal 6.536451e-01 6.536451e-01 3.814394e-01
    outer loop
      vertex   1.633531e+01 1.120785e+01 2.325882e+01
      vertex   1.620785e+01 1.133531e+01 2.325882e+01
      vertex   1.613133e+01 1.127110e+01 2.350000e+01
    endloop
  endfacet
  facet normal 7.832785e-01 6.010307e-01 1.588610e-01
    outer loop
      vertex   1.629289e+01 1.129289e+01 2.300000e+01
      vertex   1.613397e+01 1.150000e+01 2.300000e+01
      vertex   1.620785e+01 1.133531e+01 2.325882e+01
    endloop
  endfacet
  facet normal 1.293083e-01 4.524691e-02 9.905716e-01
    outer loop
      vertex   1.505014e+01 1.155496e+01 2.400000e+01
      vertex   1.519806e+01 1.113223e+01 2.400000e+01
      vertex   1.536383e+01 1.140448e+01 2.396593e+01
    endloop
  endfacet
  facet normal 1.154591e-01 5.383946e-02 9.918521e-01
    outer loop
      vertex   1.536383e+01 1.140448e+01 2.396593e+01
      vertex   1.519806e+01 1.113223e+01 2.400000e+01
      vertex   1.549209e+01 1.112941e+01 2.396593e+01
    endloop
  endfacet
  facet normal 3.479588e-01 1.622559e-01 9.233622e-01
    outer loop
      vertex   1.536383e+01 1.140448e+01 2.396593e+01
      vertex   1.549209e+01 1.112941e+01 2.396593e+01
      vertex   1.570096e+01 1.125000e+01 2.386603e+01
    endloop
  endfacet
  facet normal 3.144971e-01 2.202133e-01 9.233622e-01
    outer loop
      vertex   1.570096e+01 1.125000e+01 2.386603e+01
      vertex   1.549209e+01 1.112941e+01 2.396593e+01
      vertex   1.585093e+01 1.103582e+01 2.386603e+01
    endloop
  endfacet
  facet normal 4.998645e-01 3.500089e-01 7.922305e-01
    outer loop
      vertex   1.570096e+01 1.125000e+01 2.386603e+01
      vertex   1.585093e+01 1.103582e+01 2.386603e+01
      vertex   1.600959e+01 1.116894e+01 2.370711e+01
    endloop
  endfacet
  facet normal 4.314921e-01 4.314921e-01 7.922305e-01
    outer loop
      vertex   1.600959e+01 1.116894e+01 2.370711e+01
      vertex   1.585093e+01 1.103582e+01 2.386603e+01
      vertex   1.616894e+01 1.100959e+01 2.370711e+01
    endloop
  endfacet
  facet normal 5.617768e-01 5.617768e-01 6.073003e-01
    outer loop
      vertex   1.600959e+01 1.116894e+01 2.370711e+01
      vertex   1.616894e+01 1.100959e+01 2.370711e+01
      vertex   1.627110e+01 1.113133e+01 2.350000e+01
    endloop
  endfacet
  facet normal 4.556906e-01 6.507937e-01 6.073003e-01
    outer loop
      vertex   1.627110e+01 1.113133e+01 2.350000e+01
      vertex   1.616894e+01 1.100959e+01 2.370711e+01
      vertex   1.643301e+01 1.101795e+01 2.350000e+01
    endloop
  endfacet
  facet normal 5.302105e-01 7.572191e-01 3.814394e-01
    outer loop
      vertex   1.627110e+01 1.113133e+01 2.350000e+01
      vertex   1.643301e+01 1.101795e+01 2.350000e+01
      vertex   1.648296e+01 1.110447e+01 2.325882e+01
    endloop
  endfacet
  facet normal 3.906657e-01 8.377853e-01 3.814394e-01
    outer loop
      vertex   1.648296e+01 1.110447e+01 2.325882e+01
      vertex   1.643301e+01 1.101795e+01 2.350000e+01
      vertex   1.664633e+01 1.102829e+01 2.325882e+01
    endloop
  endfacet
  facet normal 1.155000e-01 7.257344e-02 9.906527e-01
    outer loop
      vertex   1.519806e+01 1.113223e+01 2.400000e+01
      vertex   1.543634e+01 1.075302e+01 2.400000e+01
      vertex   1.549209e+01 1.112941e+01 2.396593e+01
    endloop
  endfacet
  facet normal 1.058189e-01 7.409519e-02 9.916210e-01
    outer loop
      vertex   1.549209e+01 1.112941e+01 2.396593e+01
      vertex   1.543634e+01 1.075302e+01 2.400000e+01
      vertex   1.566618e+01 1.088079e+01 2.396593e+01
    endloop
  endfacet
  facet normal 3.144971e-01 2.202133e-01 9.233622e-01
    outer loop
      vertex   1.549209e+01 1.112941e+01 2.396593e+01
      vertex   1.566618e+01 1.088079e+01 2.396593e+01
      vertex   1.585093e+01 1.103582e+01 2.386603e+01
    endloop
  endfacet
  facet normal 2.714796e-01 2.714796e-01 9.233622e-01
    outer loop
      vertex   1.585093e+01 1.103582e+01 2.386603e+01
      vertex   1.566618e+01 1.088079e+01 2.396593e+01
      vertex   1.603582e+01 1.085093e+01 2.386603e+01
    endloop
  endfacet
  facet normal 4.314921e-01 4.314921e-01 7.922305e-01
    outer loop
      vertex   1.585093e+01 1.103582e+01 2.386603e+01
      vertex   1.603582e+01 1.085093e+01 2.386603e+01
      vertex   1.616894e+01 1.100959e+01 2.370711e+01
    endloop
  endfacet
  facet normal 3.500089e-01 4.998645e-01 7.922305e-01
    outer loop
      vertex   1.616894e+01 1.100959e+01 2.370711e+01
      vertex   1.603582e+01 1.085093e+01 2.386603e+01
      vertex   1.635355e+01 1.088032e+01 2.370711e+01
    endloop
  endfacet
  facet normal 4.556906e-01 6.507937e-01 6.073003e-01
    outer loop
      vertex   1.616894e+01 1.100959e+01 2.370711e+01
      vertex   1.635355e+01 1.088032e+01 2.370711e+01
      vertex   1.643301e+01 1.101795e+01 2.350000e+01
    endloop
  endfacet
  facet normal 3.357585e-01 7.200365e-01 6.073003e-01
    outer loop
      vertex   1.643301e+01 1.101795e+01 2.350000e+01
      vertex   1.635355e+01 1.088032e+01 2.370711e+01
      vertex   1.661216e+01 1.093441e+01 2.350000e+01
    endloop
  endfacet
  facet normal 3.906657e-01 8.377853e-01 3.814394e-01
    outer loop
      vertex   1.643301e+01 1.101795e+01 2.350000e+01
      vertex   1.661216e+01 1.093441e+01 2.350000e+01
      vertex   1.664633e+01 1.102829e+01 2.325882e+01
    endloop
  endfacet
  facet normal 2.392507e-01 8.928959e-01 3.814394e-01
    outer loop
      vertex   1.664633e+01 1.102829e+01 2.325882e+01
      vertex   1.661216e+01 1.093441e+01 2.350000e+01
      vertex   1.682044e+01 1.098164e+01 2.325882e+01
    endloop
  endfacet
  facet normal 9.442933e-02 9.442933e-02 9.910430e-01
    outer loop
      vertex   1.543634e+01 1.075302e+01 2.400000e+01
      vertex   1.575302e+01 1.043634e+01 2.400000e+01
      vertex   1.566618e+01 1.088079e+01 2.396593e+01
    endloop
  endfacet
  facet normal 9.442933e-02 9.442933e-02 9.910430e-01
    outer loop
      vertex   1.566618e+01 1.088079e+01 2.396593e+01
      vertex   1.575302e+01 1.043634e+01 2.400000e+01
      vertex   1.588079e+01 1.066618e+01 2.396593e+01
    endloop
  endfacet
  facet normal 2.714796e-01 2.714796e-01 9.233622e-01
    outer loop
      vertex   1.566618e+01 1.088079e+01 2.396593e+01
      vertex   1.588079e+01 1.066618e+01 2.396593e+01
      vertex   1.603582e+01 1.085093e+01 2.386603e+01
    endloop
  endfacet
  facet normal 2.202133e-01 3.144971e-01 9.233622e-01
    outer loop
      vertex   1.603582e+01 1.085093e+01 2.386603e+01
      vertex   1.588079e+01 1.066618e+01 2.396593e+01
      vertex   1.625000e+01 1.070096e+01 2.386603e+01
    endloop
  endfacet
  facet normal 3.500089e-01 4.998645e-01 7.922305e-01
    outer loop
      vertex   1.603582e+01 1.085093e+01 2.386603e+01
      vertex   1.625000e+01 1.070096e+01 2.386603e+01
      vertex   1.635355e+01 1.088032e+01 2.370711e+01
    endloop
  endfacet
  facet normal 2.578909e-01 5.530489e-01 7.922305e-01
    outer loop
      vertex   1.635355e+01 1.088032e+01 2.370711e+01
      vertex   1.625000e+01 1.070096e+01 2.386603e+01
      vertex   1.655780e+01 1.078508e+01 2.370711e+01
    endloop
  endfacet
  facet normal 3.357585e-01 7.200365e-01 6.073003e-01
    outer loop
      vertex   1.635355e+01 1.088032e+01 2.370711e+01
      vertex   1.655780e+01 1.078508e+01 2.370711e+01
      vertex   1.661216e+01 1.093441e+01 2.350000e+01
    endloop
  endfacet
  facet normal 2.056246e-01 7.674014e-01 6.073003e-01
    outer loop
      vertex   1.661216e+01 1.093441e+01 2.350000e+01
      vertex   1.655780e+01 1.078508e+01 2.370711e+01
      vertex   1.680309e+01 1.088325e+01 2.350000e+01
    endloop
  endfacet
  facet normal 2.392507e-01 8.928959e-01 3.814394e-01
    outer loop
      vertex   1.661216e+01 1.093441e+01 2.350000e+01
      vertex   1.680309e+01 1.088325e+01 2.350000e+01
      vertex   1.682044e+01 1.098164e+01 2.325882e+01
    endloop
  endfacet
  facet normal 7.409519e-02 1.058189e-01 9.916210e-01
    outer loop
      vertex   1.588079e+01 1.066618e+01 2.396593e+01
      vertex   1.575302e+01 1.043634e+01 2.400000e+01
      vertex   1.612941e+01 1.049209e+01 2.396593e+01
    endloop
  endfacet
  facet normal 7.257344e-02 1.155000e-01 9.906527e-01
    outer loop
      vertex   1.612941e+01 1.049209e+01 2.396593e+01
      vertex   1.575302e+01 1.043634e+01 2.400000e+01
      vertex   1.613223e+01 1.019806e+01 2.400000e+01
    endloop
  endfacet
  facet normal 5.383946e-02 1.154591e-01 9.918521e-01
    outer loop
      vertex   1.612941e+01 1.049209e+01 2.396593e+01
      vertex   1.613223e+01 1.019806e+01 2.400000e+01
      vertex   1.640448e+01 1.036383e+01 2.396593e+01
    endloop
  endfacet
  facet normal 4.524691e-02 1.293083e-01 9.905716e-01
    outer loop
      vertex   1.640448e+01 1.036383e+01 2.396593e+01
      vertex   1.613223e+01 1.019806e+01 2.400000e+01
      vertex   1.655496e+01 1.005014e+01 2.400000e+01
    endloop
  endfacet
  facet normal 3.312496e-02 1.236240e-01 9.917761e-01
    outer loop
      vertex   1.640448e+01 1.036383e+01 2.396593e+01
      vertex   1.655496e+01 1.005014e+01 2.400000e+01
      vertex   1.669765e+01 1.028527e+01 2.396593e+01
    endloop
  endfacet
  facet normal 2.056246e-01 7.674014e-01 6.073003e-01
    outer loop
      vertex   1.680309e+01 1.088325e+01 2.350000e+01
      vertex   1.655780e+01 1.078508e+01 2.370711e+01
      vertex   1.677549e+01 1.072675e+01 2.370711e+01
    endloop
  endfacet
  facet normal 1.579371e-01 5.894291e-01 7.922305e-01
    outer loop
      vertex   1.677549e+01 1.072675e+01 2.370711e+01
      vertex   1.655780e+01 1.078508e+01 2.370711e+01
      vertex   1.648697e+01 1.059046e+01 2.386603e+01
    endloop
  endfacet
  facet normal 1.579371e-01 5.894291e-01 7.922305e-01
    outer loop
      vertex   1.677549e+01 1.072675e+01 2.370711e+01
      vertex   1.648697e+01 1.059046e+01 2.386603e+01
      vertex   1.673953e+01 1.052279e+01 2.386603e+01
    endloop
  endfacet
  facet normal 9.936842e-02 3.708480e-01 9.233622e-01
    outer loop
      vertex   1.673953e+01 1.052279e+01 2.386603e+01
      vertex   1.648697e+01 1.059046e+01 2.386603e+01
      vertex   1.640448e+01 1.036383e+01 2.396593e+01
    endloop
  endfacet
  facet normal 9.936842e-02 3.708480e-01 9.233622e-01
    outer loop
      vertex   1.673953e+01 1.052279e+01 2.386603e+01
      vertex   1.640448e+01 1.036383e+01 2.396593e+01
      vertex   1.669765e+01 1.028527e+01 2.396593e+01
    endloop
  endfacet
  facet normal 1.622559e-01 3.479588e-01 9.233622e-01
    outer loop
      vertex   1.612941e+01 1.049209e+01 2.396593e+01
      vertex   1.640448e+01 1.036383e+01 2.396593e+01
      vertex   1.648697e+01 1.059046e+01 2.386603e+01
    endloop
  endfacet
  facet normal 1.622559e-01 3.479588e-01 9.233622e-01
    outer loop
      vertex   1.612941e+01 1.049209e+01 2.396593e+01
      vertex   1.648697e+01 1.059046e+01 2.386603e+01
      vertex   1.625000e+01 1.070096e+01 2.386603e+01
    endloop
  endfacet
  facet normal 2.578909e-01 5.530489e-01 7.922305e-01
    outer loop
      vertex   1.625000e+01 1.070096e+01 2.386603e+01
      vertex   1.648697e+01 1.059046e+01 2.386603e+01
      vertex   1.655780e+01 1.078508e+01 2.370711e+01
    endloop
  endfacet
  facet normal 2.202133e-01 3.144971e-01 9.233622e-01
    outer loop
      vertex   1.612941e+01 1.049209e+01 2.396593e+01
      vertex   1.625000e+01 1.070096e+01 2.386603e+01
      vertex   1.588079e+01 1.066618e+01 2.396593e+01
    endloop
  endfacet
  facet normal 8.377853e-01 3.906657e-01 3.814394e-01
    outer loop
      vertex   1.601795e+01 1.143301e+01 2.350000e+01
      vertex   1.610447e+01 1.148296e+01 2.325882e+01
      vertex   1.593441e+01 1.161216e+01 2.350000e+01
    endloop
  endfacet
  facet normal 8.377853e-01 3.906657e-01 3.814394e-01
    outer loop
      vertex   1.593441e+01 1.161216e+01 2.350000e+01
      vertex   1.610447e+01 1.148296e+01 2.325882e+01
      vertex   1.602829e+01 1.164633e+01 2.325882e+01
    endloop
  endfacet
  facet normal 8.928959e-01 2.392507e-01 3.814394e-01
    outer loop
      vertex   1.593441e+01 1.161216e+01 2.350000e+01
      vertex   1.602829e+01 1.164633e+01 2.325882e+01
      vertex   1.588325e+01 1.180309e+01 2.350000e+01
    endloop
  endfacet
  facet normal 8.928959e-01 2.392507e-01 3.814394e-01
    outer loop
      vertex   1.588325e+01 1.180309e+01 2.350000e+01
      vertex   1.602829e+01 1.164633e+01 2.325882e+01
      vertex   1.598164e+01 1.182044e+01 2.325882e+01
    endloop
  endfacet
  facet normal 7.200365e-01 3.357585e-01 6.073003e-01
    outer loop
      vertex   1.588032e+01 1.135355e+01 2.370711e+01
      vertex   1.601795e+01 1.143301e+01 2.350000e+01
      vertex   1.578508e+01 1.155780e+01 2.370711e+01
    endloop
  endfacet
  facet normal 7.200365e-01 3.357585e-01 6.073003e-01
    outer loop
      vertex   1.578508e+01 1.155780e+01 2.370711e+01
      vertex   1.601795e+01 1.143301e+01 2.350000e+01
      vertex   1.593441e+01 1.161216e+01 2.350000e+01
    endloop
  endfacet
  facet normal 7.674014e-01 2.056246e-01 6.073003e-01
    outer loop
      vertex   1.578508e+01 1.155780e+01 2.370711e+01
      vertex   1.593441e+01 1.161216e+01 2.350000e+01
      vertex   1.572675e+01 1.177549e+01 2.370711e+01
    endloop
  endfacet
  facet normal 7.674014e-01 2.056246e-01 6.073003e-01
    outer loop
      vertex   1.572675e+01 1.177549e+01 2.370711e+01
      vertex   1.593441e+01 1.161216e+01 2.350000e+01
      vertex   1.588325e+01 1.180309e+01 2.350000e+01
    endloop
  endfacet
  facet normal 5.530489e-01 2.578909e-01 7.922305e-01
    outer loop
      vertex   1.588032e+01 1.135355e+01 2.370711e+01
      vertex   1.578508e+01 1.155780e+01 2.370711e+01
      vertex   1.559046e+01 1.148697e+01 2.386603e+01
    endloop
  endfacet
  facet normal 5.894291e-01 1.579371e-01 7.922305e-01
    outer loop
      vertex   1.559046e+01 1.148697e+01 2.386603e+01
      vertex   1.578508e+01 1.155780e+01 2.370711e+01
      vertex   1.552279e+01 1.173953e+01 2.386603e+01
    endloop
  endfacet
  facet normal 3.708480e-01 9.936842e-02 9.233622e-01
    outer loop
      vertex   1.559046e+01 1.148697e+01 2.386603e+01
      vertex   1.552279e+01 1.173953e+01 2.386603e+01
      vertex   1.528527e+01 1.169765e+01 2.396593e+01
    endloop
  endfacet
  facet normal 5.894291e-01 1.579371e-01 7.922305e-01
    outer loop
      vertex   1.552279e+01 1.173953e+01 2.386603e+01
      vertex   1.578508e+01 1.155780e+01 2.370711e+01
      vertex   1.572675e+01 1.177549e+01 2.370711e+01
    endloop
  endfacet
  facet normal 0.000000e+00 1.305262e-01 9.914449e-01
    outer loop
      vertex   4.000000e+01 1.025882e+01 2.396593e+01
      vertex   3.425000e+01 1.025882e+01 2.396593e+01
      vertex   4.000000e+01 1.000000e+01 2.400000e+01
    endloop
  endfacet
  facet normal 0.000000e+00 1.305262e-01 9.914449e-01
    outer loop
      vertex   4.000000e+01 1.000000e+01 2.400000e+01
      vertex   3.425000e+01 1.025882e+01 2.396593e+01
      vertex   2.850000e+01 1.025882e+01 2.396593e+01
    endloop
  endfacet
  facet normal 0.000000e+00 1.305262e-01 9.914449e-01
    outer loop
      vertex   4.000000e+01 1.000000e+01 2.400000e+01
      vertex   2.850000e+01 1.025882e+01 2.396593e+01
      vertex   1.700000e+01 1.000000e+01 2.400000e+01
    endloop
  endfacet
  facet normal 0.000000e+00 1.305262e-01 9.914449e-01
    outer loop
      vertex   1.700000e+01 1.000000e+01 2.400000e+01
      vertex   2.850000e+01 1.025882e+01 2.396593e+01
      vertex   2.275000e+01 1.025882e+01 2.396593e+01
    endloop
  endfacet
  facet normal 0.000000e+00 1.305262e-01 9.914449e-01
    outer loop
      vertex   1.700000e+01 1.000000e+01 2.400000e+01
      vertex   2.275000e+01 1.025882e+01 2.396593e+01
      vertex   1.700000e+01 1.025882e+01 2.396593e+01
    endloop
  endfacet
  facet normal -0.000000e+00 3.826834e-01 9.238795e-01
    outer loop
      vertex   1.700000e+01 1.025882e+01 2.396593e+01
      vertex   2.275000e+01 1.025882e+01 2.396593e+01
      vertex   1.700000e+01 1.050000e+01 2.386603e+01
    endloop
  endfacet
  facet normal -6.890542e-16 3.826834e-01 9.238795e-01
    outer loop
      vertex   1.700000e+01 1.050000e+01 2.386603e+01
      vertex   2.275000e+01 1.025882e+01 2.396593e+01
      vertex   2.275000e+01 1.050000e+01 2.386603e+01
    endloop
  endfacet
  facet normal -6.782495e-16 6.087614e-01 7.933533e-01
    outer loop
      vertex   1.700000e+01 1.050000e+01 2.386603e+01
      vertex   2.275000e+01 1.050000e+01 2.386603e+01
      vertex   1.700000e+01 1.070711e+01 2.370711e+01
    endloop
  endfacet
  facet normal -6.782495e-16 6.087614e-01 7.933533e-01
    outer loop
      vertex   1.700000e+01 1.070711e+01 2.370711e+01
      vertex   2.275000e+01 1.050000e+01 2.386603e+01
      vertex   2.275000e+01 1.070711e+01 2.370711e+01
    endloop
  endfacet
  facet normal -6.212232e-16 7.933533e-01 6.087614e-01
    outer loop
      vertex   1.700000e+01 1.070711e+01 2.370711e+01
      vertex   2.275000e+01 1.070711e+01 2.370711e+01
      vertex   1.700000e+01 1.086603e+01 2.350000e+01
    endloop
  endfacet
  facet normal -0.000000e+00 7.933533e-01 6.087614e-01
    outer loop
      vertex   1.700000e+01 1.086603e+01 2.350000e+01
      vertex   2.275000e+01 1.070711e+01 2.370711e+01
      vertex   2.275000e+01 1.086603e+01 2.350000e+01
    endloop
  endfacet
  facet normal -0.000000e+00 9.238795e-01 3.826834e-01
    outer loop
      vertex   1.700000e+01 1.086603e+01 2.350000e+01
      vertex   2.275000e+01 1.086603e+01 2.350000e+01
      vertex   1.700000e+01 1.096593e+01 2.325882e+01
    endloop
  endfacet
  facet normal -0.000000e+00 9.238795e-01 3.826834e-01
    outer loop
      vertex   1.700000e+01 1.096593e+01 2.325882e+01
      vertex   2.275000e+01 1.086603e+01 2.350000e+01
      vertex   2.275000e+01 1.096593e+01 2.325882e+01
    endloop
  endfacet
  facet normal -0.000000e+00 9.914449e-01 1.305262e-01
    outer loop
      vertex   1.700000e+01 1.096593e+01 2.325882e+01
      vertex   2.275000e+01 1.096593e+01 2.325882e+01
      vertex   1.700000e+01 1.100000e+01 2.300000e+01
    endloop
  endfacet
  facet normal -8.089707e-17 9.914449e-01 1.305262e-01
    outer loop
      vertex   1.700000e+01 1.100000e+01 2.300000e+01
      vertex   2.275000e+01 1.096593e+01 2.325882e+01
      vertex   2.850000e+01 1.096593e+01 2.325882e+01
    endloop
  endfacet
  facet normal -2.016183e-17 9.914449e-01 1.305262e-01
    outer loop
      vertex   1.700000e+01 1.100000e+01 2.300000e+01
      vertex   2.850000e+01 1.096593e+01 2.325882e+01
      vertex   4.000000e+01 1.100000e+01 2.300000e+01
    endloop
  endfacet
  facet normal 0.000000e+00 9.914449e-01 1.305262e-01
    outer loop
      vertex   4.000000e+01 1.100000e+01 2.300000e+01
      vertex   2.850000e+01 1.096593e+01 2.325882e+01
      vertex   3.425000e+01 1.096593e+01 2.325882e+01
    endloop
  endfacet
  facet normal 6.125064e-16 9.914449e-01 1.305262e-01
    outer loop
      vertex   4.000000e+01 1.100000e+01 2.300000e+01
      vertex   3.425000e+01 1.096593e+01 2.325882e+01
      vertex   4.000000e+01 1.096593e+01 2.325882e+01
    endloop
  endfacet
  facet normal 5.708312e-16 9.238795e-01 3.826834e-01
    outer loop
      vertex   4.000000e+01 1.096593e+01 2.325882e+01
      vertex   3.425000e+01 1.096593e+01 2.325882e+01
      vertex   4.000000e+01 1.086603e+01 2.350000e+01
    endloop
  endfacet
  facet normal 2.854156e-16 9.238795e-01 3.826834e-01
    outer loop
      vertex   4.000000e+01 1.086603e+01 2.350000e+01
      vertex   3.425000e+01 1.096593e+01 2.325882e+01
      vertex   3.425000e+01 1.086603e+01 2.350000e+01
    endloop
  endfacet
  facet normal 2.450919e-16 7.933533e-01 6.087614e-01
    outer loop
      vertex   4.000000e+01 1.086603e+01 2.350000e+01
      vertex   3.425000e+01 1.086603e+01 2.350000e+01
      vertex   4.000000e+01 1.070711e+01 2.370711e+01
    endloop
  endfacet
  facet normal 2.450919e-16 7.933533e-01 6.087614e-01
    outer loop
      vertex   4.000000e+01 1.070711e+01 2.370711e+01
      vertex   3.425000e+01 1.086603e+01 2.350000e+01
      vertex   3.425000e+01 1.070711e+01 2.370711e+01
    endloop
  endfacet
  facet normal 1.880657e-16 6.087614e-01 7.933533e-01
    outer loop
      vertex   4.000000e+01 1.070711e+01 2.370711e+01
      vertex   3.425000e+01 1.070711e+01 2.370711e+01
      vertex   4.000000e+01 1.050000e+01 2.386603e+01
    endloop
  endfacet
  facet normal 8.663152e-16 6.087614e-01 7.933533e-01
    outer loop
      vertex   4.000000e+01 1.050000e+01 2.386603e+01
      vertex   3.425000e+01 1.070711e+01 2.370711e+01
      vertex   3.425000e+01 1.050000e+01 2.386603e+01
    endloop
  endfacet
  facet normal 8.072772e-16 3.826834e-01 9.238795e-01
    outer loop
      vertex   4.000000e+01 1.050000e+01 2.386603e+01
      vertex   3.425000e+01 1.050000e+01 2.386603e+01
      vertex   4.000000e+01 1.025882e+01 2.396593e+01
    endloop
  endfacet
  facet normal 0.000000e+00 3.826834e-01 9.238795e-01
    outer loop
      vertex   4.000000e+01 1.025882e+01 2.396593e+01
      vertex   3.425000e+01 1.050000e+01 2.386603e+01
      vertex   3.425000e+01 1.025882e+01 2.396593e+01
    endloop
  endfacet
  facet normal 0.000000e+00 3.826834e-01 9.238795e-01
    outer loop
      vertex   2.275000e+01 1.050000e+01 2.386603e+01
      vertex   2.275000e+01 1.025882e+01 2.396593e+01
      vertex   2.850000e+01 1.025882e+01 2.396593e+01
    endloop
  endfacet
  facet normal -0.000000e+00 3.826834e-01 9.238795e-01
    outer loop
      vertex   2.850000e+01 1.025882e+01 2.396593e+01
      vertex   3.425000e+01 1.025882e+01 2.396593e+01
      vertex   2.850000e+01 1.050000e+01 2.386603e+01
    endloop
  endfacet
  facet normal 1.182230e-16 3.826834e-01 9.238795e-01
    outer loop
      vertex   2.850000e+01 1.050000e+01 2.386603e+01
      vertex   3.425000e+01 1.025882e+01 2.396593e+01
      vertex   3.425000e+01 1.050000e+01 2.386603e+01
    endloop
  endfacet
  facet normal 1.880657e-16 6.087614e-01 7.933533e-01
    outer loop
      vertex   2.850000e+01 1.050000e+01 2.386603e+01
      vertex   3.425000e+01 1.050000e+01 2.386603e+01
      vertex   2.850000e+01 1.070711e+01 2.370711e+01
    endloop
  endfacet
  facet normal -0.000000e+00 6.087614e-01 7.933533e-01
    outer loop
      vertex   2.850000e+01 1.070711e+01 2.370711e+01
      vertex   3.425000e+01 1.050000e+01 2.386603e+01
      vertex   3.425000e+01 1.070711e+01 2.370711e+01
    endloop
  endfacet
  facet normal -0.000000e+00 7.933533e-01 6.087614e-01
    outer loop
      vertex   2.850000e+01 1.070711e+01 2.370711e+01
      vertex   3.425000e+01 1.070711e+01 2.370711e+01
      vertex   2.850000e+01 1.086603e+01 2.350000e+01
    endloop
  endfacet
  facet normal -0.000000e+00 7.933533e-01 6.087614e-01
    outer loop
      vertex   2.850000e+01 1.086603e+01 2.350000e+01
      vertex   3.425000e+01 1.070711e+01 2.370711e+01
      vertex   3.425000e+01 1.086603e+01 2.350000e+01
    endloop
  endfacet
  facet normal -0.000000e+00 9.238795e-01 3.826834e-01
    outer loop
      vertex   2.850000e+01 1.086603e+01 2.350000e+01
      vertex   3.425000e+01 1.086603e+01 2.350000e+01
      vertex   2.850000e+01 1.096593e+01 2.325882e+01
    endloop
  endfacet
  facet normal -0.000000e+00 9.238795e-01 3.826834e-01
    outer loop
      vertex   2.850000e+01 1.096593e+01 2.325882e+01
      vertex   3.425000e+01 1.086603e+01 2.350000e+01
      vertex   3.425000e+01 1.096593e+01 2.325882e+01
    endloop
  endfacet
  facet normal 0.000000e+00 6.087614e-01 7.933533e-01
    outer loop
      vertex   2.275000e+01 1.070711e+01 2.370711e+01
      vertex   2.275000e+01 1.050000e+01 2.386603e+01
      vertex   2.850000e+01 1.050000e+01 2.386603e+01
    endloop
  endfacet
  facet normal 0.000000e+00 3.826834e-01 9.238795e-01
    outer loop
      vertex   2.850000e+01 1.050000e+01 2.386603e+01
      vertex   2.275000e+01 1.050000e+01 2.386603e+01
      vertex   2.850000e+01 1.025882e+01 2.396593e+01
    endloop
  endfacet
  facet normal 1.880657e-16 6.087614e-01 7.933533e-01
    outer loop
      vertex   2.275000e+01 1.070711e+01 2.370711e+01
      vertex   2.850000e+01 1.050000e+01 2.386603e+01
      vertex   2.850000e+01 1.070711e+01 2.370711e+01
    endloop
  endfacet
  facet normal 2.450025e-16 7.933533e-01 6.087614e-01
    outer loop
      vertex   2.275000e+01 1.086603e+01 2.350000e+01
      vertex   2.275000e+01 1.070711e+01 2.370711e+01
      vertex   2.850000e+01 1.070711e+01 2.370711e+01
    endloop
  endfacet
  facet normal -0.000000e+00 7.933533e-01 6.087614e-01
    outer loop
      vertex   2.275000e+01 1.086603e+01 2.350000e+01
      vertex   2.850000e+01 1.070711e+01 2.370711e+01
      vertex   2.850000e+01 1.086603e+01 2.350000e+01
    endloop
  endfacet
  facet normal 0.000000e+00 9.238795e-01 3.826834e-01
    outer loop
      vertex   2.275000e+01 1.096593e+01 2.325882e+01
      vertex   2.275000e+01 1.086603e+01 2.350000e+01
      vertex   2.850000e+01 1.086603e+01 2.350000e+01
    endloop
  endfacet
  facet normal -2.364460e-16 9.238795e-01 3.826834e-01
    outer loop
      vertex   2.275000e+01 1.096593e+01 2.325882e+01
      vertex   2.850000e+01 1.086603e+01 2.350000e+01
      vertex   2.850000e+01 1.096593e+01 2.325882e+01
    endloop
  endfacet
  facet normal -1.343969e-01 1.514289e-02 9.908119e-01
    outer loop
      vertex   4.194986e+01 1.155496e+01 2.400000e+01
      vertex   4.200000e+01 1.200000e+01 2.400000e+01
      vertex   4.171473e+01 1.169765e+01 2.396593e+01
    endloop
  endfacet
  facet normal -1.305177e-01 1.141882e-02 9.913802e-01
    outer loop
      vertex   4.171473e+01 1.169765e+01 2.396593e+01
      vertex   4.200000e+01 1.200000e+01 2.400000e+01
      vertex   4.174118e+01 1.200000e+01 2.396593e+01
    endloop
  endfacet
  facet normal -3.824691e-01 3.346171e-02 9.233622e-01
    outer loop
      vertex   4.171473e+01 1.169765e+01 2.396593e+01
      vertex   4.174118e+01 1.200000e+01 2.396593e+01
      vertex   4.150000e+01 1.200000e+01 2.386603e+01
    endloop
  endfacet
  facet normal -3.824691e-01 3.346171e-02 9.233622e-01
    outer loop
      vertex   4.171473e+01 1.169765e+01 2.396593e+01
      vertex   4.150000e+01 1.200000e+01 2.386603e+01
      vertex   4.147721e+01 1.173953e+01 2.386603e+01
    endloop
  endfacet
  facet normal -6.078999e-01 5.318435e-02 7.922305e-01
    outer loop
      vertex   4.147721e+01 1.173953e+01 2.386603e+01
      vertex   4.150000e+01 1.200000e+01 2.386603e+01
      vertex   4.129289e+01 1.200000e+01 2.370711e+01
    endloop
  endfacet
  facet normal -6.078999e-01 5.318435e-02 7.922305e-01
    outer loop
      vertex   4.147721e+01 1.173953e+01 2.386603e+01
      vertex   4.129289e+01 1.200000e+01 2.370711e+01
      vertex   4.127325e+01 1.177549e+01 2.370711e+01
    endloop
  endfacet
  facet normal -7.914492e-01 6.924283e-02 6.073003e-01
    outer loop
      vertex   4.127325e+01 1.177549e+01 2.370711e+01
      vertex   4.129289e+01 1.200000e+01 2.370711e+01
      vertex   4.113398e+01 1.200000e+01 2.350000e+01
    endloop
  endfacet
  facet normal -7.914492e-01 6.924283e-02 6.073003e-01
    outer loop
      vertex   4.127325e+01 1.177549e+01 2.370711e+01
      vertex   4.113398e+01 1.200000e+01 2.350000e+01
      vertex   4.111675e+01 1.180309e+01 2.350000e+01
    endloop
  endfacet
  facet normal -9.208762e-01 8.056623e-02 3.814394e-01
    outer loop
      vertex   4.111675e+01 1.180309e+01 2.350000e+01
      vertex   4.113398e+01 1.200000e+01 2.350000e+01
      vertex   4.103407e+01 1.200000e+01 2.325882e+01
    endloop
  endfacet
  facet normal -9.208762e-01 8.056623e-02 3.814394e-01
    outer loop
      vertex   4.111675e+01 1.180309e+01 2.350000e+01
      vertex   4.103407e+01 1.200000e+01 2.325882e+01
      vertex   4.101836e+01 1.182044e+01 2.325882e+01
    endloop
  endfacet
  facet normal -9.877360e-01 8.641571e-02 1.300379e-01
    outer loop
      vertex   4.101836e+01 1.182044e+01 2.325882e+01
      vertex   4.103407e+01 1.200000e+01 2.325882e+01
      vertex   4.100000e+01 1.200000e+01 2.300000e+01
    endloop
  endfacet
  facet normal -9.788545e-01 1.288686e-01 1.588610e-01
    outer loop
      vertex   4.101836e+01 1.182044e+01 2.325882e+01
      vertex   4.100000e+01 1.200000e+01 2.300000e+01
      vertex   4.096593e+01 1.174118e+01 2.300000e+01
    endloop
  endfacet
  facet normal -9.594425e-01 2.570819e-01 1.156674e-01
    outer loop
      vertex   4.101836e+01 1.182044e+01 2.325882e+01
      vertex   4.096593e+01 1.174118e+01 2.300000e+01
      vertex   4.097171e+01 1.164633e+01 2.325882e+01
    endloop
  endfacet
  facet normal -9.121471e-01 3.778237e-01 1.588610e-01
    outer loop
      vertex   4.097171e+01 1.164633e+01 2.325882e+01
      vertex   4.096593e+01 1.174118e+01 2.300000e+01
      vertex   4.086603e+01 1.150000e+01 2.300000e+01
    endloop
  endfacet
  facet normal -8.986123e-01 4.190298e-01 1.300379e-01
    outer loop
      vertex   4.097171e+01 1.164633e+01 2.325882e+01
      vertex   4.086603e+01 1.150000e+01 2.300000e+01
      vertex   4.089554e+01 1.148296e+01 2.325882e+01
    endloop
  endfacet
  facet normal -8.121966e-01 5.687062e-01 1.300379e-01
    outer loop
      vertex   4.089554e+01 1.148296e+01 2.325882e+01
      vertex   4.086603e+01 1.150000e+01 2.300000e+01
      vertex   4.079215e+01 1.133531e+01 2.325882e+01
    endloop
  endfacet
  facet normal -7.572191e-01 5.302105e-01 3.814394e-01
    outer loop
      vertex   4.089554e+01 1.148296e+01 2.325882e+01
      vertex   4.079215e+01 1.133531e+01 2.325882e+01
      vertex   4.086868e+01 1.127110e+01 2.350000e+01
    endloop
  endfacet
  facet normal -6.536451e-01 6.536451e-01 3.814394e-01
    outer loop
      vertex   4.086868e+01 1.127110e+01 2.350000e+01
      vertex   4.079215e+01 1.133531e+01 2.325882e+01
      vertex   4.072891e+01 1.113133e+01 2.350000e+01
    endloop
  endfacet
  facet normal -5.617768e-01 5.617768e-01 6.073003e-01
    outer loop
      vertex   4.086868e+01 1.127110e+01 2.350000e+01
      vertex   4.072891e+01 1.113133e+01 2.350000e+01
      vertex   4.083106e+01 1.100959e+01 2.370711e+01
    endloop
  endfacet
  facet normal -4.556906e-01 6.507937e-01 6.073003e-01
    outer loop
      vertex   4.083106e+01 1.100959e+01 2.370711e+01
      vertex   4.072891e+01 1.113133e+01 2.350000e+01
      vertex   4.064645e+01 1.088032e+01 2.370711e+01
    endloop
  endfacet
  facet normal -3.500089e-01 4.998645e-01 7.922305e-01
    outer loop
      vertex   4.083106e+01 1.100959e+01 2.370711e+01
      vertex   4.064645e+01 1.088032e+01 2.370711e+01
      vertex   4.075000e+01 1.070096e+01 2.386603e+01
    endloop
  endfacet
  facet normal -2.578909e-01 5.530489e-01 7.922305e-01
    outer loop
      vertex   4.075000e+01 1.070096e+01 2.386603e+01
      vertex   4.064645e+01 1.088032e+01 2.370711e+01
      vertex   4.051303e+01 1.059046e+01 2.386603e+01
    endloop
  endfacet
  facet normal -1.622559e-01 3.479588e-01 9.233622e-01
    outer loop
      vertex   4.075000e+01 1.070096e+01 2.386603e+01
      vertex   4.051303e+01 1.059046e+01 2.386603e+01
      vertex   4.059552e+01 1.036383e+01 2.396593e+01
    endloop
  endfacet
  facet normal -9.936842e-02 3.708480e-01 9.233622e-01
    outer loop
      vertex   4.059552e+01 1.036383e+01 2.396593e+01
      vertex   4.051303e+01 1.059046e+01 2.386603e+01
      vertex   4.030235e+01 1.028527e+01 2.396593e+01
    endloop
  endfacet
  facet normal -3.312496e-02 1.236240e-01 9.917761e-01
    outer loop
      vertex   4.059552e+01 1.036383e+01 2.396593e+01
      vertex   4.030235e+01 1.028527e+01 2.396593e+01
      vertex   4.044504e+01 1.005014e+01 2.400000e+01
    endloop
  endfacet
  facet normal -1.514289e-02 1.343969e-01 9.908119e-01
    outer loop
      vertex   4.044504e+01 1.005014e+01 2.400000e+01
      vertex   4.030235e+01 1.028527e+01 2.396593e+01
      vertex   4.000000e+01 1.000000e+01 2.400000e+01
    endloop
  endfacet
  facet normal -1.141882e-02 1.305177e-01 9.913802e-01
    outer loop
      vertex   4.000000e+01 1.000000e+01 2.400000e+01
      vertex   4.030235e+01 1.028527e+01 2.396593e+01
      vertex   4.000000e+01 1.025882e+01 2.396593e+01
    endloop
  endfacet
  facet normal -3.346171e-02 3.824691e-01 9.233622e-01
    outer loop
      vertex   4.000000e+01 1.025882e+01 2.396593e+01
      vertex   4.030235e+01 1.028527e+01 2.396593e+01
      vertex   4.026047e+01 1.052279e+01 2.386603e+01
    endloop
  endfacet
  facet normal -3.346171e-02 3.824691e-01 9.233622e-01
    outer loop
      vertex   4.000000e+01 1.025882e+01 2.396593e+01
      vertex   4.026047e+01 1.052279e+01 2.386603e+01
      vertex   4.000000e+01 1.050000e+01 2.386603e+01
    endloop
  endfacet
  facet normal -5.318435e-02 6.078999e-01 7.922305e-01
    outer loop
      vertex   4.000000e+01 1.050000e+01 2.386603e+01
      vertex   4.026047e+01 1.052279e+01 2.386603e+01
      vertex   4.022451e+01 1.072675e+01 2.370711e+01
    endloop
  endfacet
  facet normal -5.318435e-02 6.078999e-01 7.922305e-01
    outer loop
      vertex   4.000000e+01 1.050000e+01 2.386603e+01
      vertex   4.022451e+01 1.072675e+01 2.370711e+01
      vertex   4.000000e+01 1.070711e+01 2.370711e+01
    endloop
  endfacet
  facet normal -6.924283e-02 7.914492e-01 6.073003e-01
    outer loop
      vertex   4.000000e+01 1.070711e+01 2.370711e+01
      vertex   4.022451e+01 1.072675e+01 2.370711e+01
      vertex   4.019691e+01 1.088325e+01 2.350000e+01
    endloop
  endfacet
  facet normal -6.924283e-02 7.914492e-01 6.073003e-01
    outer loop
      vertex   4.000000e+01 1.070711e+01 2.370711e+01
      vertex   4.019691e+01 1.088325e+01 2.350000e+01
      vertex   4.000000e+01 1.086603e+01 2.350000e+01
    endloop
  endfacet
  facet normal -8.056623e-02 9.208762e-01 3.814394e-01
    outer loop
      vertex   4.000000e+01 1.086603e+01 2.350000e+01
      vertex   4.019691e+01 1.088325e+01 2.350000e+01
      vertex   4.017957e+01 1.098164e+01 2.325882e+01
    endloop
  endfacet
  facet normal -8.056623e-02 9.208762e-01 3.814394e-01
    outer loop
      vertex   4.000000e+01 1.086603e+01 2.350000e+01
      vertex   4.017957e+01 1.098164e+01 2.325882e+01
      vertex   4.000000e+01 1.096593e+01 2.325882e+01
    endloop
  endfacet
  facet normal -8.641571e-02 9.877360e-01 1.300379e-01
    outer loop
      vertex   4.000000e+01 1.096593e+01 2.325882e+01
      vertex   4.017957e+01 1.098164e+01 2.325882e+01
      vertex   4.000000e+01 1.100000e+01 2.300000e+01
    endloop
  endfacet
  facet normal -1.288686e-01 9.788545e-01 1.588610e-01
    outer loop
      vertex   4.000000e+01 1.100000e+01 2.300000e+01
      vertex   4.017957e+01 1.098164e+01 2.325882e+01
      vertex   4.025882e+01 1.103407e+01 2.300000e+01
    endloop
  endfacet
  facet normal -2.570819e-01 9.594425e-01 1.156674e-01
    outer loop
      vertex   4.025882e+01 1.103407e+01 2.300000e+01
      vertex   4.017957e+01 1.098164e+01 2.325882e+01
      vertex   4.035367e+01 1.102829e+01 2.325882e+01
    endloop
  endfacet
  facet normal -3.778237e-01 9.121471e-01 1.588610e-01
    outer loop
      vertex   4.025882e+01 1.103407e+01 2.300000e+01
      vertex   4.035367e+01 1.102829e+01 2.325882e+01
      vertex   4.050000e+01 1.113397e+01 2.300000e+01
    endloop
  endfacet
  facet normal -4.190298e-01 8.986123e-01 1.300379e-01
    outer loop
      vertex   4.050000e+01 1.113397e+01 2.300000e+01
      vertex   4.035367e+01 1.102829e+01 2.325882e+01
      vertex   4.051704e+01 1.110447e+01 2.325882e+01
    endloop
  endfacet
  facet normal -5.687062e-01 8.121966e-01 1.300379e-01
    outer loop
      vertex   4.050000e+01 1.113397e+01 2.300000e+01
      vertex   4.051704e+01 1.110447e+01 2.325882e+01
      vertex   4.066469e+01 1.120785e+01 2.325882e+01
    endloop
  endfacet
  facet normal -5.302105e-01 7.572191e-01 3.814394e-01
    outer loop
      vertex   4.066469e+01 1.120785e+01 2.325882e+01
      vertex   4.051704e+01 1.110447e+01 2.325882e+01
      vertex   4.056699e+01 1.101795e+01 2.350000e+01
    endloop
  endfacet
  facet normal -5.302105e-01 7.572191e-01 3.814394e-01
    outer loop
      vertex   4.066469e+01 1.120785e+01 2.325882e+01
      vertex   4.056699e+01 1.101795e+01 2.350000e+01
      vertex   4.072891e+01 1.113133e+01 2.350000e+01
    endloop
  endfacet
  facet normal -4.556906e-01 6.507937e-01 6.073003e-01
    outer loop
      vertex   4.072891e+01 1.113133e+01 2.350000e+01
      vertex   4.056699e+01 1.101795e+01 2.350000e+01
      vertex   4.064645e+01 1.088032e+01 2.370711e+01
    endloop
  endfacet
  facet normal -7.832785e-01 6.010307e-01 1.588610e-01
    outer loop
      vertex   4.086603e+01 1.150000e+01 2.300000e+01
      vertex   4.070711e+01 1.129289e+01 2.300000e+01
      vertex   4.079215e+01 1.133531e+01 2.325882e+01
    endloop
  endfacet
  facet normal -7.023607e-01 7.023607e-01 1.156674e-01
    outer loop
      vertex   4.079215e+01 1.133531e+01 2.325882e+01
      vertex   4.070711e+01 1.129289e+01 2.300000e+01
      vertex   4.066469e+01 1.120785e+01 2.325882e+01
    endloop
  endfacet
  facet normal -6.536451e-01 6.536451e-01 3.814394e-01
    outer loop
      vertex   4.079215e+01 1.133531e+01 2.325882e+01
      vertex   4.066469e+01 1.120785e+01 2.325882e+01
      vertex   4.072891e+01 1.113133e+01 2.350000e+01
    endloop
  endfacet
  facet normal -6.010307e-01 7.832785e-01 1.588610e-01
    outer loop
      vertex   4.070711e+01 1.129289e+01 2.300000e+01
      vertex   4.050000e+01 1.113397e+01 2.300000e+01
      vertex   4.066469e+01 1.120785e+01 2.325882e+01
    endloop
  endfacet
  facet normal -4.524691e-02 1.293083e-01 9.905716e-01
    outer loop
      vertex   4.044504e+01 1.005014e+01 2.400000e+01
      vertex   4.086777e+01 1.019806e+01 2.400000e+01
      vertex   4.059552e+01 1.036383e+01 2.396593e+01
    endloop
  endfacet
  facet normal -5.383946e-02 1.154591e-01 9.918521e-01
    outer loop
      vertex   4.059552e+01 1.036383e+01 2.396593e+01
      vertex   4.086777e+01 1.019806e+01 2.400000e+01
      vertex   4.087059e+01 1.049209e+01 2.396593e+01
    endloop
  endfacet
  facet normal -1.622559e-01 3.479588e-01 9.233622e-01
    outer loop
      vertex   4.059552e+01 1.036383e+01 2.396593e+01
      vertex   4.087059e+01 1.049209e+01 2.396593e+01
      vertex   4.075000e+01 1.070096e+01 2.386603e+01
    endloop
  endfacet
  facet normal -2.202133e-01 3.144971e-01 9.233622e-01
    outer loop
      vertex   4.075000e+01 1.070096e+01 2.386603e+01
      vertex   4.087059e+01 1.049209e+01 2.396593e+01
      vertex   4.096418e+01 1.085093e+01 2.386603e+01
    endloop
  endfacet
  facet normal -3.500089e-01 4.998645e-01 7.922305e-01
    outer loop
      vertex   4.075000e+01 1.070096e+01 2.386603e+01
      vertex   4.096418e+01 1.085093e+01 2.386603e+01
      vertex   4.083106e+01 1.100959e+01 2.370711e+01
    endloop
  endfacet
  facet normal -4.314921e-01 4.314921e-01 7.922305e-01
    outer loop
      vertex   4.083106e+01 1.100959e+01 2.370711e+01
      vertex   4.096418e+01 1.085093e+01 2.386603e+01
      vertex   4.099041e+01 1.116894e+01 2.370711e+01
    endloop
  endfacet
  facet normal -5.617768e-01 5.617768e-01 6.073003e-01
    outer loop
      vertex   4.083106e+01 1.100959e+01 2.370711e+01
      vertex   4.099041e+01 1.116894e+01 2.370711e+01
      vertex   4.086868e+01 1.127110e+01 2.350000e+01
    endloop
  endfacet
  facet normal -6.507937e-01 4.556906e-01 6.073003e-01
    outer loop
      vertex   4.086868e+01 1.127110e+01 2.350000e+01
      vertex   4.099041e+01 1.116894e+01 2.370711e+01
      vertex   4.098205e+01 1.143301e+01 2.350000e+01
    endloop
  endfacet
  facet normal -7.572191e-01 5.302105e-01 3.814394e-01
    outer loop
      vertex   4.086868e+01 1.127110e+01 2.350000e+01
      vertex   4.098205e+01 1.143301e+01 2.350000e+01
      vertex   4.089554e+01 1.148296e+01 2.325882e+01
    endloop
  endfacet
  facet normal -8.377853e-01 3.906657e-01 3.814394e-01
    outer loop
      vertex   4.089554e+01 1.148296e+01 2.325882e+01
      vertex   4.098205e+01 1.143301e+01 2.350000e+01
      vertex   4.097171e+01 1.164633e+01 2.325882e+01
    endloop
  endfacet
  facet normal -7.257344e-02 1.155000e-01 9.906527e-01
    outer loop
      vertex   4.086777e+01 1.019806e+01 2.400000e+01
      vertex   4.124698e+01 1.043634e+01 2.400000e+01
      vertex   4.087059e+01 1.049209e+01 2.396593e+01
    endloop
  endfacet
  facet normal -7.409519e-02 1.058189e-01 9.916210e-01
    outer loop
      vertex   4.087059e+01 1.049209e+01 2.396593e+01
      vertex   4.124698e+01 1.043634e+01 2.400000e+01
      vertex   4.111921e+01 1.066618e+01 2.396593e+01
    endloop
  endfacet
  facet normal -2.202133e-01 3.144971e-01 9.233622e-01
    outer loop
      vertex   4.087059e+01 1.049209e+01 2.396593e+01
      vertex   4.111921e+01 1.066618e+01 2.396593e+01
      vertex   4.096418e+01 1.085093e+01 2.386603e+01
    endloop
  endfacet
  facet normal -2.714796e-01 2.714796e-01 9.233622e-01
    outer loop
      vertex   4.096418e+01 1.085093e+01 2.386603e+01
      vertex   4.111921e+01 1.066618e+01 2.396593e+01
      vertex   4.114907e+01 1.103582e+01 2.386603e+01
    endloop
  endfacet
  facet normal -4.314921e-01 4.314921e-01 7.922305e-01
    outer loop
      vertex   4.096418e+01 1.085093e+01 2.386603e+01
      vertex   4.114907e+01 1.103582e+01 2.386603e+01
      vertex   4.099041e+01 1.116894e+01 2.370711e+01
    endloop
  endfacet
  facet normal -4.998645e-01 3.500089e-01 7.922305e-01
    outer loop
      vertex   4.099041e+01 1.116894e+01 2.370711e+01
      vertex   4.114907e+01 1.103582e+01 2.386603e+01
      vertex   4.111968e+01 1.135355e+01 2.370711e+01
    endloop
  endfacet
  facet normal -6.507937e-01 4.556906e-01 6.073003e-01
    outer loop
      vertex   4.099041e+01 1.116894e+01 2.370711e+01
      vertex   4.111968e+01 1.135355e+01 2.370711e+01
      vertex   4.098205e+01 1.143301e+01 2.350000e+01
    endloop
  endfacet
  facet normal -7.200365e-01 3.357585e-01 6.073003e-01
    outer loop
      vertex   4.098205e+01 1.143301e+01 2.350000e+01
      vertex   4.111968e+01 1.135355e+01 2.370711e+01
      vertex   4.106559e+01 1.161216e+01 2.350000e+01
    endloop
  endfacet
  facet normal -8.377853e-01 3.906657e-01 3.814394e-01
    outer loop
      vertex   4.098205e+01 1.143301e+01 2.350000e+01
      vertex   4.106559e+01 1.161216e+01 2.350000e+01
      vertex   4.097171e+01 1.164633e+01 2.325882e+01
    endloop
  endfacet
  facet normal -8.928959e-01 2.392507e-01 3.814394e-01
    outer loop
      vertex   4.097171e+01 1.164633e+01 2.325882e+01
      vertex   4.106559e+01 1.161216e+01 2.350000e+01
      vertex   4.101836e+01 1.182044e+01 2.325882e+01
    endloop
  endfacet
  facet normal -9.442933e-02 9.442933e-02 9.910430e-01
    outer loop
      vertex   4.124698e+01 1.043634e+01 2.400000e+01
      vertex   4.156366e+01 1.075302e+01 2.400000e+01
      vertex   4.111921e+01 1.066618e+01 2.396593e+01
    endloop
  endfacet
  facet normal -9.442933e-02 9.442933e-02 9.910430e-01
    outer loop
      vertex   4.111921e+01 1.066618e+01 2.396593e+01
      vertex   4.156366e+01 1.075302e+01 2.400000e+01
      vertex   4.133382e+01 1.088079e+01 2.396593e+01
    endloop
  endfacet
  facet normal -2.714796e-01 2.714796e-01 9.233622e-01
    outer loop
      vertex   4.111921e+01 1.066618e+01 2.396593e+01
      vertex   4.133382e+01 1.088079e+01 2.396593e+01
      vertex   4.114907e+01 1.103582e+01 2.386603e+01
    endloop
  endfacet
  facet normal -3.144971e-01 2.202133e-01 9.233622e-01
    outer loop
      vertex   4.114907e+01 1.103582e+01 2.386603e+01
      vertex   4.133382e+01 1.088079e+01 2.396593e+01
      vertex   4.129904e+01 1.125000e+01 2.386603e+01
    endloop
  endfacet
  facet normal -4.998645e-01 3.500089e-01 7.922305e-01
    outer loop
      vertex   4.114907e+01 1.103582e+01 2.386603e+01
      vertex   4.129904e+01 1.125000e+01 2.386603e+01
      vertex   4.111968e+01 1.135355e+01 2.370711e+01
    endloop
  endfacet
  facet normal -5.530489e-01 2.578909e-01 7.922305e-01
    outer loop
      vertex   4.111968e+01 1.135355e+01 2.370711e+01
      vertex   4.129904e+01 1.125000e+01 2.386603e+01
      vertex   4.121492e+01 1.155780e+01 2.370711e+01
    endloop
  endfacet
  facet normal -7.200365e-01 3.357585e-01 6.073003e-01
    outer loop
      vertex   4.111968e+01 1.135355e+01 2.370711e+01
      vertex   4.121492e+01 1.155780e+01 2.370711e+01
      vertex   4.106559e+01 1.161216e+01 2.350000e+01
    endloop
  endfacet
  facet normal -7.674014e-01 2.056246e-01 6.073003e-01
    outer loop
      vertex   4.106559e+01 1.161216e+01 2.350000e+01
      vertex   4.121492e+01 1.155780e+01 2.370711e+01
      vertex   4.111675e+01 1.180309e+01 2.350000e+01
    endloop
  endfacet
  facet normal -8.928959e-01 2.392507e-01 3.814394e-01
    outer loop
      vertex   4.106559e+01 1.161216e+01 2.350000e+01
      vertex   4.111675e+01 1.180309e+01 2.350000e+01
      vertex   4.101836e+01 1.182044e+01 2.325882e+01
    endloop
  endfacet
  facet normal -1.058189e-01 7.409519e-02 9.916210e-01
    outer loop
      vertex   4.133382e+01 1.088079e+01 2.396593e+01
      vertex   4.156366e+01 1.075302e+01 2.400000e+01
      vertex   4.150791e+01 1.112941e+01 2.396593e+01
    endloop
  endfacet
  facet normal -1.155000e-01 7.257344e-02 9.906527e-01
    outer loop
      vertex   4.150791e+01 1.112941e+01 2.396593e+01
      vertex   4.156366e+01 1.075302e+01 2.400000e+01
      vertex   4.180194e+01 1.113223e+01 2.400000e+01
    endloop
  endfacet
  facet normal -1.154591e-01 5.383946e-02 9.918521e-01
    outer loop
      vertex   4.150791e+01 1.112941e+01 2.396593e+01
      vertex   4.180194e+01 1.113223e+01 2.400000e+01
      vertex   4.163618e+01 1.140448e+01 2.396593e+01
    endloop
  endfacet
  facet normal -1.293083e-01 4.524691e-02 9.905716e-01
    outer loop
      vertex   4.163618e+01 1.140448e+01 2.396593e+01
      vertex   4.180194e+01 1.113223e+01 2.400000e+01
      vertex   4.194986e+01 1.155496e+01 2.400000e+01
    endloop
  endfacet
  facet normal -1.236240e-01 3.312496e-02 9.917761e-01
    outer loop
      vertex   4.163618e+01 1.140448e+01 2.396593e+01
      vertex   4.194986e+01 1.155496e+01 2.400000e+01
      vertex   4.171473e+01 1.169765e+01 2.396593e+01
    endloop
  endfacet
  facet normal -7.674014e-01 2.056246e-01 6.073003e-01
    outer loop
      vertex   4.111675e+01 1.180309e+01 2.350000e+01
      vertex   4.121492e+01 1.155780e+01 2.370711e+01
      vertex   4.127325e+01 1.177549e+01 2.370711e+01
    endloop
  endfacet
  facet normal -5.894291e-01 1.579371e-01 7.922305e-01
    outer loop
      vertex   4.127325e+01 1.177549e+01 2.370711e+01
      vertex   4.121492e+01 1.155780e+01 2.370711e+01
      vertex   4.140954e+01 1.148697e+01 2.386603e+01
    endloop
  endfacet
  facet normal -5.894291e-01 1.579371e-01 7.922305e-01
    outer loop
      vertex   4.127325e+01 1.177549e+01 2.370711e+01
      vertex   4.140954e+01 1.148697e+01 2.386603e+01
      vertex   4.147721e+01 1.173953e+01 2.386603e+01
    endloop
  endfacet
  facet normal -3.708480e-01 9.936842e-02 9.233622e-01
    outer loop
      vertex   4.147721e+01 1.173953e+01 2.386603e+01
      vertex   4.140954e+01 1.148697e+01 2.386603e+01
      vertex   4.163618e+01 1.140448e+01 2.396593e+01
    endloop
  endfacet
  facet normal -3.708480e-01 9.936842e-02 9.233622e-01
    outer loop
      vertex   4.147721e+01 1.173953e+01 2.386603e+01
      vertex   4.163618e+01 1.140448e+01 2.396593e+01
      vertex   4.171473e+01 1.169765e+01 2.396593e+01
    endloop
  endfacet
  facet normal -3.479588e-01 1.622559e-01 9.233622e-01
    outer loop
      vertex   4.150791e+01 1.112941e+01 2.396593e+01
      vertex   4.163618e+01 1.140448e+01 2.396593e+01
      vertex   4.140954e+01 1.148697e+01 2.386603e+01
    endloop
  endfacet
  facet normal -3.479588e-01 1.622559e-01 9.233622e-01
    outer loop
      vertex   4.150791e+01 1.112941e+01 2.396593e+01
      vertex   4.140954e+01 1.148697e+01 2.386603e+01
      vertex   4.129904e+01 1.125000e+01 2.386603e+01
    endloop
  endfacet
  facet normal -5.530489e-01 2.578909e-01 7.922305e-01
    outer loop
      vertex   4.129904e+01 1.125000e+01 2.386603e+01
      vertex   4.140954e+01 1.148697e+01 2.386603e+01
      vertex   4.121492e+01 1.155780e+01 2.370711e+01
    endloop
  endfacet
  facet normal -3.144971e-01 2.202133e-01 9.233622e-01
    outer loop
      vertex   4.150791e+01 1.112941e+01 2.396593e+01
      vertex   4.129904e+01 1.125000e+01 2.386603e+01
      vertex   4.133382e+01 1.088079e+01 2.396593e+01
    endloop
  endfacet
  facet normal -3.906657e-01 8.377853e-01 3.814394e-01
    outer loop
      vertex   4.056699e+01 1.101795e+01 2.350000e+01
      vertex   4.051704e+01 1.110447e+01 2.325882e+01
      vertex   4.038784e+01 1.093441e+01 2.350000e+01
    endloop
  endfacet
  facet normal -3.906657e-01 8.377853e-01 3.814394e-01
    outer loop
      vertex   4.038784e+01 1.093441e+01 2.350000e+01
      vertex   4.051704e+01 1.110447e+01 2.325882e+01
      vertex   4.035367e+01 1.102829e+01 2.325882e+01
    endloop
  endfacet
  facet normal -2.392507e-01 8.928959e-01 3.814394e-01
    outer loop
      vertex   4.038784e+01 1.093441e+01 2.350000e+01
      vertex   4.035367e+01 1.102829e+01 2.325882e+01
      vertex   4.019691e+01 1.088325e+01 2.350000e+01
    endloop
  endfacet
  facet normal -2.392507e-01 8.928959e-01 3.814394e-01
    outer loop
      vertex   4.019691e+01 1.088325e+01 2.350000e+01
      vertex   4.035367e+01 1.102829e+01 2.325882e+01
      vertex   4.017957e+01 1.098164e+01 2.325882e+01
    endloop
  endfacet
  facet normal -3.357585e-01 7.200365e-01 6.073003e-01
    outer loop
      vertex   4.064645e+01 1.088032e+01 2.370711e+01
      vertex   4.056699e+01 1.101795e+01 2.350000e+01
      vertex   4.044220e+01 1.078508e+01 2.370711e+01
    endloop
  endfacet
  facet normal -3.357585e-01 7.200365e-01 6.073003e-01
    outer loop
      vertex   4.044220e+01 1.078508e+01 2.370711e+01
      vertex   4.056699e+01 1.101795e+01 2.350000e+01
      vertex   4.038784e+01 1.093441e+01 2.350000e+01
    endloop
  endfacet
  facet normal -2.056246e-01 7.674014e-01 6.073003e-01
    outer loop
      vertex   4.044220e+01 1.078508e+01 2.370711e+01
      vertex   4.038784e+01 1.093441e+01 2.350000e+01
      vertex   4.022451e+01 1.072675e+01 2.370711e+01
    endloop
  endfacet
  facet normal -2.056246e-01 7.674014e-01 6.073003e-01
    outer loop
      vertex   4.022451e+01 1.072675e+01 2.370711e+01
      vertex   4.038784e+01 1.093441e+01 2.350000e+01
      vertex   4.019691e+01 1.088325e+01 2.350000e+01
    endloop
  endfacet
  facet normal -2.578909e-01 5.530489e-01 7.922305e-01
    outer loop
      vertex   4.064645e+01 1.088032e+01 2.370711e+01
      vertex   4.044220e+01 1.078508e+01 2.370711e+01
      vertex   4.051303e+01 1.059046e+01 2.386603e+01
    endloop
  endfacet
  facet normal -1.579371e-01 5.894291e-01 7.922305e-01
    outer loop
      vertex   4.051303e+01 1.059046e+01 2.386603e+01
      vertex   4.044220e+01 1.078508e+01 2.370711e+01
      vertex   4.026047e+01 1.052279e+01 2.386603e+01
    endloop
  endfacet
  facet normal -9.936842e-02 3.708480e-01 9.233622e-01
    outer loop
      vertex   4.051303e+01 1.059046e+01 2.386603e+01
      vertex   4.026047e+01 1.052279e+01 2.386603e+01
      vertex   4.030235e+01 1.028527e+01 2.396593e+01
    endloop
  endfacet
  facet normal -1.579371e-01 5.894291e-01 7.922305e-01
    outer loop
      vertex   4.026047e+01 1.052279e+01 2.386603e+01
      vertex   4.044220e+01 1.078508e+01 2.370711e+01
      vertex   4.022451e+01 1.072675e+01 2.370711e+01
    endloop
  endfacet
  facet normal -1.305262e-01 0.000000e+00 9.914449e-01
    outer loop
      vertex   4.200000e+01 1.200000e+01 2.400000e+01
      vertex   4.200000e+01 2.300000e+01 2.400000e+01
      vertex   4.174118e+01 1.750000e+01 2.396593e+01
    endloop
  endfacet
  facet normal -1.305262e-01 1.686262e-16 9.914449e-01
    outer loop
      vertex   4.174118e+01 1.750000e+01 2.396593e+01
      vertex   4.200000e+01 2.300000e+01 2.400000e+01
      vertex   4.174118e+01 2.300000e+01 2.396593e+01
    endloop
  endfacet
  facet normal -3.826834e-01 4.943871e-16 9.238795e-01
    outer loop
      vertex   4.174118e+01 1.750000e+01 2.396593e+01
      vertex   4.174118e+01 2.300000e+01 2.396593e+01
      vertex   4.150000e+01 1.750000e+01 2.386603e+01
    endloop
  endfacet
  facet normal -3.826834e-01 5.967781e-16 9.238795e-01
    outer loop
      vertex   4.150000e+01 1.750000e+01 2.386603e+01
      vertex   4.174118e+01 2.300000e+01 2.396593e+01
      vertex   4.150000e+01 2.300000e+01 2.386603e+01
    endloop
  endfacet
  facet normal -6.087614e-01 5.124649e-16 7.933533e-01
    outer loop
      vertex   4.150000e+01 1.750000e+01 2.386603e+01
      vertex   4.150000e+01 2.300000e+01 2.386603e+01
      vertex   4.129289e+01 1.750000e+01 2.370711e+01
    endloop
  endfacet
  facet normal -6.087614e-01 0.000000e+00 7.933533e-01
    outer loop
      vertex   4.129289e+01 1.750000e+01 2.370711e+01
      vertex   4.150000e+01 2.300000e+01 2.386603e+01
      vertex   4.129289e+01 2.300000e+01 2.370711e+01
    endloop
  endfacet
  facet normal -7.933533e-01 0.000000e+00 6.087614e-01
    outer loop
      vertex   4.129289e+01 1.750000e+01 2.370711e+01
      vertex   4.129289e+01 2.300000e+01 2.370711e+01
      vertex   4.113398e+01 1.750000e+01 2.350000e+01
    endloop
  endfacet
  facet normal -7.933533e-01 2.049860e-15 6.087614e-01
    outer loop
      vertex   4.113398e+01 1.750000e+01 2.350000e+01
      vertex   4.129289e+01 2.300000e+01 2.370711e+01
      vertex   4.113398e+01 2.300000e+01 2.350000e+01
    endloop
  endfacet
  facet normal -9.238795e-01 2.387112e-15 3.826834e-01
    outer loop
      vertex   4.113398e+01 1.750000e+01 2.350000e+01
      vertex   4.113398e+01 2.300000e+01 2.350000e+01
      vertex   4.103407e+01 1.750000e+01 2.325882e+01
    endloop
  endfacet
  facet normal -9.238795e-01 1.193556e-15 3.826834e-01
    outer loop
      vertex   4.103407e+01 1.750000e+01 2.325882e+01
      vertex   4.113398e+01 2.300000e+01 2.350000e+01
      vertex   4.103407e+01 2.300000e+01 2.325882e+01
    endloop
  endfacet
  facet normal -9.914449e-01 1.280844e-15 1.305262e-01
    outer loop
      vertex   4.103407e+01 1.750000e+01 2.325882e+01
      vertex   4.103407e+01 2.300000e+01 2.325882e+01
      vertex   4.100000e+01 2.300000e+01 2.300000e+01
    endloop
  endfacet
  facet normal -9.914449e-01 -4.215656e-17 1.305262e-01
    outer loop
      vertex   4.100000e+01 2.300000e+01 2.300000e+01
      vertex   4.100000e+01 1.200000e+01 2.300000e+01
      vertex   4.103407e+01 1.750000e+01 2.325882e+01
    endloop
  endfacet
  facet normal -9.914449e-01 -8.431312e-17 1.305262e-01
    outer loop
      vertex   4.103407e+01 1.750000e+01 2.325882e+01
      vertex   4.100000e+01 1.200000e+01 2.300000e+01
      vertex   4.103407e+01 1.200000e+01 2.325882e+01
    endloop
  endfacet
  facet normal -9.238795e-01 -2.471936e-16 3.826834e-01
    outer loop
      vertex   4.103407e+01 1.750000e+01 2.325882e+01
      vertex   4.103407e+01 1.200000e+01 2.325882e+01
      vertex   4.113398e+01 1.750000e+01 2.350000e+01
    endloop
  endfacet
  facet normal -9.238795e-01 0.000000e+00 3.826834e-01
    outer loop
      vertex   4.113398e+01 1.750000e+01 2.350000e+01
      vertex   4.103407e+01 1.200000e+01 2.325882e+01
      vertex   4.113398e+01 1.200000e+01 2.350000e+01
    endloop
  endfacet
  facet normal -7.933533e-01 0.000000e+00 6.087614e-01
    outer loop
      vertex   4.113398e+01 1.750000e+01 2.350000e+01
      vertex   4.113398e+01 1.200000e+01 2.350000e+01
      vertex   4.129289e+01 1.750000e+01 2.370711e+01
    endloop
  endfacet
  facet normal -7.933533e-01 -3.932282e-16 6.087614e-01
    outer loop
      vertex   4.129289e+01 1.750000e+01 2.370711e+01
      vertex   4.113398e+01 1.200000e+01 2.350000e+01
      vertex   4.129289e+01 1.200000e+01 2.370711e+01
    endloop
  endfacet
  facet normal -6.087614e-01 -5.124649e-16 7.933533e-01
    outer loop
      vertex   4.129289e+01 1.750000e+01 2.370711e+01
      vertex   4.129289e+01 1.200000e+01 2.370711e+01
      vertex   4.150000e+01 1.750000e+01 2.386603e+01
    endloop
  endfacet
  facet normal -6.087614e-01 -5.124649e-16 7.933533e-01
    outer loop
      vertex   4.150000e+01 1.750000e+01 2.386603e+01
      vertex   4.129289e+01 1.200000e+01 2.370711e+01
      vertex   4.150000e+01 1.200000e+01 2.386603e+01
    endloop
  endfacet
  facet normal -3.826834e-01 -5.967781e-16 9.238795e-01
    outer loop
      vertex   4.150000e+01 1.750000e+01 2.386603e+01
      vertex   4.150000e+01 1.200000e+01 2.386603e+01
      vertex   4.174118e+01 1.750000e+01 2.396593e+01
    endloop
  endfacet
  facet normal -3.826834e-01 0.000000e+00 9.238795e-01
    outer loop
      vertex   4.174118e+01 1.750000e+01 2.396593e+01
      vertex   4.150000e+01 1.200000e+01 2.386603e+01
      vertex   4.174118e+01 1.200000e+01 2.396593e+01
    endloop
  endfacet
  facet normal -1.305262e-01 0.000000e+00 9.914449e-01
    outer loop
      vertex   4.174118e+01 1.750000e+01 2.396593e+01
      vertex   4.174118e+01 1.200000e+01 2.396593e+01
      vertex   4.200000e+01 1.200000e+01 2.400000e+01
    endloop
  endfacet
  facet normal -1.514289e-02 -1.343969e-01 9.908119e-01
    outer loop
      vertex   4.044504e+01 2.494986e+01 2.400000e+01
      vertex   4.000000e+01 2.500000e+01 2.400000e+01
      vertex   4.030235e+01 2.471473e+01 2.396593e+01
    endloop
  endfacet
  facet normal -1.141882e-02 -1.305177e-01 9.913802e-01
    outer loop
      vertex   4.030235e+01 2.471473e+01 2.396593e+01
      vertex   4.000000e+01 2.500000e+01 2.400000e+01
      vertex   4.000000e+01 2.474118e+01 2.396593e+01
    endloop
  endfacet
  facet normal -3.346171e-02 -3.824691e-01 9.233622e-01
    outer loop
      vertex   4.030235e+01 2.471473e+01 2.396593e+01
      vertex   4.000000e+01 2.474118e+01 2.396593e+01
      vertex   4.000000e+01 2.450000e+01 2.386603e+01
    endloop
  endfacet
  facet normal -3.346171e-02 -3.824691e-01 9.233622e-01
    outer loop
      vertex   4.030235e+01 2.471473e+01 2.396593e+01
      vertex   4.000000e+01 2.450000e+01 2.386603e+01
      vertex   4.026047e+01 2.447721e+01 2.386603e+01
    endloop
  endfacet
  facet normal -5.318435e-02 -6.078999e-01 7.922305e-01
    outer loop
      vertex   4.026047e+01 2.447721e+01 2.386603e+01
      vertex   4.000000e+01 2.450000e+01 2.386603e+01
      vertex   4.000000e+01 2.429289e+01 2.370711e+01
    endloop
  endfacet
  facet normal -5.318435e-02 -6.078999e-01 7.922305e-01
    outer loop
      vertex   4.026047e+01 2.447721e+01 2.386603e+01
      vertex   4.000000e+01 2.429289e+01 2.370711e+01
      vertex   4.022451e+01 2.427325e+01 2.370711e+01
    endloop
  endfacet
  facet normal -6.924283e-02 -7.914492e-01 6.073003e-01
    outer loop
      vertex   4.022451e+01 2.427325e+01 2.370711e+01
      vertex   4.000000e+01 2.429289e+01 2.370711e+01
      vertex   4.000000e+01 2.413397e+01 2.350000e+01
    endloop
  endfacet
  facet normal -6.924283e-02 -7.914492e-01 6.073003e-01
    outer loop
      vertex   4.022451e+01 2.427325e+01 2.370711e+01
      vertex   4.000000e+01 2.413397e+01 2.350000e+01
      vertex   4.019691e+01 2.411675e+01 2.350000e+01
    endloop
  endfacet
  facet normal -8.056623e-02 -9.208762e-01 3.814394e-01
    outer loop
      vertex   4.019691e+01 2.411675e+01 2.350000e+01
      vertex   4.000000e+01 2.413397e+01 2.350000e+01
      vertex   4.000000e+01 2.403407e+01 2.325882e+01
    endloop
  endfacet
  facet normal -8.056623e-02 -9.208762e-01 3.814394e-01
    outer loop
      vertex   4.019691e+01 2.411675e+01 2.350000e+01
      vertex   4.000000e+01 2.403407e+01 2.325882e+01
      vertex   4.017957e+01 2.401836e+01 2.325882e+01
    endloop
  endfacet
  facet normal -8.641571e-02 -9.877360e-01 1.300379e-01
    outer loop
      vertex   4.017957e+01 2.401836e+01 2.325882e+01
      vertex   4.000000e+01 2.403407e+01 2.325882e+01
      vertex   4.000000e+01 2.400000e+01 2.300000e+01
    endloop
  endfacet
  facet normal -1.288686e-01 -9.788545e-01 1.588610e-01
    outer loop
      vertex   4.017957e+01 2.401836e+01 2.325882e+01
      vertex   4.000000e+01 2.400000e+01 2.300000e+01
      vertex   4.025882e+01 2.396593e+01 2.300000e+01
    endloop
  endfacet
  facet normal -2.570819e-01 -9.594425e-01 1.156674e-01
    outer loop
      vertex   4.017957e+01 2.401836e+01 2.325882e+01
      vertex   4.025882e+01 2.396593e+01 2.300000e+01
      vertex   4.035367e+01 2.397171e+01 2.325882e+01
    endloop
  endfacet
  facet normal -3.778237e-01 -9.121471e-01 1.588610e-01
    outer loop
      vertex   4.035367e+01 2.397171e+01 2.325882e+01
      vertex   4.025882e+01 2.396593e+01 2.300000e+01
      vertex   4.050000e+01 2.386603e+01 2.300000e+01
    endloop
  endfacet
  facet normal -4.190298e-01 -8.986123e-01 1.300379e-01
    outer loop
      vertex   4.035367e+01 2.397171e+01 2.325882e+01
      vertex   4.050000e+01 2.386603e+01 2.300000e+01
      vertex   4.051704e+01 2.389553e+01 2.325882e+01
    endloop
  endfacet
  facet normal -5.687062e-01 -8.121966e-01 1.300379e-01
    outer loop
      vertex   4.051704e+01 2.389553e+01 2.325882e+01
      vertex   4.050000e+01 2.386603e+01 2.300000e+01
      vertex   4.066469e+01 2.379215e+01 2.325882e+01
    endloop
  endfacet
  facet normal -5.302105e-01 -7.572191e-01 3.814394e-01
    outer loop
      vertex   4.051704e+01 2.389553e+01 2.325882e+01
      vertex   4.066469e+01 2.379215e+01 2.325882e+01
      vertex   4.072891e+01 2.386868e+01 2.350000e+01
    endloop
  endfacet
  facet normal -6.536451e-01 -6.536451e-01 3.814394e-01
    outer loop
      vertex   4.072891e+01 2.386868e+01 2.350000e+01
      vertex   4.066469e+01 2.379215e+01 2.325882e+01
      vertex   4.086868e+01 2.372891e+01 2.350000e+01
    endloop
  endfacet
  facet normal -5.617768e-01 -5.617768e-01 6.073003e-01
    outer loop
      vertex   4.072891e+01 2.386868e+01 2.350000e+01
      vertex   4.086868e+01 2.372891e+01 2.350000e+01
      vertex   4.099041e+01 2.383106e+01 2.370711e+01
    endloop
  endfacet
  facet normal -6.507937e-01 -4.556906e-01 6.073003e-01
    outer loop
      vertex   4.099041e+01 2.383106e+01 2.370711e+01
      vertex   4.086868e+01 2.372891e+01 2.350000e+01
      vertex   4.111968e+01 2.364645e+01 2.370711e+01
    endloop
  endfacet
  facet normal -4.998645e-01 -3.500089e-01 7.922305e-01
    outer loop
      vertex   4.099041e+01 2.383106e+01 2.370711e+01
      vertex   4.111968e+01 2.364645e+01 2.370711e+01
      vertex   4.129904e+01 2.375000e+01 2.386603e+01
    endloop
  endfacet
  facet normal -5.530489e-01 -2.578909e-01 7.922305e-01
    outer loop
      vertex   4.129904e+01 2.375000e+01 2.386603e+01
      vertex   4.111968e+01 2.364645e+01 2.370711e+01
      vertex   4.140954e+01 2.351303e+01 2.386603e+01
    endloop
  endfacet
  facet normal -3.479588e-01 -1.622559e-01 9.233622e-01
    outer loop
      vertex   4.129904e+01 2.375000e+01 2.386603e+01
      vertex   4.140954e+01 2.351303e+01 2.386603e+01
      vertex   4.163618e+01 2.359552e+01 2.396593e+01
    endloop
  endfacet
  facet normal -3.708480e-01 -9.936842e-02 9.233622e-01
    outer loop
      vertex   4.163618e+01 2.359552e+01 2.396593e+01
      vertex   4.140954e+01 2.351303e+01 2.386603e+01
      vertex   4.171473e+01 2.330235e+01 2.396593e+01
    endloop
  endfacet
  facet normal -1.236240e-01 -3.312496e-02 9.917761e-01
    outer loop
      vertex   4.163618e+01 2.359552e+01 2.396593e+01
      vertex   4.171473e+01 2.330235e+01 2.396593e+01
      vertex   4.194986e+01 2.344504e+01 2.400000e+01
    endloop
  endfacet
  facet normal -1.343969e-01 -1.514289e-02 9.908119e-01
    outer loop
      vertex   4.194986e+01 2.344504e+01 2.400000e+01
      vertex   4.171473e+01 2.330235e+01 2.396593e+01
      vertex   4.200000e+01 2.300000e+01 2.400000e+01
    endloop
  endfacet
  facet normal -1.305177e-01 -1.141882e-02 9.913802e-01
    outer loop
      vertex   4.200000e+01 2.300000e+01 2.400000e+01
      vertex   4.171473e+01 2.330235e+01 2.396593e+01
      vertex   4.174118e+01 2.300000e+01 2.396593e+01
    endloop
  endfacet
  facet normal -3.824691e-01 -3.346171e-02 9.233622e-01
    outer loop
      vertex   4.174118e+01 2.300000e+01 2.396593e+01
      vertex   4.171473e+01 2.330235e+01 2.396593e+01
      vertex   4.147721e+01 2.326047e+01 2.386603e+01
    endloop
  endfacet
  facet normal -3.824691e-01 -3.346171e-02 9.233622e-01
    outer loop
      vertex   4.174118e+01 2.300000e+01 2.396593e+01
      vertex   4.147721e+01 2.326047e+01 2.386603e+01
      vertex   4.150000e+01 2.300000e+01 2.386603e+01
    endloop
  endfacet
  facet normal -6.078999e-01 -5.318435e-02 7.922305e-01
    outer loop
      vertex   4.150000e+01 2.300000e+01 2.386603e+01
      vertex   4.147721e+01 2.326047e+01 2.386603e+01
      vertex   4.127325e+01 2.322451e+01 2.370711e+01
    endloop
  endfacet
  facet normal -6.078999e-01 -5.318435e-02 7.922305e-01
    outer loop
      vertex   4.150000e+01 2.300000e+01 2.386603e+01
      vertex   4.127325e+01 2.322451e+01 2.370711e+01
      vertex   4.129289e+01 2.300000e+01 2.370711e+01
    endloop
  endfacet
  facet normal -7.914492e-01 -6.924283e-02 6.073003e-01
    outer loop
      vertex   4.129289e+01 2.300000e+01 2.370711e+01
      vertex   4.127325e+01 2.322451e+01 2.370711e+01
      vertex   4.111675e+01 2.319691e+01 2.350000e+01
    endloop
  endfacet
  facet normal -7.914492e-01 -6.924283e-02 6.073003e-01
    outer loop
      vertex   4.129289e+01 2.300000e+01 2.370711e+01
      vertex   4.111675e+01 2.319691e+01 2.350000e+01
      vertex   4.113398e+01 2.300000e+01 2.350000e+01
    endloop
  endfacet
  facet normal -9.208762e-01 -8.056623e-02 3.814394e-01
    outer loop
      vertex   4.113398e+01 2.300000e+01 2.350000e+01
      vertex   4.111675e+01 2.319691e+01 2.350000e+01
      vertex   4.101836e+01 2.317957e+01 2.325882e+01
    endloop
  endfacet
  facet normal -9.208762e-01 -8.056623e-02 3.814394e-01
    outer loop
      vertex   4.113398e+01 2.300000e+01 2.350000e+01
      vertex   4.101836e+01 2.317957e+01 2.325882e+01
      vertex   4.103407e+01 2.300000e+01 2.325882e+01
    endloop
  endfacet
  facet normal -9.877360e-01 -8.641571e-02 1.300379e-01
    outer loop
      vertex   4.103407e+01 2.300000e+01 2.325882e+01
      vertex   4.101836e+01 2.317957e+01 2.325882e+01
      vertex   4.100000e+01 2.300000e+01 2.300000e+01
    endloop
  endfacet
  facet normal -9.788545e-01 -1.288686e-01 1.588610e-01
    outer loop
      vertex   4.100000e+01 2.300000e+01 2.300000e+01
      vertex   4.101836e+01 2.317957e+01 2.325882e+01
      vertex   4.096593e+01 2.325882e+01 2.300000e+01
    endloop
  endfacet
  facet normal -9.594425e-01 -2.570819e-01 1.156674e-01
    outer loop
      vertex   4.096593e+01 2.325882e+01 2.300000e+01
      vertex   4.101836e+01 2.317957e+01 2.325882e+01
      vertex   4.097171e+01 2.335367e+01 2.325882e+01
    endloop
  endfacet
  facet normal -9.121471e-01 -3.778237e-01 1.588610e-01
    outer loop
      vertex   4.096593e+01 2.325882e+01 2.300000e+01
      vertex   4.097171e+01 2.335367e+01 2.325882e+01
      vertex   4.086603e+01 2.350000e+01 2.300000e+01
    endloop
  endfacet
  facet normal -8.986123e-01 -4.190298e-01 1.300379e-01
    outer loop
      vertex   4.086603e+01 2.350000e+01 2.300000e+01
      vertex   4.097171e+01 2.335367e+01 2.325882e+01
      vertex   4.089554e+01 2.351704e+01 2.325882e+01
    endloop
  endfacet
  facet normal -8.121966e-01 -5.687062e-01 1.300379e-01
    outer loop
      vertex   4.086603e+01 2.350000e+01 2.300000e+01
      vertex   4.089554e+01 2.351704e+01 2.325882e+01
      vertex   4.079215e+01 2.366469e+01 2.325882e+01
    endloop
  endfacet
  facet normal -7.572191e-01 -5.302105e-01 3.814394e-01
    outer loop
      vertex   4.079215e+01 2.366469e+01 2.325882e+01
      vertex   4.089554e+01 2.351704e+01 2.325882e+01
      vertex   4.098205e+01 2.356699e+01 2.350000e+01
    endloop
  endfacet
  facet normal -7.572191e-01 -5.302105e-01 3.814394e-01
    outer loop
      vertex   4.079215e+01 2.366469e+01 2.325882e+01
      vertex   4.098205e+01 2.356699e+01 2.350000e+01
      vertex   4.086868e+01 2.372891e+01 2.350000e+01
    endloop
  endfacet
  facet normal -6.507937e-01 -4.556906e-01 6.073003e-01
    outer loop
      vertex   4.086868e+01 2.372891e+01 2.350000e+01
      vertex   4.098205e+01 2.356699e+01 2.350000e+01
      vertex   4.111968e+01 2.364645e+01 2.370711e+01
    endloop
  endfacet
  facet normal -6.010307e-01 -7.832785e-01 1.588610e-01
    outer loop
      vertex   4.050000e+01 2.386603e+01 2.300000e+01
      vertex   4.070711e+01 2.370711e+01 2.300000e+01
      vertex   4.066469e+01 2.379215e+01 2.325882e+01
    endloop
  endfacet
  facet normal -7.023607e-01 -7.023607e-01 1.156674e-01
    outer loop
      vertex   4.066469e+01 2.379215e+01 2.325882e+01
      vertex   4.070711e+01 2.370711e+01 2.300000e+01
      vertex   4.079215e+01 2.366469e+01 2.325882e+01
    endloop
  endfacet
  facet normal -6.536451e-01 -6.536451e-01 3.814394e-01
    outer loop
      vertex   4.066469e+01 2.379215e+01 2.325882e+01
      vertex   4.079215e+01 2.366469e+01 2.325882e+01
      vertex   4.086868e+01 2.372891e+01 2.350000e+01
    endloop
  endfacet
  facet normal -7.832785e-01 -6.010307e-01 1.588610e-01
    outer loop
      vertex   4.070711e+01 2.370711e+01 2.300000e+01
      vertex   4.086603e+01 2.350000e+01 2.300000e+01
      vertex   4.079215e+01 2.366469e+01 2.325882e+01
    endloop
  endfacet
  facet normal -1.293083e-01 -4.524691e-02 9.905716e-01
    outer loop
      vertex   4.194986e+01 2.344504e+01 2.400000e+01
      vertex   4.180194e+01 2.386777e+01 2.400000e+01
      vertex   4.163618e+01 2.359552e+01 2.396593e+01
    endloop
  endfacet
  facet normal -1.154591e-01 -5.383946e-02 9.918521e-01
    outer loop
      vertex   4.163618e+01 2.359552e+01 2.396593e+01
      vertex   4.180194e+01 2.386777e+01 2.400000e+01
      vertex   4.150791e+01 2.387059e+01 2.396593e+01
    endloop
  endfacet
  facet normal -3.479588e-01 -1.622559e-01 9.233622e-01
    outer loop
      vertex   4.163618e+01 2.359552e+01 2.396593e+01
      vertex   4.150791e+01 2.387059e+01 2.396593e+01
      vertex   4.129904e+01 2.375000e+01 2.386603e+01
    endloop
  endfacet
  facet normal -3.144971e-01 -2.202133e-01 9.233622e-01
    outer loop
      vertex   4.129904e+01 2.375000e+01 2.386603e+01
      vertex   4.150791e+01 2.387059e+01 2.396593e+01
      vertex   4.114907e+01 2.396418e+01 2.386603e+01
    endloop
  endfacet
  facet normal -4.998645e-01 -3.500089e-01 7.922305e-01
    outer loop
      vertex   4.129904e+01 2.375000e+01 2.386603e+01
      vertex   4.114907e+01 2.396418e+01 2.386603e+01
      vertex   4.099041e+01 2.383106e+01 2.370711e+01
    endloop
  endfacet
  facet normal -4.314921e-01 -4.314921e-01 7.922305e-01
    outer loop
      vertex   4.099041e+01 2.383106e+01 2.370711e+01
      vertex   4.114907e+01 2.396418e+01 2.386603e+01
      vertex   4.083106e+01 2.399041e+01 2.370711e+01
    endloop
  endfacet
  facet normal -5.617768e-01 -5.617768e-01 6.073003e-01
    outer loop
      vertex   4.099041e+01 2.383106e+01 2.370711e+01
      vertex   4.083106e+01 2.399041e+01 2.370711e+01
      vertex   4.072891e+01 2.386868e+01 2.350000e+01
    endloop
  endfacet
  facet normal -4.556906e-01 -6.507937e-01 6.073003e-01
    outer loop
      vertex   4.072891e+01 2.386868e+01 2.350000e+01
      vertex   4.083106e+01 2.399041e+01 2.370711e+01
      vertex   4.056699e+01 2.398205e+01 2.350000e+01
    endloop
  endfacet
  facet normal -5.302105e-01 -7.572191e-01 3.814394e-01
    outer loop
      vertex   4.072891e+01 2.386868e+01 2.350000e+01
      vertex   4.056699e+01 2.398205e+01 2.350000e+01
      vertex   4.051704e+01 2.389553e+01 2.325882e+01
    endloop
  endfacet
  facet normal -3.906657e-01 -8.377853e-01 3.814394e-01
    outer loop
      vertex   4.051704e+01 2.389553e+01 2.325882e+01
      vertex   4.056699e+01 2.398205e+01 2.350000e+01
      vertex   4.035367e+01 2.397171e+01 2.325882e+01
    endloop
  endfacet
  facet normal -1.155000e-01 -7.257344e-02 9.906527e-01
    outer loop
      vertex   4.180194e+01 2.386777e+01 2.400000e+01
      vertex   4.156366e+01 2.424698e+01 2.400000e+01
      vertex   4.150791e+01 2.387059e+01 2.396593e+01
    endloop
  endfacet
  facet normal -1.058189e-01 -7.409519e-02 9.916210e-01
    outer loop
      vertex   4.150791e+01 2.387059e+01 2.396593e+01
      vertex   4.156366e+01 2.424698e+01 2.400000e+01
      vertex   4.133382e+01 2.411921e+01 2.396593e+01
    endloop
  endfacet
  facet normal -3.144971e-01 -2.202133e-01 9.233622e-01
    outer loop
      vertex   4.150791e+01 2.387059e+01 2.396593e+01
      vertex   4.133382e+01 2.411921e+01 2.396593e+01
      vertex   4.114907e+01 2.396418e+01 2.386603e+01
    endloop
  endfacet
  facet normal -2.714796e-01 -2.714796e-01 9.233622e-01
    outer loop
      vertex   4.114907e+01 2.396418e+01 2.386603e+01
      vertex   4.133382e+01 2.411921e+01 2.396593e+01
      vertex   4.096418e+01 2.414907e+01 2.386603e+01
    endloop
  endfacet
  facet normal -4.314921e-01 -4.314921e-01 7.922305e-01
    outer loop
      vertex   4.114907e+01 2.396418e+01 2.386603e+01
      vertex   4.096418e+01 2.414907e+01 2.386603e+01
      vertex   4.083106e+01 2.399041e+01 2.370711e+01
    endloop
  endfacet
  facet normal -3.500089e-01 -4.998645e-01 7.922305e-01
    outer loop
      vertex   4.083106e+01 2.399041e+01 2.370711e+01
      vertex   4.096418e+01 2.414907e+01 2.386603e+01
      vertex   4.064645e+01 2.411968e+01 2.370711e+01
    endloop
  endfacet
  facet normal -4.556906e-01 -6.507937e-01 6.073003e-01
    outer loop
      vertex   4.083106e+01 2.399041e+01 2.370711e+01
      vertex   4.064645e+01 2.411968e+01 2.370711e+01
      vertex   4.056699e+01 2.398205e+01 2.350000e+01
    endloop
  endfacet
  facet normal -3.357585e-01 -7.200365e-01 6.073003e-01
    outer loop
      vertex   4.056699e+01 2.398205e+01 2.350000e+01
      vertex   4.064645e+01 2.411968e+01 2.370711e+01
      vertex   4.038784e+01 2.406559e+01 2.350000e+01
    endloop
  endfacet
  facet normal -3.906657e-01 -8.377853e-01 3.814394e-01
    outer loop
      vertex   4.056699e+01 2.398205e+01 2.350000e+01
      vertex   4.038784e+01 2.406559e+01 2.350000e+01
      vertex   4.035367e+01 2.397171e+01 2.325882e+01
    endloop
  endfacet
  facet normal -2.392507e-01 -8.928959e-01 3.814394e-01
    outer loop
      vertex   4.035367e+01 2.397171e+01 2.325882e+01
      vertex   4.038784e+01 2.406559e+01 2.350000e+01
      vertex   4.017957e+01 2.401836e+01 2.325882e+01
    endloop
  endfacet
  facet normal -9.442933e-02 -9.442933e-02 9.910430e-01
    outer loop
      vertex   4.156366e+01 2.424698e+01 2.400000e+01
      vertex   4.124698e+01 2.456366e+01 2.400000e+01
      vertex   4.133382e+01 2.411921e+01 2.396593e+01
    endloop
  endfacet
  facet normal -9.442933e-02 -9.442933e-02 9.910430e-01
    outer loop
      vertex   4.133382e+01 2.411921e+01 2.396593e+01
      vertex   4.124698e+01 2.456366e+01 2.400000e+01
      vertex   4.111921e+01 2.433382e+01 2.396593e+01
    endloop
  endfacet
  facet normal -2.714796e-01 -2.714796e-01 9.233622e-01
    outer loop
      vertex   4.133382e+01 2.411921e+01 2.396593e+01
      vertex   4.111921e+01 2.433382e+01 2.396593e+01
      vertex   4.096418e+01 2.414907e+01 2.386603e+01
    endloop
  endfacet
  facet normal -2.202133e-01 -3.144971e-01 9.233622e-01
    outer loop
      vertex   4.096418e+01 2.414907e+01 2.386603e+01
      vertex   4.111921e+01 2.433382e+01 2.396593e+01
      vertex   4.075000e+01 2.429904e+01 2.386603e+01
    endloop
  endfacet
  facet normal -3.500089e-01 -4.998645e-01 7.922305e-01
    outer loop
      vertex   4.096418e+01 2.414907e+01 2.386603e+01
      vertex   4.075000e+01 2.429904e+01 2.386603e+01
      vertex   4.064645e+01 2.411968e+01 2.370711e+01
    endloop
  endfacet
  facet normal -2.578909e-01 -5.530489e-01 7.922305e-01
    outer loop
      vertex   4.064645e+01 2.411968e+01 2.370711e+01
      vertex   4.075000e+01 2.429904e+01 2.386603e+01
      vertex   4.044220e+01 2.421492e+01 2.370711e+01
    endloop
  endfacet
  facet normal -3.357585e-01 -7.200365e-01 6.073003e-01
    outer loop
      vertex   4.064645e+01 2.411968e+01 2.370711e+01
      vertex   4.044220e+01 2.421492e+01 2.370711e+01
      vertex   4.038784e+01 2.406559e+01 2.350000e+01
    endloop
  endfacet
  facet normal -2.056246e-01 -7.674014e-01 6.073003e-01
    outer loop
      vertex   4.038784e+01 2.406559e+01 2.350000e+01
      vertex   4.044220e+01 2.421492e+01 2.370711e+01
      vertex   4.019691e+01 2.411675e+01 2.350000e+01
    endloop
  endfacet
  facet normal -2.392507e-01 -8.928959e-01 3.814394e-01
    outer loop
      vertex   4.038784e+01 2.406559e+01 2.350000e+01
      vertex   4.019691e+01 2.411675e+01 2.350000e+01
      vertex   4.017957e+01 2.401836e+01 2.325882e+01
    endloop
  endfacet
  facet normal -7.409519e-02 -1.058189e-01 9.916210e-01
    outer loop
      vertex   4.111921e+01 2.433382e+01 2.396593e+01
      vertex   4.124698e+01 2.456366e+01 2.400000e+01
      vertex   4.087059e+01 2.450791e+01 2.396593e+01
    endloop
  endfacet
  facet normal -7.257344e-02 -1.155000e-01 9.906527e-01
    outer loop
      vertex   4.087059e+01 2.450791e+01 2.396593e+01
      vertex   4.124698e+01 2.456366e+01 2.400000e+01
      vertex   4.086777e+01 2.480194e+01 2.400000e+01
    endloop
  endfacet
  facet normal -5.383946e-02 -1.154591e-01 9.918521e-01
    outer loop
      vertex   4.087059e+01 2.450791e+01 2.396593e+01
      vertex   4.086777e+01 2.480194e+01 2.400000e+01
      vertex   4.059552e+01 2.463618e+01 2.396593e+01
    endloop
  endfacet
  facet normal -4.524691e-02 -1.293083e-01 9.905716e-01
    outer loop
      vertex   4.059552e+01 2.463618e+01 2.396593e+01
      vertex   4.086777e+01 2.480194e+01 2.400000e+01
      vertex   4.044504e+01 2.494986e+01 2.400000e+01
    endloop
  endfacet
  facet normal -3.312496e-02 -1.236240e-01 9.917761e-01
    outer loop
      vertex   4.059552e+01 2.463618e+01 2.396593e+01
      vertex   4.044504e+01 2.494986e+01 2.400000e+01
      vertex   4.030235e+01 2.471473e+01 2.396593e+01
    endloop
  endfacet
  facet normal -2.056246e-01 -7.674014e-01 6.073003e-01
    outer loop
      vertex   4.019691e+01 2.411675e+01 2.350000e+01
      vertex   4.044220e+01 2.421492e+01 2.370711e+01
      vertex   4.022451e+01 2.427325e+01 2.370711e+01
    endloop
  endfacet
  facet normal -1.579371e-01 -5.894291e-01 7.922305e-01
    outer loop
      vertex   4.022451e+01 2.427325e+01 2.370711e+01
      vertex   4.044220e+01 2.421492e+01 2.370711e+01
      vertex   4.051303e+01 2.440954e+01 2.386603e+01
    endloop
  endfacet
  facet normal -1.579371e-01 -5.894291e-01 7.922305e-01
    outer loop
      vertex   4.022451e+01 2.427325e+01 2.370711e+01
      vertex   4.051303e+01 2.440954e+01 2.386603e+01
      vertex   4.026047e+01 2.447721e+01 2.386603e+01
    endloop
  endfacet
  facet normal -9.936842e-02 -3.708480e-01 9.233622e-01
    outer loop
      vertex   4.026047e+01 2.447721e+01 2.386603e+01
      vertex   4.051303e+01 2.440954e+01 2.386603e+01
      vertex   4.059552e+01 2.463618e+01 2.396593e+01
    endloop
  endfacet
  facet normal -9.936842e-02 -3.708480e-01 9.233622e-01
    outer loop
      vertex   4.026047e+01 2.447721e+01 2.386603e+01
      vertex   4.059552e+01 2.463618e+01 2.396593e+01
      vertex   4.030235e+01 2.471473e+01 2.396593e+01
    endloop
  endfacet
  facet normal -1.622559e-01 -3.479588e-01 9.233622e-01
    outer loop
      vertex   4.087059e+01 2.450791e+01 2.396593e+01
      vertex   4.059552e+01 2.463618e+01 2.396593e+01
      vertex   4.051303e+01 2.440954e+01 2.386603e+01
    endloop
  endfacet
  facet normal -1.622559e-01 -3.479588e-01 9.233622e-01
    outer loop
      vertex   4.087059e+01 2.450791e+01 2.396593e+01
      vertex   4.051303e+01 2.440954e+01 2.386603e+01
      vertex   4.075000e+01 2.429904e+01 2.386603e+01
    endloop
  endfacet
  facet normal -2.578909e-01 -5.530489e-01 7.922305e-01
    outer loop
      vertex   4.075000e+01 2.429904e+01 2.386603e+01
      vertex   4.051303e+01 2.440954e+01 2.386603e+01
      vertex   4.044220e+01 2.421492e+01 2.370711e+01
    endloop
  endfacet
  facet normal -2.202133e-01 -3.144971e-01 9.233622e-01
    outer loop
      vertex   4.087059e+01 2.450791e+01 2.396593e+01
      vertex   4.075000e+01 2.429904e+01 2.386603e+01
      vertex   4.111921e+01 2.433382e+01 2.396593e+01
    endloop
  endfacet
  facet normal -8.377853e-01 -3.906657e-01 3.814394e-01
    outer loop
      vertex   4.098205e+01 2.356699e+01 2.350000e+01
      vertex   4.089554e+01 2.351704e+01 2.325882e+01
      vertex   4.106559e+01 2.338784e+01 2.350000e+01
    endloop
  endfacet
  facet normal -8.377853e-01 -3.906657e-01 3.814394e-01
    outer loop
      vertex   4.106559e+01 2.338784e+01 2.350000e+01
      vertex   4.089554e+01 2.351704e+01 2.325882e+01
      vertex   4.097171e+01 2.335367e+01 2.325882e+01
    endloop
  endfacet
  facet normal -8.928959e-01 -2.392507e-01 3.814394e-01
    outer loop
      vertex   4.106559e+01 2.338784e+01 2.350000e+01
      vertex   4.097171e+01 2.335367e+01 2.325882e+01
      vertex   4.111675e+01 2.319691e+01 2.350000e+01
    endloop
  endfacet
  facet normal -8.928959e-01 -2.392507e-01 3.814394e-01
    outer loop
      vertex   4.111675e+01 2.319691e+01 2.350000e+01
      vertex   4.097171e+01 2.335367e+01 2.325882e+01
      vertex   4.101836e+01 2.317957e+01 2.325882e+01
    endloop
  endfacet
  facet normal -7.200365e-01 -3.357585e-01 6.073003e-01
    outer loop
      vertex   4.111968e+01 2.364645e+01 2.370711e+01
      vertex   4.098205e+01 2.356699e+01 2.350000e+01
      vertex   4.121492e+01 2.344220e+01 2.370711e+01
    endloop
  endfacet
  facet normal -7.200365e-01 -3.357585e-01 6.073003e-01
    outer loop
      vertex   4.121492e+01 2.344220e+01 2.370711e+01
      vertex   4.098205e+01 2.356699e+01 2.350000e+01
      vertex   4.106559e+01 2.338784e+01 2.350000e+01
    endloop
  endfacet
  facet normal -7.674014e-01 -2.056246e-01 6.073003e-01
    outer loop
      vertex   4.121492e+01 2.344220e+01 2.370711e+01
      vertex   4.106559e+01 2.338784e+01 2.350000e+01
      vertex   4.127325e+01 2.322451e+01 2.370711e+01
    endloop
  endfacet
  facet normal -7.674014e-01 -2.056246e-01 6.073003e-01
    outer loop
      vertex   4.127325e+01 2.322451e+01 2.370711e+01
      vertex   4.106559e+01 2.338784e+01 2.350000e+01
      vertex   4.111675e+01 2.319691e+01 2.350000e+01
    endloop
  endfacet
  facet normal -5.530489e-01 -2.578909e-01 7.922305e-01
    outer loop
      vertex   4.111968e+01 2.364645e+01 2.370711e+01
      vertex   4.121492e+01 2.344220e+01 2.370711e+01
      vertex   4.140954e+01 2.351303e+01 2.386603e+01
    endloop
  endfacet
  facet normal -5.894291e-01 -1.579371e-01 7.922305e-01
    outer loop
      vertex   4.140954e+01 2.351303e+01 2.386603e+01
      vertex   4.121492e+01 2.344220e+01 2.370711e+01
      vertex   4.147721e+01 2.326047e+01 2.386603e+01
    endloop
  endfacet
  facet normal -3.708480e-01 -9.936842e-02 9.233622e-01
    outer loop
      vertex   4.140954e+01 2.351303e+01 2.386603e+01
      vertex   4.147721e+01 2.326047e+01 2.386603e+01
      vertex   4.171473e+01 2.330235e+01 2.396593e+01
    endloop
  endfacet
  facet normal -5.894291e-01 -1.579371e-01 7.922305e-01
    outer loop
      vertex   4.147721e+01 2.326047e+01 2.386603e+01
      vertex   4.121492e+01 2.344220e+01 2.370711e+01
      vertex   4.127325e+01 2.322451e+01 2.370711e+01
    endloop
  endfacet
  facet normal 6.125773e-16 -9.914449e-01 1.305262e-01
    outer loop
      vertex   4.000000e+01 2.403407e+01 2.325882e+01
      vertex   3.425000e+01 2.403407e+01 2.325882e+01
      vertex   4.000000e+01 2.400000e+01 2.300000e+01
    endloop
  endfacet
  facet normal 0.000000e+00 -9.914449e-01 1.305262e-01
    outer loop
      vertex   4.000000e+01 2.400000e+01 2.300000e+01
      vertex   3.425000e+01 2.403407e+01 2.325882e+01
      vertex   2.850000e+01 2.403407e+01 2.325882e+01
    endloop
  endfacet
  facet normal 0.000000e+00 -9.914449e-01 1.305262e-01
    outer loop
      vertex   4.000000e+01 2.400000e+01 2.300000e+01
      vertex   2.850000e+01 2.403407e+01 2.325882e+01
      vertex   1.700000e+01 2.400000e+01 2.300000e+01
    endloop
  endfacet
  facet normal 0.000000e+00 -9.914449e-01 1.305262e-01
    outer loop
      vertex   1.700000e+01 2.400000e+01 2.300000e+01
      vertex   2.850000e+01 2.403407e+01 2.325882e+01
      vertex   2.275000e+01 2.403407e+01 2.325882e+01
    endloop
  endfacet
  facet normal 0.000000e+00 -9.914449e-01 1.305262e-01
    outer loop
      vertex   1.700000e+01 2.400000e+01 2.300000e+01
      vertex   2.275000e+01 2.403407e+01 2.325882e+01
      vertex   1.700000e+01 2.403407e+01 2.325882e+01
    endloop
  endfacet
  facet normal 0.000000e+00 -9.238795e-01 3.826834e-01
    outer loop
      vertex   1.700000e+01 2.403407e+01 2.325882e+01
      vertex   2.275000e+01 2.403407e+01 2.325882e+01
      vertex   1.700000e+01 2.413397e+01 2.350000e+01
    endloop
  endfacet
  facet normal -1.043723e-15 -9.238795e-01 3.826834e-01
    outer loop
      vertex   1.700000e+01 2.413397e+01 2.350000e+01
      vertex   2.275000e+01 2.403407e+01 2.325882e+01
      vertex   2.275000e+01 2.413397e+01 2.350000e+01
    endloop
  endfacet
  facet normal -1.242446e-15 -7.933533e-01 6.087614e-01
    outer loop
      vertex   1.700000e+01 2.413397e+01 2.350000e+01
      vertex   2.275000e+01 2.413397e+01 2.350000e+01
      vertex   1.700000e+01 2.429289e+01 2.370711e+01
    endloop
  endfacet
  facet normal -8.663152e-16 -7.933533e-01 6.087614e-01
    outer loop
      vertex   1.700000e+01 2.429289e+01 2.370711e+01
      vertex   2.275000e+01 2.413397e+01 2.350000e+01
      vertex   2.275000e+01 2.429289e+01 2.370711e+01
    endloop
  endfacet
  facet normal -8.663152e-16 -6.087614e-01 7.933533e-01
    outer loop
      vertex   1.700000e+01 2.429289e+01 2.370711e+01
      vertex   2.275000e+01 2.429289e+01 2.370711e+01
      vertex   1.700000e+01 2.450000e+01 2.386603e+01
    endloop
  endfacet
  facet normal -4.901839e-16 -6.087614e-01 7.933533e-01
    outer loop
      vertex   1.700000e+01 2.450000e+01 2.386603e+01
      vertex   2.275000e+01 2.429289e+01 2.370711e+01
      vertex   2.275000e+01 2.450000e+01 2.386603e+01
    endloop
  endfacet
  facet normal -5.708312e-16 -3.826834e-01 9.238795e-01
    outer loop
      vertex   1.700000e+01 2.450000e+01 2.386603e+01
      vertex   2.275000e+01 2.450000e+01 2.386603e+01
      vertex   1.700000e+01 2.474118e+01 2.396593e+01
    endloop
  endfacet
  facet normal -5.708312e-16 -3.826834e-01 9.238795e-01
    outer loop
      vertex   1.700000e+01 2.474118e+01 2.396593e+01
      vertex   2.275000e+01 2.450000e+01 2.386603e+01
      vertex   2.275000e+01 2.474118e+01 2.396593e+01
    endloop
  endfacet
  facet normal -6.125773e-16 -1.305262e-01 9.914449e-01
    outer loop
      vertex   1.700000e+01 2.474118e+01 2.396593e+01
      vertex   2.275000e+01 2.474118e+01 2.396593e+01
      vertex   1.700000e+01 2.500000e+01 2.400000e+01
    endloop
  endfacet
  facet normal 0.000000e+00 -1.305262e-01 9.914449e-01
    outer loop
      vertex   1.700000e+01 2.500000e+01 2.400000e+01
      vertex   2.275000e+01 2.474118e+01 2.396593e+01
      vertex   2.850000e+01 2.474118e+01 2.396593e+01
    endloop
  endfacet
  facet normal 0.000000e+00 -1.305262e-01 9.914449e-01
    outer loop
      vertex   1.700000e+01 2.500000e+01 2.400000e+01
      vertex   2.850000e+01 2.474118e+01 2.396593e+01
      vertex   4.000000e+01 2.500000e+01 2.400000e+01
    endloop
  endfacet
  facet normal 0.000000e+00 -1.305262e-01 9.914449e-01
    outer loop
      vertex   4.000000e+01 2.500000e+01 2.400000e+01
      vertex   2.850000e+01 2.474118e+01 2.396593e+01
      vertex   3.425000e+01 2.474118e+01 2.396593e+01
    endloop
  endfacet
  facet normal 0.000000e+00 -1.305262e-01 9.914449e-01
    outer loop
      vertex   4.000000e+01 2.500000e+01 2.400000e+01
      vertex   3.425000e+01 2.474118e+01 2.396593e+01
      vertex   4.000000e+01 2.474118e+01 2.396593e+01
    endloop
  endfacet
  facet normal 0.000000e+00 -3.826834e-01 9.238795e-01
    outer loop
      vertex   4.000000e+01 2.474118e+01 2.396593e+01
      vertex   3.425000e+01 2.474118e+01 2.396593e+01
      vertex   4.000000e+01 2.450000e+01 2.386603e+01
    endloop
  endfacet
  facet normal 8.072772e-16 -3.826834e-01 9.238795e-01
    outer loop
      vertex   4.000000e+01 2.450000e+01 2.386603e+01
      vertex   3.425000e+01 2.474118e+01 2.396593e+01
      vertex   3.425000e+01 2.450000e+01 2.386603e+01
    endloop
  endfacet
  facet normal 8.663152e-16 -6.087614e-01 7.933533e-01
    outer loop
      vertex   4.000000e+01 2.450000e+01 2.386603e+01
      vertex   3.425000e+01 2.450000e+01 2.386603e+01
      vertex   4.000000e+01 2.429289e+01 2.370711e+01
    endloop
  endfacet
  facet normal 8.663152e-16 -6.087614e-01 7.933533e-01
    outer loop
      vertex   4.000000e+01 2.429289e+01 2.370711e+01
      vertex   3.425000e+01 2.450000e+01 2.386603e+01
      vertex   3.425000e+01 2.429289e+01 2.370711e+01
    endloop
  endfacet
  facet normal 8.663152e-16 -7.933533e-01 6.087614e-01
    outer loop
      vertex   4.000000e+01 2.429289e+01 2.370711e+01
      vertex   3.425000e+01 2.429289e+01 2.370711e+01
      vertex   4.000000e+01 2.413397e+01 2.350000e+01
    endloop
  endfacet
  facet normal 0.000000e+00 -7.933533e-01 6.087614e-01
    outer loop
      vertex   4.000000e+01 2.413397e+01 2.350000e+01
      vertex   3.425000e+01 2.429289e+01 2.370711e+01
      vertex   3.425000e+01 2.413397e+01 2.350000e+01
    endloop
  endfacet
  facet normal 0.000000e+00 -9.238795e-01 3.826834e-01
    outer loop
      vertex   4.000000e+01 2.413397e+01 2.350000e+01
      vertex   3.425000e+01 2.413397e+01 2.350000e+01
      vertex   4.000000e+01 2.403407e+01 2.325882e+01
    endloop
  endfacet
  facet normal 5.708312e-16 -9.238795e-01 3.826834e-01
    outer loop
      vertex   4.000000e+01 2.403407e+01 2.325882e+01
      vertex   3.425000e+01 2.413397e+01 2.350000e+01
      vertex   3.425000e+01 2.403407e+01 2.325882e+01
    endloop
  endfacet
  facet normal 0.000000e+00 -9.238795e-01 3.826834e-01
    outer loop
      vertex   2.275000e+01 2.413397e+01 2.350000e+01
      vertex   2.275000e+01 2.403407e+01 2.325882e+01
      vertex   2.850000e+01 2.403407e+01 2.325882e+01
    endloop
  endfacet
  facet normal 0.000000e+00 -9.238795e-01 3.826834e-01
    outer loop
      vertex   2.850000e+01 2.403407e+01 2.325882e+01
      vertex   3.425000e+01 2.403407e+01 2.325882e+01
      vertex   2.850000e+01 2.413397e+01 2.350000e+01
    endloop
  endfacet
  facet normal 0.000000e+00 -9.238795e-01 3.826834e-01
    outer loop
      vertex   2.850000e+01 2.413397e+01 2.350000e+01
      vertex   3.425000e+01 2.403407e+01 2.325882e+01
      vertex   3.425000e+01 2.413397e+01 2.350000e+01
    endloop
  endfacet
  facet normal 0.000000e+00 -7.933533e-01 6.087614e-01
    outer loop
      vertex   2.850000e+01 2.413397e+01 2.350000e+01
      vertex   3.425000e+01 2.413397e+01 2.350000e+01
      vertex   2.850000e+01 2.429289e+01 2.370711e+01
    endloop
  endfacet
  facet normal 0.000000e+00 -7.933533e-01 6.087614e-01
    outer loop
      vertex   2.850000e+01 2.429289e+01 2.370711e+01
      vertex   3.425000e+01 2.413397e+01 2.350000e+01
      vertex   3.425000e+01 2.429289e+01 2.370711e+01
    endloop
  endfacet
  facet normal 0.000000e+00 -6.087614e-01 7.933533e-01
    outer loop
      vertex   2.850000e+01 2.429289e+01 2.370711e+01
      vertex   3.425000e+01 2.429289e+01 2.370711e+01
      vertex   2.850000e+01 2.450000e+01 2.386603e+01
    endloop
  endfacet
  facet normal 0.000000e+00 -6.087614e-01 7.933533e-01
    outer loop
      vertex   2.850000e+01 2.450000e+01 2.386603e+01
      vertex   3.425000e+01 2.429289e+01 2.370711e+01
      vertex   3.425000e+01 2.450000e+01 2.386603e+01
    endloop
  endfacet
  facet normal 0.000000e+00 -3.826834e-01 9.238795e-01
    outer loop
      vertex   2.850000e+01 2.450000e+01 2.386603e+01
      vertex   3.425000e+01 2.450000e+01 2.386603e+01
      vertex   2.850000e+01 2.474118e+01 2.396593e+01
    endloop
  endfacet
  facet normal 0.000000e+00 -3.826834e-01 9.238795e-01
    outer loop
      vertex   2.850000e+01 2.474118e+01 2.396593e+01
      vertex   3.425000e+01 2.450000e+01 2.386603e+01
      vertex   3.425000e+01 2.474118e+01 2.396593e+01
    endloop
  endfacet
  facet normal 4.900051e-16 -7.933533e-01 6.087614e-01
    outer loop
      vertex   2.275000e+01 2.429289e+01 2.370711e+01
      vertex   2.275000e+01 2.413397e+01 2.350000e+01
      vertex   2.850000e+01 2.413397e+01 2.350000e+01
    endloop
  endfacet
  facet normal 5.708312e-16 -9.238795e-01 3.826834e-01
    outer loop
      vertex   2.850000e+01 2.413397e+01 2.350000e+01
      vertex   2.275000e+01 2.413397e+01 2.350000e+01
      vertex   2.850000e+01 2.403407e+01 2.325882e+01
    endloop
  endfacet
  facet normal 0.000000e+00 -7.933533e-01 6.087614e-01
    outer loop
      vertex   2.275000e+01 2.429289e+01 2.370711e+01
      vertex   2.850000e+01 2.413397e+01 2.350000e+01
      vertex   2.850000e+01 2.429289e+01 2.370711e+01
    endloop
  endfacet
  facet normal 0.000000e+00 -6.087614e-01 7.933533e-01
    outer loop
      vertex   2.275000e+01 2.450000e+01 2.386603e+01
      vertex   2.275000e+01 2.429289e+01 2.370711e+01
      vertex   2.850000e+01 2.429289e+01 2.370711e+01
    endloop
  endfacet
  facet normal 0.000000e+00 -6.087614e-01 7.933533e-01
    outer loop
      vertex   2.275000e+01 2.450000e+01 2.386603e+01
      vertex   2.850000e+01 2.429289e+01 2.370711e+01
      vertex   2.850000e+01 2.450000e+01 2.386603e+01
    endloop
  endfacet
  facet normal 0.000000e+00 -3.826834e-01 9.238795e-01
    outer loop
      vertex   2.275000e+01 2.474118e+01 2.396593e+01
      vertex   2.275000e+01 2.450000e+01 2.386603e+01
      vertex   2.850000e+01 2.450000e+01 2.386603e+01
    endloop
  endfacet
  facet normal 0.000000e+00 -3.826834e-01 9.238795e-01
    outer loop
      vertex   2.275000e+01 2.474118e+01 2.396593e+01
      vertex   2.850000e+01 2.450000e+01 2.386603e+01
      vertex   2.850000e+01 2.474118e+01 2.396593e+01
    endloop
  endfacet
  facet normal -1.000000e+00 0.000000e+00 0.000000e+00
    outer loop
      vertex   4.100000e+01 1.200000e+01 2.300000e+01
      vertex   4.100000e+01 2.300000e+01 2.300000e+01
      vertex   4.100000e+01 1.200000e+01 2.200000e+01
    endloop
  endfacet
  facet normal -1.000000e+00 0.000000e+00 0.000000e+00
    outer loop
      vertex   4.100000e+01 1.200000e+01 2.200000e+01
      vertex   4.100000e+01 2.300000e+01 2.300000e+01
      vertex   4.100000e+01 2.300000e+01 2.200000e+01
    endloop
  endfacet
  facet normal -9.914449e-01 -1.305262e-01 0.000000e+00
    outer loop
      vertex   4.100000e+01 2.300000e+01 2.200000e+01
      vertex   4.100000e+01 2.300000e+01 2.300000e+01
      vertex   4.096593e+01 2.325882e+01 2.200000e+01
    endloop
  endfacet
  facet normal -9.914449e-01 -1.305262e-01 0.000000e+00
    outer loop
      vertex   4.096593e+01 2.325882e+01 2.200000e+01
      vertex   4.100000e+01 2.300000e+01 2.300000e+01
      vertex   4.096593e+01 2.325882e+01 2.300000e+01
    endloop
  endfacet
  facet normal -9.238795e-01 -3.826834e-01 0.000000e+00
    outer loop
      vertex   4.096593e+01 2.325882e+01 2.200000e+01
      vertex   4.096593e+01 2.325882e+01 2.300000e+01
      vertex   4.086603e+01 2.350000e+01 2.200000e+01
    endloop
  endfacet
  facet normal -9.238795e-01 -3.826834e-01 1.448868e-14
    outer loop
      vertex   4.086603e+01 2.350000e+01 2.200000e+01
      vertex   4.096593e+01 2.325882e+01 2.300000e+01
      vertex   4.086603e+01 2.350000e+01 2.300000e+01
    endloop
  endfacet
  facet normal -7.933533e-01 -6.087614e-01 1.343698e-14
    outer loop
      vertex   4.086603e+01 2.350000e+01 2.200000e+01
      vertex   4.086603e+01 2.350000e+01 2.300000e+01
      vertex   4.070711e+01 2.370711e+01 2.200000e+01
    endloop
  endfacet
  facet normal -7.933533e-01 -6.087614e-01 0.000000e+00
    outer loop
      vertex   4.070711e+01 2.370711e+01 2.200000e+01
      vertex   4.086603e+01 2.350000e+01 2.300000e+01
      vertex   4.070711e+01 2.370711e+01 2.300000e+01
    endloop
  endfacet
  facet normal -6.087614e-01 -7.933533e-01 0.000000e+00
    outer loop
      vertex   4.070711e+01 2.370711e+01 2.200000e+01
      vertex   4.070711e+01 2.370711e+01 2.300000e+01
      vertex   4.050000e+01 2.386603e+01 2.200000e+01
    endloop
  endfacet
  facet normal -6.087614e-01 -7.933533e-01 -8.651020e-15
    outer loop
      vertex   4.050000e+01 2.386603e+01 2.200000e+01
      vertex   4.070711e+01 2.370711e+01 2.300000e+01
      vertex   4.050000e+01 2.386603e+01 2.300000e+01
    endloop
  endfacet
  facet normal -3.826834e-01 -9.238795e-01 -5.438259e-15
    outer loop
      vertex   4.050000e+01 2.386603e+01 2.200000e+01
      vertex   4.050000e+01 2.386603e+01 2.300000e+01
      vertex   4.025882e+01 2.396593e+01 2.200000e+01
    endloop
  endfacet
  facet normal -3.826834e-01 -9.238795e-01 2.719129e-15
    outer loop
      vertex   4.025882e+01 2.396593e+01 2.200000e+01
      vertex   4.050000e+01 2.386603e+01 2.300000e+01
      vertex   4.025882e+01 2.396593e+01 2.300000e+01
    endloop
  endfacet
  facet normal -1.305262e-01 -9.914449e-01 9.274444e-16
    outer loop
      vertex   4.025882e+01 2.396593e+01 2.200000e+01
      vertex   4.025882e+01 2.396593e+01 2.300000e+01
      vertex   4.000000e+01 2.400000e+01 2.200000e+01
    endloop
  endfacet
  facet normal -1.305262e-01 -9.914449e-01 0.000000e+00
    outer loop
      vertex   4.000000e+01 2.400000e+01 2.200000e+01
      vertex   4.025882e+01 2.396593e+01 2.300000e+01
      vertex   4.000000e+01 2.400000e+01 2.300000e+01
    endloop
  endfacet
  facet normal -0.000000e+00 -1.000000e+00 -0.000000e+00
    outer loop
      vertex   4.000000e+01 2.400000e+01 2.300000e+01
      vertex   1.700000e+01 2.400000e+01 2.300000e+01
      vertex   4.000000e+01 2.400000e+01 2.200000e+01
    endloop
  endfacet
  facet normal 0.000000e+00 -1.000000e+00 0.000000e+00
    outer loop
      vertex   4.000000e+01 2.400000e+01 2.200000e+01
      vertex   1.700000e+01 2.400000e+01 2.300000e+01
      vertex   1.700000e+01 2.400000e+01 2.200000e+01
    endloop
  endfacet
  facet normal 1.305262e-01 -9.914449e-01 0.000000e+00
    outer loop
      vertex   1.700000e+01 2.400000e+01 2.200000e+01
      vertex   1.700000e+01 2.400000e+01 2.300000e+01
      vertex   1.674118e+01 2.396593e+01 2.200000e+01
    endloop
  endfacet
  facet normal 1.305262e-01 -9.914449e-01 0.000000e+00
    outer loop
      vertex   1.674118e+01 2.396593e+01 2.200000e+01
      vertex   1.700000e+01 2.400000e+01 2.300000e+01
      vertex   1.674118e+01 2.396593e+01 2.300000e+01
    endloop
  endfacet
  facet normal 3.826834e-01 -9.238795e-01 0.000000e+00
    outer loop
      vertex   1.674118e+01 2.396593e+01 2.200000e+01
      vertex   1.674118e+01 2.396593e+01 2.300000e+01
      vertex   1.650000e+01 2.386603e+01 2.200000e+01
    endloop
  endfacet
  facet normal 3.826834e-01 -9.238795e-01 0.000000e+00
    outer loop
      vertex   1.650000e+01 2.386603e+01 2.200000e+01
      vertex   1.674118e+01 2.396593e+01 2.300000e+01
      vertex   1.650000e+01 2.386603e+01 2.300000e+01
    endloop
  endfacet
  facet normal 6.087614e-01 -7.933533e-01 0.000000e+00
    outer loop
      vertex   1.650000e+01 2.386603e+01 2.200000e+01
      vertex   1.650000e+01 2.386603e+01 2.300000e+01
      vertex   1.629289e+01 2.370711e+01 2.200000e+01
    endloop
  endfacet
  facet normal 6.087614e-01 -7.933533e-01 0.000000e+00
    outer loop
      vertex   1.629289e+01 2.370711e+01 2.200000e+01
      vertex   1.650000e+01 2.386603e+01 2.300000e+01
      vertex   1.629289e+01 2.370711e+01 2.300000e+01
    endloop
  endfacet
  facet normal 7.933533e-01 -6.087614e-01 0.000000e+00
    outer loop
      vertex   1.629289e+01 2.370711e+01 2.200000e+01
      vertex   1.629289e+01 2.370711e+01 2.300000e+01
      vertex   1.613397e+01 2.350000e+01 2.200000e+01
    endloop
  endfacet
  facet normal 7.933533e-01 -6.087614e-01 -2.818557e-15
    outer loop
      vertex   1.613397e+01 2.350000e+01 2.200000e+01
      vertex   1.629289e+01 2.370711e+01 2.300000e+01
      vertex   1.613397e+01 2.350000e+01 2.300000e+01
    endloop
  endfacet
  facet normal 9.238795e-01 -3.826834e-01 -3.282279e-15
    outer loop
      vertex   1.613397e+01 2.350000e+01 2.200000e+01
      vertex   1.613397e+01 2.350000e+01 2.300000e+01
      vertex   1.603407e+01 2.325882e+01 2.200000e+01
    endloop
  endfacet
  facet normal 9.238795e-01 -3.826834e-01 3.282279e-15
    outer loop
      vertex   1.603407e+01 2.325882e+01 2.200000e+01
      vertex   1.613397e+01 2.350000e+01 2.300000e+01
      vertex   1.603407e+01 2.325882e+01 2.300000e+01
    endloop
  endfacet
  facet normal 9.914449e-01 -1.305262e-01 3.522320e-15
    outer loop
      vertex   1.603407e+01 2.325882e+01 2.200000e+01
      vertex   1.603407e+01 2.325882e+01 2.300000e+01
      vertex   1.600000e+01 2.300000e+01 2.200000e+01
    endloop
  endfacet
  facet normal 9.914449e-01 -1.305262e-01 0.000000e+00
    outer loop
      vertex   1.600000e+01 2.300000e+01 2.200000e+01
      vertex   1.603407e+01 2.325882e+01 2.300000e+01
      vertex   1.600000e+01 2.300000e+01 2.300000e+01
    endloop
  endfacet
  facet normal 9.914449e-01 1.305262e-01 -0.000000e+00
    outer loop
      vertex   1.600000e+01 1.200000e+01 2.200000e+01
      vertex   1.600000e+01 1.200000e+01 2.300000e+01
      vertex   1.603407e+01 1.174118e+01 2.200000e+01
    endloop
  endfacet
  facet normal 9.914449e-01 1.305262e-01 -0.000000e+00
    outer loop
      vertex   1.603407e+01 1.174118e+01 2.200000e+01
      vertex   1.600000e+01 1.200000e+01 2.300000e+01
      vertex   1.603407e+01 1.174118e+01 2.300000e+01
    endloop
  endfacet
  facet normal 9.238795e-01 3.826834e-01 -0.000000e+00
    outer loop
      vertex   1.603407e+01 1.174118e+01 2.200000e+01
      vertex   1.603407e+01 1.174118e+01 2.300000e+01
      vertex   1.613397e+01 1.150000e+01 2.200000e+01
    endloop
  endfacet
  facet normal 9.238795e-01 3.826834e-01 -6.797823e-16
    outer loop
      vertex   1.613397e+01 1.150000e+01 2.200000e+01
      vertex   1.603407e+01 1.174118e+01 2.300000e+01
      vertex   1.613397e+01 1.150000e+01 2.300000e+01
    endloop
  endfacet
  facet normal 7.933533e-01 6.087614e-01 -1.081378e-15
    outer loop
      vertex   1.613397e+01 1.150000e+01 2.200000e+01
      vertex   1.613397e+01 1.150000e+01 2.300000e+01
      vertex   1.629289e+01 1.129289e+01 2.200000e+01
    endloop
  endfacet
  facet normal 7.933533e-01 6.087614e-01 -0.000000e+00
    outer loop
      vertex   1.629289e+01 1.129289e+01 2.200000e+01
      vertex   1.613397e+01 1.150000e+01 2.300000e+01
      vertex   1.629289e+01 1.129289e+01 2.300000e+01
    endloop
  endfacet
  facet normal 6.087614e-01 7.933533e-01 -0.000000e+00
    outer loop
      vertex   1.629289e+01 1.129289e+01 2.200000e+01
      vertex   1.629289e+01 1.129289e+01 2.300000e+01
      vertex   1.650000e+01 1.113397e+01 2.200000e+01
    endloop
  endfacet
  facet normal 6.087614e-01 7.933533e-01 1.409279e-15
    outer loop
      vertex   1.650000e+01 1.113397e+01 2.200000e+01
      vertex   1.629289e+01 1.129289e+01 2.300000e+01
      vertex   1.650000e+01 1.113397e+01 2.300000e+01
    endloop
  endfacet
  facet normal 3.826834e-01 9.238795e-01 1.641140e-15
    outer loop
      vertex   1.650000e+01 1.113397e+01 2.200000e+01
      vertex   1.650000e+01 1.113397e+01 2.300000e+01
      vertex   1.674118e+01 1.103407e+01 2.200000e+01
    endloop
  endfacet
  facet normal 3.826834e-01 9.238795e-01 -2.815751e-16
    outer loop
      vertex   1.674118e+01 1.103407e+01 2.200000e+01
      vertex   1.650000e+01 1.113397e+01 2.300000e+01
      vertex   1.674118e+01 1.103407e+01 2.300000e+01
    endloop
  endfacet
  facet normal 1.305262e-01 9.914449e-01 -1.297438e-15
    outer loop
      vertex   1.674118e+01 1.103407e+01 2.200000e+01
      vertex   1.674118e+01 1.103407e+01 2.300000e+01
      vertex   1.700000e+01 1.100000e+01 2.200000e+01
    endloop
  endfacet
  facet normal 1.305262e-01 9.914449e-01 -0.000000e+00
    outer loop
      vertex   1.700000e+01 1.100000e+01 2.200000e+01
      vertex   1.674118e+01 1.103407e+01 2.300000e+01
      vertex   1.700000e+01 1.100000e+01 2.300000e+01
    endloop
  endfacet
  facet normal -0.000000e+00 1.000000e+00 0.000000e+00
    outer loop
      vertex   1.700000e+01 1.100000e+01 2.300000e+01
      vertex   4.000000e+01 1.100000e+01 2.300000e+01
      vertex   1.700000e+01 1.100000e+01 2.200000e+01
    endloop
  endfacet
  facet normal 0.000000e+00 1.000000e+00 0.000000e+00
    outer loop
      vertex   1.700000e+01 1.100000e+01 2.200000e+01
      vertex   4.000000e+01 1.100000e+01 2.300000e+01
      vertex   4.000000e+01 1.100000e+01 2.200000e+01
    endloop
  endfacet
  facet normal -1.305262e-01 9.914449e-01 0.000000e+00
    outer loop
      vertex   4.000000e+01 1.100000e+01 2.200000e+01
      vertex   4.000000e+01 1.100000e+01 2.300000e+01
      vertex   4.025882e+01 1.103407e+01 2.200000e+01
    endloop
  endfacet
  facet normal -1.305262e-01 9.914449e-01 0.000000e+00
    outer loop
      vertex   4.025882e+01 1.103407e+01 2.200000e+01
      vertex   4.000000e+01 1.100000e+01 2.300000e+01
      vertex   4.025882e+01 1.103407e+01 2.300000e+01
    endloop
  endfacet
  facet normal -3.826834e-01 9.238795e-01 0.000000e+00
    outer loop
      vertex   4.025882e+01 1.103407e+01 2.200000e+01
      vertex   4.025882e+01 1.103407e+01 2.300000e+01
      vertex   4.050000e+01 1.113397e+01 2.200000e+01
    endloop
  endfacet
  facet normal -3.826834e-01 9.238795e-01 1.641140e-15
    outer loop
      vertex   4.050000e+01 1.113397e+01 2.200000e+01
      vertex   4.025882e+01 1.103407e+01 2.300000e+01
      vertex   4.050000e+01 1.113397e+01 2.300000e+01
    endloop
  endfacet
  facet normal -6.087614e-01 7.933533e-01 1.409279e-15
    outer loop
      vertex   4.050000e+01 1.113397e+01 2.200000e+01
      vertex   4.050000e+01 1.113397e+01 2.300000e+01
      vertex   4.070711e+01 1.129289e+01 2.200000e+01
    endloop
  endfacet
  facet normal -6.087614e-01 7.933533e-01 1.409279e-15
    outer loop
      vertex   4.070711e+01 1.129289e+01 2.200000e+01
      vertex   4.050000e+01 1.113397e+01 2.300000e+01
      vertex   4.070711e+01 1.129289e+01 2.300000e+01
    endloop
  endfacet
  facet normal -7.933533e-01 6.087614e-01 1.081378e-15
    outer loop
      vertex   4.070711e+01 1.129289e+01 2.200000e+01
      vertex   4.070711e+01 1.129289e+01 2.300000e+01
      vertex   4.086603e+01 1.150000e+01 2.200000e+01
    endloop
  endfacet
  facet normal -7.933533e-01 6.087614e-01 0.000000e+00
    outer loop
      vertex   4.086603e+01 1.150000e+01 2.200000e+01
      vertex   4.070711e+01 1.129289e+01 2.300000e+01
      vertex   4.086603e+01 1.150000e+01 2.300000e+01
    endloop
  endfacet
  facet normal -9.238795e-01 3.826834e-01 0.000000e+00
    outer loop
      vertex   4.086603e+01 1.150000e+01 2.200000e+01
      vertex   4.086603e+01 1.150000e+01 2.300000e+01
      vertex   4.096593e+01 1.174118e+01 2.200000e+01
    endloop
  endfacet
  facet normal -9.238795e-01 3.826834e-01 6.564559e-15
    outer loop
      vertex   4.096593e+01 1.174118e+01 2.200000e+01
      vertex   4.086603e+01 1.150000e+01 2.300000e+01
      vertex   4.096593e+01 1.174118e+01 2.300000e+01
    endloop
  endfacet
  facet normal -9.914449e-01 1.305262e-01 7.044639e-15
    outer loop
      vertex   4.096593e+01 1.174118e+01 2.200000e+01
      vertex   4.096593e+01 1.174118e+01 2.300000e+01
      vertex   4.100000e+01 1.200000e+01 2.200000e+01
    endloop
  endfacet
  facet normal -9.914449e-01 1.305262e-01 0.000000e+00
    outer loop
      vertex   4.100000e+01 1.200000e+01 2.200000e+01
      vertex   4.096593e+01 1.174118e+01 2.300000e+01
      vertex   4.100000e+01 1.200000e+01 2.300000e+01
    endloop
  endfacet
  facet normal 1.000000e+00 0.000000e+00 0.000000e+00
    outer loop
      vertex   1.600000e+01 2.300000e+01 2.300000e+01
      vertex   1.600000e+01 1.200000e+01 2.300000e+01
      vertex   1.600000e+01 2.300000e+01 2.200000e+01
    endloop
  endfacet
  facet normal 1.000000e+00 0.000000e+00 0.000000e+00
    outer loop
      vertex   1.600000e+01 2.300000e+01 2.200000e+01
      vertex   1.600000e+01 1.200000e+01 2.300000e+01
      vertex   1.600000e+01 1.200000e+01 2.200000e+01
    endloop
  endfacet
  facet normal -1.588610e-01 9.788545e-01 -1.288686e-01
    outer loop
      vertex   -1.000000e+00 9.534074e+00 2.125882e+01
      vertex   -1.000000e+00 9.500000e+00 2.100000e+01
      vertex   -1.258819e+00 9.481636e+00 2.117957e+01
    endloop
  endfacet
  facet normal -1.300379e-01 9.877360e-01 -8.641571e-02
    outer loop
      vertex   -1.258819e+00 9.481636e+00 2.117957e+01
      vertex   -1.000000e+00 9.500000e+00 2.100000e+01
      vertex   -1.258819e+00 9.465926e+00 2.100000e+01
    endloop
  endfacet
  facet normal -3.814394e-01 9.208762e-01 -8.056623e-02
    outer loop
      vertex   -1.258819e+00 9.481636e+00 2.117957e+01
      vertex   -1.258819e+00 9.465926e+00 2.100000e+01
      vertex   -1.500000e+00 9.366025e+00 2.100000e+01
    endloop
  endfacet
  facet normal -3.814394e-01 9.208762e-01 -8.056623e-02
    outer loop
      vertex   -1.258819e+00 9.481636e+00 2.117957e+01
      vertex   -1.500000e+00 9.366025e+00 2.100000e+01
      vertex   -1.500000e+00 9.383253e+00 2.119691e+01
    endloop
  endfacet
  facet normal -6.073003e-01 7.914492e-01 -6.924283e-02
    outer loop
      vertex   -1.500000e+00 9.383253e+00 2.119691e+01
      vertex   -1.500000e+00 9.366025e+00 2.100000e+01
      vertex   -1.707107e+00 9.207107e+00 2.100000e+01
    endloop
  endfacet
  facet normal -6.073003e-01 7.914492e-01 -6.924283e-02
    outer loop
      vertex   -1.500000e+00 9.383253e+00 2.119691e+01
      vertex   -1.707107e+00 9.207107e+00 2.100000e+01
      vertex   -1.707107e+00 9.226749e+00 2.122451e+01
    endloop
  endfacet
  facet normal -7.922305e-01 6.078999e-01 -5.318435e-02
    outer loop
      vertex   -1.707107e+00 9.226749e+00 2.122451e+01
      vertex   -1.707107e+00 9.207107e+00 2.100000e+01
      vertex   -1.866025e+00 9.000000e+00 2.100000e+01
    endloop
  endfacet
  facet normal -7.922305e-01 6.078999e-01 -5.318435e-02
    outer loop
      vertex   -1.707107e+00 9.226749e+00 2.122451e+01
      vertex   -1.866025e+00 9.000000e+00 2.100000e+01
      vertex   -1.866025e+00 9.022788e+00 2.126047e+01
    endloop
  endfacet
  facet normal -9.233622e-01 3.824691e-01 -3.346171e-02
    outer loop
      vertex   -1.866025e+00 9.022788e+00 2.126047e+01
      vertex   -1.866025e+00 9.000000e+00 2.100000e+01
      vertex   -1.965926e+00 8.758819e+00 2.100000e+01
    endloop
  endfacet
  facet normal -9.233622e-01 3.824691e-01 -3.346171e-02
    outer loop
      vertex   -1.866025e+00 9.022788e+00 2.126047e+01
      vertex   -1.965926e+00 8.758819e+00 2.100000e+01
      vertex   -1.965926e+00 8.785271e+00 2.130235e+01
    endloop
  endfacet
  facet normal -9.913802e-01 1.305177e-01 -1.141882e-02
    outer loop
      vertex   -1.965926e+00 8.785271e+00 2.130235e+01
      vertex   -1.965926e+00 8.758819e+00 2.100000e+01
      vertex   -2.000000e+00 8.500000e+00 2.100000e+01
    endloop
  endfacet
  facet normal -9.908119e-01 1.343969e-01 -1.514289e-02
    outer loop
      vertex   -1.965926e+00 8.785271e+00 2.130235e+01
      vertex   -2.000000e+00 8.500000e+00 2.100000e+01
      vertex   -2.000000e+00 8.550144e+00 2.144504e+01
    endloop
  endfacet
  facet normal -9.917761e-01 1.236240e-01 -3.312496e-02
    outer loop
      vertex   -1.965926e+00 8.785271e+00 2.130235e+01
      vertex   -2.000000e+00 8.550144e+00 2.144504e+01
      vertex   -1.965926e+00 8.863825e+00 2.159552e+01
    endloop
  endfacet
  facet normal -9.905716e-01 1.293083e-01 -4.524691e-02
    outer loop
      vertex   -1.965926e+00 8.863825e+00 2.159552e+01
      vertex   -2.000000e+00 8.550144e+00 2.144504e+01
      vertex   -2.000000e+00 8.698062e+00 2.186777e+01
    endloop
  endfacet
  facet normal -9.918521e-01 1.154591e-01 -5.383946e-02
    outer loop
      vertex   -1.965926e+00 8.863825e+00 2.159552e+01
      vertex   -2.000000e+00 8.698062e+00 2.186777e+01
      vertex   -1.965926e+00 8.992093e+00 2.187059e+01
    endloop
  endfacet
  facet normal -9.906527e-01 1.155000e-01 -7.257344e-02
    outer loop
      vertex   -1.965926e+00 8.992093e+00 2.187059e+01
      vertex   -2.000000e+00 8.698062e+00 2.186777e+01
      vertex   -2.000000e+00 8.936337e+00 2.224698e+01
    endloop
  endfacet
  facet normal -9.916210e-01 1.058189e-01 -7.409519e-02
    outer loop
      vertex   -1.965926e+00 8.992093e+00 2.187059e+01
      vertex   -2.000000e+00 8.936337e+00 2.224698e+01
      vertex   -1.965926e+00 9.166178e+00 2.211921e+01
    endloop
  endfacet
  facet normal -9.910430e-01 9.442933e-02 -9.442933e-02
    outer loop
      vertex   -1.965926e+00 9.166178e+00 2.211921e+01
      vertex   -2.000000e+00 8.936337e+00 2.224698e+01
      vertex   -2.000000e+00 9.253020e+00 2.256366e+01
    endloop
  endfacet
  facet normal -9.910430e-01 9.442933e-02 -9.442933e-02
    outer loop
      vertex   -1.965926e+00 9.166178e+00 2.211921e+01
      vertex   -2.000000e+00 9.253020e+00 2.256366e+01
      vertex   -1.965926e+00 9.380790e+00 2.233382e+01
    endloop
  endfacet
  facet normal -9.916210e-01 7.409519e-02 -1.058189e-01
    outer loop
      vertex   -1.965926e+00 9.380790e+00 2.233382e+01
      vertex   -2.000000e+00 9.253020e+00 2.256366e+01
      vertex   -1.965926e+00 9.629409e+00 2.250791e+01
    endloop
  endfacet
  facet normal -9.233622e-01 2.202133e-01 -3.144971e-01
    outer loop
      vertex   -1.965926e+00 9.380790e+00 2.233382e+01
      vertex   -1.965926e+00 9.629409e+00 2.250791e+01
      vertex   -1.866025e+00 9.750000e+00 2.229904e+01
    endloop
  endfacet
  facet normal -9.233622e-01 1.622559e-01 -3.479588e-01
    outer loop
      vertex   -1.866025e+00 9.750000e+00 2.229904e+01
      vertex   -1.965926e+00 9.629409e+00 2.250791e+01
      vertex   -1.866025e+00 9.986970e+00 2.240954e+01
    endloop
  endfacet
  facet normal -7.922305e-01 2.578909e-01 -5.530489e-01
    outer loop
      vertex   -1.866025e+00 9.750000e+00 2.229904e+01
      vertex   -1.866025e+00 9.986970e+00 2.240954e+01
      vertex   -1.707107e+00 1.005780e+01 2.221492e+01
    endloop
  endfacet
  facet normal -7.922305e-01 1.579371e-01 -5.894291e-01
    outer loop
      vertex   -1.707107e+00 1.005780e+01 2.221492e+01
      vertex   -1.866025e+00 9.986970e+00 2.240954e+01
      vertex   -1.707107e+00 1.027549e+01 2.227325e+01
    endloop
  endfacet
  facet normal -6.073003e-01 2.056246e-01 -7.674014e-01
    outer loop
      vertex   -1.707107e+00 1.005780e+01 2.221492e+01
      vertex   -1.707107e+00 1.027549e+01 2.227325e+01
      vertex   -1.500000e+00 1.030309e+01 2.211675e+01
    endloop
  endfacet
  facet normal -6.073003e-01 6.924283e-02 -7.914492e-01
    outer loop
      vertex   -1.500000e+00 1.030309e+01 2.211675e+01
      vertex   -1.707107e+00 1.027549e+01 2.227325e+01
      vertex   -1.500000e+00 1.050000e+01 2.213397e+01
    endloop
  endfacet
  facet normal -3.814394e-01 8.056623e-02 -9.208762e-01
    outer loop
      vertex   -1.500000e+00 1.030309e+01 2.211675e+01
      vertex   -1.500000e+00 1.050000e+01 2.213397e+01
      vertex   -1.258819e+00 1.050000e+01 2.203407e+01
    endloop
  endfacet
  facet normal -9.906527e-01 7.257344e-02 -1.155000e-01
    outer loop
      vertex   -2.000000e+00 9.253020e+00 2.256366e+01
      vertex   -2.000000e+00 9.632232e+00 2.280194e+01
      vertex   -1.965926e+00 9.629409e+00 2.250791e+01
    endloop
  endfacet
  facet normal -9.918521e-01 5.383946e-02 -1.154591e-01
    outer loop
      vertex   -1.965926e+00 9.629409e+00 2.250791e+01
      vertex   -2.000000e+00 9.632232e+00 2.280194e+01
      vertex   -1.965926e+00 9.904481e+00 2.263617e+01
    endloop
  endfacet
  facet normal -9.233622e-01 1.622559e-01 -3.479588e-01
    outer loop
      vertex   -1.965926e+00 9.629409e+00 2.250791e+01
      vertex   -1.965926e+00 9.904481e+00 2.263617e+01
      vertex   -1.866025e+00 9.986970e+00 2.240954e+01
    endloop
  endfacet
  facet normal -9.233622e-01 9.936842e-02 -3.708480e-01
    outer loop
      vertex   -1.866025e+00 9.986970e+00 2.240954e+01
      vertex   -1.965926e+00 9.904481e+00 2.263617e+01
      vertex   -1.866025e+00 1.023953e+01 2.247721e+01
    endloop
  endfacet
  facet normal -7.922305e-01 1.579371e-01 -5.894291e-01
    outer loop
      vertex   -1.866025e+00 9.986970e+00 2.240954e+01
      vertex   -1.866025e+00 1.023953e+01 2.247721e+01
      vertex   -1.707107e+00 1.027549e+01 2.227325e+01
    endloop
  endfacet
  facet normal -7.922305e-01 5.318435e-02 -6.078999e-01
    outer loop
      vertex   -1.707107e+00 1.027549e+01 2.227325e+01
      vertex   -1.866025e+00 1.023953e+01 2.247721e+01
      vertex   -1.707107e+00 1.050000e+01 2.229289e+01
    endloop
  endfacet
  facet normal -6.073003e-01 6.924283e-02 -7.914492e-01
    outer loop
      vertex   -1.707107e+00 1.027549e+01 2.227325e+01
      vertex   -1.707107e+00 1.050000e+01 2.229289e+01
      vertex   -1.500000e+00 1.050000e+01 2.213397e+01
    endloop
  endfacet
  facet normal -9.905716e-01 4.524691e-02 -1.293083e-01
    outer loop
      vertex   -2.000000e+00 9.632232e+00 2.280194e+01
      vertex   -2.000000e+00 1.005496e+01 2.294986e+01
      vertex   -1.965926e+00 9.904481e+00 2.263617e+01
    endloop
  endfacet
  facet normal -9.917761e-01 3.312496e-02 -1.236240e-01
    outer loop
      vertex   -1.965926e+00 9.904481e+00 2.263617e+01
      vertex   -2.000000e+00 1.005496e+01 2.294986e+01
      vertex   -1.965926e+00 1.019765e+01 2.271473e+01
    endloop
  endfacet
  facet normal -9.233622e-01 9.936842e-02 -3.708480e-01
    outer loop
      vertex   -1.965926e+00 9.904481e+00 2.263617e+01
      vertex   -1.965926e+00 1.019765e+01 2.271473e+01
      vertex   -1.866025e+00 1.023953e+01 2.247721e+01
    endloop
  endfacet
  facet normal -9.233622e-01 3.346171e-02 -3.824691e-01
    outer loop
      vertex   -1.866025e+00 1.023953e+01 2.247721e+01
      vertex   -1.965926e+00 1.019765e+01 2.271473e+01
      vertex   -1.866025e+00 1.050000e+01 2.250000e+01
    endloop
  endfacet
  facet normal -7.922305e-01 5.318435e-02 -6.078999e-01
    outer loop
      vertex   -1.866025e+00 1.023953e+01 2.247721e+01
      vertex   -1.866025e+00 1.050000e+01 2.250000e+01
      vertex   -1.707107e+00 1.050000e+01 2.229289e+01
    endloop
  endfacet
  facet normal -9.908119e-01 1.514289e-02 -1.343969e-01
    outer loop
      vertex   -2.000000e+00 1.005496e+01 2.294986e+01
      vertex   -2.000000e+00 1.050000e+01 2.300000e+01
      vertex   -1.965926e+00 1.019765e+01 2.271473e+01
    endloop
  endfacet
  facet normal -9.913802e-01 1.141882e-02 -1.305177e-01
    outer loop
      vertex   -1.965926e+00 1.019765e+01 2.271473e+01
      vertex   -2.000000e+00 1.050000e+01 2.300000e+01
      vertex   -1.965926e+00 1.050000e+01 2.274118e+01
    endloop
  endfacet
  facet normal -9.233622e-01 3.346171e-02 -3.824691e-01
    outer loop
      vertex   -1.965926e+00 1.019765e+01 2.271473e+01
      vertex   -1.965926e+00 1.050000e+01 2.274118e+01
      vertex   -1.866025e+00 1.050000e+01 2.250000e+01
    endloop
  endfacet
  facet normal -3.814394e-01 8.056623e-02 -9.208762e-01
    outer loop
      vertex   -1.500000e+00 1.030309e+01 2.211675e+01
      vertex   -1.258819e+00 1.050000e+01 2.203407e+01
      vertex   -1.258819e+00 1.032043e+01 2.201836e+01
    endloop
  endfacet
  facet normal -1.300379e-01 8.641571e-02 -9.877360e-01
    outer loop
      vertex   -1.258819e+00 1.032043e+01 2.201836e+01
      vertex   -1.258819e+00 1.050000e+01 2.203407e+01
      vertex   -1.000000e+00 1.050000e+01 2.200000e+01
    endloop
  endfacet
  facet normal -1.588610e-01 1.288686e-01 -9.788545e-01
    outer loop
      vertex   -1.258819e+00 1.032043e+01 2.201836e+01
      vertex   -1.000000e+00 1.050000e+01 2.200000e+01
      vertex   -1.000000e+00 1.024118e+01 2.196593e+01
    endloop
  endfacet
  facet normal -1.156674e-01 2.570819e-01 -9.594425e-01
    outer loop
      vertex   -1.258819e+00 1.032043e+01 2.201836e+01
      vertex   -1.000000e+00 1.024118e+01 2.196593e+01
      vertex   -1.258819e+00 1.014633e+01 2.197171e+01
    endloop
  endfacet
  facet normal -1.588610e-01 3.778237e-01 -9.121471e-01
    outer loop
      vertex   -1.258819e+00 1.014633e+01 2.197171e+01
      vertex   -1.000000e+00 1.024118e+01 2.196593e+01
      vertex   -1.000000e+00 1.000000e+01 2.186603e+01
    endloop
  endfacet
  facet normal -1.300379e-01 4.190298e-01 -8.986123e-01
    outer loop
      vertex   -1.258819e+00 1.014633e+01 2.197171e+01
      vertex   -1.000000e+00 1.000000e+01 2.186603e+01
      vertex   -1.258819e+00 9.982963e+00 2.189553e+01
    endloop
  endfacet
  facet normal -1.300379e-01 5.687062e-01 -8.121966e-01
    outer loop
      vertex   -1.258819e+00 9.982963e+00 2.189553e+01
      vertex   -1.000000e+00 1.000000e+01 2.186603e+01
      vertex   -1.258819e+00 9.835310e+00 2.179215e+01
    endloop
  endfacet
  facet normal -3.814394e-01 5.302105e-01 -7.572191e-01
    outer loop
      vertex   -1.258819e+00 9.982963e+00 2.189553e+01
      vertex   -1.258819e+00 9.835310e+00 2.179215e+01
      vertex   -1.500000e+00 9.771095e+00 2.186867e+01
    endloop
  endfacet
  facet normal -3.814394e-01 6.536451e-01 -6.536451e-01
    outer loop
      vertex   -1.500000e+00 9.771095e+00 2.186867e+01
      vertex   -1.258819e+00 9.835310e+00 2.179215e+01
      vertex   -1.500000e+00 9.631325e+00 2.172890e+01
    endloop
  endfacet
  facet normal -6.073003e-01 5.617768e-01 -5.617768e-01
    outer loop
      vertex   -1.500000e+00 9.771095e+00 2.186867e+01
      vertex   -1.500000e+00 9.631325e+00 2.172890e+01
      vertex   -1.707107e+00 9.509586e+00 2.183106e+01
    endloop
  endfacet
  facet normal -6.073003e-01 6.507937e-01 -4.556906e-01
    outer loop
      vertex   -1.707107e+00 9.509586e+00 2.183106e+01
      vertex   -1.500000e+00 9.631325e+00 2.172890e+01
      vertex   -1.707107e+00 9.380322e+00 2.164645e+01
    endloop
  endfacet
  facet normal -7.922305e-01 4.998645e-01 -3.500089e-01
    outer loop
      vertex   -1.707107e+00 9.509586e+00 2.183106e+01
      vertex   -1.707107e+00 9.380322e+00 2.164645e+01
      vertex   -1.866025e+00 9.200962e+00 2.175000e+01
    endloop
  endfacet
  facet normal -7.922305e-01 5.530489e-01 -2.578909e-01
    outer loop
      vertex   -1.866025e+00 9.200962e+00 2.175000e+01
      vertex   -1.707107e+00 9.380322e+00 2.164645e+01
      vertex   -1.866025e+00 9.090461e+00 2.151303e+01
    endloop
  endfacet
  facet normal -9.233622e-01 3.479588e-01 -1.622559e-01
    outer loop
      vertex   -1.866025e+00 9.200962e+00 2.175000e+01
      vertex   -1.866025e+00 9.090461e+00 2.151303e+01
      vertex   -1.965926e+00 8.863825e+00 2.159552e+01
    endloop
  endfacet
  facet normal -9.233622e-01 3.708480e-01 -9.936842e-02
    outer loop
      vertex   -1.965926e+00 8.863825e+00 2.159552e+01
      vertex   -1.866025e+00 9.090461e+00 2.151303e+01
      vertex   -1.965926e+00 8.785271e+00 2.130235e+01
    endloop
  endfacet
  facet normal -1.588610e-01 6.010307e-01 -7.832785e-01
    outer loop
      vertex   -1.000000e+00 1.000000e+01 2.186603e+01
      vertex   -1.000000e+00 9.792893e+00 2.170711e+01
      vertex   -1.258819e+00 9.835310e+00 2.179215e+01
    endloop
  endfacet
  facet normal -1.156674e-01 7.023607e-01 -7.023607e-01
    outer loop
      vertex   -1.258819e+00 9.835310e+00 2.179215e+01
      vertex   -1.000000e+00 9.792893e+00 2.170711e+01
      vertex   -1.258819e+00 9.707853e+00 2.166469e+01
    endloop
  endfacet
  facet normal -3.814394e-01 6.536451e-01 -6.536451e-01
    outer loop
      vertex   -1.258819e+00 9.835310e+00 2.179215e+01
      vertex   -1.258819e+00 9.707853e+00 2.166469e+01
      vertex   -1.500000e+00 9.631325e+00 2.172890e+01
    endloop
  endfacet
  facet normal -3.814394e-01 7.572191e-01 -5.302105e-01
    outer loop
      vertex   -1.500000e+00 9.631325e+00 2.172890e+01
      vertex   -1.258819e+00 9.707853e+00 2.166469e+01
      vertex   -1.500000e+00 9.517949e+00 2.156699e+01
    endloop
  endfacet
  facet normal -6.073003e-01 6.507937e-01 -4.556906e-01
    outer loop
      vertex   -1.500000e+00 9.631325e+00 2.172890e+01
      vertex   -1.500000e+00 9.517949e+00 2.156699e+01
      vertex   -1.707107e+00 9.380322e+00 2.164645e+01
    endloop
  endfacet
  facet normal -6.073003e-01 7.200365e-01 -3.357585e-01
    outer loop
      vertex   -1.707107e+00 9.380322e+00 2.164645e+01
      vertex   -1.500000e+00 9.517949e+00 2.156699e+01
      vertex   -1.707107e+00 9.285078e+00 2.144220e+01
    endloop
  endfacet
  facet normal -7.922305e-01 5.530489e-01 -2.578909e-01
    outer loop
      vertex   -1.707107e+00 9.380322e+00 2.164645e+01
      vertex   -1.707107e+00 9.285078e+00 2.144220e+01
      vertex   -1.866025e+00 9.090461e+00 2.151303e+01
    endloop
  endfacet
  facet normal -7.922305e-01 5.894291e-01 -1.579371e-01
    outer loop
      vertex   -1.866025e+00 9.090461e+00 2.151303e+01
      vertex   -1.707107e+00 9.285078e+00 2.144220e+01
      vertex   -1.866025e+00 9.022788e+00 2.126047e+01
    endloop
  endfacet
  facet normal -9.233622e-01 3.708480e-01 -9.936842e-02
    outer loop
      vertex   -1.866025e+00 9.090461e+00 2.151303e+01
      vertex   -1.866025e+00 9.022788e+00 2.126047e+01
      vertex   -1.965926e+00 8.785271e+00 2.130235e+01
    endloop
  endfacet
  facet normal -1.588610e-01 7.832785e-01 -6.010307e-01
    outer loop
      vertex   -1.000000e+00 9.792893e+00 2.170711e+01
      vertex   -1.000000e+00 9.633975e+00 2.150000e+01
      vertex   -1.258819e+00 9.707853e+00 2.166469e+01
    endloop
  endfacet
  facet normal -1.300379e-01 8.121966e-01 -5.687062e-01
    outer loop
      vertex   -1.258819e+00 9.707853e+00 2.166469e+01
      vertex   -1.000000e+00 9.633975e+00 2.150000e+01
      vertex   -1.258819e+00 9.604465e+00 2.151704e+01
    endloop
  endfacet
  facet normal -3.814394e-01 7.572191e-01 -5.302105e-01
    outer loop
      vertex   -1.258819e+00 9.707853e+00 2.166469e+01
      vertex   -1.258819e+00 9.604465e+00 2.151704e+01
      vertex   -1.500000e+00 9.517949e+00 2.156699e+01
    endloop
  endfacet
  facet normal -3.814394e-01 8.377853e-01 -3.906657e-01
    outer loop
      vertex   -1.500000e+00 9.517949e+00 2.156699e+01
      vertex   -1.258819e+00 9.604465e+00 2.151704e+01
      vertex   -1.500000e+00 9.434412e+00 2.138784e+01
    endloop
  endfacet
  facet normal -6.073003e-01 7.200365e-01 -3.357585e-01
    outer loop
      vertex   -1.500000e+00 9.517949e+00 2.156699e+01
      vertex   -1.500000e+00 9.434412e+00 2.138784e+01
      vertex   -1.707107e+00 9.285078e+00 2.144220e+01
    endloop
  endfacet
  facet normal -6.073003e-01 7.674014e-01 -2.056246e-01
    outer loop
      vertex   -1.707107e+00 9.285078e+00 2.144220e+01
      vertex   -1.500000e+00 9.434412e+00 2.138784e+01
      vertex   -1.707107e+00 9.226749e+00 2.122451e+01
    endloop
  endfacet
  facet normal -7.922305e-01 5.894291e-01 -1.579371e-01
    outer loop
      vertex   -1.707107e+00 9.285078e+00 2.144220e+01
      vertex   -1.707107e+00 9.226749e+00 2.122451e+01
      vertex   -1.866025e+00 9.022788e+00 2.126047e+01
    endloop
  endfacet
  facet normal -1.300379e-01 8.986123e-01 -4.190298e-01
    outer loop
      vertex   -1.258819e+00 9.604465e+00 2.151704e+01
      vertex   -1.000000e+00 9.633975e+00 2.150000e+01
      vertex   -1.258819e+00 9.528288e+00 2.135367e+01
    endloop
  endfacet
  facet normal -1.588610e-01 9.121471e-01 -3.778237e-01
    outer loop
      vertex   -1.258819e+00 9.528288e+00 2.135367e+01
      vertex   -1.000000e+00 9.633975e+00 2.150000e+01
      vertex   -1.000000e+00 9.534074e+00 2.125882e+01
    endloop
  endfacet
  facet normal -1.156674e-01 9.594425e-01 -2.570819e-01
    outer loop
      vertex   -1.258819e+00 9.528288e+00 2.135367e+01
      vertex   -1.000000e+00 9.534074e+00 2.125882e+01
      vertex   -1.258819e+00 9.481636e+00 2.117957e+01
    endloop
  endfacet
  facet normal -3.814394e-01 8.928959e-01 -2.392507e-01
    outer loop
      vertex   -1.258819e+00 9.528288e+00 2.135367e+01
      vertex   -1.258819e+00 9.481636e+00 2.117957e+01
      vertex   -1.500000e+00 9.383253e+00 2.119691e+01
    endloop
  endfacet
  facet normal -3.814394e-01 8.928959e-01 -2.392507e-01
    outer loop
      vertex   -1.258819e+00 9.528288e+00 2.135367e+01
      vertex   -1.500000e+00 9.383253e+00 2.119691e+01
      vertex   -1.500000e+00 9.434412e+00 2.138784e+01
    endloop
  endfacet
  facet normal -6.073003e-01 7.674014e-01 -2.056246e-01
    outer loop
      vertex   -1.500000e+00 9.434412e+00 2.138784e+01
      vertex   -1.500000e+00 9.383253e+00 2.119691e+01
      vertex   -1.707107e+00 9.226749e+00 2.122451e+01
    endloop
  endfacet
  facet normal -3.814394e-01 8.377853e-01 -3.906657e-01
    outer loop
      vertex   -1.258819e+00 9.604465e+00 2.151704e+01
      vertex   -1.258819e+00 9.528288e+00 2.135367e+01
      vertex   -1.500000e+00 9.434412e+00 2.138784e+01
    endloop
  endfacet
  facet normal -9.233622e-01 3.479588e-01 -1.622559e-01
    outer loop
      vertex   -1.965926e+00 8.863825e+00 2.159552e+01
      vertex   -1.965926e+00 8.992093e+00 2.187059e+01
      vertex   -1.866025e+00 9.200962e+00 2.175000e+01
    endloop
  endfacet
  facet normal -9.233622e-01 3.144971e-01 -2.202133e-01
    outer loop
      vertex   -1.866025e+00 9.200962e+00 2.175000e+01
      vertex   -1.965926e+00 8.992093e+00 2.187059e+01
      vertex   -1.866025e+00 9.350933e+00 2.196418e+01
    endloop
  endfacet
  facet normal -7.922305e-01 4.998645e-01 -3.500089e-01
    outer loop
      vertex   -1.866025e+00 9.200962e+00 2.175000e+01
      vertex   -1.866025e+00 9.350933e+00 2.196418e+01
      vertex   -1.707107e+00 9.509586e+00 2.183106e+01
    endloop
  endfacet
  facet normal -7.922305e-01 4.314921e-01 -4.314921e-01
    outer loop
      vertex   -1.707107e+00 9.509586e+00 2.183106e+01
      vertex   -1.866025e+00 9.350933e+00 2.196418e+01
      vertex   -1.707107e+00 9.668944e+00 2.199041e+01
    endloop
  endfacet
  facet normal -6.073003e-01 5.617768e-01 -5.617768e-01
    outer loop
      vertex   -1.707107e+00 9.509586e+00 2.183106e+01
      vertex   -1.707107e+00 9.668944e+00 2.199041e+01
      vertex   -1.500000e+00 9.771095e+00 2.186867e+01
    endloop
  endfacet
  facet normal -6.073003e-01 4.556906e-01 -6.507937e-01
    outer loop
      vertex   -1.500000e+00 9.771095e+00 2.186867e+01
      vertex   -1.707107e+00 9.668944e+00 2.199041e+01
      vertex   -1.500000e+00 9.933013e+00 2.198205e+01
    endloop
  endfacet
  facet normal -3.814394e-01 5.302105e-01 -7.572191e-01
    outer loop
      vertex   -1.500000e+00 9.771095e+00 2.186867e+01
      vertex   -1.500000e+00 9.933013e+00 2.198205e+01
      vertex   -1.258819e+00 9.982963e+00 2.189553e+01
    endloop
  endfacet
  facet normal -3.814394e-01 3.906657e-01 -8.377853e-01
    outer loop
      vertex   -1.258819e+00 9.982963e+00 2.189553e+01
      vertex   -1.500000e+00 9.933013e+00 2.198205e+01
      vertex   -1.258819e+00 1.014633e+01 2.197171e+01
    endloop
  endfacet
  facet normal -9.233622e-01 3.144971e-01 -2.202133e-01
    outer loop
      vertex   -1.965926e+00 8.992093e+00 2.187059e+01
      vertex   -1.965926e+00 9.166178e+00 2.211921e+01
      vertex   -1.866025e+00 9.350933e+00 2.196418e+01
    endloop
  endfacet
  facet normal -9.233622e-01 2.714796e-01 -2.714796e-01
    outer loop
      vertex   -1.866025e+00 9.350933e+00 2.196418e+01
      vertex   -1.965926e+00 9.166178e+00 2.211921e+01
      vertex   -1.866025e+00 9.535819e+00 2.214907e+01
    endloop
  endfacet
  facet normal -7.922305e-01 4.314921e-01 -4.314921e-01
    outer loop
      vertex   -1.866025e+00 9.350933e+00 2.196418e+01
      vertex   -1.866025e+00 9.535819e+00 2.214907e+01
      vertex   -1.707107e+00 9.668944e+00 2.199041e+01
    endloop
  endfacet
  facet normal -7.922305e-01 3.500089e-01 -4.998645e-01
    outer loop
      vertex   -1.707107e+00 9.668944e+00 2.199041e+01
      vertex   -1.866025e+00 9.535819e+00 2.214907e+01
      vertex   -1.707107e+00 9.853553e+00 2.211968e+01
    endloop
  endfacet
  facet normal -6.073003e-01 4.556906e-01 -6.507937e-01
    outer loop
      vertex   -1.707107e+00 9.668944e+00 2.199041e+01
      vertex   -1.707107e+00 9.853553e+00 2.211968e+01
      vertex   -1.500000e+00 9.933013e+00 2.198205e+01
    endloop
  endfacet
  facet normal -6.073003e-01 3.357585e-01 -7.200365e-01
    outer loop
      vertex   -1.500000e+00 9.933013e+00 2.198205e+01
      vertex   -1.707107e+00 9.853553e+00 2.211968e+01
      vertex   -1.500000e+00 1.011216e+01 2.206559e+01
    endloop
  endfacet
  facet normal -3.814394e-01 3.906657e-01 -8.377853e-01
    outer loop
      vertex   -1.500000e+00 9.933013e+00 2.198205e+01
      vertex   -1.500000e+00 1.011216e+01 2.206559e+01
      vertex   -1.258819e+00 1.014633e+01 2.197171e+01
    endloop
  endfacet
  facet normal -3.814394e-01 2.392507e-01 -8.928959e-01
    outer loop
      vertex   -1.258819e+00 1.014633e+01 2.197171e+01
      vertex   -1.500000e+00 1.011216e+01 2.206559e+01
      vertex   -1.258819e+00 1.032043e+01 2.201836e+01
    endloop
  endfacet
  facet normal -9.233622e-01 2.202133e-01 -3.144971e-01
    outer loop
      vertex   -1.965926e+00 9.380790e+00 2.233382e+01
      vertex   -1.866025e+00 9.750000e+00 2.229904e+01
      vertex   -1.866025e+00 9.535819e+00 2.214907e+01
    endloop
  endfacet
  facet normal -7.922305e-01 3.500089e-01 -4.998645e-01
    outer loop
      vertex   -1.866025e+00 9.535819e+00 2.214907e+01
      vertex   -1.866025e+00 9.750000e+00 2.229904e+01
      vertex   -1.707107e+00 9.853553e+00 2.211968e+01
    endloop
  endfacet
  facet normal -6.073003e-01 3.357585e-01 -7.200365e-01
    outer loop
      vertex   -1.500000e+00 1.011216e+01 2.206559e+01
      vertex   -1.707107e+00 9.853553e+00 2.211968e+01
      vertex   -1.707107e+00 1.005780e+01 2.221492e+01
    endloop
  endfacet
  facet normal -7.922305e-01 2.578909e-01 -5.530489e-01
    outer loop
      vertex   -1.707107e+00 1.005780e+01 2.221492e+01
      vertex   -1.707107e+00 9.853553e+00 2.211968e+01
      vertex   -1.866025e+00 9.750000e+00 2.229904e+01
    endloop
  endfacet
  facet normal -9.233622e-01 2.714796e-01 -2.714796e-01
    outer loop
      vertex   -1.965926e+00 9.166178e+00 2.211921e+01
      vertex   -1.965926e+00 9.380790e+00 2.233382e+01
      vertex   -1.866025e+00 9.535819e+00 2.214907e+01
    endloop
  endfacet
  facet normal -3.814394e-01 2.392507e-01 -8.928959e-01
    outer loop
      vertex   -1.258819e+00 1.032043e+01 2.201836e+01
      vertex   -1.500000e+00 1.011216e+01 2.206559e+01
      vertex   -1.500000e+00 1.030309e+01 2.211675e+01
    endloop
  endfacet
  facet normal -6.073003e-01 2.056246e-01 -7.674014e-01
    outer loop
      vertex   -1.500000e+00 1.030309e+01 2.211675e+01
      vertex   -1.500000e+00 1.011216e+01 2.206559e+01
      vertex   -1.707107e+00 1.005780e+01 2.221492e+01
    endloop
  endfacet
  facet normal -9.914449e-01 1.761160e-16 -1.305262e-01
    outer loop
      vertex   -1.965926e+00 2.050000e+01 2.274118e+01
      vertex   -1.965926e+00 1.550000e+01 2.274118e+01
      vertex   -2.000000e+00 2.050000e+01 2.300000e+01
    endloop
  endfacet
  facet normal -9.914449e-01 -0.000000e+00 -1.305262e-01
    outer loop
      vertex   -2.000000e+00 2.050000e+01 2.300000e+01
      vertex   -1.965926e+00 1.550000e+01 2.274118e+01
      vertex   -2.000000e+00 1.050000e+01 2.300000e+01
    endloop
  endfacet
  facet normal -9.914449e-01 0.000000e+00 1.305262e-01
    outer loop
      vertex   -2.000000e+00 2.050000e+01 2.300000e+01
      vertex   -2.000000e+00 1.050000e+01 2.300000e+01
      vertex   -1.965926e+00 1.550000e+01 2.325882e+01
    endloop
  endfacet
  facet normal -9.914449e-01 0.000000e+00 1.305262e-01
    outer loop
      vertex   -1.965926e+00 1.550000e+01 2.325882e+01
      vertex   -2.000000e+00 1.050000e+01 2.300000e+01
      vertex   -1.965926e+00 1.000000e+01 2.325882e+01
    endloop
  endfacet
  facet normal -9.238795e-01 0.000000e+00 3.826834e-01
    outer loop
      vertex   -1.965926e+00 1.550000e+01 2.325882e+01
      vertex   -1.965926e+00 1.000000e+01 2.325882e+01
      vertex   -1.866025e+00 1.550000e+01 2.350000e+01
    endloop
  endfacet
  facet normal -9.238795e-01 0.000000e+00 3.826834e-01
    outer loop
      vertex   -1.866025e+00 1.550000e+01 2.350000e+01
      vertex   -1.965926e+00 1.000000e+01 2.325882e+01
      vertex   -1.866025e+00 1.000000e+01 2.350000e+01
    endloop
  endfacet
  facet normal -7.933533e-01 0.000000e+00 6.087614e-01
    outer loop
      vertex   -1.866025e+00 1.550000e+01 2.350000e+01
      vertex   -1.866025e+00 1.000000e+01 2.350000e+01
      vertex   -1.707107e+00 1.550000e+01 2.370711e+01
    endloop
  endfacet
  facet normal -7.933533e-01 -6.405812e-17 6.087614e-01
    outer loop
      vertex   -1.707107e+00 1.550000e+01 2.370711e+01
      vertex   -1.866025e+00 1.000000e+01 2.350000e+01
      vertex   -1.707107e+00 1.000000e+01 2.370711e+01
    endloop
  endfacet
  facet normal -6.087614e-01 -4.915352e-17 7.933533e-01
    outer loop
      vertex   -1.707107e+00 1.550000e+01 2.370711e+01
      vertex   -1.707107e+00 1.000000e+01 2.370711e+01
      vertex   -1.500000e+00 1.550000e+01 2.386603e+01
    endloop
  endfacet
  facet normal -6.087614e-01 -2.457676e-17 7.933533e-01
    outer loop
      vertex   -1.500000e+00 1.550000e+01 2.386603e+01
      vertex   -1.707107e+00 1.000000e+01 2.370711e+01
      vertex   -1.500000e+00 1.000000e+01 2.386603e+01
    endloop
  endfacet
  facet normal -3.826834e-01 -1.544960e-17 9.238795e-01
    outer loop
      vertex   -1.500000e+00 1.550000e+01 2.386603e+01
      vertex   -1.500000e+00 1.000000e+01 2.386603e+01
      vertex   -1.258819e+00 1.550000e+01 2.396593e+01
    endloop
  endfacet
  facet normal -3.826834e-01 -3.089920e-17 9.238795e-01
    outer loop
      vertex   -1.258819e+00 1.550000e+01 2.396593e+01
      vertex   -1.500000e+00 1.000000e+01 2.386603e+01
      vertex   -1.258819e+00 1.000000e+01 2.396593e+01
    endloop
  endfacet
  facet normal -1.305262e-01 -1.053914e-17 9.914449e-01
    outer loop
      vertex   -1.258819e+00 1.550000e+01 2.396593e+01
      vertex   -1.258819e+00 1.000000e+01 2.396593e+01
      vertex   -1.000000e+00 -1.000000e+00 2.400000e+01
    endloop
  endfacet
  facet normal -1.305262e-01 -1.570664e-17 9.914449e-01
    outer loop
      vertex   -1.000000e+00 -1.000000e+00 2.400000e+01
      vertex   -1.258819e+00 1.000000e+01 2.396593e+01
      vertex   -1.258819e+00 4.500000e+00 2.396593e+01
    endloop
  endfacet
  facet normal -1.305262e-01 -2.658047e-17 9.914449e-01
    outer loop
      vertex   -1.000000e+00 -1.000000e+00 2.400000e+01
      vertex   -1.258819e+00 4.500000e+00 2.396593e+01
      vertex   -1.258819e+00 -1.000000e+00 2.396593e+01
    endloop
  endfacet
  facet normal -3.826834e-01 -7.724799e-17 9.238795e-01
    outer loop
      vertex   -1.258819e+00 -1.000000e+00 2.396593e+01
      vertex   -1.258819e+00 4.500000e+00 2.396593e+01
      vertex   -1.500000e+00 -1.000000e+00 2.386603e+01
    endloop
  endfacet
  facet normal -3.826834e-01 -3.089920e-17 9.238795e-01
    outer loop
      vertex   -1.500000e+00 -1.000000e+00 2.386603e+01
      vertex   -1.258819e+00 4.500000e+00 2.396593e+01
      vertex   -1.500000e+00 4.500000e+00 2.386603e+01
    endloop
  endfacet
  facet normal -6.087614e-01 -4.915352e-17 7.933533e-01
    outer loop
      vertex   -1.500000e+00 -1.000000e+00 2.386603e+01
      vertex   -1.500000e+00 4.500000e+00 2.386603e+01
      vertex   -1.707107e+00 -1.000000e+00 2.370711e+01
    endloop
  endfacet
  facet normal -6.087614e-01 -1.474606e-16 7.933533e-01
    outer loop
      vertex   -1.707107e+00 -1.000000e+00 2.370711e+01
      vertex   -1.500000e+00 4.500000e+00 2.386603e+01
      vertex   -1.707107e+00 4.500000e+00 2.370711e+01
    endloop
  endfacet
  facet normal -7.933533e-01 -1.921744e-16 6.087614e-01
    outer loop
      vertex   -1.707107e+00 -1.000000e+00 2.370711e+01
      vertex   -1.707107e+00 4.500000e+00 2.370711e+01
      vertex   -1.866025e+00 -1.000000e+00 2.350000e+01
    endloop
  endfacet
  facet normal -7.933533e-01 -1.921744e-16 6.087614e-01
    outer loop
      vertex   -1.866025e+00 -1.000000e+00 2.350000e+01
      vertex   -1.707107e+00 4.500000e+00 2.370711e+01
      vertex   -1.866025e+00 4.500000e+00 2.350000e+01
    endloop
  endfacet
  facet normal -9.238795e-01 -2.237918e-16 3.826834e-01
    outer loop
      vertex   -1.866025e+00 -1.000000e+00 2.350000e+01
      vertex   -1.866025e+00 4.500000e+00 2.350000e+01
      vertex   -1.965926e+00 -1.000000e+00 2.325882e+01
    endloop
  endfacet
  facet normal -9.238795e-01 -1.491945e-16 3.826834e-01
    outer loop
      vertex   -1.965926e+00 -1.000000e+00 2.325882e+01
      vertex   -1.866025e+00 4.500000e+00 2.350000e+01
      vertex   -1.965926e+00 4.500000e+00 2.325882e+01
    endloop
  endfacet
  facet normal -9.914449e-01 -1.601054e-16 1.305262e-01
    outer loop
      vertex   -1.965926e+00 -1.000000e+00 2.325882e+01
      vertex   -1.965926e+00 4.500000e+00 2.325882e+01
      vertex   -2.000000e+00 -1.000000e+00 2.300000e+01
    endloop
  endfacet
  facet normal -9.914449e-01 0.000000e+00 1.305262e-01
    outer loop
      vertex   -2.000000e+00 -1.000000e+00 2.300000e+01
      vertex   -1.965926e+00 4.500000e+00 2.325882e+01
      vertex   -2.000000e+00 1.050000e+01 2.300000e+01
    endloop
  endfacet
  facet normal -9.914449e-01 0.000000e+00 1.305262e-01
    outer loop
      vertex   -2.000000e+00 1.050000e+01 2.300000e+01
      vertex   -1.965926e+00 4.500000e+00 2.325882e+01
      vertex   -1.965926e+00 1.000000e+01 2.325882e+01
    endloop
  endfacet
  facet normal -9.238795e-01 1.641140e-16 -3.826834e-01
    outer loop
      vertex   -1.965926e+00 1.550000e+01 2.274118e+01
      vertex   -1.965926e+00 2.050000e+01 2.274118e+01
      vertex   -1.866025e+00 1.550000e+01 2.250000e+01
    endloop
  endfacet
  facet normal -9.238795e-01 2.461710e-16 -3.826834e-01
    outer loop
      vertex   -1.866025e+00 1.550000e+01 2.250000e+01
      vertex   -1.965926e+00 2.050000e+01 2.274118e+01
      vertex   -1.866025e+00 2.050000e+01 2.250000e+01
    endloop
  endfacet
  facet normal -7.933533e-01 2.113918e-16 -6.087614e-01
    outer loop
      vertex   -1.866025e+00 1.550000e+01 2.250000e+01
      vertex   -1.866025e+00 2.050000e+01 2.250000e+01
      vertex   -1.707107e+00 1.550000e+01 2.229289e+01
    endloop
  endfacet
  facet normal -7.933533e-01 1.761598e-16 -6.087614e-01
    outer loop
      vertex   -1.707107e+00 1.550000e+01 2.229289e+01
      vertex   -1.866025e+00 2.050000e+01 2.250000e+01
      vertex   -1.707107e+00 2.050000e+01 2.229289e+01
    endloop
  endfacet
  facet normal -6.087614e-01 1.351722e-16 -7.933533e-01
    outer loop
      vertex   -1.707107e+00 1.550000e+01 2.229289e+01
      vertex   -1.707107e+00 2.050000e+01 2.229289e+01
      vertex   -1.500000e+00 1.550000e+01 2.213397e+01
    endloop
  endfacet
  facet normal -6.087614e-01 2.703444e-17 -7.933533e-01
    outer loop
      vertex   -1.500000e+00 1.550000e+01 2.213397e+01
      vertex   -1.707107e+00 2.050000e+01 2.229289e+01
      vertex   -1.500000e+00 2.050000e+01 2.213397e+01
    endloop
  endfacet
  facet normal -3.826834e-01 1.699456e-17 -9.238795e-01
    outer loop
      vertex   -1.500000e+00 1.550000e+01 2.213397e+01
      vertex   -1.500000e+00 2.050000e+01 2.213397e+01
      vertex   -1.258819e+00 1.550000e+01 2.203407e+01
    endloop
  endfacet
  facet normal -3.826834e-01 3.398912e-17 -9.238795e-01
    outer loop
      vertex   -1.258819e+00 1.550000e+01 2.203407e+01
      vertex   -1.500000e+00 2.050000e+01 2.213397e+01
      vertex   -1.258819e+00 2.050000e+01 2.203407e+01
    endloop
  endfacet
  facet normal -1.305262e-01 1.159305e-17 -9.914449e-01
    outer loop
      vertex   -1.258819e+00 1.550000e+01 2.203407e+01
      vertex   -1.258819e+00 2.050000e+01 2.203407e+01
      vertex   -1.000000e+00 2.050000e+01 2.200000e+01
    endloop
  endfacet
  facet normal -1.305262e-01 -0.000000e+00 -9.914449e-01
    outer loop
      vertex   -1.000000e+00 2.050000e+01 2.200000e+01
      vertex   -1.000000e+00 1.050000e+01 2.200000e+01
      vertex   -1.258819e+00 1.550000e+01 2.203407e+01
    endloop
  endfacet
  facet normal -1.305262e-01 -1.159305e-17 -9.914449e-01
    outer loop
      vertex   -1.258819e+00 1.550000e+01 2.203407e+01
      vertex   -1.000000e+00 1.050000e+01 2.200000e+01
      vertex   -1.258819e+00 1.050000e+01 2.203407e+01
    endloop
  endfacet
  facet normal -3.826834e-01 -3.398912e-17 -9.238795e-01
    outer loop
      vertex   -1.258819e+00 1.550000e+01 2.203407e+01
      vertex   -1.258819e+00 1.050000e+01 2.203407e+01
      vertex   -1.500000e+00 1.550000e+01 2.213397e+01
    endloop
  endfacet
  facet normal -3.826834e-01 -1.699456e-17 -9.238795e-01
    outer loop
      vertex   -1.500000e+00 1.550000e+01 2.213397e+01
      vertex   -1.258819e+00 1.050000e+01 2.203407e+01
      vertex   -1.500000e+00 1.050000e+01 2.213397e+01
    endloop
  endfacet
  facet normal -6.087614e-01 -2.703444e-17 -7.933533e-01
    outer loop
      vertex   -1.500000e+00 1.550000e+01 2.213397e+01
      vertex   -1.500000e+00 1.050000e+01 2.213397e+01
      vertex   -1.707107e+00 1.550000e+01 2.229289e+01
    endloop
  endfacet
  facet normal -6.087614e-01 -1.351722e-16 -7.933533e-01
    outer loop
      vertex   -1.707107e+00 1.550000e+01 2.229289e+01
      vertex   -1.500000e+00 1.050000e+01 2.213397e+01
      vertex   -1.707107e+00 1.050000e+01 2.229289e+01
    endloop
  endfacet
  facet normal -7.933533e-01 -1.761598e-16 -6.087614e-01
    outer loop
      vertex   -1.707107e+00 1.550000e+01 2.229289e+01
      vertex   -1.707107e+00 1.050000e+01 2.229289e+01
      vertex   -1.866025e+00 1.550000e+01 2.250000e+01
    endloop
  endfacet
  facet normal -7.933533e-01 -2.113918e-16 -6.087614e-01
    outer loop
      vertex   -1.866025e+00 1.550000e+01 2.250000e+01
      vertex   -1.707107e+00 1.050000e+01 2.229289e+01
      vertex   -1.866025e+00 1.050000e+01 2.250000e+01
    endloop
  endfacet
  facet normal -9.238795e-01 -2.461710e-16 -3.826834e-01
    outer loop
      vertex   -1.866025e+00 1.550000e+01 2.250000e+01
      vertex   -1.866025e+00 1.050000e+01 2.250000e+01
      vertex   -1.965926e+00 1.550000e+01 2.274118e+01
    endloop
  endfacet
  facet normal -9.238795e-01 -1.641140e-16 -3.826834e-01
    outer loop
      vertex   -1.965926e+00 1.550000e+01 2.274118e+01
      vertex   -1.866025e+00 1.050000e+01 2.250000e+01
      vertex   -1.965926e+00 1.050000e+01 2.274118e+01
    endloop
  endfacet
  facet normal -9.914449e-01 -1.761160e-16 -1.305262e-01
    outer loop
      vertex   -1.965926e+00 1.550000e+01 2.274118e+01
      vertex   -1.965926e+00 1.050000e+01 2.274118e+01
      vertex   -2.000000e+00 1.050000e+01 2.300000e+01
    endloop
  endfacet
  facet normal -1.305262e-01 -1.756523e-17 9.914449e-01
    outer loop
      vertex   -1.000000e+00 -1.000000e+00 2.400000e+01
      vertex   -1.000000e+00 3.200000e+01 2.400000e+01
      vertex   -1.258819e+00 1.550000e+01 2.396593e+01
    endloop
  endfacet
  facet normal -1.305262e-01 -1.053914e-17 9.914449e-01
    outer loop
      vertex   -1.258819e+00 1.550000e+01 2.396593e+01
      vertex   -1.000000e+00 3.200000e+01 2.400000e+01
      vertex   -1.258819e+00 2.100000e+01 2.396593e+01
    endloop
  endfacet
  facet normal -3.826834e-01 -3.089920e-17 9.238795e-01
    outer loop
      vertex   -1.258819e+00 1.550000e+01 2.396593e+01
      vertex   -1.258819e+00 2.100000e+01 2.396593e+01
      vertex   -1.500000e+00 1.550000e+01 2.386603e+01
    endloop
  endfacet
  facet normal -3.826834e-01 -4.634880e-17 9.238795e-01
    outer loop
      vertex   -1.500000e+00 1.550000e+01 2.386603e+01
      vertex   -1.258819e+00 2.100000e+01 2.396593e+01
      vertex   -1.500000e+00 2.100000e+01 2.386603e+01
    endloop
  endfacet
  facet normal -6.087614e-01 -7.373029e-17 7.933533e-01
    outer loop
      vertex   -1.500000e+00 1.550000e+01 2.386603e+01
      vertex   -1.500000e+00 2.100000e+01 2.386603e+01
      vertex   -1.707107e+00 1.550000e+01 2.370711e+01
    endloop
  endfacet
  facet normal -6.087614e-01 0.000000e+00 7.933533e-01
    outer loop
      vertex   -1.707107e+00 1.550000e+01 2.370711e+01
      vertex   -1.500000e+00 2.100000e+01 2.386603e+01
      vertex   -1.707107e+00 2.100000e+01 2.370711e+01
    endloop
  endfacet
  facet normal -7.933533e-01 0.000000e+00 6.087614e-01
    outer loop
      vertex   -1.707107e+00 1.550000e+01 2.370711e+01
      vertex   -1.707107e+00 2.100000e+01 2.370711e+01
      vertex   -1.866025e+00 1.550000e+01 2.350000e+01
    endloop
  endfacet
  facet normal -7.933533e-01 0.000000e+00 6.087614e-01
    outer loop
      vertex   -1.866025e+00 1.550000e+01 2.350000e+01
      vertex   -1.707107e+00 2.100000e+01 2.370711e+01
      vertex   -1.866025e+00 2.100000e+01 2.350000e+01
    endloop
  endfacet
  facet normal -9.238795e-01 0.000000e+00 3.826834e-01
    outer loop
      vertex   -1.866025e+00 1.550000e+01 2.350000e+01
      vertex   -1.866025e+00 2.100000e+01 2.350000e+01
      vertex   -1.965926e+00 1.550000e+01 2.325882e+01
    endloop
  endfacet
  facet normal -9.238795e-01 0.000000e+00 3.826834e-01
    outer loop
      vertex   -1.965926e+00 1.550000e+01 2.325882e+01
      vertex   -1.866025e+00 2.100000e+01 2.350000e+01
      vertex   -1.965926e+00 2.100000e+01 2.325882e+01
    endloop
  endfacet
  facet normal -9.914449e-01 0.000000e+00 1.305262e-01
    outer loop
      vertex   -1.965926e+00 1.550000e+01 2.325882e+01
      vertex   -1.965926e+00 2.100000e+01 2.325882e+01
      vertex   -2.000000e+00 2.050000e+01 2.300000e+01
    endloop
  endfacet
  facet normal -9.914449e-01 -8.094960e-17 1.305262e-01
    outer loop
      vertex   -2.000000e+00 2.050000e+01 2.300000e+01
      vertex   -1.965926e+00 2.100000e+01 2.325882e+01
      vertex   -1.965926e+00 2.650000e+01 2.325882e+01
    endloop
  endfacet
  facet normal -9.914449e-01 0.000000e+00 1.305262e-01
    outer loop
      vertex   -2.000000e+00 2.050000e+01 2.300000e+01
      vertex   -1.965926e+00 2.650000e+01 2.325882e+01
      vertex   -2.000000e+00 3.200000e+01 2.300000e+01
    endloop
  endfacet
  facet normal -9.914449e-01 -7.974140e-17 1.305262e-01
    outer loop
      vertex   -2.000000e+00 3.200000e+01 2.300000e+01
      vertex   -1.965926e+00 2.650000e+01 2.325882e+01
      vertex   -1.965926e+00 3.200000e+01 2.325882e+01
    endloop
  endfacet
  facet normal -9.238795e-01 -7.459726e-17 3.826834e-01
    outer loop
      vertex   -1.965926e+00 3.200000e+01 2.325882e+01
      vertex   -1.965926e+00 2.650000e+01 2.325882e+01
      vertex   -1.866025e+00 3.200000e+01 2.350000e+01
    endloop
  endfacet
  facet normal -9.238795e-01 -1.118959e-16 3.826834e-01
    outer loop
      vertex   -1.866025e+00 3.200000e+01 2.350000e+01
      vertex   -1.965926e+00 2.650000e+01 2.325882e+01
      vertex   -1.866025e+00 2.650000e+01 2.350000e+01
    endloop
  endfacet
  facet normal -7.933533e-01 -9.608718e-17 6.087614e-01
    outer loop
      vertex   -1.866025e+00 3.200000e+01 2.350000e+01
      vertex   -1.866025e+00 2.650000e+01 2.350000e+01
      vertex   -1.707107e+00 3.200000e+01 2.370711e+01
    endloop
  endfacet
  facet normal -7.933533e-01 -6.405812e-17 6.087614e-01
    outer loop
      vertex   -1.707107e+00 3.200000e+01 2.370711e+01
      vertex   -1.866025e+00 2.650000e+01 2.350000e+01
      vertex   -1.707107e+00 2.650000e+01 2.370711e+01
    endloop
  endfacet
  facet normal -6.087614e-01 -4.915352e-17 7.933533e-01
    outer loop
      vertex   -1.707107e+00 3.200000e+01 2.370711e+01
      vertex   -1.707107e+00 2.650000e+01 2.370711e+01
      vertex   -1.500000e+00 3.200000e+01 2.386603e+01
    endloop
  endfacet
  facet normal -6.087614e-01 -1.228838e-16 7.933533e-01
    outer loop
      vertex   -1.500000e+00 3.200000e+01 2.386603e+01
      vertex   -1.707107e+00 2.650000e+01 2.370711e+01
      vertex   -1.500000e+00 2.650000e+01 2.386603e+01
    endloop
  endfacet
  facet normal -3.826834e-01 -7.724799e-17 9.238795e-01
    outer loop
      vertex   -1.500000e+00 3.200000e+01 2.386603e+01
      vertex   -1.500000e+00 2.650000e+01 2.386603e+01
      vertex   -1.258819e+00 3.200000e+01 2.396593e+01
    endloop
  endfacet
  facet normal -3.826834e-01 -3.089920e-17 9.238795e-01
    outer loop
      vertex   -1.258819e+00 3.200000e+01 2.396593e+01
      vertex   -1.500000e+00 2.650000e+01 2.386603e+01
      vertex   -1.258819e+00 2.650000e+01 2.396593e+01
    endloop
  endfacet
  facet normal -1.305262e-01 -1.053914e-17 9.914449e-01
    outer loop
      vertex   -1.258819e+00 3.200000e+01 2.396593e+01
      vertex   -1.258819e+00 2.650000e+01 2.396593e+01
      vertex   -1.000000e+00 3.200000e+01 2.400000e+01
    endloop
  endfacet
  facet normal -1.305262e-01 -2.053945e-17 9.914449e-01
    outer loop
      vertex   -1.000000e+00 3.200000e+01 2.400000e+01
      vertex   -1.258819e+00 2.650000e+01 2.396593e+01
      vertex   -1.258819e+00 2.100000e+01 2.396593e+01
    endloop
  endfacet
  facet normal -9.238795e-01 0.000000e+00 3.826834e-01
    outer loop
      vertex   -1.866025e+00 1.000000e+01 2.350000e+01
      vertex   -1.965926e+00 1.000000e+01 2.325882e+01
      vertex   -1.965926e+00 4.500000e+00 2.325882e+01
    endloop
  endfacet
  facet normal -9.238795e-01 0.000000e+00 3.826834e-01
    outer loop
      vertex   -1.866025e+00 1.000000e+01 2.350000e+01
      vertex   -1.965926e+00 4.500000e+00 2.325882e+01
      vertex   -1.866025e+00 4.500000e+00 2.350000e+01
    endloop
  endfacet
  facet normal -9.238795e-01 -7.249218e-17 3.826834e-01
    outer loop
      vertex   -1.866025e+00 2.650000e+01 2.350000e+01
      vertex   -1.965926e+00 2.650000e+01 2.325882e+01
      vertex   -1.965926e+00 2.100000e+01 2.325882e+01
    endloop
  endfacet
  facet normal -9.238795e-01 0.000000e+00 3.826834e-01
    outer loop
      vertex   -1.866025e+00 2.650000e+01 2.350000e+01
      vertex   -1.965926e+00 2.100000e+01 2.325882e+01
      vertex   -1.866025e+00 2.100000e+01 2.350000e+01
    endloop
  endfacet
  facet normal -7.933533e-01 0.000000e+00 6.087614e-01
    outer loop
      vertex   -1.707107e+00 1.000000e+01 2.370711e+01
      vertex   -1.866025e+00 1.000000e+01 2.350000e+01
      vertex   -1.866025e+00 4.500000e+00 2.350000e+01
    endloop
  endfacet
  facet normal -7.933533e-01 0.000000e+00 6.087614e-01
    outer loop
      vertex   -1.707107e+00 1.000000e+01 2.370711e+01
      vertex   -1.866025e+00 4.500000e+00 2.350000e+01
      vertex   -1.707107e+00 4.500000e+00 2.370711e+01
    endloop
  endfacet
  facet normal -7.933533e-01 0.000000e+00 6.087614e-01
    outer loop
      vertex   -1.707107e+00 2.650000e+01 2.370711e+01
      vertex   -1.866025e+00 2.650000e+01 2.350000e+01
      vertex   -1.866025e+00 2.100000e+01 2.350000e+01
    endloop
  endfacet
  facet normal -7.933533e-01 -6.405812e-17 6.087614e-01
    outer loop
      vertex   -1.707107e+00 2.650000e+01 2.370711e+01
      vertex   -1.866025e+00 2.100000e+01 2.350000e+01
      vertex   -1.707107e+00 2.100000e+01 2.370711e+01
    endloop
  endfacet
  facet normal -6.087614e-01 0.000000e+00 7.933533e-01
    outer loop
      vertex   -1.500000e+00 1.000000e+01 2.386603e+01
      vertex   -1.707107e+00 1.000000e+01 2.370711e+01
      vertex   -1.707107e+00 4.500000e+00 2.370711e+01
    endloop
  endfacet
  facet normal -6.087614e-01 -2.457676e-17 7.933533e-01
    outer loop
      vertex   -1.500000e+00 1.000000e+01 2.386603e+01
      vertex   -1.707107e+00 4.500000e+00 2.370711e+01
      vertex   -1.500000e+00 4.500000e+00 2.386603e+01
    endloop
  endfacet
  facet normal -6.087614e-01 -4.832812e-17 7.933533e-01
    outer loop
      vertex   -1.500000e+00 2.650000e+01 2.386603e+01
      vertex   -1.707107e+00 2.650000e+01 2.370711e+01
      vertex   -1.707107e+00 2.100000e+01 2.370711e+01
    endloop
  endfacet
  facet normal -6.087614e-01 -2.457676e-17 7.933533e-01
    outer loop
      vertex   -1.500000e+00 2.650000e+01 2.386603e+01
      vertex   -1.707107e+00 2.100000e+01 2.370711e+01
      vertex   -1.500000e+00 2.100000e+01 2.386603e+01
    endloop
  endfacet
  facet normal -3.826834e-01 -1.691484e-17 9.238795e-01
    outer loop
      vertex   -1.258819e+00 1.000000e+01 2.396593e+01
      vertex   -1.500000e+00 1.000000e+01 2.386603e+01
      vertex   -1.500000e+00 4.500000e+00 2.386603e+01
    endloop
  endfacet
  facet normal -3.826834e-01 -4.634880e-17 9.238795e-01
    outer loop
      vertex   -1.258819e+00 1.000000e+01 2.396593e+01
      vertex   -1.500000e+00 4.500000e+00 2.386603e+01
      vertex   -1.258819e+00 4.500000e+00 2.396593e+01
    endloop
  endfacet
  facet normal -3.826834e-01 -1.691484e-17 9.238795e-01
    outer loop
      vertex   -1.258819e+00 2.650000e+01 2.396593e+01
      vertex   -1.500000e+00 2.650000e+01 2.386603e+01
      vertex   -1.500000e+00 2.100000e+01 2.386603e+01
    endloop
  endfacet
  facet normal -3.826834e-01 -6.179839e-17 9.238795e-01
    outer loop
      vertex   -1.258819e+00 2.650000e+01 2.396593e+01
      vertex   -1.500000e+00 2.100000e+01 2.386603e+01
      vertex   -1.258819e+00 2.100000e+01 2.396593e+01
    endloop
  endfacet
  facet normal -9.908119e-01 -1.343969e-01 -1.514289e-02
    outer loop
      vertex   -2.000000e+00 2.244986e+01 2.144504e+01
      vertex   -2.000000e+00 2.250000e+01 2.100000e+01
      vertex   -1.965926e+00 2.221473e+01 2.130235e+01
    endloop
  endfacet
  facet normal -9.913802e-01 -1.305177e-01 -1.141882e-02
    outer loop
      vertex   -1.965926e+00 2.221473e+01 2.130235e+01
      vertex   -2.000000e+00 2.250000e+01 2.100000e+01
      vertex   -1.965926e+00 2.224118e+01 2.100000e+01
    endloop
  endfacet
  facet normal -9.233622e-01 -3.824691e-01 -3.346171e-02
    outer loop
      vertex   -1.965926e+00 2.221473e+01 2.130235e+01
      vertex   -1.965926e+00 2.224118e+01 2.100000e+01
      vertex   -1.866025e+00 2.200000e+01 2.100000e+01
    endloop
  endfacet
  facet normal -9.233622e-01 -3.824691e-01 -3.346171e-02
    outer loop
      vertex   -1.965926e+00 2.221473e+01 2.130235e+01
      vertex   -1.866025e+00 2.200000e+01 2.100000e+01
      vertex   -1.866025e+00 2.197721e+01 2.126047e+01
    endloop
  endfacet
  facet normal -7.922305e-01 -6.078999e-01 -5.318435e-02
    outer loop
      vertex   -1.866025e+00 2.197721e+01 2.126047e+01
      vertex   -1.866025e+00 2.200000e+01 2.100000e+01
      vertex   -1.707107e+00 2.179289e+01 2.100000e+01
    endloop
  endfacet
  facet normal -7.922305e-01 -6.078999e-01 -5.318435e-02
    outer loop
      vertex   -1.866025e+00 2.197721e+01 2.126047e+01
      vertex   -1.707107e+00 2.179289e+01 2.100000e+01
      vertex   -1.707107e+00 2.177325e+01 2.122451e+01
    endloop
  endfacet
  facet normal -6.073003e-01 -7.914492e-01 -6.924283e-02
    outer loop
      vertex   -1.707107e+00 2.177325e+01 2.122451e+01
      vertex   -1.707107e+00 2.179289e+01 2.100000e+01
      vertex   -1.500000e+00 2.163397e+01 2.100000e+01
    endloop
  endfacet
  facet normal -6.073003e-01 -7.914492e-01 -6.924283e-02
    outer loop
      vertex   -1.707107e+00 2.177325e+01 2.122451e+01
      vertex   -1.500000e+00 2.163397e+01 2.100000e+01
      vertex   -1.500000e+00 2.161675e+01 2.119691e+01
    endloop
  endfacet
  facet normal -3.814394e-01 -9.208762e-01 -8.056623e-02
    outer loop
      vertex   -1.500000e+00 2.161675e+01 2.119691e+01
      vertex   -1.500000e+00 2.163397e+01 2.100000e+01
      vertex   -1.258819e+00 2.153407e+01 2.100000e+01
    endloop
  endfacet
  facet normal -3.814394e-01 -9.208762e-01 -8.056623e-02
    outer loop
      vertex   -1.500000e+00 2.161675e+01 2.119691e+01
      vertex   -1.258819e+00 2.153407e+01 2.100000e+01
      vertex   -1.258819e+00 2.151836e+01 2.117957e+01
    endloop
  endfacet
  facet normal -1.300379e-01 -9.877360e-01 -8.641571e-02
    outer loop
      vertex   -1.258819e+00 2.151836e+01 2.117957e+01
      vertex   -1.258819e+00 2.153407e+01 2.100000e+01
      vertex   -1.000000e+00 2.150000e+01 2.100000e+01
    endloop
  endfacet
  facet normal -1.588610e-01 -9.788545e-01 -1.288686e-01
    outer loop
      vertex   -1.258819e+00 2.151836e+01 2.117957e+01
      vertex   -1.000000e+00 2.150000e+01 2.100000e+01
      vertex   -1.000000e+00 2.146593e+01 2.125882e+01
    endloop
  endfacet
  facet normal -1.156674e-01 -9.594425e-01 -2.570819e-01
    outer loop
      vertex   -1.258819e+00 2.151836e+01 2.117957e+01
      vertex   -1.000000e+00 2.146593e+01 2.125882e+01
      vertex   -1.258819e+00 2.147171e+01 2.135367e+01
    endloop
  endfacet
  facet normal -1.588610e-01 -9.121471e-01 -3.778237e-01
    outer loop
      vertex   -1.258819e+00 2.147171e+01 2.135367e+01
      vertex   -1.000000e+00 2.146593e+01 2.125882e+01
      vertex   -1.000000e+00 2.136603e+01 2.150000e+01
    endloop
  endfacet
  facet normal -1.300379e-01 -8.986123e-01 -4.190298e-01
    outer loop
      vertex   -1.258819e+00 2.147171e+01 2.135367e+01
      vertex   -1.000000e+00 2.136603e+01 2.150000e+01
      vertex   -1.258819e+00 2.139553e+01 2.151704e+01
    endloop
  endfacet
  facet normal -1.300379e-01 -8.121966e-01 -5.687062e-01
    outer loop
      vertex   -1.258819e+00 2.139553e+01 2.151704e+01
      vertex   -1.000000e+00 2.136603e+01 2.150000e+01
      vertex   -1.258819e+00 2.129215e+01 2.166469e+01
    endloop
  endfacet
  facet normal -3.814394e-01 -7.572191e-01 -5.302105e-01
    outer loop
      vertex   -1.258819e+00 2.139553e+01 2.151704e+01
      vertex   -1.258819e+00 2.129215e+01 2.166469e+01
      vertex   -1.500000e+00 2.136867e+01 2.172890e+01
    endloop
  endfacet
  facet normal -3.814394e-01 -6.536451e-01 -6.536451e-01
    outer loop
      vertex   -1.500000e+00 2.136867e+01 2.172890e+01
      vertex   -1.258819e+00 2.129215e+01 2.166469e+01
      vertex   -1.500000e+00 2.122890e+01 2.186867e+01
    endloop
  endfacet
  facet normal -6.073003e-01 -5.617768e-01 -5.617768e-01
    outer loop
      vertex   -1.500000e+00 2.136867e+01 2.172890e+01
      vertex   -1.500000e+00 2.122890e+01 2.186867e+01
      vertex   -1.707107e+00 2.133106e+01 2.199041e+01
    endloop
  endfacet
  facet normal -6.073003e-01 -4.556906e-01 -6.507937e-01
    outer loop
      vertex   -1.707107e+00 2.133106e+01 2.199041e+01
      vertex   -1.500000e+00 2.122890e+01 2.186867e+01
      vertex   -1.707107e+00 2.114645e+01 2.211968e+01
    endloop
  endfacet
  facet normal -7.922305e-01 -3.500089e-01 -4.998645e-01
    outer loop
      vertex   -1.707107e+00 2.133106e+01 2.199041e+01
      vertex   -1.707107e+00 2.114645e+01 2.211968e+01
      vertex   -1.866025e+00 2.125000e+01 2.229904e+01
    endloop
  endfacet
  facet normal -7.922305e-01 -2.578909e-01 -5.530489e-01
    outer loop
      vertex   -1.866025e+00 2.125000e+01 2.229904e+01
      vertex   -1.707107e+00 2.114645e+01 2.211968e+01
      vertex   -1.866025e+00 2.101303e+01 2.240954e+01
    endloop
  endfacet
  facet normal -9.233622e-01 -1.622559e-01 -3.479588e-01
    outer loop
      vertex   -1.866025e+00 2.125000e+01 2.229904e+01
      vertex   -1.866025e+00 2.101303e+01 2.240954e+01
      vertex   -1.965926e+00 2.109552e+01 2.263617e+01
    endloop
  endfacet
  facet normal -9.233622e-01 -9.936842e-02 -3.708480e-01
    outer loop
      vertex   -1.965926e+00 2.109552e+01 2.263617e+01
      vertex   -1.866025e+00 2.101303e+01 2.240954e+01
      vertex   -1.965926e+00 2.080235e+01 2.271473e+01
    endloop
  endfacet
  facet normal -9.917761e-01 -3.312496e-02 -1.236240e-01
    outer loop
      vertex   -1.965926e+00 2.109552e+01 2.263617e+01
      vertex   -1.965926e+00 2.080235e+01 2.271473e+01
      vertex   -2.000000e+00 2.094504e+01 2.294986e+01
    endloop
  endfacet
  facet normal -9.908119e-01 -1.514289e-02 -1.343969e-01
    outer loop
      vertex   -2.000000e+00 2.094504e+01 2.294986e+01
      vertex   -1.965926e+00 2.080235e+01 2.271473e+01
      vertex   -2.000000e+00 2.050000e+01 2.300000e+01
    endloop
  endfacet
  facet normal -9.913802e-01 -1.141882e-02 -1.305177e-01
    outer loop
      vertex   -2.000000e+00 2.050000e+01 2.300000e+01
      vertex   -1.965926e+00 2.080235e+01 2.271473e+01
      vertex   -1.965926e+00 2.050000e+01 2.274118e+01
    endloop
  endfacet
  facet normal -9.233622e-01 -3.346171e-02 -3.824691e-01
    outer loop
      vertex   -1.965926e+00 2.050000e+01 2.274118e+01
      vertex   -1.965926e+00 2.080235e+01 2.271473e+01
      vertex   -1.866025e+00 2.076047e+01 2.247721e+01
    endloop
  endfacet
  facet normal -9.233622e-01 -3.346171e-02 -3.824691e-01
    outer loop
      vertex   -1.965926e+00 2.050000e+01 2.274118e+01
      vertex   -1.866025e+00 2.076047e+01 2.247721e+01
      vertex   -1.866025e+00 2.050000e+01 2.250000e+01
    endloop
  endfacet
  facet normal -7.922305e-01 -5.318435e-02 -6.078999e-01
    outer loop
      vertex   -1.866025e+00 2.050000e+01 2.250000e+01
      vertex   -1.866025e+00 2.076047e+01 2.247721e+01
      vertex   -1.707107e+00 2.072451e+01 2.227325e+01
    endloop
  endfacet
  facet normal -7.922305e-01 -5.318435e-02 -6.078999e-01
    outer loop
      vertex   -1.866025e+00 2.050000e+01 2.250000e+01
      vertex   -1.707107e+00 2.072451e+01 2.227325e+01
      vertex   -1.707107e+00 2.050000e+01 2.229289e+01
    endloop
  endfacet
  facet normal -6.073003e-01 -6.924283e-02 -7.914492e-01
    outer loop
      vertex   -1.707107e+00 2.050000e+01 2.229289e+01
      vertex   -1.707107e+00 2.072451e+01 2.227325e+01
      vertex   -1.500000e+00 2.069691e+01 2.211675e+01
    endloop
  endfacet
  facet normal -6.073003e-01 -6.924283e-02 -7.914492e-01
    outer loop
      vertex   -1.707107e+00 2.050000e+01 2.229289e+01
      vertex   -1.500000e+00 2.069691e+01 2.211675e+01
      vertex   -1.500000e+00 2.050000e+01 2.213397e+01
    endloop
  endfacet
  facet normal -3.814394e-01 -8.056623e-02 -9.208762e-01
    outer loop
      vertex   -1.500000e+00 2.050000e+01 2.213397e+01
      vertex   -1.500000e+00 2.069691e+01 2.211675e+01
      vertex   -1.258819e+00 2.067957e+01 2.201836e+01
    endloop
  endfacet
  facet normal -3.814394e-01 -8.056623e-02 -9.208762e-01
    outer loop
      vertex   -1.500000e+00 2.050000e+01 2.213397e+01
      vertex   -1.258819e+00 2.067957e+01 2.201836e+01
      vertex   -1.258819e+00 2.050000e+01 2.203407e+01
    endloop
  endfacet
  facet normal -1.300379e-01 -8.641571e-02 -9.877360e-01
    outer loop
      vertex   -1.258819e+00 2.050000e+01 2.203407e+01
      vertex   -1.258819e+00 2.067957e+01 2.201836e+01
      vertex   -1.000000e+00 2.050000e+01 2.200000e+01
    endloop
  endfacet
  facet normal -1.588610e-01 -1.288686e-01 -9.788545e-01
    outer loop
      vertex   -1.000000e+00 2.050000e+01 2.200000e+01
      vertex   -1.258819e+00 2.067957e+01 2.201836e+01
      vertex   -1.000000e+00 2.075882e+01 2.196593e+01
    endloop
  endfacet
  facet normal -1.156674e-01 -2.570819e-01 -9.594425e-01
    outer loop
      vertex   -1.000000e+00 2.075882e+01 2.196593e+01
      vertex   -1.258819e+00 2.067957e+01 2.201836e+01
      vertex   -1.258819e+00 2.085367e+01 2.197171e+01
    endloop
  endfacet
  facet normal -1.588610e-01 -3.778237e-01 -9.121471e-01
    outer loop
      vertex   -1.000000e+00 2.075882e+01 2.196593e+01
      vertex   -1.258819e+00 2.085367e+01 2.197171e+01
      vertex   -1.000000e+00 2.100000e+01 2.186603e+01
    endloop
  endfacet
  facet normal -1.300379e-01 -4.190298e-01 -8.986123e-01
    outer loop
      vertex   -1.000000e+00 2.100000e+01 2.186603e+01
      vertex   -1.258819e+00 2.085367e+01 2.197171e+01
      vertex   -1.258819e+00 2.101704e+01 2.189553e+01
    endloop
  endfacet
  facet normal -1.300379e-01 -5.687062e-01 -8.121966e-01
    outer loop
      vertex   -1.000000e+00 2.100000e+01 2.186603e+01
      vertex   -1.258819e+00 2.101704e+01 2.189553e+01
      vertex   -1.258819e+00 2.116469e+01 2.179215e+01
    endloop
  endfacet
  facet normal -3.814394e-01 -5.302105e-01 -7.572191e-01
    outer loop
      vertex   -1.258819e+00 2.116469e+01 2.179215e+01
      vertex   -1.258819e+00 2.101704e+01 2.189553e+01
      vertex   -1.500000e+00 2.106699e+01 2.198205e+01
    endloop
  endfacet
  facet normal -3.814394e-01 -5.302105e-01 -7.572191e-01
    outer loop
      vertex   -1.258819e+00 2.116469e+01 2.179215e+01
      vertex   -1.500000e+00 2.106699e+01 2.198205e+01
      vertex   -1.500000e+00 2.122890e+01 2.186867e+01
    endloop
  endfacet
  facet normal -6.073003e-01 -4.556906e-01 -6.507937e-01
    outer loop
      vertex   -1.500000e+00 2.122890e+01 2.186867e+01
      vertex   -1.500000e+00 2.106699e+01 2.198205e+01
      vertex   -1.707107e+00 2.114645e+01 2.211968e+01
    endloop
  endfacet
  facet normal -1.588610e-01 -7.832785e-01 -6.010307e-01
    outer loop
      vertex   -1.000000e+00 2.136603e+01 2.150000e+01
      vertex   -1.000000e+00 2.120711e+01 2.170711e+01
      vertex   -1.258819e+00 2.129215e+01 2.166469e+01
    endloop
  endfacet
  facet normal -1.156674e-01 -7.023607e-01 -7.023607e-01
    outer loop
      vertex   -1.258819e+00 2.129215e+01 2.166469e+01
      vertex   -1.000000e+00 2.120711e+01 2.170711e+01
      vertex   -1.258819e+00 2.116469e+01 2.179215e+01
    endloop
  endfacet
  facet normal -3.814394e-01 -6.536451e-01 -6.536451e-01
    outer loop
      vertex   -1.258819e+00 2.129215e+01 2.166469e+01
      vertex   -1.258819e+00 2.116469e+01 2.179215e+01
      vertex   -1.500000e+00 2.122890e+01 2.186867e+01
    endloop
  endfacet
  facet normal -1.588610e-01 -6.010307e-01 -7.832785e-01
    outer loop
      vertex   -1.000000e+00 2.120711e+01 2.170711e+01
      vertex   -1.000000e+00 2.100000e+01 2.186603e+01
      vertex   -1.258819e+00 2.116469e+01 2.179215e+01
    endloop
  endfacet
  facet normal -9.905716e-01 -4.524691e-02 -1.293083e-01
    outer loop
      vertex   -2.000000e+00 2.094504e+01 2.294986e+01
      vertex   -2.000000e+00 2.136777e+01 2.280194e+01
      vertex   -1.965926e+00 2.109552e+01 2.263617e+01
    endloop
  endfacet
  facet normal -9.918521e-01 -5.383946e-02 -1.154591e-01
    outer loop
      vertex   -1.965926e+00 2.109552e+01 2.263617e+01
      vertex   -2.000000e+00 2.136777e+01 2.280194e+01
      vertex   -1.965926e+00 2.137059e+01 2.250791e+01
    endloop
  endfacet
  facet normal -9.233622e-01 -1.622559e-01 -3.479588e-01
    outer loop
      vertex   -1.965926e+00 2.109552e+01 2.263617e+01
      vertex   -1.965926e+00 2.137059e+01 2.250791e+01
      vertex   -1.866025e+00 2.125000e+01 2.229904e+01
    endloop
  endfacet
  facet normal -9.233622e-01 -2.202133e-01 -3.144971e-01
    outer loop
      vertex   -1.866025e+00 2.125000e+01 2.229904e+01
      vertex   -1.965926e+00 2.137059e+01 2.250791e+01
      vertex   -1.866025e+00 2.146418e+01 2.214907e+01
    endloop
  endfacet
  facet normal -7.922305e-01 -3.500089e-01 -4.998645e-01
    outer loop
      vertex   -1.866025e+00 2.125000e+01 2.229904e+01
      vertex   -1.866025e+00 2.146418e+01 2.214907e+01
      vertex   -1.707107e+00 2.133106e+01 2.199041e+01
    endloop
  endfacet
  facet normal -7.922305e-01 -4.314921e-01 -4.314921e-01
    outer loop
      vertex   -1.707107e+00 2.133106e+01 2.199041e+01
      vertex   -1.866025e+00 2.146418e+01 2.214907e+01
      vertex   -1.707107e+00 2.149041e+01 2.183106e+01
    endloop
  endfacet
  facet normal -6.073003e-01 -5.617768e-01 -5.617768e-01
    outer loop
      vertex   -1.707107e+00 2.133106e+01 2.199041e+01
      vertex   -1.707107e+00 2.149041e+01 2.183106e+01
      vertex   -1.500000e+00 2.136867e+01 2.172890e+01
    endloop
  endfacet
  facet normal -6.073003e-01 -6.507937e-01 -4.556906e-01
    outer loop
      vertex   -1.500000e+00 2.136867e+01 2.172890e+01
      vertex   -1.707107e+00 2.149041e+01 2.183106e+01
      vertex   -1.500000e+00 2.148205e+01 2.156699e+01
    endloop
  endfacet
  facet normal -3.814394e-01 -7.572191e-01 -5.302105e-01
    outer loop
      vertex   -1.500000e+00 2.136867e+01 2.172890e+01
      vertex   -1.500000e+00 2.148205e+01 2.156699e+01
      vertex   -1.258819e+00 2.139553e+01 2.151704e+01
    endloop
  endfacet
  facet normal -3.814394e-01 -8.377853e-01 -3.906657e-01
    outer loop
      vertex   -1.258819e+00 2.139553e+01 2.151704e+01
      vertex   -1.500000e+00 2.148205e+01 2.156699e+01
      vertex   -1.258819e+00 2.147171e+01 2.135367e+01
    endloop
  endfacet
  facet normal -9.906527e-01 -7.257344e-02 -1.155000e-01
    outer loop
      vertex   -2.000000e+00 2.136777e+01 2.280194e+01
      vertex   -2.000000e+00 2.174698e+01 2.256366e+01
      vertex   -1.965926e+00 2.137059e+01 2.250791e+01
    endloop
  endfacet
  facet normal -9.916210e-01 -7.409519e-02 -1.058189e-01
    outer loop
      vertex   -1.965926e+00 2.137059e+01 2.250791e+01
      vertex   -2.000000e+00 2.174698e+01 2.256366e+01
      vertex   -1.965926e+00 2.161921e+01 2.233382e+01
    endloop
  endfacet
  facet normal -9.233622e-01 -2.202133e-01 -3.144971e-01
    outer loop
      vertex   -1.965926e+00 2.137059e+01 2.250791e+01
      vertex   -1.965926e+00 2.161921e+01 2.233382e+01
      vertex   -1.866025e+00 2.146418e+01 2.214907e+01
    endloop
  endfacet
  facet normal -9.233622e-01 -2.714796e-01 -2.714796e-01
    outer loop
      vertex   -1.866025e+00 2.146418e+01 2.214907e+01
      vertex   -1.965926e+00 2.161921e+01 2.233382e+01
      vertex   -1.866025e+00 2.164907e+01 2.196418e+01
    endloop
  endfacet
  facet normal -7.922305e-01 -4.314921e-01 -4.314921e-01
    outer loop
      vertex   -1.866025e+00 2.146418e+01 2.214907e+01
      vertex   -1.866025e+00 2.164907e+01 2.196418e+01
      vertex   -1.707107e+00 2.149041e+01 2.183106e+01
    endloop
  endfacet
  facet normal -7.922305e-01 -4.998645e-01 -3.500089e-01
    outer loop
      vertex   -1.707107e+00 2.149041e+01 2.183106e+01
      vertex   -1.866025e+00 2.164907e+01 2.196418e+01
      vertex   -1.707107e+00 2.161968e+01 2.164645e+01
    endloop
  endfacet
  facet normal -6.073003e-01 -6.507937e-01 -4.556906e-01
    outer loop
      vertex   -1.707107e+00 2.149041e+01 2.183106e+01
      vertex   -1.707107e+00 2.161968e+01 2.164645e+01
      vertex   -1.500000e+00 2.148205e+01 2.156699e+01
    endloop
  endfacet
  facet normal -6.073003e-01 -7.200365e-01 -3.357585e-01
    outer loop
      vertex   -1.500000e+00 2.148205e+01 2.156699e+01
      vertex   -1.707107e+00 2.161968e+01 2.164645e+01
      vertex   -1.500000e+00 2.156559e+01 2.138784e+01
    endloop
  endfacet
  facet normal -3.814394e-01 -8.377853e-01 -3.906657e-01
    outer loop
      vertex   -1.500000e+00 2.148205e+01 2.156699e+01
      vertex   -1.500000e+00 2.156559e+01 2.138784e+01
      vertex   -1.258819e+00 2.147171e+01 2.135367e+01
    endloop
  endfacet
  facet normal -3.814394e-01 -8.928959e-01 -2.392507e-01
    outer loop
      vertex   -1.258819e+00 2.147171e+01 2.135367e+01
      vertex   -1.500000e+00 2.156559e+01 2.138784e+01
      vertex   -1.258819e+00 2.151836e+01 2.117957e+01
    endloop
  endfacet
  facet normal -9.910430e-01 -9.442933e-02 -9.442933e-02
    outer loop
      vertex   -2.000000e+00 2.174698e+01 2.256366e+01
      vertex   -2.000000e+00 2.206366e+01 2.224698e+01
      vertex   -1.965926e+00 2.161921e+01 2.233382e+01
    endloop
  endfacet
  facet normal -9.910430e-01 -9.442933e-02 -9.442933e-02
    outer loop
      vertex   -1.965926e+00 2.161921e+01 2.233382e+01
      vertex   -2.000000e+00 2.206366e+01 2.224698e+01
      vertex   -1.965926e+00 2.183382e+01 2.211921e+01
    endloop
  endfacet
  facet normal -9.233622e-01 -2.714796e-01 -2.714796e-01
    outer loop
      vertex   -1.965926e+00 2.161921e+01 2.233382e+01
      vertex   -1.965926e+00 2.183382e+01 2.211921e+01
      vertex   -1.866025e+00 2.164907e+01 2.196418e+01
    endloop
  endfacet
  facet normal -9.233622e-01 -3.144971e-01 -2.202133e-01
    outer loop
      vertex   -1.866025e+00 2.164907e+01 2.196418e+01
      vertex   -1.965926e+00 2.183382e+01 2.211921e+01
      vertex   -1.866025e+00 2.179904e+01 2.175000e+01
    endloop
  endfacet
  facet normal -7.922305e-01 -4.998645e-01 -3.500089e-01
    outer loop
      vertex   -1.866025e+00 2.164907e+01 2.196418e+01
      vertex   -1.866025e+00 2.179904e+01 2.175000e+01
      vertex   -1.707107e+00 2.161968e+01 2.164645e+01
    endloop
  endfacet
  facet normal -7.922305e-01 -5.530489e-01 -2.578909e-01
    outer loop
      vertex   -1.707107e+00 2.161968e+01 2.164645e+01
      vertex   -1.866025e+00 2.179904e+01 2.175000e+01
      vertex   -1.707107e+00 2.171492e+01 2.144220e+01
    endloop
  endfacet
  facet normal -6.073003e-01 -7.200365e-01 -3.357585e-01
    outer loop
      vertex   -1.707107e+00 2.161968e+01 2.164645e+01
      vertex   -1.707107e+00 2.171492e+01 2.144220e+01
      vertex   -1.500000e+00 2.156559e+01 2.138784e+01
    endloop
  endfacet
  facet normal -6.073003e-01 -7.674014e-01 -2.056246e-01
    outer loop
      vertex   -1.500000e+00 2.156559e+01 2.138784e+01
      vertex   -1.707107e+00 2.171492e+01 2.144220e+01
      vertex   -1.500000e+00 2.161675e+01 2.119691e+01
    endloop
  endfacet
  facet normal -3.814394e-01 -8.928959e-01 -2.392507e-01
    outer loop
      vertex   -1.500000e+00 2.156559e+01 2.138784e+01
      vertex   -1.500000e+00 2.161675e+01 2.119691e+01
      vertex   -1.258819e+00 2.151836e+01 2.117957e+01
    endloop
  endfacet
  facet normal -9.916210e-01 -1.058189e-01 -7.409519e-02
    outer loop
      vertex   -1.965926e+00 2.183382e+01 2.211921e+01
      vertex   -2.000000e+00 2.206366e+01 2.224698e+01
      vertex   -1.965926e+00 2.200791e+01 2.187059e+01
    endloop
  endfacet
  facet normal -9.906527e-01 -1.155000e-01 -7.257344e-02
    outer loop
      vertex   -1.965926e+00 2.200791e+01 2.187059e+01
      vertex   -2.000000e+00 2.206366e+01 2.224698e+01
      vertex   -2.000000e+00 2.230194e+01 2.186777e+01
    endloop
  endfacet
  facet normal -9.918521e-01 -1.154591e-01 -5.383946e-02
    outer loop
      vertex   -1.965926e+00 2.200791e+01 2.187059e+01
      vertex   -2.000000e+00 2.230194e+01 2.186777e+01
      vertex   -1.965926e+00 2.213617e+01 2.159552e+01
    endloop
  endfacet
  facet normal -9.905716e-01 -1.293083e-01 -4.524691e-02
    outer loop
      vertex   -1.965926e+00 2.213617e+01 2.159552e+01
      vertex   -2.000000e+00 2.230194e+01 2.186777e+01
      vertex   -2.000000e+00 2.244986e+01 2.144504e+01
    endloop
  endfacet
  facet normal -9.917761e-01 -1.236240e-01 -3.312496e-02
    outer loop
      vertex   -1.965926e+00 2.213617e+01 2.159552e+01
      vertex   -2.000000e+00 2.244986e+01 2.144504e+01
      vertex   -1.965926e+00 2.221473e+01 2.130235e+01
    endloop
  endfacet
  facet normal -6.073003e-01 -7.674014e-01 -2.056246e-01
    outer loop
      vertex   -1.500000e+00 2.161675e+01 2.119691e+01
      vertex   -1.707107e+00 2.171492e+01 2.144220e+01
      vertex   -1.707107e+00 2.177325e+01 2.122451e+01
    endloop
  endfacet
  facet normal -7.922305e-01 -5.894291e-01 -1.579371e-01
    outer loop
      vertex   -1.707107e+00 2.177325e+01 2.122451e+01
      vertex   -1.707107e+00 2.171492e+01 2.144220e+01
      vertex   -1.866025e+00 2.190954e+01 2.151303e+01
    endloop
  endfacet
  facet normal -7.922305e-01 -5.894291e-01 -1.579371e-01
    outer loop
      vertex   -1.707107e+00 2.177325e+01 2.122451e+01
      vertex   -1.866025e+00 2.190954e+01 2.151303e+01
      vertex   -1.866025e+00 2.197721e+01 2.126047e+01
    endloop
  endfacet
  facet normal -9.233622e-01 -3.708480e-01 -9.936842e-02
    outer loop
      vertex   -1.866025e+00 2.197721e+01 2.126047e+01
      vertex   -1.866025e+00 2.190954e+01 2.151303e+01
      vertex   -1.965926e+00 2.213617e+01 2.159552e+01
    endloop
  endfacet
  facet normal -9.233622e-01 -3.708480e-01 -9.936842e-02
    outer loop
      vertex   -1.866025e+00 2.197721e+01 2.126047e+01
      vertex   -1.965926e+00 2.213617e+01 2.159552e+01
      vertex   -1.965926e+00 2.221473e+01 2.130235e+01
    endloop
  endfacet
  facet normal -9.233622e-01 -3.479588e-01 -1.622559e-01
    outer loop
      vertex   -1.965926e+00 2.200791e+01 2.187059e+01
      vertex   -1.965926e+00 2.213617e+01 2.159552e+01
      vertex   -1.866025e+00 2.190954e+01 2.151303e+01
    endloop
  endfacet
  facet normal -9.233622e-01 -3.479588e-01 -1.622559e-01
    outer loop
      vertex   -1.965926e+00 2.200791e+01 2.187059e+01
      vertex   -1.866025e+00 2.190954e+01 2.151303e+01
      vertex   -1.866025e+00 2.179904e+01 2.175000e+01
    endloop
  endfacet
  facet normal -7.922305e-01 -5.530489e-01 -2.578909e-01
    outer loop
      vertex   -1.866025e+00 2.179904e+01 2.175000e+01
      vertex   -1.866025e+00 2.190954e+01 2.151303e+01
      vertex   -1.707107e+00 2.171492e+01 2.144220e+01
    endloop
  endfacet
  facet normal -9.233622e-01 -3.144971e-01 -2.202133e-01
    outer loop
      vertex   -1.965926e+00 2.200791e+01 2.187059e+01
      vertex   -1.866025e+00 2.179904e+01 2.175000e+01
      vertex   -1.965926e+00 2.183382e+01 2.211921e+01
    endloop
  endfacet
  facet normal -3.814394e-01 -3.906657e-01 -8.377853e-01
    outer loop
      vertex   -1.500000e+00 2.106699e+01 2.198205e+01
      vertex   -1.258819e+00 2.101704e+01 2.189553e+01
      vertex   -1.500000e+00 2.088784e+01 2.206559e+01
    endloop
  endfacet
  facet normal -3.814394e-01 -3.906657e-01 -8.377853e-01
    outer loop
      vertex   -1.500000e+00 2.088784e+01 2.206559e+01
      vertex   -1.258819e+00 2.101704e+01 2.189553e+01
      vertex   -1.258819e+00 2.085367e+01 2.197171e+01
    endloop
  endfacet
  facet normal -3.814394e-01 -2.392507e-01 -8.928959e-01
    outer loop
      vertex   -1.500000e+00 2.088784e+01 2.206559e+01
      vertex   -1.258819e+00 2.085367e+01 2.197171e+01
      vertex   -1.500000e+00 2.069691e+01 2.211675e+01
    endloop
  endfacet
  facet normal -3.814394e-01 -2.392507e-01 -8.928959e-01
    outer loop
      vertex   -1.500000e+00 2.069691e+01 2.211675e+01
      vertex   -1.258819e+00 2.085367e+01 2.197171e+01
      vertex   -1.258819e+00 2.067957e+01 2.201836e+01
    endloop
  endfacet
  facet normal -6.073003e-01 -3.357585e-01 -7.200365e-01
    outer loop
      vertex   -1.707107e+00 2.114645e+01 2.211968e+01
      vertex   -1.500000e+00 2.106699e+01 2.198205e+01
      vertex   -1.707107e+00 2.094220e+01 2.221492e+01
    endloop
  endfacet
  facet normal -6.073003e-01 -3.357585e-01 -7.200365e-01
    outer loop
      vertex   -1.707107e+00 2.094220e+01 2.221492e+01
      vertex   -1.500000e+00 2.106699e+01 2.198205e+01
      vertex   -1.500000e+00 2.088784e+01 2.206559e+01
    endloop
  endfacet
  facet normal -6.073003e-01 -2.056246e-01 -7.674014e-01
    outer loop
      vertex   -1.707107e+00 2.094220e+01 2.221492e+01
      vertex   -1.500000e+00 2.088784e+01 2.206559e+01
      vertex   -1.707107e+00 2.072451e+01 2.227325e+01
    endloop
  endfacet
  facet normal -6.073003e-01 -2.056246e-01 -7.674014e-01
    outer loop
      vertex   -1.707107e+00 2.072451e+01 2.227325e+01
      vertex   -1.500000e+00 2.088784e+01 2.206559e+01
      vertex   -1.500000e+00 2.069691e+01 2.211675e+01
    endloop
  endfacet
  facet normal -7.922305e-01 -2.578909e-01 -5.530489e-01
    outer loop
      vertex   -1.707107e+00 2.114645e+01 2.211968e+01
      vertex   -1.707107e+00 2.094220e+01 2.221492e+01
      vertex   -1.866025e+00 2.101303e+01 2.240954e+01
    endloop
  endfacet
  facet normal -7.922305e-01 -1.579371e-01 -5.894291e-01
    outer loop
      vertex   -1.866025e+00 2.101303e+01 2.240954e+01
      vertex   -1.707107e+00 2.094220e+01 2.221492e+01
      vertex   -1.866025e+00 2.076047e+01 2.247721e+01
    endloop
  endfacet
  facet normal -9.233622e-01 -9.936842e-02 -3.708480e-01
    outer loop
      vertex   -1.866025e+00 2.101303e+01 2.240954e+01
      vertex   -1.866025e+00 2.076047e+01 2.247721e+01
      vertex   -1.965926e+00 2.080235e+01 2.271473e+01
    endloop
  endfacet
  facet normal -7.922305e-01 -1.579371e-01 -5.894291e-01
    outer loop
      vertex   -1.866025e+00 2.076047e+01 2.247721e+01
      vertex   -1.707107e+00 2.094220e+01 2.221492e+01
      vertex   -1.707107e+00 2.072451e+01 2.227325e+01
    endloop
  endfacet
  facet normal -9.914449e-01 -1.305262e-01 -1.159305e-16
    outer loop
      vertex   -2.000000e+00 2.250000e+01 2.100000e+01
      vertex   -2.000000e+00 2.250000e+01 1.700000e+01
      vertex   -1.965926e+00 2.224118e+01 2.100000e+01
    endloop
  endfacet
  facet normal -9.914449e-01 -1.305262e-01 -1.159305e-16
    outer loop
      vertex   -1.965926e+00 2.224118e+01 2.100000e+01
      vertex   -2.000000e+00 2.250000e+01 1.700000e+01
      vertex   -1.965926e+00 2.224118e+01 1.700000e+01
    endloop
  endfacet
  facet normal -9.238795e-01 -3.826834e-01 -3.398912e-16
    outer loop
      vertex   -1.965926e+00 2.224118e+01 2.100000e+01
      vertex   -1.965926e+00 2.224118e+01 1.700000e+01
      vertex   -1.866025e+00 2.200000e+01 2.100000e+01
    endloop
  endfacet
  facet normal -9.238795e-01 -3.826834e-01 -3.911768e-16
    outer loop
      vertex   -1.866025e+00 2.200000e+01 2.100000e+01
      vertex   -1.965926e+00 2.224118e+01 1.700000e+01
      vertex   -1.866025e+00 2.200000e+01 1.700000e+01
    endloop
  endfacet
  facet normal -7.933533e-01 -6.087614e-01 -5.847287e-16
    outer loop
      vertex   -1.866025e+00 2.200000e+01 2.100000e+01
      vertex   -1.866025e+00 2.200000e+01 1.700000e+01
      vertex   -1.707107e+00 2.179289e+01 2.100000e+01
    endloop
  endfacet
  facet normal -7.933533e-01 -6.087614e-01 -6.287687e-16
    outer loop
      vertex   -1.707107e+00 2.179289e+01 2.100000e+01
      vertex   -1.866025e+00 2.200000e+01 1.700000e+01
      vertex   -1.707107e+00 2.179289e+01 1.700000e+01
    endloop
  endfacet
  facet normal -6.087614e-01 -7.933533e-01 -7.722254e-16
    outer loop
      vertex   -1.707107e+00 2.179289e+01 2.100000e+01
      vertex   -1.707107e+00 2.179289e+01 1.700000e+01
      vertex   -1.500000e+00 2.163397e+01 2.100000e+01
    endloop
  endfacet
  facet normal -6.087614e-01 -7.933533e-01 -8.060185e-16
    outer loop
      vertex   -1.500000e+00 2.163397e+01 2.100000e+01
      vertex   -1.707107e+00 2.179289e+01 1.700000e+01
      vertex   -1.500000e+00 2.163397e+01 1.700000e+01
    endloop
  endfacet
  facet normal -3.826834e-01 -9.238795e-01 -8.842995e-16
    outer loop
      vertex   -1.500000e+00 2.163397e+01 2.100000e+01
      vertex   -1.500000e+00 2.163397e+01 1.700000e+01
      vertex   -1.258819e+00 2.153407e+01 2.100000e+01
    endloop
  endfacet
  facet normal -3.826834e-01 -9.238795e-01 -8.630563e-16
    outer loop
      vertex   -1.258819e+00 2.153407e+01 2.100000e+01
      vertex   -1.500000e+00 2.163397e+01 1.700000e+01
      vertex   -1.258819e+00 2.153407e+01 1.700000e+01
    endloop
  endfacet
  facet normal -1.305262e-01 -9.914449e-01 -8.950712e-16
    outer loop
      vertex   -1.258819e+00 2.153407e+01 2.100000e+01
      vertex   -1.258819e+00 2.153407e+01 1.700000e+01
      vertex   -1.000000e+00 2.150000e+01 2.100000e+01
    endloop
  endfacet
  facet normal -1.305262e-01 -9.914449e-01 -2.173698e-17
    outer loop
      vertex   -1.000000e+00 2.150000e+01 2.100000e+01
      vertex   -1.258819e+00 2.153407e+01 1.700000e+01
      vertex   -1.000000e+00 2.150000e+01 1.700000e+01
    endloop
  endfacet
  facet normal -9.908119e-01 -1.514289e-02 1.343969e-01
    outer loop
      vertex   -2.000000e+00 2.094504e+01 1.505014e+01
      vertex   -2.000000e+00 2.050000e+01 1.500000e+01
      vertex   -1.965926e+00 2.080235e+01 1.528527e+01
    endloop
  endfacet
  facet normal -9.913802e-01 -1.141882e-02 1.305177e-01
    outer loop
      vertex   -1.965926e+00 2.080235e+01 1.528527e+01
      vertex   -2.000000e+00 2.050000e+01 1.500000e+01
      vertex   -1.965926e+00 2.050000e+01 1.525882e+01
    endloop
  endfacet
  facet normal -9.233622e-01 -3.346171e-02 3.824691e-01
    outer loop
      vertex   -1.965926e+00 2.080235e+01 1.528527e+01
      vertex   -1.965926e+00 2.050000e+01 1.525882e+01
      vertex   -1.866025e+00 2.050000e+01 1.550000e+01
    endloop
  endfacet
  facet normal -9.233622e-01 -3.346171e-02 3.824691e-01
    outer loop
      vertex   -1.965926e+00 2.080235e+01 1.528527e+01
      vertex   -1.866025e+00 2.050000e+01 1.550000e+01
      vertex   -1.866025e+00 2.076047e+01 1.552279e+01
    endloop
  endfacet
  facet normal -7.922305e-01 -5.318435e-02 6.078999e-01
    outer loop
      vertex   -1.866025e+00 2.076047e+01 1.552279e+01
      vertex   -1.866025e+00 2.050000e+01 1.550000e+01
      vertex   -1.707107e+00 2.050000e+01 1.570711e+01
    endloop
  endfacet
  facet normal -7.922305e-01 -5.318435e-02 6.078999e-01
    outer loop
      vertex   -1.866025e+00 2.076047e+01 1.552279e+01
      vertex   -1.707107e+00 2.050000e+01 1.570711e+01
      vertex   -1.707107e+00 2.072451e+01 1.572675e+01
    endloop
  endfacet
  facet normal -6.073003e-01 -6.924283e-02 7.914492e-01
    outer loop
      vertex   -1.707107e+00 2.072451e+01 1.572675e+01
      vertex   -1.707107e+00 2.050000e+01 1.570711e+01
      vertex   -1.500000e+00 2.050000e+01 1.586603e+01
    endloop
  endfacet
  facet normal -6.073003e-01 -6.924283e-02 7.914492e-01
    outer loop
      vertex   -1.707107e+00 2.072451e+01 1.572675e+01
      vertex   -1.500000e+00 2.050000e+01 1.586603e+01
      vertex   -1.500000e+00 2.069691e+01 1.588325e+01
    endloop
  endfacet
  facet normal -3.814394e-01 -8.056623e-02 9.208762e-01
    outer loop
      vertex   -1.500000e+00 2.069691e+01 1.588325e+01
      vertex   -1.500000e+00 2.050000e+01 1.586603e+01
      vertex   -1.258819e+00 2.050000e+01 1.596593e+01
    endloop
  endfacet
  facet normal -3.814394e-01 -8.056623e-02 9.208762e-01
    outer loop
      vertex   -1.500000e+00 2.069691e+01 1.588325e+01
      vertex   -1.258819e+00 2.050000e+01 1.596593e+01
      vertex   -1.258819e+00 2.067957e+01 1.598164e+01
    endloop
  endfacet
  facet normal -1.300379e-01 -8.641571e-02 9.877360e-01
    outer loop
      vertex   -1.258819e+00 2.067957e+01 1.598164e+01
      vertex   -1.258819e+00 2.050000e+01 1.596593e+01
      vertex   -1.000000e+00 2.050000e+01 1.600000e+01
    endloop
  endfacet
  facet normal -1.588610e-01 -1.288686e-01 9.788545e-01
    outer loop
      vertex   -1.258819e+00 2.067957e+01 1.598164e+01
      vertex   -1.000000e+00 2.050000e+01 1.600000e+01
      vertex   -1.000000e+00 2.075882e+01 1.603407e+01
    endloop
  endfacet
  facet normal -1.156674e-01 -2.570819e-01 9.594425e-01
    outer loop
      vertex   -1.258819e+00 2.067957e+01 1.598164e+01
      vertex   -1.000000e+00 2.075882e+01 1.603407e+01
      vertex   -1.258819e+00 2.085367e+01 1.602829e+01
    endloop
  endfacet
  facet normal -1.588610e-01 -3.778237e-01 9.121471e-01
    outer loop
      vertex   -1.258819e+00 2.085367e+01 1.602829e+01
      vertex   -1.000000e+00 2.075882e+01 1.603407e+01
      vertex   -1.000000e+00 2.100000e+01 1.613397e+01
    endloop
  endfacet
  facet normal -1.300379e-01 -4.190298e-01 8.986123e-01
    outer loop
      vertex   -1.258819e+00 2.085367e+01 1.602829e+01
      vertex   -1.000000e+00 2.100000e+01 1.613397e+01
      vertex   -1.258819e+00 2.101704e+01 1.610447e+01
    endloop
  endfacet
  facet normal -1.300379e-01 -5.687062e-01 8.121966e-01
    outer loop
      vertex   -1.258819e+00 2.101704e+01 1.610447e+01
      vertex   -1.000000e+00 2.100000e+01 1.613397e+01
      vertex   -1.258819e+00 2.116469e+01 1.620785e+01
    endloop
  endfacet
  facet normal -3.814394e-01 -5.302105e-01 7.572191e-01
    outer loop
      vertex   -1.258819e+00 2.101704e+01 1.610447e+01
      vertex   -1.258819e+00 2.116469e+01 1.620785e+01
      vertex   -1.500000e+00 2.122890e+01 1.613133e+01
    endloop
  endfacet
  facet normal -3.814394e-01 -6.536451e-01 6.536451e-01
    outer loop
      vertex   -1.500000e+00 2.122890e+01 1.613133e+01
      vertex   -1.258819e+00 2.116469e+01 1.620785e+01
      vertex   -1.500000e+00 2.136867e+01 1.627110e+01
    endloop
  endfacet
  facet normal -6.073003e-01 -5.617768e-01 5.617768e-01
    outer loop
      vertex   -1.500000e+00 2.122890e+01 1.613133e+01
      vertex   -1.500000e+00 2.136867e+01 1.627110e+01
      vertex   -1.707107e+00 2.149041e+01 1.616894e+01
    endloop
  endfacet
  facet normal -6.073003e-01 -6.507937e-01 4.556906e-01
    outer loop
      vertex   -1.707107e+00 2.149041e+01 1.616894e+01
      vertex   -1.500000e+00 2.136867e+01 1.627110e+01
      vertex   -1.707107e+00 2.161968e+01 1.635355e+01
    endloop
  endfacet
  facet normal -7.922305e-01 -4.998645e-01 3.500089e-01
    outer loop
      vertex   -1.707107e+00 2.149041e+01 1.616894e+01
      vertex   -1.707107e+00 2.161968e+01 1.635355e+01
      vertex   -1.866025e+00 2.179904e+01 1.625000e+01
    endloop
  endfacet
  facet normal -7.922305e-01 -5.530489e-01 2.578909e-01
    outer loop
      vertex   -1.866025e+00 2.179904e+01 1.625000e+01
      vertex   -1.707107e+00 2.161968e+01 1.635355e+01
      vertex   -1.866025e+00 2.190954e+01 1.648697e+01
    endloop
  endfacet
  facet normal -9.233622e-01 -3.479588e-01 1.622559e-01
    outer loop
      vertex   -1.866025e+00 2.179904e+01 1.625000e+01
      vertex   -1.866025e+00 2.190954e+01 1.648697e+01
      vertex   -1.965926e+00 2.213617e+01 1.640448e+01
    endloop
  endfacet
  facet normal -9.233622e-01 -3.708480e-01 9.936842e-02
    outer loop
      vertex   -1.965926e+00 2.213617e+01 1.640448e+01
      vertex   -1.866025e+00 2.190954e+01 1.648697e+01
      vertex   -1.965926e+00 2.221473e+01 1.669765e+01
    endloop
  endfacet
  facet normal -9.917761e-01 -1.236240e-01 3.312496e-02
    outer loop
      vertex   -1.965926e+00 2.213617e+01 1.640448e+01
      vertex   -1.965926e+00 2.221473e+01 1.669765e+01
      vertex   -2.000000e+00 2.244986e+01 1.655496e+01
    endloop
  endfacet
  facet normal -9.908119e-01 -1.343969e-01 1.514289e-02
    outer loop
      vertex   -2.000000e+00 2.244986e+01 1.655496e+01
      vertex   -1.965926e+00 2.221473e+01 1.669765e+01
      vertex   -2.000000e+00 2.250000e+01 1.700000e+01
    endloop
  endfacet
  facet normal -9.913802e-01 -1.305177e-01 1.141882e-02
    outer loop
      vertex   -2.000000e+00 2.250000e+01 1.700000e+01
      vertex   -1.965926e+00 2.221473e+01 1.669765e+01
      vertex   -1.965926e+00 2.224118e+01 1.700000e+01
    endloop
  endfacet
  facet normal -9.233622e-01 -3.824691e-01 3.346171e-02
    outer loop
      vertex   -1.965926e+00 2.224118e+01 1.700000e+01
      vertex   -1.965926e+00 2.221473e+01 1.669765e+01
      vertex   -1.866025e+00 2.197721e+01 1.673953e+01
    endloop
  endfacet
  facet normal -9.233622e-01 -3.824691e-01 3.346171e-02
    outer loop
      vertex   -1.965926e+00 2.224118e+01 1.700000e+01
      vertex   -1.866025e+00 2.197721e+01 1.673953e+01
      vertex   -1.866025e+00 2.200000e+01 1.700000e+01
    endloop
  endfacet
  facet normal -7.922305e-01 -6.078999e-01 5.318435e-02
    outer loop
      vertex   -1.866025e+00 2.200000e+01 1.700000e+01
      vertex   -1.866025e+00 2.197721e+01 1.673953e+01
      vertex   -1.707107e+00 2.177325e+01 1.677549e+01
    endloop
  endfacet
  facet normal -7.922305e-01 -6.078999e-01 5.318435e-02
    outer loop
      vertex   -1.866025e+00 2.200000e+01 1.700000e+01
      vertex   -1.707107e+00 2.177325e+01 1.677549e+01
      vertex   -1.707107e+00 2.179289e+01 1.700000e+01
    endloop
  endfacet
  facet normal -6.073003e-01 -7.914492e-01 6.924283e-02
    outer loop
      vertex   -1.707107e+00 2.179289e+01 1.700000e+01
      vertex   -1.707107e+00 2.177325e+01 1.677549e+01
      vertex   -1.500000e+00 2.161675e+01 1.680309e+01
    endloop
  endfacet
  facet normal -6.073003e-01 -7.914492e-01 6.924283e-02
    outer loop
      vertex   -1.707107e+00 2.179289e+01 1.700000e+01
      vertex   -1.500000e+00 2.161675e+01 1.680309e+01
      vertex   -1.500000e+00 2.163397e+01 1.700000e+01
    endloop
  endfacet
  facet normal -3.814394e-01 -9.208762e-01 8.056623e-02
    outer loop
      vertex   -1.500000e+00 2.163397e+01 1.700000e+01
      vertex   -1.500000e+00 2.161675e+01 1.680309e+01
      vertex   -1.258819e+00 2.151836e+01 1.682043e+01
    endloop
  endfacet
  facet normal -3.814394e-01 -9.208762e-01 8.056623e-02
    outer loop
      vertex   -1.500000e+00 2.163397e+01 1.700000e+01
      vertex   -1.258819e+00 2.151836e+01 1.682043e+01
      vertex   -1.258819e+00 2.153407e+01 1.700000e+01
    endloop
  endfacet
  facet normal -1.300379e-01 -9.877360e-01 8.641571e-02
    outer loop
      vertex   -1.258819e+00 2.153407e+01 1.700000e+01
      vertex   -1.258819e+00 2.151836e+01 1.682043e+01
      vertex   -1.000000e+00 2.150000e+01 1.700000e+01
    endloop
  endfacet
  facet normal -1.588610e-01 -9.788545e-01 1.288686e-01
    outer loop
      vertex   -1.000000e+00 2.150000e+01 1.700000e+01
      vertex   -1.258819e+00 2.151836e+01 1.682043e+01
      vertex   -1.000000e+00 2.146593e+01 1.674118e+01
    endloop
  endfacet
  facet normal -1.156674e-01 -9.594425e-01 2.570819e-01
    outer loop
      vertex   -1.000000e+00 2.146593e+01 1.674118e+01
      vertex   -1.258819e+00 2.151836e+01 1.682043e+01
      vertex   -1.258819e+00 2.147171e+01 1.664633e+01
    endloop
  endfacet
  facet normal -1.588610e-01 -9.121471e-01 3.778237e-01
    outer loop
      vertex   -1.000000e+00 2.146593e+01 1.674118e+01
      vertex   -1.258819e+00 2.147171e+01 1.664633e+01
      vertex   -1.000000e+00 2.136603e+01 1.650000e+01
    endloop
  endfacet
  facet normal -1.300379e-01 -8.986123e-01 4.190298e-01
    outer loop
      vertex   -1.000000e+00 2.136603e+01 1.650000e+01
      vertex   -1.258819e+00 2.147171e+01 1.664633e+01
      vertex   -1.258819e+00 2.139553e+01 1.648296e+01
    endloop
  endfacet
  facet normal -1.300379e-01 -8.121966e-01 5.687062e-01
    outer loop
      vertex   -1.000000e+00 2.136603e+01 1.650000e+01
      vertex   -1.258819e+00 2.139553e+01 1.648296e+01
      vertex   -1.258819e+00 2.129215e+01 1.633531e+01
    endloop
  endfacet
  facet normal -3.814394e-01 -7.572191e-01 5.302105e-01
    outer loop
      vertex   -1.258819e+00 2.129215e+01 1.633531e+01
      vertex   -1.258819e+00 2.139553e+01 1.648296e+01
      vertex   -1.500000e+00 2.148205e+01 1.643301e+01
    endloop
  endfacet
  facet normal -3.814394e-01 -7.572191e-01 5.302105e-01
    outer loop
      vertex   -1.258819e+00 2.129215e+01 1.633531e+01
      vertex   -1.500000e+00 2.148205e+01 1.643301e+01
      vertex   -1.500000e+00 2.136867e+01 1.627110e+01
    endloop
  endfacet
  facet normal -6.073003e-01 -6.507937e-01 4.556906e-01
    outer loop
      vertex   -1.500000e+00 2.136867e+01 1.627110e+01
      vertex   -1.500000e+00 2.148205e+01 1.643301e+01
      vertex   -1.707107e+00 2.161968e+01 1.635355e+01
    endloop
  endfacet
  facet normal -1.588610e-01 -6.010307e-01 7.832785e-01
    outer loop
      vertex   -1.000000e+00 2.100000e+01 1.613397e+01
      vertex   -1.000000e+00 2.120711e+01 1.629289e+01
      vertex   -1.258819e+00 2.116469e+01 1.620785e+01
    endloop
  endfacet
  facet normal -1.156674e-01 -7.023607e-01 7.023607e-01
    outer loop
      vertex   -1.258819e+00 2.116469e+01 1.620785e+01
      vertex   -1.000000e+00 2.120711e+01 1.629289e+01
      vertex   -1.258819e+00 2.129215e+01 1.633531e+01
    endloop
  endfacet
  facet normal -3.814394e-01 -6.536451e-01 6.536451e-01
    outer loop
      vertex   -1.258819e+00 2.116469e+01 1.620785e+01
      vertex   -1.258819e+00 2.129215e+01 1.633531e+01
      vertex   -1.500000e+00 2.136867e+01 1.627110e+01
    endloop
  endfacet
  facet normal -1.588610e-01 -7.832785e-01 6.010307e-01
    outer loop
      vertex   -1.000000e+00 2.120711e+01 1.629289e+01
      vertex   -1.000000e+00 2.136603e+01 1.650000e+01
      vertex   -1.258819e+00 2.129215e+01 1.633531e+01
    endloop
  endfacet
  facet normal -9.905716e-01 -1.293083e-01 4.524691e-02
    outer loop
      vertex   -2.000000e+00 2.244986e+01 1.655496e+01
      vertex   -2.000000e+00 2.230194e+01 1.613223e+01
      vertex   -1.965926e+00 2.213617e+01 1.640448e+01
    endloop
  endfacet
  facet normal -9.918521e-01 -1.154591e-01 5.383946e-02
    outer loop
      vertex   -1.965926e+00 2.213617e+01 1.640448e+01
      vertex   -2.000000e+00 2.230194e+01 1.613223e+01
      vertex   -1.965926e+00 2.200791e+01 1.612941e+01
    endloop
  endfacet
  facet normal -9.233622e-01 -3.479588e-01 1.622559e-01
    outer loop
      vertex   -1.965926e+00 2.213617e+01 1.640448e+01
      vertex   -1.965926e+00 2.200791e+01 1.612941e+01
      vertex   -1.866025e+00 2.179904e+01 1.625000e+01
    endloop
  endfacet
  facet normal -9.233622e-01 -3.144971e-01 2.202133e-01
    outer loop
      vertex   -1.866025e+00 2.179904e+01 1.625000e+01
      vertex   -1.965926e+00 2.200791e+01 1.612941e+01
      vertex   -1.866025e+00 2.164907e+01 1.603582e+01
    endloop
  endfacet
  facet normal -7.922305e-01 -4.998645e-01 3.500089e-01
    outer loop
      vertex   -1.866025e+00 2.179904e+01 1.625000e+01
      vertex   -1.866025e+00 2.164907e+01 1.603582e+01
      vertex   -1.707107e+00 2.149041e+01 1.616894e+01
    endloop
  endfacet
  facet normal -7.922305e-01 -4.314921e-01 4.314921e-01
    outer loop
      vertex   -1.707107e+00 2.149041e+01 1.616894e+01
      vertex   -1.866025e+00 2.164907e+01 1.603582e+01
      vertex   -1.707107e+00 2.133106e+01 1.600959e+01
    endloop
  endfacet
  facet normal -6.073003e-01 -5.617768e-01 5.617768e-01
    outer loop
      vertex   -1.707107e+00 2.149041e+01 1.616894e+01
      vertex   -1.707107e+00 2.133106e+01 1.600959e+01
      vertex   -1.500000e+00 2.122890e+01 1.613133e+01
    endloop
  endfacet
  facet normal -6.073003e-01 -4.556906e-01 6.507937e-01
    outer loop
      vertex   -1.500000e+00 2.122890e+01 1.613133e+01
      vertex   -1.707107e+00 2.133106e+01 1.600959e+01
      vertex   -1.500000e+00 2.106699e+01 1.601795e+01
    endloop
  endfacet
  facet normal -3.814394e-01 -5.302105e-01 7.572191e-01
    outer loop
      vertex   -1.500000e+00 2.122890e+01 1.613133e+01
      vertex   -1.500000e+00 2.106699e+01 1.601795e+01
      vertex   -1.258819e+00 2.101704e+01 1.610447e+01
    endloop
  endfacet
  facet normal -3.814394e-01 -3.906657e-01 8.377853e-01
    outer loop
      vertex   -1.258819e+00 2.101704e+01 1.610447e+01
      vertex   -1.500000e+00 2.106699e+01 1.601795e+01
      vertex   -1.258819e+00 2.085367e+01 1.602829e+01
    endloop
  endfacet
  facet normal -9.906527e-01 -1.155000e-01 7.257344e-02
    outer loop
      vertex   -2.000000e+00 2.230194e+01 1.613223e+01
      vertex   -2.000000e+00 2.206366e+01 1.575302e+01
      vertex   -1.965926e+00 2.200791e+01 1.612941e+01
    endloop
  endfacet
  facet normal -9.916210e-01 -1.058189e-01 7.409519e-02
    outer loop
      vertex   -1.965926e+00 2.200791e+01 1.612941e+01
      vertex   -2.000000e+00 2.206366e+01 1.575302e+01
      vertex   -1.965926e+00 2.183382e+01 1.588079e+01
    endloop
  endfacet
  facet normal -9.233622e-01 -3.144971e-01 2.202133e-01
    outer loop
      vertex   -1.965926e+00 2.200791e+01 1.612941e+01
      vertex   -1.965926e+00 2.183382e+01 1.588079e+01
      vertex   -1.866025e+00 2.164907e+01 1.603582e+01
    endloop
  endfacet
  facet normal -9.233622e-01 -2.714796e-01 2.714796e-01
    outer loop
      vertex   -1.866025e+00 2.164907e+01 1.603582e+01
      vertex   -1.965926e+00 2.183382e+01 1.588079e+01
      vertex   -1.866025e+00 2.146418e+01 1.585093e+01
    endloop
  endfacet
  facet normal -7.922305e-01 -4.314921e-01 4.314921e-01
    outer loop
      vertex   -1.866025e+00 2.164907e+01 1.603582e+01
      vertex   -1.866025e+00 2.146418e+01 1.585093e+01
      vertex   -1.707107e+00 2.133106e+01 1.600959e+01
    endloop
  endfacet
  facet normal -7.922305e-01 -3.500089e-01 4.998645e-01
    outer loop
      vertex   -1.707107e+00 2.133106e+01 1.600959e+01
      vertex   -1.866025e+00 2.146418e+01 1.585093e+01
      vertex   -1.707107e+00 2.114645e+01 1.588032e+01
    endloop
  endfacet
  facet normal -6.073003e-01 -4.556906e-01 6.507937e-01
    outer loop
      vertex   -1.707107e+00 2.133106e+01 1.600959e+01
      vertex   -1.707107e+00 2.114645e+01 1.588032e+01
      vertex   -1.500000e+00 2.106699e+01 1.601795e+01
    endloop
  endfacet
  facet normal -6.073003e-01 -3.357585e-01 7.200365e-01
    outer loop
      vertex   -1.500000e+00 2.106699e+01 1.601795e+01
      vertex   -1.707107e+00 2.114645e+01 1.588032e+01
      vertex   -1.500000e+00 2.088784e+01 1.593441e+01
    endloop
  endfacet
  facet normal -3.814394e-01 -3.906657e-01 8.377853e-01
    outer loop
      vertex   -1.500000e+00 2.106699e+01 1.601795e+01
      vertex   -1.500000e+00 2.088784e+01 1.593441e+01
      vertex   -1.258819e+00 2.085367e+01 1.602829e+01
    endloop
  endfacet
  facet normal -3.814394e-01 -2.392507e-01 8.928959e-01
    outer loop
      vertex   -1.258819e+00 2.085367e+01 1.602829e+01
      vertex   -1.500000e+00 2.088784e+01 1.593441e+01
      vertex   -1.258819e+00 2.067957e+01 1.598164e+01
    endloop
  endfacet
  facet normal -9.910430e-01 -9.442933e-02 9.442933e-02
    outer loop
      vertex   -2.000000e+00 2.206366e+01 1.575302e+01
      vertex   -2.000000e+00 2.174698e+01 1.543634e+01
      vertex   -1.965926e+00 2.183382e+01 1.588079e+01
    endloop
  endfacet
  facet normal -9.910430e-01 -9.442933e-02 9.442933e-02
    outer loop
      vertex   -1.965926e+00 2.183382e+01 1.588079e+01
      vertex   -2.000000e+00 2.174698e+01 1.543634e+01
      vertex   -1.965926e+00 2.161921e+01 1.566618e+01
    endloop
  endfacet
  facet normal -9.233622e-01 -2.714796e-01 2.714796e-01
    outer loop
      vertex   -1.965926e+00 2.183382e+01 1.588079e+01
      vertex   -1.965926e+00 2.161921e+01 1.566618e+01
      vertex   -1.866025e+00 2.146418e+01 1.585093e+01
    endloop
  endfacet
  facet normal -9.233622e-01 -2.202133e-01 3.144971e-01
    outer loop
      vertex   -1.866025e+00 2.146418e+01 1.585093e+01
      vertex   -1.965926e+00 2.161921e+01 1.566618e+01
      vertex   -1.866025e+00 2.125000e+01 1.570096e+01
    endloop
  endfacet
  facet normal -7.922305e-01 -3.500089e-01 4.998645e-01
    outer loop
      vertex   -1.866025e+00 2.146418e+01 1.585093e+01
      vertex   -1.866025e+00 2.125000e+01 1.570096e+01
      vertex   -1.707107e+00 2.114645e+01 1.588032e+01
    endloop
  endfacet
  facet normal -7.922305e-01 -2.578909e-01 5.530489e-01
    outer loop
      vertex   -1.707107e+00 2.114645e+01 1.588032e+01
      vertex   -1.866025e+00 2.125000e+01 1.570096e+01
      vertex   -1.707107e+00 2.094220e+01 1.578508e+01
    endloop
  endfacet
  facet normal -6.073003e-01 -3.357585e-01 7.200365e-01
    outer loop
      vertex   -1.707107e+00 2.114645e+01 1.588032e+01
      vertex   -1.707107e+00 2.094220e+01 1.578508e+01
      vertex   -1.500000e+00 2.088784e+01 1.593441e+01
    endloop
  endfacet
  facet normal -6.073003e-01 -2.056246e-01 7.674014e-01
    outer loop
      vertex   -1.500000e+00 2.088784e+01 1.593441e+01
      vertex   -1.707107e+00 2.094220e+01 1.578508e+01
      vertex   -1.500000e+00 2.069691e+01 1.588325e+01
    endloop
  endfacet
  facet normal -3.814394e-01 -2.392507e-01 8.928959e-01
    outer loop
      vertex   -1.500000e+00 2.088784e+01 1.593441e+01
      vertex   -1.500000e+00 2.069691e+01 1.588325e+01
      vertex   -1.258819e+00 2.067957e+01 1.598164e+01
    endloop
  endfacet
  facet normal -9.916210e-01 -7.409519e-02 1.058189e-01
    outer loop
      vertex   -1.965926e+00 2.161921e+01 1.566618e+01
      vertex   -2.000000e+00 2.174698e+01 1.543634e+01
      vertex   -1.965926e+00 2.137059e+01 1.549209e+01
    endloop
  endfacet
  facet normal -9.906527e-01 -7.257344e-02 1.155000e-01
    outer loop
      vertex   -1.965926e+00 2.137059e+01 1.549209e+01
      vertex   -2.000000e+00 2.174698e+01 1.543634e+01
      vertex   -2.000000e+00 2.136777e+01 1.519806e+01
    endloop
  endfacet
  facet normal -9.918521e-01 -5.383946e-02 1.154591e-01
    outer loop
      vertex   -1.965926e+00 2.137059e+01 1.549209e+01
      vertex   -2.000000e+00 2.136777e+01 1.519806e+01
      vertex   -1.965926e+00 2.109552e+01 1.536383e+01
    endloop
  endfacet
  facet normal -9.905716e-01 -4.524691e-02 1.293083e-01
    outer loop
      vertex   -1.965926e+00 2.109552e+01 1.536383e+01
      vertex   -2.000000e+00 2.136777e+01 1.519806e+01
      vertex   -2.000000e+00 2.094504e+01 1.505014e+01
    endloop
  endfacet
  facet normal -9.917761e-01 -3.312496e-02 1.236240e-01
    outer loop
      vertex   -1.965926e+00 2.109552e+01 1.536383e+01
      vertex   -2.000000e+00 2.094504e+01 1.505014e+01
      vertex   -1.965926e+00 2.080235e+01 1.528527e+01
    endloop
  endfacet
  facet normal -6.073003e-01 -2.056246e-01 7.674014e-01
    outer loop
      vertex   -1.500000e+00 2.069691e+01 1.588325e+01
      vertex   -1.707107e+00 2.094220e+01 1.578508e+01
      vertex   -1.707107e+00 2.072451e+01 1.572675e+01
    endloop
  endfacet
  facet normal -7.922305e-01 -1.579371e-01 5.894291e-01
    outer loop
      vertex   -1.707107e+00 2.072451e+01 1.572675e+01
      vertex   -1.707107e+00 2.094220e+01 1.578508e+01
      vertex   -1.866025e+00 2.101303e+01 1.559046e+01
    endloop
  endfacet
  facet normal -7.922305e-01 -1.579371e-01 5.894291e-01
    outer loop
      vertex   -1.707107e+00 2.072451e+01 1.572675e+01
      vertex   -1.866025e+00 2.101303e+01 1.559046e+01
      vertex   -1.866025e+00 2.076047e+01 1.552279e+01
    endloop
  endfacet
  facet normal -9.233622e-01 -9.936842e-02 3.708480e-01
    outer loop
      vertex   -1.866025e+00 2.076047e+01 1.552279e+01
      vertex   -1.866025e+00 2.101303e+01 1.559046e+01
      vertex   -1.965926e+00 2.109552e+01 1.536383e+01
    endloop
  endfacet
  facet normal -9.233622e-01 -9.936842e-02 3.708480e-01
    outer loop
      vertex   -1.866025e+00 2.076047e+01 1.552279e+01
      vertex   -1.965926e+00 2.109552e+01 1.536383e+01
      vertex   -1.965926e+00 2.080235e+01 1.528527e+01
    endloop
  endfacet
  facet normal -9.233622e-01 -1.622559e-01 3.479588e-01
    outer loop
      vertex   -1.965926e+00 2.137059e+01 1.549209e+01
      vertex   -1.965926e+00 2.109552e+01 1.536383e+01
      vertex   -1.866025e+00 2.101303e+01 1.559046e+01
    endloop
  endfacet
  facet normal -9.233622e-01 -1.622559e-01 3.479588e-01
    outer loop
      vertex   -1.965926e+00 2.137059e+01 1.549209e+01
      vertex   -1.866025e+00 2.101303e+01 1.559046e+01
      vertex   -1.866025e+00 2.125000e+01 1.570096e+01
    endloop
  endfacet
  facet normal -7.922305e-01 -2.578909e-01 5.530489e-01
    outer loop
      vertex   -1.866025e+00 2.125000e+01 1.570096e+01
      vertex   -1.866025e+00 2.101303e+01 1.559046e+01
      vertex   -1.707107e+00 2.094220e+01 1.578508e+01
    endloop
  endfacet
  facet normal -9.233622e-01 -2.202133e-01 3.144971e-01
    outer loop
      vertex   -1.965926e+00 2.137059e+01 1.549209e+01
      vertex   -1.866025e+00 2.125000e+01 1.570096e+01
      vertex   -1.965926e+00 2.161921e+01 1.566618e+01
    endloop
  endfacet
  facet normal -3.814394e-01 -8.377853e-01 3.906657e-01
    outer loop
      vertex   -1.500000e+00 2.148205e+01 1.643301e+01
      vertex   -1.258819e+00 2.139553e+01 1.648296e+01
      vertex   -1.500000e+00 2.156559e+01 1.661216e+01
    endloop
  endfacet
  facet normal -3.814394e-01 -8.377853e-01 3.906657e-01
    outer loop
      vertex   -1.500000e+00 2.156559e+01 1.661216e+01
      vertex   -1.258819e+00 2.139553e+01 1.648296e+01
      vertex   -1.258819e+00 2.147171e+01 1.664633e+01
    endloop
  endfacet
  facet normal -3.814394e-01 -8.928959e-01 2.392507e-01
    outer loop
      vertex   -1.500000e+00 2.156559e+01 1.661216e+01
      vertex   -1.258819e+00 2.147171e+01 1.664633e+01
      vertex   -1.500000e+00 2.161675e+01 1.680309e+01
    endloop
  endfacet
  facet normal -3.814394e-01 -8.928959e-01 2.392507e-01
    outer loop
      vertex   -1.500000e+00 2.161675e+01 1.680309e+01
      vertex   -1.258819e+00 2.147171e+01 1.664633e+01
      vertex   -1.258819e+00 2.151836e+01 1.682043e+01
    endloop
  endfacet
  facet normal -6.073003e-01 -7.200365e-01 3.357585e-01
    outer loop
      vertex   -1.707107e+00 2.161968e+01 1.635355e+01
      vertex   -1.500000e+00 2.148205e+01 1.643301e+01
      vertex   -1.707107e+00 2.171492e+01 1.655780e+01
    endloop
  endfacet
  facet normal -6.073003e-01 -7.200365e-01 3.357585e-01
    outer loop
      vertex   -1.707107e+00 2.171492e+01 1.655780e+01
      vertex   -1.500000e+00 2.148205e+01 1.643301e+01
      vertex   -1.500000e+00 2.156559e+01 1.661216e+01
    endloop
  endfacet
  facet normal -6.073003e-01 -7.674014e-01 2.056246e-01
    outer loop
      vertex   -1.707107e+00 2.171492e+01 1.655780e+01
      vertex   -1.500000e+00 2.156559e+01 1.661216e+01
      vertex   -1.707107e+00 2.177325e+01 1.677549e+01
    endloop
  endfacet
  facet normal -6.073003e-01 -7.674014e-01 2.056246e-01
    outer loop
      vertex   -1.707107e+00 2.177325e+01 1.677549e+01
      vertex   -1.500000e+00 2.156559e+01 1.661216e+01
      vertex   -1.500000e+00 2.161675e+01 1.680309e+01
    endloop
  endfacet
  facet normal -7.922305e-01 -5.530489e-01 2.578909e-01
    outer loop
      vertex   -1.707107e+00 2.161968e+01 1.635355e+01
      vertex   -1.707107e+00 2.171492e+01 1.655780e+01
      vertex   -1.866025e+00 2.190954e+01 1.648697e+01
    endloop
  endfacet
  facet normal -7.922305e-01 -5.894291e-01 1.579371e-01
    outer loop
      vertex   -1.866025e+00 2.190954e+01 1.648697e+01
      vertex   -1.707107e+00 2.171492e+01 1.655780e+01
      vertex   -1.866025e+00 2.197721e+01 1.673953e+01
    endloop
  endfacet
  facet normal -9.233622e-01 -3.708480e-01 9.936842e-02
    outer loop
      vertex   -1.866025e+00 2.190954e+01 1.648697e+01
      vertex   -1.866025e+00 2.197721e+01 1.673953e+01
      vertex   -1.965926e+00 2.221473e+01 1.669765e+01
    endloop
  endfacet
  facet normal -7.922305e-01 -5.894291e-01 1.579371e-01
    outer loop
      vertex   -1.866025e+00 2.197721e+01 1.673953e+01
      vertex   -1.707107e+00 2.171492e+01 1.655780e+01
      vertex   -1.707107e+00 2.177325e+01 1.677549e+01
    endloop
  endfacet
  facet normal -9.914449e-01 0.000000e+00 1.305262e-01
    outer loop
      vertex   -2.000000e+00 2.050000e+01 1.500000e+01
      vertex   -2.000000e+00 1.050000e+01 1.500000e+01
      vertex   -1.965926e+00 1.550000e+01 1.525882e+01
    endloop
  endfacet
  facet normal -9.914449e-01 0.000000e+00 1.305262e-01
    outer loop
      vertex   -1.965926e+00 1.550000e+01 1.525882e+01
      vertex   -2.000000e+00 1.050000e+01 1.500000e+01
      vertex   -1.965926e+00 1.050000e+01 1.525882e+01
    endloop
  endfacet
  facet normal -9.238795e-01 0.000000e+00 3.826834e-01
    outer loop
      vertex   -1.965926e+00 1.550000e+01 1.525882e+01
      vertex   -1.965926e+00 1.050000e+01 1.525882e+01
      vertex   -1.866025e+00 1.550000e+01 1.550000e+01
    endloop
  endfacet
  facet normal -9.238795e-01 0.000000e+00 3.826834e-01
    outer loop
      vertex   -1.866025e+00 1.550000e+01 1.550000e+01
      vertex   -1.965926e+00 1.050000e+01 1.525882e+01
      vertex   -1.866025e+00 1.050000e+01 1.550000e+01
    endloop
  endfacet
  facet normal -7.933533e-01 0.000000e+00 6.087614e-01
    outer loop
      vertex   -1.866025e+00 1.550000e+01 1.550000e+01
      vertex   -1.866025e+00 1.050000e+01 1.550000e+01
      vertex   -1.707107e+00 1.550000e+01 1.570711e+01
    endloop
  endfacet
  facet normal -7.933533e-01 3.523197e-17 6.087614e-01
    outer loop
      vertex   -1.707107e+00 1.550000e+01 1.570711e+01
      vertex   -1.866025e+00 1.050000e+01 1.550000e+01
      vertex   -1.707107e+00 1.050000e+01 1.570711e+01
    endloop
  endfacet
  facet normal -6.087614e-01 2.703444e-17 7.933533e-01
    outer loop
      vertex   -1.707107e+00 1.550000e+01 1.570711e+01
      vertex   -1.707107e+00 1.050000e+01 1.570711e+01
      vertex   -1.500000e+00 1.550000e+01 1.586603e+01
    endloop
  endfacet
  facet normal -6.087614e-01 0.000000e+00 7.933533e-01
    outer loop
      vertex   -1.500000e+00 1.550000e+01 1.586603e+01
      vertex   -1.707107e+00 1.050000e+01 1.570711e+01
      vertex   -1.500000e+00 1.050000e+01 1.586603e+01
    endloop
  endfacet
  facet normal -3.826834e-01 0.000000e+00 9.238795e-01
    outer loop
      vertex   -1.500000e+00 1.550000e+01 1.586603e+01
      vertex   -1.500000e+00 1.050000e+01 1.586603e+01
      vertex   -1.258819e+00 1.550000e+01 1.596593e+01
    endloop
  endfacet
  facet normal -3.826834e-01 0.000000e+00 9.238795e-01
    outer loop
      vertex   -1.258819e+00 1.550000e+01 1.596593e+01
      vertex   -1.500000e+00 1.050000e+01 1.586603e+01
      vertex   -1.258819e+00 1.050000e+01 1.596593e+01
    endloop
  endfacet
  facet normal -1.305262e-01 0.000000e+00 9.914449e-01
    outer loop
      vertex   -1.258819e+00 1.550000e+01 1.596593e+01
      vertex   -1.258819e+00 1.050000e+01 1.596593e+01
      vertex   -1.000000e+00 1.050000e+01 1.600000e+01
    endloop
  endfacet
  facet normal -1.305262e-01 2.898264e-18 9.914449e-01
    outer loop
      vertex   -1.000000e+00 1.050000e+01 1.600000e+01
      vertex   -1.000000e+00 2.050000e+01 1.600000e+01
      vertex   -1.258819e+00 1.550000e+01 1.596593e+01
    endloop
  endfacet
  facet normal -1.305262e-01 0.000000e+00 9.914449e-01
    outer loop
      vertex   -1.258819e+00 1.550000e+01 1.596593e+01
      vertex   -1.000000e+00 2.050000e+01 1.600000e+01
      vertex   -1.258819e+00 2.050000e+01 1.596593e+01
    endloop
  endfacet
  facet normal -3.826834e-01 0.000000e+00 9.238795e-01
    outer loop
      vertex   -1.258819e+00 1.550000e+01 1.596593e+01
      vertex   -1.258819e+00 2.050000e+01 1.596593e+01
      vertex   -1.500000e+00 1.550000e+01 1.586603e+01
    endloop
  endfacet
  facet normal -3.826834e-01 0.000000e+00 9.238795e-01
    outer loop
      vertex   -1.500000e+00 1.550000e+01 1.586603e+01
      vertex   -1.258819e+00 2.050000e+01 1.596593e+01
      vertex   -1.500000e+00 2.050000e+01 1.586603e+01
    endloop
  endfacet
  facet normal -6.087614e-01 0.000000e+00 7.933533e-01
    outer loop
      vertex   -1.500000e+00 1.550000e+01 1.586603e+01
      vertex   -1.500000e+00 2.050000e+01 1.586603e+01
      vertex   -1.707107e+00 1.550000e+01 1.570711e+01
    endloop
  endfacet
  facet normal -6.087614e-01 -2.703444e-17 7.933533e-01
    outer loop
      vertex   -1.707107e+00 1.550000e+01 1.570711e+01
      vertex   -1.500000e+00 2.050000e+01 1.586603e+01
      vertex   -1.707107e+00 2.050000e+01 1.570711e+01
    endloop
  endfacet
  facet normal -7.933533e-01 -3.523197e-17 6.087614e-01
    outer loop
      vertex   -1.707107e+00 1.550000e+01 1.570711e+01
      vertex   -1.707107e+00 2.050000e+01 1.570711e+01
      vertex   -1.866025e+00 1.550000e+01 1.550000e+01
    endloop
  endfacet
  facet normal -7.933533e-01 0.000000e+00 6.087614e-01
    outer loop
      vertex   -1.866025e+00 1.550000e+01 1.550000e+01
      vertex   -1.707107e+00 2.050000e+01 1.570711e+01
      vertex   -1.866025e+00 2.050000e+01 1.550000e+01
    endloop
  endfacet
  facet normal -9.238795e-01 0.000000e+00 3.826834e-01
    outer loop
      vertex   -1.866025e+00 1.550000e+01 1.550000e+01
      vertex   -1.866025e+00 2.050000e+01 1.550000e+01
      vertex   -1.965926e+00 1.550000e+01 1.525882e+01
    endloop
  endfacet
  facet normal -9.238795e-01 0.000000e+00 3.826834e-01
    outer loop
      vertex   -1.965926e+00 1.550000e+01 1.525882e+01
      vertex   -1.866025e+00 2.050000e+01 1.550000e+01
      vertex   -1.965926e+00 2.050000e+01 1.525882e+01
    endloop
  endfacet
  facet normal -9.914449e-01 0.000000e+00 1.305262e-01
    outer loop
      vertex   -1.965926e+00 1.550000e+01 1.525882e+01
      vertex   -1.965926e+00 2.050000e+01 1.525882e+01
      vertex   -2.000000e+00 2.050000e+01 1.500000e+01
    endloop
  endfacet
  facet normal -9.908119e-01 1.343969e-01 1.514289e-02
    outer loop
      vertex   -2.000000e+00 8.550144e+00 1.655496e+01
      vertex   -2.000000e+00 8.500000e+00 1.700000e+01
      vertex   -1.965926e+00 8.785271e+00 1.669765e+01
    endloop
  endfacet
  facet normal -9.913802e-01 1.305177e-01 1.141882e-02
    outer loop
      vertex   -1.965926e+00 8.785271e+00 1.669765e+01
      vertex   -2.000000e+00 8.500000e+00 1.700000e+01
      vertex   -1.965926e+00 8.758819e+00 1.700000e+01
    endloop
  endfacet
  facet normal -9.233622e-01 3.824691e-01 3.346171e-02
    outer loop
      vertex   -1.965926e+00 8.785271e+00 1.669765e+01
      vertex   -1.965926e+00 8.758819e+00 1.700000e+01
      vertex   -1.866025e+00 9.000000e+00 1.700000e+01
    endloop
  endfacet
  facet normal -9.233622e-01 3.824691e-01 3.346171e-02
    outer loop
      vertex   -1.965926e+00 8.785271e+00 1.669765e+01
      vertex   -1.866025e+00 9.000000e+00 1.700000e+01
      vertex   -1.866025e+00 9.022788e+00 1.673953e+01
    endloop
  endfacet
  facet normal -7.922305e-01 6.078999e-01 5.318435e-02
    outer loop
      vertex   -1.866025e+00 9.022788e+00 1.673953e+01
      vertex   -1.866025e+00 9.000000e+00 1.700000e+01
      vertex   -1.707107e+00 9.207107e+00 1.700000e+01
    endloop
  endfacet
  facet normal -7.922305e-01 6.078999e-01 5.318435e-02
    outer loop
      vertex   -1.866025e+00 9.022788e+00 1.673953e+01
      vertex   -1.707107e+00 9.207107e+00 1.700000e+01
      vertex   -1.707107e+00 9.226749e+00 1.677549e+01
    endloop
  endfacet
  facet normal -6.073003e-01 7.914492e-01 6.924283e-02
    outer loop
      vertex   -1.707107e+00 9.226749e+00 1.677549e+01
      vertex   -1.707107e+00 9.207107e+00 1.700000e+01
      vertex   -1.500000e+00 9.366025e+00 1.700000e+01
    endloop
  endfacet
  facet normal -6.073003e-01 7.914492e-01 6.924283e-02
    outer loop
      vertex   -1.707107e+00 9.226749e+00 1.677549e+01
      vertex   -1.500000e+00 9.366025e+00 1.700000e+01
      vertex   -1.500000e+00 9.383253e+00 1.680309e+01
    endloop
  endfacet
  facet normal -3.814394e-01 9.208762e-01 8.056623e-02
    outer loop
      vertex   -1.500000e+00 9.383253e+00 1.680309e+01
      vertex   -1.500000e+00 9.366025e+00 1.700000e+01
      vertex   -1.258819e+00 9.465926e+00 1.700000e+01
    endloop
  endfacet
  facet normal -3.814394e-01 9.208762e-01 8.056623e-02
    outer loop
      vertex   -1.500000e+00 9.383253e+00 1.680309e+01
      vertex   -1.258819e+00 9.465926e+00 1.700000e+01
      vertex   -1.258819e+00 9.481636e+00 1.682043e+01
    endloop
  endfacet
  facet normal -1.300379e-01 9.877360e-01 8.641571e-02
    outer loop
      vertex   -1.258819e+00 9.481636e+00 1.682043e+01
      vertex   -1.258819e+00 9.465926e+00 1.700000e+01
      vertex   -1.000000e+00 9.500000e+00 1.700000e+01
    endloop
  endfacet
  facet normal -1.588610e-01 9.788545e-01 1.288686e-01
    outer loop
      vertex   -1.258819e+00 9.481636e+00 1.682043e+01
      vertex   -1.000000e+00 9.500000e+00 1.700000e+01
      vertex   -1.000000e+00 9.534074e+00 1.674118e+01
    endloop
  endfacet
  facet normal -1.156674e-01 9.594425e-01 2.570819e-01
    outer loop
      vertex   -1.258819e+00 9.481636e+00 1.682043e+01
      vertex   -1.000000e+00 9.534074e+00 1.674118e+01
      vertex   -1.258819e+00 9.528288e+00 1.664633e+01
    endloop
  endfacet
  facet normal -1.588610e-01 9.121471e-01 3.778237e-01
    outer loop
      vertex   -1.258819e+00 9.528288e+00 1.664633e+01
      vertex   -1.000000e+00 9.534074e+00 1.674118e+01
      vertex   -1.000000e+00 9.633975e+00 1.650000e+01
    endloop
  endfacet
  facet normal -1.300379e-01 8.986123e-01 4.190298e-01
    outer loop
      vertex   -1.258819e+00 9.528288e+00 1.664633e+01
      vertex   -1.000000e+00 9.633975e+00 1.650000e+01
      vertex   -1.258819e+00 9.604465e+00 1.648296e+01
    endloop
  endfacet
  facet normal -1.300379e-01 8.121966e-01 5.687062e-01
    outer loop
      vertex   -1.258819e+00 9.604465e+00 1.648296e+01
      vertex   -1.000000e+00 9.633975e+00 1.650000e+01
      vertex   -1.258819e+00 9.707853e+00 1.633531e+01
    endloop
  endfacet
  facet normal -3.814394e-01 7.572191e-01 5.302105e-01
    outer loop
      vertex   -1.258819e+00 9.604465e+00 1.648296e+01
      vertex   -1.258819e+00 9.707853e+00 1.633531e+01
      vertex   -1.500000e+00 9.631325e+00 1.627110e+01
    endloop
  endfacet
  facet normal -3.814394e-01 6.536451e-01 6.536451e-01
    outer loop
      vertex   -1.500000e+00 9.631325e+00 1.627110e+01
      vertex   -1.258819e+00 9.707853e+00 1.633531e+01
      vertex   -1.500000e+00 9.771095e+00 1.613133e+01
    endloop
  endfacet
  facet normal -6.073003e-01 5.617768e-01 5.617768e-01
    outer loop
      vertex   -1.500000e+00 9.631325e+00 1.627110e+01
      vertex   -1.500000e+00 9.771095e+00 1.613133e+01
      vertex   -1.707107e+00 9.668944e+00 1.600959e+01
    endloop
  endfacet
  facet normal -6.073003e-01 4.556906e-01 6.507937e-01
    outer loop
      vertex   -1.707107e+00 9.668944e+00 1.600959e+01
      vertex   -1.500000e+00 9.771095e+00 1.613133e+01
      vertex   -1.707107e+00 9.853553e+00 1.588032e+01
    endloop
  endfacet
  facet normal -7.922305e-01 3.500089e-01 4.998645e-01
    outer loop
      vertex   -1.707107e+00 9.668944e+00 1.600959e+01
      vertex   -1.707107e+00 9.853553e+00 1.588032e+01
      vertex   -1.866025e+00 9.750000e+00 1.570096e+01
    endloop
  endfacet
  facet normal -7.922305e-01 2.578909e-01 5.530489e-01
    outer loop
      vertex   -1.866025e+00 9.750000e+00 1.570096e+01
      vertex   -1.707107e+00 9.853553e+00 1.588032e+01
      vertex   -1.866025e+00 9.986970e+00 1.559046e+01
    endloop
  endfacet
  facet normal -9.233622e-01 1.622559e-01 3.479588e-01
    outer loop
      vertex   -1.866025e+00 9.750000e+00 1.570096e+01
      vertex   -1.866025e+00 9.986970e+00 1.559046e+01
      vertex   -1.965926e+00 9.904481e+00 1.536383e+01
    endloop
  endfacet
  facet normal -9.233622e-01 9.936842e-02 3.708480e-01
    outer loop
      vertex   -1.965926e+00 9.904481e+00 1.536383e+01
      vertex   -1.866025e+00 9.986970e+00 1.559046e+01
      vertex   -1.965926e+00 1.019765e+01 1.528527e+01
    endloop
  endfacet
  facet normal -9.917761e-01 3.312496e-02 1.236240e-01
    outer loop
      vertex   -1.965926e+00 9.904481e+00 1.536383e+01
      vertex   -1.965926e+00 1.019765e+01 1.528527e+01
      vertex   -2.000000e+00 1.005496e+01 1.505014e+01
    endloop
  endfacet
  facet normal -9.908119e-01 1.514289e-02 1.343969e-01
    outer loop
      vertex   -2.000000e+00 1.005496e+01 1.505014e+01
      vertex   -1.965926e+00 1.019765e+01 1.528527e+01
      vertex   -2.000000e+00 1.050000e+01 1.500000e+01
    endloop
  endfacet
  facet normal -9.913802e-01 1.141882e-02 1.305177e-01
    outer loop
      vertex   -2.000000e+00 1.050000e+01 1.500000e+01
      vertex   -1.965926e+00 1.019765e+01 1.528527e+01
      vertex   -1.965926e+00 1.050000e+01 1.525882e+01
    endloop
  endfacet
  facet normal -9.233622e-01 3.346171e-02 3.824691e-01
    outer loop
      vertex   -1.965926e+00 1.050000e+01 1.525882e+01
      vertex   -1.965926e+00 1.019765e+01 1.528527e+01
      vertex   -1.866025e+00 1.023953e+01 1.552279e+01
    endloop
  endfacet
  facet normal -9.233622e-01 3.346171e-02 3.824691e-01
    outer loop
      vertex   -1.965926e+00 1.050000e+01 1.525882e+01
      vertex   -1.866025e+00 1.023953e+01 1.552279e+01
      vertex   -1.866025e+00 1.050000e+01 1.550000e+01
    endloop
  endfacet
  facet normal -7.922305e-01 5.318435e-02 6.078999e-01
    outer loop
      vertex   -1.866025e+00 1.050000e+01 1.550000e+01
      vertex   -1.866025e+00 1.023953e+01 1.552279e+01
      vertex   -1.707107e+00 1.027549e+01 1.572675e+01
    endloop
  endfacet
  facet normal -7.922305e-01 5.318435e-02 6.078999e-01
    outer loop
      vertex   -1.866025e+00 1.050000e+01 1.550000e+01
      vertex   -1.707107e+00 1.027549e+01 1.572675e+01
      vertex   -1.707107e+00 1.050000e+01 1.570711e+01
    endloop
  endfacet
  facet normal -6.073003e-01 6.924283e-02 7.914492e-01
    outer loop
      vertex   -1.707107e+00 1.050000e+01 1.570711e+01
      vertex   -1.707107e+00 1.027549e+01 1.572675e+01
      vertex   -1.500000e+00 1.030309e+01 1.588325e+01
    endloop
  endfacet
  facet normal -6.073003e-01 6.924283e-02 7.914492e-01
    outer loop
      vertex   -1.707107e+00 1.050000e+01 1.570711e+01
      vertex   -1.500000e+00 1.030309e+01 1.588325e+01
      vertex   -1.500000e+00 1.050000e+01 1.586603e+01
    endloop
  endfacet
  facet normal -3.814394e-01 8.056623e-02 9.208762e-01
    outer loop
      vertex   -1.500000e+00 1.050000e+01 1.586603e+01
      vertex   -1.500000e+00 1.030309e+01 1.588325e+01
      vertex   -1.258819e+00 1.032043e+01 1.598164e+01
    endloop
  endfacet
  facet normal -3.814394e-01 8.056623e-02 9.208762e-01
    outer loop
      vertex   -1.500000e+00 1.050000e+01 1.586603e+01
      vertex   -1.258819e+00 1.032043e+01 1.598164e+01
      vertex   -1.258819e+00 1.050000e+01 1.596593e+01
    endloop
  endfacet
  facet normal -1.300379e-01 8.641571e-02 9.877360e-01
    outer loop
      vertex   -1.258819e+00 1.050000e+01 1.596593e+01
      vertex   -1.258819e+00 1.032043e+01 1.598164e+01
      vertex   -1.000000e+00 1.050000e+01 1.600000e+01
    endloop
  endfacet
  facet normal -1.588610e-01 1.288686e-01 9.788545e-01
    outer loop
      vertex   -1.000000e+00 1.050000e+01 1.600000e+01
      vertex   -1.258819e+00 1.032043e+01 1.598164e+01
      vertex   -1.000000e+00 1.024118e+01 1.603407e+01
    endloop
  endfacet
  facet normal -1.156674e-01 2.570819e-01 9.594425e-01
    outer loop
      vertex   -1.000000e+00 1.024118e+01 1.603407e+01
      vertex   -1.258819e+00 1.032043e+01 1.598164e+01
      vertex   -1.258819e+00 1.014633e+01 1.602829e+01
    endloop
  endfacet
  facet normal -1.588610e-01 3.778237e-01 9.121471e-01
    outer loop
      vertex   -1.000000e+00 1.024118e+01 1.603407e+01
      vertex   -1.258819e+00 1.014633e+01 1.602829e+01
      vertex   -1.000000e+00 1.000000e+01 1.613397e+01
    endloop
  endfacet
  facet normal -1.300379e-01 4.190298e-01 8.986123e-01
    outer loop
      vertex   -1.000000e+00 1.000000e+01 1.613397e+01
      vertex   -1.258819e+00 1.014633e+01 1.602829e+01
      vertex   -1.258819e+00 9.982963e+00 1.610447e+01
    endloop
  endfacet
  facet normal -1.300379e-01 5.687062e-01 8.121966e-01
    outer loop
      vertex   -1.000000e+00 1.000000e+01 1.613397e+01
      vertex   -1.258819e+00 9.982963e+00 1.610447e+01
      vertex   -1.258819e+00 9.835310e+00 1.620785e+01
    endloop
  endfacet
  facet normal -3.814394e-01 5.302105e-01 7.572191e-01
    outer loop
      vertex   -1.258819e+00 9.835310e+00 1.620785e+01
      vertex   -1.258819e+00 9.982963e+00 1.610447e+01
      vertex   -1.500000e+00 9.933013e+00 1.601795e+01
    endloop
  endfacet
  facet normal -3.814394e-01 5.302105e-01 7.572191e-01
    outer loop
      vertex   -1.258819e+00 9.835310e+00 1.620785e+01
      vertex   -1.500000e+00 9.933013e+00 1.601795e+01
      vertex   -1.500000e+00 9.771095e+00 1.613133e+01
    endloop
  endfacet
  facet normal -6.073003e-01 4.556906e-01 6.507937e-01
    outer loop
      vertex   -1.500000e+00 9.771095e+00 1.613133e+01
      vertex   -1.500000e+00 9.933013e+00 1.601795e+01
      vertex   -1.707107e+00 9.853553e+00 1.588032e+01
    endloop
  endfacet
  facet normal -1.588610e-01 7.832785e-01 6.010307e-01
    outer loop
      vertex   -1.000000e+00 9.633975e+00 1.650000e+01
      vertex   -1.000000e+00 9.792893e+00 1.629289e+01
      vertex   -1.258819e+00 9.707853e+00 1.633531e+01
    endloop
  endfacet
  facet normal -1.156674e-01 7.023607e-01 7.023607e-01
    outer loop
      vertex   -1.258819e+00 9.707853e+00 1.633531e+01
      vertex   -1.000000e+00 9.792893e+00 1.629289e+01
      vertex   -1.258819e+00 9.835310e+00 1.620785e+01
    endloop
  endfacet
  facet normal -3.814394e-01 6.536451e-01 6.536451e-01
    outer loop
      vertex   -1.258819e+00 9.707853e+00 1.633531e+01
      vertex   -1.258819e+00 9.835310e+00 1.620785e+01
      vertex   -1.500000e+00 9.771095e+00 1.613133e+01
    endloop
  endfacet
  facet normal -1.588610e-01 6.010307e-01 7.832785e-01
    outer loop
      vertex   -1.000000e+00 9.792893e+00 1.629289e+01
      vertex   -1.000000e+00 1.000000e+01 1.613397e+01
      vertex   -1.258819e+00 9.835310e+00 1.620785e+01
    endloop
  endfacet
  facet normal -9.905716e-01 4.524691e-02 1.293083e-01
    outer loop
      vertex   -2.000000e+00 1.005496e+01 1.505014e+01
      vertex   -2.000000e+00 9.632232e+00 1.519806e+01
      vertex   -1.965926e+00 9.904481e+00 1.536383e+01
    endloop
  endfacet
  facet normal -9.918521e-01 5.383946e-02 1.154591e-01
    outer loop
      vertex   -1.965926e+00 9.904481e+00 1.536383e+01
      vertex   -2.000000e+00 9.632232e+00 1.519806e+01
      vertex   -1.965926e+00 9.629409e+00 1.549209e+01
    endloop
  endfacet
  facet normal -9.233622e-01 1.622559e-01 3.479588e-01
    outer loop
      vertex   -1.965926e+00 9.904481e+00 1.536383e+01
      vertex   -1.965926e+00 9.629409e+00 1.549209e+01
      vertex   -1.866025e+00 9.750000e+00 1.570096e+01
    endloop
  endfacet
  facet normal -9.233622e-01 2.202133e-01 3.144971e-01
    outer loop
      vertex   -1.866025e+00 9.750000e+00 1.570096e+01
      vertex   -1.965926e+00 9.629409e+00 1.549209e+01
      vertex   -1.866025e+00 9.535819e+00 1.585093e+01
    endloop
  endfacet
  facet normal -7.922305e-01 3.500089e-01 4.998645e-01
    outer loop
      vertex   -1.866025e+00 9.750000e+00 1.570096e+01
      vertex   -1.866025e+00 9.535819e+00 1.585093e+01
      vertex   -1.707107e+00 9.668944e+00 1.600959e+01
    endloop
  endfacet
  facet normal -7.922305e-01 4.314921e-01 4.314921e-01
    outer loop
      vertex   -1.707107e+00 9.668944e+00 1.600959e+01
      vertex   -1.866025e+00 9.535819e+00 1.585093e+01
      vertex   -1.707107e+00 9.509586e+00 1.616894e+01
    endloop
  endfacet
  facet normal -6.073003e-01 5.617768e-01 5.617768e-01
    outer loop
      vertex   -1.707107e+00 9.668944e+00 1.600959e+01
      vertex   -1.707107e+00 9.509586e+00 1.616894e+01
      vertex   -1.500000e+00 9.631325e+00 1.627110e+01
    endloop
  endfacet
  facet normal -6.073003e-01 6.507937e-01 4.556906e-01
    outer loop
      vertex   -1.500000e+00 9.631325e+00 1.627110e+01
      vertex   -1.707107e+00 9.509586e+00 1.616894e+01
      vertex   -1.500000e+00 9.517949e+00 1.643301e+01
    endloop
  endfacet
  facet normal -3.814394e-01 7.572191e-01 5.302105e-01
    outer loop
      vertex   -1.500000e+00 9.631325e+00 1.627110e+01
      vertex   -1.500000e+00 9.517949e+00 1.643301e+01
      vertex   -1.258819e+00 9.604465e+00 1.648296e+01
    endloop
  endfacet
  facet normal -3.814394e-01 8.377853e-01 3.906657e-01
    outer loop
      vertex   -1.258819e+00 9.604465e+00 1.648296e+01
      vertex   -1.500000e+00 9.517949e+00 1.643301e+01
      vertex   -1.258819e+00 9.528288e+00 1.664633e+01
    endloop
  endfacet
  facet normal -9.906527e-01 7.257344e-02 1.155000e-01
    outer loop
      vertex   -2.000000e+00 9.632232e+00 1.519806e+01
      vertex   -2.000000e+00 9.253020e+00 1.543634e+01
      vertex   -1.965926e+00 9.629409e+00 1.549209e+01
    endloop
  endfacet
  facet normal -9.916210e-01 7.409519e-02 1.058189e-01
    outer loop
      vertex   -1.965926e+00 9.629409e+00 1.549209e+01
      vertex   -2.000000e+00 9.253020e+00 1.543634e+01
      vertex   -1.965926e+00 9.380790e+00 1.566618e+01
    endloop
  endfacet
  facet normal -9.233622e-01 2.202133e-01 3.144971e-01
    outer loop
      vertex   -1.965926e+00 9.629409e+00 1.549209e+01
      vertex   -1.965926e+00 9.380790e+00 1.566618e+01
      vertex   -1.866025e+00 9.535819e+00 1.585093e+01
    endloop
  endfacet
  facet normal -9.233622e-01 2.714796e-01 2.714796e-01
    outer loop
      vertex   -1.866025e+00 9.535819e+00 1.585093e+01
      vertex   -1.965926e+00 9.380790e+00 1.566618e+01
      vertex   -1.866025e+00 9.350933e+00 1.603582e+01
    endloop
  endfacet
  facet normal -7.922305e-01 4.314921e-01 4.314921e-01
    outer loop
      vertex   -1.866025e+00 9.535819e+00 1.585093e+01
      vertex   -1.866025e+00 9.350933e+00 1.603582e+01
      vertex   -1.707107e+00 9.509586e+00 1.616894e+01
    endloop
  endfacet
  facet normal -7.922305e-01 4.998645e-01 3.500089e-01
    outer loop
      vertex   -1.707107e+00 9.509586e+00 1.616894e+01
      vertex   -1.866025e+00 9.350933e+00 1.603582e+01
      vertex   -1.707107e+00 9.380322e+00 1.635355e+01
    endloop
  endfacet
  facet normal -6.073003e-01 6.507937e-01 4.556906e-01
    outer loop
      vertex   -1.707107e+00 9.509586e+00 1.616894e+01
      vertex   -1.707107e+00 9.380322e+00 1.635355e+01
      vertex   -1.500000e+00 9.517949e+00 1.643301e+01
    endloop
  endfacet
  facet normal -6.073003e-01 7.200365e-01 3.357585e-01
    outer loop
      vertex   -1.500000e+00 9.517949e+00 1.643301e+01
      vertex   -1.707107e+00 9.380322e+00 1.635355e+01
      vertex   -1.500000e+00 9.434412e+00 1.661216e+01
    endloop
  endfacet
  facet normal -3.814394e-01 8.377853e-01 3.906657e-01
    outer loop
      vertex   -1.500000e+00 9.517949e+00 1.643301e+01
      vertex   -1.500000e+00 9.434412e+00 1.661216e+01
      vertex   -1.258819e+00 9.528288e+00 1.664633e+01
    endloop
  endfacet
  facet normal -3.814394e-01 8.928959e-01 2.392507e-01
    outer loop
      vertex   -1.258819e+00 9.528288e+00 1.664633e+01
      vertex   -1.500000e+00 9.434412e+00 1.661216e+01
      vertex   -1.258819e+00 9.481636e+00 1.682043e+01
    endloop
  endfacet
  facet normal -9.910430e-01 9.442933e-02 9.442933e-02
    outer loop
      vertex   -2.000000e+00 9.253020e+00 1.543634e+01
      vertex   -2.000000e+00 8.936337e+00 1.575302e+01
      vertex   -1.965926e+00 9.380790e+00 1.566618e+01
    endloop
  endfacet
  facet normal -9.910430e-01 9.442933e-02 9.442933e-02
    outer loop
      vertex   -1.965926e+00 9.380790e+00 1.566618e+01
      vertex   -2.000000e+00 8.936337e+00 1.575302e+01
      vertex   -1.965926e+00 9.166178e+00 1.588079e+01
    endloop
  endfacet
  facet normal -9.233622e-01 2.714796e-01 2.714796e-01
    outer loop
      vertex   -1.965926e+00 9.380790e+00 1.566618e+01
      vertex   -1.965926e+00 9.166178e+00 1.588079e+01
      vertex   -1.866025e+00 9.350933e+00 1.603582e+01
    endloop
  endfacet
  facet normal -9.233622e-01 3.144971e-01 2.202133e-01
    outer loop
      vertex   -1.866025e+00 9.350933e+00 1.603582e+01
      vertex   -1.965926e+00 9.166178e+00 1.588079e+01
      vertex   -1.866025e+00 9.200962e+00 1.625000e+01
    endloop
  endfacet
  facet normal -7.922305e-01 4.998645e-01 3.500089e-01
    outer loop
      vertex   -1.866025e+00 9.350933e+00 1.603582e+01
      vertex   -1.866025e+00 9.200962e+00 1.625000e+01
      vertex   -1.707107e+00 9.380322e+00 1.635355e+01
    endloop
  endfacet
  facet normal -7.922305e-01 5.530489e-01 2.578909e-01
    outer loop
      vertex   -1.707107e+00 9.380322e+00 1.635355e+01
      vertex   -1.866025e+00 9.200962e+00 1.625000e+01
      vertex   -1.707107e+00 9.285078e+00 1.655780e+01
    endloop
  endfacet
  facet normal -6.073003e-01 7.200365e-01 3.357585e-01
    outer loop
      vertex   -1.707107e+00 9.380322e+00 1.635355e+01
      vertex   -1.707107e+00 9.285078e+00 1.655780e+01
      vertex   -1.500000e+00 9.434412e+00 1.661216e+01
    endloop
  endfacet
  facet normal -6.073003e-01 7.674014e-01 2.056246e-01
    outer loop
      vertex   -1.500000e+00 9.434412e+00 1.661216e+01
      vertex   -1.707107e+00 9.285078e+00 1.655780e+01
      vertex   -1.500000e+00 9.383253e+00 1.680309e+01
    endloop
  endfacet
  facet normal -3.814394e-01 8.928959e-01 2.392507e-01
    outer loop
      vertex   -1.500000e+00 9.434412e+00 1.661216e+01
      vertex   -1.500000e+00 9.383253e+00 1.680309e+01
      vertex   -1.258819e+00 9.481636e+00 1.682043e+01
    endloop
  endfacet
  facet normal -9.916210e-01 1.058189e-01 7.409519e-02
    outer loop
      vertex   -1.965926e+00 9.166178e+00 1.588079e+01
      vertex   -2.000000e+00 8.936337e+00 1.575302e+01
      vertex   -1.965926e+00 8.992093e+00 1.612941e+01
    endloop
  endfacet
  facet normal -9.906527e-01 1.155000e-01 7.257344e-02
    outer loop
      vertex   -1.965926e+00 8.992093e+00 1.612941e+01
      vertex   -2.000000e+00 8.936337e+00 1.575302e+01
      vertex   -2.000000e+00 8.698062e+00 1.613223e+01
    endloop
  endfacet
  facet normal -9.918521e-01 1.154591e-01 5.383946e-02
    outer loop
      vertex   -1.965926e+00 8.992093e+00 1.612941e+01
      vertex   -2.000000e+00 8.698062e+00 1.613223e+01
      vertex   -1.965926e+00 8.863825e+00 1.640448e+01
    endloop
  endfacet
  facet normal -9.905716e-01 1.293083e-01 4.524691e-02
    outer loop
      vertex   -1.965926e+00 8.863825e+00 1.640448e+01
      vertex   -2.000000e+00 8.698062e+00 1.613223e+01
      vertex   -2.000000e+00 8.550144e+00 1.655496e+01
    endloop
  endfacet
  facet normal -9.917761e-01 1.236240e-01 3.312496e-02
    outer loop
      vertex   -1.965926e+00 8.863825e+00 1.640448e+01
      vertex   -2.000000e+00 8.550144e+00 1.655496e+01
      vertex   -1.965926e+00 8.785271e+00 1.669765e+01
    endloop
  endfacet
  facet normal -6.073003e-01 7.674014e-01 2.056246e-01
    outer loop
      vertex   -1.500000e+00 9.383253e+00 1.680309e+01
      vertex   -1.707107e+00 9.285078e+00 1.655780e+01
      vertex   -1.707107e+00 9.226749e+00 1.677549e+01
    endloop
  endfacet
  facet normal -7.922305e-01 5.894291e-01 1.579371e-01
    outer loop
      vertex   -1.707107e+00 9.226749e+00 1.677549e+01
      vertex   -1.707107e+00 9.285078e+00 1.655780e+01
      vertex   -1.866025e+00 9.090461e+00 1.648697e+01
    endloop
  endfacet
  facet normal -7.922305e-01 5.894291e-01 1.579371e-01
    outer loop
      vertex   -1.707107e+00 9.226749e+00 1.677549e+01
      vertex   -1.866025e+00 9.090461e+00 1.648697e+01
      vertex   -1.866025e+00 9.022788e+00 1.673953e+01
    endloop
  endfacet
  facet normal -9.233622e-01 3.708480e-01 9.936842e-02
    outer loop
      vertex   -1.866025e+00 9.022788e+00 1.673953e+01
      vertex   -1.866025e+00 9.090461e+00 1.648697e+01
      vertex   -1.965926e+00 8.863825e+00 1.640448e+01
    endloop
  endfacet
  facet normal -9.233622e-01 3.708480e-01 9.936842e-02
    outer loop
      vertex   -1.866025e+00 9.022788e+00 1.673953e+01
      vertex   -1.965926e+00 8.863825e+00 1.640448e+01
      vertex   -1.965926e+00 8.785271e+00 1.669765e+01
    endloop
  endfacet
  facet normal -9.233622e-01 3.479588e-01 1.622559e-01
    outer loop
      vertex   -1.965926e+00 8.992093e+00 1.612941e+01
      vertex   -1.965926e+00 8.863825e+00 1.640448e+01
      vertex   -1.866025e+00 9.090461e+00 1.648697e+01
    endloop
  endfacet
  facet normal -9.233622e-01 3.479588e-01 1.622559e-01
    outer loop
      vertex   -1.965926e+00 8.992093e+00 1.612941e+01
      vertex   -1.866025e+00 9.090461e+00 1.648697e+01
      vertex   -1.866025e+00 9.200962e+00 1.625000e+01
    endloop
  endfacet
  facet normal -7.922305e-01 5.530489e-01 2.578909e-01
    outer loop
      vertex   -1.866025e+00 9.200962e+00 1.625000e+01
      vertex   -1.866025e+00 9.090461e+00 1.648697e+01
      vertex   -1.707107e+00 9.285078e+00 1.655780e+01
    endloop
  endfacet
  facet normal -9.233622e-01 3.144971e-01 2.202133e-01
    outer loop
      vertex   -1.965926e+00 8.992093e+00 1.612941e+01
      vertex   -1.866025e+00 9.200962e+00 1.625000e+01
      vertex   -1.965926e+00 9.166178e+00 1.588079e+01
    endloop
  endfacet
  facet normal -3.814394e-01 3.906657e-01 8.377853e-01
    outer loop
      vertex   -1.500000e+00 9.933013e+00 1.601795e+01
      vertex   -1.258819e+00 9.982963e+00 1.610447e+01
      vertex   -1.500000e+00 1.011216e+01 1.593441e+01
    endloop
  endfacet
  facet normal -3.814394e-01 3.906657e-01 8.377853e-01
    outer loop
      vertex   -1.500000e+00 1.011216e+01 1.593441e+01
      vertex   -1.258819e+00 9.982963e+00 1.610447e+01
      vertex   -1.258819e+00 1.014633e+01 1.602829e+01
    endloop
  endfacet
  facet normal -3.814394e-01 2.392507e-01 8.928959e-01
    outer loop
      vertex   -1.500000e+00 1.011216e+01 1.593441e+01
      vertex   -1.258819e+00 1.014633e+01 1.602829e+01
      vertex   -1.500000e+00 1.030309e+01 1.588325e+01
    endloop
  endfacet
  facet normal -3.814394e-01 2.392507e-01 8.928959e-01
    outer loop
      vertex   -1.500000e+00 1.030309e+01 1.588325e+01
      vertex   -1.258819e+00 1.014633e+01 1.602829e+01
      vertex   -1.258819e+00 1.032043e+01 1.598164e+01
    endloop
  endfacet
  facet normal -6.073003e-01 3.357585e-01 7.200365e-01
    outer loop
      vertex   -1.707107e+00 9.853553e+00 1.588032e+01
      vertex   -1.500000e+00 9.933013e+00 1.601795e+01
      vertex   -1.707107e+00 1.005780e+01 1.578508e+01
    endloop
  endfacet
  facet normal -6.073003e-01 3.357585e-01 7.200365e-01
    outer loop
      vertex   -1.707107e+00 1.005780e+01 1.578508e+01
      vertex   -1.500000e+00 9.933013e+00 1.601795e+01
      vertex   -1.500000e+00 1.011216e+01 1.593441e+01
    endloop
  endfacet
  facet normal -6.073003e-01 2.056246e-01 7.674014e-01
    outer loop
      vertex   -1.707107e+00 1.005780e+01 1.578508e+01
      vertex   -1.500000e+00 1.011216e+01 1.593441e+01
      vertex   -1.707107e+00 1.027549e+01 1.572675e+01
    endloop
  endfacet
  facet normal -6.073003e-01 2.056246e-01 7.674014e-01
    outer loop
      vertex   -1.707107e+00 1.027549e+01 1.572675e+01
      vertex   -1.500000e+00 1.011216e+01 1.593441e+01
      vertex   -1.500000e+00 1.030309e+01 1.588325e+01
    endloop
  endfacet
  facet normal -7.922305e-01 2.578909e-01 5.530489e-01
    outer loop
      vertex   -1.707107e+00 9.853553e+00 1.588032e+01
      vertex   -1.707107e+00 1.005780e+01 1.578508e+01
      vertex   -1.866025e+00 9.986970e+00 1.559046e+01
    endloop
  endfacet
  facet normal -7.922305e-01 1.579371e-01 5.894291e-01
    outer loop
      vertex   -1.866025e+00 9.986970e+00 1.559046e+01
      vertex   -1.707107e+00 1.005780e+01 1.578508e+01
      vertex   -1.866025e+00 1.023953e+01 1.552279e+01
    endloop
  endfacet
  facet normal -9.233622e-01 9.936842e-02 3.708480e-01
    outer loop
      vertex   -1.866025e+00 9.986970e+00 1.559046e+01
      vertex   -1.866025e+00 1.023953e+01 1.552279e+01
      vertex   -1.965926e+00 1.019765e+01 1.528527e+01
    endloop
  endfacet
  facet normal -7.922305e-01 1.579371e-01 5.894291e-01
    outer loop
      vertex   -1.866025e+00 1.023953e+01 1.552279e+01
      vertex   -1.707107e+00 1.005780e+01 1.578508e+01
      vertex   -1.707107e+00 1.027549e+01 1.572675e+01
    endloop
  endfacet
  facet normal -1.305262e-01 9.914449e-01 -2.898264e-17
    outer loop
      vertex   -1.000000e+00 9.500000e+00 2.100000e+01
      vertex   -1.000000e+00 9.500000e+00 1.700000e+01
      vertex   -1.258819e+00 9.465926e+00 2.100000e+01
    endloop
  endfacet
  facet normal -1.305262e-01 9.914449e-01 0.000000e+00
    outer loop
      vertex   -1.258819e+00 9.465926e+00 2.100000e+01
      vertex   -1.000000e+00 9.500000e+00 1.700000e+01
      vertex   -1.258819e+00 9.465926e+00 1.700000e+01
    endloop
  endfacet
  facet normal -3.826834e-01 9.238795e-01 0.000000e+00
    outer loop
      vertex   -1.258819e+00 9.465926e+00 2.100000e+01
      vertex   -1.258819e+00 9.465926e+00 1.700000e+01
      vertex   -1.500000e+00 9.366025e+00 2.100000e+01
    endloop
  endfacet
  facet normal -3.826834e-01 9.238795e-01 -3.465553e-16
    outer loop
      vertex   -1.500000e+00 9.366025e+00 2.100000e+01
      vertex   -1.258819e+00 9.465926e+00 1.700000e+01
      vertex   -1.500000e+00 9.366025e+00 1.700000e+01
    endloop
  endfacet
  facet normal -6.087614e-01 7.933533e-01 -2.509405e-16
    outer loop
      vertex   -1.500000e+00 9.366025e+00 2.100000e+01
      vertex   -1.500000e+00 9.366025e+00 1.700000e+01
      vertex   -1.707107e+00 9.207107e+00 2.100000e+01
    endloop
  endfacet
  facet normal -6.087614e-01 7.933533e-01 -2.509405e-16
    outer loop
      vertex   -1.707107e+00 9.207107e+00 2.100000e+01
      vertex   -1.500000e+00 9.366025e+00 1.700000e+01
      vertex   -1.707107e+00 9.207107e+00 1.700000e+01
    endloop
  endfacet
  facet normal -7.933533e-01 6.087614e-01 -1.382245e-16
    outer loop
      vertex   -1.707107e+00 9.207107e+00 2.100000e+01
      vertex   -1.707107e+00 9.207107e+00 1.700000e+01
      vertex   -1.866025e+00 9.000000e+00 2.100000e+01
    endloop
  endfacet
  facet normal -7.933533e-01 6.087614e-01 3.793532e-17
    outer loop
      vertex   -1.866025e+00 9.000000e+00 2.100000e+01
      vertex   -1.707107e+00 9.207107e+00 1.700000e+01
      vertex   -1.866025e+00 9.000000e+00 1.700000e+01
    endloop
  endfacet
  facet normal -9.238795e-01 3.826834e-01 1.890537e-16
    outer loop
      vertex   -1.866025e+00 9.000000e+00 2.100000e+01
      vertex   -1.866025e+00 9.000000e+00 1.700000e+01
      vertex   -1.965926e+00 8.758819e+00 2.100000e+01
    endloop
  endfacet
  facet normal -9.238795e-01 3.826834e-01 1.910815e-17
    outer loop
      vertex   -1.965926e+00 8.758819e+00 2.100000e+01
      vertex   -1.866025e+00 9.000000e+00 1.700000e+01
      vertex   -1.965926e+00 8.758819e+00 1.700000e+01
    endloop
  endfacet
  facet normal -9.914449e-01 1.305262e-01 2.693232e-16
    outer loop
      vertex   -1.965926e+00 8.758819e+00 2.100000e+01
      vertex   -1.965926e+00 8.758819e+00 1.700000e+01
      vertex   -2.000000e+00 8.500000e+00 2.100000e+01
    endloop
  endfacet
  facet normal -9.914449e-01 1.305262e-01 -1.159305e-16
    outer loop
      vertex   -2.000000e+00 8.500000e+00 2.100000e+01
      vertex   -1.965926e+00 8.758819e+00 1.700000e+01
      vertex   -2.000000e+00 8.500000e+00 1.700000e+01
    endloop
  endfacet
  facet normal -0.000000e+00 0.000000e+00 1.000000e+00
    outer loop
      vertex   -1.000000e+00 2.050000e+01 1.600000e+01
      vertex   -1.000000e+00 1.050000e+01 1.600000e+01
      vertex   0.000000e+00 2.050000e+01 1.600000e+01
    endloop
  endfacet
  facet normal 0.000000e+00 0.000000e+00 1.000000e+00
    outer loop
      vertex   0.000000e+00 2.050000e+01 1.600000e+01
      vertex   -1.000000e+00 1.050000e+01 1.600000e+01
      vertex   0.000000e+00 1.050000e+01 1.600000e+01
    endloop
  endfacet
  facet normal 0.000000e+00 1.305262e-01 9.914449e-01
    outer loop
      vertex   0.000000e+00 1.050000e+01 1.600000e+01
      vertex   -1.000000e+00 1.050000e+01 1.600000e+01
      vertex   0.000000e+00 1.024118e+01 1.603407e+01
    endloop
  endfacet
  facet normal 0.000000e+00 1.305262e-01 9.914449e-01
    outer loop
      vertex   0.000000e+00 1.024118e+01 1.603407e+01
      vertex   -1.000000e+00 1.050000e+01 1.600000e+01
      vertex   -1.000000e+00 1.024118e+01 1.603407e+01
    endloop
  endfacet
  facet normal 0.000000e+00 3.826834e-01 9.238795e-01
    outer loop
      vertex   0.000000e+00 1.024118e+01 1.603407e+01
      vertex   -1.000000e+00 1.024118e+01 1.603407e+01
      vertex   0.000000e+00 1.000000e+01 1.613397e+01
    endloop
  endfacet
  facet normal 0.000000e+00 3.826834e-01 9.238795e-01
    outer loop
      vertex   0.000000e+00 1.000000e+01 1.613397e+01
      vertex   -1.000000e+00 1.024118e+01 1.603407e+01
      vertex   -1.000000e+00 1.000000e+01 1.613397e+01
    endloop
  endfacet
  facet normal 0.000000e+00 6.087614e-01 7.933533e-01
    outer loop
      vertex   0.000000e+00 1.000000e+01 1.613397e+01
      vertex   -1.000000e+00 1.000000e+01 1.613397e+01
      vertex   0.000000e+00 9.792893e+00 1.629289e+01
    endloop
  endfacet
  facet normal 0.000000e+00 6.087614e-01 7.933533e-01
    outer loop
      vertex   0.000000e+00 9.792893e+00 1.629289e+01
      vertex   -1.000000e+00 1.000000e+01 1.613397e+01
      vertex   -1.000000e+00 9.792893e+00 1.629289e+01
    endloop
  endfacet
  facet normal 0.000000e+00 7.933533e-01 6.087614e-01
    outer loop
      vertex   0.000000e+00 9.792893e+00 1.629289e+01
      vertex   -1.000000e+00 9.792893e+00 1.629289e+01
      vertex   0.000000e+00 9.633975e+00 1.650000e+01
    endloop
  endfacet
  facet normal -2.162755e-15 7.933533e-01 6.087614e-01
    outer loop
      vertex   0.000000e+00 9.633975e+00 1.650000e+01
      vertex   -1.000000e+00 9.792893e+00 1.629289e+01
      vertex   -1.000000e+00 9.633975e+00 1.650000e+01
    endloop
  endfacet
  facet normal -1.359565e-15 9.238795e-01 3.826834e-01
    outer loop
      vertex   0.000000e+00 9.633975e+00 1.650000e+01
      vertex   -1.000000e+00 9.633975e+00 1.650000e+01
      vertex   0.000000e+00 9.534074e+00 1.674118e+01
    endloop
  endfacet
  facet normal 1.641140e-15 9.238795e-01 3.826834e-01
    outer loop
      vertex   0.000000e+00 9.534074e+00 1.674118e+01
      vertex   -1.000000e+00 9.633975e+00 1.650000e+01
      vertex   -1.000000e+00 9.534074e+00 1.674118e+01
    endloop
  endfacet
  facet normal 1.761160e-15 9.914449e-01 1.305262e-01
    outer loop
      vertex   0.000000e+00 9.534074e+00 1.674118e+01
      vertex   -1.000000e+00 9.534074e+00 1.674118e+01
      vertex   0.000000e+00 9.500000e+00 1.700000e+01
    endloop
  endfacet
  facet normal 0.000000e+00 9.914449e-01 1.305262e-01
    outer loop
      vertex   0.000000e+00 9.500000e+00 1.700000e+01
      vertex   -1.000000e+00 9.534074e+00 1.674118e+01
      vertex   -1.000000e+00 9.500000e+00 1.700000e+01
    endloop
  endfacet
  facet normal 0.000000e+00 1.000000e+00 -0.000000e+00
    outer loop
      vertex   -1.000000e+00 9.500000e+00 1.700000e+01
      vertex   -1.000000e+00 9.500000e+00 2.100000e+01
      vertex   0.000000e+00 9.500000e+00 1.700000e+01
    endloop
  endfacet
  facet normal 0.000000e+00 1.000000e+00 -0.000000e+00
    outer loop
      vertex   0.000000e+00 9.500000e+00 1.700000e+01
      vertex   -1.000000e+00 9.500000e+00 2.100000e+01
      vertex   0.000000e+00 9.500000e+00 2.100000e+01
    endloop
  endfacet
  facet normal 0.000000e+00 9.914449e-01 -1.305262e-01
    outer loop
      vertex   0.000000e+00 9.500000e+00 2.100000e+01
      vertex   -1.000000e+00 9.500000e+00 2.100000e+01
      vertex   0.000000e+00 9.534074e+00 2.125882e+01
    endloop
  endfacet
  facet normal 0.000000e+00 9.914449e-01 -1.305262e-01
    outer loop
      vertex   0.000000e+00 9.534074e+00 2.125882e+01
      vertex   -1.000000e+00 9.500000e+00 2.100000e+01
      vertex   -1.000000e+00 9.534074e+00 2.125882e+01
    endloop
  endfacet
  facet normal 0.000000e+00 9.238795e-01 -3.826834e-01
    outer loop
      vertex   0.000000e+00 9.534074e+00 2.125882e+01
      vertex   -1.000000e+00 9.534074e+00 2.125882e+01
      vertex   0.000000e+00 9.633975e+00 2.150000e+01
    endloop
  endfacet
  facet normal 0.000000e+00 9.238795e-01 -3.826834e-01
    outer loop
      vertex   0.000000e+00 9.633975e+00 2.150000e+01
      vertex   -1.000000e+00 9.534074e+00 2.125882e+01
      vertex   -1.000000e+00 9.633975e+00 2.150000e+01
    endloop
  endfacet
  facet normal 0.000000e+00 7.933533e-01 -6.087614e-01
    outer loop
      vertex   0.000000e+00 9.633975e+00 2.150000e+01
      vertex   -1.000000e+00 9.633975e+00 2.150000e+01
      vertex   0.000000e+00 9.792893e+00 2.170711e+01
    endloop
  endfacet
  facet normal 0.000000e+00 7.933533e-01 -6.087614e-01
    outer loop
      vertex   0.000000e+00 9.792893e+00 2.170711e+01
      vertex   -1.000000e+00 9.633975e+00 2.150000e+01
      vertex   -1.000000e+00 9.792893e+00 2.170711e+01
    endloop
  endfacet
  facet normal 0.000000e+00 6.087614e-01 -7.933533e-01
    outer loop
      vertex   0.000000e+00 9.792893e+00 2.170711e+01
      vertex   -1.000000e+00 9.792893e+00 2.170711e+01
      vertex   0.000000e+00 1.000000e+01 2.186603e+01
    endloop
  endfacet
  facet normal 0.000000e+00 6.087614e-01 -7.933533e-01
    outer loop
      vertex   0.000000e+00 1.000000e+01 2.186603e+01
      vertex   -1.000000e+00 9.792893e+00 2.170711e+01
      vertex   -1.000000e+00 1.000000e+01 2.186603e+01
    endloop
  endfacet
  facet normal 0.000000e+00 3.826834e-01 -9.238795e-01
    outer loop
      vertex   0.000000e+00 1.000000e+01 2.186603e+01
      vertex   -1.000000e+00 1.000000e+01 2.186603e+01
      vertex   0.000000e+00 1.024118e+01 2.196593e+01
    endloop
  endfacet
  facet normal 0.000000e+00 3.826834e-01 -9.238795e-01
    outer loop
      vertex   0.000000e+00 1.024118e+01 2.196593e+01
      vertex   -1.000000e+00 1.000000e+01 2.186603e+01
      vertex   -1.000000e+00 1.024118e+01 2.196593e+01
    endloop
  endfacet
  facet normal 0.000000e+00 1.305262e-01 -9.914449e-01
    outer loop
      vertex   0.000000e+00 1.024118e+01 2.196593e+01
      vertex   -1.000000e+00 1.024118e+01 2.196593e+01
      vertex   0.000000e+00 1.050000e+01 2.200000e+01
    endloop
  endfacet
  facet normal 0.000000e+00 1.305262e-01 -9.914449e-01
    outer loop
      vertex   0.000000e+00 1.050000e+01 2.200000e+01
      vertex   -1.000000e+00 1.024118e+01 2.196593e+01
      vertex   -1.000000e+00 1.050000e+01 2.200000e+01
    endloop
  endfacet
  facet normal 0.000000e+00 -9.914449e-01 1.305262e-01
    outer loop
      vertex   0.000000e+00 2.150000e+01 1.700000e+01
      vertex   -1.000000e+00 2.150000e+01 1.700000e+01
      vertex   0.000000e+00 2.146593e+01 1.674118e+01
    endloop
  endfacet
  facet normal 7.044639e-15 -9.914449e-01 1.305262e-01
    outer loop
      vertex   0.000000e+00 2.146593e+01 1.674118e+01
      vertex   -1.000000e+00 2.150000e+01 1.700000e+01
      vertex   -1.000000e+00 2.146593e+01 1.674118e+01
    endloop
  endfacet
  facet normal 6.564559e-15 -9.238795e-01 3.826834e-01
    outer loop
      vertex   0.000000e+00 2.146593e+01 1.674118e+01
      vertex   -1.000000e+00 2.146593e+01 1.674118e+01
      vertex   0.000000e+00 2.136603e+01 1.650000e+01
    endloop
  endfacet
  facet normal 0.000000e+00 -9.238795e-01 3.826834e-01
    outer loop
      vertex   0.000000e+00 2.136603e+01 1.650000e+01
      vertex   -1.000000e+00 2.146593e+01 1.674118e+01
      vertex   -1.000000e+00 2.136603e+01 1.650000e+01
    endloop
  endfacet
  facet normal 0.000000e+00 -7.933533e-01 6.087614e-01
    outer loop
      vertex   0.000000e+00 2.136603e+01 1.650000e+01
      vertex   -1.000000e+00 2.136603e+01 1.650000e+01
      vertex   0.000000e+00 2.120711e+01 1.629289e+01
    endloop
  endfacet
  facet normal 0.000000e+00 -7.933533e-01 6.087614e-01
    outer loop
      vertex   0.000000e+00 2.120711e+01 1.629289e+01
      vertex   -1.000000e+00 2.136603e+01 1.650000e+01
      vertex   -1.000000e+00 2.120711e+01 1.629289e+01
    endloop
  endfacet
  facet normal 0.000000e+00 -6.087614e-01 7.933533e-01
    outer loop
      vertex   0.000000e+00 2.120711e+01 1.629289e+01
      vertex   -1.000000e+00 2.120711e+01 1.629289e+01
      vertex   0.000000e+00 2.100000e+01 1.613397e+01
    endloop
  endfacet
  facet normal 0.000000e+00 -6.087614e-01 7.933533e-01
    outer loop
      vertex   0.000000e+00 2.100000e+01 1.613397e+01
      vertex   -1.000000e+00 2.120711e+01 1.629289e+01
      vertex   -1.000000e+00 2.100000e+01 1.613397e+01
    endloop
  endfacet
  facet normal 0.000000e+00 -3.826834e-01 9.238795e-01
    outer loop
      vertex   0.000000e+00 2.100000e+01 1.613397e+01
      vertex   -1.000000e+00 2.100000e+01 1.613397e+01
      vertex   0.000000e+00 2.075882e+01 1.603407e+01
    endloop
  endfacet
  facet normal 0.000000e+00 -3.826834e-01 9.238795e-01
    outer loop
      vertex   0.000000e+00 2.075882e+01 1.603407e+01
      vertex   -1.000000e+00 2.100000e+01 1.613397e+01
      vertex   -1.000000e+00 2.075882e+01 1.603407e+01
    endloop
  endfacet
  facet normal 0.000000e+00 -1.305262e-01 9.914449e-01
    outer loop
      vertex   0.000000e+00 2.075882e+01 1.603407e+01
      vertex   -1.000000e+00 2.075882e+01 1.603407e+01
      vertex   0.000000e+00 2.050000e+01 1.600000e+01
    endloop
  endfacet
  facet normal 0.000000e+00 -1.305262e-01 9.914449e-01
    outer loop
      vertex   0.000000e+00 2.050000e+01 1.600000e+01
      vertex   -1.000000e+00 2.075882e+01 1.603407e+01
      vertex   -1.000000e+00 2.050000e+01 1.600000e+01
    endloop
  endfacet
  facet normal -0.000000e+00 -1.305262e-01 -9.914449e-01
    outer loop
      vertex   0.000000e+00 2.050000e+01 2.200000e+01
      vertex   -1.000000e+00 2.050000e+01 2.200000e+01
      vertex   0.000000e+00 2.075882e+01 2.196593e+01
    endloop
  endfacet
  facet normal -0.000000e+00 -1.305262e-01 -9.914449e-01
    outer loop
      vertex   0.000000e+00 2.075882e+01 2.196593e+01
      vertex   -1.000000e+00 2.050000e+01 2.200000e+01
      vertex   -1.000000e+00 2.075882e+01 2.196593e+01
    endloop
  endfacet
  facet normal -0.000000e+00 -3.826834e-01 -9.238795e-01
    outer loop
      vertex   0.000000e+00 2.075882e+01 2.196593e+01
      vertex   -1.000000e+00 2.075882e+01 2.196593e+01
      vertex   0.000000e+00 2.100000e+01 2.186603e+01
    endloop
  endfacet
  facet normal -0.000000e+00 -3.826834e-01 -9.238795e-01
    outer loop
      vertex   0.000000e+00 2.100000e+01 2.186603e+01
      vertex   -1.000000e+00 2.075882e+01 2.196593e+01
      vertex   -1.000000e+00 2.100000e+01 2.186603e+01
    endloop
  endfacet
  facet normal -0.000000e+00 -6.087614e-01 -7.933533e-01
    outer loop
      vertex   0.000000e+00 2.100000e+01 2.186603e+01
      vertex   -1.000000e+00 2.100000e+01 2.186603e+01
      vertex   0.000000e+00 2.120711e+01 2.170711e+01
    endloop
  endfacet
  facet normal -0.000000e+00 -6.087614e-01 -7.933533e-01
    outer loop
      vertex   0.000000e+00 2.120711e+01 2.170711e+01
      vertex   -1.000000e+00 2.100000e+01 2.186603e+01
      vertex   -1.000000e+00 2.120711e+01 2.170711e+01
    endloop
  endfacet
  facet normal -0.000000e+00 -7.933533e-01 -6.087614e-01
    outer loop
      vertex   0.000000e+00 2.120711e+01 2.170711e+01
      vertex   -1.000000e+00 2.120711e+01 2.170711e+01
      vertex   0.000000e+00 2.136603e+01 2.150000e+01
    endloop
  endfacet
  facet normal -0.000000e+00 -7.933533e-01 -6.087614e-01
    outer loop
      vertex   0.000000e+00 2.136603e+01 2.150000e+01
      vertex   -1.000000e+00 2.120711e+01 2.170711e+01
      vertex   -1.000000e+00 2.136603e+01 2.150000e+01
    endloop
  endfacet
  facet normal -0.000000e+00 -9.238795e-01 -3.826834e-01
    outer loop
      vertex   0.000000e+00 2.136603e+01 2.150000e+01
      vertex   -1.000000e+00 2.136603e+01 2.150000e+01
      vertex   0.000000e+00 2.146593e+01 2.125882e+01
    endloop
  endfacet
  facet normal -0.000000e+00 -9.238795e-01 -3.826834e-01
    outer loop
      vertex   0.000000e+00 2.146593e+01 2.125882e+01
      vertex   -1.000000e+00 2.136603e+01 2.150000e+01
      vertex   -1.000000e+00 2.146593e+01 2.125882e+01
    endloop
  endfacet
  facet normal -0.000000e+00 -9.914449e-01 -1.305262e-01
    outer loop
      vertex   0.000000e+00 2.146593e+01 2.125882e+01
      vertex   -1.000000e+00 2.146593e+01 2.125882e+01
      vertex   0.000000e+00 2.150000e+01 2.100000e+01
    endloop
  endfacet
  facet normal -0.000000e+00 -9.914449e-01 -1.305262e-01
    outer loop
      vertex   0.000000e+00 2.150000e+01 2.100000e+01
      vertex   -1.000000e+00 2.146593e+01 2.125882e+01
      vertex   -1.000000e+00 2.150000e+01 2.100000e+01
    endloop
  endfacet
  facet normal 0.000000e+00 -1.000000e+00 0.000000e+00
    outer loop
      vertex   -1.000000e+00 2.150000e+01 2.100000e+01
      vertex   -1.000000e+00 2.150000e+01 1.700000e+01
      vertex   0.000000e+00 2.150000e+01 2.100000e+01
    endloop
  endfacet
  facet normal 0.000000e+00 -1.000000e+00 -0.000000e+00
    outer loop
      vertex   0.000000e+00 2.150000e+01 2.100000e+01
      vertex   -1.000000e+00 2.150000e+01 1.700000e+01
      vertex   0.000000e+00 2.150000e+01 1.700000e+01
    endloop
  endfacet
  facet normal 9.917928e-01 -1.278555e-01 0.000000e+00
    outer loop
      vertex   0.000000e+00 2.411252e+01 5.000000e+00
      vertex   0.000000e+00 2.411252e+01 2.000000e+00
      vertex   4.904105e-02 2.449294e+01 5.000000e+00
    endloop
  endfacet
  facet normal 9.917928e-01 -1.278555e-01 0.000000e+00
    outer loop
      vertex   4.904105e-02 2.449294e+01 5.000000e+00
      vertex   0.000000e+00 2.411252e+01 2.000000e+00
      vertex   4.904105e-02 2.449294e+01 2.000000e+00
    endloop
  endfacet
  facet normal 9.269414e-01 -3.752061e-01 0.000000e+00
    outer loop
      vertex   4.904105e-02 2.449294e+01 5.000000e+00
      vertex   4.904105e-02 2.449294e+01 2.000000e+00
      vertex   1.929575e-01 2.484848e+01 5.000000e+00
    endloop
  endfacet
  facet normal 9.269414e-01 -3.752061e-01 0.000000e+00
    outer loop
      vertex   1.929575e-01 2.484848e+01 5.000000e+00
      vertex   4.904105e-02 2.449294e+01 2.000000e+00
      vertex   1.929575e-01 2.484848e+01 2.000000e+00
    endloop
  endfacet
  facet normal 8.014791e-01 -5.980228e-01 0.000000e+00
    outer loop
      vertex   1.929575e-01 2.484848e+01 5.000000e+00
      vertex   1.929575e-01 2.484848e+01 2.000000e+00
      vertex   4.223390e-01 2.515590e+01 5.000000e+00
    endloop
  endfacet
  facet normal 8.014791e-01 -5.980228e-01 0.000000e+00
    outer loop
      vertex   4.223390e-01 2.515590e+01 5.000000e+00
      vertex   1.929575e-01 2.484848e+01 2.000000e+00
      vertex   4.223390e-01 2.515590e+01 2.000000e+00
    endloop
  endfacet
  facet normal 6.236096e-01 -7.817360e-01 0.000000e+00
    outer loop
      vertex   4.223390e-01 2.515590e+01 5.000000e+00
      vertex   4.223390e-01 2.515590e+01 2.000000e+00
      vertex   7.221866e-01 2.539510e+01 5.000000e+00
    endloop
  endfacet
  facet normal 6.236096e-01 -7.817360e-01 0.000000e+00
    outer loop
      vertex   7.221866e-01 2.539510e+01 5.000000e+00
      vertex   4.223390e-01 2.515590e+01 2.000000e+00
      vertex   7.221866e-01 2.539510e+01 2.000000e+00
    endloop
  endfacet
  facet normal 4.049634e-01 -9.143329e-01 0.000000e+00
    outer loop
      vertex   7.221866e-01 2.539510e+01 5.000000e+00
      vertex   7.221866e-01 2.539510e+01 2.000000e+00
      vertex   1.072894e+00 2.555043e+01 5.000000e+00
    endloop
  endfacet
  facet normal 4.049634e-01 -9.143329e-01 0.000000e+00
    outer loop
      vertex   1.072894e+00 2.555043e+01 5.000000e+00
      vertex   7.221866e-01 2.539510e+01 2.000000e+00
      vertex   1.072894e+00 2.555043e+01 2.000000e+00
    endloop
  endfacet
  facet normal 1.598375e-01 -9.871433e-01 0.000000e+00
    outer loop
      vertex   1.072894e+00 2.555043e+01 5.000000e+00
      vertex   1.072894e+00 2.555043e+01 2.000000e+00
      vertex   1.451529e+00 2.561173e+01 5.000000e+00
    endloop
  endfacet
  facet normal 1.598375e-01 -9.871433e-01 0.000000e+00
    outer loop
      vertex   1.451529e+00 2.561173e+01 5.000000e+00
      vertex   1.072894e+00 2.555043e+01 2.000000e+00
      vertex   1.451529e+00 2.561173e+01 2.000000e+00
    endloop
  endfacet
  facet normal -9.573984e-02 -9.954064e-01 -0.000000e+00
    outer loop
      vertex   1.451529e+00 2.561173e+01 5.000000e+00
      vertex   1.451529e+00 2.561173e+01 2.000000e+00
      vertex   1.833333e+00 2.557501e+01 5.000000e+00
    endloop
  endfacet
  facet normal -9.573984e-02 -9.954064e-01 -0.000000e+00
    outer loop
      vertex   1.833333e+00 2.557501e+01 5.000000e+00
      vertex   1.451529e+00 2.561173e+01 2.000000e+00
      vertex   1.833333e+00 2.557501e+01 2.000000e+00
    endloop
  endfacet
  facet normal -1.319354e-01 -9.912583e-01 -0.000000e+00
    outer loop
      vertex   1.833333e+00 2.557501e+01 5.000000e+00
      vertex   1.833333e+00 2.557501e+01 2.000000e+00
      vertex   2.378386e+00 2.550247e+01 5.000000e+00
    endloop
  endfacet
  facet normal -1.319354e-01 -9.912583e-01 -3.906071e-17
    outer loop
      vertex   2.378386e+00 2.550247e+01 5.000000e+00
      vertex   1.833333e+00 2.557501e+01 2.000000e+00
      vertex   2.378386e+00 2.550247e+01 2.000000e+00
    endloop
  endfacet
  facet normal 5.120031e-02 -9.986884e-01 1.515834e-17
    outer loop
      vertex   2.378386e+00 2.550247e+01 5.000000e+00
      vertex   2.378386e+00 2.550247e+01 2.000000e+00
      vertex   2.927523e+00 2.553062e+01 5.000000e+00
    endloop
  endfacet
  facet normal 5.120031e-02 -9.986884e-01 4.547501e-17
    outer loop
      vertex   2.927523e+00 2.553062e+01 5.000000e+00
      vertex   2.378386e+00 2.550247e+01 2.000000e+00
      vertex   2.927523e+00 2.553062e+01 2.000000e+00
    endloop
  endfacet
  facet normal 2.326160e-01 -9.725687e-01 2.066045e-16
    outer loop
      vertex   2.927523e+00 2.553062e+01 5.000000e+00
      vertex   2.927523e+00 2.553062e+01 2.000000e+00
      vertex   3.462299e+00 2.565852e+01 5.000000e+00
    endloop
  endfacet
  facet normal 2.326160e-01 -9.725687e-01 -3.443408e-17
    outer loop
      vertex   3.462299e+00 2.565852e+01 5.000000e+00
      vertex   2.927523e+00 2.553062e+01 2.000000e+00
      vertex   3.462299e+00 2.565852e+01 2.000000e+00
    endloop
  endfacet
  facet normal 4.062171e-01 -9.137766e-01 -6.013222e-17
    outer loop
      vertex   3.462299e+00 2.565852e+01 5.000000e+00
      vertex   3.462299e+00 2.565852e+01 2.000000e+00
      vertex   3.964747e+00 2.588189e+01 5.000000e+00
    endloop
  endfacet
  facet normal 4.062171e-01 -9.137766e-01 -8.416000e-16
    outer loop
      vertex   3.964747e+00 2.588189e+01 5.000000e+00
      vertex   3.462299e+00 2.565852e+01 2.000000e+00
      vertex   3.964747e+00 2.588189e+01 2.000000e+00
    endloop
  endfacet
  facet normal 5.661719e-01 -8.242872e-01 -6.409110e-16
    outer loop
      vertex   3.964747e+00 2.588189e+01 5.000000e+00
      vertex   3.964747e+00 2.588189e+01 2.000000e+00
      vertex   4.417989e+00 2.619320e+01 5.000000e+00
    endloop
  endfacet
  facet normal 5.661719e-01 -8.242872e-01 3.352411e-16
    outer loop
      vertex   4.417989e+00 2.619320e+01 5.000000e+00
      vertex   3.964747e+00 2.588189e+01 2.000000e+00
      vertex   4.417989e+00 2.619320e+01 2.000000e+00
    endloop
  endfacet
  facet normal 7.071068e-01 -7.071068e-01 4.186913e-16
    outer loop
      vertex   4.417989e+00 2.619320e+01 5.000000e+00
      vertex   4.417989e+00 2.619320e+01 2.000000e+00
      vertex   4.806798e+00 2.658201e+01 5.000000e+00
    endloop
  endfacet
  facet normal 7.071068e-01 -7.071068e-01 0.000000e+00
    outer loop
      vertex   4.806798e+00 2.658201e+01 5.000000e+00
      vertex   4.417989e+00 2.619320e+01 2.000000e+00
      vertex   4.806798e+00 2.658201e+01 2.000000e+00
    endloop
  endfacet
  facet normal 8.242872e-01 -5.661719e-01 0.000000e+00
    outer loop
      vertex   4.806798e+00 2.658201e+01 5.000000e+00
      vertex   4.806798e+00 2.658201e+01 2.000000e+00
      vertex   5.118113e+00 2.703525e+01 5.000000e+00
    endloop
  endfacet
  facet normal 8.242872e-01 -5.661719e-01 2.440380e-16
    outer loop
      vertex   5.118113e+00 2.703525e+01 5.000000e+00
      vertex   4.806798e+00 2.658201e+01 2.000000e+00
      vertex   5.118113e+00 2.703525e+01 2.000000e+00
    endloop
  endfacet
  facet normal 9.137766e-01 -4.062171e-01 2.705322e-16
    outer loop
      vertex   5.118113e+00 2.703525e+01 5.000000e+00
      vertex   5.118113e+00 2.703525e+01 2.000000e+00
      vertex   5.341475e+00 2.753770e+01 5.000000e+00
    endloop
  endfacet
  facet normal 9.137766e-01 -4.062171e-01 0.000000e+00
    outer loop
      vertex   5.341475e+00 2.753770e+01 5.000000e+00
      vertex   5.118113e+00 2.703525e+01 2.000000e+00
      vertex   5.341475e+00 2.753770e+01 2.000000e+00
    endloop
  endfacet
  facet normal 9.725687e-01 -2.326160e-01 0.000000e+00
    outer loop
      vertex   5.341475e+00 2.753770e+01 5.000000e+00
      vertex   5.341475e+00 2.753770e+01 2.000000e+00
      vertex   5.469381e+00 2.807248e+01 5.000000e+00
    endloop
  endfacet
  facet normal 9.725687e-01 -2.326160e-01 0.000000e+00
    outer loop
      vertex   5.469381e+00 2.807248e+01 5.000000e+00
      vertex   5.341475e+00 2.753770e+01 2.000000e+00
      vertex   5.469381e+00 2.807248e+01 2.000000e+00
    endloop
  endfacet
  facet normal 9.986884e-01 -5.120031e-02 0.000000e+00
    outer loop
      vertex   5.469381e+00 2.807248e+01 5.000000e+00
      vertex   5.469381e+00 2.807248e+01 2.000000e+00
      vertex   5.497534e+00 2.862161e+01 5.000000e+00
    endloop
  endfacet
  facet normal 9.986884e-01 -5.120031e-02 -1.212667e-16
    outer loop
      vertex   5.497534e+00 2.862161e+01 5.000000e+00
      vertex   5.469381e+00 2.807248e+01 2.000000e+00
      vertex   5.497534e+00 2.862161e+01 2.000000e+00
    endloop
  endfacet
  facet normal 9.912583e-01 1.319354e-01 3.124857e-16
    outer loop
      vertex   5.497534e+00 2.862161e+01 5.000000e+00
      vertex   5.497534e+00 2.862161e+01 2.000000e+00
      vertex   5.424988e+00 2.916667e+01 5.000000e+00
    endloop
  endfacet
  facet normal 9.912583e-01 1.319354e-01 0.000000e+00
    outer loop
      vertex   5.424988e+00 2.916667e+01 5.000000e+00
      vertex   5.497534e+00 2.862161e+01 2.000000e+00
      vertex   5.424988e+00 2.916667e+01 2.000000e+00
    endloop
  endfacet
  facet normal 9.954064e-01 9.573984e-02 0.000000e+00
    outer loop
      vertex   5.424988e+00 2.916667e+01 5.000000e+00
      vertex   5.424988e+00 2.916667e+01 2.000000e+00
      vertex   5.388266e+00 2.954847e+01 5.000000e+00
    endloop
  endfacet
  facet normal 9.954064e-01 9.573984e-02 0.000000e+00
    outer loop
      vertex   5.388266e+00 2.954847e+01 5.000000e+00
      vertex   5.424988e+00 2.916667e+01 2.000000e+00
      vertex   5.388266e+00 2.954847e+01 2.000000e+00
    endloop
  endfacet
  facet normal 9.871433e-01 -1.598375e-01 0.000000e+00
    outer loop
      vertex   5.388266e+00 2.954847e+01 5.000000e+00
      vertex   5.388266e+00 2.954847e+01 2.000000e+00
      vertex   5.449574e+00 2.992711e+01 5.000000e+00
    endloop
  endfacet
  facet normal 9.871433e-01 -1.598375e-01 0.000000e+00
    outer loop
      vertex   5.449574e+00 2.992711e+01 5.000000e+00
      vertex   5.388266e+00 2.954847e+01 2.000000e+00
      vertex   5.449574e+00 2.992711e+01 2.000000e+00
    endloop
  endfacet
  facet normal 9.143329e-01 -4.049634e-01 0.000000e+00
    outer loop
      vertex   5.449574e+00 2.992711e+01 5.000000e+00
      vertex   5.449574e+00 2.992711e+01 2.000000e+00
      vertex   5.604904e+00 3.027781e+01 5.000000e+00
    endloop
  endfacet
  facet normal 9.143329e-01 -4.049634e-01 0.000000e+00
    outer loop
      vertex   5.604904e+00 3.027781e+01 5.000000e+00
      vertex   5.449574e+00 2.992711e+01 2.000000e+00
      vertex   5.604904e+00 3.027781e+01 2.000000e+00
    endloop
  endfacet
  facet normal 7.817360e-01 -6.236096e-01 0.000000e+00
    outer loop
      vertex   5.604904e+00 3.027781e+01 5.000000e+00
      vertex   5.604904e+00 3.027781e+01 2.000000e+00
      vertex   5.844100e+00 3.057766e+01 5.000000e+00
    endloop
  endfacet
  facet normal 7.817360e-01 -6.236096e-01 0.000000e+00
    outer loop
      vertex   5.844100e+00 3.057766e+01 5.000000e+00
      vertex   5.604904e+00 3.027781e+01 2.000000e+00
      vertex   5.844100e+00 3.057766e+01 2.000000e+00
    endloop
  endfacet
  facet normal 5.980228e-01 -8.014791e-01 0.000000e+00
    outer loop
      vertex   5.844100e+00 3.057766e+01 5.000000e+00
      vertex   5.844100e+00 3.057766e+01 2.000000e+00
      vertex   6.151520e+00 3.080704e+01 5.000000e+00
    endloop
  endfacet
  facet normal 5.980228e-01 -8.014791e-01 0.000000e+00
    outer loop
      vertex   6.151520e+00 3.080704e+01 5.000000e+00
      vertex   5.844100e+00 3.057766e+01 2.000000e+00
      vertex   6.151520e+00 3.080704e+01 2.000000e+00
    endloop
  endfacet
  facet normal 3.752061e-01 -9.269414e-01 0.000000e+00
    outer loop
      vertex   6.151520e+00 3.080704e+01 5.000000e+00
      vertex   6.151520e+00 3.080704e+01 2.000000e+00
      vertex   6.507064e+00 3.095096e+01 5.000000e+00
    endloop
  endfacet
  facet normal 3.752061e-01 -9.269414e-01 0.000000e+00
    outer loop
      vertex   6.507064e+00 3.095096e+01 5.000000e+00
      vertex   6.151520e+00 3.080704e+01 2.000000e+00
      vertex   6.507064e+00 3.095096e+01 2.000000e+00
    endloop
  endfacet
  facet normal 1.278555e-01 -9.917928e-01 0.000000e+00
    outer loop
      vertex   6.507064e+00 3.095096e+01 5.000000e+00
      vertex   6.507064e+00 3.095096e+01 2.000000e+00
      vertex   6.887482e+00 3.100000e+01 5.000000e+00
    endloop
  endfacet
  facet normal 1.278566e-01 -9.917927e-01 -1.527149e-07
    outer loop
      vertex   6.887482e+00 3.100000e+01 5.000000e+00
      vertex   6.507064e+00 3.095096e+01 2.000000e+00
      vertex   6.887482e+00 3.100000e+01 2.000000e+00
    endloop
  endfacet
  facet normal 0.000000e+00 -1.000000e+00 0.000000e+00
    outer loop
      vertex   0.000000e+00 3.100000e+01 5.000000e+00
      vertex   6.887482e+00 3.100000e+01 5.000000e+00
      vertex   0.000000e+00 3.100000e+01 2.200000e+01
    endloop
  endfacet
  facet normal 0.000000e+00 -1.000000e+00 0.000000e+00
    outer loop
      vertex   0.000000e+00 3.100000e+01 2.200000e+01
      vertex   6.887482e+00 3.100000e+01 5.000000e+00
      vertex   6.411252e+01 3.100000e+01 5.000000e+00
    endloop
  endfacet
  facet normal 0.000000e+00 -1.000000e+00 0.000000e+00
    outer loop
      vertex   0.000000e+00 3.100000e+01 2.200000e+01
      vertex   6.411252e+01 3.100000e+01 5.000000e+00
      vertex   7.100000e+01 3.100000e+01 2.200000e+01
    endloop
  endfacet
  facet normal 0.000000e+00 -1.000000e+00 -0.000000e+00
    outer loop
      vertex   7.100000e+01 3.100000e+01 2.200000e+01
      vertex   6.411252e+01 3.100000e+01 5.000000e+00
      vertex   7.100000e+01 3.100000e+01 5.000000e+00
    endloop
  endfacet
  facet normal 0.000000e+00 -1.000000e+00 -1.539787e-07
    outer loop
      vertex   6.887482e+00 3.100000e+01 2.000000e+00
      vertex   6.411252e+01 3.100000e+01 2.000000e+00
      vertex   6.887482e+00 3.100000e+01 5.000000e+00
    endloop
  endfacet
  facet normal 0.000000e+00 -1.000000e+00 -1.539787e-07
    outer loop
      vertex   6.887482e+00 3.100000e+01 5.000000e+00
      vertex   6.411252e+01 3.100000e+01 2.000000e+00
      vertex   6.411252e+01 3.100000e+01 5.000000e+00
    endloop
  endfacet
  facet normal 9.573984e-02 -9.954064e-01 0.000000e+00
    outer loop
      vertex   6.916667e+01 2.557501e+01 5.000000e+00
      vertex   6.916667e+01 2.557501e+01 2.000000e+00
      vertex   6.954847e+01 2.561173e+01 5.000000e+00
    endloop
  endfacet
  facet normal 9.573984e-02 -9.954064e-01 0.000000e+00
    outer loop
      vertex   6.954847e+01 2.561173e+01 5.000000e+00
      vertex   6.916667e+01 2.557501e+01 2.000000e+00
      vertex   6.954847e+01 2.561173e+01 2.000000e+00
    endloop
  endfacet
  facet normal -1.598375e-01 -9.871433e-01 -0.000000e+00
    outer loop
      vertex   6.954847e+01 2.561173e+01 5.000000e+00
      vertex   6.954847e+01 2.561173e+01 2.000000e+00
      vertex   6.992711e+01 2.555043e+01 5.000000e+00
    endloop
  endfacet
  facet normal -1.598375e-01 -9.871433e-01 -0.000000e+00
    outer loop
      vertex   6.992711e+01 2.555043e+01 5.000000e+00
      vertex   6.954847e+01 2.561173e+01 2.000000e+00
      vertex   6.992711e+01 2.555043e+01 2.000000e+00
    endloop
  endfacet
  facet normal -4.049634e-01 -9.143329e-01 -0.000000e+00
    outer loop
      vertex   6.992711e+01 2.555043e+01 5.000000e+00
      vertex   6.992711e+01 2.555043e+01 2.000000e+00
      vertex   7.027781e+01 2.539510e+01 5.000000e+00
    endloop
  endfacet
  facet normal -4.049634e-01 -9.143329e-01 -0.000000e+00
    outer loop
      vertex   7.027781e+01 2.539510e+01 5.000000e+00
      vertex   6.992711e+01 2.555043e+01 2.000000e+00
      vertex   7.027781e+01 2.539510e+01 2.000000e+00
    endloop
  endfacet
  facet normal -6.236096e-01 -7.817360e-01 -0.000000e+00
    outer loop
      vertex   7.027781e+01 2.539510e+01 5.000000e+00
      vertex   7.027781e+01 2.539510e+01 2.000000e+00
      vertex   7.057766e+01 2.515590e+01 5.000000e+00
    endloop
  endfacet
  facet normal -6.236096e-01 -7.817360e-01 -0.000000e+00
    outer loop
      vertex   7.057766e+01 2.515590e+01 5.000000e+00
      vertex   7.027781e+01 2.539510e+01 2.000000e+00
      vertex   7.057766e+01 2.515590e+01 2.000000e+00
    endloop
  endfacet
  facet normal -8.014791e-01 -5.980228e-01 -0.000000e+00
    outer loop
      vertex   7.057766e+01 2.515590e+01 5.000000e+00
      vertex   7.057766e+01 2.515590e+01 2.000000e+00
      vertex   7.080704e+01 2.484848e+01 5.000000e+00
    endloop
  endfacet
  facet normal -8.014791e-01 -5.980228e-01 -0.000000e+00
    outer loop
      vertex   7.080704e+01 2.484848e+01 5.000000e+00
      vertex   7.057766e+01 2.515590e+01 2.000000e+00
      vertex   7.080704e+01 2.484848e+01 2.000000e+00
    endloop
  endfacet
  facet normal -9.269414e-01 -3.752061e-01 -0.000000e+00
    outer loop
      vertex   7.080704e+01 2.484848e+01 5.000000e+00
      vertex   7.080704e+01 2.484848e+01 2.000000e+00
      vertex   7.095096e+01 2.449294e+01 5.000000e+00
    endloop
  endfacet
  facet normal -9.269414e-01 -3.752061e-01 -0.000000e+00
    outer loop
      vertex   7.095096e+01 2.449294e+01 5.000000e+00
      vertex   7.080704e+01 2.484848e+01 2.000000e+00
      vertex   7.095096e+01 2.449294e+01 2.000000e+00
    endloop
  endfacet
  facet normal -9.917928e-01 -1.278555e-01 -0.000000e+00
    outer loop
      vertex   7.095096e+01 2.449294e+01 5.000000e+00
      vertex   7.095096e+01 2.449294e+01 2.000000e+00
      vertex   7.100000e+01 2.411252e+01 5.000000e+00
    endloop
  endfacet
  facet normal -9.917925e-01 -1.278582e-01 -3.497663e-07
    outer loop
      vertex   7.100000e+01 2.411252e+01 5.000000e+00
      vertex   7.095096e+01 2.449294e+01 2.000000e+00
      vertex   7.100000e+01 2.411252e+01 2.000000e+00
    endloop
  endfacet
  facet normal 0.000000e+00 0.000000e+00 1.000000e+00
    outer loop
      vertex   1.451529e+00 2.561173e+01 2.000000e+00
      vertex   1.072894e+00 2.555043e+01 2.000000e+00
      vertex   1.833333e+00 2.557501e+01 2.000000e+00
    endloop
  endfacet
  facet normal 0.000000e+00 0.000000e+00 1.000000e+00
    outer loop
      vertex   1.833333e+00 2.557501e+01 2.000000e+00
      vertex   1.072894e+00 2.555043e+01 2.000000e+00
      vertex   7.221866e-01 2.539510e+01 2.000000e+00
    endloop
  endfacet
  facet normal 0.000000e+00 0.000000e+00 1.000000e+00
    outer loop
      vertex   1.833333e+00 2.557501e+01 2.000000e+00
      vertex   7.221866e-01 2.539510e+01 2.000000e+00
      vertex   4.223390e-01 2.515590e+01 2.000000e+00
    endloop
  endfacet
  facet normal 0.000000e+00 0.000000e+00 1.000000e+00
    outer loop
      vertex   1.833333e+00 2.557501e+01 2.000000e+00
      vertex   4.223390e-01 2.515590e+01 2.000000e+00
      vertex   2.378386e+00 2.550247e+01 2.000000e+00
    endloop
  endfacet
  facet normal 0.000000e+00 0.000000e+00 1.000000e+00
    outer loop
      vertex   2.378386e+00 2.550247e+01 2.000000e+00
      vertex   4.223390e-01 2.515590e+01 2.000000e+00
      vertex   1.929575e-01 2.484848e+01 2.000000e+00
    endloop
  endfacet
  facet normal 0.000000e+00 0.000000e+00 1.000000e+00
    outer loop
      vertex   2.378386e+00 2.550247e+01 2.000000e+00
      vertex   1.929575e-01 2.484848e+01 2.000000e+00
      vertex   4.904105e-02 2.449294e+01 2.000000e+00
    endloop
  endfacet
  facet normal -0.000000e+00 0.000000e+00 1.000000e+00
    outer loop
      vertex   4.904105e-02 2.449294e+01 2.000000e+00
      vertex   0.000000e+00 2.411252e+01 2.000000e+00
      vertex   2.378386e+00 2.550247e+01 2.000000e+00
    endloop
  endfacet
  facet normal -0.000000e+00 0.000000e+00 1.000000e+00
    outer loop
      vertex   2.378386e+00 2.550247e+01 2.000000e+00
      vertex   0.000000e+00 2.411252e+01 2.000000e+00
      vertex   2.927523e+00 2.553062e+01 2.000000e+00
    endloop
  endfacet
  facet normal -0.000000e+00 0.000000e+00 1.000000e+00
    outer loop
      vertex   2.927523e+00 2.553062e+01 2.000000e+00
      vertex   0.000000e+00 2.411252e+01 2.000000e+00
      vertex   3.462299e+00 2.565852e+01 2.000000e+00
    endloop
  endfacet
  facet normal 0.000000e+00 0.000000e+00 1.000000e+00
    outer loop
      vertex   3.462299e+00 2.565852e+01 2.000000e+00
      vertex   0.000000e+00 2.411252e+01 2.000000e+00
      vertex   3.462299e+00 5.341475e+00 2.000000e+00
    endloop
  endfacet
  facet normal 0.000000e+00 0.000000e+00 1.000000e+00
    outer loop
      vertex   3.462299e+00 2.565852e+01 2.000000e+00
      vertex   3.462299e+00 5.341475e+00 2.000000e+00
      vertex   3.964747e+00 5.118113e+00 2.000000e+00
    endloop
  endfacet
  facet normal 0.000000e+00 0.000000e+00 1.000000e+00
    outer loop
      vertex   0.000000e+00 2.411252e+01 2.000000e+00
      vertex   0.000000e+00 6.887482e+00 2.000000e+00
      vertex   3.462299e+00 5.341475e+00 2.000000e+00
    endloop
  endfacet
  facet normal 0.000000e+00 0.000000e+00 1.000000e+00
    outer loop
      vertex   3.462299e+00 5.341475e+00 2.000000e+00
      vertex   0.000000e+00 6.887482e+00 2.000000e+00
      vertex   2.927523e+00 5.469381e+00 2.000000e+00
    endloop
  endfacet
  facet normal 0.000000e+00 0.000000e+00 1.000000e+00
    outer loop
      vertex   2.927523e+00 5.469381e+00 2.000000e+00
      vertex   0.000000e+00 6.887482e+00 2.000000e+00
      vertex   2.378386e+00 5.497534e+00 2.000000e+00
    endloop
  endfacet
  facet normal 0.000000e+00 0.000000e+00 1.000000e+00
    outer loop
      vertex   2.378386e+00 5.497534e+00 2.000000e+00
      vertex   0.000000e+00 6.887482e+00 2.000000e+00
      vertex   4.904105e-02 6.507064e+00 2.000000e+00
    endloop
  endfacet
  facet normal 0.000000e+00 0.000000e+00 1.000000e+00
    outer loop
      vertex   2.378386e+00 5.497534e+00 2.000000e+00
      vertex   4.904105e-02 6.507064e+00 2.000000e+00
      vertex   1.929575e-01 6.151520e+00 2.000000e+00
    endloop
  endfacet
  facet normal 0.000000e+00 0.000000e+00 1.000000e+00
    outer loop
      vertex   1.929575e-01 6.151520e+00 2.000000e+00
      vertex   4.223390e-01 5.844100e+00 2.000000e+00
      vertex   2.378386e+00 5.497534e+00 2.000000e+00
    endloop
  endfacet
  facet normal 0.000000e+00 0.000000e+00 1.000000e+00
    outer loop
      vertex   2.378386e+00 5.497534e+00 2.000000e+00
      vertex   4.223390e-01 5.844100e+00 2.000000e+00
      vertex   1.833333e+00 5.424988e+00 2.000000e+00
    endloop
  endfacet
  facet normal 0.000000e+00 0.000000e+00 1.000000e+00
    outer loop
      vertex   1.833333e+00 5.424988e+00 2.000000e+00
      vertex   4.223390e-01 5.844100e+00 2.000000e+00
      vertex   7.221866e-01 5.604904e+00 2.000000e+00
    endloop
  endfacet
  facet normal 0.000000e+00 0.000000e+00 1.000000e+00
    outer loop
      vertex   1.833333e+00 5.424988e+00 2.000000e+00
      vertex   7.221866e-01 5.604904e+00 2.000000e+00
      vertex   1.072894e+00 5.449574e+00 2.000000e+00
    endloop
  endfacet
  facet normal 0.000000e+00 0.000000e+00 1.000000e+00
    outer loop
      vertex   1.072894e+00 5.449574e+00 2.000000e+00
      vertex   1.451529e+00 5.388266e+00 2.000000e+00
      vertex   1.833333e+00 5.424988e+00 2.000000e+00
    endloop
  endfacet
  facet normal -0.000000e+00 -0.000000e+00 1.000000e+00
    outer loop
      vertex   4.417989e+00 4.806798e+00 2.000000e+00
      vertex   6.658201e+01 4.806798e+00 2.000000e+00
      vertex   3.964747e+00 5.118113e+00 2.000000e+00
    endloop
  endfacet
  facet normal 0.000000e+00 0.000000e+00 1.000000e+00
    outer loop
      vertex   3.964747e+00 5.118113e+00 2.000000e+00
      vertex   6.658201e+01 4.806798e+00 2.000000e+00
      vertex   6.703525e+01 5.118113e+00 2.000000e+00
    endloop
  endfacet
  facet normal -0.000000e+00 0.000000e+00 1.000000e+00
    outer loop
      vertex   3.964747e+00 5.118113e+00 2.000000e+00
      vertex   6.703525e+01 5.118113e+00 2.000000e+00
      vertex   3.964747e+00 2.588189e+01 2.000000e+00
    endloop
  endfacet
  facet normal 0.000000e+00 0.000000e+00 1.000000e+00
    outer loop
      vertex   3.964747e+00 2.588189e+01 2.000000e+00
      vertex   6.703525e+01 5.118113e+00 2.000000e+00
      vertex   6.703525e+01 2.588189e+01 2.000000e+00
    endloop
  endfacet
  facet normal -0.000000e+00 0.000000e+00 1.000000e+00
    outer loop
      vertex   3.964747e+00 2.588189e+01 2.000000e+00
      vertex   6.703525e+01 2.588189e+01 2.000000e+00
      vertex   4.417989e+00 2.619320e+01 2.000000e+00
    endloop
  endfacet
  facet normal 0.000000e+00 0.000000e+00 1.000000e+00
    outer loop
      vertex   4.417989e+00 2.619320e+01 2.000000e+00
      vertex   6.703525e+01 2.588189e+01 2.000000e+00
      vertex   6.658201e+01 2.619320e+01 2.000000e+00
    endloop
  endfacet
  facet normal -0.000000e+00 0.000000e+00 1.000000e+00
    outer loop
      vertex   4.417989e+00 2.619320e+01 2.000000e+00
      vertex   6.658201e+01 2.619320e+01 2.000000e+00
      vertex   4.806798e+00 2.658201e+01 2.000000e+00
    endloop
  endfacet
  facet normal -0.000000e+00 0.000000e+00 1.000000e+00
    outer loop
      vertex   4.806798e+00 2.658201e+01 2.000000e+00
      vertex   6.658201e+01 2.619320e+01 2.000000e+00
      vertex   6.619320e+01 2.658201e+01 2.000000e+00
    endloop
  endfacet
  facet normal 0.000000e+00 0.000000e+00 1.000000e+00
    outer loop
      vertex   4.806798e+00 2.658201e+01 2.000000e+00
      vertex   6.619320e+01 2.658201e+01 2.000000e+00
      vertex   5.118113e+00 2.703525e+01 2.000000e+00
    endloop
  endfacet
  facet normal -0.000000e+00 0.000000e+00 1.000000e+00
    outer loop
      vertex   5.118113e+00 2.703525e+01 2.000000e+00
      vertex   6.619320e+01 2.658201e+01 2.000000e+00
      vertex   6.588189e+01 2.703525e+01 2.000000e+00
    endloop
  endfacet
  facet normal 0.000000e+00 0.000000e+00 1.000000e+00
    outer loop
      vertex   5.118113e+00 2.703525e+01 2.000000e+00
      vertex   6.588189e+01 2.703525e+01 2.000000e+00
      vertex   5.341475e+00 2.753770e+01 2.000000e+00
    endloop
  endfacet
  facet normal -0.000000e+00 0.000000e+00 1.000000e+00
    outer loop
      vertex   5.341475e+00 2.753770e+01 2.000000e+00
      vertex   6.588189e+01 2.703525e+01 2.000000e+00
      vertex   6.565852e+01 2.753770e+01 2.000000e+00
    endloop
  endfacet
  facet normal 0.000000e+00 0.000000e+00 1.000000e+00
    outer loop
      vertex   5.341475e+00 2.753770e+01 2.000000e+00
      vertex   6.565852e+01 2.753770e+01 2.000000e+00
      vertex   5.469381e+00 2.807248e+01 2.000000e+00
    endloop
  endfacet
  facet normal -0.000000e+00 0.000000e+00 1.000000e+00
    outer loop
      vertex   5.469381e+00 2.807248e+01 2.000000e+00
      vertex   6.565852e+01 2.753770e+01 2.000000e+00
      vertex   6.553062e+01 2.807248e+01 2.000000e+00
    endloop
  endfacet
  facet normal 0.000000e+00 0.000000e+00 1.000000e+00
    outer loop
      vertex   5.469381e+00 2.807248e+01 2.000000e+00
      vertex   6.553062e+01 2.807248e+01 2.000000e+00
      vertex   6.887482e+00 3.100000e+01 2.000000e+00
    endloop
  endfacet
  facet normal -0.000000e+00 0.000000e+00 1.000000e+00
    outer loop
      vertex   6.887482e+00 3.100000e+01 2.000000e+00
      vertex   6.553062e+01 2.807248e+01 2.000000e+00
      vertex   6.411252e+01 3.100000e+01 2.000000e+00
    endloop
  endfacet
  facet normal 0.000000e+00 0.000000e+00 1.000000e+00
    outer loop
      vertex   6.411252e+01 3.100000e+01 2.000000e+00
      vertex   6.553062e+01 2.807248e+01 2.000000e+00
      vertex   6.550247e+01 2.862161e+01 2.000000e+00
    endloop
  endfacet
  facet normal 0.000000e+00 0.000000e+00 1.000000e+00
    outer loop
      vertex   6.411252e+01 3.100000e+01 2.000000e+00
      vertex   6.550247e+01 2.862161e+01 2.000000e+00
      vertex   6.557501e+01 2.916667e+01 2.000000e+00
    endloop
  endfacet
  facet normal 0.000000e+00 0.000000e+00 1.000000e+00
    outer loop
      vertex   6.658201e+01 4.806798e+00 2.000000e+00
      vertex   4.417989e+00 4.806798e+00 2.000000e+00
      vertex   6.619320e+01 4.417989e+00 2.000000e+00
    endloop
  endfacet
  facet normal 0.000000e+00 0.000000e+00 1.000000e+00
    outer loop
      vertex   6.619320e+01 4.417989e+00 2.000000e+00
      vertex   4.417989e+00 4.806798e+00 2.000000e+00
      vertex   4.806798e+00 4.417989e+00 2.000000e+00
    endloop
  endfacet
  facet normal 0.000000e+00 0.000000e+00 1.000000e+00
    outer loop
      vertex   6.619320e+01 4.417989e+00 2.000000e+00
      vertex   4.806798e+00 4.417989e+00 2.000000e+00
      vertex   6.588189e+01 3.964747e+00 2.000000e+00
    endloop
  endfacet
  facet normal 0.000000e+00 0.000000e+00 1.000000e+00
    outer loop
      vertex   6.588189e+01 3.964747e+00 2.000000e+00
      vertex   4.806798e+00 4.417989e+00 2.000000e+00
      vertex   5.118113e+00 3.964747e+00 2.000000e+00
    endloop
  endfacet
  facet normal 0.000000e+00 0.000000e+00 1.000000e+00
    outer loop
      vertex   6.588189e+01 3.964747e+00 2.000000e+00
      vertex   5.118113e+00 3.964747e+00 2.000000e+00
      vertex   6.565852e+01 3.462299e+00 2.000000e+00
    endloop
  endfacet
  facet normal 0.000000e+00 0.000000e+00 1.000000e+00
    outer loop
      vertex   6.565852e+01 3.462299e+00 2.000000e+00
      vertex   5.118113e+00 3.964747e+00 2.000000e+00
      vertex   5.341475e+00 3.462299e+00 2.000000e+00
    endloop
  endfacet
  facet normal 0.000000e+00 0.000000e+00 1.000000e+00
    outer loop
      vertex   6.565852e+01 3.462299e+00 2.000000e+00
      vertex   5.341475e+00 3.462299e+00 2.000000e+00
      vertex   6.553062e+01 2.927523e+00 2.000000e+00
    endloop
  endfacet
  facet normal 0.000000e+00 0.000000e+00 1.000000e+00
    outer loop
      vertex   6.553062e+01 2.927523e+00 2.000000e+00
      vertex   5.341475e+00 3.462299e+00 2.000000e+00
      vertex   5.469381e+00 2.927523e+00 2.000000e+00
    endloop
  endfacet
  facet normal 0.000000e+00 0.000000e+00 1.000000e+00
    outer loop
      vertex   6.553062e+01 2.927523e+00 2.000000e+00
      vertex   5.469381e+00 2.927523e+00 2.000000e+00
      vertex   6.411252e+01 0.000000e+00 2.000000e+00
    endloop
  endfacet
  facet normal 0.000000e+00 0.000000e+00 1.000000e+00
    outer loop
      vertex   6.411252e+01 0.000000e+00 2.000000e+00
      vertex   5.469381e+00 2.927523e+00 2.000000e+00
      vertex   6.887482e+00 0.000000e+00 2.000000e+00
    endloop
  endfacet
  facet normal 0.000000e+00 0.000000e+00 1.000000e+00
    outer loop
      vertex   6.887482e+00 0.000000e+00 2.000000e+00
      vertex   5.469381e+00 2.927523e+00 2.000000e+00
      vertex   5.497534e+00 2.378386e+00 2.000000e+00
    endloop
  endfacet
  facet normal 0.000000e+00 0.000000e+00 1.000000e+00
    outer loop
      vertex   6.887482e+00 0.000000e+00 2.000000e+00
      vertex   5.497534e+00 2.378386e+00 2.000000e+00
      vertex   5.424988e+00 1.833333e+00 2.000000e+00
    endloop
  endfacet
  facet normal 0.000000e+00 0.000000e+00 1.000000e+00
    outer loop
      vertex   5.424988e+00 1.833333e+00 2.000000e+00
      vertex   5.388266e+00 1.451529e+00 2.000000e+00
      vertex   6.887482e+00 0.000000e+00 2.000000e+00
    endloop
  endfacet
  facet normal 0.000000e+00 0.000000e+00 1.000000e+00
    outer loop
      vertex   6.887482e+00 0.000000e+00 2.000000e+00
      vertex   5.388266e+00 1.451529e+00 2.000000e+00
      vertex   5.449574e+00 1.072894e+00 2.000000e+00
    endloop
  endfacet
  facet normal 0.000000e+00 0.000000e+00 1.000000e+00
    outer loop
      vertex   6.887482e+00 0.000000e+00 2.000000e+00
      vertex   5.449574e+00 1.072894e+00 2.000000e+00
      vertex   5.604904e+00 7.221866e-01 2.000000e+00
    endloop
  endfacet
  facet normal 0.000000e+00 0.000000e+00 1.000000e+00
    outer loop
      vertex   5.604904e+00 7.221866e-01 2.000000e+00
      vertex   5.844100e+00 4.223390e-01 2.000000e+00
      vertex   6.887482e+00 0.000000e+00 2.000000e+00
    endloop
  endfacet
  facet normal 0.000000e+00 0.000000e+00 1.000000e+00
    outer loop
      vertex   6.887482e+00 0.000000e+00 2.000000e+00
      vertex   5.844100e+00 4.223390e-01 2.000000e+00
      vertex   6.151520e+00 1.929575e-01 2.000000e+00
    endloop
  endfacet
  facet normal 0.000000e+00 0.000000e+00 1.000000e+00
    outer loop
      vertex   6.887482e+00 0.000000e+00 2.000000e+00
      vertex   6.151520e+00 1.929575e-01 2.000000e+00
      vertex   6.507064e+00 4.904105e-02 2.000000e+00
    endloop
  endfacet
  facet normal 0.000000e+00 -0.000000e+00 1.000000e+00
    outer loop
      vertex   6.449294e+01 4.904105e-02 2.000000e+00
      vertex   6.484848e+01 1.929575e-01 2.000000e+00
      vertex   6.411252e+01 0.000000e+00 2.000000e+00
    endloop
  endfacet
  facet normal 0.000000e+00 0.000000e+00 1.000000e+00
    outer loop
      vertex   6.411252e+01 0.000000e+00 2.000000e+00
      vertex   6.484848e+01 1.929575e-01 2.000000e+00
      vertex   6.515590e+01 4.223390e-01 2.000000e+00
    endloop
  endfacet
  facet normal 0.000000e+00 0.000000e+00 1.000000e+00
    outer loop
      vertex   6.411252e+01 0.000000e+00 2.000000e+00
      vertex   6.515590e+01 4.223390e-01 2.000000e+00
      vertex   6.539510e+01 7.221866e-01 2.000000e+00
    endloop
  endfacet
  facet normal 0.000000e+00 -0.000000e+00 1.000000e+00
    outer loop
      vertex   6.539510e+01 7.221866e-01 2.000000e+00
      vertex   6.555043e+01 1.072894e+00 2.000000e+00
      vertex   6.411252e+01 0.000000e+00 2.000000e+00
    endloop
  endfacet
  facet normal 0.000000e+00 0.000000e+00 1.000000e+00
    outer loop
      vertex   6.411252e+01 0.000000e+00 2.000000e+00
      vertex   6.555043e+01 1.072894e+00 2.000000e+00
      vertex   6.561173e+01 1.451529e+00 2.000000e+00
    endloop
  endfacet
  facet normal 0.000000e+00 0.000000e+00 1.000000e+00
    outer loop
      vertex   6.411252e+01 0.000000e+00 2.000000e+00
      vertex   6.561173e+01 1.451529e+00 2.000000e+00
      vertex   6.557501e+01 1.833333e+00 2.000000e+00
    endloop
  endfacet
  facet normal 0.000000e+00 0.000000e+00 1.000000e+00
    outer loop
      vertex   6.557501e+01 1.833333e+00 2.000000e+00
      vertex   6.550247e+01 2.378386e+00 2.000000e+00
      vertex   6.411252e+01 0.000000e+00 2.000000e+00
    endloop
  endfacet
  facet normal 0.000000e+00 0.000000e+00 1.000000e+00
    outer loop
      vertex   6.411252e+01 0.000000e+00 2.000000e+00
      vertex   6.550247e+01 2.378386e+00 2.000000e+00
      vertex   6.553062e+01 2.927523e+00 2.000000e+00
    endloop
  endfacet
  facet normal 0.000000e+00 0.000000e+00 1.000000e+00
    outer loop
      vertex   6.703525e+01 2.588189e+01 2.000000e+00
      vertex   6.703525e+01 5.118113e+00 2.000000e+00
      vertex   6.753770e+01 2.565852e+01 2.000000e+00
    endloop
  endfacet
  facet normal 0.000000e+00 0.000000e+00 1.000000e+00
    outer loop
      vertex   6.753770e+01 2.565852e+01 2.000000e+00
      vertex   6.703525e+01 5.118113e+00 2.000000e+00
      vertex   6.753770e+01 5.341475e+00 2.000000e+00
    endloop
  endfacet
  facet normal 0.000000e+00 0.000000e+00 1.000000e+00
    outer loop
      vertex   6.753770e+01 2.565852e+01 2.000000e+00
      vertex   6.753770e+01 5.341475e+00 2.000000e+00
      vertex   7.100000e+01 2.411252e+01 2.000000e+00
    endloop
  endfacet
  facet normal 0.000000e+00 0.000000e+00 1.000000e+00
    outer loop
      vertex   7.100000e+01 2.411252e+01 2.000000e+00
      vertex   6.753770e+01 5.341475e+00 2.000000e+00
      vertex   7.100000e+01 6.887482e+00 2.000000e+00
    endloop
  endfacet
  facet normal 0.000000e+00 0.000000e+00 1.000000e+00
    outer loop
      vertex   7.100000e+01 6.887482e+00 2.000000e+00
      vertex   6.753770e+01 5.341475e+00 2.000000e+00
      vertex   6.807248e+01 5.469381e+00 2.000000e+00
    endloop
  endfacet
  facet normal 0.000000e+00 0.000000e+00 1.000000e+00
    outer loop
      vertex   7.100000e+01 6.887482e+00 2.000000e+00
      vertex   6.807248e+01 5.469381e+00 2.000000e+00
      vertex   6.862161e+01 5.497534e+00 2.000000e+00
    endloop
  endfacet
  facet normal 0.000000e+00 -0.000000e+00 1.000000e+00
    outer loop
      vertex   6.916667e+01 5.424988e+00 2.000000e+00
      vertex   7.057766e+01 5.844100e+00 2.000000e+00
      vertex   6.862161e+01 5.497534e+00 2.000000e+00
    endloop
  endfacet
  facet normal 0.000000e+00 0.000000e+00 1.000000e+00
    outer loop
      vertex   6.862161e+01 5.497534e+00 2.000000e+00
      vertex   7.057766e+01 5.844100e+00 2.000000e+00
      vertex   7.080704e+01 6.151520e+00 2.000000e+00
    endloop
  endfacet
  facet normal 0.000000e+00 0.000000e+00 1.000000e+00
    outer loop
      vertex   6.862161e+01 5.497534e+00 2.000000e+00
      vertex   7.080704e+01 6.151520e+00 2.000000e+00
      vertex   7.095096e+01 6.507064e+00 2.000000e+00
    endloop
  endfacet
  facet normal 0.000000e+00 -0.000000e+00 1.000000e+00
    outer loop
      vertex   6.954847e+01 5.388266e+00 2.000000e+00
      vertex   6.992711e+01 5.449574e+00 2.000000e+00
      vertex   6.916667e+01 5.424988e+00 2.000000e+00
    endloop
  endfacet
  facet normal 0.000000e+00 0.000000e+00 1.000000e+00
    outer loop
      vertex   6.916667e+01 5.424988e+00 2.000000e+00
      vertex   6.992711e+01 5.449574e+00 2.000000e+00
      vertex   7.027781e+01 5.604904e+00 2.000000e+00
    endloop
  endfacet
  facet normal 0.000000e+00 0.000000e+00 1.000000e+00
    outer loop
      vertex   6.916667e+01 5.424988e+00 2.000000e+00
      vertex   7.027781e+01 5.604904e+00 2.000000e+00
      vertex   7.057766e+01 5.844100e+00 2.000000e+00
    endloop
  endfacet
  facet normal 0.000000e+00 -0.000000e+00 1.000000e+00
    outer loop
      vertex   7.095096e+01 6.507064e+00 2.000000e+00
      vertex   7.100000e+01 6.887482e+00 2.000000e+00
      vertex   6.862161e+01 5.497534e+00 2.000000e+00
    endloop
  endfacet
  facet normal 0.000000e+00 0.000000e+00 1.000000e+00
    outer loop
      vertex   7.095096e+01 2.449294e+01 2.000000e+00
      vertex   6.862161e+01 2.550247e+01 2.000000e+00
      vertex   7.100000e+01 2.411252e+01 2.000000e+00
    endloop
  endfacet
  facet normal 0.000000e+00 0.000000e+00 1.000000e+00
    outer loop
      vertex   7.100000e+01 2.411252e+01 2.000000e+00
      vertex   6.862161e+01 2.550247e+01 2.000000e+00
      vertex   6.807248e+01 2.553062e+01 2.000000e+00
    endloop
  endfacet
  facet normal 0.000000e+00 0.000000e+00 1.000000e+00
    outer loop
      vertex   7.100000e+01 2.411252e+01 2.000000e+00
      vertex   6.807248e+01 2.553062e+01 2.000000e+00
      vertex   6.753770e+01 2.565852e+01 2.000000e+00
    endloop
  endfacet
  facet normal 0.000000e+00 0.000000e+00 1.000000e+00
    outer loop
      vertex   7.095096e+01 2.449294e+01 2.000000e+00
      vertex   7.080704e+01 2.484848e+01 2.000000e+00
      vertex   6.862161e+01 2.550247e+01 2.000000e+00
    endloop
  endfacet
  facet normal 0.000000e+00 0.000000e+00 1.000000e+00
    outer loop
      vertex   6.862161e+01 2.550247e+01 2.000000e+00
      vertex   7.080704e+01 2.484848e+01 2.000000e+00
      vertex   7.057766e+01 2.515590e+01 2.000000e+00
    endloop
  endfacet
  facet normal -0.000000e+00 0.000000e+00 1.000000e+00
    outer loop
      vertex   6.862161e+01 2.550247e+01 2.000000e+00
      vertex   7.057766e+01 2.515590e+01 2.000000e+00
      vertex   6.916667e+01 2.557501e+01 2.000000e+00
    endloop
  endfacet
  facet normal 0.000000e+00 0.000000e+00 1.000000e+00
    outer loop
      vertex   6.916667e+01 2.557501e+01 2.000000e+00
      vertex   7.057766e+01 2.515590e+01 2.000000e+00
      vertex   7.027781e+01 2.539510e+01 2.000000e+00
    endloop
  endfacet
  facet normal 0.000000e+00 0.000000e+00 1.000000e+00
    outer loop
      vertex   6.916667e+01 2.557501e+01 2.000000e+00
      vertex   7.027781e+01 2.539510e+01 2.000000e+00
      vertex   6.992711e+01 2.555043e+01 2.000000e+00
    endloop
  endfacet
  facet normal 0.000000e+00 0.000000e+00 1.000000e+00
    outer loop
      vertex   6.992711e+01 2.555043e+01 2.000000e+00
      vertex   6.954847e+01 2.561173e+01 2.000000e+00
      vertex   6.916667e+01 2.557501e+01 2.000000e+00
    endloop
  endfacet
  facet normal 0.000000e+00 -0.000000e+00 1.000000e+00
    outer loop
      vertex   6.557501e+01 2.916667e+01 2.000000e+00
      vertex   6.561173e+01 2.954847e+01 2.000000e+00
      vertex   6.411252e+01 3.100000e+01 2.000000e+00
    endloop
  endfacet
  facet normal 0.000000e+00 0.000000e+00 1.000000e+00
    outer loop
      vertex   6.411252e+01 3.100000e+01 2.000000e+00
      vertex   6.561173e+01 2.954847e+01 2.000000e+00
      vertex   6.555043e+01 2.992711e+01 2.000000e+00
    endloop
  endfacet
  facet normal 0.000000e+00 0.000000e+00 1.000000e+00
    outer loop
      vertex   6.411252e+01 3.100000e+01 2.000000e+00
      vertex   6.555043e+01 2.992711e+01 2.000000e+00
      vertex   6.539510e+01 3.027781e+01 2.000000e+00
    endloop
  endfacet
  facet normal 0.000000e+00 0.000000e+00 1.000000e+00
    outer loop
      vertex   6.539510e+01 3.027781e+01 2.000000e+00
      vertex   6.515590e+01 3.057766e+01 2.000000e+00
      vertex   6.411252e+01 3.100000e+01 2.000000e+00
    endloop
  endfacet
  facet normal 0.000000e+00 0.000000e+00 1.000000e+00
    outer loop
      vertex   6.411252e+01 3.100000e+01 2.000000e+00
      vertex   6.515590e+01 3.057766e+01 2.000000e+00
      vertex   6.484848e+01 3.080704e+01 2.000000e+00
    endloop
  endfacet
  facet normal 0.000000e+00 0.000000e+00 1.000000e+00
    outer loop
      vertex   6.411252e+01 3.100000e+01 2.000000e+00
      vertex   6.484848e+01 3.080704e+01 2.000000e+00
      vertex   6.449294e+01 3.095096e+01 2.000000e+00
    endloop
  endfacet
  facet normal -0.000000e+00 0.000000e+00 1.000000e+00
    outer loop
      vertex   6.507064e+00 3.095096e+01 2.000000e+00
      vertex   6.151520e+00 3.080704e+01 2.000000e+00
      vertex   6.887482e+00 3.100000e+01 2.000000e+00
    endloop
  endfacet
  facet normal 0.000000e+00 0.000000e+00 1.000000e+00
    outer loop
      vertex   6.887482e+00 3.100000e+01 2.000000e+00
      vertex   6.151520e+00 3.080704e+01 2.000000e+00
      vertex   5.844100e+00 3.057766e+01 2.000000e+00
    endloop
  endfacet
  facet normal 0.000000e+00 0.000000e+00 1.000000e+00
    outer loop
      vertex   6.887482e+00 3.100000e+01 2.000000e+00
      vertex   5.844100e+00 3.057766e+01 2.000000e+00
      vertex   5.604904e+00 3.027781e+01 2.000000e+00
    endloop
  endfacet
  facet normal -0.000000e+00 0.000000e+00 1.000000e+00
    outer loop
      vertex   5.604904e+00 3.027781e+01 2.000000e+00
      vertex   5.449574e+00 2.992711e+01 2.000000e+00
      vertex   6.887482e+00 3.100000e+01 2.000000e+00
    endloop
  endfacet
  facet normal 0.000000e+00 0.000000e+00 1.000000e+00
    outer loop
      vertex   6.887482e+00 3.100000e+01 2.000000e+00
      vertex   5.449574e+00 2.992711e+01 2.000000e+00
      vertex   5.388266e+00 2.954847e+01 2.000000e+00
    endloop
  endfacet
  facet normal 0.000000e+00 0.000000e+00 1.000000e+00
    outer loop
      vertex   6.887482e+00 3.100000e+01 2.000000e+00
      vertex   5.388266e+00 2.954847e+01 2.000000e+00
      vertex   5.424988e+00 2.916667e+01 2.000000e+00
    endloop
  endfacet
  facet normal -0.000000e+00 0.000000e+00 1.000000e+00
    outer loop
      vertex   5.424988e+00 2.916667e+01 2.000000e+00
      vertex   5.497534e+00 2.862161e+01 2.000000e+00
      vertex   6.887482e+00 3.100000e+01 2.000000e+00
    endloop
  endfacet
  facet normal 0.000000e+00 0.000000e+00 1.000000e+00
    outer loop
      vertex   6.887482e+00 3.100000e+01 2.000000e+00
      vertex   5.497534e+00 2.862161e+01 2.000000e+00
      vertex   5.469381e+00 2.807248e+01 2.000000e+00
    endloop
  endfacet
  facet normal 0.000000e+00 0.000000e+00 1.000000e+00
    outer loop
      vertex   3.964747e+00 2.588189e+01 2.000000e+00
      vertex   3.462299e+00 2.565852e+01 2.000000e+00
      vertex   3.964747e+00 5.118113e+00 2.000000e+00
    endloop
  endfacet
  facet normal 1.319354e-01 -9.912583e-01 0.000000e+00
    outer loop
      vertex   6.916667e+01 2.557501e+01 2.000000e+00
      vertex   6.916667e+01 2.557501e+01 5.000000e+00
      vertex   6.862161e+01 2.550247e+01 2.000000e+00
    endloop
  endfacet
  facet normal 1.319354e-01 -9.912583e-01 0.000000e+00
    outer loop
      vertex   6.862161e+01 2.550247e+01 2.000000e+00
      vertex   6.916667e+01 2.557501e+01 5.000000e+00
      vertex   6.862161e+01 2.550247e+01 5.000000e+00
    endloop
  endfacet
  facet normal -5.120031e-02 -9.986884e-01 0.000000e+00
    outer loop
      vertex   6.862161e+01 2.550247e+01 2.000000e+00
      vertex   6.862161e+01 2.550247e+01 5.000000e+00
      vertex   6.807248e+01 2.553062e+01 2.000000e+00
    endloop
  endfacet
  facet normal -5.120031e-02 -9.986884e-01 0.000000e+00
    outer loop
      vertex   6.807248e+01 2.553062e+01 2.000000e+00
      vertex   6.862161e+01 2.550247e+01 5.000000e+00
      vertex   6.807248e+01 2.553062e+01 5.000000e+00
    endloop
  endfacet
  facet normal -2.326160e-01 -9.725687e-01 0.000000e+00
    outer loop
      vertex   6.807248e+01 2.553062e+01 2.000000e+00
      vertex   6.807248e+01 2.553062e+01 5.000000e+00
      vertex   6.753770e+01 2.565852e+01 2.000000e+00
    endloop
  endfacet
  facet normal -2.326160e-01 -9.725687e-01 0.000000e+00
    outer loop
      vertex   6.753770e+01 2.565852e+01 2.000000e+00
      vertex   6.807248e+01 2.553062e+01 5.000000e+00
      vertex   6.753770e+01 2.565852e+01 5.000000e+00
    endloop
  endfacet
  facet normal -4.062171e-01 -9.137766e-01 0.000000e+00
    outer loop
      vertex   6.753770e+01 2.565852e+01 2.000000e+00
      vertex   6.753770e+01 2.565852e+01 5.000000e+00
      vertex   6.703525e+01 2.588189e+01 2.000000e+00
    endloop
  endfacet
  facet normal -4.062171e-01 -9.137766e-01 0.000000e+00
    outer loop
      vertex   6.703525e+01 2.588189e+01 2.000000e+00
      vertex   6.753770e+01 2.565852e+01 5.000000e+00
      vertex   6.703525e+01 2.588189e+01 5.000000e+00
    endloop
  endfacet
  facet normal -5.661719e-01 -8.242872e-01 0.000000e+00
    outer loop
      vertex   6.703525e+01 2.588189e+01 2.000000e+00
      vertex   6.703525e+01 2.588189e+01 5.000000e+00
      vertex   6.658201e+01 2.619320e+01 2.000000e+00
    endloop
  endfacet
  facet normal -5.661719e-01 -8.242872e-01 0.000000e+00
    outer loop
      vertex   6.658201e+01 2.619320e+01 2.000000e+00
      vertex   6.703525e+01 2.588189e+01 5.000000e+00
      vertex   6.658201e+01 2.619320e+01 5.000000e+00
    endloop
  endfacet
  facet normal -7.071068e-01 -7.071068e-01 0.000000e+00
    outer loop
      vertex   6.658201e+01 2.619320e+01 2.000000e+00
      vertex   6.658201e+01 2.619320e+01 5.000000e+00
      vertex   6.619320e+01 2.658201e+01 2.000000e+00
    endloop
  endfacet
  facet normal -7.071068e-01 -7.071068e-01 0.000000e+00
    outer loop
      vertex   6.619320e+01 2.658201e+01 2.000000e+00
      vertex   6.658201e+01 2.619320e+01 5.000000e+00
      vertex   6.619320e+01 2.658201e+01 5.000000e+00
    endloop
  endfacet
  facet normal -8.242872e-01 -5.661719e-01 0.000000e+00
    outer loop
      vertex   6.619320e+01 2.658201e+01 2.000000e+00
      vertex   6.619320e+01 2.658201e+01 5.000000e+00
      vertex   6.588189e+01 2.703525e+01 2.000000e+00
    endloop
  endfacet
  facet normal -8.242872e-01 -5.661719e-01 0.000000e+00
    outer loop
      vertex   6.588189e+01 2.703525e+01 2.000000e+00
      vertex   6.619320e+01 2.658201e+01 5.000000e+00
      vertex   6.588189e+01 2.703525e+01 5.000000e+00
    endloop
  endfacet
  facet normal -9.137766e-01 -4.062171e-01 0.000000e+00
    outer loop
      vertex   6.588189e+01 2.703525e+01 2.000000e+00
      vertex   6.588189e+01 2.703525e+01 5.000000e+00
      vertex   6.565852e+01 2.753770e+01 2.000000e+00
    endloop
  endfacet
  facet normal -9.137766e-01 -4.062171e-01 0.000000e+00
    outer loop
      vertex   6.565852e+01 2.753770e+01 2.000000e+00
      vertex   6.588189e+01 2.703525e+01 5.000000e+00
      vertex   6.565852e+01 2.753770e+01 5.000000e+00
    endloop
  endfacet
  facet normal -9.725687e-01 -2.326160e-01 0.000000e+00
    outer loop
      vertex   6.565852e+01 2.753770e+01 2.000000e+00
      vertex   6.565852e+01 2.753770e+01 5.000000e+00
      vertex   6.553062e+01 2.807248e+01 2.000000e+00
    endloop
  endfacet
  facet normal -9.725687e-01 -2.326160e-01 0.000000e+00
    outer loop
      vertex   6.553062e+01 2.807248e+01 2.000000e+00
      vertex   6.565852e+01 2.753770e+01 5.000000e+00
      vertex   6.553062e+01 2.807248e+01 5.000000e+00
    endloop
  endfacet
  facet normal -9.986884e-01 -5.120031e-02 0.000000e+00
    outer loop
      vertex   6.553062e+01 2.807248e+01 2.000000e+00
      vertex   6.553062e+01 2.807248e+01 5.000000e+00
      vertex   6.550247e+01 2.862161e+01 2.000000e+00
    endloop
  endfacet
  facet normal -9.986884e-01 -5.120031e-02 0.000000e+00
    outer loop
      vertex   6.550247e+01 2.862161e+01 2.000000e+00
      vertex   6.553062e+01 2.807248e+01 5.000000e+00
      vertex   6.550247e+01 2.862161e+01 5.000000e+00
    endloop
  endfacet
  facet normal -9.912583e-01 1.319354e-01 0.000000e+00
    outer loop
      vertex   6.550247e+01 2.862161e+01 2.000000e+00
      vertex   6.550247e+01 2.862161e+01 5.000000e+00
      vertex   6.557501e+01 2.916667e+01 2.000000e+00
    endloop
  endfacet
  facet normal -9.912583e-01 1.319354e-01 0.000000e+00
    outer loop
      vertex   6.557501e+01 2.916667e+01 2.000000e+00
      vertex   6.550247e+01 2.862161e+01 5.000000e+00
      vertex   6.557501e+01 2.916667e+01 5.000000e+00
    endloop
  endfacet
  facet normal -1.278555e-01 -9.917928e-01 -1.527149e-07
    outer loop
      vertex   6.411252e+01 3.100000e+01 5.000000e+00
      vertex   6.411252e+01 3.100000e+01 2.000000e+00
      vertex   6.449294e+01 3.095096e+01 5.000000e+00
    endloop
  endfacet
  facet normal -1.278566e-01 -9.917927e-01 -0.000000e+00
    outer loop
      vertex   6.449294e+01 3.095096e+01 5.000000e+00
      vertex   6.411252e+01 3.100000e+01 2.000000e+00
      vertex   6.449294e+01 3.095096e+01 2.000000e+00
    endloop
  endfacet
  facet normal -3.752061e-01 -9.269414e-01 -0.000000e+00
    outer loop
      vertex   6.449294e+01 3.095096e+01 5.000000e+00
      vertex   6.449294e+01 3.095096e+01 2.000000e+00
      vertex   6.484848e+01 3.080704e+01 5.000000e+00
    endloop
  endfacet
  facet normal -3.752061e-01 -9.269414e-01 -0.000000e+00
    outer loop
      vertex   6.484848e+01 3.080704e+01 5.000000e+00
      vertex   6.449294e+01 3.095096e+01 2.000000e+00
      vertex   6.484848e+01 3.080704e+01 2.000000e+00
    endloop
  endfacet
  facet normal -5.980228e-01 -8.014791e-01 -0.000000e+00
    outer loop
      vertex   6.484848e+01 3.080704e+01 5.000000e+00
      vertex   6.484848e+01 3.080704e+01 2.000000e+00
      vertex   6.515590e+01 3.057766e+01 5.000000e+00
    endloop
  endfacet
  facet normal -5.980228e-01 -8.014791e-01 -0.000000e+00
    outer loop
      vertex   6.515590e+01 3.057766e+01 5.000000e+00
      vertex   6.484848e+01 3.080704e+01 2.000000e+00
      vertex   6.515590e+01 3.057766e+01 2.000000e+00
    endloop
  endfacet
  facet normal -7.817360e-01 -6.236096e-01 -0.000000e+00
    outer loop
      vertex   6.515590e+01 3.057766e+01 5.000000e+00
      vertex   6.515590e+01 3.057766e+01 2.000000e+00
      vertex   6.539510e+01 3.027781e+01 5.000000e+00
    endloop
  endfacet
  facet normal -7.817360e-01 -6.236096e-01 -0.000000e+00
    outer loop
      vertex   6.539510e+01 3.027781e+01 5.000000e+00
      vertex   6.515590e+01 3.057766e+01 2.000000e+00
      vertex   6.539510e+01 3.027781e+01 2.000000e+00
    endloop
  endfacet
  facet normal -9.143329e-01 -4.049634e-01 -0.000000e+00
    outer loop
      vertex   6.539510e+01 3.027781e+01 5.000000e+00
      vertex   6.539510e+01 3.027781e+01 2.000000e+00
      vertex   6.555043e+01 2.992711e+01 5.000000e+00
    endloop
  endfacet
  facet normal -9.143329e-01 -4.049634e-01 -0.000000e+00
    outer loop
      vertex   6.555043e+01 2.992711e+01 5.000000e+00
      vertex   6.539510e+01 3.027781e+01 2.000000e+00
      vertex   6.555043e+01 2.992711e+01 2.000000e+00
    endloop
  endfacet
  facet normal -9.871433e-01 -1.598375e-01 -0.000000e+00
    outer loop
      vertex   6.555043e+01 2.992711e+01 5.000000e+00
      vertex   6.555043e+01 2.992711e+01 2.000000e+00
      vertex   6.561173e+01 2.954847e+01 5.000000e+00
    endloop
  endfacet
  facet normal -9.871433e-01 -1.598375e-01 -0.000000e+00
    outer loop
      vertex   6.561173e+01 2.954847e+01 5.000000e+00
      vertex   6.555043e+01 2.992711e+01 2.000000e+00
      vertex   6.561173e+01 2.954847e+01 2.000000e+00
    endloop
  endfacet
  facet normal -9.954064e-01 9.573984e-02 0.000000e+00
    outer loop
      vertex   6.561173e+01 2.954847e+01 5.000000e+00
      vertex   6.561173e+01 2.954847e+01 2.000000e+00
      vertex   6.557501e+01 2.916667e+01 5.000000e+00
    endloop
  endfacet
  facet normal -9.954064e-01 9.573984e-02 0.000000e+00
    outer loop
      vertex   6.557501e+01 2.916667e+01 5.000000e+00
      vertex   6.561173e+01 2.954847e+01 2.000000e+00
      vertex   6.557501e+01 2.916667e+01 2.000000e+00
    endloop
  endfacet
  facet normal -9.917928e-01 1.278555e-01 -3.497665e-07
    outer loop
      vertex   7.100000e+01 6.887482e+00 5.000000e+00
      vertex   7.100000e+01 6.887482e+00 2.000000e+00
      vertex   7.095096e+01 6.507064e+00 5.000000e+00
    endloop
  endfacet
  facet normal -9.917925e-01 1.278582e-01 0.000000e+00
    outer loop
      vertex   7.095096e+01 6.507064e+00 5.000000e+00
      vertex   7.100000e+01 6.887482e+00 2.000000e+00
      vertex   7.095096e+01 6.507064e+00 2.000000e+00
    endloop
  endfacet
  facet normal -9.269414e-01 3.752061e-01 0.000000e+00
    outer loop
      vertex   7.095096e+01 6.507064e+00 5.000000e+00
      vertex   7.095096e+01 6.507064e+00 2.000000e+00
      vertex   7.080704e+01 6.151520e+00 5.000000e+00
    endloop
  endfacet
  facet normal -9.269414e-01 3.752061e-01 0.000000e+00
    outer loop
      vertex   7.080704e+01 6.151520e+00 5.000000e+00
      vertex   7.095096e+01 6.507064e+00 2.000000e+00
      vertex   7.080704e+01 6.151520e+00 2.000000e+00
    endloop
  endfacet
  facet normal -8.014791e-01 5.980228e-01 0.000000e+00
    outer loop
      vertex   7.080704e+01 6.151520e+00 5.000000e+00
      vertex   7.080704e+01 6.151520e+00 2.000000e+00
      vertex   7.057766e+01 5.844100e+00 5.000000e+00
    endloop
  endfacet
  facet normal -8.014791e-01 5.980228e-01 0.000000e+00
    outer loop
      vertex   7.057766e+01 5.844100e+00 5.000000e+00
      vertex   7.080704e+01 6.151520e+00 2.000000e+00
      vertex   7.057766e+01 5.844100e+00 2.000000e+00
    endloop
  endfacet
  facet normal -6.236096e-01 7.817360e-01 0.000000e+00
    outer loop
      vertex   7.057766e+01 5.844100e+00 5.000000e+00
      vertex   7.057766e+01 5.844100e+00 2.000000e+00
      vertex   7.027781e+01 5.604904e+00 5.000000e+00
    endloop
  endfacet
  facet normal -6.236096e-01 7.817360e-01 0.000000e+00
    outer loop
      vertex   7.027781e+01 5.604904e+00 5.000000e+00
      vertex   7.057766e+01 5.844100e+00 2.000000e+00
      vertex   7.027781e+01 5.604904e+00 2.000000e+00
    endloop
  endfacet
  facet normal -4.049634e-01 9.143329e-01 0.000000e+00
    outer loop
      vertex   7.027781e+01 5.604904e+00 5.000000e+00
      vertex   7.027781e+01 5.604904e+00 2.000000e+00
      vertex   6.992711e+01 5.449574e+00 5.000000e+00
    endloop
  endfacet
  facet normal -4.049634e-01 9.143329e-01 0.000000e+00
    outer loop
      vertex   6.992711e+01 5.449574e+00 5.000000e+00
      vertex   7.027781e+01 5.604904e+00 2.000000e+00
      vertex   6.992711e+01 5.449574e+00 2.000000e+00
    endloop
  endfacet
  facet normal -1.598375e-01 9.871433e-01 0.000000e+00
    outer loop
      vertex   6.992711e+01 5.449574e+00 5.000000e+00
      vertex   6.992711e+01 5.449574e+00 2.000000e+00
      vertex   6.954847e+01 5.388266e+00 5.000000e+00
    endloop
  endfacet
  facet normal -1.598375e-01 9.871433e-01 0.000000e+00
    outer loop
      vertex   6.954847e+01 5.388266e+00 5.000000e+00
      vertex   6.992711e+01 5.449574e+00 2.000000e+00
      vertex   6.954847e+01 5.388266e+00 2.000000e+00
    endloop
  endfacet
  facet normal 9.573984e-02 9.954064e-01 0.000000e+00
    outer loop
      vertex   6.954847e+01 5.388266e+00 5.000000e+00
      vertex   6.954847e+01 5.388266e+00 2.000000e+00
      vertex   6.916667e+01 5.424988e+00 5.000000e+00
    endloop
  endfacet
  facet normal 9.573984e-02 9.954064e-01 0.000000e+00
    outer loop
      vertex   6.916667e+01 5.424988e+00 5.000000e+00
      vertex   6.954847e+01 5.388266e+00 2.000000e+00
      vertex   6.916667e+01 5.424988e+00 2.000000e+00
    endloop
  endfacet
  facet normal 1.319354e-01 9.912583e-01 0.000000e+00
    outer loop
      vertex   6.916667e+01 5.424988e+00 5.000000e+00
      vertex   6.916667e+01 5.424988e+00 2.000000e+00
      vertex   6.862161e+01 5.497534e+00 5.000000e+00
    endloop
  endfacet
  facet normal 1.319354e-01 9.912583e-01 0.000000e+00
    outer loop
      vertex   6.862161e+01 5.497534e+00 5.000000e+00
      vertex   6.916667e+01 5.424988e+00 2.000000e+00
      vertex   6.862161e+01 5.497534e+00 2.000000e+00
    endloop
  endfacet
  facet normal -5.120031e-02 9.986884e-01 0.000000e+00
    outer loop
      vertex   6.862161e+01 5.497534e+00 5.000000e+00
      vertex   6.862161e+01 5.497534e+00 2.000000e+00
      vertex   6.807248e+01 5.469381e+00 5.000000e+00
    endloop
  endfacet
  facet normal -5.120031e-02 9.986884e-01 0.000000e+00
    outer loop
      vertex   6.807248e+01 5.469381e+00 5.000000e+00
      vertex   6.862161e+01 5.497534e+00 2.000000e+00
      vertex   6.807248e+01 5.469381e+00 2.000000e+00
    endloop
  endfacet
  facet normal -2.326160e-01 9.725687e-01 0.000000e+00
    outer loop
      vertex   6.807248e+01 5.469381e+00 5.000000e+00
      vertex   6.807248e+01 5.469381e+00 2.000000e+00
      vertex   6.753770e+01 5.341475e+00 5.000000e+00
    endloop
  endfacet
  facet normal -2.326160e-01 9.725687e-01 0.000000e+00
    outer loop
      vertex   6.753770e+01 5.341475e+00 5.000000e+00
      vertex   6.807248e+01 5.469381e+00 2.000000e+00
      vertex   6.753770e+01 5.341475e+00 2.000000e+00
    endloop
  endfacet
  facet normal -4.062171e-01 9.137766e-01 0.000000e+00
    outer loop
      vertex   6.753770e+01 5.341475e+00 5.000000e+00
      vertex   6.753770e+01 5.341475e+00 2.000000e+00
      vertex   6.703525e+01 5.118113e+00 5.000000e+00
    endloop
  endfacet
  facet normal -4.062171e-01 9.137766e-01 0.000000e+00
    outer loop
      vertex   6.703525e+01 5.118113e+00 5.000000e+00
      vertex   6.753770e+01 5.341475e+00 2.000000e+00
      vertex   6.703525e+01 5.118113e+00 2.000000e+00
    endloop
  endfacet
  facet normal -5.661719e-01 8.242872e-01 0.000000e+00
    outer loop
      vertex   6.703525e+01 5.118113e+00 5.000000e+00
      vertex   6.703525e+01 5.118113e+00 2.000000e+00
      vertex   6.658201e+01 4.806798e+00 5.000000e+00
    endloop
  endfacet
  facet normal -5.661719e-01 8.242872e-01 2.440380e-16
    outer loop
      vertex   6.658201e+01 4.806798e+00 5.000000e+00
      vertex   6.703525e+01 5.118113e+00 2.000000e+00
      vertex   6.658201e+01 4.806798e+00 2.000000e+00
    endloop
  endfacet
  facet normal -7.071068e-01 7.071068e-01 2.093457e-16
    outer loop
      vertex   6.658201e+01 4.806798e+00 5.000000e+00
      vertex   6.658201e+01 4.806798e+00 2.000000e+00
      vertex   6.619320e+01 4.417989e+00 5.000000e+00
    endloop
  endfacet
  facet normal -7.071068e-01 7.071068e-01 0.000000e+00
    outer loop
      vertex   6.619320e+01 4.417989e+00 5.000000e+00
      vertex   6.658201e+01 4.806798e+00 2.000000e+00
      vertex   6.619320e+01 4.417989e+00 2.000000e+00
    endloop
  endfacet
  facet normal -8.242872e-01 5.661719e-01 0.000000e+00
    outer loop
      vertex   6.619320e+01 4.417989e+00 5.000000e+00
      vertex   6.619320e+01 4.417989e+00 2.000000e+00
      vertex   6.588189e+01 3.964747e+00 5.000000e+00
    endloop
  endfacet
  facet normal -8.242872e-01 5.661719e-01 0.000000e+00
    outer loop
      vertex   6.588189e+01 3.964747e+00 5.000000e+00
      vertex   6.619320e+01 4.417989e+00 2.000000e+00
      vertex   6.588189e+01 3.964747e+00 2.000000e+00
    endloop
  endfacet
  facet normal -9.137766e-01 4.062171e-01 0.000000e+00
    outer loop
      vertex   6.588189e+01 3.964747e+00 5.000000e+00
      vertex   6.588189e+01 3.964747e+00 2.000000e+00
      vertex   6.565852e+01 3.462299e+00 5.000000e+00
    endloop
  endfacet
  facet normal -9.137766e-01 4.062171e-01 0.000000e+00
    outer loop
      vertex   6.565852e+01 3.462299e+00 5.000000e+00
      vertex   6.588189e+01 3.964747e+00 2.000000e+00
      vertex   6.565852e+01 3.462299e+00 2.000000e+00
    endloop
  endfacet
  facet normal -9.725687e-01 2.326160e-01 0.000000e+00
    outer loop
      vertex   6.565852e+01 3.462299e+00 5.000000e+00
      vertex   6.565852e+01 3.462299e+00 2.000000e+00
      vertex   6.553062e+01 2.927523e+00 5.000000e+00
    endloop
  endfacet
  facet normal -9.725687e-01 2.326160e-01 0.000000e+00
    outer loop
      vertex   6.553062e+01 2.927523e+00 5.000000e+00
      vertex   6.565852e+01 3.462299e+00 2.000000e+00
      vertex   6.553062e+01 2.927523e+00 2.000000e+00
    endloop
  endfacet
  facet normal -9.986884e-01 5.120031e-02 0.000000e+00
    outer loop
      vertex   6.553062e+01 2.927523e+00 5.000000e+00
      vertex   6.553062e+01 2.927523e+00 2.000000e+00
      vertex   6.550247e+01 2.378386e+00 5.000000e+00
    endloop
  endfacet
  facet normal -9.986884e-01 5.120031e-02 0.000000e+00
    outer loop
      vertex   6.550247e+01 2.378386e+00 5.000000e+00
      vertex   6.553062e+01 2.927523e+00 2.000000e+00
      vertex   6.550247e+01 2.378386e+00 2.000000e+00
    endloop
  endfacet
  facet normal -9.912583e-01 -1.319354e-01 -0.000000e+00
    outer loop
      vertex   6.550247e+01 2.378386e+00 5.000000e+00
      vertex   6.550247e+01 2.378386e+00 2.000000e+00
      vertex   6.557501e+01 1.833333e+00 5.000000e+00
    endloop
  endfacet
  facet normal -9.912583e-01 -1.319354e-01 -0.000000e+00
    outer loop
      vertex   6.557501e+01 1.833333e+00 5.000000e+00
      vertex   6.550247e+01 2.378386e+00 2.000000e+00
      vertex   6.557501e+01 1.833333e+00 2.000000e+00
    endloop
  endfacet
  facet normal -9.954064e-01 -9.573984e-02 -0.000000e+00
    outer loop
      vertex   6.557501e+01 1.833333e+00 5.000000e+00
      vertex   6.557501e+01 1.833333e+00 2.000000e+00
      vertex   6.561173e+01 1.451529e+00 5.000000e+00
    endloop
  endfacet
  facet normal -9.954064e-01 -9.573984e-02 -0.000000e+00
    outer loop
      vertex   6.561173e+01 1.451529e+00 5.000000e+00
      vertex   6.557501e+01 1.833333e+00 2.000000e+00
      vertex   6.561173e+01 1.451529e+00 2.000000e+00
    endloop
  endfacet
  facet normal -9.871433e-01 1.598375e-01 0.000000e+00
    outer loop
      vertex   6.561173e+01 1.451529e+00 5.000000e+00
      vertex   6.561173e+01 1.451529e+00 2.000000e+00
      vertex   6.555043e+01 1.072894e+00 5.000000e+00
    endloop
  endfacet
  facet normal -9.871433e-01 1.598375e-01 0.000000e+00
    outer loop
      vertex   6.555043e+01 1.072894e+00 5.000000e+00
      vertex   6.561173e+01 1.451529e+00 2.000000e+00
      vertex   6.555043e+01 1.072894e+00 2.000000e+00
    endloop
  endfacet
  facet normal -9.143329e-01 4.049634e-01 0.000000e+00
    outer loop
      vertex   6.555043e+01 1.072894e+00 5.000000e+00
      vertex   6.555043e+01 1.072894e+00 2.000000e+00
      vertex   6.539510e+01 7.221866e-01 5.000000e+00
    endloop
  endfacet
  facet normal -9.143329e-01 4.049634e-01 0.000000e+00
    outer loop
      vertex   6.539510e+01 7.221866e-01 5.000000e+00
      vertex   6.555043e+01 1.072894e+00 2.000000e+00
      vertex   6.539510e+01 7.221866e-01 2.000000e+00
    endloop
  endfacet
  facet normal -7.817360e-01 6.236096e-01 0.000000e+00
    outer loop
      vertex   6.539510e+01 7.221866e-01 5.000000e+00
      vertex   6.539510e+01 7.221866e-01 2.000000e+00
      vertex   6.515590e+01 4.223390e-01 5.000000e+00
    endloop
  endfacet
  facet normal -7.817360e-01 6.236096e-01 0.000000e+00
    outer loop
      vertex   6.515590e+01 4.223390e-01 5.000000e+00
      vertex   6.539510e+01 7.221866e-01 2.000000e+00
      vertex   6.515590e+01 4.223390e-01 2.000000e+00
    endloop
  endfacet
  facet normal -5.980228e-01 8.014791e-01 0.000000e+00
    outer loop
      vertex   6.515590e+01 4.223390e-01 5.000000e+00
      vertex   6.515590e+01 4.223390e-01 2.000000e+00
      vertex   6.484848e+01 1.929575e-01 5.000000e+00
    endloop
  endfacet
  facet normal -5.980228e-01 8.014791e-01 0.000000e+00
    outer loop
      vertex   6.484848e+01 1.929575e-01 5.000000e+00
      vertex   6.515590e+01 4.223390e-01 2.000000e+00
      vertex   6.484848e+01 1.929575e-01 2.000000e+00
    endloop
  endfacet
  facet normal -3.752061e-01 9.269414e-01 0.000000e+00
    outer loop
      vertex   6.484848e+01 1.929575e-01 5.000000e+00
      vertex   6.484848e+01 1.929575e-01 2.000000e+00
      vertex   6.449294e+01 4.904105e-02 5.000000e+00
    endloop
  endfacet
  facet normal -3.752061e-01 9.269414e-01 0.000000e+00
    outer loop
      vertex   6.449294e+01 4.904105e-02 5.000000e+00
      vertex   6.484848e+01 1.929575e-01 2.000000e+00
      vertex   6.449294e+01 4.904105e-02 2.000000e+00
    endloop
  endfacet
  facet normal -1.278555e-01 9.917928e-01 0.000000e+00
    outer loop
      vertex   6.449294e+01 4.904105e-02 5.000000e+00
      vertex   6.449294e+01 4.904105e-02 2.000000e+00
      vertex   6.411252e+01 0.000000e+00 5.000000e+00
    endloop
  endfacet
  facet normal -1.278555e-01 9.917928e-01 0.000000e+00
    outer loop
      vertex   6.411252e+01 0.000000e+00 5.000000e+00
      vertex   6.449294e+01 4.904105e-02 2.000000e+00
      vertex   6.411252e+01 0.000000e+00 2.000000e+00
    endloop
  endfacet
  facet normal 0.000000e+00 1.000000e+00 -0.000000e+00
    outer loop
      vertex   7.100000e+01 0.000000e+00 5.000000e+00
      vertex   6.411252e+01 0.000000e+00 5.000000e+00
      vertex   7.100000e+01 0.000000e+00 2.200000e+01
    endloop
  endfacet
  facet normal 0.000000e+00 1.000000e+00 0.000000e+00
    outer loop
      vertex   7.100000e+01 0.000000e+00 2.200000e+01
      vertex   6.411252e+01 0.000000e+00 5.000000e+00
      vertex   6.887482e+00 0.000000e+00 5.000000e+00
    endloop
  endfacet
  facet normal 0.000000e+00 1.000000e+00 0.000000e+00
    outer loop
      vertex   7.100000e+01 0.000000e+00 2.200000e+01
      vertex   6.887482e+00 0.000000e+00 5.000000e+00
      vertex   0.000000e+00 0.000000e+00 2.200000e+01
    endloop
  endfacet
  facet normal 0.000000e+00 1.000000e+00 0.000000e+00
    outer loop
      vertex   0.000000e+00 0.000000e+00 2.200000e+01
      vertex   6.887482e+00 0.000000e+00 5.000000e+00
      vertex   0.000000e+00 0.000000e+00 5.000000e+00
    endloop
  endfacet
  facet normal 0.000000e+00 1.000000e+00 -0.000000e+00
    outer loop
      vertex   6.411252e+01 0.000000e+00 2.000000e+00
      vertex   6.887482e+00 0.000000e+00 2.000000e+00
      vertex   6.411252e+01 0.000000e+00 5.000000e+00
    endloop
  endfacet
  facet normal 0.000000e+00 1.000000e+00 0.000000e+00
    outer loop
      vertex   6.411252e+01 0.000000e+00 5.000000e+00
      vertex   6.887482e+00 0.000000e+00 2.000000e+00
      vertex   6.887482e+00 0.000000e+00 5.000000e+00
    endloop
  endfacet
  facet normal 1.278555e-01 9.917928e-01 0.000000e+00
    outer loop
      vertex   6.887482e+00 0.000000e+00 5.000000e+00
      vertex   6.887482e+00 0.000000e+00 2.000000e+00
      vertex   6.507064e+00 4.904105e-02 5.000000e+00
    endloop
  endfacet
  facet normal 1.278555e-01 9.917928e-01 0.000000e+00
    outer loop
      vertex   6.507064e+00 4.904105e-02 5.000000e+00
      vertex   6.887482e+00 0.000000e+00 2.000000e+00
      vertex   6.507064e+00 4.904105e-02 2.000000e+00
    endloop
  endfacet
  facet normal 3.752061e-01 9.269414e-01 0.000000e+00
    outer loop
      vertex   6.507064e+00 4.904105e-02 5.000000e+00
      vertex   6.507064e+00 4.904105e-02 2.000000e+00
      vertex   6.151520e+00 1.929575e-01 5.000000e+00
    endloop
  endfacet
  facet normal 3.752061e-01 9.269414e-01 0.000000e+00
    outer loop
      vertex   6.151520e+00 1.929575e-01 5.000000e+00
      vertex   6.507064e+00 4.904105e-02 2.000000e+00
      vertex   6.151520e+00 1.929575e-01 2.000000e+00
    endloop
  endfacet
  facet normal 5.980228e-01 8.014791e-01 0.000000e+00
    outer loop
      vertex   6.151520e+00 1.929575e-01 5.000000e+00
      vertex   6.151520e+00 1.929575e-01 2.000000e+00
      vertex   5.844100e+00 4.223390e-01 5.000000e+00
    endloop
  endfacet
  facet normal 5.980228e-01 8.014791e-01 0.000000e+00
    outer loop
      vertex   5.844100e+00 4.223390e-01 5.000000e+00
      vertex   6.151520e+00 1.929575e-01 2.000000e+00
      vertex   5.844100e+00 4.223390e-01 2.000000e+00
    endloop
  endfacet
  facet normal 7.817360e-01 6.236096e-01 0.000000e+00
    outer loop
      vertex   5.844100e+00 4.223390e-01 5.000000e+00
      vertex   5.844100e+00 4.223390e-01 2.000000e+00
      vertex   5.604904e+00 7.221866e-01 5.000000e+00
    endloop
  endfacet
  facet normal 7.817360e-01 6.236096e-01 0.000000e+00
    outer loop
      vertex   5.604904e+00 7.221866e-01 5.000000e+00
      vertex   5.844100e+00 4.223390e-01 2.000000e+00
      vertex   5.604904e+00 7.221866e-01 2.000000e+00
    endloop
  endfacet
  facet normal 9.143329e-01 4.049634e-01 0.000000e+00
    outer loop
      vertex   5.604904e+00 7.221866e-01 5.000000e+00
      vertex   5.604904e+00 7.221866e-01 2.000000e+00
      vertex   5.449574e+00 1.072894e+00 5.000000e+00
    endloop
  endfacet
  facet normal 9.143329e-01 4.049634e-01 0.000000e+00
    outer loop
      vertex   5.449574e+00 1.072894e+00 5.000000e+00
      vertex   5.604904e+00 7.221866e-01 2.000000e+00
      vertex   5.449574e+00 1.072894e+00 2.000000e+00
    endloop
  endfacet
  facet normal 9.871433e-01 1.598375e-01 0.000000e+00
    outer loop
      vertex   5.449574e+00 1.072894e+00 5.000000e+00
      vertex   5.449574e+00 1.072894e+00 2.000000e+00
      vertex   5.388266e+00 1.451529e+00 5.000000e+00
    endloop
  endfacet
  facet normal 9.871433e-01 1.598375e-01 0.000000e+00
    outer loop
      vertex   5.388266e+00 1.451529e+00 5.000000e+00
      vertex   5.449574e+00 1.072894e+00 2.000000e+00
      vertex   5.388266e+00 1.451529e+00 2.000000e+00
    endloop
  endfacet
  facet normal 9.954064e-01 -9.573984e-02 0.000000e+00
    outer loop
      vertex   5.388266e+00 1.451529e+00 5.000000e+00
      vertex   5.388266e+00 1.451529e+00 2.000000e+00
      vertex   5.424988e+00 1.833333e+00 5.000000e+00
    endloop
  endfacet
  facet normal 9.954064e-01 -9.573984e-02 0.000000e+00
    outer loop
      vertex   5.424988e+00 1.833333e+00 5.000000e+00
      vertex   5.388266e+00 1.451529e+00 2.000000e+00
      vertex   5.424988e+00 1.833333e+00 2.000000e+00
    endloop
  endfacet
  facet normal 9.912583e-01 -1.319354e-01 0.000000e+00
    outer loop
      vertex   5.424988e+00 1.833333e+00 5.000000e+00
      vertex   5.424988e+00 1.833333e+00 2.000000e+00
      vertex   5.497534e+00 2.378386e+00 5.000000e+00
    endloop
  endfacet
  facet normal 9.912583e-01 -1.319354e-01 -9.765179e-17
    outer loop
      vertex   5.497534e+00 2.378386e+00 5.000000e+00
      vertex   5.424988e+00 1.833333e+00 2.000000e+00
      vertex   5.497534e+00 2.378386e+00 2.000000e+00
    endloop
  endfacet
  facet normal 9.986884e-01 5.120031e-02 3.789584e-17
    outer loop
      vertex   5.497534e+00 2.378386e+00 5.000000e+00
      vertex   5.497534e+00 2.378386e+00 2.000000e+00
      vertex   5.469381e+00 2.927523e+00 5.000000e+00
    endloop
  endfacet
  facet normal 9.986884e-01 5.120031e-02 3.789584e-17
    outer loop
      vertex   5.469381e+00 2.927523e+00 5.000000e+00
      vertex   5.497534e+00 2.378386e+00 2.000000e+00
      vertex   5.469381e+00 2.927523e+00 2.000000e+00
    endloop
  endfacet
  facet normal 9.725687e-01 2.326160e-01 1.721704e-16
    outer loop
      vertex   5.469381e+00 2.927523e+00 5.000000e+00
      vertex   5.469381e+00 2.927523e+00 2.000000e+00
      vertex   5.341475e+00 3.462299e+00 5.000000e+00
    endloop
  endfacet
  facet normal 9.725687e-01 2.326160e-01 1.377363e-16
    outer loop
      vertex   5.341475e+00 3.462299e+00 5.000000e+00
      vertex   5.469381e+00 2.927523e+00 2.000000e+00
      vertex   5.341475e+00 3.462299e+00 2.000000e+00
    endloop
  endfacet
  facet normal 9.137766e-01 4.062171e-01 2.405289e-16
    outer loop
      vertex   5.341475e+00 3.462299e+00 5.000000e+00
      vertex   5.341475e+00 3.462299e+00 2.000000e+00
      vertex   5.118113e+00 3.964747e+00 5.000000e+00
    endloop
  endfacet
  facet normal 9.137766e-01 4.062171e-01 -3.000334e-17
    outer loop
      vertex   5.118113e+00 3.964747e+00 5.000000e+00
      vertex   5.341475e+00 3.462299e+00 2.000000e+00
      vertex   5.118113e+00 3.964747e+00 2.000000e+00
    endloop
  endfacet
  facet normal 8.242872e-01 5.661719e-01 9.120309e-17
    outer loop
      vertex   5.118113e+00 3.964747e+00 5.000000e+00
      vertex   5.118113e+00 3.964747e+00 2.000000e+00
      vertex   4.806798e+00 4.417989e+00 5.000000e+00
    endloop
  endfacet
  facet normal 8.242872e-01 5.661719e-01 9.120309e-17
    outer loop
      vertex   4.806798e+00 4.417989e+00 5.000000e+00
      vertex   5.118113e+00 3.964747e+00 2.000000e+00
      vertex   4.806798e+00 4.417989e+00 2.000000e+00
    endloop
  endfacet
  facet normal 7.071068e-01 7.071068e-01 2.093457e-16
    outer loop
      vertex   4.806798e+00 4.417989e+00 5.000000e+00
      vertex   4.806798e+00 4.417989e+00 2.000000e+00
      vertex   4.417989e+00 4.806798e+00 5.000000e+00
    endloop
  endfacet
  facet normal 7.071068e-01 7.071068e-01 2.093457e-16
    outer loop
      vertex   4.417989e+00 4.806798e+00 5.000000e+00
      vertex   4.806798e+00 4.417989e+00 2.000000e+00
      vertex   4.417989e+00 4.806798e+00 2.000000e+00
    endloop
  endfacet
  facet normal 5.661719e-01 8.242872e-01 2.440380e-16
    outer loop
      vertex   4.417989e+00 4.806798e+00 5.000000e+00
      vertex   4.417989e+00 4.806798e+00 2.000000e+00
      vertex   3.964747e+00 5.118113e+00 5.000000e+00
    endloop
  endfacet
  facet normal 5.661719e-01 8.242872e-01 -1.676206e-16
    outer loop
      vertex   3.964747e+00 5.118113e+00 5.000000e+00
      vertex   4.417989e+00 4.806798e+00 2.000000e+00
      vertex   3.964747e+00 5.118113e+00 2.000000e+00
    endloop
  endfacet
  facet normal 4.062171e-01 9.137766e-01 -1.202644e-16
    outer loop
      vertex   3.964747e+00 5.118113e+00 5.000000e+00
      vertex   3.964747e+00 5.118113e+00 2.000000e+00
      vertex   3.462299e+00 5.341475e+00 5.000000e+00
    endloop
  endfacet
  facet normal 4.062171e-01 9.137766e-01 0.000000e+00
    outer loop
      vertex   3.462299e+00 5.341475e+00 5.000000e+00
      vertex   3.964747e+00 5.118113e+00 2.000000e+00
      vertex   3.462299e+00 5.341475e+00 2.000000e+00
    endloop
  endfacet
  facet normal 2.326160e-01 9.725687e-01 0.000000e+00
    outer loop
      vertex   3.462299e+00 5.341475e+00 5.000000e+00
      vertex   3.462299e+00 5.341475e+00 2.000000e+00
      vertex   2.927523e+00 5.469381e+00 5.000000e+00
    endloop
  endfacet
  facet normal 2.326160e-01 9.725687e-01 0.000000e+00
    outer loop
      vertex   2.927523e+00 5.469381e+00 5.000000e+00
      vertex   3.462299e+00 5.341475e+00 2.000000e+00
      vertex   2.927523e+00 5.469381e+00 2.000000e+00
    endloop
  endfacet
  facet normal 5.120031e-02 9.986884e-01 0.000000e+00
    outer loop
      vertex   2.927523e+00 5.469381e+00 5.000000e+00
      vertex   2.927523e+00 5.469381e+00 2.000000e+00
      vertex   2.378386e+00 5.497534e+00 5.000000e+00
    endloop
  endfacet
  facet normal 5.120031e-02 9.986884e-01 0.000000e+00
    outer loop
      vertex   2.378386e+00 5.497534e+00 5.000000e+00
      vertex   2.927523e+00 5.469381e+00 2.000000e+00
      vertex   2.378386e+00 5.497534e+00 2.000000e+00
    endloop
  endfacet
  facet normal -1.319354e-01 9.912583e-01 0.000000e+00
    outer loop
      vertex   2.378386e+00 5.497534e+00 5.000000e+00
      vertex   2.378386e+00 5.497534e+00 2.000000e+00
      vertex   1.833333e+00 5.424988e+00 5.000000e+00
    endloop
  endfacet
  facet normal -1.319354e-01 9.912583e-01 0.000000e+00
    outer loop
      vertex   1.833333e+00 5.424988e+00 5.000000e+00
      vertex   2.378386e+00 5.497534e+00 2.000000e+00
      vertex   1.833333e+00 5.424988e+00 2.000000e+00
    endloop
  endfacet
  facet normal -9.573984e-02 9.954064e-01 0.000000e+00
    outer loop
      vertex   1.833333e+00 5.424988e+00 5.000000e+00
      vertex   1.833333e+00 5.424988e+00 2.000000e+00
      vertex   1.451529e+00 5.388266e+00 5.000000e+00
    endloop
  endfacet
  facet normal -9.573984e-02 9.954064e-01 0.000000e+00
    outer loop
      vertex   1.451529e+00 5.388266e+00 5.000000e+00
      vertex   1.833333e+00 5.424988e+00 2.000000e+00
      vertex   1.451529e+00 5.388266e+00 2.000000e+00
    endloop
  endfacet
  facet normal 1.598375e-01 9.871433e-01 0.000000e+00
    outer loop
      vertex   1.451529e+00 5.388266e+00 5.000000e+00
      vertex   1.451529e+00 5.388266e+00 2.000000e+00
      vertex   1.072894e+00 5.449574e+00 5.000000e+00
    endloop
  endfacet
  facet normal 1.598375e-01 9.871433e-01 0.000000e+00
    outer loop
      vertex   1.072894e+00 5.449574e+00 5.000000e+00
      vertex   1.451529e+00 5.388266e+00 2.000000e+00
      vertex   1.072894e+00 5.449574e+00 2.000000e+00
    endloop
  endfacet
  facet normal 4.049634e-01 9.143329e-01 0.000000e+00
    outer loop
      vertex   1.072894e+00 5.449574e+00 5.000000e+00
      vertex   1.072894e+00 5.449574e+00 2.000000e+00
      vertex   7.221866e-01 5.604904e+00 5.000000e+00
    endloop
  endfacet
  facet normal 4.049634e-01 9.143329e-01 0.000000e+00
    outer loop
      vertex   7.221866e-01 5.604904e+00 5.000000e+00
      vertex   1.072894e+00 5.449574e+00 2.000000e+00
      vertex   7.221866e-01 5.604904e+00 2.000000e+00
    endloop
  endfacet
  facet normal 6.236096e-01 7.817360e-01 0.000000e+00
    outer loop
      vertex   7.221866e-01 5.604904e+00 5.000000e+00
      vertex   7.221866e-01 5.604904e+00 2.000000e+00
      vertex   4.223390e-01 5.844100e+00 5.000000e+00
    endloop
  endfacet
  facet normal 6.236096e-01 7.817360e-01 0.000000e+00
    outer loop
      vertex   4.223390e-01 5.844100e+00 5.000000e+00
      vertex   7.221866e-01 5.604904e+00 2.000000e+00
      vertex   4.223390e-01 5.844100e+00 2.000000e+00
    endloop
  endfacet
  facet normal 8.014791e-01 5.980228e-01 0.000000e+00
    outer loop
      vertex   4.223390e-01 5.844100e+00 5.000000e+00
      vertex   4.223390e-01 5.844100e+00 2.000000e+00
      vertex   1.929575e-01 6.151520e+00 5.000000e+00
    endloop
  endfacet
  facet normal 8.014791e-01 5.980228e-01 0.000000e+00
    outer loop
      vertex   1.929575e-01 6.151520e+00 5.000000e+00
      vertex   4.223390e-01 5.844100e+00 2.000000e+00
      vertex   1.929575e-01 6.151520e+00 2.000000e+00
    endloop
  endfacet
  facet normal 9.269414e-01 3.752061e-01 0.000000e+00
    outer loop
      vertex   1.929575e-01 6.151520e+00 5.000000e+00
      vertex   1.929575e-01 6.151520e+00 2.000000e+00
      vertex   4.904105e-02 6.507064e+00 5.000000e+00
    endloop
  endfacet
  facet normal 9.269414e-01 3.752061e-01 0.000000e+00
    outer loop
      vertex   4.904105e-02 6.507064e+00 5.000000e+00
      vertex   1.929575e-01 6.151520e+00 2.000000e+00
      vertex   4.904105e-02 6.507064e+00 2.000000e+00
    endloop
  endfacet
  facet normal 9.917928e-01 1.278555e-01 0.000000e+00
    outer loop
      vertex   4.904105e-02 6.507064e+00 5.000000e+00
      vertex   4.904105e-02 6.507064e+00 2.000000e+00
      vertex   0.000000e+00 6.887482e+00 5.000000e+00
    endloop
  endfacet
  facet normal 9.917928e-01 1.278555e-01 0.000000e+00
    outer loop
      vertex   0.000000e+00 6.887482e+00 5.000000e+00
      vertex   4.904105e-02 6.507064e+00 2.000000e+00
      vertex   0.000000e+00 6.887482e+00 2.000000e+00
    endloop
  endfacet
  facet normal 0.000000e+00 1.000000e+00 -0.000000e+00
    outer loop
      vertex   7.200000e+01 3.300000e+01 0.000000e+00
      vertex   -1.000000e+00 3.300000e+01 0.000000e+00
      vertex   7.200000e+01 3.300000e+01 2.300000e+01
    endloop
  endfacet
  facet normal 0.000000e+00 1.000000e+00 0.000000e+00
    outer loop
      vertex   7.200000e+01 3.300000e+01 2.300000e+01
      vertex   -1.000000e+00 3.300000e+01 0.000000e+00
      vertex   -1.000000e+00 3.300000e+01 2.300000e+01
    endloop
  endfacet
  facet normal 1.000000e+00 0.000000e+00 -0.000000e+00
    outer loop
      vertex   7.300000e+01 -1.000000e+00 0.000000e+00
      vertex   7.300000e+01 3.200000e+01 0.000000e+00
      vertex   7.300000e+01 -1.000000e+00 2.300000e+01
    endloop
  endfacet
  facet normal 1.000000e+00 -0.000000e+00 0.000000e+00
    outer loop
      vertex   7.300000e+01 -1.000000e+00 2.300000e+01
      vertex   7.300000e+01 3.200000e+01 0.000000e+00
      vertex   7.300000e+01 3.200000e+01 2.300000e+01
    endloop
  endfacet
  facet normal -9.914449e-01 1.305262e-01 0.000000e+00
    outer loop
      vertex   6.990059e+01 2.124712e+00 2.000000e+00
      vertex   6.990059e+01 2.124712e+00 5.000000e+00
      vertex   6.995000e+01 2.500000e+00 2.000000e+00
    endloop
  endfacet
  facet normal -9.914449e-01 1.305262e-01 0.000000e+00
    outer loop
      vertex   6.995000e+01 2.500000e+00 2.000000e+00
      vertex   6.990059e+01 2.124712e+00 5.000000e+00
      vertex   6.995000e+01 2.500000e+00 5.000000e+00
    endloop
  endfacet
  facet normal -9.914449e-01 -1.305262e-01 0.000000e+00
    outer loop
      vertex   6.995000e+01 2.500000e+00 2.000000e+00
      vertex   6.995000e+01 2.500000e+00 5.000000e+00
      vertex   6.990059e+01 2.875288e+00 2.000000e+00
    endloop
  endfacet
  facet normal -9.914449e-01 -1.305262e-01 0.000000e+00
    outer loop
      vertex   6.990059e+01 2.875288e+00 2.000000e+00
      vertex   6.995000e+01 2.500000e+00 5.000000e+00
      vertex   6.990059e+01 2.875288e+00 5.000000e+00
    endloop
  endfacet
  facet normal -9.238795e-01 -3.826834e-01 0.000000e+00
    outer loop
      vertex   6.990059e+01 2.875288e+00 2.000000e+00
      vertex   6.990059e+01 2.875288e+00 5.000000e+00
      vertex   6.975574e+01 3.225000e+00 2.000000e+00
    endloop
  endfacet
  facet normal -9.238795e-01 -3.826834e-01 0.000000e+00
    outer loop
      vertex   6.975574e+01 3.225000e+00 2.000000e+00
      vertex   6.990059e+01 2.875288e+00 5.000000e+00
      vertex   6.975574e+01 3.225000e+00 5.000000e+00
    endloop
  endfacet
  facet normal -7.933533e-01 -6.087614e-01 0.000000e+00
    outer loop
      vertex   6.975574e+01 3.225000e+00 2.000000e+00
      vertex   6.975574e+01 3.225000e+00 5.000000e+00
      vertex   6.952530e+01 3.525305e+00 2.000000e+00
    endloop
  endfacet
  facet normal -7.933533e-01 -6.087614e-01 0.000000e+00
    outer loop
      vertex   6.952530e+01 3.525305e+00 2.000000e+00
      vertex   6.975574e+01 3.225000e+00 5.000000e+00
      vertex   6.952530e+01 3.525305e+00 5.000000e+00
    endloop
  endfacet
  facet normal -6.087614e-01 -7.933533e-01 0.000000e+00
    outer loop
      vertex   6.952530e+01 3.525305e+00 2.000000e+00
      vertex   6.952530e+01 3.525305e+00 5.000000e+00
      vertex   6.922500e+01 3.755737e+00 2.000000e+00
    endloop
  endfacet
  facet normal -6.087614e-01 -7.933533e-01 0.000000e+00
    outer loop
      vertex   6.922500e+01 3.755737e+00 2.000000e+00
      vertex   6.952530e+01 3.525305e+00 5.000000e+00
      vertex   6.922500e+01 3.755737e+00 5.000000e+00
    endloop
  endfacet
  facet normal -3.826834e-01 -9.238795e-01 0.000000e+00
    outer loop
      vertex   6.922500e+01 3.755737e+00 2.000000e+00
      vertex   6.922500e+01 3.755737e+00 5.000000e+00
      vertex   6.887529e+01 3.900592e+00 2.000000e+00
    endloop
  endfacet
  facet normal -3.826834e-01 -9.238795e-01 0.000000e+00
    outer loop
      vertex   6.887529e+01 3.900592e+00 2.000000e+00
      vertex   6.922500e+01 3.755737e+00 5.000000e+00
      vertex   6.887529e+01 3.900592e+00 5.000000e+00
    endloop
  endfacet
  facet normal -1.305262e-01 -9.914449e-01 0.000000e+00
    outer loop
      vertex   6.887529e+01 3.900592e+00 2.000000e+00
      vertex   6.887529e+01 3.900592e+00 5.000000e+00
      vertex   6.850000e+01 3.950000e+00 2.000000e+00
    endloop
  endfacet
  facet normal -1.305262e-01 -9.914449e-01 0.000000e+00
    outer loop
      vertex   6.850000e+01 3.950000e+00 2.000000e+00
      vertex   6.887529e+01 3.900592e+00 5.000000e+00
      vertex   6.850000e+01 3.950000e+00 5.000000e+00
    endloop
  endfacet
  facet normal 1.305262e-01 -9.914449e-01 0.000000e+00
    outer loop
      vertex   6.850000e+01 3.950000e+00 2.000000e+00
      vertex   6.850000e+01 3.950000e+00 5.000000e+00
      vertex   6.812471e+01 3.900592e+00 2.000000e+00
    endloop
  endfacet
  facet normal 1.305262e-01 -9.914449e-01 0.000000e+00
    outer loop
      vertex   6.812471e+01 3.900592e+00 2.000000e+00
      vertex   6.850000e+01 3.950000e+00 5.000000e+00
      vertex   6.812471e+01 3.900592e+00 5.000000e+00
    endloop
  endfacet
  facet normal 3.826834e-01 -9.238795e-01 0.000000e+00
    outer loop
      vertex   6.812471e+01 3.900592e+00 2.000000e+00
      vertex   6.812471e+01 3.900592e+00 5.000000e+00
      vertex   6.777500e+01 3.755737e+00 2.000000e+00
    endloop
  endfacet
  facet normal 3.826834e-01 -9.238795e-01 0.000000e+00
    outer loop
      vertex   6.777500e+01 3.755737e+00 2.000000e+00
      vertex   6.812471e+01 3.900592e+00 5.000000e+00
      vertex   6.777500e+01 3.755737e+00 5.000000e+00
    endloop
  endfacet
  facet normal 6.087614e-01 -7.933533e-01 0.000000e+00
    outer loop
      vertex   6.777500e+01 3.755737e+00 2.000000e+00
      vertex   6.777500e+01 3.755737e+00 5.000000e+00
      vertex   6.747470e+01 3.525305e+00 2.000000e+00
    endloop
  endfacet
  facet normal 6.087614e-01 -7.933533e-01 0.000000e+00
    outer loop
      vertex   6.747470e+01 3.525305e+00 2.000000e+00
      vertex   6.777500e+01 3.755737e+00 5.000000e+00
      vertex   6.747470e+01 3.525305e+00 5.000000e+00
    endloop
  endfacet
  facet normal 7.933533e-01 -6.087614e-01 0.000000e+00
    outer loop
      vertex   6.747470e+01 3.525305e+00 2.000000e+00
      vertex   6.747470e+01 3.525305e+00 5.000000e+00
      vertex   6.724426e+01 3.225000e+00 2.000000e+00
    endloop
  endfacet
  facet normal 7.933533e-01 -6.087614e-01 0.000000e+00
    outer loop
      vertex   6.724426e+01 3.225000e+00 2.000000e+00
      vertex   6.747470e+01 3.525305e+00 5.000000e+00
      vertex   6.724426e+01 3.225000e+00 5.000000e+00
    endloop
  endfacet
  facet normal 9.238795e-01 -3.826834e-01 0.000000e+00
    outer loop
      vertex   6.724426e+01 3.225000e+00 2.000000e+00
      vertex   6.724426e+01 3.225000e+00 5.000000e+00
      vertex   6.709941e+01 2.875288e+00 2.000000e+00
    endloop
  endfacet
  facet normal 9.238795e-01 -3.826834e-01 0.000000e+00
    outer loop
      vertex   6.709941e+01 2.875288e+00 2.000000e+00
      vertex   6.724426e+01 3.225000e+00 5.000000e+00
      vertex   6.709941e+01 2.875288e+00 5.000000e+00
    endloop
  endfacet
  facet normal 9.914449e-01 -1.305262e-01 0.000000e+00
    outer loop
      vertex   6.709941e+01 2.875288e+00 2.000000e+00
      vertex   6.709941e+01 2.875288e+00 5.000000e+00
      vertex   6.705000e+01 2.500000e+00 2.000000e+00
    endloop
  endfacet
  facet normal 9.914449e-01 -1.305262e-01 0.000000e+00
    outer loop
      vertex   6.705000e+01 2.500000e+00 2.000000e+00
      vertex   6.709941e+01 2.875288e+00 5.000000e+00
      vertex   6.705000e+01 2.500000e+00 5.000000e+00
    endloop
  endfacet
  facet normal 9.914449e-01 1.305262e-01 -0.000000e+00
    outer loop
      vertex   6.705000e+01 2.500000e+00 2.000000e+00
      vertex   6.705000e+01 2.500000e+00 5.000000e+00
      vertex   6.709941e+01 2.124712e+00 2.000000e+00
    endloop
  endfacet
  facet normal 9.914449e-01 1.305262e-01 -0.000000e+00
    outer loop
      vertex   6.709941e+01 2.124712e+00 2.000000e+00
      vertex   6.705000e+01 2.500000e+00 5.000000e+00
      vertex   6.709941e+01 2.124712e+00 5.000000e+00
    endloop
  endfacet
  facet normal 9.238795e-01 3.826834e-01 -0.000000e+00
    outer loop
      vertex   6.709941e+01 2.124712e+00 2.000000e+00
      vertex   6.709941e+01 2.124712e+00 5.000000e+00
      vertex   6.724426e+01 1.775000e+00 2.000000e+00
    endloop
  endfacet
  facet normal 9.238795e-01 3.826834e-01 -0.000000e+00
    outer loop
      vertex   6.724426e+01 1.775000e+00 2.000000e+00
      vertex   6.709941e+01 2.124712e+00 5.000000e+00
      vertex   6.724426e+01 1.775000e+00 5.000000e+00
    endloop
  endfacet
  facet normal 7.933533e-01 6.087614e-01 -0.000000e+00
    outer loop
      vertex   6.724426e+01 1.775000e+00 2.000000e+00
      vertex   6.724426e+01 1.775000e+00 5.000000e+00
      vertex   6.747470e+01 1.474695e+00 2.000000e+00
    endloop
  endfacet
  facet normal 7.933533e-01 6.087614e-01 -0.000000e+00
    outer loop
      vertex   6.747470e+01 1.474695e+00 2.000000e+00
      vertex   6.724426e+01 1.775000e+00 5.000000e+00
      vertex   6.747470e+01 1.474695e+00 5.000000e+00
    endloop
  endfacet
  facet normal 6.087614e-01 7.933533e-01 -0.000000e+00
    outer loop
      vertex   6.747470e+01 1.474695e+00 2.000000e+00
      vertex   6.747470e+01 1.474695e+00 5.000000e+00
      vertex   6.777500e+01 1.244263e+00 2.000000e+00
    endloop
  endfacet
  facet normal 6.087614e-01 7.933533e-01 -0.000000e+00
    outer loop
      vertex   6.777500e+01 1.244263e+00 2.000000e+00
      vertex   6.747470e+01 1.474695e+00 5.000000e+00
      vertex   6.777500e+01 1.244263e+00 5.000000e+00
    endloop
  endfacet
  facet normal 3.826834e-01 9.238795e-01 -0.000000e+00
    outer loop
      vertex   6.777500e+01 1.244263e+00 2.000000e+00
      vertex   6.777500e+01 1.244263e+00 5.000000e+00
      vertex   6.812471e+01 1.099408e+00 2.000000e+00
    endloop
  endfacet
  facet normal 3.826834e-01 9.238795e-01 -0.000000e+00
    outer loop
      vertex   6.812471e+01 1.099408e+00 2.000000e+00
      vertex   6.777500e+01 1.244263e+00 5.000000e+00
      vertex   6.812471e+01 1.099408e+00 5.000000e+00
    endloop
  endfacet
  facet normal 1.305262e-01 9.914449e-01 -0.000000e+00
    outer loop
      vertex   6.812471e+01 1.099408e+00 2.000000e+00
      vertex   6.812471e+01 1.099408e+00 5.000000e+00
      vertex   6.850000e+01 1.050000e+00 2.000000e+00
    endloop
  endfacet
  facet normal 1.305262e-01 9.914449e-01 -0.000000e+00
    outer loop
      vertex   6.850000e+01 1.050000e+00 2.000000e+00
      vertex   6.812471e+01 1.099408e+00 5.000000e+00
      vertex   6.850000e+01 1.050000e+00 5.000000e+00
    endloop
  endfacet
  facet normal -1.305262e-01 9.914449e-01 0.000000e+00
    outer loop
      vertex   6.850000e+01 1.050000e+00 2.000000e+00
      vertex   6.850000e+01 1.050000e+00 5.000000e+00
      vertex   6.887529e+01 1.099408e+00 2.000000e+00
    endloop
  endfacet
  facet normal -1.305262e-01 9.914449e-01 0.000000e+00
    outer loop
      vertex   6.887529e+01 1.099408e+00 2.000000e+00
      vertex   6.850000e+01 1.050000e+00 5.000000e+00
      vertex   6.887529e+01 1.099408e+00 5.000000e+00
    endloop
  endfacet
  facet normal -3.826834e-01 9.238795e-01 0.000000e+00
    outer loop
      vertex   6.887529e+01 1.099408e+00 2.000000e+00
      vertex   6.887529e+01 1.099408e+00 5.000000e+00
      vertex   6.922500e+01 1.244263e+00 2.000000e+00
    endloop
  endfacet
  facet normal -3.826834e-01 9.238795e-01 0.000000e+00
    outer loop
      vertex   6.922500e+01 1.244263e+00 2.000000e+00
      vertex   6.887529e+01 1.099408e+00 5.000000e+00
      vertex   6.922500e+01 1.244263e+00 5.000000e+00
    endloop
  endfacet
  facet normal -6.087614e-01 7.933533e-01 0.000000e+00
    outer loop
      vertex   6.922500e+01 1.244263e+00 2.000000e+00
      vertex   6.922500e+01 1.244263e+00 5.000000e+00
      vertex   6.952530e+01 1.474695e+00 2.000000e+00
    endloop
  endfacet
  facet normal -6.087614e-01 7.933533e-01 0.000000e+00
    outer loop
      vertex   6.952530e+01 1.474695e+00 2.000000e+00
      vertex   6.922500e+01 1.244263e+00 5.000000e+00
      vertex   6.952530e+01 1.474695e+00 5.000000e+00
    endloop
  endfacet
  facet normal -7.933533e-01 6.087614e-01 0.000000e+00
    outer loop
      vertex   6.952530e+01 1.474695e+00 2.000000e+00
      vertex   6.952530e+01 1.474695e+00 5.000000e+00
      vertex   6.975574e+01 1.775000e+00 2.000000e+00
    endloop
  endfacet
  facet normal -7.933533e-01 6.087614e-01 0.000000e+00
    outer loop
      vertex   6.975574e+01 1.775000e+00 2.000000e+00
      vertex   6.952530e+01 1.474695e+00 5.000000e+00
      vertex   6.975574e+01 1.775000e+00 5.000000e+00
    endloop
  endfacet
  facet normal -9.238795e-01 3.826834e-01 0.000000e+00
    outer loop
      vertex   6.975574e+01 1.775000e+00 2.000000e+00
      vertex   6.975574e+01 1.775000e+00 5.000000e+00
      vertex   6.990059e+01 2.124712e+00 2.000000e+00
    endloop
  endfacet
  facet normal -9.238795e-01 3.826834e-01 0.000000e+00
    outer loop
      vertex   6.990059e+01 2.124712e+00 2.000000e+00
      vertex   6.975574e+01 1.775000e+00 5.000000e+00
      vertex   6.990059e+01 2.124712e+00 5.000000e+00
    endloop
  endfacet
  facet normal 0.000000e+00 0.000000e+00 1.000000e+00
    outer loop
      vertex   6.990059e+01 2.875288e+00 2.000000e+00
      vertex   6.709941e+01 2.875288e+00 2.000000e+00
      vertex   6.995000e+01 2.500000e+00 2.000000e+00
    endloop
  endfacet
  facet normal 0.000000e+00 0.000000e+00 1.000000e+00
    outer loop
      vertex   6.995000e+01 2.500000e+00 2.000000e+00
      vertex   6.709941e+01 2.875288e+00 2.000000e+00
      vertex   6.705000e+01 2.500000e+00 2.000000e+00
    endloop
  endfacet
  facet normal 0.000000e+00 0.000000e+00 1.000000e+00
    outer loop
      vertex   6.995000e+01 2.500000e+00 2.000000e+00
      vertex   6.705000e+01 2.500000e+00 2.000000e+00
      vertex   6.990059e+01 2.124712e+00 2.000000e+00
    endloop
  endfacet
  facet normal 0.000000e+00 0.000000e+00 1.000000e+00
    outer loop
      vertex   6.990059e+01 2.124712e+00 2.000000e+00
      vertex   6.705000e+01 2.500000e+00 2.000000e+00
      vertex   6.709941e+01 2.124712e+00 2.000000e+00
    endloop
  endfacet
  facet normal 0.000000e+00 0.000000e+00 1.000000e+00
    outer loop
      vertex   6.990059e+01 2.124712e+00 2.000000e+00
      vertex   6.709941e+01 2.124712e+00 2.000000e+00
      vertex   6.975574e+01 1.775000e+00 2.000000e+00
    endloop
  endfacet
  facet normal 0.000000e+00 0.000000e+00 1.000000e+00
    outer loop
      vertex   6.975574e+01 1.775000e+00 2.000000e+00
      vertex   6.709941e+01 2.124712e+00 2.000000e+00
      vertex   6.724426e+01 1.775000e+00 2.000000e+00
    endloop
  endfacet
  facet normal 0.000000e+00 0.000000e+00 1.000000e+00
    outer loop
      vertex   6.975574e+01 1.775000e+00 2.000000e+00
      vertex   6.724426e+01 1.775000e+00 2.000000e+00
      vertex   6.952530e+01 1.474695e+00 2.000000e+00
    endloop
  endfacet
  facet normal 0.000000e+00 0.000000e+00 1.000000e+00
    outer loop
      vertex   6.952530e+01 1.474695e+00 2.000000e+00
      vertex   6.724426e+01 1.775000e+00 2.000000e+00
      vertex   6.747470e+01 1.474695e+00 2.000000e+00
    endloop
  endfacet
  facet normal 0.000000e+00 0.000000e+00 1.000000e+00
    outer loop
      vertex   6.952530e+01 1.474695e+00 2.000000e+00
      vertex   6.747470e+01 1.474695e+00 2.000000e+00
      vertex   6.922500e+01 1.244263e+00 2.000000e+00
    endloop
  endfacet
  facet normal 0.000000e+00 0.000000e+00 1.000000e+00
    outer loop
      vertex   6.922500e+01 1.244263e+00 2.000000e+00
      vertex   6.747470e+01 1.474695e+00 2.000000e+00
      vertex   6.777500e+01 1.244263e+00 2.000000e+00
    endloop
  endfacet
  facet normal 0.000000e+00 0.000000e+00 1.000000e+00
    outer loop
      vertex   6.922500e+01 1.244263e+00 2.000000e+00
      vertex   6.777500e+01 1.244263e+00 2.000000e+00
      vertex   6.887529e+01 1.099408e+00 2.000000e+00
    endloop
  endfacet
  facet normal 0.000000e+00 0.000000e+00 1.000000e+00
    outer loop
      vertex   6.887529e+01 1.099408e+00 2.000000e+00
      vertex   6.777500e+01 1.244263e+00 2.000000e+00
      vertex   6.812471e+01 1.099408e+00 2.000000e+00
    endloop
  endfacet
  facet normal 0.000000e+00 0.000000e+00 1.000000e+00
    outer loop
      vertex   6.887529e+01 1.099408e+00 2.000000e+00
      vertex   6.812471e+01 1.099408e+00 2.000000e+00
      vertex   6.850000e+01 1.050000e+00 2.000000e+00
    endloop
  endfacet
  facet normal 0.000000e+00 0.000000e+00 1.000000e+00
    outer loop
      vertex   6.709941e+01 2.875288e+00 2.000000e+00
      vertex   6.990059e+01 2.875288e+00 2.000000e+00
      vertex   6.724426e+01 3.225000e+00 2.000000e+00
    endloop
  endfacet
  facet normal -0.000000e+00 0.000000e+00 1.000000e+00
    outer loop
      vertex   6.724426e+01 3.225000e+00 2.000000e+00
      vertex   6.990059e+01 2.875288e+00 2.000000e+00
      vertex   6.975574e+01 3.225000e+00 2.000000e+00
    endloop
  endfacet
  facet normal 0.000000e+00 0.000000e+00 1.000000e+00
    outer loop
      vertex   6.724426e+01 3.225000e+00 2.000000e+00
      vertex   6.975574e+01 3.225000e+00 2.000000e+00
      vertex   6.747470e+01 3.525305e+00 2.000000e+00
    endloop
  endfacet
  facet normal -0.000000e+00 0.000000e+00 1.000000e+00
    outer loop
      vertex   6.747470e+01 3.525305e+00 2.000000e+00
      vertex   6.975574e+01 3.225000e+00 2.000000e+00
      vertex   6.952530e+01 3.525305e+00 2.000000e+00
    endloop
  endfacet
  facet normal 0.000000e+00 0.000000e+00 1.000000e+00
    outer loop
      vertex   6.747470e+01 3.525305e+00 2.000000e+00
      vertex   6.952530e+01 3.525305e+00 2.000000e+00
      vertex   6.777500e+01 3.755737e+00 2.000000e+00
    endloop
  endfacet
  facet normal -0.000000e+00 0.000000e+00 1.000000e+00
    outer loop
      vertex   6.777500e+01 3.755737e+00 2.000000e+00
      vertex   6.952530e+01 3.525305e+00 2.000000e+00
      vertex   6.922500e+01 3.755737e+00 2.000000e+00
    endloop
  endfacet
  facet normal 0.000000e+00 0.000000e+00 1.000000e+00
    outer loop
      vertex   6.777500e+01 3.755737e+00 2.000000e+00
      vertex   6.922500e+01 3.755737e+00 2.000000e+00
      vertex   6.812471e+01 3.900592e+00 2.000000e+00
    endloop
  endfacet
  facet normal -0.000000e+00 0.000000e+00 1.000000e+00
    outer loop
      vertex   6.812471e+01 3.900592e+00 2.000000e+00
      vertex   6.922500e+01 3.755737e+00 2.000000e+00
      vertex   6.887529e+01 3.900592e+00 2.000000e+00
    endloop
  endfacet
  facet normal 0.000000e+00 0.000000e+00 1.000000e+00
    outer loop
      vertex   6.812471e+01 3.900592e+00 2.000000e+00
      vertex   6.887529e+01 3.900592e+00 2.000000e+00
      vertex   6.850000e+01 3.950000e+00 2.000000e+00
    endloop
  endfacet
  facet normal -9.914449e-01 1.305262e-01 0.000000e+00
    outer loop
      vertex   3.900592e+00 2.812471e+01 2.000000e+00
      vertex   3.900592e+00 2.812471e+01 5.000000e+00
      vertex   3.950000e+00 2.850000e+01 2.000000e+00
    endloop
  endfacet
  facet normal -9.914449e-01 1.305262e-01 0.000000e+00
    outer loop
      vertex   3.950000e+00 2.850000e+01 2.000000e+00
      vertex   3.900592e+00 2.812471e+01 5.000000e+00
      vertex   3.950000e+00 2.850000e+01 5.000000e+00
    endloop
  endfacet
  facet normal -9.914449e-01 -1.305262e-01 0.000000e+00
    outer loop
      vertex   3.950000e+00 2.850000e+01 2.000000e+00
      vertex   3.950000e+00 2.850000e+01 5.000000e+00
      vertex   3.900592e+00 2.887529e+01 2.000000e+00
    endloop
  endfacet
  facet normal -9.914449e-01 -1.305262e-01 0.000000e+00
    outer loop
      vertex   3.900592e+00 2.887529e+01 2.000000e+00
      vertex   3.950000e+00 2.850000e+01 5.000000e+00
      vertex   3.900592e+00 2.887529e+01 5.000000e+00
    endloop
  endfacet
  facet normal -9.238795e-01 -3.826834e-01 0.000000e+00
    outer loop
      vertex   3.900592e+00 2.887529e+01 2.000000e+00
      vertex   3.900592e+00 2.887529e+01 5.000000e+00
      vertex   3.755737e+00 2.922500e+01 2.000000e+00
    endloop
  endfacet
  facet normal -9.238795e-01 -3.826834e-01 0.000000e+00
    outer loop
      vertex   3.755737e+00 2.922500e+01 2.000000e+00
      vertex   3.900592e+00 2.887529e+01 5.000000e+00
      vertex   3.755737e+00 2.922500e+01 5.000000e+00
    endloop
  endfacet
  facet normal -7.933533e-01 -6.087614e-01 0.000000e+00
    outer loop
      vertex   3.755737e+00 2.922500e+01 2.000000e+00
      vertex   3.755737e+00 2.922500e+01 5.000000e+00
      vertex   3.525305e+00 2.952530e+01 2.000000e+00
    endloop
  endfacet
  facet normal -7.933533e-01 -6.087614e-01 0.000000e+00
    outer loop
      vertex   3.525305e+00 2.952530e+01 2.000000e+00
      vertex   3.755737e+00 2.922500e+01 5.000000e+00
      vertex   3.525305e+00 2.952530e+01 5.000000e+00
    endloop
  endfacet
  facet normal -6.087614e-01 -7.933533e-01 0.000000e+00
    outer loop
      vertex   3.525305e+00 2.952530e+01 2.000000e+00
      vertex   3.525305e+00 2.952530e+01 5.000000e+00
      vertex   3.225000e+00 2.975574e+01 2.000000e+00
    endloop
  endfacet
  facet normal -6.087614e-01 -7.933533e-01 0.000000e+00
    outer loop
      vertex   3.225000e+00 2.975574e+01 2.000000e+00
      vertex   3.525305e+00 2.952530e+01 5.000000e+00
      vertex   3.225000e+00 2.975574e+01 5.000000e+00
    endloop
  endfacet
  facet normal -3.826834e-01 -9.238795e-01 0.000000e+00
    outer loop
      vertex   3.225000e+00 2.975574e+01 2.000000e+00
      vertex   3.225000e+00 2.975574e+01 5.000000e+00
      vertex   2.875288e+00 2.990059e+01 2.000000e+00
    endloop
  endfacet
  facet normal -3.826834e-01 -9.238795e-01 0.000000e+00
    outer loop
      vertex   2.875288e+00 2.990059e+01 2.000000e+00
      vertex   3.225000e+00 2.975574e+01 5.000000e+00
      vertex   2.875288e+00 2.990059e+01 5.000000e+00
    endloop
  endfacet
  facet normal -1.305262e-01 -9.914449e-01 0.000000e+00
    outer loop
      vertex   2.875288e+00 2.990059e+01 2.000000e+00
      vertex   2.875288e+00 2.990059e+01 5.000000e+00
      vertex   2.500000e+00 2.995000e+01 2.000000e+00
    endloop
  endfacet
  facet normal -1.305262e-01 -9.914449e-01 0.000000e+00
    outer loop
      vertex   2.500000e+00 2.995000e+01 2.000000e+00
      vertex   2.875288e+00 2.990059e+01 5.000000e+00
      vertex   2.500000e+00 2.995000e+01 5.000000e+00
    endloop
  endfacet
  facet normal 1.305262e-01 -9.914449e-01 0.000000e+00
    outer loop
      vertex   2.500000e+00 2.995000e+01 2.000000e+00
      vertex   2.500000e+00 2.995000e+01 5.000000e+00
      vertex   2.124712e+00 2.990059e+01 2.000000e+00
    endloop
  endfacet
  facet normal 1.305262e-01 -9.914449e-01 0.000000e+00
    outer loop
      vertex   2.124712e+00 2.990059e+01 2.000000e+00
      vertex   2.500000e+00 2.995000e+01 5.000000e+00
      vertex   2.124712e+00 2.990059e+01 5.000000e+00
    endloop
  endfacet
  facet normal 3.826834e-01 -9.238795e-01 0.000000e+00
    outer loop
      vertex   2.124712e+00 2.990059e+01 2.000000e+00
      vertex   2.124712e+00 2.990059e+01 5.000000e+00
      vertex   1.775000e+00 2.975574e+01 2.000000e+00
    endloop
  endfacet
  facet normal 3.826834e-01 -9.238795e-01 0.000000e+00
    outer loop
      vertex   1.775000e+00 2.975574e+01 2.000000e+00
      vertex   2.124712e+00 2.990059e+01 5.000000e+00
      vertex   1.775000e+00 2.975574e+01 5.000000e+00
    endloop
  endfacet
  facet normal 6.087614e-01 -7.933533e-01 0.000000e+00
    outer loop
      vertex   1.775000e+00 2.975574e+01 2.000000e+00
      vertex   1.775000e+00 2.975574e+01 5.000000e+00
      vertex   1.474695e+00 2.952530e+01 2.000000e+00
    endloop
  endfacet
  facet normal 6.087614e-01 -7.933533e-01 0.000000e+00
    outer loop
      vertex   1.474695e+00 2.952530e+01 2.000000e+00
      vertex   1.775000e+00 2.975574e+01 5.000000e+00
      vertex   1.474695e+00 2.952530e+01 5.000000e+00
    endloop
  endfacet
  facet normal 7.933533e-01 -6.087614e-01 0.000000e+00
    outer loop
      vertex   1.474695e+00 2.952530e+01 2.000000e+00
      vertex   1.474695e+00 2.952530e+01 5.000000e+00
      vertex   1.244263e+00 2.922500e+01 2.000000e+00
    endloop
  endfacet
  facet normal 7.933533e-01 -6.087614e-01 0.000000e+00
    outer loop
      vertex   1.244263e+00 2.922500e+01 2.000000e+00
      vertex   1.474695e+00 2.952530e+01 5.000000e+00
      vertex   1.244263e+00 2.922500e+01 5.000000e+00
    endloop
  endfacet
  facet normal 9.238795e-01 -3.826834e-01 0.000000e+00
    outer loop
      vertex   1.244263e+00 2.922500e+01 2.000000e+00
      vertex   1.244263e+00 2.922500e+01 5.000000e+00
      vertex   1.099408e+00 2.887529e+01 2.000000e+00
    endloop
  endfacet
  facet normal 9.238795e-01 -3.826834e-01 0.000000e+00
    outer loop
      vertex   1.099408e+00 2.887529e+01 2.000000e+00
      vertex   1.244263e+00 2.922500e+01 5.000000e+00
      vertex   1.099408e+00 2.887529e+01 5.000000e+00
    endloop
  endfacet
  facet normal 9.914449e-01 -1.305262e-01 0.000000e+00
    outer loop
      vertex   1.099408e+00 2.887529e+01 2.000000e+00
      vertex   1.099408e+00 2.887529e+01 5.000000e+00
      vertex   1.050000e+00 2.850000e+01 2.000000e+00
    endloop
  endfacet
  facet normal 9.914449e-01 -1.305262e-01 0.000000e+00
    outer loop
      vertex   1.050000e+00 2.850000e+01 2.000000e+00
      vertex   1.099408e+00 2.887529e+01 5.000000e+00
      vertex   1.050000e+00 2.850000e+01 5.000000e+00
    endloop
  endfacet
  facet normal 9.914449e-01 1.305262e-01 -0.000000e+00
    outer loop
      vertex   1.050000e+00 2.850000e+01 2.000000e+00
      vertex   1.050000e+00 2.850000e+01 5.000000e+00
      vertex   1.099408e+00 2.812471e+01 2.000000e+00
    endloop
  endfacet
  facet normal 9.914449e-01 1.305262e-01 -0.000000e+00
    outer loop
      vertex   1.099408e+00 2.812471e+01 2.000000e+00
      vertex   1.050000e+00 2.850000e+01 5.000000e+00
      vertex   1.099408e+00 2.812471e+01 5.000000e+00
    endloop
  endfacet
  facet normal 9.238795e-01 3.826834e-01 -0.000000e+00
    outer loop
      vertex   1.099408e+00 2.812471e+01 2.000000e+00
      vertex   1.099408e+00 2.812471e+01 5.000000e+00
      vertex   1.244263e+00 2.777500e+01 2.000000e+00
    endloop
  endfacet
  facet normal 9.238795e-01 3.826834e-01 -0.000000e+00
    outer loop
      vertex   1.244263e+00 2.777500e+01 2.000000e+00
      vertex   1.099408e+00 2.812471e+01 5.000000e+00
      vertex   1.244263e+00 2.777500e+01 5.000000e+00
    endloop
  endfacet
  facet normal 7.933533e-01 6.087614e-01 -0.000000e+00
    outer loop
      vertex   1.244263e+00 2.777500e+01 2.000000e+00
      vertex   1.244263e+00 2.777500e+01 5.000000e+00
      vertex   1.474695e+00 2.747470e+01 2.000000e+00
    endloop
  endfacet
  facet normal 7.933533e-01 6.087614e-01 -0.000000e+00
    outer loop
      vertex   1.474695e+00 2.747470e+01 2.000000e+00
      vertex   1.244263e+00 2.777500e+01 5.000000e+00
      vertex   1.474695e+00 2.747470e+01 5.000000e+00
    endloop
  endfacet
  facet normal 6.087614e-01 7.933533e-01 -0.000000e+00
    outer loop
      vertex   1.474695e+00 2.747470e+01 2.000000e+00
      vertex   1.474695e+00 2.747470e+01 5.000000e+00
      vertex   1.775000e+00 2.724426e+01 2.000000e+00
    endloop
  endfacet
  facet normal 6.087614e-01 7.933533e-01 -0.000000e+00
    outer loop
      vertex   1.775000e+00 2.724426e+01 2.000000e+00
      vertex   1.474695e+00 2.747470e+01 5.000000e+00
      vertex   1.775000e+00 2.724426e+01 5.000000e+00
    endloop
  endfacet
  facet normal 3.826834e-01 9.238795e-01 -0.000000e+00
    outer loop
      vertex   1.775000e+00 2.724426e+01 2.000000e+00
      vertex   1.775000e+00 2.724426e+01 5.000000e+00
      vertex   2.124712e+00 2.709941e+01 2.000000e+00
    endloop
  endfacet
  facet normal 3.826834e-01 9.238795e-01 -0.000000e+00
    outer loop
      vertex   2.124712e+00 2.709941e+01 2.000000e+00
      vertex   1.775000e+00 2.724426e+01 5.000000e+00
      vertex   2.124712e+00 2.709941e+01 5.000000e+00
    endloop
  endfacet
  facet normal 1.305262e-01 9.914449e-01 -0.000000e+00
    outer loop
      vertex   2.124712e+00 2.709941e+01 2.000000e+00
      vertex   2.124712e+00 2.709941e+01 5.000000e+00
      vertex   2.500000e+00 2.705000e+01 2.000000e+00
    endloop
  endfacet
  facet normal 1.305262e-01 9.914449e-01 -0.000000e+00
    outer loop
      vertex   2.500000e+00 2.705000e+01 2.000000e+00
      vertex   2.124712e+00 2.709941e+01 5.000000e+00
      vertex   2.500000e+00 2.705000e+01 5.000000e+00
    endloop
  endfacet
  facet normal -1.305262e-01 9.914449e-01 0.000000e+00
    outer loop
      vertex   2.500000e+00 2.705000e+01 2.000000e+00
      vertex   2.500000e+00 2.705000e+01 5.000000e+00
      vertex   2.875288e+00 2.709941e+01 2.000000e+00
    endloop
  endfacet
  facet normal -1.305262e-01 9.914449e-01 0.000000e+00
    outer loop
      vertex   2.875288e+00 2.709941e+01 2.000000e+00
      vertex   2.500000e+00 2.705000e+01 5.000000e+00
      vertex   2.875288e+00 2.709941e+01 5.000000e+00
    endloop
  endfacet
  facet normal -3.826834e-01 9.238795e-01 0.000000e+00
    outer loop
      vertex   2.875288e+00 2.709941e+01 2.000000e+00
      vertex   2.875288e+00 2.709941e+01 5.000000e+00
      vertex   3.225000e+00 2.724426e+01 2.000000e+00
    endloop
  endfacet
  facet normal -3.826834e-01 9.238795e-01 0.000000e+00
    outer loop
      vertex   3.225000e+00 2.724426e+01 2.000000e+00
      vertex   2.875288e+00 2.709941e+01 5.000000e+00
      vertex   3.225000e+00 2.724426e+01 5.000000e+00
    endloop
  endfacet
  facet normal -6.087614e-01 7.933533e-01 0.000000e+00
    outer loop
      vertex   3.225000e+00 2.724426e+01 2.000000e+00
      vertex   3.225000e+00 2.724426e+01 5.000000e+00
      vertex   3.525305e+00 2.747470e+01 2.000000e+00
    endloop
  endfacet
  facet normal -6.087614e-01 7.933533e-01 0.000000e+00
    outer loop
      vertex   3.525305e+00 2.747470e+01 2.000000e+00
      vertex   3.225000e+00 2.724426e+01 5.000000e+00
      vertex   3.525305e+00 2.747470e+01 5.000000e+00
    endloop
  endfacet
  facet normal -7.933533e-01 6.087614e-01 0.000000e+00
    outer loop
      vertex   3.525305e+00 2.747470e+01 2.000000e+00
      vertex   3.525305e+00 2.747470e+01 5.000000e+00
      vertex   3.755737e+00 2.777500e+01 2.000000e+00
    endloop
  endfacet
  facet normal -7.933533e-01 6.087614e-01 0.000000e+00
    outer loop
      vertex   3.755737e+00 2.777500e+01 2.000000e+00
      vertex   3.525305e+00 2.747470e+01 5.000000e+00
      vertex   3.755737e+00 2.777500e+01 5.000000e+00
    endloop
  endfacet
  facet normal -9.238795e-01 3.826834e-01 0.000000e+00
    outer loop
      vertex   3.755737e+00 2.777500e+01 2.000000e+00
      vertex   3.755737e+00 2.777500e+01 5.000000e+00
      vertex   3.900592e+00 2.812471e+01 2.000000e+00
    endloop
  endfacet
  facet normal -9.238795e-01 3.826834e-01 0.000000e+00
    outer loop
      vertex   3.900592e+00 2.812471e+01 2.000000e+00
      vertex   3.755737e+00 2.777500e+01 5.000000e+00
      vertex   3.900592e+00 2.812471e+01 5.000000e+00
    endloop
  endfacet
  facet normal 0.000000e+00 0.000000e+00 1.000000e+00
    outer loop
      vertex   3.900592e+00 2.887529e+01 2.000000e+00
      vertex   1.099408e+00 2.887529e+01 2.000000e+00
      vertex   3.950000e+00 2.850000e+01 2.000000e+00
    endloop
  endfacet
  facet normal 0.000000e+00 0.000000e+00 1.000000e+00
    outer loop
      vertex   3.950000e+00 2.850000e+01 2.000000e+00
      vertex   1.099408e+00 2.887529e+01 2.000000e+00
      vertex   1.050000e+00 2.850000e+01 2.000000e+00
    endloop
  endfacet
  facet normal 0.000000e+00 0.000000e+00 1.000000e+00
    outer loop
      vertex   3.950000e+00 2.850000e+01 2.000000e+00
      vertex   1.050000e+00 2.850000e+01 2.000000e+00
      vertex   3.900592e+00 2.812471e+01 2.000000e+00
    endloop
  endfacet
  facet normal 0.000000e+00 0.000000e+00 1.000000e+00
    outer loop
      vertex   3.900592e+00 2.812471e+01 2.000000e+00
      vertex   1.050000e+00 2.850000e+01 2.000000e+00
      vertex   1.099408e+00 2.812471e+01 2.000000e+00
    endloop
  endfacet
  facet normal 0.000000e+00 0.000000e+00 1.000000e+00
    outer loop
      vertex   3.900592e+00 2.812471e+01 2.000000e+00
      vertex   1.099408e+00 2.812471e+01 2.000000e+00
      vertex   3.755737e+00 2.777500e+01 2.000000e+00
    endloop
  endfacet
  facet normal 0.000000e+00 0.000000e+00 1.000000e+00
    outer loop
      vertex   3.755737e+00 2.777500e+01 2.000000e+00
      vertex   1.099408e+00 2.812471e+01 2.000000e+00
      vertex   1.244263e+00 2.777500e+01 2.000000e+00
    endloop
  endfacet
  facet normal 0.000000e+00 0.000000e+00 1.000000e+00
    outer loop
      vertex   3.755737e+00 2.777500e+01 2.000000e+00
      vertex   1.244263e+00 2.777500e+01 2.000000e+00
      vertex   3.525305e+00 2.747470e+01 2.000000e+00
    endloop
  endfacet
  facet normal 0.000000e+00 0.000000e+00 1.000000e+00
    outer loop
      vertex   3.525305e+00 2.747470e+01 2.000000e+00
      vertex   1.244263e+00 2.777500e+01 2.000000e+00
      vertex   1.474695e+00 2.747470e+01 2.000000e+00
    endloop
  endfacet
  facet normal 0.000000e+00 0.000000e+00 1.000000e+00
    outer loop
      vertex   3.525305e+00 2.747470e+01 2.000000e+00
      vertex   1.474695e+00 2.747470e+01 2.000000e+00
      vertex   3.225000e+00 2.724426e+01 2.000000e+00
    endloop
  endfacet
  facet normal 0.000000e+00 0.000000e+00 1.000000e+00
    outer loop
      vertex   3.225000e+00 2.724426e+01 2.000000e+00
      vertex   1.474695e+00 2.747470e+01 2.000000e+00
      vertex   1.775000e+00 2.724426e+01 2.000000e+00
    endloop
  endfacet
  facet normal 0.000000e+00 0.000000e+00 1.000000e+00
    outer loop
      vertex   3.225000e+00 2.724426e+01 2.000000e+00
      vertex   1.775000e+00 2.724426e+01 2.000000e+00
      vertex   2.875288e+00 2.709941e+01 2.000000e+00
    endloop
  endfacet
  facet normal 0.000000e+00 0.000000e+00 1.000000e+00
    outer loop
      vertex   2.875288e+00 2.709941e+01 2.000000e+00
      vertex   1.775000e+00 2.724426e+01 2.000000e+00
      vertex   2.124712e+00 2.709941e+01 2.000000e+00
    endloop
  endfacet
  facet normal 0.000000e+00 0.000000e+00 1.000000e+00
    outer loop
      vertex   2.875288e+00 2.709941e+01 2.000000e+00
      vertex   2.124712e+00 2.709941e+01 2.000000e+00
      vertex   2.500000e+00 2.705000e+01 2.000000e+00
    endloop
  endfacet
  facet normal 0.000000e+00 0.000000e+00 1.000000e+00
    outer loop
      vertex   1.099408e+00 2.887529e+01 2.000000e+00
      vertex   3.900592e+00 2.887529e+01 2.000000e+00
      vertex   1.244263e+00 2.922500e+01 2.000000e+00
    endloop
  endfacet
  facet normal -0.000000e+00 0.000000e+00 1.000000e+00
    outer loop
      vertex   1.244263e+00 2.922500e+01 2.000000e+00
      vertex   3.900592e+00 2.887529e+01 2.000000e+00
      vertex   3.755737e+00 2.922500e+01 2.000000e+00
    endloop
  endfacet
  facet normal 0.000000e+00 0.000000e+00 1.000000e+00
    outer loop
      vertex   1.244263e+00 2.922500e+01 2.000000e+00
      vertex   3.755737e+00 2.922500e+01 2.000000e+00
      vertex   1.474695e+00 2.952530e+01 2.000000e+00
    endloop
  endfacet
  facet normal -0.000000e+00 0.000000e+00 1.000000e+00
    outer loop
      vertex   1.474695e+00 2.952530e+01 2.000000e+00
      vertex   3.755737e+00 2.922500e+01 2.000000e+00
      vertex   3.525305e+00 2.952530e+01 2.000000e+00
    endloop
  endfacet
  facet normal 0.000000e+00 0.000000e+00 1.000000e+00
    outer loop
      vertex   1.474695e+00 2.952530e+01 2.000000e+00
      vertex   3.525305e+00 2.952530e+01 2.000000e+00
      vertex   1.775000e+00 2.975574e+01 2.000000e+00
    endloop
  endfacet
  facet normal -0.000000e+00 0.000000e+00 1.000000e+00
    outer loop
      vertex   1.775000e+00 2.975574e+01 2.000000e+00
      vertex   3.525305e+00 2.952530e+01 2.000000e+00
      vertex   3.225000e+00 2.975574e+01 2.000000e+00
    endloop
  endfacet
  facet normal 0.000000e+00 0.000000e+00 1.000000e+00
    outer loop
      vertex   1.775000e+00 2.975574e+01 2.000000e+00
      vertex   3.225000e+00 2.975574e+01 2.000000e+00
      vertex   2.124712e+00 2.990059e+01 2.000000e+00
    endloop
  endfacet
  facet normal -0.000000e+00 0.000000e+00 1.000000e+00
    outer loop
      vertex   2.124712e+00 2.990059e+01 2.000000e+00
      vertex   3.225000e+00 2.975574e+01 2.000000e+00
      vertex   2.875288e+00 2.990059e+01 2.000000e+00
    endloop
  endfacet
  facet normal 0.000000e+00 0.000000e+00 1.000000e+00
    outer loop
      vertex   2.124712e+00 2.990059e+01 2.000000e+00
      vertex   2.875288e+00 2.990059e+01 2.000000e+00
      vertex   2.500000e+00 2.995000e+01 2.000000e+00
    endloop
  endfacet
  facet normal -9.914449e-01 1.305262e-01 0.000000e+00
    outer loop
      vertex   3.900592e+00 2.124712e+00 2.000000e+00
      vertex   3.900592e+00 2.124712e+00 5.000000e+00
      vertex   3.950000e+00 2.500000e+00 2.000000e+00
    endloop
  endfacet
  facet normal -9.914449e-01 1.305262e-01 0.000000e+00
    outer loop
      vertex   3.950000e+00 2.500000e+00 2.000000e+00
      vertex   3.900592e+00 2.124712e+00 5.000000e+00
      vertex   3.950000e+00 2.500000e+00 5.000000e+00
    endloop
  endfacet
  facet normal -9.914449e-01 -1.305262e-01 0.000000e+00
    outer loop
      vertex   3.950000e+00 2.500000e+00 2.000000e+00
      vertex   3.950000e+00 2.500000e+00 5.000000e+00
      vertex   3.900592e+00 2.875288e+00 2.000000e+00
    endloop
  endfacet
  facet normal -9.914449e-01 -1.305262e-01 0.000000e+00
    outer loop
      vertex   3.900592e+00 2.875288e+00 2.000000e+00
      vertex   3.950000e+00 2.500000e+00 5.000000e+00
      vertex   3.900592e+00 2.875288e+00 5.000000e+00
    endloop
  endfacet
  facet normal -9.238795e-01 -3.826834e-01 0.000000e+00
    outer loop
      vertex   3.900592e+00 2.875288e+00 2.000000e+00
      vertex   3.900592e+00 2.875288e+00 5.000000e+00
      vertex   3.755737e+00 3.225000e+00 2.000000e+00
    endloop
  endfacet
  facet normal -9.238795e-01 -3.826834e-01 0.000000e+00
    outer loop
      vertex   3.755737e+00 3.225000e+00 2.000000e+00
      vertex   3.900592e+00 2.875288e+00 5.000000e+00
      vertex   3.755737e+00 3.225000e+00 5.000000e+00
    endloop
  endfacet
  facet normal -7.933533e-01 -6.087614e-01 0.000000e+00
    outer loop
      vertex   3.755737e+00 3.225000e+00 2.000000e+00
      vertex   3.755737e+00 3.225000e+00 5.000000e+00
      vertex   3.525305e+00 3.525305e+00 2.000000e+00
    endloop
  endfacet
  facet normal -7.933533e-01 -6.087614e-01 0.000000e+00
    outer loop
      vertex   3.525305e+00 3.525305e+00 2.000000e+00
      vertex   3.755737e+00 3.225000e+00 5.000000e+00
      vertex   3.525305e+00 3.525305e+00 5.000000e+00
    endloop
  endfacet
  facet normal -6.087614e-01 -7.933533e-01 0.000000e+00
    outer loop
      vertex   3.525305e+00 3.525305e+00 2.000000e+00
      vertex   3.525305e+00 3.525305e+00 5.000000e+00
      vertex   3.225000e+00 3.755737e+00 2.000000e+00
    endloop
  endfacet
  facet normal -6.087614e-01 -7.933533e-01 0.000000e+00
    outer loop
      vertex   3.225000e+00 3.755737e+00 2.000000e+00
      vertex   3.525305e+00 3.525305e+00 5.000000e+00
      vertex   3.225000e+00 3.755737e+00 5.000000e+00
    endloop
  endfacet
  facet normal -3.826834e-01 -9.238795e-01 0.000000e+00
    outer loop
      vertex   3.225000e+00 3.755737e+00 2.000000e+00
      vertex   3.225000e+00 3.755737e+00 5.000000e+00
      vertex   2.875288e+00 3.900592e+00 2.000000e+00
    endloop
  endfacet
  facet normal -3.826834e-01 -9.238795e-01 0.000000e+00
    outer loop
      vertex   2.875288e+00 3.900592e+00 2.000000e+00
      vertex   3.225000e+00 3.755737e+00 5.000000e+00
      vertex   2.875288e+00 3.900592e+00 5.000000e+00
    endloop
  endfacet
  facet normal -1.305262e-01 -9.914449e-01 0.000000e+00
    outer loop
      vertex   2.875288e+00 3.900592e+00 2.000000e+00
      vertex   2.875288e+00 3.900592e+00 5.000000e+00
      vertex   2.500000e+00 3.950000e+00 2.000000e+00
    endloop
  endfacet
  facet normal -1.305262e-01 -9.914449e-01 0.000000e+00
    outer loop
      vertex   2.500000e+00 3.950000e+00 2.000000e+00
      vertex   2.875288e+00 3.900592e+00 5.000000e+00
      vertex   2.500000e+00 3.950000e+00 5.000000e+00
    endloop
  endfacet
  facet normal 1.305262e-01 -9.914449e-01 0.000000e+00
    outer loop
      vertex   2.500000e+00 3.950000e+00 2.000000e+00
      vertex   2.500000e+00 3.950000e+00 5.000000e+00
      vertex   2.124712e+00 3.900592e+00 2.000000e+00
    endloop
  endfacet
  facet normal 1.305262e-01 -9.914449e-01 0.000000e+00
    outer loop
      vertex   2.124712e+00 3.900592e+00 2.000000e+00
      vertex   2.500000e+00 3.950000e+00 5.000000e+00
      vertex   2.124712e+00 3.900592e+00 5.000000e+00
    endloop
  endfacet
  facet normal 3.826834e-01 -9.238795e-01 0.000000e+00
    outer loop
      vertex   2.124712e+00 3.900592e+00 2.000000e+00
      vertex   2.124712e+00 3.900592e+00 5.000000e+00
      vertex   1.775000e+00 3.755737e+00 2.000000e+00
    endloop
  endfacet
  facet normal 3.826834e-01 -9.238795e-01 0.000000e+00
    outer loop
      vertex   1.775000e+00 3.755737e+00 2.000000e+00
      vertex   2.124712e+00 3.900592e+00 5.000000e+00
      vertex   1.775000e+00 3.755737e+00 5.000000e+00
    endloop
  endfacet
  facet normal 6.087614e-01 -7.933533e-01 0.000000e+00
    outer loop
      vertex   1.775000e+00 3.755737e+00 2.000000e+00
      vertex   1.775000e+00 3.755737e+00 5.000000e+00
      vertex   1.474695e+00 3.525305e+00 2.000000e+00
    endloop
  endfacet
  facet normal 6.087614e-01 -7.933533e-01 0.000000e+00
    outer loop
      vertex   1.474695e+00 3.525305e+00 2.000000e+00
      vertex   1.775000e+00 3.755737e+00 5.000000e+00
      vertex   1.474695e+00 3.525305e+00 5.000000e+00
    endloop
  endfacet
  facet normal 7.933533e-01 -6.087614e-01 0.000000e+00
    outer loop
      vertex   1.474695e+00 3.525305e+00 2.000000e+00
      vertex   1.474695e+00 3.525305e+00 5.000000e+00
      vertex   1.244263e+00 3.225000e+00 2.000000e+00
    endloop
  endfacet
  facet normal 7.933533e-01 -6.087614e-01 0.000000e+00
    outer loop
      vertex   1.244263e+00 3.225000e+00 2.000000e+00
      vertex   1.474695e+00 3.525305e+00 5.000000e+00
      vertex   1.244263e+00 3.225000e+00 5.000000e+00
    endloop
  endfacet
  facet normal 9.238795e-01 -3.826834e-01 0.000000e+00
    outer loop
      vertex   1.244263e+00 3.225000e+00 2.000000e+00
      vertex   1.244263e+00 3.225000e+00 5.000000e+00
      vertex   1.099408e+00 2.875288e+00 2.000000e+00
    endloop
  endfacet
  facet normal 9.238795e-01 -3.826834e-01 0.000000e+00
    outer loop
      vertex   1.099408e+00 2.875288e+00 2.000000e+00
      vertex   1.244263e+00 3.225000e+00 5.000000e+00
      vertex   1.099408e+00 2.875288e+00 5.000000e+00
    endloop
  endfacet
  facet normal 9.914449e-01 -1.305262e-01 0.000000e+00
    outer loop
      vertex   1.099408e+00 2.875288e+00 2.000000e+00
      vertex   1.099408e+00 2.875288e+00 5.000000e+00
      vertex   1.050000e+00 2.500000e+00 2.000000e+00
    endloop
  endfacet
  facet normal 9.914449e-01 -1.305262e-01 0.000000e+00
    outer loop
      vertex   1.050000e+00 2.500000e+00 2.000000e+00
      vertex   1.099408e+00 2.875288e+00 5.000000e+00
      vertex   1.050000e+00 2.500000e+00 5.000000e+00
    endloop
  endfacet
  facet normal 9.914449e-01 1.305262e-01 -0.000000e+00
    outer loop
      vertex   1.050000e+00 2.500000e+00 2.000000e+00
      vertex   1.050000e+00 2.500000e+00 5.000000e+00
      vertex   1.099408e+00 2.124712e+00 2.000000e+00
    endloop
  endfacet
  facet normal 9.914449e-01 1.305262e-01 -0.000000e+00
    outer loop
      vertex   1.099408e+00 2.124712e+00 2.000000e+00
      vertex   1.050000e+00 2.500000e+00 5.000000e+00
      vertex   1.099408e+00 2.124712e+00 5.000000e+00
    endloop
  endfacet
  facet normal 9.238795e-01 3.826834e-01 -0.000000e+00
    outer loop
      vertex   1.099408e+00 2.124712e+00 2.000000e+00
      vertex   1.099408e+00 2.124712e+00 5.000000e+00
      vertex   1.244263e+00 1.775000e+00 2.000000e+00
    endloop
  endfacet
  facet normal 9.238795e-01 3.826834e-01 -0.000000e+00
    outer loop
      vertex   1.244263e+00 1.775000e+00 2.000000e+00
      vertex   1.099408e+00 2.124712e+00 5.000000e+00
      vertex   1.244263e+00 1.775000e+00 5.000000e+00
    endloop
  endfacet
  facet normal 7.933533e-01 6.087614e-01 -0.000000e+00
    outer loop
      vertex   1.244263e+00 1.775000e+00 2.000000e+00
      vertex   1.244263e+00 1.775000e+00 5.000000e+00
      vertex   1.474695e+00 1.474695e+00 2.000000e+00
    endloop
  endfacet
  facet normal 7.933533e-01 6.087614e-01 -0.000000e+00
    outer loop
      vertex   1.474695e+00 1.474695e+00 2.000000e+00
      vertex   1.244263e+00 1.775000e+00 5.000000e+00
      vertex   1.474695e+00 1.474695e+00 5.000000e+00
    endloop
  endfacet
  facet normal 6.087614e-01 7.933533e-01 -0.000000e+00
    outer loop
      vertex   1.474695e+00 1.474695e+00 2.000000e+00
      vertex   1.474695e+00 1.474695e+00 5.000000e+00
      vertex   1.775000e+00 1.244263e+00 2.000000e+00
    endloop
  endfacet
  facet normal 6.087614e-01 7.933533e-01 -0.000000e+00
    outer loop
      vertex   1.775000e+00 1.244263e+00 2.000000e+00
      vertex   1.474695e+00 1.474695e+00 5.000000e+00
      vertex   1.775000e+00 1.244263e+00 5.000000e+00
    endloop
  endfacet
  facet normal 3.826834e-01 9.238795e-01 -0.000000e+00
    outer loop
      vertex   1.775000e+00 1.244263e+00 2.000000e+00
      vertex   1.775000e+00 1.244263e+00 5.000000e+00
      vertex   2.124712e+00 1.099408e+00 2.000000e+00
    endloop
  endfacet
  facet normal 3.826834e-01 9.238795e-01 -0.000000e+00
    outer loop
      vertex   2.124712e+00 1.099408e+00 2.000000e+00
      vertex   1.775000e+00 1.244263e+00 5.000000e+00
      vertex   2.124712e+00 1.099408e+00 5.000000e+00
    endloop
  endfacet
  facet normal 1.305262e-01 9.914449e-01 -0.000000e+00
    outer loop
      vertex   2.124712e+00 1.099408e+00 2.000000e+00
      vertex   2.124712e+00 1.099408e+00 5.000000e+00
      vertex   2.500000e+00 1.050000e+00 2.000000e+00
    endloop
  endfacet
  facet normal 1.305262e-01 9.914449e-01 -0.000000e+00
    outer loop
      vertex   2.500000e+00 1.050000e+00 2.000000e+00
      vertex   2.124712e+00 1.099408e+00 5.000000e+00
      vertex   2.500000e+00 1.050000e+00 5.000000e+00
    endloop
  endfacet
  facet normal -1.305262e-01 9.914449e-01 0.000000e+00
    outer loop
      vertex   2.500000e+00 1.050000e+00 2.000000e+00
      vertex   2.500000e+00 1.050000e+00 5.000000e+00
      vertex   2.875288e+00 1.099408e+00 2.000000e+00
    endloop
  endfacet
  facet normal -1.305262e-01 9.914449e-01 0.000000e+00
    outer loop
      vertex   2.875288e+00 1.099408e+00 2.000000e+00
      vertex   2.500000e+00 1.050000e+00 5.000000e+00
      vertex   2.875288e+00 1.099408e+00 5.000000e+00
    endloop
  endfacet
  facet normal -3.826834e-01 9.238795e-01 0.000000e+00
    outer loop
      vertex   2.875288e+00 1.099408e+00 2.000000e+00
      vertex   2.875288e+00 1.099408e+00 5.000000e+00
      vertex   3.225000e+00 1.244263e+00 2.000000e+00
    endloop
  endfacet
  facet normal -3.826834e-01 9.238795e-01 0.000000e+00
    outer loop
      vertex   3.225000e+00 1.244263e+00 2.000000e+00
      vertex   2.875288e+00 1.099408e+00 5.000000e+00
      vertex   3.225000e+00 1.244263e+00 5.000000e+00
    endloop
  endfacet
  facet normal -6.087614e-01 7.933533e-01 0.000000e+00
    outer loop
      vertex   3.225000e+00 1.244263e+00 2.000000e+00
      vertex   3.225000e+00 1.244263e+00 5.000000e+00
      vertex   3.525305e+00 1.474695e+00 2.000000e+00
    endloop
  endfacet
  facet normal -6.087614e-01 7.933533e-01 0.000000e+00
    outer loop
      vertex   3.525305e+00 1.474695e+00 2.000000e+00
      vertex   3.225000e+00 1.244263e+00 5.000000e+00
      vertex   3.525305e+00 1.474695e+00 5.000000e+00
    endloop
  endfacet
  facet normal -7.933533e-01 6.087614e-01 0.000000e+00
    outer loop
      vertex   3.525305e+00 1.474695e+00 2.000000e+00
      vertex   3.525305e+00 1.474695e+00 5.000000e+00
      vertex   3.755737e+00 1.775000e+00 2.000000e+00
    endloop
  endfacet
  facet normal -7.933533e-01 6.087614e-01 0.000000e+00
    outer loop
      vertex   3.755737e+00 1.775000e+00 2.000000e+00
      vertex   3.525305e+00 1.474695e+00 5.000000e+00
      vertex   3.755737e+00 1.775000e+00 5.000000e+00
    endloop
  endfacet
  facet normal -9.238795e-01 3.826834e-01 0.000000e+00
    outer loop
      vertex   3.755737e+00 1.775000e+00 2.000000e+00
      vertex   3.755737e+00 1.775000e+00 5.000000e+00
      vertex   3.900592e+00 2.124712e+00 2.000000e+00
    endloop
  endfacet
  facet normal -9.238795e-01 3.826834e-01 0.000000e+00
    outer loop
      vertex   3.900592e+00 2.124712e+00 2.000000e+00
      vertex   3.755737e+00 1.775000e+00 5.000000e+00
      vertex   3.900592e+00 2.124712e+00 5.000000e+00
    endloop
  endfacet
  facet normal 0.000000e+00 0.000000e+00 1.000000e+00
    outer loop
      vertex   3.900592e+00 2.875288e+00 2.000000e+00
      vertex   1.099408e+00 2.875288e+00 2.000000e+00
      vertex   3.950000e+00 2.500000e+00 2.000000e+00
    endloop
  endfacet
  facet normal 0.000000e+00 0.000000e+00 1.000000e+00
    outer loop
      vertex   3.950000e+00 2.500000e+00 2.000000e+00
      vertex   1.099408e+00 2.875288e+00 2.000000e+00
      vertex   1.050000e+00 2.500000e+00 2.000000e+00
    endloop
  endfacet
  facet normal 0.000000e+00 0.000000e+00 1.000000e+00
    outer loop
      vertex   3.950000e+00 2.500000e+00 2.000000e+00
      vertex   1.050000e+00 2.500000e+00 2.000000e+00
      vertex   3.900592e+00 2.124712e+00 2.000000e+00
    endloop
  endfacet
  facet normal 0.000000e+00 0.000000e+00 1.000000e+00
    outer loop
      vertex   3.900592e+00 2.124712e+00 2.000000e+00
      vertex   1.050000e+00 2.500000e+00 2.000000e+00
      vertex   1.099408e+00 2.124712e+00 2.000000e+00
    endloop
  endfacet
  facet normal 0.000000e+00 0.000000e+00 1.000000e+00
    outer loop
      vertex   3.900592e+00 2.124712e+00 2.000000e+00
      vertex   1.099408e+00 2.124712e+00 2.000000e+00
      vertex   3.755737e+00 1.775000e+00 2.000000e+00
    endloop
  endfacet
  facet normal 0.000000e+00 0.000000e+00 1.000000e+00
    outer loop
      vertex   3.755737e+00 1.775000e+00 2.000000e+00
      vertex   1.099408e+00 2.124712e+00 2.000000e+00
      vertex   1.244263e+00 1.775000e+00 2.000000e+00
    endloop
  endfacet
  facet normal 0.000000e+00 0.000000e+00 1.000000e+00
    outer loop
      vertex   3.755737e+00 1.775000e+00 2.000000e+00
      vertex   1.244263e+00 1.775000e+00 2.000000e+00
      vertex   3.525305e+00 1.474695e+00 2.000000e+00
    endloop
  endfacet
  facet normal 0.000000e+00 0.000000e+00 1.000000e+00
    outer loop
      vertex   3.525305e+00 1.474695e+00 2.000000e+00
      vertex   1.244263e+00 1.775000e+00 2.000000e+00
      vertex   1.474695e+00 1.474695e+00 2.000000e+00
    endloop
  endfacet
  facet normal 0.000000e+00 0.000000e+00 1.000000e+00
    outer loop
      vertex   3.525305e+00 1.474695e+00 2.000000e+00
      vertex   1.474695e+00 1.474695e+00 2.000000e+00
      vertex   3.225000e+00 1.244263e+00 2.000000e+00
    endloop
  endfacet
  facet normal 0.000000e+00 0.000000e+00 1.000000e+00
    outer loop
      vertex   3.225000e+00 1.244263e+00 2.000000e+00
      vertex   1.474695e+00 1.474695e+00 2.000000e+00
      vertex   1.775000e+00 1.244263e+00 2.000000e+00
    endloop
  endfacet
  facet normal 0.000000e+00 0.000000e+00 1.000000e+00
    outer loop
      vertex   3.225000e+00 1.244263e+00 2.000000e+00
      vertex   1.775000e+00 1.244263e+00 2.000000e+00
      vertex   2.875288e+00 1.099408e+00 2.000000e+00
    endloop
  endfacet
  facet normal 0.000000e+00 0.000000e+00 1.000000e+00
    outer loop
      vertex   2.875288e+00 1.099408e+00 2.000000e+00
      vertex   1.775000e+00 1.244263e+00 2.000000e+00
      vertex   2.124712e+00 1.099408e+00 2.000000e+00
    endloop
  endfacet
  facet normal 0.000000e+00 0.000000e+00 1.000000e+00
    outer loop
      vertex   2.875288e+00 1.099408e+00 2.000000e+00
      vertex   2.124712e+00 1.099408e+00 2.000000e+00
      vertex   2.500000e+00 1.050000e+00 2.000000e+00
    endloop
  endfacet
  facet normal 0.000000e+00 0.000000e+00 1.000000e+00
    outer loop
      vertex   1.099408e+00 2.875288e+00 2.000000e+00
      vertex   3.900592e+00 2.875288e+00 2.000000e+00
      vertex   1.244263e+00 3.225000e+00 2.000000e+00
    endloop
  endfacet
  facet normal -0.000000e+00 0.000000e+00 1.000000e+00
    outer loop
      vertex   1.244263e+00 3.225000e+00 2.000000e+00
      vertex   3.900592e+00 2.875288e+00 2.000000e+00
      vertex   3.755737e+00 3.225000e+00 2.000000e+00
    endloop
  endfacet
  facet normal 0.000000e+00 0.000000e+00 1.000000e+00
    outer loop
      vertex   1.244263e+00 3.225000e+00 2.000000e+00
      vertex   3.755737e+00 3.225000e+00 2.000000e+00
      vertex   1.474695e+00 3.525305e+00 2.000000e+00
    endloop
  endfacet
  facet normal -0.000000e+00 0.000000e+00 1.000000e+00
    outer loop
      vertex   1.474695e+00 3.525305e+00 2.000000e+00
      vertex   3.755737e+00 3.225000e+00 2.000000e+00
      vertex   3.525305e+00 3.525305e+00 2.000000e+00
    endloop
  endfacet
  facet normal 0.000000e+00 0.000000e+00 1.000000e+00
    outer loop
      vertex   1.474695e+00 3.525305e+00 2.000000e+00
      vertex   3.525305e+00 3.525305e+00 2.000000e+00
      vertex   1.775000e+00 3.755737e+00 2.000000e+00
    endloop
  endfacet
  facet normal -0.000000e+00 0.000000e+00 1.000000e+00
    outer loop
      vertex   1.775000e+00 3.755737e+00 2.000000e+00
      vertex   3.525305e+00 3.525305e+00 2.000000e+00
      vertex   3.225000e+00 3.755737e+00 2.000000e+00
    endloop
  endfacet
  facet normal 0.000000e+00 0.000000e+00 1.000000e+00
    outer loop
      vertex   1.775000e+00 3.755737e+00 2.000000e+00
      vertex   3.225000e+00 3.755737e+00 2.000000e+00
      vertex   2.124712e+00 3.900592e+00 2.000000e+00
    endloop
  endfacet
  facet normal -0.000000e+00 0.000000e+00 1.000000e+00
    outer loop
      vertex   2.124712e+00 3.900592e+00 2.000000e+00
      vertex   3.225000e+00 3.755737e+00 2.000000e+00
      vertex   2.875288e+00 3.900592e+00 2.000000e+00
    endloop
  endfacet
  facet normal 0.000000e+00 0.000000e+00 1.000000e+00
    outer loop
      vertex   2.124712e+00 3.900592e+00 2.000000e+00
      vertex   2.875288e+00 3.900592e+00 2.000000e+00
      vertex   2.500000e+00 3.950000e+00 2.000000e+00
    endloop
  endfacet
  facet normal -9.914449e-01 1.305262e-01 0.000000e+00
    outer loop
      vertex   6.990059e+01 2.812471e+01 2.000000e+00
      vertex   6.990059e+01 2.812471e+01 5.000000e+00
      vertex   6.995000e+01 2.850000e+01 2.000000e+00
    endloop
  endfacet
  facet normal -9.914449e-01 1.305262e-01 0.000000e+00
    outer loop
      vertex   6.995000e+01 2.850000e+01 2.000000e+00
      vertex   6.990059e+01 2.812471e+01 5.000000e+00
      vertex   6.995000e+01 2.850000e+01 5.000000e+00
    endloop
  endfacet
  facet normal -9.914449e-01 -1.305262e-01 0.000000e+00
    outer loop
      vertex   6.995000e+01 2.850000e+01 2.000000e+00
      vertex   6.995000e+01 2.850000e+01 5.000000e+00
      vertex   6.990059e+01 2.887529e+01 2.000000e+00
    endloop
  endfacet
  facet normal -9.914449e-01 -1.305262e-01 0.000000e+00
    outer loop
      vertex   6.990059e+01 2.887529e+01 2.000000e+00
      vertex   6.995000e+01 2.850000e+01 5.000000e+00
      vertex   6.990059e+01 2.887529e+01 5.000000e+00
    endloop
  endfacet
  facet normal -9.238795e-01 -3.826834e-01 0.000000e+00
    outer loop
      vertex   6.990059e+01 2.887529e+01 2.000000e+00
      vertex   6.990059e+01 2.887529e+01 5.000000e+00
      vertex   6.975574e+01 2.922500e+01 2.000000e+00
    endloop
  endfacet
  facet normal -9.238795e-01 -3.826834e-01 0.000000e+00
    outer loop
      vertex   6.975574e+01 2.922500e+01 2.000000e+00
      vertex   6.990059e+01 2.887529e+01 5.000000e+00
      vertex   6.975574e+01 2.922500e+01 5.000000e+00
    endloop
  endfacet
  facet normal -7.933533e-01 -6.087614e-01 0.000000e+00
    outer loop
      vertex   6.975574e+01 2.922500e+01 2.000000e+00
      vertex   6.975574e+01 2.922500e+01 5.000000e+00
      vertex   6.952530e+01 2.952530e+01 2.000000e+00
    endloop
  endfacet
  facet normal -7.933533e-01 -6.087614e-01 0.000000e+00
    outer loop
      vertex   6.952530e+01 2.952530e+01 2.000000e+00
      vertex   6.975574e+01 2.922500e+01 5.000000e+00
      vertex   6.952530e+01 2.952530e+01 5.000000e+00
    endloop
  endfacet
  facet normal -6.087614e-01 -7.933533e-01 0.000000e+00
    outer loop
      vertex   6.952530e+01 2.952530e+01 2.000000e+00
      vertex   6.952530e+01 2.952530e+01 5.000000e+00
      vertex   6.922500e+01 2.975574e+01 2.000000e+00
    endloop
  endfacet
  facet normal -6.087614e-01 -7.933533e-01 0.000000e+00
    outer loop
      vertex   6.922500e+01 2.975574e+01 2.000000e+00
      vertex   6.952530e+01 2.952530e+01 5.000000e+00
      vertex   6.922500e+01 2.975574e+01 5.000000e+00
    endloop
  endfacet
  facet normal -3.826834e-01 -9.238795e-01 0.000000e+00
    outer loop
      vertex   6.922500e+01 2.975574e+01 2.000000e+00
      vertex   6.922500e+01 2.975574e+01 5.000000e+00
      vertex   6.887529e+01 2.990059e+01 2.000000e+00
    endloop
  endfacet
  facet normal -3.826834e-01 -9.238795e-01 0.000000e+00
    outer loop
      vertex   6.887529e+01 2.990059e+01 2.000000e+00
      vertex   6.922500e+01 2.975574e+01 5.000000e+00
      vertex   6.887529e+01 2.990059e+01 5.000000e+00
    endloop
  endfacet
  facet normal -1.305262e-01 -9.914449e-01 0.000000e+00
    outer loop
      vertex   6.887529e+01 2.990059e+01 2.000000e+00
      vertex   6.887529e+01 2.990059e+01 5.000000e+00
      vertex   6.850000e+01 2.995000e+01 2.000000e+00
    endloop
  endfacet
  facet normal -1.305262e-01 -9.914449e-01 0.000000e+00
    outer loop
      vertex   6.850000e+01 2.995000e+01 2.000000e+00
      vertex   6.887529e+01 2.990059e+01 5.000000e+00
      vertex   6.850000e+01 2.995000e+01 5.000000e+00
    endloop
  endfacet
  facet normal 1.305262e-01 -9.914449e-01 0.000000e+00
    outer loop
      vertex   6.850000e+01 2.995000e+01 2.000000e+00
      vertex   6.850000e+01 2.995000e+01 5.000000e+00
      vertex   6.812471e+01 2.990059e+01 2.000000e+00
    endloop
  endfacet
  facet normal 1.305262e-01 -9.914449e-01 0.000000e+00
    outer loop
      vertex   6.812471e+01 2.990059e+01 2.000000e+00
      vertex   6.850000e+01 2.995000e+01 5.000000e+00
      vertex   6.812471e+01 2.990059e+01 5.000000e+00
    endloop
  endfacet
  facet normal 3.826834e-01 -9.238795e-01 0.000000e+00
    outer loop
      vertex   6.812471e+01 2.990059e+01 2.000000e+00
      vertex   6.812471e+01 2.990059e+01 5.000000e+00
      vertex   6.777500e+01 2.975574e+01 2.000000e+00
    endloop
  endfacet
  facet normal 3.826834e-01 -9.238795e-01 0.000000e+00
    outer loop
      vertex   6.777500e+01 2.975574e+01 2.000000e+00
      vertex   6.812471e+01 2.990059e+01 5.000000e+00
      vertex   6.777500e+01 2.975574e+01 5.000000e+00
    endloop
  endfacet
  facet normal 6.087614e-01 -7.933533e-01 0.000000e+00
    outer loop
      vertex   6.777500e+01 2.975574e+01 2.000000e+00
      vertex   6.777500e+01 2.975574e+01 5.000000e+00
      vertex   6.747470e+01 2.952530e+01 2.000000e+00
    endloop
  endfacet
  facet normal 6.087614e-01 -7.933533e-01 0.000000e+00
    outer loop
      vertex   6.747470e+01 2.952530e+01 2.000000e+00
      vertex   6.777500e+01 2.975574e+01 5.000000e+00
      vertex   6.747470e+01 2.952530e+01 5.000000e+00
    endloop
  endfacet
  facet normal 7.933533e-01 -6.087614e-01 0.000000e+00
    outer loop
      vertex   6.747470e+01 2.952530e+01 2.000000e+00
      vertex   6.747470e+01 2.952530e+01 5.000000e+00
      vertex   6.724426e+01 2.922500e+01 2.000000e+00
    endloop
  endfacet
  facet normal 7.933533e-01 -6.087614e-01 0.000000e+00
    outer loop
      vertex   6.724426e+01 2.922500e+01 2.000000e+00
      vertex   6.747470e+01 2.952530e+01 5.000000e+00
      vertex   6.724426e+01 2.922500e+01 5.000000e+00
    endloop
  endfacet
  facet normal 9.238795e-01 -3.826834e-01 0.000000e+00
    outer loop
      vertex   6.724426e+01 2.922500e+01 2.000000e+00
      vertex   6.724426e+01 2.922500e+01 5.000000e+00
      vertex   6.709941e+01 2.887529e+01 2.000000e+00
    endloop
  endfacet
  facet normal 9.238795e-01 -3.826834e-01 0.000000e+00
    outer loop
      vertex   6.709941e+01 2.887529e+01 2.000000e+00
      vertex   6.724426e+01 2.922500e+01 5.000000e+00
      vertex   6.709941e+01 2.887529e+01 5.000000e+00
    endloop
  endfacet
  facet normal 9.914449e-01 -1.305262e-01 0.000000e+00
    outer loop
      vertex   6.709941e+01 2.887529e+01 2.000000e+00
      vertex   6.709941e+01 2.887529e+01 5.000000e+00
      vertex   6.705000e+01 2.850000e+01 2.000000e+00
    endloop
  endfacet
  facet normal 9.914449e-01 -1.305262e-01 0.000000e+00
    outer loop
      vertex   6.705000e+01 2.850000e+01 2.000000e+00
      vertex   6.709941e+01 2.887529e+01 5.000000e+00
      vertex   6.705000e+01 2.850000e+01 5.000000e+00
    endloop
  endfacet
  facet normal 9.914449e-01 1.305262e-01 -0.000000e+00
    outer loop
      vertex   6.705000e+01 2.850000e+01 2.000000e+00
      vertex   6.705000e+01 2.850000e+01 5.000000e+00
      vertex   6.709941e+01 2.812471e+01 2.000000e+00
    endloop
  endfacet
  facet normal 9.914449e-01 1.305262e-01 -0.000000e+00
    outer loop
      vertex   6.709941e+01 2.812471e+01 2.000000e+00
      vertex   6.705000e+01 2.850000e+01 5.000000e+00
      vertex   6.709941e+01 2.812471e+01 5.000000e+00
    endloop
  endfacet
  facet normal 9.238795e-01 3.826834e-01 -0.000000e+00
    outer loop
      vertex   6.709941e+01 2.812471e+01 2.000000e+00
      vertex   6.709941e+01 2.812471e+01 5.000000e+00
      vertex   6.724426e+01 2.777500e+01 2.000000e+00
    endloop
  endfacet
  facet normal 9.238795e-01 3.826834e-01 -0.000000e+00
    outer loop
      vertex   6.724426e+01 2.777500e+01 2.000000e+00
      vertex   6.709941e+01 2.812471e+01 5.000000e+00
      vertex   6.724426e+01 2.777500e+01 5.000000e+00
    endloop
  endfacet
  facet normal 7.933533e-01 6.087614e-01 -0.000000e+00
    outer loop
      vertex   6.724426e+01 2.777500e+01 2.000000e+00
      vertex   6.724426e+01 2.777500e+01 5.000000e+00
      vertex   6.747470e+01 2.747470e+01 2.000000e+00
    endloop
  endfacet
  facet normal 7.933533e-01 6.087614e-01 -0.000000e+00
    outer loop
      vertex   6.747470e+01 2.747470e+01 2.000000e+00
      vertex   6.724426e+01 2.777500e+01 5.000000e+00
      vertex   6.747470e+01 2.747470e+01 5.000000e+00
    endloop
  endfacet
  facet normal 6.087614e-01 7.933533e-01 -0.000000e+00
    outer loop
      vertex   6.747470e+01 2.747470e+01 2.000000e+00
      vertex   6.747470e+01 2.747470e+01 5.000000e+00
      vertex   6.777500e+01 2.724426e+01 2.000000e+00
    endloop
  endfacet
  facet normal 6.087614e-01 7.933533e-01 -0.000000e+00
    outer loop
      vertex   6.777500e+01 2.724426e+01 2.000000e+00
      vertex   6.747470e+01 2.747470e+01 5.000000e+00
      vertex   6.777500e+01 2.724426e+01 5.000000e+00
    endloop
  endfacet
  facet normal 3.826834e-01 9.238795e-01 -0.000000e+00
    outer loop
      vertex   6.777500e+01 2.724426e+01 2.000000e+00
      vertex   6.777500e+01 2.724426e+01 5.000000e+00
      vertex   6.812471e+01 2.709941e+01 2.000000e+00
    endloop
  endfacet
  facet normal 3.826834e-01 9.238795e-01 -0.000000e+00
    outer loop
      vertex   6.812471e+01 2.709941e+01 2.000000e+00
      vertex   6.777500e+01 2.724426e+01 5.000000e+00
      vertex   6.812471e+01 2.709941e+01 5.000000e+00
    endloop
  endfacet
  facet normal 1.305262e-01 9.914449e-01 -0.000000e+00
    outer loop
      vertex   6.812471e+01 2.709941e+01 2.000000e+00
      vertex   6.812471e+01 2.709941e+01 5.000000e+00
      vertex   6.850000e+01 2.705000e+01 2.000000e+00
    endloop
  endfacet
  facet normal 1.305262e-01 9.914449e-01 -0.000000e+00
    outer loop
      vertex   6.850000e+01 2.705000e+01 2.000000e+00
      vertex   6.812471e+01 2.709941e+01 5.000000e+00
      vertex   6.850000e+01 2.705000e+01 5.000000e+00
    endloop
  endfacet
  facet normal -1.305262e-01 9.914449e-01 0.000000e+00
    outer loop
      vertex   6.850000e+01 2.705000e+01 2.000000e+00
      vertex   6.850000e+01 2.705000e+01 5.000000e+00
      vertex   6.887529e+01 2.709941e+01 2.000000e+00
    endloop
  endfacet
  facet normal -1.305262e-01 9.914449e-01 0.000000e+00
    outer loop
      vertex   6.887529e+01 2.709941e+01 2.000000e+00
      vertex   6.850000e+01 2.705000e+01 5.000000e+00
      vertex   6.887529e+01 2.709941e+01 5.000000e+00
    endloop
  endfacet
  facet normal -3.826834e-01 9.238795e-01 0.000000e+00
    outer loop
      vertex   6.887529e+01 2.709941e+01 2.000000e+00
      vertex   6.887529e+01 2.709941e+01 5.000000e+00
      vertex   6.922500e+01 2.724426e+01 2.000000e+00
    endloop
  endfacet
  facet normal -3.826834e-01 9.238795e-01 0.000000e+00
    outer loop
      vertex   6.922500e+01 2.724426e+01 2.000000e+00
      vertex   6.887529e+01 2.709941e+01 5.000000e+00
      vertex   6.922500e+01 2.724426e+01 5.000000e+00
    endloop
  endfacet
  facet normal -6.087614e-01 7.933533e-01 0.000000e+00
    outer loop
      vertex   6.922500e+01 2.724426e+01 2.000000e+00
      vertex   6.922500e+01 2.724426e+01 5.000000e+00
      vertex   6.952530e+01 2.747470e+01 2.000000e+00
    endloop
  endfacet
  facet normal -6.087614e-01 7.933533e-01 0.000000e+00
    outer loop
      vertex   6.952530e+01 2.747470e+01 2.000000e+00
      vertex   6.922500e+01 2.724426e+01 5.000000e+00
      vertex   6.952530e+01 2.747470e+01 5.000000e+00
    endloop
  endfacet
  facet normal -7.933533e-01 6.087614e-01 0.000000e+00
    outer loop
      vertex   6.952530e+01 2.747470e+01 2.000000e+00
      vertex   6.952530e+01 2.747470e+01 5.000000e+00
      vertex   6.975574e+01 2.777500e+01 2.000000e+00
    endloop
  endfacet
  facet normal -7.933533e-01 6.087614e-01 0.000000e+00
    outer loop
      vertex   6.975574e+01 2.777500e+01 2.000000e+00
      vertex   6.952530e+01 2.747470e+01 5.000000e+00
      vertex   6.975574e+01 2.777500e+01 5.000000e+00
    endloop
  endfacet
  facet normal -9.238795e-01 3.826834e-01 0.000000e+00
    outer loop
      vertex   6.975574e+01 2.777500e+01 2.000000e+00
      vertex   6.975574e+01 2.777500e+01 5.000000e+00
      vertex   6.990059e+01 2.812471e+01 2.000000e+00
    endloop
  endfacet
  facet normal -9.238795e-01 3.826834e-01 0.000000e+00
    outer loop
      vertex   6.990059e+01 2.812471e+01 2.000000e+00
      vertex   6.975574e+01 2.777500e+01 5.000000e+00
      vertex   6.990059e+01 2.812471e+01 5.000000e+00
    endloop
  endfacet
  facet normal 0.000000e+00 0.000000e+00 1.000000e+00
    outer loop
      vertex   6.990059e+01 2.887529e+01 2.000000e+00
      vertex   6.709941e+01 2.887529e+01 2.000000e+00
      vertex   6.995000e+01 2.850000e+01 2.000000e+00
    endloop
  endfacet
  facet normal 0.000000e+00 0.000000e+00 1.000000e+00
    outer loop
      vertex   6.995000e+01 2.850000e+01 2.000000e+00
      vertex   6.709941e+01 2.887529e+01 2.000000e+00
      vertex   6.705000e+01 2.850000e+01 2.000000e+00
    endloop
  endfacet
  facet normal 0.000000e+00 0.000000e+00 1.000000e+00
    outer loop
      vertex   6.995000e+01 2.850000e+01 2.000000e+00
      vertex   6.705000e+01 2.850000e+01 2.000000e+00
      vertex   6.990059e+01 2.812471e+01 2.000000e+00
    endloop
  endfacet
  facet normal 0.000000e+00 0.000000e+00 1.000000e+00
    outer loop
      vertex   6.990059e+01 2.812471e+01 2.000000e+00
      vertex   6.705000e+01 2.850000e+01 2.000000e+00
      vertex   6.709941e+01 2.812471e+01 2.000000e+00
    endloop
  endfacet
  facet normal 0.000000e+00 0.000000e+00 1.000000e+00
    outer loop
      vertex   6.990059e+01 2.812471e+01 2.000000e+00
      vertex   6.709941e+01 2.812471e+01 2.000000e+00
      vertex   6.975574e+01 2.777500e+01 2.000000e+00
    endloop
  endfacet
  facet normal 0.000000e+00 0.000000e+00 1.000000e+00
    outer loop
      vertex   6.975574e+01 2.777500e+01 2.000000e+00
      vertex   6.709941e+01 2.812471e+01 2.000000e+00
      vertex   6.724426e+01 2.777500e+01 2.000000e+00
    endloop
  endfacet
  facet normal 0.000000e+00 0.000000e+00 1.000000e+00
    outer loop
      vertex   6.975574e+01 2.777500e+01 2.000000e+00
      vertex   6.724426e+01 2.777500e+01 2.000000e+00
      vertex   6.952530e+01 2.747470e+01 2.000000e+00
    endloop
  endfacet
  facet normal 0.000000e+00 0.000000e+00 1.000000e+00
    outer loop
      vertex   6.952530e+01 2.747470e+01 2.000000e+00
      vertex   6.724426e+01 2.777500e+01 2.000000e+00
      vertex   6.747470e+01 2.747470e+01 2.000000e+00
    endloop
  endfacet
  facet normal 0.000000e+00 0.000000e+00 1.000000e+00
    outer loop
      vertex   6.952530e+01 2.747470e+01 2.000000e+00
      vertex   6.747470e+01 2.747470e+01 2.000000e+00
      vertex   6.922500e+01 2.724426e+01 2.000000e+00
    endloop
  endfacet
  facet normal 0.000000e+00 0.000000e+00 1.000000e+00
    outer loop
      vertex   6.922500e+01 2.724426e+01 2.000000e+00
      vertex   6.747470e+01 2.747470e+01 2.000000e+00
      vertex   6.777500e+01 2.724426e+01 2.000000e+00
    endloop
  endfacet
  facet normal 0.000000e+00 0.000000e+00 1.000000e+00
    outer loop
      vertex   6.922500e+01 2.724426e+01 2.000000e+00
      vertex   6.777500e+01 2.724426e+01 2.000000e+00
      vertex   6.887529e+01 2.709941e+01 2.000000e+00
    endloop
  endfacet
  facet normal 0.000000e+00 0.000000e+00 1.000000e+00
    outer loop
      vertex   6.887529e+01 2.709941e+01 2.000000e+00
      vertex   6.777500e+01 2.724426e+01 2.000000e+00
      vertex   6.812471e+01 2.709941e+01 2.000000e+00
    endloop
  endfacet
  facet normal 0.000000e+00 0.000000e+00 1.000000e+00
    outer loop
      vertex   6.887529e+01 2.709941e+01 2.000000e+00
      vertex   6.812471e+01 2.709941e+01 2.000000e+00
      vertex   6.850000e+01 2.705000e+01 2.000000e+00
    endloop
  endfacet
  facet normal 0.000000e+00 0.000000e+00 1.000000e+00
    outer loop
      vertex   6.709941e+01 2.887529e+01 2.000000e+00
      vertex   6.990059e+01 2.887529e+01 2.000000e+00
      vertex   6.724426e+01 2.922500e+01 2.000000e+00
    endloop
  endfacet
  facet normal -0.000000e+00 0.000000e+00 1.000000e+00
    outer loop
      vertex   6.724426e+01 2.922500e+01 2.000000e+00
      vertex   6.990059e+01 2.887529e+01 2.000000e+00
      vertex   6.975574e+01 2.922500e+01 2.000000e+00
    endloop
  endfacet
  facet normal 0.000000e+00 0.000000e+00 1.000000e+00
    outer loop
      vertex   6.724426e+01 2.922500e+01 2.000000e+00
      vertex   6.975574e+01 2.922500e+01 2.000000e+00
      vertex   6.747470e+01 2.952530e+01 2.000000e+00
    endloop
  endfacet
  facet normal -0.000000e+00 0.000000e+00 1.000000e+00
    outer loop
      vertex   6.747470e+01 2.952530e+01 2.000000e+00
      vertex   6.975574e+01 2.922500e+01 2.000000e+00
      vertex   6.952530e+01 2.952530e+01 2.000000e+00
    endloop
  endfacet
  facet normal 0.000000e+00 0.000000e+00 1.000000e+00
    outer loop
      vertex   6.747470e+01 2.952530e+01 2.000000e+00
      vertex   6.952530e+01 2.952530e+01 2.000000e+00
      vertex   6.777500e+01 2.975574e+01 2.000000e+00
    endloop
  endfacet
  facet normal -0.000000e+00 0.000000e+00 1.000000e+00
    outer loop
      vertex   6.777500e+01 2.975574e+01 2.000000e+00
      vertex   6.952530e+01 2.952530e+01 2.000000e+00
      vertex   6.922500e+01 2.975574e+01 2.000000e+00
    endloop
  endfacet
  facet normal 0.000000e+00 0.000000e+00 1.000000e+00
    outer loop
      vertex   6.777500e+01 2.975574e+01 2.000000e+00
      vertex   6.922500e+01 2.975574e+01 2.000000e+00
      vertex   6.812471e+01 2.990059e+01 2.000000e+00
    endloop
  endfacet
  facet normal -0.000000e+00 0.000000e+00 1.000000e+00
    outer loop
      vertex   6.812471e+01 2.990059e+01 2.000000e+00
      vertex   6.922500e+01 2.975574e+01 2.000000e+00
      vertex   6.887529e+01 2.990059e+01 2.000000e+00
    endloop
  endfacet
  facet normal 0.000000e+00 0.000000e+00 1.000000e+00
    outer loop
      vertex   6.812471e+01 2.990059e+01 2.000000e+00
      vertex   6.887529e+01 2.990059e+01 2.000000e+00
      vertex   6.850000e+01 2.995000e+01 2.000000e+00
    endloop
  endfacet
  facet normal 1.000000e+00 0.000000e+00 0.000000e+00
    outer loop
      vertex   0.000000e+00 9.534074e+00 1.674118e+01
      vertex   0.000000e+00 9.500000e+00 1.700000e+01
      vertex   0.000000e+00 0.000000e+00 2.200000e+01
    endloop
  endfacet
  facet normal 1.000000e+00 0.000000e+00 0.000000e+00
    outer loop
      vertex   0.000000e+00 0.000000e+00 2.200000e+01
      vertex   0.000000e+00 9.500000e+00 1.700000e+01
      vertex   0.000000e+00 9.500000e+00 2.100000e+01
    endloop
  endfacet
  facet normal 1.000000e+00 0.000000e+00 0.000000e+00
    outer loop
      vertex   0.000000e+00 0.000000e+00 2.200000e+01
      vertex   0.000000e+00 9.500000e+00 2.100000e+01
      vertex   0.000000e+00 9.534074e+00 2.125882e+01
    endloop
  endfacet
  facet normal 1.000000e+00 0.000000e+00 -0.000000e+00
    outer loop
      vertex   0.000000e+00 9.534074e+00 2.125882e+01
      vertex   0.000000e+00 9.633975e+00 2.150000e+01
      vertex   0.000000e+00 0.000000e+00 2.200000e+01
    endloop
  endfacet
  facet normal 1.000000e+00 0.000000e+00 0.000000e+00
    outer loop
      vertex   0.000000e+00 0.000000e+00 2.200000e+01
      vertex   0.000000e+00 9.633975e+00 2.150000e+01
      vertex   0.000000e+00 9.792893e+00 2.170711e+01
    endloop
  endfacet
  facet normal 1.000000e+00 0.000000e+00 0.000000e+00
    outer loop
      vertex   0.000000e+00 0.000000e+00 2.200000e+01
      vertex   0.000000e+00 9.792893e+00 2.170711e+01
      vertex   0.000000e+00 1.000000e+01 2.186603e+01
    endloop
  endfacet
  facet normal 1.000000e+00 0.000000e+00 -0.000000e+00
    outer loop
      vertex   0.000000e+00 1.000000e+01 2.186603e+01
      vertex   0.000000e+00 1.024118e+01 2.196593e+01
      vertex   0.000000e+00 0.000000e+00 2.200000e+01
    endloop
  endfacet
  facet normal 1.000000e+00 -0.000000e+00 0.000000e+00
    outer loop
      vertex   0.000000e+00 0.000000e+00 2.200000e+01
      vertex   0.000000e+00 1.024118e+01 2.196593e+01
      vertex   0.000000e+00 1.050000e+01 2.200000e+01
    endloop
  endfacet
  facet normal 1.000000e+00 0.000000e+00 0.000000e+00
    outer loop
      vertex   0.000000e+00 9.534074e+00 1.674118e+01
      vertex   0.000000e+00 0.000000e+00 2.200000e+01
      vertex   0.000000e+00 9.633975e+00 1.650000e+01
    endloop
  endfacet
  facet normal 1.000000e+00 0.000000e+00 0.000000e+00
    outer loop
      vertex   0.000000e+00 9.633975e+00 1.650000e+01
      vertex   0.000000e+00 0.000000e+00 2.200000e+01
      vertex   0.000000e+00 0.000000e+00 5.000000e+00
    endloop
  endfacet
  facet normal 1.000000e+00 0.000000e+00 0.000000e+00
    outer loop
      vertex   0.000000e+00 9.633975e+00 1.650000e+01
      vertex   0.000000e+00 0.000000e+00 5.000000e+00
      vertex   0.000000e+00 9.792893e+00 1.629289e+01
    endloop
  endfacet
  facet normal 1.000000e+00 0.000000e+00 0.000000e+00
    outer loop
      vertex   0.000000e+00 9.792893e+00 1.629289e+01
      vertex   0.000000e+00 0.000000e+00 5.000000e+00
      vertex   0.000000e+00 1.000000e+01 1.613397e+01
    endloop
  endfacet
  facet normal 1.000000e+00 0.000000e+00 0.000000e+00
    outer loop
      vertex   0.000000e+00 1.000000e+01 1.613397e+01
      vertex   0.000000e+00 0.000000e+00 5.000000e+00
      vertex   0.000000e+00 6.887482e+00 5.000000e+00
    endloop
  endfacet
  facet normal 1.000000e+00 0.000000e+00 0.000000e+00
    outer loop
      vertex   0.000000e+00 1.000000e+01 1.613397e+01
      vertex   0.000000e+00 6.887482e+00 5.000000e+00
      vertex   0.000000e+00 1.024118e+01 1.603407e+01
    endloop
  endfacet
  facet normal 1.000000e+00 0.000000e+00 0.000000e+00
    outer loop
      vertex   0.000000e+00 1.024118e+01 1.603407e+01
      vertex   0.000000e+00 6.887482e+00 5.000000e+00
      vertex   0.000000e+00 1.050000e+01 1.600000e+01
    endloop
  endfacet
  facet normal 1.000000e+00 -0.000000e+00 0.000000e+00
    outer loop
      vertex   0.000000e+00 1.050000e+01 1.600000e+01
      vertex   0.000000e+00 6.887482e+00 5.000000e+00
      vertex   0.000000e+00 2.050000e+01 1.600000e+01
    endloop
  endfacet
  facet normal 1.000000e+00 0.000000e+00 0.000000e+00
    outer loop
      vertex   0.000000e+00 2.050000e+01 1.600000e+01
      vertex   0.000000e+00 6.887482e+00 5.000000e+00
      vertex   0.000000e+00 2.411252e+01 5.000000e+00
    endloop
  endfacet
  facet normal 1.000000e+00 -0.000000e+00 0.000000e+00
    outer loop
      vertex   0.000000e+00 2.050000e+01 1.600000e+01
      vertex   0.000000e+00 2.411252e+01 5.000000e+00
      vertex   0.000000e+00 2.075882e+01 1.603407e+01
    endloop
  endfacet
  facet normal 1.000000e+00 -0.000000e+00 0.000000e+00
    outer loop
      vertex   0.000000e+00 2.075882e+01 1.603407e+01
      vertex   0.000000e+00 2.411252e+01 5.000000e+00
      vertex   0.000000e+00 2.100000e+01 1.613397e+01
    endloop
  endfacet
  facet normal 1.000000e+00 0.000000e+00 0.000000e+00
    outer loop
      vertex   0.000000e+00 2.100000e+01 1.613397e+01
      vertex   0.000000e+00 2.411252e+01 5.000000e+00
      vertex   0.000000e+00 3.100000e+01 5.000000e+00
    endloop
  endfacet
  facet normal 1.000000e+00 -0.000000e+00 0.000000e+00
    outer loop
      vertex   0.000000e+00 2.100000e+01 1.613397e+01
      vertex   0.000000e+00 3.100000e+01 5.000000e+00
      vertex   0.000000e+00 2.120711e+01 1.629289e+01
    endloop
  endfacet
  facet normal 1.000000e+00 -0.000000e+00 0.000000e+00
    outer loop
      vertex   0.000000e+00 2.120711e+01 1.629289e+01
      vertex   0.000000e+00 3.100000e+01 5.000000e+00
      vertex   0.000000e+00 2.136603e+01 1.650000e+01
    endloop
  endfacet
  facet normal 1.000000e+00 -0.000000e+00 0.000000e+00
    outer loop
      vertex   0.000000e+00 2.136603e+01 1.650000e+01
      vertex   0.000000e+00 3.100000e+01 5.000000e+00
      vertex   0.000000e+00 3.100000e+01 2.200000e+01
    endloop
  endfacet
  facet normal 1.000000e+00 0.000000e+00 0.000000e+00
    outer loop
      vertex   0.000000e+00 2.136603e+01 1.650000e+01
      vertex   0.000000e+00 3.100000e+01 2.200000e+01
      vertex   0.000000e+00 2.146593e+01 1.674118e+01
    endloop
  endfacet
  facet normal 1.000000e+00 0.000000e+00 0.000000e+00
    outer loop
      vertex   0.000000e+00 2.146593e+01 1.674118e+01
      vertex   0.000000e+00 3.100000e+01 2.200000e+01
      vertex   0.000000e+00 2.150000e+01 1.700000e+01
    endloop
  endfacet
  facet normal 1.000000e+00 0.000000e+00 0.000000e+00
    outer loop
      vertex   0.000000e+00 2.150000e+01 1.700000e+01
      vertex   0.000000e+00 3.100000e+01 2.200000e+01
      vertex   0.000000e+00 2.150000e+01 2.100000e+01
    endloop
  endfacet
  facet normal 1.000000e+00 0.000000e+00 -0.000000e+00
    outer loop
      vertex   0.000000e+00 2.150000e+01 2.100000e+01
      vertex   0.000000e+00 3.100000e+01 2.200000e+01
      vertex   0.000000e+00 2.146593e+01 2.125882e+01
    endloop
  endfacet
  facet normal 1.000000e+00 0.000000e+00 -0.000000e+00
    outer loop
      vertex   0.000000e+00 2.146593e+01 2.125882e+01
      vertex   0.000000e+00 3.100000e+01 2.200000e+01
      vertex   0.000000e+00 2.136603e+01 2.150000e+01
    endloop
  endfacet
  facet normal 1.000000e+00 0.000000e+00 -0.000000e+00
    outer loop
      vertex   0.000000e+00 2.136603e+01 2.150000e+01
      vertex   0.000000e+00 3.100000e+01 2.200000e+01
      vertex   0.000000e+00 2.120711e+01 2.170711e+01
    endloop
  endfacet
  facet normal 1.000000e+00 0.000000e+00 -0.000000e+00
    outer loop
      vertex   0.000000e+00 2.120711e+01 2.170711e+01
      vertex   0.000000e+00 3.100000e+01 2.200000e+01
      vertex   0.000000e+00 2.100000e+01 2.186603e+01
    endloop
  endfacet
  facet normal 1.000000e+00 0.000000e+00 -0.000000e+00
    outer loop
      vertex   0.000000e+00 2.100000e+01 2.186603e+01
      vertex   0.000000e+00 3.100000e+01 2.200000e+01
      vertex   0.000000e+00 2.075882e+01 2.196593e+01
    endloop
  endfacet
  facet normal 1.000000e+00 0.000000e+00 -0.000000e+00
    outer loop
      vertex   0.000000e+00 2.075882e+01 2.196593e+01
      vertex   0.000000e+00 3.100000e+01 2.200000e+01
      vertex   0.000000e+00 2.050000e+01 2.200000e+01
    endloop
  endfacet
  facet normal 1.000000e+00 0.000000e+00 0.000000e+00
    outer loop
      vertex   0.000000e+00 6.887482e+00 2.000000e+00
      vertex   0.000000e+00 2.411252e+01 2.000000e+00
      vertex   0.000000e+00 6.887482e+00 5.000000e+00
    endloop
  endfacet
  facet normal 1.000000e+00 -0.000000e+00 0.000000e+00
    outer loop
      vertex   0.000000e+00 6.887482e+00 5.000000e+00
      vertex   0.000000e+00 2.411252e+01 2.000000e+00
      vertex   0.000000e+00 2.411252e+01 5.000000e+00
    endloop
  endfacet
  facet normal -1.000000e+00 -0.000000e+00 -3.526608e-07
    outer loop
      vertex   7.100000e+01 2.411252e+01 2.000000e+00
      vertex   7.100000e+01 6.887482e+00 2.000000e+00
      vertex   7.100000e+01 2.411252e+01 5.000000e+00
    endloop
  endfacet
  facet normal -1.000000e+00 -0.000000e+00 -3.526608e-07
    outer loop
      vertex   7.100000e+01 2.411252e+01 5.000000e+00
      vertex   7.100000e+01 6.887482e+00 2.000000e+00
      vertex   7.100000e+01 6.887482e+00 5.000000e+00
    endloop
  endfacet
  facet normal -1.000000e+00 0.000000e+00 0.000000e+00
    outer loop
      vertex   7.100000e+01 2.411252e+01 5.000000e+00
      vertex   7.100000e+01 6.887482e+00 5.000000e+00
      vertex   7.100000e+01 3.100000e+01 2.200000e+01
    endloop
  endfacet
  facet normal -1.000000e+00 -0.000000e+00 0.000000e+00
    outer loop
      vertex   7.100000e+01 3.100000e+01 2.200000e+01
      vertex   7.100000e+01 6.887482e+00 5.000000e+00
      vertex   7.100000e+01 0.000000e+00 2.200000e+01
    endloop
  endfacet
  facet normal -1.000000e+00 0.000000e+00 0.000000e+00
    outer loop
      vertex   7.100000e+01 0.000000e+00 2.200000e+01
      vertex   7.100000e+01 6.887482e+00 5.000000e+00
      vertex   7.100000e+01 0.000000e+00 5.000000e+00
    endloop
  endfacet
  facet normal -1.000000e+00 0.000000e+00 -0.000000e+00
    outer loop
      vertex   7.100000e+01 3.100000e+01 2.200000e+01
      vertex   7.100000e+01 3.100000e+01 5.000000e+00
      vertex   7.100000e+01 2.411252e+01 5.000000e+00
    endloop
  endfacet
  facet normal -0.000000e+00 0.000000e+00 1.000000e+00
    outer loop
      vertex   6.990059e+01 2.812471e+01 5.000000e+00
      vertex   7.080704e+01 2.484848e+01 5.000000e+00
      vertex   6.995000e+01 2.850000e+01 5.000000e+00
    endloop
  endfacet
  facet normal -0.000000e+00 0.000000e+00 1.000000e+00
    outer loop
      vertex   6.995000e+01 2.850000e+01 5.000000e+00
      vertex   7.080704e+01 2.484848e+01 5.000000e+00
      vertex   7.100000e+01 3.100000e+01 5.000000e+00
    endloop
  endfacet
  facet normal 0.000000e+00 -0.000000e+00 1.000000e+00
    outer loop
      vertex   6.995000e+01 2.850000e+01 5.000000e+00
      vertex   7.100000e+01 3.100000e+01 5.000000e+00
      vertex   6.990059e+01 2.887529e+01 5.000000e+00
    endloop
  endfacet
  facet normal 0.000000e+00 -0.000000e+00 1.000000e+00
    outer loop
      vertex   6.990059e+01 2.887529e+01 5.000000e+00
      vertex   7.100000e+01 3.100000e+01 5.000000e+00
      vertex   6.975574e+01 2.922500e+01 5.000000e+00
    endloop
  endfacet
  facet normal 0.000000e+00 -0.000000e+00 1.000000e+00
    outer loop
      vertex   6.975574e+01 2.922500e+01 5.000000e+00
      vertex   7.100000e+01 3.100000e+01 5.000000e+00
      vertex   6.952530e+01 2.952530e+01 5.000000e+00
    endloop
  endfacet
  facet normal 0.000000e+00 -0.000000e+00 1.000000e+00
    outer loop
      vertex   6.952530e+01 2.952530e+01 5.000000e+00
      vertex   7.100000e+01 3.100000e+01 5.000000e+00
      vertex   6.922500e+01 2.975574e+01 5.000000e+00
    endloop
  endfacet
  facet normal 0.000000e+00 -0.000000e+00 1.000000e+00
    outer loop
      vertex   6.922500e+01 2.975574e+01 5.000000e+00
      vertex   7.100000e+01 3.100000e+01 5.000000e+00
      vertex   6.887529e+01 2.990059e+01 5.000000e+00
    endloop
  endfacet
  facet normal 0.000000e+00 -0.000000e+00 1.000000e+00
    outer loop
      vertex   6.887529e+01 2.990059e+01 5.000000e+00
      vertex   7.100000e+01 3.100000e+01 5.000000e+00
      vertex   6.850000e+01 2.995000e+01 5.000000e+00
    endloop
  endfacet
  facet normal 0.000000e+00 -0.000000e+00 1.000000e+00
    outer loop
      vertex   6.850000e+01 2.995000e+01 5.000000e+00
      vertex   7.100000e+01 3.100000e+01 5.000000e+00
      vertex   6.484848e+01 3.080704e+01 5.000000e+00
    endloop
  endfacet
  facet normal 0.000000e+00 0.000000e+00 1.000000e+00
    outer loop
      vertex   6.850000e+01 2.995000e+01 5.000000e+00
      vertex   6.484848e+01 3.080704e+01 5.000000e+00
      vertex   6.812471e+01 2.990059e+01 5.000000e+00
    endloop
  endfacet
  facet normal 0.000000e+00 0.000000e+00 1.000000e+00
    outer loop
      vertex   6.812471e+01 2.990059e+01 5.000000e+00
      vertex   6.484848e+01 3.080704e+01 5.000000e+00
      vertex   6.515590e+01 3.057766e+01 5.000000e+00
    endloop
  endfacet
  facet normal 0.000000e+00 0.000000e+00 1.000000e+00
    outer loop
      vertex   6.812471e+01 2.990059e+01 5.000000e+00
      vertex   6.515590e+01 3.057766e+01 5.000000e+00
      vertex   6.777500e+01 2.975574e+01 5.000000e+00
    endloop
  endfacet
  facet normal 0.000000e+00 0.000000e+00 1.000000e+00
    outer loop
      vertex   6.777500e+01 2.975574e+01 5.000000e+00
      vertex   6.515590e+01 3.057766e+01 5.000000e+00
      vertex   6.539510e+01 3.027781e+01 5.000000e+00
    endloop
  endfacet
  facet normal 0.000000e+00 0.000000e+00 1.000000e+00
    outer loop
      vertex   6.777500e+01 2.975574e+01 5.000000e+00
      vertex   6.539510e+01 3.027781e+01 5.000000e+00
      vertex   6.747470e+01 2.952530e+01 5.000000e+00
    endloop
  endfacet
  facet normal 0.000000e+00 0.000000e+00 1.000000e+00
    outer loop
      vertex   6.747470e+01 2.952530e+01 5.000000e+00
      vertex   6.539510e+01 3.027781e+01 5.000000e+00
      vertex   6.555043e+01 2.992711e+01 5.000000e+00
    endloop
  endfacet
  facet normal 0.000000e+00 0.000000e+00 1.000000e+00
    outer loop
      vertex   6.747470e+01 2.952530e+01 5.000000e+00
      vertex   6.555043e+01 2.992711e+01 5.000000e+00
      vertex   6.724426e+01 2.922500e+01 5.000000e+00
    endloop
  endfacet
  facet normal 0.000000e+00 0.000000e+00 1.000000e+00
    outer loop
      vertex   6.724426e+01 2.922500e+01 5.000000e+00
      vertex   6.555043e+01 2.992711e+01 5.000000e+00
      vertex   6.561173e+01 2.954847e+01 5.000000e+00
    endloop
  endfacet
  facet normal 0.000000e+00 0.000000e+00 1.000000e+00
    outer loop
      vertex   6.724426e+01 2.922500e+01 5.000000e+00
      vertex   6.561173e+01 2.954847e+01 5.000000e+00
      vertex   6.709941e+01 2.887529e+01 5.000000e+00
    endloop
  endfacet
  facet normal 0.000000e+00 0.000000e+00 1.000000e+00
    outer loop
      vertex   6.709941e+01 2.887529e+01 5.000000e+00
      vertex   6.561173e+01 2.954847e+01 5.000000e+00
      vertex   6.557501e+01 2.916667e+01 5.000000e+00
    endloop
  endfacet
  facet normal 0.000000e+00 0.000000e+00 1.000000e+00
    outer loop
      vertex   6.709941e+01 2.887529e+01 5.000000e+00
      vertex   6.557501e+01 2.916667e+01 5.000000e+00
      vertex   6.550247e+01 2.862161e+01 5.000000e+00
    endloop
  endfacet
  facet normal 0.000000e+00 0.000000e+00 1.000000e+00
    outer loop
      vertex   7.080704e+01 2.484848e+01 5.000000e+00
      vertex   6.990059e+01 2.812471e+01 5.000000e+00
      vertex   7.057766e+01 2.515590e+01 5.000000e+00
    endloop
  endfacet
  facet normal 0.000000e+00 0.000000e+00 1.000000e+00
    outer loop
      vertex   7.057766e+01 2.515590e+01 5.000000e+00
      vertex   6.990059e+01 2.812471e+01 5.000000e+00
      vertex   6.975574e+01 2.777500e+01 5.000000e+00
    endloop
  endfacet
  facet normal 0.000000e+00 0.000000e+00 1.000000e+00
    outer loop
      vertex   7.057766e+01 2.515590e+01 5.000000e+00
      vertex   6.975574e+01 2.777500e+01 5.000000e+00
      vertex   7.027781e+01 2.539510e+01 5.000000e+00
    endloop
  endfacet
  facet normal 0.000000e+00 0.000000e+00 1.000000e+00
    outer loop
      vertex   7.027781e+01 2.539510e+01 5.000000e+00
      vertex   6.975574e+01 2.777500e+01 5.000000e+00
      vertex   6.952530e+01 2.747470e+01 5.000000e+00
    endloop
  endfacet
  facet normal 0.000000e+00 0.000000e+00 1.000000e+00
    outer loop
      vertex   7.027781e+01 2.539510e+01 5.000000e+00
      vertex   6.952530e+01 2.747470e+01 5.000000e+00
      vertex   6.992711e+01 2.555043e+01 5.000000e+00
    endloop
  endfacet
  facet normal 0.000000e+00 0.000000e+00 1.000000e+00
    outer loop
      vertex   6.992711e+01 2.555043e+01 5.000000e+00
      vertex   6.952530e+01 2.747470e+01 5.000000e+00
      vertex   6.922500e+01 2.724426e+01 5.000000e+00
    endloop
  endfacet
  facet normal 0.000000e+00 0.000000e+00 1.000000e+00
    outer loop
      vertex   6.992711e+01 2.555043e+01 5.000000e+00
      vertex   6.922500e+01 2.724426e+01 5.000000e+00
      vertex   6.954847e+01 2.561173e+01 5.000000e+00
    endloop
  endfacet
  facet normal 0.000000e+00 0.000000e+00 1.000000e+00
    outer loop
      vertex   6.954847e+01 2.561173e+01 5.000000e+00
      vertex   6.922500e+01 2.724426e+01 5.000000e+00
      vertex   6.887529e+01 2.709941e+01 5.000000e+00
    endloop
  endfacet
  facet normal 0.000000e+00 0.000000e+00 1.000000e+00
    outer loop
      vertex   6.954847e+01 2.561173e+01 5.000000e+00
      vertex   6.887529e+01 2.709941e+01 5.000000e+00
      vertex   6.916667e+01 2.557501e+01 5.000000e+00
    endloop
  endfacet
  facet normal 0.000000e+00 0.000000e+00 1.000000e+00
    outer loop
      vertex   6.916667e+01 2.557501e+01 5.000000e+00
      vertex   6.887529e+01 2.709941e+01 5.000000e+00
      vertex   6.862161e+01 2.550247e+01 5.000000e+00
    endloop
  endfacet
  facet normal 0.000000e+00 -0.000000e+00 1.000000e+00
    outer loop
      vertex   6.862161e+01 2.550247e+01 5.000000e+00
      vertex   6.887529e+01 2.709941e+01 5.000000e+00
      vertex   6.850000e+01 2.705000e+01 5.000000e+00
    endloop
  endfacet
  facet normal 0.000000e+00 0.000000e+00 1.000000e+00
    outer loop
      vertex   6.862161e+01 2.550247e+01 5.000000e+00
      vertex   6.850000e+01 2.705000e+01 5.000000e+00
      vertex   6.807248e+01 2.553062e+01 5.000000e+00
    endloop
  endfacet
  facet normal 0.000000e+00 0.000000e+00 1.000000e+00
    outer loop
      vertex   6.807248e+01 2.553062e+01 5.000000e+00
      vertex   6.850000e+01 2.705000e+01 5.000000e+00
      vertex   6.812471e+01 2.709941e+01 5.000000e+00
    endloop
  endfacet
  facet normal 0.000000e+00 -0.000000e+00 1.000000e+00
    outer loop
      vertex   6.807248e+01 2.553062e+01 5.000000e+00
      vertex   6.812471e+01 2.709941e+01 5.000000e+00
      vertex   6.753770e+01 2.565852e+01 5.000000e+00
    endloop
  endfacet
  facet normal 0.000000e+00 0.000000e+00 1.000000e+00
    outer loop
      vertex   6.753770e+01 2.565852e+01 5.000000e+00
      vertex   6.812471e+01 2.709941e+01 5.000000e+00
      vertex   6.777500e+01 2.724426e+01 5.000000e+00
    endloop
  endfacet
  facet normal 0.000000e+00 -0.000000e+00 1.000000e+00
    outer loop
      vertex   6.753770e+01 2.565852e+01 5.000000e+00
      vertex   6.777500e+01 2.724426e+01 5.000000e+00
      vertex   6.703525e+01 2.588189e+01 5.000000e+00
    endloop
  endfacet
  facet normal 0.000000e+00 -0.000000e+00 1.000000e+00
    outer loop
      vertex   6.703525e+01 2.588189e+01 5.000000e+00
      vertex   6.777500e+01 2.724426e+01 5.000000e+00
      vertex   6.658201e+01 2.619320e+01 5.000000e+00
    endloop
  endfacet
  facet normal 0.000000e+00 0.000000e+00 1.000000e+00
    outer loop
      vertex   6.658201e+01 2.619320e+01 5.000000e+00
      vertex   6.777500e+01 2.724426e+01 5.000000e+00
      vertex   6.747470e+01 2.747470e+01 5.000000e+00
    endloop
  endfacet
  facet normal 0.000000e+00 -0.000000e+00 1.000000e+00
    outer loop
      vertex   6.658201e+01 2.619320e+01 5.000000e+00
      vertex   6.747470e+01 2.747470e+01 5.000000e+00
      vertex   6.619320e+01 2.658201e+01 5.000000e+00
    endloop
  endfacet
  facet normal 0.000000e+00 0.000000e+00 1.000000e+00
    outer loop
      vertex   6.619320e+01 2.658201e+01 5.000000e+00
      vertex   6.747470e+01 2.747470e+01 5.000000e+00
      vertex   6.724426e+01 2.777500e+01 5.000000e+00
    endloop
  endfacet
  facet normal 0.000000e+00 -0.000000e+00 1.000000e+00
    outer loop
      vertex   6.619320e+01 2.658201e+01 5.000000e+00
      vertex   6.724426e+01 2.777500e+01 5.000000e+00
      vertex   6.588189e+01 2.703525e+01 5.000000e+00
    endloop
  endfacet
  facet normal 0.000000e+00 -0.000000e+00 1.000000e+00
    outer loop
      vertex   6.588189e+01 2.703525e+01 5.000000e+00
      vertex   6.724426e+01 2.777500e+01 5.000000e+00
      vertex   6.565852e+01 2.753770e+01 5.000000e+00
    endloop
  endfacet
  facet normal 0.000000e+00 0.000000e+00 1.000000e+00
    outer loop
      vertex   6.565852e+01 2.753770e+01 5.000000e+00
      vertex   6.724426e+01 2.777500e+01 5.000000e+00
      vertex   6.709941e+01 2.812471e+01 5.000000e+00
    endloop
  endfacet
  facet normal 0.000000e+00 -0.000000e+00 1.000000e+00
    outer loop
      vertex   6.565852e+01 2.753770e+01 5.000000e+00
      vertex   6.709941e+01 2.812471e+01 5.000000e+00
      vertex   6.553062e+01 2.807248e+01 5.000000e+00
    endloop
  endfacet
  facet normal 0.000000e+00 0.000000e+00 1.000000e+00
    outer loop
      vertex   6.553062e+01 2.807248e+01 5.000000e+00
      vertex   6.709941e+01 2.812471e+01 5.000000e+00
      vertex   6.705000e+01 2.850000e+01 5.000000e+00
    endloop
  endfacet
  facet normal 0.000000e+00 -0.000000e+00 1.000000e+00
    outer loop
      vertex   6.553062e+01 2.807248e+01 5.000000e+00
      vertex   6.705000e+01 2.850000e+01 5.000000e+00
      vertex   6.550247e+01 2.862161e+01 5.000000e+00
    endloop
  endfacet
  facet normal -0.000000e+00 0.000000e+00 1.000000e+00
    outer loop
      vertex   6.550247e+01 2.862161e+01 5.000000e+00
      vertex   6.705000e+01 2.850000e+01 5.000000e+00
      vertex   6.709941e+01 2.887529e+01 5.000000e+00
    endloop
  endfacet
  facet normal -0.000000e+00 0.000000e+00 1.000000e+00
    outer loop
      vertex   6.411252e+01 3.100000e+01 5.000000e+00
      vertex   6.449294e+01 3.095096e+01 5.000000e+00
      vertex   7.100000e+01 3.100000e+01 5.000000e+00
    endloop
  endfacet
  facet normal 0.000000e+00 0.000000e+00 1.000000e+00
    outer loop
      vertex   7.100000e+01 3.100000e+01 5.000000e+00
      vertex   6.449294e+01 3.095096e+01 5.000000e+00
      vertex   6.484848e+01 3.080704e+01 5.000000e+00
    endloop
  endfacet
  facet normal -0.000000e+00 0.000000e+00 1.000000e+00
    outer loop
      vertex   7.080704e+01 2.484848e+01 5.000000e+00
      vertex   7.095096e+01 2.449294e+01 5.000000e+00
      vertex   7.100000e+01 3.100000e+01 5.000000e+00
    endloop
  endfacet
  facet normal 0.000000e+00 0.000000e+00 1.000000e+00
    outer loop
      vertex   7.100000e+01 3.100000e+01 5.000000e+00
      vertex   7.095096e+01 2.449294e+01 5.000000e+00
      vertex   7.100000e+01 2.411252e+01 5.000000e+00
    endloop
  endfacet
  facet normal -0.000000e+00 0.000000e+00 1.000000e+00
    outer loop
      vertex   6.990059e+01 2.124712e+00 5.000000e+00
      vertex   7.100000e+01 0.000000e+00 5.000000e+00
      vertex   6.995000e+01 2.500000e+00 5.000000e+00
    endloop
  endfacet
  facet normal -0.000000e+00 0.000000e+00 1.000000e+00
    outer loop
      vertex   6.995000e+01 2.500000e+00 5.000000e+00
      vertex   7.100000e+01 0.000000e+00 5.000000e+00
      vertex   7.080704e+01 6.151520e+00 5.000000e+00
    endloop
  endfacet
  facet normal 0.000000e+00 -0.000000e+00 1.000000e+00
    outer loop
      vertex   6.995000e+01 2.500000e+00 5.000000e+00
      vertex   7.080704e+01 6.151520e+00 5.000000e+00
      vertex   6.990059e+01 2.875288e+00 5.000000e+00
    endloop
  endfacet
  facet normal 0.000000e+00 0.000000e+00 1.000000e+00
    outer loop
      vertex   6.990059e+01 2.875288e+00 5.000000e+00
      vertex   7.080704e+01 6.151520e+00 5.000000e+00
      vertex   7.057766e+01 5.844100e+00 5.000000e+00
    endloop
  endfacet
  facet normal 0.000000e+00 -0.000000e+00 1.000000e+00
    outer loop
      vertex   6.990059e+01 2.875288e+00 5.000000e+00
      vertex   7.057766e+01 5.844100e+00 5.000000e+00
      vertex   6.975574e+01 3.225000e+00 5.000000e+00
    endloop
  endfacet
  facet normal 0.000000e+00 0.000000e+00 1.000000e+00
    outer loop
      vertex   6.975574e+01 3.225000e+00 5.000000e+00
      vertex   7.057766e+01 5.844100e+00 5.000000e+00
      vertex   7.027781e+01 5.604904e+00 5.000000e+00
    endloop
  endfacet
  facet normal 0.000000e+00 -0.000000e+00 1.000000e+00
    outer loop
      vertex   6.975574e+01 3.225000e+00 5.000000e+00
      vertex   7.027781e+01 5.604904e+00 5.000000e+00
      vertex   6.952530e+01 3.525305e+00 5.000000e+00
    endloop
  endfacet
  facet normal 0.000000e+00 0.000000e+00 1.000000e+00
    outer loop
      vertex   6.952530e+01 3.525305e+00 5.000000e+00
      vertex   7.027781e+01 5.604904e+00 5.000000e+00
      vertex   6.992711e+01 5.449574e+00 5.000000e+00
    endloop
  endfacet
  facet normal 0.000000e+00 -0.000000e+00 1.000000e+00
    outer loop
      vertex   6.952530e+01 3.525305e+00 5.000000e+00
      vertex   6.992711e+01 5.449574e+00 5.000000e+00
      vertex   6.922500e+01 3.755737e+00 5.000000e+00
    endloop
  endfacet
  facet normal 0.000000e+00 0.000000e+00 1.000000e+00
    outer loop
      vertex   6.922500e+01 3.755737e+00 5.000000e+00
      vertex   6.992711e+01 5.449574e+00 5.000000e+00
      vertex   6.954847e+01 5.388266e+00 5.000000e+00
    endloop
  endfacet
  facet normal 0.000000e+00 -0.000000e+00 1.000000e+00
    outer loop
      vertex   6.922500e+01 3.755737e+00 5.000000e+00
      vertex   6.954847e+01 5.388266e+00 5.000000e+00
      vertex   6.887529e+01 3.900592e+00 5.000000e+00
    endloop
  endfacet
  facet normal 0.000000e+00 0.000000e+00 1.000000e+00
    outer loop
      vertex   6.887529e+01 3.900592e+00 5.000000e+00
      vertex   6.954847e+01 5.388266e+00 5.000000e+00
      vertex   6.916667e+01 5.424988e+00 5.000000e+00
    endloop
  endfacet
  facet normal 0.000000e+00 -0.000000e+00 1.000000e+00
    outer loop
      vertex   6.887529e+01 3.900592e+00 5.000000e+00
      vertex   6.916667e+01 5.424988e+00 5.000000e+00
      vertex   6.862161e+01 5.497534e+00 5.000000e+00
    endloop
  endfacet
  facet normal 0.000000e+00 0.000000e+00 1.000000e+00
    outer loop
      vertex   6.990059e+01 2.124712e+00 5.000000e+00
      vertex   6.975574e+01 1.775000e+00 5.000000e+00
      vertex   7.100000e+01 0.000000e+00 5.000000e+00
    endloop
  endfacet
  facet normal 0.000000e+00 0.000000e+00 1.000000e+00
    outer loop
      vertex   7.100000e+01 0.000000e+00 5.000000e+00
      vertex   6.975574e+01 1.775000e+00 5.000000e+00
      vertex   6.952530e+01 1.474695e+00 5.000000e+00
    endloop
  endfacet
  facet normal 0.000000e+00 0.000000e+00 1.000000e+00
    outer loop
      vertex   7.100000e+01 0.000000e+00 5.000000e+00
      vertex   6.952530e+01 1.474695e+00 5.000000e+00
      vertex   6.922500e+01 1.244263e+00 5.000000e+00
    endloop
  endfacet
  facet normal 0.000000e+00 0.000000e+00 1.000000e+00
    outer loop
      vertex   6.922500e+01 1.244263e+00 5.000000e+00
      vertex   6.887529e+01 1.099408e+00 5.000000e+00
      vertex   7.100000e+01 0.000000e+00 5.000000e+00
    endloop
  endfacet
  facet normal 0.000000e+00 0.000000e+00 1.000000e+00
    outer loop
      vertex   7.100000e+01 0.000000e+00 5.000000e+00
      vertex   6.887529e+01 1.099408e+00 5.000000e+00
      vertex   6.850000e+01 1.050000e+00 5.000000e+00
    endloop
  endfacet
  facet normal 0.000000e+00 0.000000e+00 1.000000e+00
    outer loop
      vertex   7.100000e+01 0.000000e+00 5.000000e+00
      vertex   6.850000e+01 1.050000e+00 5.000000e+00
      vertex   6.484848e+01 1.929575e-01 5.000000e+00
    endloop
  endfacet
  facet normal 0.000000e+00 0.000000e+00 1.000000e+00
    outer loop
      vertex   6.484848e+01 1.929575e-01 5.000000e+00
      vertex   6.850000e+01 1.050000e+00 5.000000e+00
      vertex   6.812471e+01 1.099408e+00 5.000000e+00
    endloop
  endfacet
  facet normal 0.000000e+00 0.000000e+00 1.000000e+00
    outer loop
      vertex   6.484848e+01 1.929575e-01 5.000000e+00
      vertex   6.812471e+01 1.099408e+00 5.000000e+00
      vertex   6.515590e+01 4.223390e-01 5.000000e+00
    endloop
  endfacet
  facet normal 0.000000e+00 0.000000e+00 1.000000e+00
    outer loop
      vertex   6.515590e+01 4.223390e-01 5.000000e+00
      vertex   6.812471e+01 1.099408e+00 5.000000e+00
      vertex   6.777500e+01 1.244263e+00 5.000000e+00
    endloop
  endfacet
  facet normal 0.000000e+00 0.000000e+00 1.000000e+00
    outer loop
      vertex   6.515590e+01 4.223390e-01 5.000000e+00
      vertex   6.777500e+01 1.244263e+00 5.000000e+00
      vertex   6.539510e+01 7.221866e-01 5.000000e+00
    endloop
  endfacet
  facet normal 0.000000e+00 0.000000e+00 1.000000e+00
    outer loop
      vertex   6.539510e+01 7.221866e-01 5.000000e+00
      vertex   6.777500e+01 1.244263e+00 5.000000e+00
      vertex   6.747470e+01 1.474695e+00 5.000000e+00
    endloop
  endfacet
  facet normal 0.000000e+00 0.000000e+00 1.000000e+00
    outer loop
      vertex   6.539510e+01 7.221866e-01 5.000000e+00
      vertex   6.747470e+01 1.474695e+00 5.000000e+00
      vertex   6.555043e+01 1.072894e+00 5.000000e+00
    endloop
  endfacet
  facet normal 0.000000e+00 0.000000e+00 1.000000e+00
    outer loop
      vertex   6.555043e+01 1.072894e+00 5.000000e+00
      vertex   6.747470e+01 1.474695e+00 5.000000e+00
      vertex   6.724426e+01 1.775000e+00 5.000000e+00
    endloop
  endfacet
  facet normal 0.000000e+00 0.000000e+00 1.000000e+00
    outer loop
      vertex   6.555043e+01 1.072894e+00 5.000000e+00
      vertex   6.724426e+01 1.775000e+00 5.000000e+00
      vertex   6.561173e+01 1.451529e+00 5.000000e+00
    endloop
  endfacet
  facet normal 0.000000e+00 0.000000e+00 1.000000e+00
    outer loop
      vertex   6.561173e+01 1.451529e+00 5.000000e+00
      vertex   6.724426e+01 1.775000e+00 5.000000e+00
      vertex   6.709941e+01 2.124712e+00 5.000000e+00
    endloop
  endfacet
  facet normal 0.000000e+00 -0.000000e+00 1.000000e+00
    outer loop
      vertex   6.561173e+01 1.451529e+00 5.000000e+00
      vertex   6.709941e+01 2.124712e+00 5.000000e+00
      vertex   6.557501e+01 1.833333e+00 5.000000e+00
    endloop
  endfacet
  facet normal 0.000000e+00 -0.000000e+00 1.000000e+00
    outer loop
      vertex   6.557501e+01 1.833333e+00 5.000000e+00
      vertex   6.709941e+01 2.124712e+00 5.000000e+00
      vertex   6.550247e+01 2.378386e+00 5.000000e+00
    endloop
  endfacet
  facet normal -0.000000e+00 0.000000e+00 1.000000e+00
    outer loop
      vertex   6.550247e+01 2.378386e+00 5.000000e+00
      vertex   6.709941e+01 2.124712e+00 5.000000e+00
      vertex   6.705000e+01 2.500000e+00 5.000000e+00
    endloop
  endfacet
  facet normal 0.000000e+00 0.000000e+00 1.000000e+00
    outer loop
      vertex   6.550247e+01 2.378386e+00 5.000000e+00
      vertex   6.705000e+01 2.500000e+00 5.000000e+00
      vertex   6.553062e+01 2.927523e+00 5.000000e+00
    endloop
  endfacet
  facet normal 0.000000e+00 0.000000e+00 1.000000e+00
    outer loop
      vertex   6.553062e+01 2.927523e+00 5.000000e+00
      vertex   6.705000e+01 2.500000e+00 5.000000e+00
      vertex   6.709941e+01 2.875288e+00 5.000000e+00
    endloop
  endfacet
  facet normal -0.000000e+00 0.000000e+00 1.000000e+00
    outer loop
      vertex   6.553062e+01 2.927523e+00 5.000000e+00
      vertex   6.709941e+01 2.875288e+00 5.000000e+00
      vertex   6.565852e+01 3.462299e+00 5.000000e+00
    endloop
  endfacet
  facet normal 0.000000e+00 0.000000e+00 1.000000e+00
    outer loop
      vertex   6.565852e+01 3.462299e+00 5.000000e+00
      vertex   6.709941e+01 2.875288e+00 5.000000e+00
      vertex   6.724426e+01 3.225000e+00 5.000000e+00
    endloop
  endfacet
  facet normal -0.000000e+00 0.000000e+00 1.000000e+00
    outer loop
      vertex   6.565852e+01 3.462299e+00 5.000000e+00
      vertex   6.724426e+01 3.225000e+00 5.000000e+00
      vertex   6.588189e+01 3.964747e+00 5.000000e+00
    endloop
  endfacet
  facet normal -0.000000e+00 0.000000e+00 1.000000e+00
    outer loop
      vertex   6.588189e+01 3.964747e+00 5.000000e+00
      vertex   6.724426e+01 3.225000e+00 5.000000e+00
      vertex   6.619320e+01 4.417989e+00 5.000000e+00
    endloop
  endfacet
  facet normal 0.000000e+00 0.000000e+00 1.000000e+00
    outer loop
      vertex   6.619320e+01 4.417989e+00 5.000000e+00
      vertex   6.724426e+01 3.225000e+00 5.000000e+00
      vertex   6.747470e+01 3.525305e+00 5.000000e+00
    endloop
  endfacet
  facet normal -0.000000e+00 0.000000e+00 1.000000e+00
    outer loop
      vertex   6.619320e+01 4.417989e+00 5.000000e+00
      vertex   6.747470e+01 3.525305e+00 5.000000e+00
      vertex   6.658201e+01 4.806798e+00 5.000000e+00
    endloop
  endfacet
  facet normal 0.000000e+00 0.000000e+00 1.000000e+00
    outer loop
      vertex   6.658201e+01 4.806798e+00 5.000000e+00
      vertex   6.747470e+01 3.525305e+00 5.000000e+00
      vertex   6.777500e+01 3.755737e+00 5.000000e+00
    endloop
  endfacet
  facet normal -0.000000e+00 0.000000e+00 1.000000e+00
    outer loop
      vertex   6.658201e+01 4.806798e+00 5.000000e+00
      vertex   6.777500e+01 3.755737e+00 5.000000e+00
      vertex   6.703525e+01 5.118113e+00 5.000000e+00
    endloop
  endfacet
  facet normal -0.000000e+00 0.000000e+00 1.000000e+00
    outer loop
      vertex   6.703525e+01 5.118113e+00 5.000000e+00
      vertex   6.777500e+01 3.755737e+00 5.000000e+00
      vertex   6.753770e+01 5.341475e+00 5.000000e+00
    endloop
  endfacet
  facet normal 0.000000e+00 0.000000e+00 1.000000e+00
    outer loop
      vertex   6.753770e+01 5.341475e+00 5.000000e+00
      vertex   6.777500e+01 3.755737e+00 5.000000e+00
      vertex   6.812471e+01 3.900592e+00 5.000000e+00
    endloop
  endfacet
  facet normal -0.000000e+00 0.000000e+00 1.000000e+00
    outer loop
      vertex   6.753770e+01 5.341475e+00 5.000000e+00
      vertex   6.812471e+01 3.900592e+00 5.000000e+00
      vertex   6.807248e+01 5.469381e+00 5.000000e+00
    endloop
  endfacet
  facet normal 0.000000e+00 0.000000e+00 1.000000e+00
    outer loop
      vertex   6.807248e+01 5.469381e+00 5.000000e+00
      vertex   6.812471e+01 3.900592e+00 5.000000e+00
      vertex   6.850000e+01 3.950000e+00 5.000000e+00
    endloop
  endfacet
  facet normal -0.000000e+00 0.000000e+00 1.000000e+00
    outer loop
      vertex   6.807248e+01 5.469381e+00 5.000000e+00
      vertex   6.850000e+01 3.950000e+00 5.000000e+00
      vertex   6.862161e+01 5.497534e+00 5.000000e+00
    endloop
  endfacet
  facet normal 0.000000e+00 0.000000e+00 1.000000e+00
    outer loop
      vertex   6.862161e+01 5.497534e+00 5.000000e+00
      vertex   6.850000e+01 3.950000e+00 5.000000e+00
      vertex   6.887529e+01 3.900592e+00 5.000000e+00
    endloop
  endfacet
  facet normal 0.000000e+00 0.000000e+00 1.000000e+00
    outer loop
      vertex   6.411252e+01 0.000000e+00 5.000000e+00
      vertex   7.100000e+01 0.000000e+00 5.000000e+00
      vertex   6.449294e+01 4.904105e-02 5.000000e+00
    endloop
  endfacet
  facet normal -0.000000e+00 0.000000e+00 1.000000e+00
    outer loop
      vertex   6.449294e+01 4.904105e-02 5.000000e+00
      vertex   7.100000e+01 0.000000e+00 5.000000e+00
      vertex   6.484848e+01 1.929575e-01 5.000000e+00
    endloop
  endfacet
  facet normal 0.000000e+00 0.000000e+00 1.000000e+00
    outer loop
      vertex   7.100000e+01 6.887482e+00 5.000000e+00
      vertex   7.095096e+01 6.507064e+00 5.000000e+00
      vertex   7.100000e+01 0.000000e+00 5.000000e+00
    endloop
  endfacet
  facet normal 0.000000e+00 0.000000e+00 1.000000e+00
    outer loop
      vertex   7.100000e+01 0.000000e+00 5.000000e+00
      vertex   7.095096e+01 6.507064e+00 5.000000e+00
      vertex   7.080704e+01 6.151520e+00 5.000000e+00
    endloop
  endfacet
  facet normal 0.000000e+00 0.000000e+00 1.000000e+00
    outer loop
      vertex   3.900592e+00 2.124712e+00 5.000000e+00
      vertex   5.497534e+00 2.378386e+00 5.000000e+00
      vertex   3.950000e+00 2.500000e+00 5.000000e+00
    endloop
  endfacet
  facet normal -0.000000e+00 0.000000e+00 1.000000e+00
    outer loop
      vertex   3.950000e+00 2.500000e+00 5.000000e+00
      vertex   5.497534e+00 2.378386e+00 5.000000e+00
      vertex   5.469381e+00 2.927523e+00 5.000000e+00
    endloop
  endfacet
  facet normal 0.000000e+00 -0.000000e+00 1.000000e+00
    outer loop
      vertex   3.950000e+00 2.500000e+00 5.000000e+00
      vertex   5.469381e+00 2.927523e+00 5.000000e+00
      vertex   3.900592e+00 2.875288e+00 5.000000e+00
    endloop
  endfacet
  facet normal 0.000000e+00 0.000000e+00 1.000000e+00
    outer loop
      vertex   3.900592e+00 2.875288e+00 5.000000e+00
      vertex   5.469381e+00 2.927523e+00 5.000000e+00
      vertex   5.341475e+00 3.462299e+00 5.000000e+00
    endloop
  endfacet
  facet normal 0.000000e+00 -0.000000e+00 1.000000e+00
    outer loop
      vertex   3.900592e+00 2.875288e+00 5.000000e+00
      vertex   5.341475e+00 3.462299e+00 5.000000e+00
      vertex   3.755737e+00 3.225000e+00 5.000000e+00
    endloop
  endfacet
  facet normal 0.000000e+00 0.000000e+00 1.000000e+00
    outer loop
      vertex   3.755737e+00 3.225000e+00 5.000000e+00
      vertex   5.341475e+00 3.462299e+00 5.000000e+00
      vertex   5.118113e+00 3.964747e+00 5.000000e+00
    endloop
  endfacet
  facet normal 0.000000e+00 0.000000e+00 1.000000e+00
    outer loop
      vertex   3.755737e+00 3.225000e+00 5.000000e+00
      vertex   5.118113e+00 3.964747e+00 5.000000e+00
      vertex   4.806798e+00 4.417989e+00 5.000000e+00
    endloop
  endfacet
  facet normal -0.000000e+00 0.000000e+00 1.000000e+00
    outer loop
      vertex   3.755737e+00 1.775000e+00 5.000000e+00
      vertex   5.388266e+00 1.451529e+00 5.000000e+00
      vertex   3.900592e+00 2.124712e+00 5.000000e+00
    endloop
  endfacet
  facet normal 0.000000e+00 0.000000e+00 1.000000e+00
    outer loop
      vertex   3.900592e+00 2.124712e+00 5.000000e+00
      vertex   5.388266e+00 1.451529e+00 5.000000e+00
      vertex   5.424988e+00 1.833333e+00 5.000000e+00
    endloop
  endfacet
  facet normal -0.000000e+00 0.000000e+00 1.000000e+00
    outer loop
      vertex   3.900592e+00 2.124712e+00 5.000000e+00
      vertex   5.424988e+00 1.833333e+00 5.000000e+00
      vertex   5.497534e+00 2.378386e+00 5.000000e+00
    endloop
  endfacet
  facet normal 0.000000e+00 0.000000e+00 1.000000e+00
    outer loop
      vertex   5.388266e+00 1.451529e+00 5.000000e+00
      vertex   3.755737e+00 1.775000e+00 5.000000e+00
      vertex   5.449574e+00 1.072894e+00 5.000000e+00
    endloop
  endfacet
  facet normal 0.000000e+00 0.000000e+00 1.000000e+00
    outer loop
      vertex   5.449574e+00 1.072894e+00 5.000000e+00
      vertex   3.755737e+00 1.775000e+00 5.000000e+00
      vertex   3.525305e+00 1.474695e+00 5.000000e+00
    endloop
  endfacet
  facet normal 0.000000e+00 0.000000e+00 1.000000e+00
    outer loop
      vertex   5.449574e+00 1.072894e+00 5.000000e+00
      vertex   3.525305e+00 1.474695e+00 5.000000e+00
      vertex   5.604904e+00 7.221866e-01 5.000000e+00
    endloop
  endfacet
  facet normal 0.000000e+00 0.000000e+00 1.000000e+00
    outer loop
      vertex   5.604904e+00 7.221866e-01 5.000000e+00
      vertex   3.525305e+00 1.474695e+00 5.000000e+00
      vertex   3.225000e+00 1.244263e+00 5.000000e+00
    endloop
  endfacet
  facet normal 0.000000e+00 0.000000e+00 1.000000e+00
    outer loop
      vertex   5.604904e+00 7.221866e-01 5.000000e+00
      vertex   3.225000e+00 1.244263e+00 5.000000e+00
      vertex   5.844100e+00 4.223390e-01 5.000000e+00
    endloop
  endfacet
  facet normal 0.000000e+00 0.000000e+00 1.000000e+00
    outer loop
      vertex   5.844100e+00 4.223390e-01 5.000000e+00
      vertex   3.225000e+00 1.244263e+00 5.000000e+00
      vertex   2.875288e+00 1.099408e+00 5.000000e+00
    endloop
  endfacet
  facet normal 0.000000e+00 0.000000e+00 1.000000e+00
    outer loop
      vertex   5.844100e+00 4.223390e-01 5.000000e+00
      vertex   2.875288e+00 1.099408e+00 5.000000e+00
      vertex   6.151520e+00 1.929575e-01 5.000000e+00
    endloop
  endfacet
  facet normal 0.000000e+00 0.000000e+00 1.000000e+00
    outer loop
      vertex   6.151520e+00 1.929575e-01 5.000000e+00
      vertex   2.875288e+00 1.099408e+00 5.000000e+00
      vertex   2.500000e+00 1.050000e+00 5.000000e+00
    endloop
  endfacet
  facet normal 0.000000e+00 0.000000e+00 1.000000e+00
    outer loop
      vertex   6.151520e+00 1.929575e-01 5.000000e+00
      vertex   2.500000e+00 1.050000e+00 5.000000e+00
      vertex   0.000000e+00 0.000000e+00 5.000000e+00
    endloop
  endfacet
  facet normal 0.000000e+00 0.000000e+00 1.000000e+00
    outer loop
      vertex   0.000000e+00 0.000000e+00 5.000000e+00
      vertex   2.500000e+00 1.050000e+00 5.000000e+00
      vertex   2.124712e+00 1.099408e+00 5.000000e+00
    endloop
  endfacet
  facet normal 0.000000e+00 0.000000e+00 1.000000e+00
    outer loop
      vertex   0.000000e+00 0.000000e+00 5.000000e+00
      vertex   2.124712e+00 1.099408e+00 5.000000e+00
      vertex   1.775000e+00 1.244263e+00 5.000000e+00
    endloop
  endfacet
  facet normal 0.000000e+00 0.000000e+00 1.000000e+00
    outer loop
      vertex   1.775000e+00 1.244263e+00 5.000000e+00
      vertex   1.474695e+00 1.474695e+00 5.000000e+00
      vertex   0.000000e+00 0.000000e+00 5.000000e+00
    endloop
  endfacet
  facet normal 0.000000e+00 0.000000e+00 1.000000e+00
    outer loop
      vertex   0.000000e+00 0.000000e+00 5.000000e+00
      vertex   1.474695e+00 1.474695e+00 5.000000e+00
      vertex   1.244263e+00 1.775000e+00 5.000000e+00
    endloop
  endfacet
  facet normal 0.000000e+00 0.000000e+00 1.000000e+00
    outer loop
      vertex   0.000000e+00 0.000000e+00 5.000000e+00
      vertex   1.244263e+00 1.775000e+00 5.000000e+00
      vertex   1.099408e+00 2.124712e+00 5.000000e+00
    endloop
  endfacet
  facet normal 0.000000e+00 0.000000e+00 1.000000e+00
    outer loop
      vertex   1.099408e+00 2.124712e+00 5.000000e+00
      vertex   1.050000e+00 2.500000e+00 5.000000e+00
      vertex   0.000000e+00 0.000000e+00 5.000000e+00
    endloop
  endfacet
  facet normal 0.000000e+00 0.000000e+00 1.000000e+00
    outer loop
      vertex   0.000000e+00 0.000000e+00 5.000000e+00
      vertex   1.050000e+00 2.500000e+00 5.000000e+00
      vertex   1.929575e-01 6.151520e+00 5.000000e+00
    endloop
  endfacet
  facet normal 0.000000e+00 0.000000e+00 1.000000e+00
    outer loop
      vertex   0.000000e+00 0.000000e+00 5.000000e+00
      vertex   1.929575e-01 6.151520e+00 5.000000e+00
      vertex   4.904105e-02 6.507064e+00 5.000000e+00
    endloop
  endfacet
  facet normal 0.000000e+00 -0.000000e+00 1.000000e+00
    outer loop
      vertex   1.050000e+00 2.500000e+00 5.000000e+00
      vertex   1.099408e+00 2.875288e+00 5.000000e+00
      vertex   1.929575e-01 6.151520e+00 5.000000e+00
    endloop
  endfacet
  facet normal 0.000000e+00 0.000000e+00 1.000000e+00
    outer loop
      vertex   1.929575e-01 6.151520e+00 5.000000e+00
      vertex   1.099408e+00 2.875288e+00 5.000000e+00
      vertex   4.223390e-01 5.844100e+00 5.000000e+00
    endloop
  endfacet
  facet normal 0.000000e+00 0.000000e+00 1.000000e+00
    outer loop
      vertex   4.223390e-01 5.844100e+00 5.000000e+00
      vertex   1.099408e+00 2.875288e+00 5.000000e+00
      vertex   1.244263e+00 3.225000e+00 5.000000e+00
    endloop
  endfacet
  facet normal 0.000000e+00 0.000000e+00 1.000000e+00
    outer loop
      vertex   4.223390e-01 5.844100e+00 5.000000e+00
      vertex   1.244263e+00 3.225000e+00 5.000000e+00
      vertex   7.221866e-01 5.604904e+00 5.000000e+00
    endloop
  endfacet
  facet normal 0.000000e+00 0.000000e+00 1.000000e+00
    outer loop
      vertex   7.221866e-01 5.604904e+00 5.000000e+00
      vertex   1.244263e+00 3.225000e+00 5.000000e+00
      vertex   1.474695e+00 3.525305e+00 5.000000e+00
    endloop
  endfacet
  facet normal 0.000000e+00 0.000000e+00 1.000000e+00
    outer loop
      vertex   7.221866e-01 5.604904e+00 5.000000e+00
      vertex   1.474695e+00 3.525305e+00 5.000000e+00
      vertex   1.072894e+00 5.449574e+00 5.000000e+00
    endloop
  endfacet
  facet normal 0.000000e+00 0.000000e+00 1.000000e+00
    outer loop
      vertex   1.072894e+00 5.449574e+00 5.000000e+00
      vertex   1.474695e+00 3.525305e+00 5.000000e+00
      vertex   1.775000e+00 3.755737e+00 5.000000e+00
    endloop
  endfacet
  facet normal 0.000000e+00 0.000000e+00 1.000000e+00
    outer loop
      vertex   1.072894e+00 5.449574e+00 5.000000e+00
      vertex   1.775000e+00 3.755737e+00 5.000000e+00
      vertex   1.451529e+00 5.388266e+00 5.000000e+00
    endloop
  endfacet
  facet normal 0.000000e+00 0.000000e+00 1.000000e+00
    outer loop
      vertex   1.451529e+00 5.388266e+00 5.000000e+00
      vertex   1.775000e+00 3.755737e+00 5.000000e+00
      vertex   2.124712e+00 3.900592e+00 5.000000e+00
    endloop
  endfacet
  facet normal -0.000000e+00 0.000000e+00 1.000000e+00
    outer loop
      vertex   1.451529e+00 5.388266e+00 5.000000e+00
      vertex   2.124712e+00 3.900592e+00 5.000000e+00
      vertex   1.833333e+00 5.424988e+00 5.000000e+00
    endloop
  endfacet
  facet normal -0.000000e+00 0.000000e+00 1.000000e+00
    outer loop
      vertex   1.833333e+00 5.424988e+00 5.000000e+00
      vertex   2.124712e+00 3.900592e+00 5.000000e+00
      vertex   2.378386e+00 5.497534e+00 5.000000e+00
    endloop
  endfacet
  facet normal 0.000000e+00 0.000000e+00 1.000000e+00
    outer loop
      vertex   2.378386e+00 5.497534e+00 5.000000e+00
      vertex   2.124712e+00 3.900592e+00 5.000000e+00
      vertex   2.500000e+00 3.950000e+00 5.000000e+00
    endloop
  endfacet
  facet normal 0.000000e+00 0.000000e+00 1.000000e+00
    outer loop
      vertex   2.378386e+00 5.497534e+00 5.000000e+00
      vertex   2.500000e+00 3.950000e+00 5.000000e+00
      vertex   2.927523e+00 5.469381e+00 5.000000e+00
    endloop
  endfacet
  facet normal 0.000000e+00 0.000000e+00 1.000000e+00
    outer loop
      vertex   2.927523e+00 5.469381e+00 5.000000e+00
      vertex   2.500000e+00 3.950000e+00 5.000000e+00
      vertex   2.875288e+00 3.900592e+00 5.000000e+00
    endloop
  endfacet
  facet normal 0.000000e+00 0.000000e+00 1.000000e+00
    outer loop
      vertex   2.927523e+00 5.469381e+00 5.000000e+00
      vertex   2.875288e+00 3.900592e+00 5.000000e+00
      vertex   3.462299e+00 5.341475e+00 5.000000e+00
    endloop
  endfacet
  facet normal 0.000000e+00 0.000000e+00 1.000000e+00
    outer loop
      vertex   3.462299e+00 5.341475e+00 5.000000e+00
      vertex   2.875288e+00 3.900592e+00 5.000000e+00
      vertex   3.225000e+00 3.755737e+00 5.000000e+00
    endloop
  endfacet
  facet normal 0.000000e+00 0.000000e+00 1.000000e+00
    outer loop
      vertex   3.462299e+00 5.341475e+00 5.000000e+00
      vertex   3.225000e+00 3.755737e+00 5.000000e+00
      vertex   3.964747e+00 5.118113e+00 5.000000e+00
    endloop
  endfacet
  facet normal 0.000000e+00 0.000000e+00 1.000000e+00
    outer loop
      vertex   3.964747e+00 5.118113e+00 5.000000e+00
      vertex   3.225000e+00 3.755737e+00 5.000000e+00
      vertex   4.417989e+00 4.806798e+00 5.000000e+00
    endloop
  endfacet
  facet normal 0.000000e+00 0.000000e+00 1.000000e+00
    outer loop
      vertex   4.417989e+00 4.806798e+00 5.000000e+00
      vertex   3.225000e+00 3.755737e+00 5.000000e+00
      vertex   3.525305e+00 3.525305e+00 5.000000e+00
    endloop
  endfacet
  facet normal 0.000000e+00 0.000000e+00 1.000000e+00
    outer loop
      vertex   4.417989e+00 4.806798e+00 5.000000e+00
      vertex   3.525305e+00 3.525305e+00 5.000000e+00
      vertex   4.806798e+00 4.417989e+00 5.000000e+00
    endloop
  endfacet
  facet normal 0.000000e+00 0.000000e+00 1.000000e+00
    outer loop
      vertex   4.806798e+00 4.417989e+00 5.000000e+00
      vertex   3.525305e+00 3.525305e+00 5.000000e+00
      vertex   3.755737e+00 3.225000e+00 5.000000e+00
    endloop
  endfacet
  facet normal 0.000000e+00 0.000000e+00 1.000000e+00
    outer loop
      vertex   0.000000e+00 6.887482e+00 5.000000e+00
      vertex   0.000000e+00 0.000000e+00 5.000000e+00
      vertex   4.904105e-02 6.507064e+00 5.000000e+00
    endloop
  endfacet
  facet normal 0.000000e+00 0.000000e+00 1.000000e+00
    outer loop
      vertex   6.887482e+00 0.000000e+00 5.000000e+00
      vertex   6.507064e+00 4.904105e-02 5.000000e+00
      vertex   0.000000e+00 0.000000e+00 5.000000e+00
    endloop
  endfacet
  facet normal 0.000000e+00 0.000000e+00 1.000000e+00
    outer loop
      vertex   0.000000e+00 0.000000e+00 5.000000e+00
      vertex   6.507064e+00 4.904105e-02 5.000000e+00
      vertex   6.151520e+00 1.929575e-01 5.000000e+00
    endloop
  endfacet
  facet normal -0.000000e+00 0.000000e+00 1.000000e+00
    outer loop
      vertex   3.900592e+00 2.812471e+01 5.000000e+00
      vertex   5.469381e+00 2.807248e+01 5.000000e+00
      vertex   3.950000e+00 2.850000e+01 5.000000e+00
    endloop
  endfacet
  facet normal -0.000000e+00 0.000000e+00 1.000000e+00
    outer loop
      vertex   3.950000e+00 2.850000e+01 5.000000e+00
      vertex   5.469381e+00 2.807248e+01 5.000000e+00
      vertex   5.497534e+00 2.862161e+01 5.000000e+00
    endloop
  endfacet
  facet normal 0.000000e+00 -0.000000e+00 1.000000e+00
    outer loop
      vertex   3.950000e+00 2.850000e+01 5.000000e+00
      vertex   5.497534e+00 2.862161e+01 5.000000e+00
      vertex   3.900592e+00 2.887529e+01 5.000000e+00
    endloop
  endfacet
  facet normal -0.000000e+00 0.000000e+00 1.000000e+00
    outer loop
      vertex   3.900592e+00 2.887529e+01 5.000000e+00
      vertex   5.497534e+00 2.862161e+01 5.000000e+00
      vertex   5.424988e+00 2.916667e+01 5.000000e+00
    endloop
  endfacet
  facet normal 0.000000e+00 0.000000e+00 1.000000e+00
    outer loop
      vertex   3.900592e+00 2.887529e+01 5.000000e+00
      vertex   5.424988e+00 2.916667e+01 5.000000e+00
      vertex   5.388266e+00 2.954847e+01 5.000000e+00
    endloop
  endfacet
  facet normal 0.000000e+00 0.000000e+00 1.000000e+00
    outer loop
      vertex   5.469381e+00 2.807248e+01 5.000000e+00
      vertex   3.900592e+00 2.812471e+01 5.000000e+00
      vertex   5.341475e+00 2.753770e+01 5.000000e+00
    endloop
  endfacet
  facet normal 0.000000e+00 0.000000e+00 1.000000e+00
    outer loop
      vertex   5.341475e+00 2.753770e+01 5.000000e+00
      vertex   3.900592e+00 2.812471e+01 5.000000e+00
      vertex   3.755737e+00 2.777500e+01 5.000000e+00
    endloop
  endfacet
  facet normal 0.000000e+00 0.000000e+00 1.000000e+00
    outer loop
      vertex   5.341475e+00 2.753770e+01 5.000000e+00
      vertex   3.755737e+00 2.777500e+01 5.000000e+00
      vertex   5.118113e+00 2.703525e+01 5.000000e+00
    endloop
  endfacet
  facet normal 0.000000e+00 0.000000e+00 1.000000e+00
    outer loop
      vertex   5.118113e+00 2.703525e+01 5.000000e+00
      vertex   3.755737e+00 2.777500e+01 5.000000e+00
      vertex   4.806798e+00 2.658201e+01 5.000000e+00
    endloop
  endfacet
  facet normal 0.000000e+00 0.000000e+00 1.000000e+00
    outer loop
      vertex   4.806798e+00 2.658201e+01 5.000000e+00
      vertex   3.755737e+00 2.777500e+01 5.000000e+00
      vertex   3.525305e+00 2.747470e+01 5.000000e+00
    endloop
  endfacet
  facet normal 0.000000e+00 0.000000e+00 1.000000e+00
    outer loop
      vertex   4.806798e+00 2.658201e+01 5.000000e+00
      vertex   3.525305e+00 2.747470e+01 5.000000e+00
      vertex   4.417989e+00 2.619320e+01 5.000000e+00
    endloop
  endfacet
  facet normal 0.000000e+00 0.000000e+00 1.000000e+00
    outer loop
      vertex   4.417989e+00 2.619320e+01 5.000000e+00
      vertex   3.525305e+00 2.747470e+01 5.000000e+00
      vertex   3.225000e+00 2.724426e+01 5.000000e+00
    endloop
  endfacet
  facet normal 0.000000e+00 0.000000e+00 1.000000e+00
    outer loop
      vertex   4.417989e+00 2.619320e+01 5.000000e+00
      vertex   3.225000e+00 2.724426e+01 5.000000e+00
      vertex   3.964747e+00 2.588189e+01 5.000000e+00
    endloop
  endfacet
  facet normal 0.000000e+00 0.000000e+00 1.000000e+00
    outer loop
      vertex   3.964747e+00 2.588189e+01 5.000000e+00
      vertex   3.225000e+00 2.724426e+01 5.000000e+00
      vertex   3.462299e+00 2.565852e+01 5.000000e+00
    endloop
  endfacet
  facet normal 0.000000e+00 0.000000e+00 1.000000e+00
    outer loop
      vertex   3.462299e+00 2.565852e+01 5.000000e+00
      vertex   3.225000e+00 2.724426e+01 5.000000e+00
      vertex   2.875288e+00 2.709941e+01 5.000000e+00
    endloop
  endfacet
  facet normal 0.000000e+00 0.000000e+00 1.000000e+00
    outer loop
      vertex   3.462299e+00 2.565852e+01 5.000000e+00
      vertex   2.875288e+00 2.709941e+01 5.000000e+00
      vertex   2.927523e+00 2.553062e+01 5.000000e+00
    endloop
  endfacet
  facet normal 0.000000e+00 0.000000e+00 1.000000e+00
    outer loop
      vertex   2.927523e+00 2.553062e+01 5.000000e+00
      vertex   2.875288e+00 2.709941e+01 5.000000e+00
      vertex   2.500000e+00 2.705000e+01 5.000000e+00
    endloop
  endfacet
  facet normal 0.000000e+00 0.000000e+00 1.000000e+00
    outer loop
      vertex   2.927523e+00 2.553062e+01 5.000000e+00
      vertex   2.500000e+00 2.705000e+01 5.000000e+00
      vertex   2.378386e+00 2.550247e+01 5.000000e+00
    endloop
  endfacet
  facet normal 0.000000e+00 -0.000000e+00 1.000000e+00
    outer loop
      vertex   2.378386e+00 2.550247e+01 5.000000e+00
      vertex   2.500000e+00 2.705000e+01 5.000000e+00
      vertex   2.124712e+00 2.709941e+01 5.000000e+00
    endloop
  endfacet
  facet normal 0.000000e+00 0.000000e+00 1.000000e+00
    outer loop
      vertex   2.378386e+00 2.550247e+01 5.000000e+00
      vertex   2.124712e+00 2.709941e+01 5.000000e+00
      vertex   1.833333e+00 2.557501e+01 5.000000e+00
    endloop
  endfacet
  facet normal 0.000000e+00 -0.000000e+00 1.000000e+00
    outer loop
      vertex   1.833333e+00 2.557501e+01 5.000000e+00
      vertex   2.124712e+00 2.709941e+01 5.000000e+00
      vertex   1.451529e+00 2.561173e+01 5.000000e+00
    endloop
  endfacet
  facet normal 0.000000e+00 0.000000e+00 1.000000e+00
    outer loop
      vertex   1.451529e+00 2.561173e+01 5.000000e+00
      vertex   2.124712e+00 2.709941e+01 5.000000e+00
      vertex   1.775000e+00 2.724426e+01 5.000000e+00
    endloop
  endfacet
  facet normal 0.000000e+00 -0.000000e+00 1.000000e+00
    outer loop
      vertex   1.451529e+00 2.561173e+01 5.000000e+00
      vertex   1.775000e+00 2.724426e+01 5.000000e+00
      vertex   1.072894e+00 2.555043e+01 5.000000e+00
    endloop
  endfacet
  facet normal 0.000000e+00 0.000000e+00 1.000000e+00
    outer loop
      vertex   1.072894e+00 2.555043e+01 5.000000e+00
      vertex   1.775000e+00 2.724426e+01 5.000000e+00
      vertex   1.474695e+00 2.747470e+01 5.000000e+00
    endloop
  endfacet
  facet normal 0.000000e+00 -0.000000e+00 1.000000e+00
    outer loop
      vertex   1.072894e+00 2.555043e+01 5.000000e+00
      vertex   1.474695e+00 2.747470e+01 5.000000e+00
      vertex   7.221866e-01 2.539510e+01 5.000000e+00
    endloop
  endfacet
  facet normal 0.000000e+00 0.000000e+00 1.000000e+00
    outer loop
      vertex   7.221866e-01 2.539510e+01 5.000000e+00
      vertex   1.474695e+00 2.747470e+01 5.000000e+00
      vertex   1.244263e+00 2.777500e+01 5.000000e+00
    endloop
  endfacet
  facet normal 0.000000e+00 -0.000000e+00 1.000000e+00
    outer loop
      vertex   7.221866e-01 2.539510e+01 5.000000e+00
      vertex   1.244263e+00 2.777500e+01 5.000000e+00
      vertex   4.223390e-01 2.515590e+01 5.000000e+00
    endloop
  endfacet
  facet normal 0.000000e+00 0.000000e+00 1.000000e+00
    outer loop
      vertex   4.223390e-01 2.515590e+01 5.000000e+00
      vertex   1.244263e+00 2.777500e+01 5.000000e+00
      vertex   1.099408e+00 2.812471e+01 5.000000e+00
    endloop
  endfacet
  facet normal 0.000000e+00 -0.000000e+00 1.000000e+00
    outer loop
      vertex   4.223390e-01 2.515590e+01 5.000000e+00
      vertex   1.099408e+00 2.812471e+01 5.000000e+00
      vertex   1.929575e-01 2.484848e+01 5.000000e+00
    endloop
  endfacet
  facet normal 0.000000e+00 0.000000e+00 1.000000e+00
    outer loop
      vertex   1.929575e-01 2.484848e+01 5.000000e+00
      vertex   1.099408e+00 2.812471e+01 5.000000e+00
      vertex   1.050000e+00 2.850000e+01 5.000000e+00
    endloop
  endfacet
  facet normal 0.000000e+00 -0.000000e+00 1.000000e+00
    outer loop
      vertex   1.929575e-01 2.484848e+01 5.000000e+00
      vertex   1.050000e+00 2.850000e+01 5.000000e+00
      vertex   0.000000e+00 3.100000e+01 5.000000e+00
    endloop
  endfacet
  facet normal 0.000000e+00 0.000000e+00 1.000000e+00
    outer loop
      vertex   0.000000e+00 3.100000e+01 5.000000e+00
      vertex   1.050000e+00 2.850000e+01 5.000000e+00
      vertex   1.099408e+00 2.887529e+01 5.000000e+00
    endloop
  endfacet
  facet normal 0.000000e+00 0.000000e+00 1.000000e+00
    outer loop
      vertex   0.000000e+00 3.100000e+01 5.000000e+00
      vertex   1.099408e+00 2.887529e+01 5.000000e+00
      vertex   1.244263e+00 2.922500e+01 5.000000e+00
    endloop
  endfacet
  facet normal 0.000000e+00 -0.000000e+00 1.000000e+00
    outer loop
      vertex   1.244263e+00 2.922500e+01 5.000000e+00
      vertex   1.474695e+00 2.952530e+01 5.000000e+00
      vertex   0.000000e+00 3.100000e+01 5.000000e+00
    endloop
  endfacet
  facet normal 0.000000e+00 0.000000e+00 1.000000e+00
    outer loop
      vertex   0.000000e+00 3.100000e+01 5.000000e+00
      vertex   1.474695e+00 2.952530e+01 5.000000e+00
      vertex   1.775000e+00 2.975574e+01 5.000000e+00
    endloop
  endfacet
  facet normal 0.000000e+00 0.000000e+00 1.000000e+00
    outer loop
      vertex   0.000000e+00 3.100000e+01 5.000000e+00
      vertex   1.775000e+00 2.975574e+01 5.000000e+00
      vertex   2.124712e+00 2.990059e+01 5.000000e+00
    endloop
  endfacet
  facet normal 0.000000e+00 -0.000000e+00 1.000000e+00
    outer loop
      vertex   2.124712e+00 2.990059e+01 5.000000e+00
      vertex   2.500000e+00 2.995000e+01 5.000000e+00
      vertex   0.000000e+00 3.100000e+01 5.000000e+00
    endloop
  endfacet
  facet normal 0.000000e+00 0.000000e+00 1.000000e+00
    outer loop
      vertex   0.000000e+00 3.100000e+01 5.000000e+00
      vertex   2.500000e+00 2.995000e+01 5.000000e+00
      vertex   6.151520e+00 3.080704e+01 5.000000e+00
    endloop
  endfacet
  facet normal 0.000000e+00 0.000000e+00 1.000000e+00
    outer loop
      vertex   0.000000e+00 3.100000e+01 5.000000e+00
      vertex   6.151520e+00 3.080704e+01 5.000000e+00
      vertex   6.507064e+00 3.095096e+01 5.000000e+00
    endloop
  endfacet
  facet normal -0.000000e+00 0.000000e+00 1.000000e+00
    outer loop
      vertex   2.500000e+00 2.995000e+01 5.000000e+00
      vertex   2.875288e+00 2.990059e+01 5.000000e+00
      vertex   6.151520e+00 3.080704e+01 5.000000e+00
    endloop
  endfacet
  facet normal 0.000000e+00 0.000000e+00 1.000000e+00
    outer loop
      vertex   6.151520e+00 3.080704e+01 5.000000e+00
      vertex   2.875288e+00 2.990059e+01 5.000000e+00
      vertex   5.844100e+00 3.057766e+01 5.000000e+00
    endloop
  endfacet
  facet normal 0.000000e+00 0.000000e+00 1.000000e+00
    outer loop
      vertex   5.844100e+00 3.057766e+01 5.000000e+00
      vertex   2.875288e+00 2.990059e+01 5.000000e+00
      vertex   3.225000e+00 2.975574e+01 5.000000e+00
    endloop
  endfacet
  facet normal 0.000000e+00 0.000000e+00 1.000000e+00
    outer loop
      vertex   5.844100e+00 3.057766e+01 5.000000e+00
      vertex   3.225000e+00 2.975574e+01 5.000000e+00
      vertex   5.604904e+00 3.027781e+01 5.000000e+00
    endloop
  endfacet
  facet normal 0.000000e+00 0.000000e+00 1.000000e+00
    outer loop
      vertex   5.604904e+00 3.027781e+01 5.000000e+00
      vertex   3.225000e+00 2.975574e+01 5.000000e+00
      vertex   3.525305e+00 2.952530e+01 5.000000e+00
    endloop
  endfacet
  facet normal 0.000000e+00 0.000000e+00 1.000000e+00
    outer loop
      vertex   5.604904e+00 3.027781e+01 5.000000e+00
      vertex   3.525305e+00 2.952530e+01 5.000000e+00
      vertex   5.449574e+00 2.992711e+01 5.000000e+00
    endloop
  endfacet
  facet normal 0.000000e+00 0.000000e+00 1.000000e+00
    outer loop
      vertex   5.449574e+00 2.992711e+01 5.000000e+00
      vertex   3.525305e+00 2.952530e+01 5.000000e+00
      vertex   3.755737e+00 2.922500e+01 5.000000e+00
    endloop
  endfacet
  facet normal 0.000000e+00 0.000000e+00 1.000000e+00
    outer loop
      vertex   5.449574e+00 2.992711e+01 5.000000e+00
      vertex   3.755737e+00 2.922500e+01 5.000000e+00
      vertex   5.388266e+00 2.954847e+01 5.000000e+00
    endloop
  endfacet
  facet normal 0.000000e+00 0.000000e+00 1.000000e+00
    outer loop
      vertex   5.388266e+00 2.954847e+01 5.000000e+00
      vertex   3.755737e+00 2.922500e+01 5.000000e+00
      vertex   3.900592e+00 2.887529e+01 5.000000e+00
    endloop
  endfacet
  facet normal 0.000000e+00 0.000000e+00 1.000000e+00
    outer loop
      vertex   6.887482e+00 3.100000e+01 5.000000e+00
      vertex   0.000000e+00 3.100000e+01 5.000000e+00
      vertex   6.507064e+00 3.095096e+01 5.000000e+00
    endloop
  endfacet
  facet normal 0.000000e+00 0.000000e+00 1.000000e+00
    outer loop
      vertex   0.000000e+00 2.411252e+01 5.000000e+00
      vertex   4.904105e-02 2.449294e+01 5.000000e+00
      vertex   0.000000e+00 3.100000e+01 5.000000e+00
    endloop
  endfacet
  facet normal 0.000000e+00 0.000000e+00 1.000000e+00
    outer loop
      vertex   0.000000e+00 3.100000e+01 5.000000e+00
      vertex   4.904105e-02 2.449294e+01 5.000000e+00
      vertex   1.929575e-01 2.484848e+01 5.000000e+00
    endloop
  endfacet
endsolid
