solid ASCII
  facet normal 1.360261e-18 -9.951847e-01 -9.801714e-02
    outer loop
      vertex   -1.671000e-01 -5.238601e+01 9.998500e-01
      vertex   -1.616710e+01 -5.238601e+01 9.998500e-01
      vertex   -3.621903e-01 -5.236680e+01 8.047597e-01
    endloop
  endfacet
  facet normal -8.219370e-04 -9.865016e-01 -1.637498e-01
    outer loop
      vertex   -3.621903e-01 -5.236680e+01 8.047597e-01
      vertex   -1.616710e+01 -5.238601e+01 9.998500e-01
      vertex   -5.500433e+00 -5.235194e+01 7.410310e-01
    endloop
  endfacet
  facet normal 8.431960e-04 -9.567055e-01 -2.910566e-01
    outer loop
      vertex   -3.621903e-01 -5.236680e+01 8.047597e-01
      vertex   -5.500433e+00 -5.235194e+01 7.410310e-01
      vertex   -5.497834e-01 -5.230989e+01 6.171666e-01
    endloop
  endfacet
  facet normal -1.728081e-03 -9.238782e-01 -3.826829e-01
    outer loop
      vertex   -5.497834e-01 -5.230989e+01 6.171666e-01
      vertex   -5.500433e+00 -5.235194e+01 7.410310e-01
      vertex   -5.500433e+00 -5.225204e+01 4.998500e-01
    endloop
  endfacet
  facet normal 8.851184e-04 -8.815527e-01 -4.720848e-01
    outer loop
      vertex   -5.497834e-01 -5.230989e+01 6.171666e-01
      vertex   -5.500433e+00 -5.225204e+01 4.998500e-01
      vertex   -7.226702e-01 -5.221748e+01 4.442798e-01
    endloop
  endfacet
  facet normal -1.342481e-03 -7.933526e-01 -6.087609e-01
    outer loop
      vertex   -7.226702e-01 -5.221748e+01 4.442798e-01
      vertex   -5.500433e+00 -5.225204e+01 4.998500e-01
      vertex   -5.500433e+00 -5.209312e+01 2.927432e-01
    endloop
  endfacet
  facet normal 1.224197e-16 -7.730105e-01 -6.343933e-01
    outer loop
      vertex   -7.226702e-01 -5.221748e+01 4.442798e-01
      vertex   -5.500433e+00 -5.209312e+01 2.927432e-01
      vertex   -8.742068e-01 -5.209312e+01 2.927432e-01
    endloop
  endfacet
  facet normal 1.484085e-16 -6.343933e-01 -7.730105e-01
    outer loop
      vertex   -8.742068e-01 -5.209312e+01 2.927432e-01
      vertex   -5.500433e+00 -5.209312e+01 2.927432e-01
      vertex   -9.985696e-01 -5.194158e+01 1.683804e-01
    endloop
  endfacet
  facet normal -1.424756e-03 -6.087608e-01 -7.933525e-01
    outer loop
      vertex   -9.985696e-01 -5.194158e+01 1.683804e-01
      vertex   -5.500433e+00 -5.209312e+01 2.927432e-01
      vertex   -5.500433e+00 -5.188601e+01 1.338246e-01
    endloop
  endfacet
  facet normal 9.572309e-04 -4.709985e-01 -8.821335e-01
    outer loop
      vertex   -9.985696e-01 -5.194158e+01 1.683804e-01
      vertex   -5.500433e+00 -5.188601e+01 1.338246e-01
      vertex   -1.090980e+00 -5.176869e+01 7.597047e-02
    endloop
  endfacet
  facet normal -1.940177e-03 -3.826827e-01 -9.238778e-01
    outer loop
      vertex   -1.090980e+00 -5.176869e+01 7.597047e-02
      vertex   -5.500433e+00 -5.188601e+01 1.338246e-01
      vertex   -5.500433e+00 -5.164483e+01 3.392417e-02
    endloop
  endfacet
  facet normal 9.790359e-04 -2.900126e-01 -9.570223e-01
    outer loop
      vertex   -1.090980e+00 -5.176869e+01 7.597047e-02
      vertex   -5.500433e+00 -5.164483e+01 3.392417e-02
      vertex   -1.147885e+00 -5.158110e+01 1.906472e-02
    endloop
  endfacet
  facet normal -1.225935e-03 -1.469083e-01 -9.891494e-01
    outer loop
      vertex   -1.147885e+00 -5.158110e+01 1.906472e-02
      vertex   -5.500433e+00 -5.164483e+01 3.392417e-02
      vertex   -1.162285e+00 -5.148403e+01 4.665273e-03
    endloop
  endfacet
  facet normal -4.908590e-03 -4.930764e-02 -9.987716e-01
    outer loop
      vertex   -1.162285e+00 -5.148403e+01 4.665273e-03
      vertex   -5.500433e+00 -5.164483e+01 3.392417e-02
      vertex   -1.167100e+00 -5.138601e+01 -1.500000e-04
    endloop
  endfacet
  facet normal 1.370555e-17 -1.305262e-01 -9.914449e-01
    outer loop
      vertex   -1.167100e+00 -5.138601e+01 -1.500000e-04
      vertex   -5.500433e+00 -5.164483e+01 3.392417e-02
      vertex   -1.083377e+01 -5.164483e+01 3.392417e-02
    endloop
  endfacet
  facet normal 7.720699e-04 -1.588177e-01 -9.873076e-01
    outer loop
      vertex   -1.167100e+00 -5.138601e+01 -1.500000e-04
      vertex   -1.083377e+01 -5.164483e+01 3.392417e-02
      vertex   -1.517192e+01 -5.148403e+01 4.665273e-03
    endloop
  endfacet
  facet normal 1.225935e-03 -1.469083e-01 -9.891494e-01
    outer loop
      vertex   -1.517192e+01 -5.148403e+01 4.665273e-03
      vertex   -1.083377e+01 -5.164483e+01 3.392417e-02
      vertex   -1.518631e+01 -5.158110e+01 1.906472e-02
    endloop
  endfacet
  facet normal -9.790359e-04 -2.900126e-01 -9.570223e-01
    outer loop
      vertex   -1.518631e+01 -5.158110e+01 1.906472e-02
      vertex   -1.083377e+01 -5.164483e+01 3.392417e-02
      vertex   -1.524322e+01 -5.176869e+01 7.597047e-02
    endloop
  endfacet
  facet normal 1.940177e-03 -3.826827e-01 -9.238778e-01
    outer loop
      vertex   -1.524322e+01 -5.176869e+01 7.597047e-02
      vertex   -1.083377e+01 -5.164483e+01 3.392417e-02
      vertex   -1.083377e+01 -5.188601e+01 1.338246e-01
    endloop
  endfacet
  facet normal -9.572309e-04 -4.709985e-01 -8.821335e-01
    outer loop
      vertex   -1.524322e+01 -5.176869e+01 7.597047e-02
      vertex   -1.083377e+01 -5.188601e+01 1.338246e-01
      vertex   -1.533563e+01 -5.194158e+01 1.683804e-01
    endloop
  endfacet
  facet normal 1.424756e-03 -6.087608e-01 -7.933525e-01
    outer loop
      vertex   -1.533563e+01 -5.194158e+01 1.683804e-01
      vertex   -1.083377e+01 -5.188601e+01 1.338246e-01
      vertex   -1.083377e+01 -5.209312e+01 2.927432e-01
    endloop
  endfacet
  facet normal -1.224197e-16 -6.343933e-01 -7.730105e-01
    outer loop
      vertex   -1.533563e+01 -5.194158e+01 1.683804e-01
      vertex   -1.083377e+01 -5.209312e+01 2.927432e-01
      vertex   -1.545999e+01 -5.209312e+01 2.927432e-01
    endloop
  endfacet
  facet normal -9.895899e-17 -7.730105e-01 -6.343933e-01
    outer loop
      vertex   -1.545999e+01 -5.209312e+01 2.927432e-01
      vertex   -1.083377e+01 -5.209312e+01 2.927432e-01
      vertex   -1.561153e+01 -5.221748e+01 4.442798e-01
    endloop
  endfacet
  facet normal 1.342481e-03 -7.933526e-01 -6.087609e-01
    outer loop
      vertex   -1.561153e+01 -5.221748e+01 4.442798e-01
      vertex   -1.083377e+01 -5.209312e+01 2.927432e-01
      vertex   -1.083377e+01 -5.225204e+01 4.998500e-01
    endloop
  endfacet
  facet normal -8.851184e-04 -8.815527e-01 -4.720848e-01
    outer loop
      vertex   -1.561153e+01 -5.221748e+01 4.442798e-01
      vertex   -1.083377e+01 -5.225204e+01 4.998500e-01
      vertex   -1.578442e+01 -5.230989e+01 6.171666e-01
    endloop
  endfacet
  facet normal 1.728081e-03 -9.238782e-01 -3.826829e-01
    outer loop
      vertex   -1.578442e+01 -5.230989e+01 6.171666e-01
      vertex   -1.083377e+01 -5.225204e+01 4.998500e-01
      vertex   -1.083377e+01 -5.235194e+01 7.410310e-01
    endloop
  endfacet
  facet normal -8.431960e-04 -9.567055e-01 -2.910566e-01
    outer loop
      vertex   -1.578442e+01 -5.230989e+01 6.171666e-01
      vertex   -1.083377e+01 -5.235194e+01 7.410310e-01
      vertex   -1.597201e+01 -5.236680e+01 8.047597e-01
    endloop
  endfacet
  facet normal 1.683468e-03 -9.953461e-01 -9.634957e-02
    outer loop
      vertex   -1.597201e+01 -5.236680e+01 8.047597e-01
      vertex   -1.083377e+01 -5.235194e+01 7.410310e-01
      vertex   -1.616710e+01 -5.238601e+01 9.998500e-01
    endloop
  endfacet
  facet normal 4.983837e-18 -9.914449e-01 -1.305262e-01
    outer loop
      vertex   -1.616710e+01 -5.238601e+01 9.998500e-01
      vertex   -1.083377e+01 -5.235194e+01 7.410310e-01
      vertex   -5.500433e+00 -5.235194e+01 7.410310e-01
    endloop
  endfacet
  facet normal 1.384949e-17 -4.906767e-02 -9.987955e-01
    outer loop
      vertex   -1.517192e+01 -5.148403e+01 4.665273e-03
      vertex   -1.516710e+01 -5.138601e+01 -1.500000e-04
      vertex   -1.167100e+00 -5.138601e+01 -1.500000e-04
    endloop
  endfacet
  facet normal 1.744343e-17 -9.238795e-01 -3.826834e-01
    outer loop
      vertex   -5.500433e+00 -5.225204e+01 4.998500e-01
      vertex   -5.500433e+00 -5.235194e+01 7.410310e-01
      vertex   -1.083377e+01 -5.235194e+01 7.410310e-01
    endloop
  endfacet
  facet normal 4.983837e-18 -7.933533e-01 -6.087614e-01
    outer loop
      vertex   -5.500433e+00 -5.209312e+01 2.927432e-01
      vertex   -5.500433e+00 -5.225204e+01 4.998500e-01
      vertex   -1.083377e+01 -5.225204e+01 4.998500e-01
    endloop
  endfacet
  facet normal 3.983100e-18 -9.238795e-01 -3.826834e-01
    outer loop
      vertex   -1.083377e+01 -5.225204e+01 4.998500e-01
      vertex   -5.500433e+00 -5.225204e+01 4.998500e-01
      vertex   -1.083377e+01 -5.235194e+01 7.410310e-01
    endloop
  endfacet
  facet normal 9.967675e-18 -6.087614e-01 -7.933533e-01
    outer loop
      vertex   -5.500433e+00 -5.188601e+01 1.338246e-01
      vertex   -5.500433e+00 -5.209312e+01 2.927432e-01
      vertex   -1.083377e+01 -5.209312e+01 2.927432e-01
    endloop
  endfacet
  facet normal 6.336196e-18 -7.933533e-01 -6.087614e-01
    outer loop
      vertex   -1.083377e+01 -5.209312e+01 2.927432e-01
      vertex   -5.500433e+00 -5.209312e+01 2.927432e-01
      vertex   -1.083377e+01 -5.225204e+01 4.998500e-01
    endloop
  endfacet
  facet normal 9.967675e-18 -3.826834e-01 -9.238795e-01
    outer loop
      vertex   -5.500433e+00 -5.164483e+01 3.392417e-02
      vertex   -5.500433e+00 -5.188601e+01 1.338246e-01
      vertex   -1.083377e+01 -5.188601e+01 1.338246e-01
    endloop
  endfacet
  facet normal 8.257492e-18 -6.087614e-01 -7.933533e-01
    outer loop
      vertex   -1.083377e+01 -5.188601e+01 1.338246e-01
      vertex   -5.500433e+00 -5.188601e+01 1.338246e-01
      vertex   -1.083377e+01 -5.209312e+01 2.927432e-01
    endloop
  endfacet
  facet normal 1.202007e-17 -3.826834e-01 -9.238795e-01
    outer loop
      vertex   -1.083377e+01 -5.164483e+01 3.392417e-02
      vertex   -5.500433e+00 -5.164483e+01 3.392417e-02
      vertex   -1.083377e+01 -5.188601e+01 1.338246e-01
    endloop
  endfacet
  facet normal 9.801714e-02 -9.951847e-01 2.901932e-17
    outer loop
      vertex   -1.616710e+01 -5.238601e+01 9.998500e-01
      vertex   -1.616710e+01 -5.238601e+01 -1.099998e+01
      vertex   -1.597201e+01 -5.236680e+01 8.047597e-01
    endloop
  endfacet
  facet normal 1.640281e-01 -9.864550e-01 -1.105136e-03
    outer loop
      vertex   -1.597201e+01 -5.236680e+01 8.047597e-01
      vertex   -1.616710e+01 -5.238601e+01 -1.099998e+01
      vertex   -1.590828e+01 -5.235194e+01 -3.000093e+00
    endloop
  endfacet
  facet normal 2.913316e-01 -9.566215e-01 1.143623e-03
    outer loop
      vertex   -1.597201e+01 -5.236680e+01 8.047597e-01
      vertex   -1.590828e+01 -5.235194e+01 -3.000093e+00
      vertex   -1.578442e+01 -5.230989e+01 6.171666e-01
    endloop
  endfacet
  facet normal 3.826824e-01 -9.238769e-01 -2.365082e-03
    outer loop
      vertex   -1.578442e+01 -5.230989e+01 6.171666e-01
      vertex   -1.590828e+01 -5.235194e+01 -3.000093e+00
      vertex   -1.566710e+01 -5.225204e+01 -3.000093e+00
    endloop
  endfacet
  facet normal 4.723467e-01 -8.814120e-01 1.222131e-03
    outer loop
      vertex   -1.578442e+01 -5.230989e+01 6.171666e-01
      vertex   -1.566710e+01 -5.225204e+01 -3.000093e+00
      vertex   -1.561153e+01 -5.221748e+01 4.442798e-01
    endloop
  endfacet
  facet normal 6.087604e-01 -7.933520e-01 -1.862183e-03
    outer loop
      vertex   -1.561153e+01 -5.221748e+01 4.442798e-01
      vertex   -1.566710e+01 -5.225204e+01 -3.000093e+00
      vertex   -1.545999e+01 -5.209312e+01 -3.000093e+00
    endloop
  endfacet
  facet normal 6.343933e-01 -7.730105e-01 0.000000e+00
    outer loop
      vertex   -1.561153e+01 -5.221748e+01 4.442798e-01
      vertex   -1.545999e+01 -5.209312e+01 -3.000093e+00
      vertex   -1.545999e+01 -5.209312e+01 2.927432e-01
    endloop
  endfacet
  facet normal 7.730105e-01 -6.343933e-01 0.000000e+00
    outer loop
      vertex   -1.545999e+01 -5.209312e+01 2.927432e-01
      vertex   -1.545999e+01 -5.209312e+01 -3.000093e+00
      vertex   -1.533563e+01 -5.194158e+01 1.683804e-01
    endloop
  endfacet
  facet normal 7.933517e-01 -6.087602e-01 -2.024334e-03
    outer loop
      vertex   -1.533563e+01 -5.194158e+01 1.683804e-01
      vertex   -1.545999e+01 -5.209312e+01 -3.000093e+00
      vertex   -1.530107e+01 -5.188601e+01 -3.000093e+00
    endloop
  endfacet
  facet normal 8.822234e-01 -4.708291e-01 1.364014e-03
    outer loop
      vertex   -1.533563e+01 -5.194158e+01 1.683804e-01
      vertex   -1.530107e+01 -5.188601e+01 -3.000093e+00
      vertex   -1.524322e+01 -5.176869e+01 7.597047e-02
    endloop
  endfacet
  facet normal 9.238760e-01 -3.826820e-01 -2.781186e-03
    outer loop
      vertex   -1.524322e+01 -5.176869e+01 7.597047e-02
      vertex   -1.530107e+01 -5.188601e+01 -3.000093e+00
      vertex   -1.520117e+01 -5.164483e+01 -3.000093e+00
    endloop
  endfacet
  facet normal 9.570580e-01 -2.898930e-01 1.408722e-03
    outer loop
      vertex   -1.524322e+01 -5.176869e+01 7.597047e-02
      vertex   -1.520117e+01 -5.164483e+01 -3.000093e+00
      vertex   -1.518631e+01 -5.158110e+01 1.906472e-02
    endloop
  endfacet
  facet normal 9.891369e-01 -1.469865e-01 -1.765649e-03
    outer loop
      vertex   -1.518631e+01 -5.158110e+01 1.906472e-02
      vertex   -1.520117e+01 -5.164483e+01 -3.000093e+00
      vertex   -1.517192e+01 -5.148403e+01 4.665273e-03
    endloop
  endfacet
  facet normal 9.987533e-01 -4.941347e-02 -7.080984e-03
    outer loop
      vertex   -1.517192e+01 -5.148403e+01 4.665273e-03
      vertex   -1.520117e+01 -5.164483e+01 -3.000093e+00
      vertex   -1.516710e+01 -5.138601e+01 -1.500000e-04
    endloop
  endfacet
  facet normal 9.914449e-01 -1.305262e-01 0.000000e+00
    outer loop
      vertex   -1.516710e+01 -5.138601e+01 -1.500000e-04
      vertex   -1.520117e+01 -5.164483e+01 -3.000093e+00
      vertex   -1.520117e+01 -5.164483e+01 -7.000036e+00
    endloop
  endfacet
  facet normal 9.872232e-01 -1.593396e-01 1.085920e-03
    outer loop
      vertex   -1.516710e+01 -5.138601e+01 -1.500000e-04
      vertex   -1.520117e+01 -5.164483e+01 -7.000036e+00
      vertex   -1.517192e+01 -5.148403e+01 -1.000482e+01
    endloop
  endfacet
  facet normal 9.891369e-01 -1.469865e-01 1.765637e-03
    outer loop
      vertex   -1.517192e+01 -5.148403e+01 -1.000482e+01
      vertex   -1.520117e+01 -5.164483e+01 -7.000036e+00
      vertex   -1.518631e+01 -5.158110e+01 -1.001921e+01
    endloop
  endfacet
  facet normal 9.570580e-01 -2.898931e-01 -1.408712e-03
    outer loop
      vertex   -1.518631e+01 -5.158110e+01 -1.001921e+01
      vertex   -1.520117e+01 -5.164483e+01 -7.000036e+00
      vertex   -1.524322e+01 -5.176869e+01 -1.007612e+01
    endloop
  endfacet
  facet normal 9.238760e-01 -3.826820e-01 2.781168e-03
    outer loop
      vertex   -1.524322e+01 -5.176869e+01 -1.007612e+01
      vertex   -1.520117e+01 -5.164483e+01 -7.000036e+00
      vertex   -1.530107e+01 -5.188601e+01 -7.000036e+00
    endloop
  endfacet
  facet normal 8.822234e-01 -4.708291e-01 -1.364006e-03
    outer loop
      vertex   -1.524322e+01 -5.176869e+01 -1.007612e+01
      vertex   -1.530107e+01 -5.188601e+01 -7.000036e+00
      vertex   -1.533563e+01 -5.194158e+01 -1.016853e+01
    endloop
  endfacet
  facet normal 7.933517e-01 -6.087602e-01 2.024323e-03
    outer loop
      vertex   -1.533563e+01 -5.194158e+01 -1.016853e+01
      vertex   -1.530107e+01 -5.188601e+01 -7.000036e+00
      vertex   -1.545999e+01 -5.209312e+01 -7.000036e+00
    endloop
  endfacet
  facet normal 7.730105e-01 -6.343933e-01 0.000000e+00
    outer loop
      vertex   -1.533563e+01 -5.194158e+01 -1.016853e+01
      vertex   -1.545999e+01 -5.209312e+01 -7.000036e+00
      vertex   -1.545999e+01 -5.209312e+01 -1.029289e+01
    endloop
  endfacet
  facet normal 6.343933e-01 -7.730105e-01 0.000000e+00
    outer loop
      vertex   -1.545999e+01 -5.209312e+01 -1.029289e+01
      vertex   -1.545999e+01 -5.209312e+01 -7.000036e+00
      vertex   -1.561153e+01 -5.221748e+01 -1.044442e+01
    endloop
  endfacet
  facet normal 6.087604e-01 -7.933520e-01 1.862176e-03
    outer loop
      vertex   -1.561153e+01 -5.221748e+01 -1.044442e+01
      vertex   -1.545999e+01 -5.209312e+01 -7.000036e+00
      vertex   -1.566710e+01 -5.225204e+01 -7.000036e+00
    endloop
  endfacet
  facet normal 4.723466e-01 -8.814120e-01 -1.222127e-03
    outer loop
      vertex   -1.561153e+01 -5.221748e+01 -1.044442e+01
      vertex   -1.566710e+01 -5.225204e+01 -7.000036e+00
      vertex   -1.578442e+01 -5.230989e+01 -1.061730e+01
    endloop
  endfacet
  facet normal 3.826824e-01 -9.238769e-01 2.365076e-03
    outer loop
      vertex   -1.578442e+01 -5.230989e+01 -1.061730e+01
      vertex   -1.566710e+01 -5.225204e+01 -7.000036e+00
      vertex   -1.590828e+01 -5.235194e+01 -7.000036e+00
    endloop
  endfacet
  facet normal 2.913315e-01 -9.566215e-01 -1.143621e-03
    outer loop
      vertex   -1.578442e+01 -5.230989e+01 -1.061730e+01
      vertex   -1.590828e+01 -5.235194e+01 -7.000036e+00
      vertex   -1.597201e+01 -5.236680e+01 -1.080489e+01
    endloop
  endfacet
  facet normal 9.575501e-02 -9.954023e-01 2.283605e-03
    outer loop
      vertex   -1.597201e+01 -5.236680e+01 -1.080489e+01
      vertex   -1.590828e+01 -5.235194e+01 -7.000036e+00
      vertex   -1.616710e+01 -5.238601e+01 -1.099998e+01
    endloop
  endfacet
  facet normal 1.305262e-01 -9.914449e-01 0.000000e+00
    outer loop
      vertex   -1.616710e+01 -5.238601e+01 -1.099998e+01
      vertex   -1.590828e+01 -5.235194e+01 -7.000036e+00
      vertex   -1.590828e+01 -5.235194e+01 -3.000093e+00
    endloop
  endfacet
  facet normal 9.987955e-01 -4.906767e-02 0.000000e+00
    outer loop
      vertex   -1.517192e+01 -5.148403e+01 -1.000482e+01
      vertex   -1.516710e+01 -5.138601e+01 -1.000000e+01
      vertex   -1.516710e+01 -5.138601e+01 -1.500000e-04
    endloop
  endfacet
  facet normal 3.826834e-01 -9.238795e-01 0.000000e+00
    outer loop
      vertex   -1.566710e+01 -5.225204e+01 -3.000093e+00
      vertex   -1.590828e+01 -5.235194e+01 -3.000093e+00
      vertex   -1.590828e+01 -5.235194e+01 -7.000036e+00
    endloop
  endfacet
  facet normal 6.087614e-01 -7.933533e-01 0.000000e+00
    outer loop
      vertex   -1.545999e+01 -5.209312e+01 -3.000093e+00
      vertex   -1.566710e+01 -5.225204e+01 -3.000093e+00
      vertex   -1.566710e+01 -5.225204e+01 -7.000036e+00
    endloop
  endfacet
  facet normal 3.826834e-01 -9.238795e-01 0.000000e+00
    outer loop
      vertex   -1.566710e+01 -5.225204e+01 -7.000036e+00
      vertex   -1.566710e+01 -5.225204e+01 -3.000093e+00
      vertex   -1.590828e+01 -5.235194e+01 -7.000036e+00
    endloop
  endfacet
  facet normal 7.933533e-01 -6.087614e-01 0.000000e+00
    outer loop
      vertex   -1.530107e+01 -5.188601e+01 -3.000093e+00
      vertex   -1.545999e+01 -5.209312e+01 -3.000093e+00
      vertex   -1.545999e+01 -5.209312e+01 -7.000036e+00
    endloop
  endfacet
  facet normal 6.087614e-01 -7.933533e-01 0.000000e+00
    outer loop
      vertex   -1.545999e+01 -5.209312e+01 -7.000036e+00
      vertex   -1.545999e+01 -5.209312e+01 -3.000093e+00
      vertex   -1.566710e+01 -5.225204e+01 -7.000036e+00
    endloop
  endfacet
  facet normal 9.238795e-01 -3.826834e-01 0.000000e+00
    outer loop
      vertex   -1.520117e+01 -5.164483e+01 -3.000093e+00
      vertex   -1.530107e+01 -5.188601e+01 -3.000093e+00
      vertex   -1.530107e+01 -5.188601e+01 -7.000036e+00
    endloop
  endfacet
  facet normal 7.933533e-01 -6.087614e-01 0.000000e+00
    outer loop
      vertex   -1.530107e+01 -5.188601e+01 -7.000036e+00
      vertex   -1.530107e+01 -5.188601e+01 -3.000093e+00
      vertex   -1.545999e+01 -5.209312e+01 -7.000036e+00
    endloop
  endfacet
  facet normal 9.238795e-01 -3.826834e-01 0.000000e+00
    outer loop
      vertex   -1.520117e+01 -5.164483e+01 -7.000036e+00
      vertex   -1.520117e+01 -5.164483e+01 -3.000093e+00
      vertex   -1.530107e+01 -5.188601e+01 -7.000036e+00
    endloop
  endfacet
  facet normal 0.000000e+00 -4.906767e-02 9.987955e-01
    outer loop
      vertex   -1.167100e+00 -5.138601e+01 -1.000015e+01
      vertex   -8.167100e+00 -5.138601e+01 -1.000015e+01
      vertex   -1.162285e+00 -5.148403e+01 -1.000497e+01
    endloop
  endfacet
  facet normal -1.456137e-03 -1.526144e-01 9.882847e-01
    outer loop
      vertex   -1.162285e+00 -5.148403e+01 -1.000497e+01
      vertex   -8.167100e+00 -5.138601e+01 -1.000015e+01
      vertex   -4.167105e+00 -5.164483e+01 -1.003422e+01
    endloop
  endfacet
  facet normal -1.765612e-03 -1.469865e-01 9.891369e-01
    outer loop
      vertex   -1.162285e+00 -5.148403e+01 -1.000497e+01
      vertex   -4.167105e+00 -5.164483e+01 -1.003422e+01
      vertex   -1.147885e+00 -5.158110e+01 -1.001936e+01
    endloop
  endfacet
  facet normal 1.408693e-03 -2.898931e-01 9.570580e-01
    outer loop
      vertex   -1.147885e+00 -5.158110e+01 -1.001936e+01
      vertex   -4.167105e+00 -5.164483e+01 -1.003422e+01
      vertex   -1.090980e+00 -5.176869e+01 -1.007627e+01
    endloop
  endfacet
  facet normal -2.781130e-03 -3.826820e-01 9.238760e-01
    outer loop
      vertex   -1.090980e+00 -5.176869e+01 -1.007627e+01
      vertex   -4.167105e+00 -5.164483e+01 -1.003422e+01
      vertex   -4.167105e+00 -5.188601e+01 -1.013412e+01
    endloop
  endfacet
  facet normal 1.363987e-03 -4.708291e-01 8.822234e-01
    outer loop
      vertex   -1.090980e+00 -5.176869e+01 -1.007627e+01
      vertex   -4.167105e+00 -5.188601e+01 -1.013412e+01
      vertex   -9.985696e-01 -5.194158e+01 -1.016868e+01
    endloop
  endfacet
  facet normal -2.024294e-03 -6.087602e-01 7.933517e-01
    outer loop
      vertex   -9.985696e-01 -5.194158e+01 -1.016868e+01
      vertex   -4.167105e+00 -5.188601e+01 -1.013412e+01
      vertex   -4.167105e+00 -5.209312e+01 -1.029304e+01
    endloop
  endfacet
  facet normal 0.000000e+00 -6.343933e-01 7.730105e-01
    outer loop
      vertex   -9.985696e-01 -5.194158e+01 -1.016868e+01
      vertex   -4.167105e+00 -5.209312e+01 -1.029304e+01
      vertex   -8.742068e-01 -5.209312e+01 -1.029304e+01
    endloop
  endfacet
  facet normal 0.000000e+00 -7.730105e-01 6.343933e-01
    outer loop
      vertex   -8.742068e-01 -5.209312e+01 -1.029304e+01
      vertex   -4.167105e+00 -5.209312e+01 -1.029304e+01
      vertex   -7.226702e-01 -5.221748e+01 -1.044458e+01
    endloop
  endfacet
  facet normal -1.862149e-03 -7.933520e-01 6.087604e-01
    outer loop
      vertex   -7.226702e-01 -5.221748e+01 -1.044458e+01
      vertex   -4.167105e+00 -5.209312e+01 -1.029304e+01
      vertex   -4.167105e+00 -5.225204e+01 -1.050015e+01
    endloop
  endfacet
  facet normal 1.222109e-03 -8.814120e-01 4.723466e-01
    outer loop
      vertex   -7.226702e-01 -5.221748e+01 -1.044458e+01
      vertex   -4.167105e+00 -5.225204e+01 -1.050015e+01
      vertex   -5.497834e-01 -5.230989e+01 -1.061747e+01
    endloop
  endfacet
  facet normal -2.365041e-03 -9.238769e-01 3.826824e-01
    outer loop
      vertex   -5.497834e-01 -5.230989e+01 -1.061747e+01
      vertex   -4.167105e+00 -5.225204e+01 -1.050015e+01
      vertex   -4.167105e+00 -5.235194e+01 -1.074133e+01
    endloop
  endfacet
  facet normal 1.143604e-03 -9.566215e-01 2.913316e-01
    outer loop
      vertex   -5.497834e-01 -5.230989e+01 -1.061747e+01
      vertex   -4.167105e+00 -5.235194e+01 -1.074133e+01
      vertex   -3.621903e-01 -5.236680e+01 -1.080506e+01
    endloop
  endfacet
  facet normal -2.283570e-03 -9.954023e-01 9.575500e-02
    outer loop
      vertex   -3.621903e-01 -5.236680e+01 -1.080506e+01
      vertex   -4.167105e+00 -5.235194e+01 -1.074133e+01
      vertex   -1.671000e-01 -5.238601e+01 -1.100015e+01
    endloop
  endfacet
  facet normal 1.270771e-03 -9.887145e-01 1.498063e-01
    outer loop
      vertex   -1.671000e-01 -5.238601e+01 -1.100015e+01
      vertex   -4.167105e+00 -5.235194e+01 -1.074133e+01
      vertex   -8.167109e+00 -5.236673e+01 -1.080507e+01
    endloop
  endfacet
  facet normal 0.000000e+00 -9.951539e-01 9.832923e-02
    outer loop
      vertex   -1.671000e-01 -5.238601e+01 -1.100015e+01
      vertex   -8.167109e+00 -5.236673e+01 -1.080507e+01
      vertex   -8.167111e+00 -5.238601e+01 -1.100015e+01
    endloop
  endfacet
  facet normal 2.114890e-03 -9.832902e-02 9.951517e-01
    outer loop
      vertex   -8.167100e+00 -5.138601e+01 -1.000015e+01
      vertex   -8.167101e+00 -5.158109e+01 -1.001943e+01
      vertex   -4.167105e+00 -5.164483e+01 -1.003422e+01
    endloop
  endfacet
  facet normal -1.080215e-03 -2.899844e-01 9.570308e-01
    outer loop
      vertex   -4.167105e+00 -5.164483e+01 -1.003422e+01
      vertex   -8.167101e+00 -5.158109e+01 -1.001943e+01
      vertex   -8.167103e+00 -5.176869e+01 -1.007627e+01
    endloop
  endfacet
  facet normal 2.138781e-03 -3.826826e-01 9.238774e-01
    outer loop
      vertex   -4.167105e+00 -5.164483e+01 -1.003422e+01
      vertex   -8.167103e+00 -5.176869e+01 -1.007627e+01
      vertex   -4.167105e+00 -5.188601e+01 -1.013412e+01
    endloop
  endfacet
  facet normal -1.080215e-03 -4.716730e-01 8.817729e-01
    outer loop
      vertex   -4.167105e+00 -5.188601e+01 -1.013412e+01
      vertex   -8.167103e+00 -5.176869e+01 -1.007627e+01
      vertex   -8.167104e+00 -5.194155e+01 -1.016873e+01
    endloop
  endfacet
  facet normal 1.588104e-03 -6.087607e-01 7.933523e-01
    outer loop
      vertex   -4.167105e+00 -5.188601e+01 -1.013412e+01
      vertex   -8.167104e+00 -5.194155e+01 -1.016873e+01
      vertex   -4.167105e+00 -5.209312e+01 -1.029304e+01
    endloop
  endfacet
  facet normal 6.867479e-16 -6.341508e-01 7.732094e-01
    outer loop
      vertex   -4.167105e+00 -5.209312e+01 -1.029304e+01
      vertex   -8.167104e+00 -5.194155e+01 -1.016873e+01
      vertex   -8.167105e+00 -5.209312e+01 -1.029304e+01
    endloop
  endfacet
  facet normal 5.632391e-16 -7.732094e-01 6.341508e-01
    outer loop
      vertex   -4.167105e+00 -5.209312e+01 -1.029304e+01
      vertex   -8.167105e+00 -5.209312e+01 -1.029304e+01
      vertex   -8.167107e+00 -5.221743e+01 -1.044461e+01
    endloop
  endfacet
  facet normal 1.588103e-03 -7.933523e-01 6.087607e-01
    outer loop
      vertex   -4.167105e+00 -5.209312e+01 -1.029304e+01
      vertex   -8.167107e+00 -5.221743e+01 -1.044461e+01
      vertex   -4.167105e+00 -5.225204e+01 -1.050015e+01
    endloop
  endfacet
  facet normal -1.080214e-03 -8.817729e-01 4.716730e-01
    outer loop
      vertex   -4.167105e+00 -5.225204e+01 -1.050015e+01
      vertex   -8.167107e+00 -5.221743e+01 -1.044461e+01
      vertex   -8.167108e+00 -5.230989e+01 -1.061747e+01
    endloop
  endfacet
  facet normal 2.138778e-03 -9.238774e-01 3.826826e-01
    outer loop
      vertex   -4.167105e+00 -5.225204e+01 -1.050015e+01
      vertex   -8.167108e+00 -5.230989e+01 -1.061747e+01
      vertex   -4.167105e+00 -5.235194e+01 -1.074133e+01
    endloop
  endfacet
  facet normal -1.080213e-03 -9.570308e-01 2.899844e-01
    outer loop
      vertex   -4.167105e+00 -5.235194e+01 -1.074133e+01
      vertex   -8.167108e+00 -5.230989e+01 -1.061747e+01
      vertex   -8.167109e+00 -5.236673e+01 -1.080507e+01
    endloop
  endfacet
  facet normal 2.098281e-06 -9.951847e-01 9.801714e-02
    outer loop
      vertex   -1.616710e+01 -5.238601e+01 -1.099998e+01
      vertex   -8.167111e+00 -5.238601e+01 -1.100015e+01
      vertex   -1.597201e+01 -5.236680e+01 -1.080489e+01
    endloop
  endfacet
  facet normal 1.338442e-03 -9.885660e-01 1.507826e-01
    outer loop
      vertex   -1.597201e+01 -5.236680e+01 -1.080489e+01
      vertex   -8.167111e+00 -5.238601e+01 -1.100015e+01
      vertex   -1.216710e+01 -5.235194e+01 -1.074125e+01
    endloop
  endfacet
  facet normal -1.137369e-03 -9.566215e-01 2.913316e-01
    outer loop
      vertex   -1.597201e+01 -5.236680e+01 -1.080489e+01
      vertex   -1.216710e+01 -5.235194e+01 -1.074125e+01
      vertex   -1.578442e+01 -5.230989e+01 -1.061730e+01
    endloop
  endfacet
  facet normal 2.373235e-03 -9.238769e-01 3.826823e-01
    outer loop
      vertex   -1.578442e+01 -5.230989e+01 -1.061730e+01
      vertex   -1.216710e+01 -5.235194e+01 -1.074125e+01
      vertex   -1.216709e+01 -5.225204e+01 -1.050006e+01
    endloop
  endfacet
  facet normal -1.211998e-03 -8.814120e-01 4.723467e-01
    outer loop
      vertex   -1.578442e+01 -5.230989e+01 -1.061730e+01
      vertex   -1.216709e+01 -5.225204e+01 -1.050006e+01
      vertex   -1.561153e+01 -5.221748e+01 -1.044442e+01
    endloop
  endfacet
  facet normal 1.875180e-03 -7.933520e-01 6.087603e-01
    outer loop
      vertex   -1.561153e+01 -5.221748e+01 -1.044442e+01
      vertex   -1.216709e+01 -5.225204e+01 -1.050006e+01
      vertex   -1.216709e+01 -5.209312e+01 -1.029296e+01
    endloop
  endfacet
  facet normal 1.358064e-05 -7.730105e-01 6.343933e-01
    outer loop
      vertex   -1.561153e+01 -5.221748e+01 -1.044442e+01
      vertex   -1.216709e+01 -5.209312e+01 -1.029296e+01
      vertex   -1.545999e+01 -5.209312e+01 -1.029289e+01
    endloop
  endfacet
  facet normal 1.654805e-05 -6.343933e-01 7.730105e-01
    outer loop
      vertex   -1.545999e+01 -5.209312e+01 -1.029289e+01
      vertex   -1.216709e+01 -5.209312e+01 -1.029296e+01
      vertex   -1.533563e+01 -5.194158e+01 -1.016853e+01
    endloop
  endfacet
  facet normal 2.041273e-03 -6.087602e-01 7.933517e-01
    outer loop
      vertex   -1.533563e+01 -5.194158e+01 -1.016853e+01
      vertex   -1.216709e+01 -5.209312e+01 -1.029296e+01
      vertex   -1.216709e+01 -5.188601e+01 -1.013404e+01
    endloop
  endfacet
  facet normal -1.345098e-03 -4.708292e-01 8.822234e-01
    outer loop
      vertex   -1.533563e+01 -5.194158e+01 -1.016853e+01
      vertex   -1.216709e+01 -5.188601e+01 -1.013404e+01
      vertex   -1.524322e+01 -5.176869e+01 -1.007612e+01
    endloop
  endfacet
  facet normal 2.800899e-03 -3.826820e-01 9.238759e-01
    outer loop
      vertex   -1.524322e+01 -5.176869e+01 -1.007612e+01
      vertex   -1.216709e+01 -5.188601e+01 -1.013404e+01
      vertex   -1.216708e+01 -5.164483e+01 -1.003414e+01
    endloop
  endfacet
  facet normal -1.388200e-03 -2.898931e-01 9.570580e-01
    outer loop
      vertex   -1.524322e+01 -5.176869e+01 -1.007612e+01
      vertex   -1.216708e+01 -5.164483e+01 -1.003414e+01
      vertex   -1.518631e+01 -5.158110e+01 -1.001921e+01
    endloop
  endfacet
  facet normal 1.786781e-03 -1.469865e-01 9.891369e-01
    outer loop
      vertex   -1.518631e+01 -5.158110e+01 -1.001921e+01
      vertex   -1.216708e+01 -5.164483e+01 -1.003414e+01
      vertex   -1.517192e+01 -5.148403e+01 -1.000482e+01
    endloop
  endfacet
  facet normal 7.102193e-03 -4.941345e-02 9.987532e-01
    outer loop
      vertex   -1.517192e+01 -5.148403e+01 -1.000482e+01
      vertex   -1.216708e+01 -5.164483e+01 -1.003414e+01
      vertex   -1.516710e+01 -5.138601e+01 -1.000000e+01
    endloop
  endfacet
  facet normal -1.316458e-03 -1.457513e-01 9.893204e-01
    outer loop
      vertex   -1.516710e+01 -5.138601e+01 -1.000000e+01
      vertex   -1.216708e+01 -5.164483e+01 -1.003414e+01
      vertex   -8.167101e+00 -5.158109e+01 -1.001943e+01
    endloop
  endfacet
  facet normal 2.130354e-05 -9.832923e-02 9.951539e-01
    outer loop
      vertex   -1.516710e+01 -5.138601e+01 -1.000000e+01
      vertex   -8.167101e+00 -5.158109e+01 -1.001943e+01
      vertex   -8.167100e+00 -5.138601e+01 -1.000015e+01
    endloop
  endfacet
  facet normal -2.112788e-03 -9.951517e-01 9.832902e-02
    outer loop
      vertex   -8.167111e+00 -5.238601e+01 -1.100015e+01
      vertex   -8.167109e+00 -5.236673e+01 -1.080507e+01
      vertex   -1.216710e+01 -5.235194e+01 -1.074125e+01
    endloop
  endfacet
  facet normal 1.086424e-03 -9.570308e-01 2.899844e-01
    outer loop
      vertex   -1.216710e+01 -5.235194e+01 -1.074125e+01
      vertex   -8.167109e+00 -5.236673e+01 -1.080507e+01
      vertex   -8.167108e+00 -5.230989e+01 -1.061747e+01
    endloop
  endfacet
  facet normal -2.130593e-03 -9.238774e-01 3.826826e-01
    outer loop
      vertex   -1.216710e+01 -5.235194e+01 -1.074125e+01
      vertex   -8.167108e+00 -5.230989e+01 -1.061747e+01
      vertex   -1.216709e+01 -5.225204e+01 -1.050006e+01
    endloop
  endfacet
  facet normal 1.090315e-03 -8.817729e-01 4.716730e-01
    outer loop
      vertex   -1.216709e+01 -5.225204e+01 -1.050006e+01
      vertex   -8.167108e+00 -5.230989e+01 -1.061747e+01
      vertex   -8.167107e+00 -5.221743e+01 -1.044461e+01
    endloop
  endfacet
  facet normal -1.575077e-03 -7.933523e-01 6.087607e-01
    outer loop
      vertex   -1.216709e+01 -5.225204e+01 -1.050006e+01
      vertex   -8.167107e+00 -5.221743e+01 -1.044461e+01
      vertex   -1.216709e+01 -5.209312e+01 -1.029296e+01
    endloop
  endfacet
  facet normal 1.357545e-05 -7.732094e-01 6.341508e-01
    outer loop
      vertex   -1.216709e+01 -5.209312e+01 -1.029296e+01
      vertex   -8.167107e+00 -5.221743e+01 -1.044461e+01
      vertex   -8.167105e+00 -5.209312e+01 -1.029304e+01
    endloop
  endfacet
  facet normal 1.655232e-05 -6.341508e-01 7.732094e-01
    outer loop
      vertex   -1.216709e+01 -5.209312e+01 -1.029296e+01
      vertex   -8.167105e+00 -5.209312e+01 -1.029304e+01
      vertex   -8.167104e+00 -5.194155e+01 -1.016873e+01
    endloop
  endfacet
  facet normal -1.571127e-03 -6.087607e-01 7.933524e-01
    outer loop
      vertex   -1.216709e+01 -5.209312e+01 -1.029296e+01
      vertex   -8.167104e+00 -5.194155e+01 -1.016873e+01
      vertex   -1.216709e+01 -5.188601e+01 -1.013404e+01
    endloop
  endfacet
  facet normal 1.099095e-03 -4.716730e-01 8.817729e-01
    outer loop
      vertex   -1.216709e+01 -5.188601e+01 -1.013404e+01
      vertex   -8.167104e+00 -5.194155e+01 -1.016873e+01
      vertex   -8.167103e+00 -5.176869e+01 -1.007627e+01
    endloop
  endfacet
  facet normal -2.119011e-03 -3.826826e-01 9.238775e-01
    outer loop
      vertex   -1.216709e+01 -5.188601e+01 -1.013404e+01
      vertex   -8.167103e+00 -5.176869e+01 -1.007627e+01
      vertex   -1.216708e+01 -5.164483e+01 -1.003414e+01
    endloop
  endfacet
  facet normal 1.100706e-03 -2.899844e-01 9.570307e-01
    outer loop
      vertex   -1.216708e+01 -5.164483e+01 -1.003414e+01
      vertex   -8.167103e+00 -5.176869e+01 -1.007627e+01
      vertex   -8.167101e+00 -5.158109e+01 -1.001943e+01
    endloop
  endfacet
  facet normal -9.801714e-02 -9.951847e-01 -1.360261e-18
    outer loop
      vertex   -1.671000e-01 -5.238601e+01 -1.100015e+01
      vertex   -1.671000e-01 -5.238601e+01 9.998500e-01
      vertex   -3.621903e-01 -5.236680e+01 -1.080506e+01
    endloop
  endfacet
  facet normal -1.640281e-01 -9.864550e-01 1.105120e-03
    outer loop
      vertex   -3.621903e-01 -5.236680e+01 -1.080506e+01
      vertex   -1.671000e-01 -5.238601e+01 9.998500e-01
      vertex   -4.259190e-01 -5.235194e+01 -7.000150e+00
    endloop
  endfacet
  facet normal -2.913316e-01 -9.566215e-01 -1.143605e-03
    outer loop
      vertex   -3.621903e-01 -5.236680e+01 -1.080506e+01
      vertex   -4.259190e-01 -5.235194e+01 -7.000150e+00
      vertex   -5.497834e-01 -5.230989e+01 -1.061747e+01
    endloop
  endfacet
  facet normal -3.826824e-01 -9.238769e-01 2.365045e-03
    outer loop
      vertex   -5.497834e-01 -5.230989e+01 -1.061747e+01
      vertex   -4.259190e-01 -5.235194e+01 -7.000150e+00
      vertex   -6.671000e-01 -5.225204e+01 -7.000150e+00
    endloop
  endfacet
  facet normal -4.723467e-01 -8.814120e-01 -1.222111e-03
    outer loop
      vertex   -5.497834e-01 -5.230989e+01 -1.061747e+01
      vertex   -6.671000e-01 -5.225204e+01 -7.000150e+00
      vertex   -7.226702e-01 -5.221748e+01 -1.044458e+01
    endloop
  endfacet
  facet normal -6.087604e-01 -7.933520e-01 1.862152e-03
    outer loop
      vertex   -7.226702e-01 -5.221748e+01 -1.044458e+01
      vertex   -6.671000e-01 -5.225204e+01 -7.000150e+00
      vertex   -8.742068e-01 -5.209312e+01 -7.000150e+00
    endloop
  endfacet
  facet normal -6.343933e-01 -7.730105e-01 -2.149862e-16
    outer loop
      vertex   -7.226702e-01 -5.221748e+01 -1.044458e+01
      vertex   -8.742068e-01 -5.209312e+01 -7.000150e+00
      vertex   -8.742068e-01 -5.209312e+01 -1.029304e+01
    endloop
  endfacet
  facet normal -7.730105e-01 -6.343933e-01 -2.606261e-16
    outer loop
      vertex   -8.742068e-01 -5.209312e+01 -1.029304e+01
      vertex   -8.742068e-01 -5.209312e+01 -7.000150e+00
      vertex   -9.985696e-01 -5.194158e+01 -1.016868e+01
    endloop
  endfacet
  facet normal -7.933517e-01 -6.087602e-01 2.024298e-03
    outer loop
      vertex   -9.985696e-01 -5.194158e+01 -1.016868e+01
      vertex   -8.742068e-01 -5.209312e+01 -7.000150e+00
      vertex   -1.033125e+00 -5.188601e+01 -7.000150e+00
    endloop
  endfacet
  facet normal -8.822234e-01 -4.708291e-01 -1.363989e-03
    outer loop
      vertex   -9.985696e-01 -5.194158e+01 -1.016868e+01
      vertex   -1.033125e+00 -5.188601e+01 -7.000150e+00
      vertex   -1.090980e+00 -5.176869e+01 -1.007627e+01
    endloop
  endfacet
  facet normal -9.238760e-01 -3.826820e-01 2.781135e-03
    outer loop
      vertex   -1.090980e+00 -5.176869e+01 -1.007627e+01
      vertex   -1.033125e+00 -5.188601e+01 -7.000150e+00
      vertex   -1.133026e+00 -5.164483e+01 -7.000150e+00
    endloop
  endfacet
  facet normal -9.570580e-01 -2.898931e-01 -1.408696e-03
    outer loop
      vertex   -1.090980e+00 -5.176869e+01 -1.007627e+01
      vertex   -1.133026e+00 -5.164483e+01 -7.000150e+00
      vertex   -1.147885e+00 -5.158110e+01 -1.001936e+01
    endloop
  endfacet
  facet normal -9.891369e-01 -1.469865e-01 1.765616e-03
    outer loop
      vertex   -1.147885e+00 -5.158110e+01 -1.001936e+01
      vertex   -1.133026e+00 -5.164483e+01 -7.000150e+00
      vertex   -1.162285e+00 -5.148403e+01 -1.000497e+01
    endloop
  endfacet
  facet normal -9.987533e-01 -4.941346e-02 7.080849e-03
    outer loop
      vertex   -1.162285e+00 -5.148403e+01 -1.000497e+01
      vertex   -1.133026e+00 -5.164483e+01 -7.000150e+00
      vertex   -1.167100e+00 -5.138601e+01 -1.000015e+01
    endloop
  endfacet
  facet normal -9.914449e-01 -1.305262e-01 -5.482221e-17
    outer loop
      vertex   -1.167100e+00 -5.138601e+01 -1.000015e+01
      vertex   -1.133026e+00 -5.164483e+01 -7.000150e+00
      vertex   -1.133026e+00 -5.164483e+01 -3.000150e+00
    endloop
  endfacet
  facet normal -9.872232e-01 -1.593397e-01 -1.085904e-03
    outer loop
      vertex   -1.167100e+00 -5.138601e+01 -1.000015e+01
      vertex   -1.133026e+00 -5.164483e+01 -3.000150e+00
      vertex   -1.162285e+00 -5.148403e+01 4.665273e-03
    endloop
  endfacet
  facet normal -9.891369e-01 -1.469865e-01 -1.765616e-03
    outer loop
      vertex   -1.162285e+00 -5.148403e+01 4.665273e-03
      vertex   -1.133026e+00 -5.164483e+01 -3.000150e+00
      vertex   -1.147885e+00 -5.158110e+01 1.906472e-02
    endloop
  endfacet
  facet normal -9.570580e-01 -2.898931e-01 1.408696e-03
    outer loop
      vertex   -1.147885e+00 -5.158110e+01 1.906472e-02
      vertex   -1.133026e+00 -5.164483e+01 -3.000150e+00
      vertex   -1.090980e+00 -5.176869e+01 7.597047e-02
    endloop
  endfacet
  facet normal -9.238760e-01 -3.826820e-01 -2.781135e-03
    outer loop
      vertex   -1.090980e+00 -5.176869e+01 7.597047e-02
      vertex   -1.133026e+00 -5.164483e+01 -3.000150e+00
      vertex   -1.033125e+00 -5.188601e+01 -3.000150e+00
    endloop
  endfacet
  facet normal -8.822234e-01 -4.708291e-01 1.363989e-03
    outer loop
      vertex   -1.090980e+00 -5.176869e+01 7.597047e-02
      vertex   -1.033125e+00 -5.188601e+01 -3.000150e+00
      vertex   -9.985696e-01 -5.194158e+01 1.683804e-01
    endloop
  endfacet
  facet normal -7.933517e-01 -6.087602e-01 -2.024298e-03
    outer loop
      vertex   -9.985696e-01 -5.194158e+01 1.683804e-01
      vertex   -1.033125e+00 -5.188601e+01 -3.000150e+00
      vertex   -8.742068e-01 -5.209312e+01 -3.000150e+00
    endloop
  endfacet
  facet normal -7.730105e-01 -6.343933e-01 2.311102e-16
    outer loop
      vertex   -9.985696e-01 -5.194158e+01 1.683804e-01
      vertex   -8.742068e-01 -5.209312e+01 -3.000150e+00
      vertex   -8.742068e-01 -5.209312e+01 2.927432e-01
    endloop
  endfacet
  facet normal -6.343933e-01 -7.730105e-01 1.925013e-16
    outer loop
      vertex   -8.742068e-01 -5.209312e+01 2.927432e-01
      vertex   -8.742068e-01 -5.209312e+01 -3.000150e+00
      vertex   -7.226702e-01 -5.221748e+01 4.442798e-01
    endloop
  endfacet
  facet normal -6.087604e-01 -7.933520e-01 -1.862152e-03
    outer loop
      vertex   -7.226702e-01 -5.221748e+01 4.442798e-01
      vertex   -8.742068e-01 -5.209312e+01 -3.000150e+00
      vertex   -6.671000e-01 -5.225204e+01 -3.000150e+00
    endloop
  endfacet
  facet normal -4.723467e-01 -8.814120e-01 1.222111e-03
    outer loop
      vertex   -7.226702e-01 -5.221748e+01 4.442798e-01
      vertex   -6.671000e-01 -5.225204e+01 -3.000150e+00
      vertex   -5.497834e-01 -5.230989e+01 6.171666e-01
    endloop
  endfacet
  facet normal -3.826824e-01 -9.238769e-01 -2.365045e-03
    outer loop
      vertex   -5.497834e-01 -5.230989e+01 6.171666e-01
      vertex   -6.671000e-01 -5.225204e+01 -3.000150e+00
      vertex   -4.259190e-01 -5.235194e+01 -3.000150e+00
    endloop
  endfacet
  facet normal -2.913316e-01 -9.566215e-01 1.143605e-03
    outer loop
      vertex   -5.497834e-01 -5.230989e+01 6.171666e-01
      vertex   -4.259190e-01 -5.235194e+01 -3.000150e+00
      vertex   -3.621903e-01 -5.236680e+01 8.047597e-01
    endloop
  endfacet
  facet normal -9.575500e-02 -9.954023e-01 -2.283574e-03
    outer loop
      vertex   -3.621903e-01 -5.236680e+01 8.047597e-01
      vertex   -4.259190e-01 -5.235194e+01 -3.000150e+00
      vertex   -1.671000e-01 -5.238601e+01 9.998500e-01
    endloop
  endfacet
  facet normal -1.305262e-01 -9.914449e-01 -3.322558e-18
    outer loop
      vertex   -1.671000e-01 -5.238601e+01 9.998500e-01
      vertex   -4.259190e-01 -5.235194e+01 -3.000150e+00
      vertex   -4.259190e-01 -5.235194e+01 -7.000150e+00
    endloop
  endfacet
  facet normal -9.987955e-01 -4.906767e-02 -2.215130e-17
    outer loop
      vertex   -1.162285e+00 -5.148403e+01 4.665273e-03
      vertex   -1.167100e+00 -5.138601e+01 -1.500000e-04
      vertex   -1.167100e+00 -5.138601e+01 -1.000015e+01
    endloop
  endfacet
  facet normal -3.826834e-01 -9.238795e-01 -9.967675e-18
    outer loop
      vertex   -6.671000e-01 -5.225204e+01 -7.000150e+00
      vertex   -4.259190e-01 -5.235194e+01 -7.000150e+00
      vertex   -4.259190e-01 -5.235194e+01 -3.000150e+00
    endloop
  endfacet
  facet normal -6.087614e-01 -7.933533e-01 -3.987070e-17
    outer loop
      vertex   -8.742068e-01 -5.209312e+01 -7.000150e+00
      vertex   -6.671000e-01 -5.225204e+01 -7.000150e+00
      vertex   -6.671000e-01 -5.225204e+01 -3.000150e+00
    endloop
  endfacet
  facet normal -3.826834e-01 -9.238795e-01 -2.124320e-17
    outer loop
      vertex   -6.671000e-01 -5.225204e+01 -3.000150e+00
      vertex   -6.671000e-01 -5.225204e+01 -7.000150e+00
      vertex   -4.259190e-01 -5.235194e+01 -3.000150e+00
    endloop
  endfacet
  facet normal -7.933533e-01 -6.087614e-01 -1.993535e-17
    outer loop
      vertex   -1.033125e+00 -5.188601e+01 -7.000150e+00
      vertex   -8.742068e-01 -5.209312e+01 -7.000150e+00
      vertex   -8.742068e-01 -5.209312e+01 -3.000150e+00
    endloop
  endfacet
  facet normal -6.087614e-01 -7.933533e-01 -1.689652e-17
    outer loop
      vertex   -8.742068e-01 -5.209312e+01 -3.000150e+00
      vertex   -8.742068e-01 -5.209312e+01 -7.000150e+00
      vertex   -6.671000e-01 -5.225204e+01 -3.000150e+00
    endloop
  endfacet
  facet normal -9.238795e-01 -3.826834e-01 -4.983837e-17
    outer loop
      vertex   -1.133026e+00 -5.164483e+01 -7.000150e+00
      vertex   -1.033125e+00 -5.188601e+01 -7.000150e+00
      vertex   -1.033125e+00 -5.188601e+01 -3.000150e+00
    endloop
  endfacet
  facet normal -7.933533e-01 -6.087614e-01 -4.403996e-17
    outer loop
      vertex   -1.033125e+00 -5.188601e+01 -3.000150e+00
      vertex   -1.033125e+00 -5.188601e+01 -7.000150e+00
      vertex   -8.742068e-01 -5.209312e+01 -3.000150e+00
    endloop
  endfacet
  facet normal -9.238795e-01 -3.826834e-01 -5.128562e-17
    outer loop
      vertex   -1.133026e+00 -5.164483e+01 -3.000150e+00
      vertex   -1.133026e+00 -5.164483e+01 -7.000150e+00
      vertex   -1.033125e+00 -5.188601e+01 -3.000150e+00
    endloop
  endfacet
  facet normal 1.000000e+00 -0.000000e+00 0.000000e+00
    outer loop
      vertex   -1.516710e+01 -5.138601e+01 -1.500000e-04
      vertex   -1.516710e+01 -5.138601e+01 -1.000000e+01
      vertex   -1.516710e+01 -4.865257e+01 -1.500000e-04
    endloop
  endfacet
  facet normal 1.000000e+00 0.000000e+00 0.000000e+00
    outer loop
      vertex   -1.516710e+01 -4.865257e+01 -1.500000e-04
      vertex   -1.516710e+01 -5.138601e+01 -1.000000e+01
      vertex   -1.516710e+01 -4.865257e+01 -1.000000e+01
    endloop
  endfacet
  facet normal 2.140728e-05 -0.000000e+00 1.000000e+00
    outer loop
      vertex   -1.516710e+01 -5.138601e+01 -1.000000e+01
      vertex   -8.167100e+00 -5.138601e+01 -1.000015e+01
      vertex   -1.516710e+01 -4.865257e+01 -1.000000e+01
    endloop
  endfacet
  facet normal 2.140728e-05 0.000000e+00 1.000000e+00
    outer loop
      vertex   -1.516710e+01 -4.865257e+01 -1.000000e+01
      vertex   -8.167100e+00 -5.138601e+01 -1.000015e+01
      vertex   -8.167100e+00 -4.865257e+01 -1.000015e+01
    endloop
  endfacet
  facet normal 0.000000e+00 0.000000e+00 1.000000e+00
    outer loop
      vertex   -8.167100e+00 -5.138601e+01 -1.000015e+01
      vertex   -1.167100e+00 -5.138601e+01 -1.000015e+01
      vertex   -8.167100e+00 -4.865257e+01 -1.000015e+01
    endloop
  endfacet
  facet normal -0.000000e+00 0.000000e+00 1.000000e+00
    outer loop
      vertex   -8.167100e+00 -4.865257e+01 -1.000015e+01
      vertex   -1.167100e+00 -5.138601e+01 -1.000015e+01
      vertex   -1.167100e+00 -4.865257e+01 -1.000015e+01
    endloop
  endfacet
  facet normal 2.090051e-16 -1.000000e+00 5.312459e-16
    outer loop
      vertex   -4.666820e+01 -5.238601e+01 -2.575015e+01
      vertex   -1.616710e+01 -5.238601e+01 -1.099998e+01
      vertex   -4.666820e+01 -5.238601e+01 9.999000e-01
    endloop
  endfacet
  facet normal 0.000000e+00 -1.000000e+00 0.000000e+00
    outer loop
      vertex   -4.666820e+01 -5.238601e+01 9.999000e-01
      vertex   -1.616710e+01 -5.238601e+01 -1.099998e+01
      vertex   -1.616710e+01 -5.238601e+01 9.998500e-01
    endloop
  endfacet
  facet normal 0.000000e+00 -1.000000e+00 0.000000e+00
    outer loop
      vertex   -4.666820e+01 -5.238601e+01 9.999000e-01
      vertex   -1.616710e+01 -5.238601e+01 9.998500e-01
      vertex   -1.671000e-01 -5.238601e+01 9.998500e-01
    endloop
  endfacet
  facet normal 2.062365e-20 -1.000000e+00 9.633939e-16
    outer loop
      vertex   -1.616710e+01 -5.238601e+01 -1.099998e+01
      vertex   -4.666820e+01 -5.238601e+01 -2.575015e+01
      vertex   -8.167111e+00 -5.238601e+01 -1.100015e+01
    endloop
  endfacet
  facet normal 0.000000e+00 -1.000000e+00 9.634478e-16
    outer loop
      vertex   -8.167111e+00 -5.238601e+01 -1.100015e+01
      vertex   -4.666820e+01 -5.238601e+01 -2.575015e+01
      vertex   3.033400e+01 -5.238601e+01 -2.575015e+01
    endloop
  endfacet
  facet normal 0.000000e+00 -1.000000e+00 9.634478e-16
    outer loop
      vertex   -8.167111e+00 -5.238601e+01 -1.100015e+01
      vertex   3.033400e+01 -5.238601e+01 -2.575015e+01
      vertex   -1.671000e-01 -5.238601e+01 -1.100015e+01
    endloop
  endfacet
  facet normal -2.090081e-16 -1.000000e+00 5.312459e-16
    outer loop
      vertex   -1.671000e-01 -5.238601e+01 -1.100015e+01
      vertex   3.033400e+01 -5.238601e+01 -2.575015e+01
      vertex   3.033400e+01 -5.238601e+01 9.999000e-01
    endloop
  endfacet
  facet normal 0.000000e+00 -1.000000e+00 0.000000e+00
    outer loop
      vertex   -1.671000e-01 -5.238601e+01 -1.100015e+01
      vertex   3.033400e+01 -5.238601e+01 9.999000e-01
      vertex   -1.671000e-01 -5.238601e+01 9.998500e-01
    endloop
  endfacet
  facet normal 0.000000e+00 -1.000000e+00 0.000000e+00
    outer loop
      vertex   -1.671000e-01 -5.238601e+01 9.998500e-01
      vertex   3.033400e+01 -5.238601e+01 9.999000e-01
      vertex   -4.666820e+01 -5.238601e+01 9.999000e-01
    endloop
  endfacet
  facet normal -1.000000e+00 0.000000e+00 -2.220446e-17
    outer loop
      vertex   -1.167100e+00 -5.138601e+01 -1.000015e+01
      vertex   -1.167100e+00 -5.138601e+01 -1.500000e-04
      vertex   -1.167100e+00 -4.865257e+01 -1.000015e+01
    endloop
  endfacet
  facet normal -1.000000e+00 0.000000e+00 -2.220446e-17
    outer loop
      vertex   -1.167100e+00 -4.865257e+01 -1.000015e+01
      vertex   -1.167100e+00 -5.138601e+01 -1.500000e-04
      vertex   -1.167100e+00 -4.865257e+01 -1.500000e-04
    endloop
  endfacet
  facet normal 1.387779e-17 0.000000e+00 -1.000000e+00
    outer loop
      vertex   -1.167100e+00 -5.138601e+01 -1.500000e-04
      vertex   -1.516710e+01 -5.138601e+01 -1.500000e-04
      vertex   -1.167100e+00 -4.865257e+01 -1.500000e-04
    endloop
  endfacet
  facet normal 1.387779e-17 0.000000e+00 -1.000000e+00
    outer loop
      vertex   -1.167100e+00 -4.865257e+01 -1.500000e-04
      vertex   -1.516710e+01 -5.138601e+01 -1.500000e-04
      vertex   -1.516710e+01 -4.865257e+01 -1.500000e-04
    endloop
  endfacet
  facet normal -9.914449e-01 -1.305262e-01 -0.000000e+00
    outer loop
      vertex   -2.476651e+01 1.747277e+01 -2.000010e+01
      vertex   -2.476651e+01 1.747277e+01 -2.400010e+01
      vertex   -2.471710e+01 1.709748e+01 -2.000010e+01
    endloop
  endfacet
  facet normal -9.914449e-01 -1.305262e-01 -0.000000e+00
    outer loop
      vertex   -2.471710e+01 1.709748e+01 -2.000010e+01
      vertex   -2.476651e+01 1.747277e+01 -2.400010e+01
      vertex   -2.471710e+01 1.709748e+01 -2.400010e+01
    endloop
  endfacet
  facet normal -9.914449e-01 1.305262e-01 0.000000e+00
    outer loop
      vertex   -2.471710e+01 1.709748e+01 -2.000010e+01
      vertex   -2.471710e+01 1.709748e+01 -2.400010e+01
      vertex   -2.476651e+01 1.672219e+01 -2.000010e+01
    endloop
  endfacet
  facet normal -9.914449e-01 1.305262e-01 0.000000e+00
    outer loop
      vertex   -2.476651e+01 1.672219e+01 -2.000010e+01
      vertex   -2.471710e+01 1.709748e+01 -2.400010e+01
      vertex   -2.476651e+01 1.672219e+01 -2.400010e+01
    endloop
  endfacet
  facet normal -9.238795e-01 3.826834e-01 0.000000e+00
    outer loop
      vertex   -2.476651e+01 1.672219e+01 -2.000010e+01
      vertex   -2.476651e+01 1.672219e+01 -2.400010e+01
      vertex   -2.491136e+01 1.637248e+01 -2.000010e+01
    endloop
  endfacet
  facet normal -9.238795e-01 3.826834e-01 0.000000e+00
    outer loop
      vertex   -2.491136e+01 1.637248e+01 -2.000010e+01
      vertex   -2.476651e+01 1.672219e+01 -2.400010e+01
      vertex   -2.491136e+01 1.637248e+01 -2.400010e+01
    endloop
  endfacet
  facet normal -7.933533e-01 6.087614e-01 0.000000e+00
    outer loop
      vertex   -2.491136e+01 1.637248e+01 -2.000010e+01
      vertex   -2.491136e+01 1.637248e+01 -2.400010e+01
      vertex   -2.514180e+01 1.607218e+01 -2.000010e+01
    endloop
  endfacet
  facet normal -7.933533e-01 6.087614e-01 0.000000e+00
    outer loop
      vertex   -2.514180e+01 1.607218e+01 -2.000010e+01
      vertex   -2.491136e+01 1.637248e+01 -2.400010e+01
      vertex   -2.514180e+01 1.607218e+01 -2.400010e+01
    endloop
  endfacet
  facet normal -6.087614e-01 7.933533e-01 0.000000e+00
    outer loop
      vertex   -2.514180e+01 1.607218e+01 -2.000010e+01
      vertex   -2.514180e+01 1.607218e+01 -2.400010e+01
      vertex   -2.544210e+01 1.584174e+01 -2.000010e+01
    endloop
  endfacet
  facet normal -6.087614e-01 7.933533e-01 -1.883691e-16
    outer loop
      vertex   -2.544210e+01 1.584174e+01 -2.000010e+01
      vertex   -2.514180e+01 1.607218e+01 -2.400010e+01
      vertex   -2.544210e+01 1.584174e+01 -2.400010e+01
    endloop
  endfacet
  facet normal -3.826834e-01 9.238795e-01 7.039377e-17
    outer loop
      vertex   -2.544210e+01 1.584174e+01 -2.000010e+01
      vertex   -2.544210e+01 1.584174e+01 -2.400010e+01
      vertex   -2.579181e+01 1.569689e+01 -2.000010e+01
    endloop
  endfacet
  facet normal -3.826834e-01 9.238795e-01 0.000000e+00
    outer loop
      vertex   -2.579181e+01 1.569689e+01 -2.000010e+01
      vertex   -2.544210e+01 1.584174e+01 -2.400010e+01
      vertex   -2.579181e+01 1.569689e+01 -2.400010e+01
    endloop
  endfacet
  facet normal -1.305262e-01 9.914449e-01 0.000000e+00
    outer loop
      vertex   -2.579181e+01 1.569689e+01 -2.000010e+01
      vertex   -2.579181e+01 1.569689e+01 -2.400010e+01
      vertex   -2.616710e+01 1.564748e+01 -2.000010e+01
    endloop
  endfacet
  facet normal -1.305262e-01 9.914449e-01 0.000000e+00
    outer loop
      vertex   -2.616710e+01 1.564748e+01 -2.000010e+01
      vertex   -2.579181e+01 1.569689e+01 -2.400010e+01
      vertex   -2.616710e+01 1.564748e+01 -2.400010e+01
    endloop
  endfacet
  facet normal 1.305262e-01 9.914449e-01 0.000000e+00
    outer loop
      vertex   -2.616710e+01 1.564748e+01 -2.000010e+01
      vertex   -2.616710e+01 1.564748e+01 -2.400010e+01
      vertex   -2.654239e+01 1.569689e+01 -2.000010e+01
    endloop
  endfacet
  facet normal 1.305262e-01 9.914449e-01 0.000000e+00
    outer loop
      vertex   -2.654239e+01 1.569689e+01 -2.000010e+01
      vertex   -2.616710e+01 1.564748e+01 -2.400010e+01
      vertex   -2.654239e+01 1.569689e+01 -2.400010e+01
    endloop
  endfacet
  facet normal 3.826834e-01 9.238795e-01 0.000000e+00
    outer loop
      vertex   -2.654239e+01 1.569689e+01 -2.000010e+01
      vertex   -2.654239e+01 1.569689e+01 -2.400010e+01
      vertex   -2.689210e+01 1.584174e+01 -2.000010e+01
    endloop
  endfacet
  facet normal 3.826834e-01 9.238795e-01 6.797823e-16
    outer loop
      vertex   -2.689210e+01 1.584174e+01 -2.000010e+01
      vertex   -2.654239e+01 1.569689e+01 -2.400010e+01
      vertex   -2.689210e+01 1.584174e+01 -2.400010e+01
    endloop
  endfacet
  facet normal 6.087614e-01 7.933533e-01 1.081378e-15
    outer loop
      vertex   -2.689210e+01 1.584174e+01 -2.000010e+01
      vertex   -2.689210e+01 1.584174e+01 -2.400010e+01
      vertex   -2.719240e+01 1.607218e+01 -2.000010e+01
    endloop
  endfacet
  facet normal 6.087614e-01 7.933533e-01 0.000000e+00
    outer loop
      vertex   -2.719240e+01 1.607218e+01 -2.000010e+01
      vertex   -2.689210e+01 1.584174e+01 -2.400010e+01
      vertex   -2.719240e+01 1.607218e+01 -2.400010e+01
    endloop
  endfacet
  facet normal 7.933533e-01 6.087614e-01 0.000000e+00
    outer loop
      vertex   -2.719240e+01 1.607218e+01 -2.000010e+01
      vertex   -2.719240e+01 1.607218e+01 -2.400010e+01
      vertex   -2.742284e+01 1.637248e+01 -2.000010e+01
    endloop
  endfacet
  facet normal 7.933533e-01 6.087614e-01 0.000000e+00
    outer loop
      vertex   -2.742284e+01 1.637248e+01 -2.000010e+01
      vertex   -2.719240e+01 1.607218e+01 -2.400010e+01
      vertex   -2.742284e+01 1.637248e+01 -2.400010e+01
    endloop
  endfacet
  facet normal 9.238795e-01 3.826834e-01 0.000000e+00
    outer loop
      vertex   -2.742284e+01 1.637248e+01 -2.000010e+01
      vertex   -2.742284e+01 1.637248e+01 -2.400010e+01
      vertex   -2.756769e+01 1.672219e+01 -2.000010e+01
    endloop
  endfacet
  facet normal 9.238795e-01 3.826834e-01 8.205699e-16
    outer loop
      vertex   -2.756769e+01 1.672219e+01 -2.000010e+01
      vertex   -2.742284e+01 1.637248e+01 -2.400010e+01
      vertex   -2.756769e+01 1.672219e+01 -2.400010e+01
    endloop
  endfacet
  facet normal 9.914449e-01 1.305262e-01 8.805799e-16
    outer loop
      vertex   -2.756769e+01 1.672219e+01 -2.000010e+01
      vertex   -2.756769e+01 1.672219e+01 -2.400010e+01
      vertex   -2.761710e+01 1.709748e+01 -2.000010e+01
    endloop
  endfacet
  facet normal 9.914449e-01 1.305262e-01 0.000000e+00
    outer loop
      vertex   -2.761710e+01 1.709748e+01 -2.000010e+01
      vertex   -2.756769e+01 1.672219e+01 -2.400010e+01
      vertex   -2.761710e+01 1.709748e+01 -2.400010e+01
    endloop
  endfacet
  facet normal 9.914449e-01 -1.305262e-01 0.000000e+00
    outer loop
      vertex   -2.761710e+01 1.709748e+01 -2.000010e+01
      vertex   -2.761710e+01 1.709748e+01 -2.400010e+01
      vertex   -2.756769e+01 1.747277e+01 -2.000010e+01
    endloop
  endfacet
  facet normal 9.914449e-01 -1.305262e-01 -8.805799e-16
    outer loop
      vertex   -2.756769e+01 1.747277e+01 -2.000010e+01
      vertex   -2.761710e+01 1.709748e+01 -2.400010e+01
      vertex   -2.756769e+01 1.747277e+01 -2.400010e+01
    endloop
  endfacet
  facet normal 9.238795e-01 -3.826834e-01 -8.205699e-16
    outer loop
      vertex   -2.756769e+01 1.747277e+01 -2.000010e+01
      vertex   -2.756769e+01 1.747277e+01 -2.400010e+01
      vertex   -2.742284e+01 1.782248e+01 -2.000010e+01
    endloop
  endfacet
  facet normal 9.238795e-01 -3.826834e-01 0.000000e+00
    outer loop
      vertex   -2.742284e+01 1.782248e+01 -2.000010e+01
      vertex   -2.756769e+01 1.747277e+01 -2.400010e+01
      vertex   -2.742284e+01 1.782248e+01 -2.400010e+01
    endloop
  endfacet
  facet normal 7.933533e-01 -6.087614e-01 0.000000e+00
    outer loop
      vertex   -2.742284e+01 1.782248e+01 -2.000010e+01
      vertex   -2.742284e+01 1.782248e+01 -2.400010e+01
      vertex   -2.719240e+01 1.812279e+01 -2.000010e+01
    endloop
  endfacet
  facet normal 7.933533e-01 -6.087614e-01 0.000000e+00
    outer loop
      vertex   -2.719240e+01 1.812279e+01 -2.000010e+01
      vertex   -2.742284e+01 1.782248e+01 -2.400010e+01
      vertex   -2.719240e+01 1.812279e+01 -2.400010e+01
    endloop
  endfacet
  facet normal 6.087614e-01 -7.933533e-01 0.000000e+00
    outer loop
      vertex   -2.719240e+01 1.812279e+01 -2.000010e+01
      vertex   -2.719240e+01 1.812279e+01 -2.400010e+01
      vertex   -2.689210e+01 1.835322e+01 -2.000010e+01
    endloop
  endfacet
  facet normal 6.087614e-01 -7.933533e-01 -1.081378e-15
    outer loop
      vertex   -2.689210e+01 1.835322e+01 -2.000010e+01
      vertex   -2.719240e+01 1.812279e+01 -2.400010e+01
      vertex   -2.689210e+01 1.835322e+01 -2.400010e+01
    endloop
  endfacet
  facet normal 3.826834e-01 -9.238795e-01 -6.797823e-16
    outer loop
      vertex   -2.689210e+01 1.835322e+01 -2.000010e+01
      vertex   -2.689210e+01 1.835322e+01 -2.400010e+01
      vertex   -2.654239e+01 1.849807e+01 -2.000010e+01
    endloop
  endfacet
  facet normal 3.826834e-01 -9.238795e-01 0.000000e+00
    outer loop
      vertex   -2.654239e+01 1.849807e+01 -2.000010e+01
      vertex   -2.689210e+01 1.835322e+01 -2.400010e+01
      vertex   -2.654239e+01 1.849807e+01 -2.400010e+01
    endloop
  endfacet
  facet normal 1.305262e-01 -9.914449e-01 0.000000e+00
    outer loop
      vertex   -2.654239e+01 1.849807e+01 -2.000010e+01
      vertex   -2.654239e+01 1.849807e+01 -2.400010e+01
      vertex   -2.616710e+01 1.854748e+01 -2.000010e+01
    endloop
  endfacet
  facet normal 1.305262e-01 -9.914449e-01 0.000000e+00
    outer loop
      vertex   -2.616710e+01 1.854748e+01 -2.000010e+01
      vertex   -2.654239e+01 1.849807e+01 -2.400010e+01
      vertex   -2.616710e+01 1.854748e+01 -2.400010e+01
    endloop
  endfacet
  facet normal -1.305262e-01 -9.914449e-01 -0.000000e+00
    outer loop
      vertex   -2.616710e+01 1.854748e+01 -2.000010e+01
      vertex   -2.616710e+01 1.854748e+01 -2.400010e+01
      vertex   -2.579181e+01 1.849807e+01 -2.000010e+01
    endloop
  endfacet
  facet normal -1.305262e-01 -9.914449e-01 -0.000000e+00
    outer loop
      vertex   -2.579181e+01 1.849807e+01 -2.000010e+01
      vertex   -2.616710e+01 1.854748e+01 -2.400010e+01
      vertex   -2.579181e+01 1.849807e+01 -2.400010e+01
    endloop
  endfacet
  facet normal -3.826834e-01 -9.238795e-01 -0.000000e+00
    outer loop
      vertex   -2.579181e+01 1.849807e+01 -2.000010e+01
      vertex   -2.579181e+01 1.849807e+01 -2.400010e+01
      vertex   -2.544210e+01 1.835322e+01 -2.000010e+01
    endloop
  endfacet
  facet normal -3.826834e-01 -9.238795e-01 3.398912e-16
    outer loop
      vertex   -2.544210e+01 1.835322e+01 -2.000010e+01
      vertex   -2.579181e+01 1.849807e+01 -2.400010e+01
      vertex   -2.544210e+01 1.835322e+01 -2.400010e+01
    endloop
  endfacet
  facet normal -6.087614e-01 -7.933533e-01 5.406888e-16
    outer loop
      vertex   -2.544210e+01 1.835322e+01 -2.000010e+01
      vertex   -2.544210e+01 1.835322e+01 -2.400010e+01
      vertex   -2.514180e+01 1.812279e+01 -2.000010e+01
    endloop
  endfacet
  facet normal -6.087614e-01 -7.933533e-01 -0.000000e+00
    outer loop
      vertex   -2.514180e+01 1.812279e+01 -2.000010e+01
      vertex   -2.544210e+01 1.835322e+01 -2.400010e+01
      vertex   -2.514180e+01 1.812279e+01 -2.400010e+01
    endloop
  endfacet
  facet normal -7.933533e-01 -6.087614e-01 -0.000000e+00
    outer loop
      vertex   -2.514180e+01 1.812279e+01 -2.000010e+01
      vertex   -2.514180e+01 1.812279e+01 -2.400010e+01
      vertex   -2.491136e+01 1.782248e+01 -2.000010e+01
    endloop
  endfacet
  facet normal -7.933533e-01 -6.087614e-01 -0.000000e+00
    outer loop
      vertex   -2.491136e+01 1.782248e+01 -2.000010e+01
      vertex   -2.514180e+01 1.812279e+01 -2.400010e+01
      vertex   -2.491136e+01 1.782248e+01 -2.400010e+01
    endloop
  endfacet
  facet normal -9.238795e-01 -3.826834e-01 -0.000000e+00
    outer loop
      vertex   -2.491136e+01 1.782248e+01 -2.000010e+01
      vertex   -2.491136e+01 1.782248e+01 -2.400010e+01
      vertex   -2.476651e+01 1.747277e+01 -2.000010e+01
    endloop
  endfacet
  facet normal -9.238795e-01 -3.826834e-01 -0.000000e+00
    outer loop
      vertex   -2.476651e+01 1.747277e+01 -2.000010e+01
      vertex   -2.491136e+01 1.782248e+01 -2.400010e+01
      vertex   -2.476651e+01 1.747277e+01 -2.400010e+01
    endloop
  endfacet
  facet normal 0.000000e+00 0.000000e+00 1.000000e+00
    outer loop
      vertex   -2.476651e+01 1.747277e+01 -2.400010e+01
      vertex   -2.756769e+01 1.747277e+01 -2.400010e+01
      vertex   -2.471710e+01 1.709748e+01 -2.400010e+01
    endloop
  endfacet
  facet normal 0.000000e+00 0.000000e+00 1.000000e+00
    outer loop
      vertex   -2.471710e+01 1.709748e+01 -2.400010e+01
      vertex   -2.756769e+01 1.747277e+01 -2.400010e+01
      vertex   -2.761710e+01 1.709748e+01 -2.400010e+01
    endloop
  endfacet
  facet normal 0.000000e+00 0.000000e+00 1.000000e+00
    outer loop
      vertex   -2.471710e+01 1.709748e+01 -2.400010e+01
      vertex   -2.761710e+01 1.709748e+01 -2.400010e+01
      vertex   -2.476651e+01 1.672219e+01 -2.400010e+01
    endloop
  endfacet
  facet normal 0.000000e+00 0.000000e+00 1.000000e+00
    outer loop
      vertex   -2.476651e+01 1.672219e+01 -2.400010e+01
      vertex   -2.761710e+01 1.709748e+01 -2.400010e+01
      vertex   -2.756769e+01 1.672219e+01 -2.400010e+01
    endloop
  endfacet
  facet normal 0.000000e+00 0.000000e+00 1.000000e+00
    outer loop
      vertex   -2.476651e+01 1.672219e+01 -2.400010e+01
      vertex   -2.756769e+01 1.672219e+01 -2.400010e+01
      vertex   -2.491136e+01 1.637248e+01 -2.400010e+01
    endloop
  endfacet
  facet normal 0.000000e+00 0.000000e+00 1.000000e+00
    outer loop
      vertex   -2.491136e+01 1.637248e+01 -2.400010e+01
      vertex   -2.756769e+01 1.672219e+01 -2.400010e+01
      vertex   -2.742284e+01 1.637248e+01 -2.400010e+01
    endloop
  endfacet
  facet normal 0.000000e+00 0.000000e+00 1.000000e+00
    outer loop
      vertex   -2.491136e+01 1.637248e+01 -2.400010e+01
      vertex   -2.742284e+01 1.637248e+01 -2.400010e+01
      vertex   -2.514180e+01 1.607218e+01 -2.400010e+01
    endloop
  endfacet
  facet normal 0.000000e+00 0.000000e+00 1.000000e+00
    outer loop
      vertex   -2.514180e+01 1.607218e+01 -2.400010e+01
      vertex   -2.742284e+01 1.637248e+01 -2.400010e+01
      vertex   -2.719240e+01 1.607218e+01 -2.400010e+01
    endloop
  endfacet
  facet normal 0.000000e+00 0.000000e+00 1.000000e+00
    outer loop
      vertex   -2.514180e+01 1.607218e+01 -2.400010e+01
      vertex   -2.719240e+01 1.607218e+01 -2.400010e+01
      vertex   -2.544210e+01 1.584174e+01 -2.400010e+01
    endloop
  endfacet
  facet normal 0.000000e+00 0.000000e+00 1.000000e+00
    outer loop
      vertex   -2.544210e+01 1.584174e+01 -2.400010e+01
      vertex   -2.719240e+01 1.607218e+01 -2.400010e+01
      vertex   -2.689210e+01 1.584174e+01 -2.400010e+01
    endloop
  endfacet
  facet normal 0.000000e+00 0.000000e+00 1.000000e+00
    outer loop
      vertex   -2.544210e+01 1.584174e+01 -2.400010e+01
      vertex   -2.689210e+01 1.584174e+01 -2.400010e+01
      vertex   -2.579181e+01 1.569689e+01 -2.400010e+01
    endloop
  endfacet
  facet normal 0.000000e+00 0.000000e+00 1.000000e+00
    outer loop
      vertex   -2.579181e+01 1.569689e+01 -2.400010e+01
      vertex   -2.689210e+01 1.584174e+01 -2.400010e+01
      vertex   -2.654239e+01 1.569689e+01 -2.400010e+01
    endloop
  endfacet
  facet normal 0.000000e+00 0.000000e+00 1.000000e+00
    outer loop
      vertex   -2.579181e+01 1.569689e+01 -2.400010e+01
      vertex   -2.654239e+01 1.569689e+01 -2.400010e+01
      vertex   -2.616710e+01 1.564748e+01 -2.400010e+01
    endloop
  endfacet
  facet normal 0.000000e+00 0.000000e+00 1.000000e+00
    outer loop
      vertex   -2.756769e+01 1.747277e+01 -2.400010e+01
      vertex   -2.476651e+01 1.747277e+01 -2.400010e+01
      vertex   -2.742284e+01 1.782248e+01 -2.400010e+01
    endloop
  endfacet
  facet normal -0.000000e+00 0.000000e+00 1.000000e+00
    outer loop
      vertex   -2.742284e+01 1.782248e+01 -2.400010e+01
      vertex   -2.476651e+01 1.747277e+01 -2.400010e+01
      vertex   -2.491136e+01 1.782248e+01 -2.400010e+01
    endloop
  endfacet
  facet normal 0.000000e+00 0.000000e+00 1.000000e+00
    outer loop
      vertex   -2.742284e+01 1.782248e+01 -2.400010e+01
      vertex   -2.491136e+01 1.782248e+01 -2.400010e+01
      vertex   -2.719240e+01 1.812279e+01 -2.400010e+01
    endloop
  endfacet
  facet normal -0.000000e+00 0.000000e+00 1.000000e+00
    outer loop
      vertex   -2.719240e+01 1.812279e+01 -2.400010e+01
      vertex   -2.491136e+01 1.782248e+01 -2.400010e+01
      vertex   -2.514180e+01 1.812279e+01 -2.400010e+01
    endloop
  endfacet
  facet normal 0.000000e+00 0.000000e+00 1.000000e+00
    outer loop
      vertex   -2.719240e+01 1.812279e+01 -2.400010e+01
      vertex   -2.514180e+01 1.812279e+01 -2.400010e+01
      vertex   -2.689210e+01 1.835322e+01 -2.400010e+01
    endloop
  endfacet
  facet normal -0.000000e+00 0.000000e+00 1.000000e+00
    outer loop
      vertex   -2.689210e+01 1.835322e+01 -2.400010e+01
      vertex   -2.514180e+01 1.812279e+01 -2.400010e+01
      vertex   -2.544210e+01 1.835322e+01 -2.400010e+01
    endloop
  endfacet
  facet normal 0.000000e+00 0.000000e+00 1.000000e+00
    outer loop
      vertex   -2.689210e+01 1.835322e+01 -2.400010e+01
      vertex   -2.544210e+01 1.835322e+01 -2.400010e+01
      vertex   -2.654239e+01 1.849807e+01 -2.400010e+01
    endloop
  endfacet
  facet normal -0.000000e+00 0.000000e+00 1.000000e+00
    outer loop
      vertex   -2.654239e+01 1.849807e+01 -2.400010e+01
      vertex   -2.544210e+01 1.835322e+01 -2.400010e+01
      vertex   -2.579181e+01 1.849807e+01 -2.400010e+01
    endloop
  endfacet
  facet normal 0.000000e+00 0.000000e+00 1.000000e+00
    outer loop
      vertex   -2.654239e+01 1.849807e+01 -2.400010e+01
      vertex   -2.579181e+01 1.849807e+01 -2.400010e+01
      vertex   -2.616710e+01 1.854748e+01 -2.400010e+01
    endloop
  endfacet
  facet normal -1.305262e-01 9.914449e-01 -1.159305e-16
    outer loop
      vertex   1.020819e+01 1.569689e+01 -2.000010e+01
      vertex   1.020819e+01 1.569689e+01 -2.400010e+01
      vertex   9.832900e+00 1.564748e+01 -2.000010e+01
    endloop
  endfacet
  facet normal -1.305262e-01 9.914449e-01 0.000000e+00
    outer loop
      vertex   9.832900e+00 1.564748e+01 -2.000010e+01
      vertex   1.020819e+01 1.569689e+01 -2.400010e+01
      vertex   9.832900e+00 1.564748e+01 -2.400010e+01
    endloop
  endfacet
  facet normal 1.305262e-01 9.914449e-01 0.000000e+00
    outer loop
      vertex   9.832900e+00 1.564748e+01 -2.000010e+01
      vertex   9.832900e+00 1.564748e+01 -2.400010e+01
      vertex   9.457612e+00 1.569689e+01 -2.000010e+01
    endloop
  endfacet
  facet normal 1.305262e-01 9.914449e-01 5.796527e-17
    outer loop
      vertex   9.457612e+00 1.569689e+01 -2.000010e+01
      vertex   9.832900e+00 1.564748e+01 -2.400010e+01
      vertex   9.457612e+00 1.569689e+01 -2.400010e+01
    endloop
  endfacet
  facet normal 3.826834e-01 9.238795e-01 1.699456e-16
    outer loop
      vertex   9.457612e+00 1.569689e+01 -2.000010e+01
      vertex   9.457612e+00 1.569689e+01 -2.400010e+01
      vertex   9.107900e+00 1.584174e+01 -2.000010e+01
    endloop
  endfacet
  facet normal 3.826834e-01 9.238795e-01 0.000000e+00
    outer loop
      vertex   9.107900e+00 1.584174e+01 -2.000010e+01
      vertex   9.457612e+00 1.569689e+01 -2.400010e+01
      vertex   9.107900e+00 1.584174e+01 -2.400010e+01
    endloop
  endfacet
  facet normal 6.087614e-01 7.933533e-01 0.000000e+00
    outer loop
      vertex   9.107900e+00 1.584174e+01 -2.000010e+01
      vertex   9.107900e+00 1.584174e+01 -2.400010e+01
      vertex   8.807595e+00 1.607218e+01 -2.000010e+01
    endloop
  endfacet
  facet normal 6.087614e-01 7.933533e-01 0.000000e+00
    outer loop
      vertex   8.807595e+00 1.607218e+01 -2.000010e+01
      vertex   9.107900e+00 1.584174e+01 -2.400010e+01
      vertex   8.807595e+00 1.607218e+01 -2.400010e+01
    endloop
  endfacet
  facet normal 7.933533e-01 6.087614e-01 0.000000e+00
    outer loop
      vertex   8.807595e+00 1.607218e+01 -2.000010e+01
      vertex   8.807595e+00 1.607218e+01 -2.400010e+01
      vertex   8.577163e+00 1.637248e+01 -2.000010e+01
    endloop
  endfacet
  facet normal 7.933533e-01 6.087614e-01 -5.406888e-16
    outer loop
      vertex   8.577163e+00 1.637248e+01 -2.000010e+01
      vertex   8.807595e+00 1.607218e+01 -2.400010e+01
      vertex   8.577163e+00 1.637248e+01 -2.400010e+01
    endloop
  endfacet
  facet normal 9.238795e-01 3.826834e-01 -3.398912e-16
    outer loop
      vertex   8.577163e+00 1.637248e+01 -2.000010e+01
      vertex   8.577163e+00 1.637248e+01 -2.400010e+01
      vertex   8.432308e+00 1.672219e+01 -2.000010e+01
    endloop
  endfacet
  facet normal 9.238795e-01 3.826834e-01 0.000000e+00
    outer loop
      vertex   8.432308e+00 1.672219e+01 -2.000010e+01
      vertex   8.577163e+00 1.637248e+01 -2.400010e+01
      vertex   8.432308e+00 1.672219e+01 -2.400010e+01
    endloop
  endfacet
  facet normal 9.914449e-01 1.305262e-01 0.000000e+00
    outer loop
      vertex   8.432308e+00 1.672219e+01 -2.000010e+01
      vertex   8.432308e+00 1.672219e+01 -2.400010e+01
      vertex   8.382900e+00 1.709748e+01 -2.000010e+01
    endloop
  endfacet
  facet normal 9.914449e-01 1.305262e-01 0.000000e+00
    outer loop
      vertex   8.382900e+00 1.709748e+01 -2.000010e+01
      vertex   8.432308e+00 1.672219e+01 -2.400010e+01
      vertex   8.382900e+00 1.709748e+01 -2.400010e+01
    endloop
  endfacet
  facet normal 9.914449e-01 -1.305262e-01 0.000000e+00
    outer loop
      vertex   8.382900e+00 1.709748e+01 -2.000010e+01
      vertex   8.382900e+00 1.709748e+01 -2.400010e+01
      vertex   8.432308e+00 1.747277e+01 -2.000010e+01
    endloop
  endfacet
  facet normal 9.914449e-01 -1.305262e-01 0.000000e+00
    outer loop
      vertex   8.432308e+00 1.747277e+01 -2.000010e+01
      vertex   8.382900e+00 1.709748e+01 -2.400010e+01
      vertex   8.432308e+00 1.747277e+01 -2.400010e+01
    endloop
  endfacet
  facet normal 9.238795e-01 -3.826834e-01 0.000000e+00
    outer loop
      vertex   8.432308e+00 1.747277e+01 -2.000010e+01
      vertex   8.432308e+00 1.747277e+01 -2.400010e+01
      vertex   8.577163e+00 1.782248e+01 -2.000010e+01
    endloop
  endfacet
  facet normal 9.238795e-01 -3.826834e-01 0.000000e+00
    outer loop
      vertex   8.577163e+00 1.782248e+01 -2.000010e+01
      vertex   8.432308e+00 1.747277e+01 -2.400010e+01
      vertex   8.577163e+00 1.782248e+01 -2.400010e+01
    endloop
  endfacet
  facet normal 7.933533e-01 -6.087614e-01 0.000000e+00
    outer loop
      vertex   8.577163e+00 1.782248e+01 -2.000010e+01
      vertex   8.577163e+00 1.782248e+01 -2.400010e+01
      vertex   8.807595e+00 1.812279e+01 -2.000010e+01
    endloop
  endfacet
  facet normal 7.933533e-01 -6.087614e-01 0.000000e+00
    outer loop
      vertex   8.807595e+00 1.812279e+01 -2.000010e+01
      vertex   8.577163e+00 1.782248e+01 -2.400010e+01
      vertex   8.807595e+00 1.812279e+01 -2.400010e+01
    endloop
  endfacet
  facet normal 6.087614e-01 -7.933533e-01 0.000000e+00
    outer loop
      vertex   8.807595e+00 1.812279e+01 -2.000010e+01
      vertex   8.807595e+00 1.812279e+01 -2.400010e+01
      vertex   9.107900e+00 1.835322e+01 -2.000010e+01
    endloop
  endfacet
  facet normal 6.087614e-01 -7.933533e-01 0.000000e+00
    outer loop
      vertex   9.107900e+00 1.835322e+01 -2.000010e+01
      vertex   8.807595e+00 1.812279e+01 -2.400010e+01
      vertex   9.107900e+00 1.835322e+01 -2.400010e+01
    endloop
  endfacet
  facet normal 3.826834e-01 -9.238795e-01 0.000000e+00
    outer loop
      vertex   9.107900e+00 1.835322e+01 -2.000010e+01
      vertex   9.107900e+00 1.835322e+01 -2.400010e+01
      vertex   9.457612e+00 1.849807e+01 -2.000010e+01
    endloop
  endfacet
  facet normal 3.826834e-01 -9.238795e-01 0.000000e+00
    outer loop
      vertex   9.457612e+00 1.849807e+01 -2.000010e+01
      vertex   9.107900e+00 1.835322e+01 -2.400010e+01
      vertex   9.457612e+00 1.849807e+01 -2.400010e+01
    endloop
  endfacet
  facet normal 1.305262e-01 -9.914449e-01 0.000000e+00
    outer loop
      vertex   9.457612e+00 1.849807e+01 -2.000010e+01
      vertex   9.457612e+00 1.849807e+01 -2.400010e+01
      vertex   9.832900e+00 1.854748e+01 -2.000010e+01
    endloop
  endfacet
  facet normal 1.305262e-01 -9.914449e-01 0.000000e+00
    outer loop
      vertex   9.832900e+00 1.854748e+01 -2.000010e+01
      vertex   9.457612e+00 1.849807e+01 -2.400010e+01
      vertex   9.832900e+00 1.854748e+01 -2.400010e+01
    endloop
  endfacet
  facet normal -1.305262e-01 -9.914449e-01 -0.000000e+00
    outer loop
      vertex   9.832900e+00 1.854748e+01 -2.000010e+01
      vertex   9.832900e+00 1.854748e+01 -2.400010e+01
      vertex   1.020819e+01 1.849807e+01 -2.000010e+01
    endloop
  endfacet
  facet normal -1.305262e-01 -9.914449e-01 -0.000000e+00
    outer loop
      vertex   1.020819e+01 1.849807e+01 -2.000010e+01
      vertex   9.832900e+00 1.854748e+01 -2.400010e+01
      vertex   1.020819e+01 1.849807e+01 -2.400010e+01
    endloop
  endfacet
  facet normal -3.826834e-01 -9.238795e-01 -0.000000e+00
    outer loop
      vertex   1.020819e+01 1.849807e+01 -2.000010e+01
      vertex   1.020819e+01 1.849807e+01 -2.400010e+01
      vertex   1.055790e+01 1.835322e+01 -2.000010e+01
    endloop
  endfacet
  facet normal -3.826834e-01 -9.238795e-01 -0.000000e+00
    outer loop
      vertex   1.055790e+01 1.835322e+01 -2.000010e+01
      vertex   1.020819e+01 1.849807e+01 -2.400010e+01
      vertex   1.055790e+01 1.835322e+01 -2.400010e+01
    endloop
  endfacet
  facet normal -6.087614e-01 -7.933533e-01 -0.000000e+00
    outer loop
      vertex   1.055790e+01 1.835322e+01 -2.000010e+01
      vertex   1.055790e+01 1.835322e+01 -2.400010e+01
      vertex   1.085820e+01 1.812279e+01 -2.000010e+01
    endloop
  endfacet
  facet normal -6.087614e-01 -7.933533e-01 5.406888e-16
    outer loop
      vertex   1.085820e+01 1.812279e+01 -2.000010e+01
      vertex   1.055790e+01 1.835322e+01 -2.400010e+01
      vertex   1.085820e+01 1.812279e+01 -2.400010e+01
    endloop
  endfacet
  facet normal -7.933533e-01 -6.087614e-01 7.046393e-16
    outer loop
      vertex   1.085820e+01 1.812279e+01 -2.000010e+01
      vertex   1.085820e+01 1.812279e+01 -2.400010e+01
      vertex   1.108864e+01 1.782248e+01 -2.000010e+01
    endloop
  endfacet
  facet normal -7.933533e-01 -6.087614e-01 7.046393e-16
    outer loop
      vertex   1.108864e+01 1.782248e+01 -2.000010e+01
      vertex   1.085820e+01 1.812279e+01 -2.400010e+01
      vertex   1.108864e+01 1.782248e+01 -2.400010e+01
    endloop
  endfacet
  facet normal -9.238795e-01 -3.826834e-01 8.205699e-16
    outer loop
      vertex   1.108864e+01 1.782248e+01 -2.000010e+01
      vertex   1.108864e+01 1.782248e+01 -2.400010e+01
      vertex   1.123349e+01 1.747277e+01 -2.000010e+01
    endloop
  endfacet
  facet normal -9.238795e-01 -3.826834e-01 -0.000000e+00
    outer loop
      vertex   1.123349e+01 1.747277e+01 -2.000010e+01
      vertex   1.108864e+01 1.782248e+01 -2.400010e+01
      vertex   1.123349e+01 1.747277e+01 -2.400010e+01
    endloop
  endfacet
  facet normal -9.914449e-01 -1.305262e-01 -0.000000e+00
    outer loop
      vertex   1.123349e+01 1.747277e+01 -2.000010e+01
      vertex   1.123349e+01 1.747277e+01 -2.400010e+01
      vertex   1.128290e+01 1.709748e+01 -2.000010e+01
    endloop
  endfacet
  facet normal -9.914449e-01 -1.305262e-01 -0.000000e+00
    outer loop
      vertex   1.128290e+01 1.709748e+01 -2.000010e+01
      vertex   1.123349e+01 1.747277e+01 -2.400010e+01
      vertex   1.128290e+01 1.709748e+01 -2.400010e+01
    endloop
  endfacet
  facet normal -9.914449e-01 1.305262e-01 0.000000e+00
    outer loop
      vertex   1.128290e+01 1.709748e+01 -2.000010e+01
      vertex   1.128290e+01 1.709748e+01 -2.400010e+01
      vertex   1.123349e+01 1.672219e+01 -2.000010e+01
    endloop
  endfacet
  facet normal -9.914449e-01 1.305262e-01 0.000000e+00
    outer loop
      vertex   1.123349e+01 1.672219e+01 -2.000010e+01
      vertex   1.128290e+01 1.709748e+01 -2.400010e+01
      vertex   1.123349e+01 1.672219e+01 -2.400010e+01
    endloop
  endfacet
  facet normal -9.238795e-01 3.826834e-01 0.000000e+00
    outer loop
      vertex   1.123349e+01 1.672219e+01 -2.000010e+01
      vertex   1.123349e+01 1.672219e+01 -2.400010e+01
      vertex   1.108864e+01 1.637248e+01 -2.000010e+01
    endloop
  endfacet
  facet normal -9.238795e-01 3.826834e-01 -8.205699e-16
    outer loop
      vertex   1.108864e+01 1.637248e+01 -2.000010e+01
      vertex   1.123349e+01 1.672219e+01 -2.400010e+01
      vertex   1.108864e+01 1.637248e+01 -2.400010e+01
    endloop
  endfacet
  facet normal -7.933533e-01 6.087614e-01 -7.046393e-16
    outer loop
      vertex   1.108864e+01 1.637248e+01 -2.000010e+01
      vertex   1.108864e+01 1.637248e+01 -2.400010e+01
      vertex   1.085820e+01 1.607218e+01 -2.000010e+01
    endloop
  endfacet
  facet normal -7.933533e-01 6.087614e-01 0.000000e+00
    outer loop
      vertex   1.085820e+01 1.607218e+01 -2.000010e+01
      vertex   1.108864e+01 1.637248e+01 -2.400010e+01
      vertex   1.085820e+01 1.607218e+01 -2.400010e+01
    endloop
  endfacet
  facet normal -6.087614e-01 7.933533e-01 0.000000e+00
    outer loop
      vertex   1.085820e+01 1.607218e+01 -2.000010e+01
      vertex   1.085820e+01 1.607218e+01 -2.400010e+01
      vertex   1.055790e+01 1.584174e+01 -2.000010e+01
    endloop
  endfacet
  facet normal -6.087614e-01 7.933533e-01 0.000000e+00
    outer loop
      vertex   1.055790e+01 1.584174e+01 -2.000010e+01
      vertex   1.085820e+01 1.607218e+01 -2.400010e+01
      vertex   1.055790e+01 1.584174e+01 -2.400010e+01
    endloop
  endfacet
  facet normal -3.826834e-01 9.238795e-01 0.000000e+00
    outer loop
      vertex   1.055790e+01 1.584174e+01 -2.000010e+01
      vertex   1.055790e+01 1.584174e+01 -2.400010e+01
      vertex   1.020819e+01 1.569689e+01 -2.000010e+01
    endloop
  endfacet
  facet normal -3.826834e-01 9.238795e-01 -3.398912e-16
    outer loop
      vertex   1.020819e+01 1.569689e+01 -2.000010e+01
      vertex   1.055790e+01 1.584174e+01 -2.400010e+01
      vertex   1.020819e+01 1.569689e+01 -2.400010e+01
    endloop
  endfacet
  facet normal 0.000000e+00 -0.000000e+00 1.000000e+00
    outer loop
      vertex   9.832900e+00 1.564748e+01 -2.400010e+01
      vertex   1.020819e+01 1.569689e+01 -2.400010e+01
      vertex   9.457612e+00 1.569689e+01 -2.400010e+01
    endloop
  endfacet
  facet normal 0.000000e+00 -0.000000e+00 1.000000e+00
    outer loop
      vertex   9.457612e+00 1.569689e+01 -2.400010e+01
      vertex   1.020819e+01 1.569689e+01 -2.400010e+01
      vertex   9.107900e+00 1.584174e+01 -2.400010e+01
    endloop
  endfacet
  facet normal -0.000000e+00 0.000000e+00 1.000000e+00
    outer loop
      vertex   9.107900e+00 1.584174e+01 -2.400010e+01
      vertex   1.020819e+01 1.569689e+01 -2.400010e+01
      vertex   1.055790e+01 1.584174e+01 -2.400010e+01
    endloop
  endfacet
  facet normal 0.000000e+00 -0.000000e+00 1.000000e+00
    outer loop
      vertex   9.107900e+00 1.584174e+01 -2.400010e+01
      vertex   1.055790e+01 1.584174e+01 -2.400010e+01
      vertex   8.807595e+00 1.607218e+01 -2.400010e+01
    endloop
  endfacet
  facet normal -0.000000e+00 0.000000e+00 1.000000e+00
    outer loop
      vertex   8.807595e+00 1.607218e+01 -2.400010e+01
      vertex   1.055790e+01 1.584174e+01 -2.400010e+01
      vertex   1.085820e+01 1.607218e+01 -2.400010e+01
    endloop
  endfacet
  facet normal 0.000000e+00 -0.000000e+00 1.000000e+00
    outer loop
      vertex   8.807595e+00 1.607218e+01 -2.400010e+01
      vertex   1.085820e+01 1.607218e+01 -2.400010e+01
      vertex   8.577163e+00 1.637248e+01 -2.400010e+01
    endloop
  endfacet
  facet normal -0.000000e+00 0.000000e+00 1.000000e+00
    outer loop
      vertex   8.577163e+00 1.637248e+01 -2.400010e+01
      vertex   1.085820e+01 1.607218e+01 -2.400010e+01
      vertex   1.108864e+01 1.637248e+01 -2.400010e+01
    endloop
  endfacet
  facet normal 0.000000e+00 -0.000000e+00 1.000000e+00
    outer loop
      vertex   8.577163e+00 1.637248e+01 -2.400010e+01
      vertex   1.108864e+01 1.637248e+01 -2.400010e+01
      vertex   8.432308e+00 1.672219e+01 -2.400010e+01
    endloop
  endfacet
  facet normal -0.000000e+00 0.000000e+00 1.000000e+00
    outer loop
      vertex   8.432308e+00 1.672219e+01 -2.400010e+01
      vertex   1.108864e+01 1.637248e+01 -2.400010e+01
      vertex   1.123349e+01 1.672219e+01 -2.400010e+01
    endloop
  endfacet
  facet normal 0.000000e+00 -0.000000e+00 1.000000e+00
    outer loop
      vertex   8.432308e+00 1.672219e+01 -2.400010e+01
      vertex   1.123349e+01 1.672219e+01 -2.400010e+01
      vertex   8.382900e+00 1.709748e+01 -2.400010e+01
    endloop
  endfacet
  facet normal -0.000000e+00 0.000000e+00 1.000000e+00
    outer loop
      vertex   8.382900e+00 1.709748e+01 -2.400010e+01
      vertex   1.123349e+01 1.672219e+01 -2.400010e+01
      vertex   1.128290e+01 1.709748e+01 -2.400010e+01
    endloop
  endfacet
  facet normal 0.000000e+00 0.000000e+00 1.000000e+00
    outer loop
      vertex   8.382900e+00 1.709748e+01 -2.400010e+01
      vertex   1.128290e+01 1.709748e+01 -2.400010e+01
      vertex   8.432308e+00 1.747277e+01 -2.400010e+01
    endloop
  endfacet
  facet normal -0.000000e+00 0.000000e+00 1.000000e+00
    outer loop
      vertex   8.432308e+00 1.747277e+01 -2.400010e+01
      vertex   1.128290e+01 1.709748e+01 -2.400010e+01
      vertex   1.123349e+01 1.747277e+01 -2.400010e+01
    endloop
  endfacet
  facet normal 0.000000e+00 0.000000e+00 1.000000e+00
    outer loop
      vertex   8.432308e+00 1.747277e+01 -2.400010e+01
      vertex   1.123349e+01 1.747277e+01 -2.400010e+01
      vertex   8.577163e+00 1.782248e+01 -2.400010e+01
    endloop
  endfacet
  facet normal -0.000000e+00 0.000000e+00 1.000000e+00
    outer loop
      vertex   8.577163e+00 1.782248e+01 -2.400010e+01
      vertex   1.123349e+01 1.747277e+01 -2.400010e+01
      vertex   1.108864e+01 1.782248e+01 -2.400010e+01
    endloop
  endfacet
  facet normal 0.000000e+00 0.000000e+00 1.000000e+00
    outer loop
      vertex   8.577163e+00 1.782248e+01 -2.400010e+01
      vertex   1.108864e+01 1.782248e+01 -2.400010e+01
      vertex   8.807595e+00 1.812279e+01 -2.400010e+01
    endloop
  endfacet
  facet normal -0.000000e+00 0.000000e+00 1.000000e+00
    outer loop
      vertex   8.807595e+00 1.812279e+01 -2.400010e+01
      vertex   1.108864e+01 1.782248e+01 -2.400010e+01
      vertex   1.085820e+01 1.812279e+01 -2.400010e+01
    endloop
  endfacet
  facet normal 0.000000e+00 0.000000e+00 1.000000e+00
    outer loop
      vertex   8.807595e+00 1.812279e+01 -2.400010e+01
      vertex   1.085820e+01 1.812279e+01 -2.400010e+01
      vertex   9.107900e+00 1.835322e+01 -2.400010e+01
    endloop
  endfacet
  facet normal -0.000000e+00 0.000000e+00 1.000000e+00
    outer loop
      vertex   9.107900e+00 1.835322e+01 -2.400010e+01
      vertex   1.085820e+01 1.812279e+01 -2.400010e+01
      vertex   1.055790e+01 1.835322e+01 -2.400010e+01
    endloop
  endfacet
  facet normal 0.000000e+00 0.000000e+00 1.000000e+00
    outer loop
      vertex   9.107900e+00 1.835322e+01 -2.400010e+01
      vertex   1.055790e+01 1.835322e+01 -2.400010e+01
      vertex   9.457612e+00 1.849807e+01 -2.400010e+01
    endloop
  endfacet
  facet normal -0.000000e+00 0.000000e+00 1.000000e+00
    outer loop
      vertex   9.457612e+00 1.849807e+01 -2.400010e+01
      vertex   1.055790e+01 1.835322e+01 -2.400010e+01
      vertex   1.020819e+01 1.849807e+01 -2.400010e+01
    endloop
  endfacet
  facet normal 0.000000e+00 0.000000e+00 1.000000e+00
    outer loop
      vertex   9.457612e+00 1.849807e+01 -2.400010e+01
      vertex   1.020819e+01 1.849807e+01 -2.400010e+01
      vertex   9.832900e+00 1.854748e+01 -2.400010e+01
    endloop
  endfacet
  facet normal 1.305262e-01 -9.914449e-01 0.000000e+00
    outer loop
      vertex   -2.654239e+01 -3.750193e+01 -2.000010e+01
      vertex   -2.654239e+01 -3.750193e+01 -2.400010e+01
      vertex   -2.616710e+01 -3.745252e+01 -2.000010e+01
    endloop
  endfacet
  facet normal 1.305262e-01 -9.914449e-01 0.000000e+00
    outer loop
      vertex   -2.616710e+01 -3.745252e+01 -2.000010e+01
      vertex   -2.654239e+01 -3.750193e+01 -2.400010e+01
      vertex   -2.616710e+01 -3.745252e+01 -2.400010e+01
    endloop
  endfacet
  facet normal -1.305262e-01 -9.914449e-01 -0.000000e+00
    outer loop
      vertex   -2.616710e+01 -3.745252e+01 -2.000010e+01
      vertex   -2.616710e+01 -3.745252e+01 -2.400010e+01
      vertex   -2.579181e+01 -3.750193e+01 -2.000010e+01
    endloop
  endfacet
  facet normal -1.305262e-01 -9.914449e-01 2.318611e-16
    outer loop
      vertex   -2.579181e+01 -3.750193e+01 -2.000010e+01
      vertex   -2.616710e+01 -3.745252e+01 -2.400010e+01
      vertex   -2.579181e+01 -3.750193e+01 -2.400010e+01
    endloop
  endfacet
  facet normal -3.826834e-01 -9.238795e-01 6.797823e-16
    outer loop
      vertex   -2.579181e+01 -3.750193e+01 -2.000010e+01
      vertex   -2.579181e+01 -3.750193e+01 -2.400010e+01
      vertex   -2.544210e+01 -3.764678e+01 -2.000010e+01
    endloop
  endfacet
  facet normal -3.826834e-01 -9.238795e-01 -0.000000e+00
    outer loop
      vertex   -2.544210e+01 -3.764678e+01 -2.000010e+01
      vertex   -2.579181e+01 -3.750193e+01 -2.400010e+01
      vertex   -2.544210e+01 -3.764678e+01 -2.400010e+01
    endloop
  endfacet
  facet normal -6.087614e-01 -7.933533e-01 -0.000000e+00
    outer loop
      vertex   -2.544210e+01 -3.764678e+01 -2.000010e+01
      vertex   -2.544210e+01 -3.764678e+01 -2.400010e+01
      vertex   -2.514180e+01 -3.787721e+01 -2.000010e+01
    endloop
  endfacet
  facet normal -6.087614e-01 -7.933533e-01 -0.000000e+00
    outer loop
      vertex   -2.514180e+01 -3.787721e+01 -2.000010e+01
      vertex   -2.544210e+01 -3.764678e+01 -2.400010e+01
      vertex   -2.514180e+01 -3.787721e+01 -2.400010e+01
    endloop
  endfacet
  facet normal -7.933533e-01 -6.087614e-01 -0.000000e+00
    outer loop
      vertex   -2.514180e+01 -3.787721e+01 -2.000010e+01
      vertex   -2.514180e+01 -3.787721e+01 -2.400010e+01
      vertex   -2.491136e+01 -3.817752e+01 -2.000010e+01
    endloop
  endfacet
  facet normal -7.933533e-01 -6.087614e-01 -1.081378e-15
    outer loop
      vertex   -2.491136e+01 -3.817752e+01 -2.000010e+01
      vertex   -2.514180e+01 -3.787721e+01 -2.400010e+01
      vertex   -2.491136e+01 -3.817752e+01 -2.400010e+01
    endloop
  endfacet
  facet normal -9.238795e-01 -3.826834e-01 -6.797823e-16
    outer loop
      vertex   -2.491136e+01 -3.817752e+01 -2.000010e+01
      vertex   -2.491136e+01 -3.817752e+01 -2.400010e+01
      vertex   -2.476651e+01 -3.852723e+01 -2.000010e+01
    endloop
  endfacet
  facet normal -9.238795e-01 -3.826834e-01 -0.000000e+00
    outer loop
      vertex   -2.476651e+01 -3.852723e+01 -2.000010e+01
      vertex   -2.491136e+01 -3.817752e+01 -2.400010e+01
      vertex   -2.476651e+01 -3.852723e+01 -2.400010e+01
    endloop
  endfacet
  facet normal -9.914449e-01 -1.305262e-01 -0.000000e+00
    outer loop
      vertex   -2.476651e+01 -3.852723e+01 -2.000010e+01
      vertex   -2.476651e+01 -3.852723e+01 -2.400010e+01
      vertex   -2.471710e+01 -3.890252e+01 -2.000010e+01
    endloop
  endfacet
  facet normal -9.914449e-01 -1.305262e-01 -0.000000e+00
    outer loop
      vertex   -2.471710e+01 -3.890252e+01 -2.000010e+01
      vertex   -2.476651e+01 -3.852723e+01 -2.400010e+01
      vertex   -2.471710e+01 -3.890252e+01 -2.400010e+01
    endloop
  endfacet
  facet normal -9.914449e-01 1.305262e-01 0.000000e+00
    outer loop
      vertex   -2.471710e+01 -3.890252e+01 -2.000010e+01
      vertex   -2.471710e+01 -3.890252e+01 -2.400010e+01
      vertex   -2.476651e+01 -3.927781e+01 -2.000010e+01
    endloop
  endfacet
  facet normal -9.914449e-01 1.305262e-01 -6.487188e-16
    outer loop
      vertex   -2.476651e+01 -3.927781e+01 -2.000010e+01
      vertex   -2.471710e+01 -3.890252e+01 -2.400010e+01
      vertex   -2.476651e+01 -3.927781e+01 -2.400010e+01
    endloop
  endfacet
  facet normal -9.238795e-01 3.826834e-01 -1.407875e-16
    outer loop
      vertex   -2.476651e+01 -3.927781e+01 -2.000010e+01
      vertex   -2.476651e+01 -3.927781e+01 -2.400010e+01
      vertex   -2.491136e+01 -3.962752e+01 -2.000010e+01
    endloop
  endfacet
  facet normal -9.238795e-01 3.826834e-01 0.000000e+00
    outer loop
      vertex   -2.491136e+01 -3.962752e+01 -2.000010e+01
      vertex   -2.476651e+01 -3.927781e+01 -2.400010e+01
      vertex   -2.491136e+01 -3.962752e+01 -2.400010e+01
    endloop
  endfacet
  facet normal -7.933533e-01 6.087614e-01 0.000000e+00
    outer loop
      vertex   -2.491136e+01 -3.962752e+01 -2.000010e+01
      vertex   -2.491136e+01 -3.962752e+01 -2.400010e+01
      vertex   -2.514180e+01 -3.992782e+01 -2.000010e+01
    endloop
  endfacet
  facet normal -7.933533e-01 6.087614e-01 0.000000e+00
    outer loop
      vertex   -2.514180e+01 -3.992782e+01 -2.000010e+01
      vertex   -2.491136e+01 -3.962752e+01 -2.400010e+01
      vertex   -2.514180e+01 -3.992782e+01 -2.400010e+01
    endloop
  endfacet
  facet normal -6.087614e-01 7.933533e-01 0.000000e+00
    outer loop
      vertex   -2.514180e+01 -3.992782e+01 -2.000010e+01
      vertex   -2.514180e+01 -3.992782e+01 -2.400010e+01
      vertex   -2.544210e+01 -4.015826e+01 -2.000010e+01
    endloop
  endfacet
  facet normal -6.087614e-01 7.933533e-01 -5.406888e-16
    outer loop
      vertex   -2.544210e+01 -4.015826e+01 -2.000010e+01
      vertex   -2.514180e+01 -3.992782e+01 -2.400010e+01
      vertex   -2.544210e+01 -4.015826e+01 -2.400010e+01
    endloop
  endfacet
  facet normal -3.826834e-01 9.238795e-01 -3.398912e-16
    outer loop
      vertex   -2.544210e+01 -4.015826e+01 -2.000010e+01
      vertex   -2.544210e+01 -4.015826e+01 -2.400010e+01
      vertex   -2.579181e+01 -4.030311e+01 -2.000010e+01
    endloop
  endfacet
  facet normal -3.826834e-01 9.238795e-01 0.000000e+00
    outer loop
      vertex   -2.579181e+01 -4.030311e+01 -2.000010e+01
      vertex   -2.544210e+01 -4.015826e+01 -2.400010e+01
      vertex   -2.579181e+01 -4.030311e+01 -2.400010e+01
    endloop
  endfacet
  facet normal -1.305262e-01 9.914449e-01 0.000000e+00
    outer loop
      vertex   -2.579181e+01 -4.030311e+01 -2.000010e+01
      vertex   -2.579181e+01 -4.030311e+01 -2.400010e+01
      vertex   -2.616710e+01 -4.035252e+01 -2.000010e+01
    endloop
  endfacet
  facet normal -1.305262e-01 9.914449e-01 0.000000e+00
    outer loop
      vertex   -2.616710e+01 -4.035252e+01 -2.000010e+01
      vertex   -2.579181e+01 -4.030311e+01 -2.400010e+01
      vertex   -2.616710e+01 -4.035252e+01 -2.400010e+01
    endloop
  endfacet
  facet normal 1.305262e-01 9.914449e-01 0.000000e+00
    outer loop
      vertex   -2.616710e+01 -4.035252e+01 -2.000010e+01
      vertex   -2.616710e+01 -4.035252e+01 -2.400010e+01
      vertex   -2.654239e+01 -4.030311e+01 -2.000010e+01
    endloop
  endfacet
  facet normal 1.305262e-01 9.914449e-01 0.000000e+00
    outer loop
      vertex   -2.654239e+01 -4.030311e+01 -2.000010e+01
      vertex   -2.616710e+01 -4.035252e+01 -2.400010e+01
      vertex   -2.654239e+01 -4.030311e+01 -2.400010e+01
    endloop
  endfacet
  facet normal 3.826834e-01 9.238795e-01 0.000000e+00
    outer loop
      vertex   -2.654239e+01 -4.030311e+01 -2.000010e+01
      vertex   -2.654239e+01 -4.030311e+01 -2.400010e+01
      vertex   -2.689210e+01 -4.015826e+01 -2.000010e+01
    endloop
  endfacet
  facet normal 3.826834e-01 9.238795e-01 6.797823e-16
    outer loop
      vertex   -2.689210e+01 -4.015826e+01 -2.000010e+01
      vertex   -2.654239e+01 -4.030311e+01 -2.400010e+01
      vertex   -2.689210e+01 -4.015826e+01 -2.400010e+01
    endloop
  endfacet
  facet normal 6.087614e-01 7.933533e-01 1.081378e-15
    outer loop
      vertex   -2.689210e+01 -4.015826e+01 -2.000010e+01
      vertex   -2.689210e+01 -4.015826e+01 -2.400010e+01
      vertex   -2.719240e+01 -3.992782e+01 -2.000010e+01
    endloop
  endfacet
  facet normal 6.087614e-01 7.933533e-01 0.000000e+00
    outer loop
      vertex   -2.719240e+01 -3.992782e+01 -2.000010e+01
      vertex   -2.689210e+01 -4.015826e+01 -2.400010e+01
      vertex   -2.719240e+01 -3.992782e+01 -2.400010e+01
    endloop
  endfacet
  facet normal 7.933533e-01 6.087614e-01 0.000000e+00
    outer loop
      vertex   -2.719240e+01 -3.992782e+01 -2.000010e+01
      vertex   -2.719240e+01 -3.992782e+01 -2.400010e+01
      vertex   -2.742284e+01 -3.962752e+01 -2.000010e+01
    endloop
  endfacet
  facet normal 7.933533e-01 6.087614e-01 0.000000e+00
    outer loop
      vertex   -2.742284e+01 -3.962752e+01 -2.000010e+01
      vertex   -2.719240e+01 -3.992782e+01 -2.400010e+01
      vertex   -2.742284e+01 -3.962752e+01 -2.400010e+01
    endloop
  endfacet
  facet normal 9.238795e-01 3.826834e-01 0.000000e+00
    outer loop
      vertex   -2.742284e+01 -3.962752e+01 -2.000010e+01
      vertex   -2.742284e+01 -3.962752e+01 -2.400010e+01
      vertex   -2.756769e+01 -3.927781e+01 -2.000010e+01
    endloop
  endfacet
  facet normal 9.238795e-01 3.826834e-01 8.205699e-16
    outer loop
      vertex   -2.756769e+01 -3.927781e+01 -2.000010e+01
      vertex   -2.742284e+01 -3.962752e+01 -2.400010e+01
      vertex   -2.756769e+01 -3.927781e+01 -2.400010e+01
    endloop
  endfacet
  facet normal 9.914449e-01 1.305262e-01 8.805799e-16
    outer loop
      vertex   -2.756769e+01 -3.927781e+01 -2.000010e+01
      vertex   -2.756769e+01 -3.927781e+01 -2.400010e+01
      vertex   -2.761710e+01 -3.890252e+01 -2.000010e+01
    endloop
  endfacet
  facet normal 9.914449e-01 1.305262e-01 0.000000e+00
    outer loop
      vertex   -2.761710e+01 -3.890252e+01 -2.000010e+01
      vertex   -2.756769e+01 -3.927781e+01 -2.400010e+01
      vertex   -2.761710e+01 -3.890252e+01 -2.400010e+01
    endloop
  endfacet
  facet normal 9.914449e-01 -1.305262e-01 0.000000e+00
    outer loop
      vertex   -2.761710e+01 -3.890252e+01 -2.000010e+01
      vertex   -2.761710e+01 -3.890252e+01 -2.400010e+01
      vertex   -2.756769e+01 -3.852723e+01 -2.000010e+01
    endloop
  endfacet
  facet normal 9.914449e-01 -1.305262e-01 -8.805799e-16
    outer loop
      vertex   -2.756769e+01 -3.852723e+01 -2.000010e+01
      vertex   -2.761710e+01 -3.890252e+01 -2.400010e+01
      vertex   -2.756769e+01 -3.852723e+01 -2.400010e+01
    endloop
  endfacet
  facet normal 9.238795e-01 -3.826834e-01 -8.205699e-16
    outer loop
      vertex   -2.756769e+01 -3.852723e+01 -2.000010e+01
      vertex   -2.756769e+01 -3.852723e+01 -2.400010e+01
      vertex   -2.742284e+01 -3.817752e+01 -2.000010e+01
    endloop
  endfacet
  facet normal 9.238795e-01 -3.826834e-01 0.000000e+00
    outer loop
      vertex   -2.742284e+01 -3.817752e+01 -2.000010e+01
      vertex   -2.756769e+01 -3.852723e+01 -2.400010e+01
      vertex   -2.742284e+01 -3.817752e+01 -2.400010e+01
    endloop
  endfacet
  facet normal 7.933533e-01 -6.087614e-01 0.000000e+00
    outer loop
      vertex   -2.742284e+01 -3.817752e+01 -2.000010e+01
      vertex   -2.742284e+01 -3.817752e+01 -2.400010e+01
      vertex   -2.719240e+01 -3.787721e+01 -2.000010e+01
    endloop
  endfacet
  facet normal 7.933533e-01 -6.087614e-01 0.000000e+00
    outer loop
      vertex   -2.719240e+01 -3.787721e+01 -2.000010e+01
      vertex   -2.742284e+01 -3.817752e+01 -2.400010e+01
      vertex   -2.719240e+01 -3.787721e+01 -2.400010e+01
    endloop
  endfacet
  facet normal 6.087614e-01 -7.933533e-01 0.000000e+00
    outer loop
      vertex   -2.719240e+01 -3.787721e+01 -2.000010e+01
      vertex   -2.719240e+01 -3.787721e+01 -2.400010e+01
      vertex   -2.689210e+01 -3.764678e+01 -2.000010e+01
    endloop
  endfacet
  facet normal 6.087614e-01 -7.933533e-01 -1.081378e-15
    outer loop
      vertex   -2.689210e+01 -3.764678e+01 -2.000010e+01
      vertex   -2.719240e+01 -3.787721e+01 -2.400010e+01
      vertex   -2.689210e+01 -3.764678e+01 -2.400010e+01
    endloop
  endfacet
  facet normal 3.826834e-01 -9.238795e-01 -6.797823e-16
    outer loop
      vertex   -2.689210e+01 -3.764678e+01 -2.000010e+01
      vertex   -2.689210e+01 -3.764678e+01 -2.400010e+01
      vertex   -2.654239e+01 -3.750193e+01 -2.000010e+01
    endloop
  endfacet
  facet normal 3.826834e-01 -9.238795e-01 0.000000e+00
    outer loop
      vertex   -2.654239e+01 -3.750193e+01 -2.000010e+01
      vertex   -2.689210e+01 -3.764678e+01 -2.400010e+01
      vertex   -2.654239e+01 -3.750193e+01 -2.400010e+01
    endloop
  endfacet
  facet normal 0.000000e+00 0.000000e+00 1.000000e+00
    outer loop
      vertex   -2.616710e+01 -3.745252e+01 -2.400010e+01
      vertex   -2.654239e+01 -3.750193e+01 -2.400010e+01
      vertex   -2.579181e+01 -3.750193e+01 -2.400010e+01
    endloop
  endfacet
  facet normal 0.000000e+00 0.000000e+00 1.000000e+00
    outer loop
      vertex   -2.579181e+01 -3.750193e+01 -2.400010e+01
      vertex   -2.654239e+01 -3.750193e+01 -2.400010e+01
      vertex   -2.544210e+01 -3.764678e+01 -2.400010e+01
    endloop
  endfacet
  facet normal 0.000000e+00 0.000000e+00 1.000000e+00
    outer loop
      vertex   -2.544210e+01 -3.764678e+01 -2.400010e+01
      vertex   -2.654239e+01 -3.750193e+01 -2.400010e+01
      vertex   -2.689210e+01 -3.764678e+01 -2.400010e+01
    endloop
  endfacet
  facet normal 0.000000e+00 0.000000e+00 1.000000e+00
    outer loop
      vertex   -2.544210e+01 -3.764678e+01 -2.400010e+01
      vertex   -2.689210e+01 -3.764678e+01 -2.400010e+01
      vertex   -2.514180e+01 -3.787721e+01 -2.400010e+01
    endloop
  endfacet
  facet normal 0.000000e+00 0.000000e+00 1.000000e+00
    outer loop
      vertex   -2.514180e+01 -3.787721e+01 -2.400010e+01
      vertex   -2.689210e+01 -3.764678e+01 -2.400010e+01
      vertex   -2.719240e+01 -3.787721e+01 -2.400010e+01
    endloop
  endfacet
  facet normal 0.000000e+00 0.000000e+00 1.000000e+00
    outer loop
      vertex   -2.514180e+01 -3.787721e+01 -2.400010e+01
      vertex   -2.719240e+01 -3.787721e+01 -2.400010e+01
      vertex   -2.491136e+01 -3.817752e+01 -2.400010e+01
    endloop
  endfacet
  facet normal 0.000000e+00 0.000000e+00 1.000000e+00
    outer loop
      vertex   -2.491136e+01 -3.817752e+01 -2.400010e+01
      vertex   -2.719240e+01 -3.787721e+01 -2.400010e+01
      vertex   -2.742284e+01 -3.817752e+01 -2.400010e+01
    endloop
  endfacet
  facet normal 0.000000e+00 0.000000e+00 1.000000e+00
    outer loop
      vertex   -2.491136e+01 -3.817752e+01 -2.400010e+01
      vertex   -2.742284e+01 -3.817752e+01 -2.400010e+01
      vertex   -2.476651e+01 -3.852723e+01 -2.400010e+01
    endloop
  endfacet
  facet normal 0.000000e+00 0.000000e+00 1.000000e+00
    outer loop
      vertex   -2.476651e+01 -3.852723e+01 -2.400010e+01
      vertex   -2.742284e+01 -3.817752e+01 -2.400010e+01
      vertex   -2.756769e+01 -3.852723e+01 -2.400010e+01
    endloop
  endfacet
  facet normal 0.000000e+00 0.000000e+00 1.000000e+00
    outer loop
      vertex   -2.476651e+01 -3.852723e+01 -2.400010e+01
      vertex   -2.756769e+01 -3.852723e+01 -2.400010e+01
      vertex   -2.471710e+01 -3.890252e+01 -2.400010e+01
    endloop
  endfacet
  facet normal 0.000000e+00 0.000000e+00 1.000000e+00
    outer loop
      vertex   -2.471710e+01 -3.890252e+01 -2.400010e+01
      vertex   -2.756769e+01 -3.852723e+01 -2.400010e+01
      vertex   -2.761710e+01 -3.890252e+01 -2.400010e+01
    endloop
  endfacet
  facet normal 0.000000e+00 0.000000e+00 1.000000e+00
    outer loop
      vertex   -2.471710e+01 -3.890252e+01 -2.400010e+01
      vertex   -2.761710e+01 -3.890252e+01 -2.400010e+01
      vertex   -2.476651e+01 -3.927781e+01 -2.400010e+01
    endloop
  endfacet
  facet normal 0.000000e+00 0.000000e+00 1.000000e+00
    outer loop
      vertex   -2.476651e+01 -3.927781e+01 -2.400010e+01
      vertex   -2.761710e+01 -3.890252e+01 -2.400010e+01
      vertex   -2.756769e+01 -3.927781e+01 -2.400010e+01
    endloop
  endfacet
  facet normal 0.000000e+00 0.000000e+00 1.000000e+00
    outer loop
      vertex   -2.476651e+01 -3.927781e+01 -2.400010e+01
      vertex   -2.756769e+01 -3.927781e+01 -2.400010e+01
      vertex   -2.491136e+01 -3.962752e+01 -2.400010e+01
    endloop
  endfacet
  facet normal 0.000000e+00 0.000000e+00 1.000000e+00
    outer loop
      vertex   -2.491136e+01 -3.962752e+01 -2.400010e+01
      vertex   -2.756769e+01 -3.927781e+01 -2.400010e+01
      vertex   -2.742284e+01 -3.962752e+01 -2.400010e+01
    endloop
  endfacet
  facet normal 0.000000e+00 0.000000e+00 1.000000e+00
    outer loop
      vertex   -2.491136e+01 -3.962752e+01 -2.400010e+01
      vertex   -2.742284e+01 -3.962752e+01 -2.400010e+01
      vertex   -2.514180e+01 -3.992782e+01 -2.400010e+01
    endloop
  endfacet
  facet normal 0.000000e+00 0.000000e+00 1.000000e+00
    outer loop
      vertex   -2.514180e+01 -3.992782e+01 -2.400010e+01
      vertex   -2.742284e+01 -3.962752e+01 -2.400010e+01
      vertex   -2.719240e+01 -3.992782e+01 -2.400010e+01
    endloop
  endfacet
  facet normal 0.000000e+00 0.000000e+00 1.000000e+00
    outer loop
      vertex   -2.514180e+01 -3.992782e+01 -2.400010e+01
      vertex   -2.719240e+01 -3.992782e+01 -2.400010e+01
      vertex   -2.544210e+01 -4.015826e+01 -2.400010e+01
    endloop
  endfacet
  facet normal 0.000000e+00 0.000000e+00 1.000000e+00
    outer loop
      vertex   -2.544210e+01 -4.015826e+01 -2.400010e+01
      vertex   -2.719240e+01 -3.992782e+01 -2.400010e+01
      vertex   -2.689210e+01 -4.015826e+01 -2.400010e+01
    endloop
  endfacet
  facet normal 0.000000e+00 0.000000e+00 1.000000e+00
    outer loop
      vertex   -2.544210e+01 -4.015826e+01 -2.400010e+01
      vertex   -2.689210e+01 -4.015826e+01 -2.400010e+01
      vertex   -2.579181e+01 -4.030311e+01 -2.400010e+01
    endloop
  endfacet
  facet normal 0.000000e+00 0.000000e+00 1.000000e+00
    outer loop
      vertex   -2.579181e+01 -4.030311e+01 -2.400010e+01
      vertex   -2.689210e+01 -4.015826e+01 -2.400010e+01
      vertex   -2.654239e+01 -4.030311e+01 -2.400010e+01
    endloop
  endfacet
  facet normal 0.000000e+00 0.000000e+00 1.000000e+00
    outer loop
      vertex   -2.579181e+01 -4.030311e+01 -2.400010e+01
      vertex   -2.654239e+01 -4.030311e+01 -2.400010e+01
      vertex   -2.616710e+01 -4.035252e+01 -2.400010e+01
    endloop
  endfacet
  facet normal 9.914449e-01 1.305262e-01 0.000000e+00
    outer loop
      vertex   8.432308e+00 -3.927781e+01 -2.000010e+01
      vertex   8.432308e+00 -3.927781e+01 -2.400010e+01
      vertex   8.382900e+00 -3.890252e+01 -2.000010e+01
    endloop
  endfacet
  facet normal 9.914449e-01 1.305262e-01 0.000000e+00
    outer loop
      vertex   8.382900e+00 -3.890252e+01 -2.000010e+01
      vertex   8.432308e+00 -3.927781e+01 -2.400010e+01
      vertex   8.382900e+00 -3.890252e+01 -2.400010e+01
    endloop
  endfacet
  facet normal 9.914449e-01 -1.305262e-01 0.000000e+00
    outer loop
      vertex   8.382900e+00 -3.890252e+01 -2.000010e+01
      vertex   8.382900e+00 -3.890252e+01 -2.400010e+01
      vertex   8.432308e+00 -3.852723e+01 -2.000010e+01
    endloop
  endfacet
  facet normal 9.914449e-01 -1.305262e-01 0.000000e+00
    outer loop
      vertex   8.432308e+00 -3.852723e+01 -2.000010e+01
      vertex   8.382900e+00 -3.890252e+01 -2.400010e+01
      vertex   8.432308e+00 -3.852723e+01 -2.400010e+01
    endloop
  endfacet
  facet normal 9.238795e-01 -3.826834e-01 0.000000e+00
    outer loop
      vertex   8.432308e+00 -3.852723e+01 -2.000010e+01
      vertex   8.432308e+00 -3.852723e+01 -2.400010e+01
      vertex   8.577163e+00 -3.817752e+01 -2.000010e+01
    endloop
  endfacet
  facet normal 9.238795e-01 -3.826834e-01 0.000000e+00
    outer loop
      vertex   8.577163e+00 -3.817752e+01 -2.000010e+01
      vertex   8.432308e+00 -3.852723e+01 -2.400010e+01
      vertex   8.577163e+00 -3.817752e+01 -2.400010e+01
    endloop
  endfacet
  facet normal 7.933533e-01 -6.087614e-01 0.000000e+00
    outer loop
      vertex   8.577163e+00 -3.817752e+01 -2.000010e+01
      vertex   8.577163e+00 -3.817752e+01 -2.400010e+01
      vertex   8.807595e+00 -3.787721e+01 -2.000010e+01
    endloop
  endfacet
  facet normal 7.933533e-01 -6.087614e-01 0.000000e+00
    outer loop
      vertex   8.807595e+00 -3.787721e+01 -2.000010e+01
      vertex   8.577163e+00 -3.817752e+01 -2.400010e+01
      vertex   8.807595e+00 -3.787721e+01 -2.400010e+01
    endloop
  endfacet
  facet normal 6.087614e-01 -7.933533e-01 0.000000e+00
    outer loop
      vertex   8.807595e+00 -3.787721e+01 -2.000010e+01
      vertex   8.807595e+00 -3.787721e+01 -2.400010e+01
      vertex   9.107900e+00 -3.764678e+01 -2.000010e+01
    endloop
  endfacet
  facet normal 6.087614e-01 -7.933533e-01 0.000000e+00
    outer loop
      vertex   9.107900e+00 -3.764678e+01 -2.000010e+01
      vertex   8.807595e+00 -3.787721e+01 -2.400010e+01
      vertex   9.107900e+00 -3.764678e+01 -2.400010e+01
    endloop
  endfacet
  facet normal 3.826834e-01 -9.238795e-01 0.000000e+00
    outer loop
      vertex   9.107900e+00 -3.764678e+01 -2.000010e+01
      vertex   9.107900e+00 -3.764678e+01 -2.400010e+01
      vertex   9.457612e+00 -3.750193e+01 -2.000010e+01
    endloop
  endfacet
  facet normal 3.826834e-01 -9.238795e-01 0.000000e+00
    outer loop
      vertex   9.457612e+00 -3.750193e+01 -2.000010e+01
      vertex   9.107900e+00 -3.764678e+01 -2.400010e+01
      vertex   9.457612e+00 -3.750193e+01 -2.400010e+01
    endloop
  endfacet
  facet normal 1.305262e-01 -9.914449e-01 0.000000e+00
    outer loop
      vertex   9.457612e+00 -3.750193e+01 -2.000010e+01
      vertex   9.457612e+00 -3.750193e+01 -2.400010e+01
      vertex   9.832900e+00 -3.745252e+01 -2.000010e+01
    endloop
  endfacet
  facet normal 1.305262e-01 -9.914449e-01 0.000000e+00
    outer loop
      vertex   9.832900e+00 -3.745252e+01 -2.000010e+01
      vertex   9.457612e+00 -3.750193e+01 -2.400010e+01
      vertex   9.832900e+00 -3.745252e+01 -2.400010e+01
    endloop
  endfacet
  facet normal -1.305262e-01 -9.914449e-01 -0.000000e+00
    outer loop
      vertex   9.832900e+00 -3.745252e+01 -2.000010e+01
      vertex   9.832900e+00 -3.745252e+01 -2.400010e+01
      vertex   1.020819e+01 -3.750193e+01 -2.000010e+01
    endloop
  endfacet
  facet normal -1.305262e-01 -9.914449e-01 1.159305e-16
    outer loop
      vertex   1.020819e+01 -3.750193e+01 -2.000010e+01
      vertex   9.832900e+00 -3.745252e+01 -2.400010e+01
      vertex   1.020819e+01 -3.750193e+01 -2.400010e+01
    endloop
  endfacet
  facet normal -3.826834e-01 -9.238795e-01 3.398912e-16
    outer loop
      vertex   1.020819e+01 -3.750193e+01 -2.000010e+01
      vertex   1.020819e+01 -3.750193e+01 -2.400010e+01
      vertex   1.055790e+01 -3.764678e+01 -2.000010e+01
    endloop
  endfacet
  facet normal -3.826834e-01 -9.238795e-01 -0.000000e+00
    outer loop
      vertex   1.055790e+01 -3.764678e+01 -2.000010e+01
      vertex   1.020819e+01 -3.750193e+01 -2.400010e+01
      vertex   1.055790e+01 -3.764678e+01 -2.400010e+01
    endloop
  endfacet
  facet normal -6.087614e-01 -7.933533e-01 -0.000000e+00
    outer loop
      vertex   1.055790e+01 -3.764678e+01 -2.000010e+01
      vertex   1.055790e+01 -3.764678e+01 -2.400010e+01
      vertex   1.085820e+01 -3.787721e+01 -2.000010e+01
    endloop
  endfacet
  facet normal -6.087614e-01 -7.933533e-01 -0.000000e+00
    outer loop
      vertex   1.085820e+01 -3.787721e+01 -2.000010e+01
      vertex   1.055790e+01 -3.764678e+01 -2.400010e+01
      vertex   1.085820e+01 -3.787721e+01 -2.400010e+01
    endloop
  endfacet
  facet normal -7.933533e-01 -6.087614e-01 -0.000000e+00
    outer loop
      vertex   1.085820e+01 -3.787721e+01 -2.000010e+01
      vertex   1.085820e+01 -3.787721e+01 -2.400010e+01
      vertex   1.108864e+01 -3.817752e+01 -2.000010e+01
    endloop
  endfacet
  facet normal -7.933533e-01 -6.087614e-01 -3.767382e-16
    outer loop
      vertex   1.108864e+01 -3.817752e+01 -2.000010e+01
      vertex   1.085820e+01 -3.787721e+01 -2.400010e+01
      vertex   1.108864e+01 -3.817752e+01 -2.400010e+01
    endloop
  endfacet
  facet normal -9.238795e-01 -3.826834e-01 1.407875e-16
    outer loop
      vertex   1.108864e+01 -3.817752e+01 -2.000010e+01
      vertex   1.108864e+01 -3.817752e+01 -2.400010e+01
      vertex   1.123349e+01 -3.852723e+01 -2.000010e+01
    endloop
  endfacet
  facet normal -9.238795e-01 -3.826834e-01 -0.000000e+00
    outer loop
      vertex   1.123349e+01 -3.852723e+01 -2.000010e+01
      vertex   1.108864e+01 -3.817752e+01 -2.400010e+01
      vertex   1.123349e+01 -3.852723e+01 -2.400010e+01
    endloop
  endfacet
  facet normal -9.914449e-01 -1.305262e-01 -0.000000e+00
    outer loop
      vertex   1.123349e+01 -3.852723e+01 -2.000010e+01
      vertex   1.123349e+01 -3.852723e+01 -2.400010e+01
      vertex   1.128290e+01 -3.890252e+01 -2.000010e+01
    endloop
  endfacet
  facet normal -9.914449e-01 -1.305262e-01 -0.000000e+00
    outer loop
      vertex   1.128290e+01 -3.890252e+01 -2.000010e+01
      vertex   1.123349e+01 -3.852723e+01 -2.400010e+01
      vertex   1.128290e+01 -3.890252e+01 -2.400010e+01
    endloop
  endfacet
  facet normal -9.914449e-01 1.305262e-01 0.000000e+00
    outer loop
      vertex   1.128290e+01 -3.890252e+01 -2.000010e+01
      vertex   1.128290e+01 -3.890252e+01 -2.400010e+01
      vertex   1.123349e+01 -3.927781e+01 -2.000010e+01
    endloop
  endfacet
  facet normal -9.914449e-01 1.305262e-01 0.000000e+00
    outer loop
      vertex   1.123349e+01 -3.927781e+01 -2.000010e+01
      vertex   1.128290e+01 -3.890252e+01 -2.400010e+01
      vertex   1.123349e+01 -3.927781e+01 -2.400010e+01
    endloop
  endfacet
  facet normal -9.238795e-01 3.826834e-01 0.000000e+00
    outer loop
      vertex   1.123349e+01 -3.927781e+01 -2.000010e+01
      vertex   1.123349e+01 -3.927781e+01 -2.400010e+01
      vertex   1.108864e+01 -3.962752e+01 -2.000010e+01
    endloop
  endfacet
  facet normal -9.238795e-01 3.826834e-01 0.000000e+00
    outer loop
      vertex   1.108864e+01 -3.962752e+01 -2.000010e+01
      vertex   1.123349e+01 -3.927781e+01 -2.400010e+01
      vertex   1.108864e+01 -3.962752e+01 -2.400010e+01
    endloop
  endfacet
  facet normal -7.933533e-01 6.087614e-01 0.000000e+00
    outer loop
      vertex   1.108864e+01 -3.962752e+01 -2.000010e+01
      vertex   1.108864e+01 -3.962752e+01 -2.400010e+01
      vertex   1.085820e+01 -3.992782e+01 -2.000010e+01
    endloop
  endfacet
  facet normal -7.933533e-01 6.087614e-01 0.000000e+00
    outer loop
      vertex   1.085820e+01 -3.992782e+01 -2.000010e+01
      vertex   1.108864e+01 -3.962752e+01 -2.400010e+01
      vertex   1.085820e+01 -3.992782e+01 -2.400010e+01
    endloop
  endfacet
  facet normal -6.087614e-01 7.933533e-01 0.000000e+00
    outer loop
      vertex   1.085820e+01 -3.992782e+01 -2.000010e+01
      vertex   1.085820e+01 -3.992782e+01 -2.400010e+01
      vertex   1.055790e+01 -4.015826e+01 -2.000010e+01
    endloop
  endfacet
  facet normal -6.087614e-01 7.933533e-01 0.000000e+00
    outer loop
      vertex   1.055790e+01 -4.015826e+01 -2.000010e+01
      vertex   1.085820e+01 -3.992782e+01 -2.400010e+01
      vertex   1.055790e+01 -4.015826e+01 -2.400010e+01
    endloop
  endfacet
  facet normal -3.826834e-01 9.238795e-01 0.000000e+00
    outer loop
      vertex   1.055790e+01 -4.015826e+01 -2.000010e+01
      vertex   1.055790e+01 -4.015826e+01 -2.400010e+01
      vertex   1.020819e+01 -4.030311e+01 -2.000010e+01
    endloop
  endfacet
  facet normal -3.826834e-01 9.238795e-01 -3.398912e-16
    outer loop
      vertex   1.020819e+01 -4.030311e+01 -2.000010e+01
      vertex   1.055790e+01 -4.015826e+01 -2.400010e+01
      vertex   1.020819e+01 -4.030311e+01 -2.400010e+01
    endloop
  endfacet
  facet normal -1.305262e-01 9.914449e-01 -1.159305e-16
    outer loop
      vertex   1.020819e+01 -4.030311e+01 -2.000010e+01
      vertex   1.020819e+01 -4.030311e+01 -2.400010e+01
      vertex   9.832900e+00 -4.035252e+01 -2.000010e+01
    endloop
  endfacet
  facet normal -1.305262e-01 9.914449e-01 0.000000e+00
    outer loop
      vertex   9.832900e+00 -4.035252e+01 -2.000010e+01
      vertex   1.020819e+01 -4.030311e+01 -2.400010e+01
      vertex   9.832900e+00 -4.035252e+01 -2.400010e+01
    endloop
  endfacet
  facet normal 1.305262e-01 9.914449e-01 0.000000e+00
    outer loop
      vertex   9.832900e+00 -4.035252e+01 -2.000010e+01
      vertex   9.832900e+00 -4.035252e+01 -2.400010e+01
      vertex   9.457612e+00 -4.030311e+01 -2.000010e+01
    endloop
  endfacet
  facet normal 1.305262e-01 9.914449e-01 0.000000e+00
    outer loop
      vertex   9.457612e+00 -4.030311e+01 -2.000010e+01
      vertex   9.832900e+00 -4.035252e+01 -2.400010e+01
      vertex   9.457612e+00 -4.030311e+01 -2.400010e+01
    endloop
  endfacet
  facet normal 3.826834e-01 9.238795e-01 0.000000e+00
    outer loop
      vertex   9.457612e+00 -4.030311e+01 -2.000010e+01
      vertex   9.457612e+00 -4.030311e+01 -2.400010e+01
      vertex   9.107900e+00 -4.015826e+01 -2.000010e+01
    endloop
  endfacet
  facet normal 3.826834e-01 9.238795e-01 0.000000e+00
    outer loop
      vertex   9.107900e+00 -4.015826e+01 -2.000010e+01
      vertex   9.457612e+00 -4.030311e+01 -2.400010e+01
      vertex   9.107900e+00 -4.015826e+01 -2.400010e+01
    endloop
  endfacet
  facet normal 6.087614e-01 7.933533e-01 0.000000e+00
    outer loop
      vertex   9.107900e+00 -4.015826e+01 -2.000010e+01
      vertex   9.107900e+00 -4.015826e+01 -2.400010e+01
      vertex   8.807595e+00 -3.992782e+01 -2.000010e+01
    endloop
  endfacet
  facet normal 6.087614e-01 7.933533e-01 0.000000e+00
    outer loop
      vertex   8.807595e+00 -3.992782e+01 -2.000010e+01
      vertex   9.107900e+00 -4.015826e+01 -2.400010e+01
      vertex   8.807595e+00 -3.992782e+01 -2.400010e+01
    endloop
  endfacet
  facet normal 7.933533e-01 6.087614e-01 0.000000e+00
    outer loop
      vertex   8.807595e+00 -3.992782e+01 -2.000010e+01
      vertex   8.807595e+00 -3.992782e+01 -2.400010e+01
      vertex   8.577163e+00 -3.962752e+01 -2.000010e+01
    endloop
  endfacet
  facet normal 7.933533e-01 6.087614e-01 0.000000e+00
    outer loop
      vertex   8.577163e+00 -3.962752e+01 -2.000010e+01
      vertex   8.807595e+00 -3.992782e+01 -2.400010e+01
      vertex   8.577163e+00 -3.962752e+01 -2.400010e+01
    endloop
  endfacet
  facet normal 9.238795e-01 3.826834e-01 0.000000e+00
    outer loop
      vertex   8.577163e+00 -3.962752e+01 -2.000010e+01
      vertex   8.577163e+00 -3.962752e+01 -2.400010e+01
      vertex   8.432308e+00 -3.927781e+01 -2.000010e+01
    endloop
  endfacet
  facet normal 9.238795e-01 3.826834e-01 0.000000e+00
    outer loop
      vertex   8.432308e+00 -3.927781e+01 -2.000010e+01
      vertex   8.577163e+00 -3.962752e+01 -2.400010e+01
      vertex   8.432308e+00 -3.927781e+01 -2.400010e+01
    endloop
  endfacet
  facet normal 0.000000e+00 -0.000000e+00 1.000000e+00
    outer loop
      vertex   8.432308e+00 -3.927781e+01 -2.400010e+01
      vertex   1.123349e+01 -3.927781e+01 -2.400010e+01
      vertex   8.382900e+00 -3.890252e+01 -2.400010e+01
    endloop
  endfacet
  facet normal -0.000000e+00 0.000000e+00 1.000000e+00
    outer loop
      vertex   8.382900e+00 -3.890252e+01 -2.400010e+01
      vertex   1.123349e+01 -3.927781e+01 -2.400010e+01
      vertex   1.128290e+01 -3.890252e+01 -2.400010e+01
    endloop
  endfacet
  facet normal 0.000000e+00 0.000000e+00 1.000000e+00
    outer loop
      vertex   8.382900e+00 -3.890252e+01 -2.400010e+01
      vertex   1.128290e+01 -3.890252e+01 -2.400010e+01
      vertex   8.432308e+00 -3.852723e+01 -2.400010e+01
    endloop
  endfacet
  facet normal -0.000000e+00 0.000000e+00 1.000000e+00
    outer loop
      vertex   8.432308e+00 -3.852723e+01 -2.400010e+01
      vertex   1.128290e+01 -3.890252e+01 -2.400010e+01
      vertex   1.123349e+01 -3.852723e+01 -2.400010e+01
    endloop
  endfacet
  facet normal 0.000000e+00 0.000000e+00 1.000000e+00
    outer loop
      vertex   8.432308e+00 -3.852723e+01 -2.400010e+01
      vertex   1.123349e+01 -3.852723e+01 -2.400010e+01
      vertex   8.577163e+00 -3.817752e+01 -2.400010e+01
    endloop
  endfacet
  facet normal -0.000000e+00 0.000000e+00 1.000000e+00
    outer loop
      vertex   8.577163e+00 -3.817752e+01 -2.400010e+01
      vertex   1.123349e+01 -3.852723e+01 -2.400010e+01
      vertex   1.108864e+01 -3.817752e+01 -2.400010e+01
    endloop
  endfacet
  facet normal 0.000000e+00 0.000000e+00 1.000000e+00
    outer loop
      vertex   8.577163e+00 -3.817752e+01 -2.400010e+01
      vertex   1.108864e+01 -3.817752e+01 -2.400010e+01
      vertex   8.807595e+00 -3.787721e+01 -2.400010e+01
    endloop
  endfacet
  facet normal -0.000000e+00 0.000000e+00 1.000000e+00
    outer loop
      vertex   8.807595e+00 -3.787721e+01 -2.400010e+01
      vertex   1.108864e+01 -3.817752e+01 -2.400010e+01
      vertex   1.085820e+01 -3.787721e+01 -2.400010e+01
    endloop
  endfacet
  facet normal 0.000000e+00 0.000000e+00 1.000000e+00
    outer loop
      vertex   8.807595e+00 -3.787721e+01 -2.400010e+01
      vertex   1.085820e+01 -3.787721e+01 -2.400010e+01
      vertex   9.107900e+00 -3.764678e+01 -2.400010e+01
    endloop
  endfacet
  facet normal -0.000000e+00 0.000000e+00 1.000000e+00
    outer loop
      vertex   9.107900e+00 -3.764678e+01 -2.400010e+01
      vertex   1.085820e+01 -3.787721e+01 -2.400010e+01
      vertex   1.055790e+01 -3.764678e+01 -2.400010e+01
    endloop
  endfacet
  facet normal 0.000000e+00 0.000000e+00 1.000000e+00
    outer loop
      vertex   9.107900e+00 -3.764678e+01 -2.400010e+01
      vertex   1.055790e+01 -3.764678e+01 -2.400010e+01
      vertex   9.457612e+00 -3.750193e+01 -2.400010e+01
    endloop
  endfacet
  facet normal -0.000000e+00 0.000000e+00 1.000000e+00
    outer loop
      vertex   9.457612e+00 -3.750193e+01 -2.400010e+01
      vertex   1.055790e+01 -3.764678e+01 -2.400010e+01
      vertex   1.020819e+01 -3.750193e+01 -2.400010e+01
    endloop
  endfacet
  facet normal 0.000000e+00 0.000000e+00 1.000000e+00
    outer loop
      vertex   9.457612e+00 -3.750193e+01 -2.400010e+01
      vertex   1.020819e+01 -3.750193e+01 -2.400010e+01
      vertex   9.832900e+00 -3.745252e+01 -2.400010e+01
    endloop
  endfacet
  facet normal 0.000000e+00 0.000000e+00 1.000000e+00
    outer loop
      vertex   1.123349e+01 -3.927781e+01 -2.400010e+01
      vertex   8.432308e+00 -3.927781e+01 -2.400010e+01
      vertex   1.108864e+01 -3.962752e+01 -2.400010e+01
    endloop
  endfacet
  facet normal 0.000000e+00 0.000000e+00 1.000000e+00
    outer loop
      vertex   1.108864e+01 -3.962752e+01 -2.400010e+01
      vertex   8.432308e+00 -3.927781e+01 -2.400010e+01
      vertex   8.577163e+00 -3.962752e+01 -2.400010e+01
    endloop
  endfacet
  facet normal 0.000000e+00 0.000000e+00 1.000000e+00
    outer loop
      vertex   1.108864e+01 -3.962752e+01 -2.400010e+01
      vertex   8.577163e+00 -3.962752e+01 -2.400010e+01
      vertex   1.085820e+01 -3.992782e+01 -2.400010e+01
    endloop
  endfacet
  facet normal 0.000000e+00 0.000000e+00 1.000000e+00
    outer loop
      vertex   1.085820e+01 -3.992782e+01 -2.400010e+01
      vertex   8.577163e+00 -3.962752e+01 -2.400010e+01
      vertex   8.807595e+00 -3.992782e+01 -2.400010e+01
    endloop
  endfacet
  facet normal 0.000000e+00 0.000000e+00 1.000000e+00
    outer loop
      vertex   1.085820e+01 -3.992782e+01 -2.400010e+01
      vertex   8.807595e+00 -3.992782e+01 -2.400010e+01
      vertex   1.055790e+01 -4.015826e+01 -2.400010e+01
    endloop
  endfacet
  facet normal 0.000000e+00 0.000000e+00 1.000000e+00
    outer loop
      vertex   1.055790e+01 -4.015826e+01 -2.400010e+01
      vertex   8.807595e+00 -3.992782e+01 -2.400010e+01
      vertex   9.107900e+00 -4.015826e+01 -2.400010e+01
    endloop
  endfacet
  facet normal 0.000000e+00 0.000000e+00 1.000000e+00
    outer loop
      vertex   1.055790e+01 -4.015826e+01 -2.400010e+01
      vertex   9.107900e+00 -4.015826e+01 -2.400010e+01
      vertex   1.020819e+01 -4.030311e+01 -2.400010e+01
    endloop
  endfacet
  facet normal 0.000000e+00 0.000000e+00 1.000000e+00
    outer loop
      vertex   1.020819e+01 -4.030311e+01 -2.400010e+01
      vertex   9.107900e+00 -4.015826e+01 -2.400010e+01
      vertex   9.457612e+00 -4.030311e+01 -2.400010e+01
    endloop
  endfacet
  facet normal 0.000000e+00 0.000000e+00 1.000000e+00
    outer loop
      vertex   1.020819e+01 -4.030311e+01 -2.400010e+01
      vertex   9.457612e+00 -4.030311e+01 -2.400010e+01
      vertex   9.832900e+00 -4.035252e+01 -2.400010e+01
    endloop
  endfacet
  facet normal 0.000000e+00 -0.000000e+00 1.000000e+00
    outer loop
      vertex   -2.225451e+01 1.626583e+01 -2.000010e+01
      vertex   -2.216710e+01 1.709748e+01 -2.000010e+01
      vertex   -2.471710e+01 1.709748e+01 -2.000010e+01
    endloop
  endfacet
  facet normal 0.000000e+00 0.000000e+00 1.000000e+00
    outer loop
      vertex   -2.471710e+01 1.709748e+01 -2.000010e+01
      vertex   -2.216710e+01 1.709748e+01 -2.000010e+01
      vertex   -2.225451e+01 1.792913e+01 -2.000010e+01
    endloop
  endfacet
  facet normal 0.000000e+00 -0.000000e+00 1.000000e+00
    outer loop
      vertex   -2.471710e+01 1.709748e+01 -2.000010e+01
      vertex   -2.225451e+01 1.792913e+01 -2.000010e+01
      vertex   -2.476651e+01 1.747277e+01 -2.000010e+01
    endloop
  endfacet
  facet normal 0.000000e+00 0.000000e+00 1.000000e+00
    outer loop
      vertex   -2.476651e+01 1.747277e+01 -2.000010e+01
      vertex   -2.225451e+01 1.792913e+01 -2.000010e+01
      vertex   -2.251292e+01 1.872443e+01 -2.000010e+01
    endloop
  endfacet
  facet normal 0.000000e+00 -0.000000e+00 1.000000e+00
    outer loop
      vertex   -2.476651e+01 1.747277e+01 -2.000010e+01
      vertex   -2.251292e+01 1.872443e+01 -2.000010e+01
      vertex   -2.491136e+01 1.782248e+01 -2.000010e+01
    endloop
  endfacet
  facet normal 0.000000e+00 0.000000e+00 1.000000e+00
    outer loop
      vertex   -2.491136e+01 1.782248e+01 -2.000010e+01
      vertex   -2.251292e+01 1.872443e+01 -2.000010e+01
      vertex   -2.293103e+01 1.944862e+01 -2.000010e+01
    endloop
  endfacet
  facet normal 0.000000e+00 -0.000000e+00 1.000000e+00
    outer loop
      vertex   -2.491136e+01 1.782248e+01 -2.000010e+01
      vertex   -2.293103e+01 1.944862e+01 -2.000010e+01
      vertex   -2.514180e+01 1.812279e+01 -2.000010e+01
    endloop
  endfacet
  facet normal 0.000000e+00 0.000000e+00 1.000000e+00
    outer loop
      vertex   -2.514180e+01 1.812279e+01 -2.000010e+01
      vertex   -2.293103e+01 1.944862e+01 -2.000010e+01
      vertex   -2.349058e+01 2.007006e+01 -2.000010e+01
    endloop
  endfacet
  facet normal 0.000000e+00 -0.000000e+00 1.000000e+00
    outer loop
      vertex   -2.514180e+01 1.812279e+01 -2.000010e+01
      vertex   -2.349058e+01 2.007006e+01 -2.000010e+01
      vertex   -2.544210e+01 1.835322e+01 -2.000010e+01
    endloop
  endfacet
  facet normal 0.000000e+00 0.000000e+00 1.000000e+00
    outer loop
      vertex   -2.544210e+01 1.835322e+01 -2.000010e+01
      vertex   -2.349058e+01 2.007006e+01 -2.000010e+01
      vertex   -2.416710e+01 2.056158e+01 -2.000010e+01
    endloop
  endfacet
  facet normal 0.000000e+00 0.000000e+00 1.000000e+00
    outer loop
      vertex   -2.544210e+01 1.835322e+01 -2.000010e+01
      vertex   -2.416710e+01 2.056158e+01 -2.000010e+01
      vertex   -2.493103e+01 2.090171e+01 -2.000010e+01
    endloop
  endfacet
  facet normal 0.000000e+00 -0.000000e+00 1.000000e+00
    outer loop
      vertex   -2.544210e+01 1.835322e+01 -2.000010e+01
      vertex   -2.493103e+01 2.090171e+01 -2.000010e+01
      vertex   -2.579181e+01 1.849807e+01 -2.000010e+01
    endloop
  endfacet
  facet normal 0.000000e+00 0.000000e+00 1.000000e+00
    outer loop
      vertex   -2.579181e+01 1.849807e+01 -2.000010e+01
      vertex   -2.493103e+01 2.090171e+01 -2.000010e+01
      vertex   -2.574899e+01 2.107557e+01 -2.000010e+01
    endloop
  endfacet
  facet normal 0.000000e+00 -0.000000e+00 1.000000e+00
    outer loop
      vertex   -2.579181e+01 1.849807e+01 -2.000010e+01
      vertex   -2.574899e+01 2.107557e+01 -2.000010e+01
      vertex   -2.616710e+01 1.854748e+01 -2.000010e+01
    endloop
  endfacet
  facet normal 0.000000e+00 -0.000000e+00 1.000000e+00
    outer loop
      vertex   -2.616710e+01 1.854748e+01 -2.000010e+01
      vertex   -2.574899e+01 2.107557e+01 -2.000010e+01
      vertex   -2.658521e+01 2.107557e+01 -2.000010e+01
    endloop
  endfacet
  facet normal 0.000000e+00 0.000000e+00 1.000000e+00
    outer loop
      vertex   -2.616710e+01 1.854748e+01 -2.000010e+01
      vertex   -2.658521e+01 2.107557e+01 -2.000010e+01
      vertex   -2.654239e+01 1.849807e+01 -2.000010e+01
    endloop
  endfacet
  facet normal 0.000000e+00 0.000000e+00 1.000000e+00
    outer loop
      vertex   -2.654239e+01 1.849807e+01 -2.000010e+01
      vertex   -2.658521e+01 2.107557e+01 -2.000010e+01
      vertex   -2.740317e+01 2.090171e+01 -2.000010e+01
    endloop
  endfacet
  facet normal 0.000000e+00 0.000000e+00 1.000000e+00
    outer loop
      vertex   -2.654239e+01 1.849807e+01 -2.000010e+01
      vertex   -2.740317e+01 2.090171e+01 -2.000010e+01
      vertex   -2.689210e+01 1.835322e+01 -2.000010e+01
    endloop
  endfacet
  facet normal 0.000000e+00 0.000000e+00 1.000000e+00
    outer loop
      vertex   -2.689210e+01 1.835322e+01 -2.000010e+01
      vertex   -2.740317e+01 2.090171e+01 -2.000010e+01
      vertex   -2.816710e+01 2.056158e+01 -2.000010e+01
    endloop
  endfacet
  facet normal 0.000000e+00 0.000000e+00 1.000000e+00
    outer loop
      vertex   -2.689210e+01 1.835322e+01 -2.000010e+01
      vertex   -2.816710e+01 2.056158e+01 -2.000010e+01
      vertex   -2.884362e+01 2.007006e+01 -2.000010e+01
    endloop
  endfacet
  facet normal 0.000000e+00 0.000000e+00 1.000000e+00
    outer loop
      vertex   -2.689210e+01 1.835322e+01 -2.000010e+01
      vertex   -2.884362e+01 2.007006e+01 -2.000010e+01
      vertex   -2.719240e+01 1.812279e+01 -2.000010e+01
    endloop
  endfacet
  facet normal 0.000000e+00 0.000000e+00 1.000000e+00
    outer loop
      vertex   -2.719240e+01 1.812279e+01 -2.000010e+01
      vertex   -2.884362e+01 2.007006e+01 -2.000010e+01
      vertex   -2.940317e+01 1.944862e+01 -2.000010e+01
    endloop
  endfacet
  facet normal 0.000000e+00 0.000000e+00 1.000000e+00
    outer loop
      vertex   -2.719240e+01 1.812279e+01 -2.000010e+01
      vertex   -2.940317e+01 1.944862e+01 -2.000010e+01
      vertex   -2.742284e+01 1.782248e+01 -2.000010e+01
    endloop
  endfacet
  facet normal 0.000000e+00 0.000000e+00 1.000000e+00
    outer loop
      vertex   -2.742284e+01 1.782248e+01 -2.000010e+01
      vertex   -2.940317e+01 1.944862e+01 -2.000010e+01
      vertex   -2.982128e+01 1.872443e+01 -2.000010e+01
    endloop
  endfacet
  facet normal 0.000000e+00 0.000000e+00 1.000000e+00
    outer loop
      vertex   -2.742284e+01 1.782248e+01 -2.000010e+01
      vertex   -2.982128e+01 1.872443e+01 -2.000010e+01
      vertex   -2.756769e+01 1.747277e+01 -2.000010e+01
    endloop
  endfacet
  facet normal 0.000000e+00 0.000000e+00 1.000000e+00
    outer loop
      vertex   -2.756769e+01 1.747277e+01 -2.000010e+01
      vertex   -2.982128e+01 1.872443e+01 -2.000010e+01
      vertex   -3.007969e+01 1.792913e+01 -2.000010e+01
    endloop
  endfacet
  facet normal 0.000000e+00 0.000000e+00 1.000000e+00
    outer loop
      vertex   -2.756769e+01 1.747277e+01 -2.000010e+01
      vertex   -3.007969e+01 1.792913e+01 -2.000010e+01
      vertex   -2.761710e+01 1.709748e+01 -2.000010e+01
    endloop
  endfacet
  facet normal 0.000000e+00 0.000000e+00 1.000000e+00
    outer loop
      vertex   -2.761710e+01 1.709748e+01 -2.000010e+01
      vertex   -3.007969e+01 1.792913e+01 -2.000010e+01
      vertex   -3.016710e+01 1.709748e+01 -2.000010e+01
    endloop
  endfacet
  facet normal 0.000000e+00 0.000000e+00 1.000000e+00
    outer loop
      vertex   -2.761710e+01 1.709748e+01 -2.000010e+01
      vertex   -3.016710e+01 1.709748e+01 -2.000010e+01
      vertex   -3.007969e+01 1.626583e+01 -2.000010e+01
    endloop
  endfacet
  facet normal 0.000000e+00 0.000000e+00 1.000000e+00
    outer loop
      vertex   -2.761710e+01 1.709748e+01 -2.000010e+01
      vertex   -3.007969e+01 1.626583e+01 -2.000010e+01
      vertex   -2.756769e+01 1.672219e+01 -2.000010e+01
    endloop
  endfacet
  facet normal 0.000000e+00 0.000000e+00 1.000000e+00
    outer loop
      vertex   -2.756769e+01 1.672219e+01 -2.000010e+01
      vertex   -3.007969e+01 1.626583e+01 -2.000010e+01
      vertex   -2.982128e+01 1.547053e+01 -2.000010e+01
    endloop
  endfacet
  facet normal 0.000000e+00 0.000000e+00 1.000000e+00
    outer loop
      vertex   -2.756769e+01 1.672219e+01 -2.000010e+01
      vertex   -2.982128e+01 1.547053e+01 -2.000010e+01
      vertex   -2.742284e+01 1.637248e+01 -2.000010e+01
    endloop
  endfacet
  facet normal 0.000000e+00 0.000000e+00 1.000000e+00
    outer loop
      vertex   -2.742284e+01 1.637248e+01 -2.000010e+01
      vertex   -2.982128e+01 1.547053e+01 -2.000010e+01
      vertex   -2.940317e+01 1.474634e+01 -2.000010e+01
    endloop
  endfacet
  facet normal 0.000000e+00 0.000000e+00 1.000000e+00
    outer loop
      vertex   -2.742284e+01 1.637248e+01 -2.000010e+01
      vertex   -2.940317e+01 1.474634e+01 -2.000010e+01
      vertex   -2.719240e+01 1.607218e+01 -2.000010e+01
    endloop
  endfacet
  facet normal 0.000000e+00 0.000000e+00 1.000000e+00
    outer loop
      vertex   -2.719240e+01 1.607218e+01 -2.000010e+01
      vertex   -2.940317e+01 1.474634e+01 -2.000010e+01
      vertex   -2.884362e+01 1.412490e+01 -2.000010e+01
    endloop
  endfacet
  facet normal 0.000000e+00 0.000000e+00 1.000000e+00
    outer loop
      vertex   -2.719240e+01 1.607218e+01 -2.000010e+01
      vertex   -2.884362e+01 1.412490e+01 -2.000010e+01
      vertex   -2.689210e+01 1.584174e+01 -2.000010e+01
    endloop
  endfacet
  facet normal 0.000000e+00 0.000000e+00 1.000000e+00
    outer loop
      vertex   -2.689210e+01 1.584174e+01 -2.000010e+01
      vertex   -2.884362e+01 1.412490e+01 -2.000010e+01
      vertex   -2.816710e+01 1.363338e+01 -2.000010e+01
    endloop
  endfacet
  facet normal 0.000000e+00 0.000000e+00 1.000000e+00
    outer loop
      vertex   -2.689210e+01 1.584174e+01 -2.000010e+01
      vertex   -2.816710e+01 1.363338e+01 -2.000010e+01
      vertex   -2.740317e+01 1.329325e+01 -2.000010e+01
    endloop
  endfacet
  facet normal 0.000000e+00 0.000000e+00 1.000000e+00
    outer loop
      vertex   -2.689210e+01 1.584174e+01 -2.000010e+01
      vertex   -2.740317e+01 1.329325e+01 -2.000010e+01
      vertex   -2.654239e+01 1.569689e+01 -2.000010e+01
    endloop
  endfacet
  facet normal 0.000000e+00 0.000000e+00 1.000000e+00
    outer loop
      vertex   -2.654239e+01 1.569689e+01 -2.000010e+01
      vertex   -2.740317e+01 1.329325e+01 -2.000010e+01
      vertex   -2.658521e+01 1.311939e+01 -2.000010e+01
    endloop
  endfacet
  facet normal 0.000000e+00 0.000000e+00 1.000000e+00
    outer loop
      vertex   -2.654239e+01 1.569689e+01 -2.000010e+01
      vertex   -2.658521e+01 1.311939e+01 -2.000010e+01
      vertex   -2.616710e+01 1.564748e+01 -2.000010e+01
    endloop
  endfacet
  facet normal 0.000000e+00 0.000000e+00 1.000000e+00
    outer loop
      vertex   -2.616710e+01 1.564748e+01 -2.000010e+01
      vertex   -2.658521e+01 1.311939e+01 -2.000010e+01
      vertex   -2.574899e+01 1.311939e+01 -2.000010e+01
    endloop
  endfacet
  facet normal -0.000000e+00 0.000000e+00 1.000000e+00
    outer loop
      vertex   -2.616710e+01 1.564748e+01 -2.000010e+01
      vertex   -2.574899e+01 1.311939e+01 -2.000010e+01
      vertex   -2.579181e+01 1.569689e+01 -2.000010e+01
    endloop
  endfacet
  facet normal 0.000000e+00 0.000000e+00 1.000000e+00
    outer loop
      vertex   -2.579181e+01 1.569689e+01 -2.000010e+01
      vertex   -2.574899e+01 1.311939e+01 -2.000010e+01
      vertex   -2.493103e+01 1.329325e+01 -2.000010e+01
    endloop
  endfacet
  facet normal -0.000000e+00 0.000000e+00 1.000000e+00
    outer loop
      vertex   -2.579181e+01 1.569689e+01 -2.000010e+01
      vertex   -2.493103e+01 1.329325e+01 -2.000010e+01
      vertex   -2.544210e+01 1.584174e+01 -2.000010e+01
    endloop
  endfacet
  facet normal 0.000000e+00 0.000000e+00 1.000000e+00
    outer loop
      vertex   -2.544210e+01 1.584174e+01 -2.000010e+01
      vertex   -2.493103e+01 1.329325e+01 -2.000010e+01
      vertex   -2.416710e+01 1.363338e+01 -2.000010e+01
    endloop
  endfacet
  facet normal 0.000000e+00 0.000000e+00 1.000000e+00
    outer loop
      vertex   -2.544210e+01 1.584174e+01 -2.000010e+01
      vertex   -2.416710e+01 1.363338e+01 -2.000010e+01
      vertex   -2.349058e+01 1.412490e+01 -2.000010e+01
    endloop
  endfacet
  facet normal -0.000000e+00 0.000000e+00 1.000000e+00
    outer loop
      vertex   -2.544210e+01 1.584174e+01 -2.000010e+01
      vertex   -2.349058e+01 1.412490e+01 -2.000010e+01
      vertex   -2.514180e+01 1.607218e+01 -2.000010e+01
    endloop
  endfacet
  facet normal 0.000000e+00 0.000000e+00 1.000000e+00
    outer loop
      vertex   -2.514180e+01 1.607218e+01 -2.000010e+01
      vertex   -2.349058e+01 1.412490e+01 -2.000010e+01
      vertex   -2.293103e+01 1.474634e+01 -2.000010e+01
    endloop
  endfacet
  facet normal -0.000000e+00 0.000000e+00 1.000000e+00
    outer loop
      vertex   -2.514180e+01 1.607218e+01 -2.000010e+01
      vertex   -2.293103e+01 1.474634e+01 -2.000010e+01
      vertex   -2.491136e+01 1.637248e+01 -2.000010e+01
    endloop
  endfacet
  facet normal 0.000000e+00 0.000000e+00 1.000000e+00
    outer loop
      vertex   -2.491136e+01 1.637248e+01 -2.000010e+01
      vertex   -2.293103e+01 1.474634e+01 -2.000010e+01
      vertex   -2.251292e+01 1.547053e+01 -2.000010e+01
    endloop
  endfacet
  facet normal -0.000000e+00 0.000000e+00 1.000000e+00
    outer loop
      vertex   -2.491136e+01 1.637248e+01 -2.000010e+01
      vertex   -2.251292e+01 1.547053e+01 -2.000010e+01
      vertex   -2.476651e+01 1.672219e+01 -2.000010e+01
    endloop
  endfacet
  facet normal 0.000000e+00 0.000000e+00 1.000000e+00
    outer loop
      vertex   -2.476651e+01 1.672219e+01 -2.000010e+01
      vertex   -2.251292e+01 1.547053e+01 -2.000010e+01
      vertex   -2.225451e+01 1.626583e+01 -2.000010e+01
    endloop
  endfacet
  facet normal -0.000000e+00 0.000000e+00 1.000000e+00
    outer loop
      vertex   -2.476651e+01 1.672219e+01 -2.000010e+01
      vertex   -2.225451e+01 1.626583e+01 -2.000010e+01
      vertex   -2.471710e+01 1.709748e+01 -2.000010e+01
    endloop
  endfacet
  facet normal -0.000000e+00 0.000000e+00 1.000000e+00
    outer loop
      vertex   9.001253e+00 1.318489e+01 -2.000010e+01
      vertex   9.832900e+00 1.309748e+01 -2.000010e+01
      vertex   9.832900e+00 1.564748e+01 -2.000010e+01
    endloop
  endfacet
  facet normal 0.000000e+00 0.000000e+00 1.000000e+00
    outer loop
      vertex   9.832900e+00 1.564748e+01 -2.000010e+01
      vertex   9.832900e+00 1.309748e+01 -2.000010e+01
      vertex   1.066455e+01 1.318489e+01 -2.000010e+01
    endloop
  endfacet
  facet normal -0.000000e+00 0.000000e+00 1.000000e+00
    outer loop
      vertex   9.832900e+00 1.564748e+01 -2.000010e+01
      vertex   1.066455e+01 1.318489e+01 -2.000010e+01
      vertex   1.020819e+01 1.569689e+01 -2.000010e+01
    endloop
  endfacet
  facet normal 0.000000e+00 0.000000e+00 1.000000e+00
    outer loop
      vertex   1.020819e+01 1.569689e+01 -2.000010e+01
      vertex   1.066455e+01 1.318489e+01 -2.000010e+01
      vertex   1.145985e+01 1.344330e+01 -2.000010e+01
    endloop
  endfacet
  facet normal -0.000000e+00 0.000000e+00 1.000000e+00
    outer loop
      vertex   1.020819e+01 1.569689e+01 -2.000010e+01
      vertex   1.145985e+01 1.344330e+01 -2.000010e+01
      vertex   1.055790e+01 1.584174e+01 -2.000010e+01
    endloop
  endfacet
  facet normal 0.000000e+00 0.000000e+00 1.000000e+00
    outer loop
      vertex   1.055790e+01 1.584174e+01 -2.000010e+01
      vertex   1.145985e+01 1.344330e+01 -2.000010e+01
      vertex   1.218404e+01 1.386141e+01 -2.000010e+01
    endloop
  endfacet
  facet normal -0.000000e+00 0.000000e+00 1.000000e+00
    outer loop
      vertex   1.055790e+01 1.584174e+01 -2.000010e+01
      vertex   1.218404e+01 1.386141e+01 -2.000010e+01
      vertex   1.085820e+01 1.607218e+01 -2.000010e+01
    endloop
  endfacet
  facet normal 0.000000e+00 0.000000e+00 1.000000e+00
    outer loop
      vertex   1.085820e+01 1.607218e+01 -2.000010e+01
      vertex   1.218404e+01 1.386141e+01 -2.000010e+01
      vertex   1.280548e+01 1.442096e+01 -2.000010e+01
    endloop
  endfacet
  facet normal -0.000000e+00 0.000000e+00 1.000000e+00
    outer loop
      vertex   1.085820e+01 1.607218e+01 -2.000010e+01
      vertex   1.280548e+01 1.442096e+01 -2.000010e+01
      vertex   1.108864e+01 1.637248e+01 -2.000010e+01
    endloop
  endfacet
  facet normal 0.000000e+00 0.000000e+00 1.000000e+00
    outer loop
      vertex   1.108864e+01 1.637248e+01 -2.000010e+01
      vertex   1.280548e+01 1.442096e+01 -2.000010e+01
      vertex   1.329700e+01 1.509748e+01 -2.000010e+01
    endloop
  endfacet
  facet normal 0.000000e+00 0.000000e+00 1.000000e+00
    outer loop
      vertex   1.108864e+01 1.637248e+01 -2.000010e+01
      vertex   1.329700e+01 1.509748e+01 -2.000010e+01
      vertex   1.363713e+01 1.586141e+01 -2.000010e+01
    endloop
  endfacet
  facet normal -0.000000e+00 0.000000e+00 1.000000e+00
    outer loop
      vertex   1.108864e+01 1.637248e+01 -2.000010e+01
      vertex   1.363713e+01 1.586141e+01 -2.000010e+01
      vertex   1.123349e+01 1.672219e+01 -2.000010e+01
    endloop
  endfacet
  facet normal 0.000000e+00 0.000000e+00 1.000000e+00
    outer loop
      vertex   1.123349e+01 1.672219e+01 -2.000010e+01
      vertex   1.363713e+01 1.586141e+01 -2.000010e+01
      vertex   1.381099e+01 1.667937e+01 -2.000010e+01
    endloop
  endfacet
  facet normal -0.000000e+00 0.000000e+00 1.000000e+00
    outer loop
      vertex   1.123349e+01 1.672219e+01 -2.000010e+01
      vertex   1.381099e+01 1.667937e+01 -2.000010e+01
      vertex   1.128290e+01 1.709748e+01 -2.000010e+01
    endloop
  endfacet
  facet normal -0.000000e+00 0.000000e+00 1.000000e+00
    outer loop
      vertex   1.128290e+01 1.709748e+01 -2.000010e+01
      vertex   1.381099e+01 1.667937e+01 -2.000010e+01
      vertex   1.381099e+01 1.751559e+01 -2.000010e+01
    endloop
  endfacet
  facet normal 0.000000e+00 -0.000000e+00 1.000000e+00
    outer loop
      vertex   1.128290e+01 1.709748e+01 -2.000010e+01
      vertex   1.381099e+01 1.751559e+01 -2.000010e+01
      vertex   1.123349e+01 1.747277e+01 -2.000010e+01
    endloop
  endfacet
  facet normal 0.000000e+00 0.000000e+00 1.000000e+00
    outer loop
      vertex   1.123349e+01 1.747277e+01 -2.000010e+01
      vertex   1.381099e+01 1.751559e+01 -2.000010e+01
      vertex   1.363713e+01 1.833355e+01 -2.000010e+01
    endloop
  endfacet
  facet normal 0.000000e+00 -0.000000e+00 1.000000e+00
    outer loop
      vertex   1.123349e+01 1.747277e+01 -2.000010e+01
      vertex   1.363713e+01 1.833355e+01 -2.000010e+01
      vertex   1.108864e+01 1.782248e+01 -2.000010e+01
    endloop
  endfacet
  facet normal 0.000000e+00 0.000000e+00 1.000000e+00
    outer loop
      vertex   1.108864e+01 1.782248e+01 -2.000010e+01
      vertex   1.363713e+01 1.833355e+01 -2.000010e+01
      vertex   1.329700e+01 1.909748e+01 -2.000010e+01
    endloop
  endfacet
  facet normal 0.000000e+00 0.000000e+00 1.000000e+00
    outer loop
      vertex   1.108864e+01 1.782248e+01 -2.000010e+01
      vertex   1.329700e+01 1.909748e+01 -2.000010e+01
      vertex   1.280548e+01 1.977400e+01 -2.000010e+01
    endloop
  endfacet
  facet normal 0.000000e+00 -0.000000e+00 1.000000e+00
    outer loop
      vertex   1.108864e+01 1.782248e+01 -2.000010e+01
      vertex   1.280548e+01 1.977400e+01 -2.000010e+01
      vertex   1.085820e+01 1.812279e+01 -2.000010e+01
    endloop
  endfacet
  facet normal 0.000000e+00 0.000000e+00 1.000000e+00
    outer loop
      vertex   1.085820e+01 1.812279e+01 -2.000010e+01
      vertex   1.280548e+01 1.977400e+01 -2.000010e+01
      vertex   1.218404e+01 2.033355e+01 -2.000010e+01
    endloop
  endfacet
  facet normal 0.000000e+00 -0.000000e+00 1.000000e+00
    outer loop
      vertex   1.085820e+01 1.812279e+01 -2.000010e+01
      vertex   1.218404e+01 2.033355e+01 -2.000010e+01
      vertex   1.055790e+01 1.835322e+01 -2.000010e+01
    endloop
  endfacet
  facet normal 0.000000e+00 0.000000e+00 1.000000e+00
    outer loop
      vertex   1.055790e+01 1.835322e+01 -2.000010e+01
      vertex   1.218404e+01 2.033355e+01 -2.000010e+01
      vertex   1.145985e+01 2.075166e+01 -2.000010e+01
    endloop
  endfacet
  facet normal 0.000000e+00 -0.000000e+00 1.000000e+00
    outer loop
      vertex   1.055790e+01 1.835322e+01 -2.000010e+01
      vertex   1.145985e+01 2.075166e+01 -2.000010e+01
      vertex   1.020819e+01 1.849807e+01 -2.000010e+01
    endloop
  endfacet
  facet normal 0.000000e+00 0.000000e+00 1.000000e+00
    outer loop
      vertex   1.020819e+01 1.849807e+01 -2.000010e+01
      vertex   1.145985e+01 2.075166e+01 -2.000010e+01
      vertex   1.066455e+01 2.101007e+01 -2.000010e+01
    endloop
  endfacet
  facet normal 0.000000e+00 -0.000000e+00 1.000000e+00
    outer loop
      vertex   1.020819e+01 1.849807e+01 -2.000010e+01
      vertex   1.066455e+01 2.101007e+01 -2.000010e+01
      vertex   9.832900e+00 1.854748e+01 -2.000010e+01
    endloop
  endfacet
  facet normal 0.000000e+00 0.000000e+00 1.000000e+00
    outer loop
      vertex   9.832900e+00 1.854748e+01 -2.000010e+01
      vertex   1.066455e+01 2.101007e+01 -2.000010e+01
      vertex   9.832900e+00 2.109748e+01 -2.000010e+01
    endloop
  endfacet
  facet normal 0.000000e+00 -0.000000e+00 1.000000e+00
    outer loop
      vertex   9.832900e+00 1.854748e+01 -2.000010e+01
      vertex   9.832900e+00 2.109748e+01 -2.000010e+01
      vertex   9.001253e+00 2.101007e+01 -2.000010e+01
    endloop
  endfacet
  facet normal 0.000000e+00 0.000000e+00 1.000000e+00
    outer loop
      vertex   9.832900e+00 1.854748e+01 -2.000010e+01
      vertex   9.001253e+00 2.101007e+01 -2.000010e+01
      vertex   9.457612e+00 1.849807e+01 -2.000010e+01
    endloop
  endfacet
  facet normal 0.000000e+00 0.000000e+00 1.000000e+00
    outer loop
      vertex   9.457612e+00 1.849807e+01 -2.000010e+01
      vertex   9.001253e+00 2.101007e+01 -2.000010e+01
      vertex   8.205953e+00 2.075166e+01 -2.000010e+01
    endloop
  endfacet
  facet normal 0.000000e+00 0.000000e+00 1.000000e+00
    outer loop
      vertex   9.457612e+00 1.849807e+01 -2.000010e+01
      vertex   8.205953e+00 2.075166e+01 -2.000010e+01
      vertex   9.107900e+00 1.835322e+01 -2.000010e+01
    endloop
  endfacet
  facet normal 0.000000e+00 0.000000e+00 1.000000e+00
    outer loop
      vertex   9.107900e+00 1.835322e+01 -2.000010e+01
      vertex   8.205953e+00 2.075166e+01 -2.000010e+01
      vertex   7.481759e+00 2.033355e+01 -2.000010e+01
    endloop
  endfacet
  facet normal 0.000000e+00 0.000000e+00 1.000000e+00
    outer loop
      vertex   9.107900e+00 1.835322e+01 -2.000010e+01
      vertex   7.481759e+00 2.033355e+01 -2.000010e+01
      vertex   8.807595e+00 1.812279e+01 -2.000010e+01
    endloop
  endfacet
  facet normal 0.000000e+00 0.000000e+00 1.000000e+00
    outer loop
      vertex   8.807595e+00 1.812279e+01 -2.000010e+01
      vertex   7.481759e+00 2.033355e+01 -2.000010e+01
      vertex   6.860321e+00 1.977400e+01 -2.000010e+01
    endloop
  endfacet
  facet normal 0.000000e+00 0.000000e+00 1.000000e+00
    outer loop
      vertex   8.807595e+00 1.812279e+01 -2.000010e+01
      vertex   6.860321e+00 1.977400e+01 -2.000010e+01
      vertex   8.577163e+00 1.782248e+01 -2.000010e+01
    endloop
  endfacet
  facet normal 0.000000e+00 0.000000e+00 1.000000e+00
    outer loop
      vertex   8.577163e+00 1.782248e+01 -2.000010e+01
      vertex   6.860321e+00 1.977400e+01 -2.000010e+01
      vertex   6.368798e+00 1.909748e+01 -2.000010e+01
    endloop
  endfacet
  facet normal 0.000000e+00 0.000000e+00 1.000000e+00
    outer loop
      vertex   8.577163e+00 1.782248e+01 -2.000010e+01
      vertex   6.368798e+00 1.909748e+01 -2.000010e+01
      vertex   6.028674e+00 1.833355e+01 -2.000010e+01
    endloop
  endfacet
  facet normal 0.000000e+00 0.000000e+00 1.000000e+00
    outer loop
      vertex   8.577163e+00 1.782248e+01 -2.000010e+01
      vertex   6.028674e+00 1.833355e+01 -2.000010e+01
      vertex   8.432308e+00 1.747277e+01 -2.000010e+01
    endloop
  endfacet
  facet normal 0.000000e+00 0.000000e+00 1.000000e+00
    outer loop
      vertex   8.432308e+00 1.747277e+01 -2.000010e+01
      vertex   6.028674e+00 1.833355e+01 -2.000010e+01
      vertex   5.854812e+00 1.751559e+01 -2.000010e+01
    endloop
  endfacet
  facet normal 0.000000e+00 0.000000e+00 1.000000e+00
    outer loop
      vertex   8.432308e+00 1.747277e+01 -2.000010e+01
      vertex   5.854812e+00 1.751559e+01 -2.000010e+01
      vertex   8.382900e+00 1.709748e+01 -2.000010e+01
    endloop
  endfacet
  facet normal 0.000000e+00 0.000000e+00 1.000000e+00
    outer loop
      vertex   8.382900e+00 1.709748e+01 -2.000010e+01
      vertex   5.854812e+00 1.751559e+01 -2.000010e+01
      vertex   5.854812e+00 1.667937e+01 -2.000010e+01
    endloop
  endfacet
  facet normal 0.000000e+00 0.000000e+00 1.000000e+00
    outer loop
      vertex   8.382900e+00 1.709748e+01 -2.000010e+01
      vertex   5.854812e+00 1.667937e+01 -2.000010e+01
      vertex   8.432308e+00 1.672219e+01 -2.000010e+01
    endloop
  endfacet
  facet normal 0.000000e+00 0.000000e+00 1.000000e+00
    outer loop
      vertex   8.432308e+00 1.672219e+01 -2.000010e+01
      vertex   5.854812e+00 1.667937e+01 -2.000010e+01
      vertex   6.028674e+00 1.586141e+01 -2.000010e+01
    endloop
  endfacet
  facet normal 0.000000e+00 0.000000e+00 1.000000e+00
    outer loop
      vertex   8.432308e+00 1.672219e+01 -2.000010e+01
      vertex   6.028674e+00 1.586141e+01 -2.000010e+01
      vertex   8.577163e+00 1.637248e+01 -2.000010e+01
    endloop
  endfacet
  facet normal 0.000000e+00 0.000000e+00 1.000000e+00
    outer loop
      vertex   8.577163e+00 1.637248e+01 -2.000010e+01
      vertex   6.028674e+00 1.586141e+01 -2.000010e+01
      vertex   6.368798e+00 1.509748e+01 -2.000010e+01
    endloop
  endfacet
  facet normal 0.000000e+00 0.000000e+00 1.000000e+00
    outer loop
      vertex   8.577163e+00 1.637248e+01 -2.000010e+01
      vertex   6.368798e+00 1.509748e+01 -2.000010e+01
      vertex   6.860321e+00 1.442096e+01 -2.000010e+01
    endloop
  endfacet
  facet normal 0.000000e+00 0.000000e+00 1.000000e+00
    outer loop
      vertex   8.577163e+00 1.637248e+01 -2.000010e+01
      vertex   6.860321e+00 1.442096e+01 -2.000010e+01
      vertex   8.807595e+00 1.607218e+01 -2.000010e+01
    endloop
  endfacet
  facet normal 0.000000e+00 0.000000e+00 1.000000e+00
    outer loop
      vertex   8.807595e+00 1.607218e+01 -2.000010e+01
      vertex   6.860321e+00 1.442096e+01 -2.000010e+01
      vertex   7.481759e+00 1.386141e+01 -2.000010e+01
    endloop
  endfacet
  facet normal 0.000000e+00 0.000000e+00 1.000000e+00
    outer loop
      vertex   8.807595e+00 1.607218e+01 -2.000010e+01
      vertex   7.481759e+00 1.386141e+01 -2.000010e+01
      vertex   9.107900e+00 1.584174e+01 -2.000010e+01
    endloop
  endfacet
  facet normal 0.000000e+00 0.000000e+00 1.000000e+00
    outer loop
      vertex   9.107900e+00 1.584174e+01 -2.000010e+01
      vertex   7.481759e+00 1.386141e+01 -2.000010e+01
      vertex   8.205953e+00 1.344330e+01 -2.000010e+01
    endloop
  endfacet
  facet normal 0.000000e+00 0.000000e+00 1.000000e+00
    outer loop
      vertex   9.107900e+00 1.584174e+01 -2.000010e+01
      vertex   8.205953e+00 1.344330e+01 -2.000010e+01
      vertex   9.457612e+00 1.569689e+01 -2.000010e+01
    endloop
  endfacet
  facet normal 0.000000e+00 0.000000e+00 1.000000e+00
    outer loop
      vertex   9.457612e+00 1.569689e+01 -2.000010e+01
      vertex   8.205953e+00 1.344330e+01 -2.000010e+01
      vertex   9.001253e+00 1.318489e+01 -2.000010e+01
    endloop
  endfacet
  facet normal 0.000000e+00 0.000000e+00 1.000000e+00
    outer loop
      vertex   9.457612e+00 1.569689e+01 -2.000010e+01
      vertex   9.001253e+00 1.318489e+01 -2.000010e+01
      vertex   9.832900e+00 1.564748e+01 -2.000010e+01
    endloop
  endfacet
  facet normal 0.000000e+00 0.000000e+00 1.000000e+00
    outer loop
      vertex   -2.533545e+01 -3.498993e+01 -2.000010e+01
      vertex   -2.616710e+01 -3.490252e+01 -2.000010e+01
      vertex   -2.616710e+01 -3.745252e+01 -2.000010e+01
    endloop
  endfacet
  facet normal 0.000000e+00 -0.000000e+00 1.000000e+00
    outer loop
      vertex   -2.616710e+01 -3.745252e+01 -2.000010e+01
      vertex   -2.616710e+01 -3.490252e+01 -2.000010e+01
      vertex   -2.699875e+01 -3.498993e+01 -2.000010e+01
    endloop
  endfacet
  facet normal 0.000000e+00 0.000000e+00 1.000000e+00
    outer loop
      vertex   -2.616710e+01 -3.745252e+01 -2.000010e+01
      vertex   -2.699875e+01 -3.498993e+01 -2.000010e+01
      vertex   -2.654239e+01 -3.750193e+01 -2.000010e+01
    endloop
  endfacet
  facet normal 0.000000e+00 0.000000e+00 1.000000e+00
    outer loop
      vertex   -2.654239e+01 -3.750193e+01 -2.000010e+01
      vertex   -2.699875e+01 -3.498993e+01 -2.000010e+01
      vertex   -2.779405e+01 -3.524834e+01 -2.000010e+01
    endloop
  endfacet
  facet normal 0.000000e+00 0.000000e+00 1.000000e+00
    outer loop
      vertex   -2.654239e+01 -3.750193e+01 -2.000010e+01
      vertex   -2.779405e+01 -3.524834e+01 -2.000010e+01
      vertex   -2.689210e+01 -3.764678e+01 -2.000010e+01
    endloop
  endfacet
  facet normal 0.000000e+00 0.000000e+00 1.000000e+00
    outer loop
      vertex   -2.689210e+01 -3.764678e+01 -2.000010e+01
      vertex   -2.779405e+01 -3.524834e+01 -2.000010e+01
      vertex   -2.851824e+01 -3.566645e+01 -2.000010e+01
    endloop
  endfacet
  facet normal 0.000000e+00 0.000000e+00 1.000000e+00
    outer loop
      vertex   -2.689210e+01 -3.764678e+01 -2.000010e+01
      vertex   -2.851824e+01 -3.566645e+01 -2.000010e+01
      vertex   -2.719240e+01 -3.787721e+01 -2.000010e+01
    endloop
  endfacet
  facet normal 0.000000e+00 0.000000e+00 1.000000e+00
    outer loop
      vertex   -2.719240e+01 -3.787721e+01 -2.000010e+01
      vertex   -2.851824e+01 -3.566645e+01 -2.000010e+01
      vertex   -2.913968e+01 -3.622600e+01 -2.000010e+01
    endloop
  endfacet
  facet normal 0.000000e+00 0.000000e+00 1.000000e+00
    outer loop
      vertex   -2.719240e+01 -3.787721e+01 -2.000010e+01
      vertex   -2.913968e+01 -3.622600e+01 -2.000010e+01
      vertex   -2.742284e+01 -3.817752e+01 -2.000010e+01
    endloop
  endfacet
  facet normal 0.000000e+00 0.000000e+00 1.000000e+00
    outer loop
      vertex   -2.742284e+01 -3.817752e+01 -2.000010e+01
      vertex   -2.913968e+01 -3.622600e+01 -2.000010e+01
      vertex   -2.963120e+01 -3.690252e+01 -2.000010e+01
    endloop
  endfacet
  facet normal 0.000000e+00 0.000000e+00 1.000000e+00
    outer loop
      vertex   -2.742284e+01 -3.817752e+01 -2.000010e+01
      vertex   -2.963120e+01 -3.690252e+01 -2.000010e+01
      vertex   -2.997133e+01 -3.766645e+01 -2.000010e+01
    endloop
  endfacet
  facet normal 0.000000e+00 0.000000e+00 1.000000e+00
    outer loop
      vertex   -2.742284e+01 -3.817752e+01 -2.000010e+01
      vertex   -2.997133e+01 -3.766645e+01 -2.000010e+01
      vertex   -2.756769e+01 -3.852723e+01 -2.000010e+01
    endloop
  endfacet
  facet normal 0.000000e+00 0.000000e+00 1.000000e+00
    outer loop
      vertex   -2.756769e+01 -3.852723e+01 -2.000010e+01
      vertex   -2.997133e+01 -3.766645e+01 -2.000010e+01
      vertex   -3.014519e+01 -3.848441e+01 -2.000010e+01
    endloop
  endfacet
  facet normal 0.000000e+00 0.000000e+00 1.000000e+00
    outer loop
      vertex   -2.756769e+01 -3.852723e+01 -2.000010e+01
      vertex   -3.014519e+01 -3.848441e+01 -2.000010e+01
      vertex   -2.761710e+01 -3.890252e+01 -2.000010e+01
    endloop
  endfacet
  facet normal 0.000000e+00 0.000000e+00 1.000000e+00
    outer loop
      vertex   -2.761710e+01 -3.890252e+01 -2.000010e+01
      vertex   -3.014519e+01 -3.848441e+01 -2.000010e+01
      vertex   -3.014519e+01 -3.932063e+01 -2.000010e+01
    endloop
  endfacet
  facet normal 0.000000e+00 0.000000e+00 1.000000e+00
    outer loop
      vertex   -2.761710e+01 -3.890252e+01 -2.000010e+01
      vertex   -3.014519e+01 -3.932063e+01 -2.000010e+01
      vertex   -2.756769e+01 -3.927781e+01 -2.000010e+01
    endloop
  endfacet
  facet normal 0.000000e+00 0.000000e+00 1.000000e+00
    outer loop
      vertex   -2.756769e+01 -3.927781e+01 -2.000010e+01
      vertex   -3.014519e+01 -3.932063e+01 -2.000010e+01
      vertex   -2.997133e+01 -4.013859e+01 -2.000010e+01
    endloop
  endfacet
  facet normal 0.000000e+00 0.000000e+00 1.000000e+00
    outer loop
      vertex   -2.756769e+01 -3.927781e+01 -2.000010e+01
      vertex   -2.997133e+01 -4.013859e+01 -2.000010e+01
      vertex   -2.742284e+01 -3.962752e+01 -2.000010e+01
    endloop
  endfacet
  facet normal 0.000000e+00 0.000000e+00 1.000000e+00
    outer loop
      vertex   -2.742284e+01 -3.962752e+01 -2.000010e+01
      vertex   -2.997133e+01 -4.013859e+01 -2.000010e+01
      vertex   -2.963120e+01 -4.090252e+01 -2.000010e+01
    endloop
  endfacet
  facet normal 0.000000e+00 0.000000e+00 1.000000e+00
    outer loop
      vertex   -2.742284e+01 -3.962752e+01 -2.000010e+01
      vertex   -2.963120e+01 -4.090252e+01 -2.000010e+01
      vertex   -2.913968e+01 -4.157904e+01 -2.000010e+01
    endloop
  endfacet
  facet normal 0.000000e+00 0.000000e+00 1.000000e+00
    outer loop
      vertex   -2.742284e+01 -3.962752e+01 -2.000010e+01
      vertex   -2.913968e+01 -4.157904e+01 -2.000010e+01
      vertex   -2.719240e+01 -3.992782e+01 -2.000010e+01
    endloop
  endfacet
  facet normal 0.000000e+00 0.000000e+00 1.000000e+00
    outer loop
      vertex   -2.719240e+01 -3.992782e+01 -2.000010e+01
      vertex   -2.913968e+01 -4.157904e+01 -2.000010e+01
      vertex   -2.851824e+01 -4.213859e+01 -2.000010e+01
    endloop
  endfacet
  facet normal 0.000000e+00 0.000000e+00 1.000000e+00
    outer loop
      vertex   -2.719240e+01 -3.992782e+01 -2.000010e+01
      vertex   -2.851824e+01 -4.213859e+01 -2.000010e+01
      vertex   -2.689210e+01 -4.015826e+01 -2.000010e+01
    endloop
  endfacet
  facet normal 0.000000e+00 0.000000e+00 1.000000e+00
    outer loop
      vertex   -2.689210e+01 -4.015826e+01 -2.000010e+01
      vertex   -2.851824e+01 -4.213859e+01 -2.000010e+01
      vertex   -2.779405e+01 -4.255670e+01 -2.000010e+01
    endloop
  endfacet
  facet normal 0.000000e+00 0.000000e+00 1.000000e+00
    outer loop
      vertex   -2.689210e+01 -4.015826e+01 -2.000010e+01
      vertex   -2.779405e+01 -4.255670e+01 -2.000010e+01
      vertex   -2.654239e+01 -4.030311e+01 -2.000010e+01
    endloop
  endfacet
  facet normal 0.000000e+00 0.000000e+00 1.000000e+00
    outer loop
      vertex   -2.654239e+01 -4.030311e+01 -2.000010e+01
      vertex   -2.779405e+01 -4.255670e+01 -2.000010e+01
      vertex   -2.699875e+01 -4.281511e+01 -2.000010e+01
    endloop
  endfacet
  facet normal 0.000000e+00 0.000000e+00 1.000000e+00
    outer loop
      vertex   -2.654239e+01 -4.030311e+01 -2.000010e+01
      vertex   -2.699875e+01 -4.281511e+01 -2.000010e+01
      vertex   -2.616710e+01 -4.035252e+01 -2.000010e+01
    endloop
  endfacet
  facet normal 0.000000e+00 0.000000e+00 1.000000e+00
    outer loop
      vertex   -2.616710e+01 -4.035252e+01 -2.000010e+01
      vertex   -2.699875e+01 -4.281511e+01 -2.000010e+01
      vertex   -2.616710e+01 -4.290252e+01 -2.000010e+01
    endloop
  endfacet
  facet normal 0.000000e+00 0.000000e+00 1.000000e+00
    outer loop
      vertex   -2.616710e+01 -4.035252e+01 -2.000010e+01
      vertex   -2.616710e+01 -4.290252e+01 -2.000010e+01
      vertex   -2.533545e+01 -4.281511e+01 -2.000010e+01
    endloop
  endfacet
  facet normal -0.000000e+00 0.000000e+00 1.000000e+00
    outer loop
      vertex   -2.616710e+01 -4.035252e+01 -2.000010e+01
      vertex   -2.533545e+01 -4.281511e+01 -2.000010e+01
      vertex   -2.579181e+01 -4.030311e+01 -2.000010e+01
    endloop
  endfacet
  facet normal 0.000000e+00 0.000000e+00 1.000000e+00
    outer loop
      vertex   -2.579181e+01 -4.030311e+01 -2.000010e+01
      vertex   -2.533545e+01 -4.281511e+01 -2.000010e+01
      vertex   -2.454015e+01 -4.255670e+01 -2.000010e+01
    endloop
  endfacet
  facet normal -0.000000e+00 0.000000e+00 1.000000e+00
    outer loop
      vertex   -2.579181e+01 -4.030311e+01 -2.000010e+01
      vertex   -2.454015e+01 -4.255670e+01 -2.000010e+01
      vertex   -2.544210e+01 -4.015826e+01 -2.000010e+01
    endloop
  endfacet
  facet normal 0.000000e+00 0.000000e+00 1.000000e+00
    outer loop
      vertex   -2.544210e+01 -4.015826e+01 -2.000010e+01
      vertex   -2.454015e+01 -4.255670e+01 -2.000010e+01
      vertex   -2.381596e+01 -4.213859e+01 -2.000010e+01
    endloop
  endfacet
  facet normal -0.000000e+00 0.000000e+00 1.000000e+00
    outer loop
      vertex   -2.544210e+01 -4.015826e+01 -2.000010e+01
      vertex   -2.381596e+01 -4.213859e+01 -2.000010e+01
      vertex   -2.514180e+01 -3.992782e+01 -2.000010e+01
    endloop
  endfacet
  facet normal 0.000000e+00 0.000000e+00 1.000000e+00
    outer loop
      vertex   -2.514180e+01 -3.992782e+01 -2.000010e+01
      vertex   -2.381596e+01 -4.213859e+01 -2.000010e+01
      vertex   -2.319452e+01 -4.157904e+01 -2.000010e+01
    endloop
  endfacet
  facet normal -0.000000e+00 0.000000e+00 1.000000e+00
    outer loop
      vertex   -2.514180e+01 -3.992782e+01 -2.000010e+01
      vertex   -2.319452e+01 -4.157904e+01 -2.000010e+01
      vertex   -2.491136e+01 -3.962752e+01 -2.000010e+01
    endloop
  endfacet
  facet normal 0.000000e+00 0.000000e+00 1.000000e+00
    outer loop
      vertex   -2.491136e+01 -3.962752e+01 -2.000010e+01
      vertex   -2.319452e+01 -4.157904e+01 -2.000010e+01
      vertex   -2.270300e+01 -4.090252e+01 -2.000010e+01
    endloop
  endfacet
  facet normal 0.000000e+00 0.000000e+00 1.000000e+00
    outer loop
      vertex   -2.491136e+01 -3.962752e+01 -2.000010e+01
      vertex   -2.270300e+01 -4.090252e+01 -2.000010e+01
      vertex   -2.236287e+01 -4.013859e+01 -2.000010e+01
    endloop
  endfacet
  facet normal -0.000000e+00 0.000000e+00 1.000000e+00
    outer loop
      vertex   -2.491136e+01 -3.962752e+01 -2.000010e+01
      vertex   -2.236287e+01 -4.013859e+01 -2.000010e+01
      vertex   -2.476651e+01 -3.927781e+01 -2.000010e+01
    endloop
  endfacet
  facet normal 0.000000e+00 0.000000e+00 1.000000e+00
    outer loop
      vertex   -2.476651e+01 -3.927781e+01 -2.000010e+01
      vertex   -2.236287e+01 -4.013859e+01 -2.000010e+01
      vertex   -2.218901e+01 -3.932063e+01 -2.000010e+01
    endloop
  endfacet
  facet normal -0.000000e+00 0.000000e+00 1.000000e+00
    outer loop
      vertex   -2.476651e+01 -3.927781e+01 -2.000010e+01
      vertex   -2.218901e+01 -3.932063e+01 -2.000010e+01
      vertex   -2.471710e+01 -3.890252e+01 -2.000010e+01
    endloop
  endfacet
  facet normal -0.000000e+00 0.000000e+00 1.000000e+00
    outer loop
      vertex   -2.471710e+01 -3.890252e+01 -2.000010e+01
      vertex   -2.218901e+01 -3.932063e+01 -2.000010e+01
      vertex   -2.218901e+01 -3.848441e+01 -2.000010e+01
    endloop
  endfacet
  facet normal 0.000000e+00 -0.000000e+00 1.000000e+00
    outer loop
      vertex   -2.471710e+01 -3.890252e+01 -2.000010e+01
      vertex   -2.218901e+01 -3.848441e+01 -2.000010e+01
      vertex   -2.476651e+01 -3.852723e+01 -2.000010e+01
    endloop
  endfacet
  facet normal 0.000000e+00 0.000000e+00 1.000000e+00
    outer loop
      vertex   -2.476651e+01 -3.852723e+01 -2.000010e+01
      vertex   -2.218901e+01 -3.848441e+01 -2.000010e+01
      vertex   -2.236287e+01 -3.766645e+01 -2.000010e+01
    endloop
  endfacet
  facet normal 0.000000e+00 -0.000000e+00 1.000000e+00
    outer loop
      vertex   -2.476651e+01 -3.852723e+01 -2.000010e+01
      vertex   -2.236287e+01 -3.766645e+01 -2.000010e+01
      vertex   -2.491136e+01 -3.817752e+01 -2.000010e+01
    endloop
  endfacet
  facet normal 0.000000e+00 0.000000e+00 1.000000e+00
    outer loop
      vertex   -2.491136e+01 -3.817752e+01 -2.000010e+01
      vertex   -2.236287e+01 -3.766645e+01 -2.000010e+01
      vertex   -2.270300e+01 -3.690252e+01 -2.000010e+01
    endloop
  endfacet
  facet normal 0.000000e+00 0.000000e+00 1.000000e+00
    outer loop
      vertex   -2.491136e+01 -3.817752e+01 -2.000010e+01
      vertex   -2.270300e+01 -3.690252e+01 -2.000010e+01
      vertex   -2.319452e+01 -3.622600e+01 -2.000010e+01
    endloop
  endfacet
  facet normal 0.000000e+00 -0.000000e+00 1.000000e+00
    outer loop
      vertex   -2.491136e+01 -3.817752e+01 -2.000010e+01
      vertex   -2.319452e+01 -3.622600e+01 -2.000010e+01
      vertex   -2.514180e+01 -3.787721e+01 -2.000010e+01
    endloop
  endfacet
  facet normal 0.000000e+00 0.000000e+00 1.000000e+00
    outer loop
      vertex   -2.514180e+01 -3.787721e+01 -2.000010e+01
      vertex   -2.319452e+01 -3.622600e+01 -2.000010e+01
      vertex   -2.381596e+01 -3.566645e+01 -2.000010e+01
    endloop
  endfacet
  facet normal 0.000000e+00 -0.000000e+00 1.000000e+00
    outer loop
      vertex   -2.514180e+01 -3.787721e+01 -2.000010e+01
      vertex   -2.381596e+01 -3.566645e+01 -2.000010e+01
      vertex   -2.544210e+01 -3.764678e+01 -2.000010e+01
    endloop
  endfacet
  facet normal 0.000000e+00 0.000000e+00 1.000000e+00
    outer loop
      vertex   -2.544210e+01 -3.764678e+01 -2.000010e+01
      vertex   -2.381596e+01 -3.566645e+01 -2.000010e+01
      vertex   -2.454015e+01 -3.524834e+01 -2.000010e+01
    endloop
  endfacet
  facet normal 0.000000e+00 -0.000000e+00 1.000000e+00
    outer loop
      vertex   -2.544210e+01 -3.764678e+01 -2.000010e+01
      vertex   -2.454015e+01 -3.524834e+01 -2.000010e+01
      vertex   -2.579181e+01 -3.750193e+01 -2.000010e+01
    endloop
  endfacet
  facet normal 0.000000e+00 0.000000e+00 1.000000e+00
    outer loop
      vertex   -2.579181e+01 -3.750193e+01 -2.000010e+01
      vertex   -2.454015e+01 -3.524834e+01 -2.000010e+01
      vertex   -2.533545e+01 -3.498993e+01 -2.000010e+01
    endloop
  endfacet
  facet normal 0.000000e+00 -0.000000e+00 1.000000e+00
    outer loop
      vertex   -2.579181e+01 -3.750193e+01 -2.000010e+01
      vertex   -2.533545e+01 -3.498993e+01 -2.000010e+01
      vertex   -2.616710e+01 -3.745252e+01 -2.000010e+01
    endloop
  endfacet
  facet normal 0.000000e+00 0.000000e+00 1.000000e+00
    outer loop
      vertex   8.432308e+00 -3.852723e+01 -2.000010e+01
      vertex   5.920310e+00 -3.807087e+01 -2.000010e+01
      vertex   8.382900e+00 -3.890252e+01 -2.000010e+01
    endloop
  endfacet
  facet normal 0.000000e+00 0.000000e+00 1.000000e+00
    outer loop
      vertex   8.382900e+00 -3.890252e+01 -2.000010e+01
      vertex   5.920310e+00 -3.807087e+01 -2.000010e+01
      vertex   5.832900e+00 -3.890252e+01 -2.000010e+01
    endloop
  endfacet
  facet normal 0.000000e+00 0.000000e+00 1.000000e+00
    outer loop
      vertex   8.382900e+00 -3.890252e+01 -2.000010e+01
      vertex   5.832900e+00 -3.890252e+01 -2.000010e+01
      vertex   5.920310e+00 -3.973417e+01 -2.000010e+01
    endloop
  endfacet
  facet normal -0.000000e+00 0.000000e+00 1.000000e+00
    outer loop
      vertex   5.920310e+00 -3.807087e+01 -2.000010e+01
      vertex   8.432308e+00 -3.852723e+01 -2.000010e+01
      vertex   6.178718e+00 -3.727557e+01 -2.000010e+01
    endloop
  endfacet
  facet normal 0.000000e+00 0.000000e+00 1.000000e+00
    outer loop
      vertex   6.178718e+00 -3.727557e+01 -2.000010e+01
      vertex   8.432308e+00 -3.852723e+01 -2.000010e+01
      vertex   8.577163e+00 -3.817752e+01 -2.000010e+01
    endloop
  endfacet
  facet normal -0.000000e+00 0.000000e+00 1.000000e+00
    outer loop
      vertex   6.178718e+00 -3.727557e+01 -2.000010e+01
      vertex   8.577163e+00 -3.817752e+01 -2.000010e+01
      vertex   6.596832e+00 -3.655138e+01 -2.000010e+01
    endloop
  endfacet
  facet normal 0.000000e+00 0.000000e+00 1.000000e+00
    outer loop
      vertex   6.596832e+00 -3.655138e+01 -2.000010e+01
      vertex   8.577163e+00 -3.817752e+01 -2.000010e+01
      vertex   8.807595e+00 -3.787721e+01 -2.000010e+01
    endloop
  endfacet
  facet normal -0.000000e+00 0.000000e+00 1.000000e+00
    outer loop
      vertex   6.596832e+00 -3.655138e+01 -2.000010e+01
      vertex   8.807595e+00 -3.787721e+01 -2.000010e+01
      vertex   7.156378e+00 -3.592994e+01 -2.000010e+01
    endloop
  endfacet
  facet normal 0.000000e+00 0.000000e+00 1.000000e+00
    outer loop
      vertex   7.156378e+00 -3.592994e+01 -2.000010e+01
      vertex   8.807595e+00 -3.787721e+01 -2.000010e+01
      vertex   9.107900e+00 -3.764678e+01 -2.000010e+01
    endloop
  endfacet
  facet normal -0.000000e+00 0.000000e+00 1.000000e+00
    outer loop
      vertex   7.156378e+00 -3.592994e+01 -2.000010e+01
      vertex   9.107900e+00 -3.764678e+01 -2.000010e+01
      vertex   7.832900e+00 -3.543842e+01 -2.000010e+01
    endloop
  endfacet
  facet normal -0.000000e+00 0.000000e+00 1.000000e+00
    outer loop
      vertex   7.832900e+00 -3.543842e+01 -2.000010e+01
      vertex   9.107900e+00 -3.764678e+01 -2.000010e+01
      vertex   8.596832e+00 -3.509829e+01 -2.000010e+01
    endloop
  endfacet
  facet normal 0.000000e+00 0.000000e+00 1.000000e+00
    outer loop
      vertex   8.596832e+00 -3.509829e+01 -2.000010e+01
      vertex   9.107900e+00 -3.764678e+01 -2.000010e+01
      vertex   9.457612e+00 -3.750193e+01 -2.000010e+01
    endloop
  endfacet
  facet normal -0.000000e+00 0.000000e+00 1.000000e+00
    outer loop
      vertex   8.596832e+00 -3.509829e+01 -2.000010e+01
      vertex   9.457612e+00 -3.750193e+01 -2.000010e+01
      vertex   9.414786e+00 -3.492443e+01 -2.000010e+01
    endloop
  endfacet
  facet normal 0.000000e+00 0.000000e+00 1.000000e+00
    outer loop
      vertex   9.414786e+00 -3.492443e+01 -2.000010e+01
      vertex   9.457612e+00 -3.750193e+01 -2.000010e+01
      vertex   9.832900e+00 -3.745252e+01 -2.000010e+01
    endloop
  endfacet
  facet normal -0.000000e+00 0.000000e+00 1.000000e+00
    outer loop
      vertex   9.414786e+00 -3.492443e+01 -2.000010e+01
      vertex   9.832900e+00 -3.745252e+01 -2.000010e+01
      vertex   1.025101e+01 -3.492443e+01 -2.000010e+01
    endloop
  endfacet
  facet normal 0.000000e+00 0.000000e+00 1.000000e+00
    outer loop
      vertex   1.025101e+01 -3.492443e+01 -2.000010e+01
      vertex   9.832900e+00 -3.745252e+01 -2.000010e+01
      vertex   1.020819e+01 -3.750193e+01 -2.000010e+01
    endloop
  endfacet
  facet normal 0.000000e+00 0.000000e+00 1.000000e+00
    outer loop
      vertex   1.025101e+01 -3.492443e+01 -2.000010e+01
      vertex   1.020819e+01 -3.750193e+01 -2.000010e+01
      vertex   1.106897e+01 -3.509829e+01 -2.000010e+01
    endloop
  endfacet
  facet normal 0.000000e+00 0.000000e+00 1.000000e+00
    outer loop
      vertex   1.106897e+01 -3.509829e+01 -2.000010e+01
      vertex   1.020819e+01 -3.750193e+01 -2.000010e+01
      vertex   1.055790e+01 -3.764678e+01 -2.000010e+01
    endloop
  endfacet
  facet normal 0.000000e+00 0.000000e+00 1.000000e+00
    outer loop
      vertex   1.106897e+01 -3.509829e+01 -2.000010e+01
      vertex   1.055790e+01 -3.764678e+01 -2.000010e+01
      vertex   1.183290e+01 -3.543842e+01 -2.000010e+01
    endloop
  endfacet
  facet normal 0.000000e+00 0.000000e+00 1.000000e+00
    outer loop
      vertex   1.183290e+01 -3.543842e+01 -2.000010e+01
      vertex   1.055790e+01 -3.764678e+01 -2.000010e+01
      vertex   1.250942e+01 -3.592994e+01 -2.000010e+01
    endloop
  endfacet
  facet normal 0.000000e+00 0.000000e+00 1.000000e+00
    outer loop
      vertex   1.250942e+01 -3.592994e+01 -2.000010e+01
      vertex   1.055790e+01 -3.764678e+01 -2.000010e+01
      vertex   1.085820e+01 -3.787721e+01 -2.000010e+01
    endloop
  endfacet
  facet normal 0.000000e+00 0.000000e+00 1.000000e+00
    outer loop
      vertex   1.250942e+01 -3.592994e+01 -2.000010e+01
      vertex   1.085820e+01 -3.787721e+01 -2.000010e+01
      vertex   1.306897e+01 -3.655138e+01 -2.000010e+01
    endloop
  endfacet
  facet normal 0.000000e+00 0.000000e+00 1.000000e+00
    outer loop
      vertex   1.306897e+01 -3.655138e+01 -2.000010e+01
      vertex   1.085820e+01 -3.787721e+01 -2.000010e+01
      vertex   1.108864e+01 -3.817752e+01 -2.000010e+01
    endloop
  endfacet
  facet normal 0.000000e+00 0.000000e+00 1.000000e+00
    outer loop
      vertex   1.306897e+01 -3.655138e+01 -2.000010e+01
      vertex   1.108864e+01 -3.817752e+01 -2.000010e+01
      vertex   1.348708e+01 -3.727557e+01 -2.000010e+01
    endloop
  endfacet
  facet normal 0.000000e+00 0.000000e+00 1.000000e+00
    outer loop
      vertex   1.348708e+01 -3.727557e+01 -2.000010e+01
      vertex   1.108864e+01 -3.817752e+01 -2.000010e+01
      vertex   1.123349e+01 -3.852723e+01 -2.000010e+01
    endloop
  endfacet
  facet normal 0.000000e+00 0.000000e+00 1.000000e+00
    outer loop
      vertex   1.348708e+01 -3.727557e+01 -2.000010e+01
      vertex   1.123349e+01 -3.852723e+01 -2.000010e+01
      vertex   1.374549e+01 -3.807087e+01 -2.000010e+01
    endloop
  endfacet
  facet normal 0.000000e+00 0.000000e+00 1.000000e+00
    outer loop
      vertex   1.374549e+01 -3.807087e+01 -2.000010e+01
      vertex   1.123349e+01 -3.852723e+01 -2.000010e+01
      vertex   1.128290e+01 -3.890252e+01 -2.000010e+01
    endloop
  endfacet
  facet normal 0.000000e+00 0.000000e+00 1.000000e+00
    outer loop
      vertex   1.374549e+01 -3.807087e+01 -2.000010e+01
      vertex   1.128290e+01 -3.890252e+01 -2.000010e+01
      vertex   1.383290e+01 -3.890252e+01 -2.000010e+01
    endloop
  endfacet
  facet normal 0.000000e+00 0.000000e+00 1.000000e+00
    outer loop
      vertex   1.383290e+01 -3.890252e+01 -2.000010e+01
      vertex   1.128290e+01 -3.890252e+01 -2.000010e+01
      vertex   1.374549e+01 -3.973417e+01 -2.000010e+01
    endloop
  endfacet
  facet normal 0.000000e+00 0.000000e+00 1.000000e+00
    outer loop
      vertex   1.374549e+01 -3.973417e+01 -2.000010e+01
      vertex   1.128290e+01 -3.890252e+01 -2.000010e+01
      vertex   1.123349e+01 -3.927781e+01 -2.000010e+01
    endloop
  endfacet
  facet normal 0.000000e+00 0.000000e+00 1.000000e+00
    outer loop
      vertex   1.374549e+01 -3.973417e+01 -2.000010e+01
      vertex   1.123349e+01 -3.927781e+01 -2.000010e+01
      vertex   1.348708e+01 -4.052947e+01 -2.000010e+01
    endloop
  endfacet
  facet normal 0.000000e+00 0.000000e+00 1.000000e+00
    outer loop
      vertex   1.348708e+01 -4.052947e+01 -2.000010e+01
      vertex   1.123349e+01 -3.927781e+01 -2.000010e+01
      vertex   1.108864e+01 -3.962752e+01 -2.000010e+01
    endloop
  endfacet
  facet normal 0.000000e+00 0.000000e+00 1.000000e+00
    outer loop
      vertex   1.348708e+01 -4.052947e+01 -2.000010e+01
      vertex   1.108864e+01 -3.962752e+01 -2.000010e+01
      vertex   1.306897e+01 -4.125366e+01 -2.000010e+01
    endloop
  endfacet
  facet normal 0.000000e+00 0.000000e+00 1.000000e+00
    outer loop
      vertex   1.306897e+01 -4.125366e+01 -2.000010e+01
      vertex   1.108864e+01 -3.962752e+01 -2.000010e+01
      vertex   1.085820e+01 -3.992782e+01 -2.000010e+01
    endloop
  endfacet
  facet normal 0.000000e+00 0.000000e+00 1.000000e+00
    outer loop
      vertex   1.306897e+01 -4.125366e+01 -2.000010e+01
      vertex   1.085820e+01 -3.992782e+01 -2.000010e+01
      vertex   1.250942e+01 -4.187510e+01 -2.000010e+01
    endloop
  endfacet
  facet normal 0.000000e+00 0.000000e+00 1.000000e+00
    outer loop
      vertex   1.250942e+01 -4.187510e+01 -2.000010e+01
      vertex   1.085820e+01 -3.992782e+01 -2.000010e+01
      vertex   1.055790e+01 -4.015826e+01 -2.000010e+01
    endloop
  endfacet
  facet normal 0.000000e+00 0.000000e+00 1.000000e+00
    outer loop
      vertex   1.250942e+01 -4.187510e+01 -2.000010e+01
      vertex   1.055790e+01 -4.015826e+01 -2.000010e+01
      vertex   1.183290e+01 -4.236662e+01 -2.000010e+01
    endloop
  endfacet
  facet normal 0.000000e+00 0.000000e+00 1.000000e+00
    outer loop
      vertex   1.183290e+01 -4.236662e+01 -2.000010e+01
      vertex   1.055790e+01 -4.015826e+01 -2.000010e+01
      vertex   1.106897e+01 -4.270675e+01 -2.000010e+01
    endloop
  endfacet
  facet normal 0.000000e+00 0.000000e+00 1.000000e+00
    outer loop
      vertex   1.106897e+01 -4.270675e+01 -2.000010e+01
      vertex   1.055790e+01 -4.015826e+01 -2.000010e+01
      vertex   1.020819e+01 -4.030311e+01 -2.000010e+01
    endloop
  endfacet
  facet normal 0.000000e+00 0.000000e+00 1.000000e+00
    outer loop
      vertex   1.106897e+01 -4.270675e+01 -2.000010e+01
      vertex   1.020819e+01 -4.030311e+01 -2.000010e+01
      vertex   1.025101e+01 -4.288061e+01 -2.000010e+01
    endloop
  endfacet
  facet normal 0.000000e+00 0.000000e+00 1.000000e+00
    outer loop
      vertex   1.025101e+01 -4.288061e+01 -2.000010e+01
      vertex   1.020819e+01 -4.030311e+01 -2.000010e+01
      vertex   9.832900e+00 -4.035252e+01 -2.000010e+01
    endloop
  endfacet
  facet normal 0.000000e+00 0.000000e+00 1.000000e+00
    outer loop
      vertex   1.025101e+01 -4.288061e+01 -2.000010e+01
      vertex   9.832900e+00 -4.035252e+01 -2.000010e+01
      vertex   9.414786e+00 -4.288061e+01 -2.000010e+01
    endloop
  endfacet
  facet normal 0.000000e+00 0.000000e+00 1.000000e+00
    outer loop
      vertex   9.414786e+00 -4.288061e+01 -2.000010e+01
      vertex   9.832900e+00 -4.035252e+01 -2.000010e+01
      vertex   9.457612e+00 -4.030311e+01 -2.000010e+01
    endloop
  endfacet
  facet normal 0.000000e+00 -0.000000e+00 1.000000e+00
    outer loop
      vertex   9.414786e+00 -4.288061e+01 -2.000010e+01
      vertex   9.457612e+00 -4.030311e+01 -2.000010e+01
      vertex   8.596832e+00 -4.270675e+01 -2.000010e+01
    endloop
  endfacet
  facet normal 0.000000e+00 0.000000e+00 1.000000e+00
    outer loop
      vertex   8.596832e+00 -4.270675e+01 -2.000010e+01
      vertex   9.457612e+00 -4.030311e+01 -2.000010e+01
      vertex   9.107900e+00 -4.015826e+01 -2.000010e+01
    endloop
  endfacet
  facet normal 0.000000e+00 -0.000000e+00 1.000000e+00
    outer loop
      vertex   8.596832e+00 -4.270675e+01 -2.000010e+01
      vertex   9.107900e+00 -4.015826e+01 -2.000010e+01
      vertex   7.832900e+00 -4.236662e+01 -2.000010e+01
    endloop
  endfacet
  facet normal 0.000000e+00 -0.000000e+00 1.000000e+00
    outer loop
      vertex   7.832900e+00 -4.236662e+01 -2.000010e+01
      vertex   9.107900e+00 -4.015826e+01 -2.000010e+01
      vertex   7.156378e+00 -4.187510e+01 -2.000010e+01
    endloop
  endfacet
  facet normal 0.000000e+00 0.000000e+00 1.000000e+00
    outer loop
      vertex   7.156378e+00 -4.187510e+01 -2.000010e+01
      vertex   9.107900e+00 -4.015826e+01 -2.000010e+01
      vertex   8.807595e+00 -3.992782e+01 -2.000010e+01
    endloop
  endfacet
  facet normal 0.000000e+00 -0.000000e+00 1.000000e+00
    outer loop
      vertex   7.156378e+00 -4.187510e+01 -2.000010e+01
      vertex   8.807595e+00 -3.992782e+01 -2.000010e+01
      vertex   6.596832e+00 -4.125366e+01 -2.000010e+01
    endloop
  endfacet
  facet normal 0.000000e+00 0.000000e+00 1.000000e+00
    outer loop
      vertex   6.596832e+00 -4.125366e+01 -2.000010e+01
      vertex   8.807595e+00 -3.992782e+01 -2.000010e+01
      vertex   8.577163e+00 -3.962752e+01 -2.000010e+01
    endloop
  endfacet
  facet normal 0.000000e+00 -0.000000e+00 1.000000e+00
    outer loop
      vertex   6.596832e+00 -4.125366e+01 -2.000010e+01
      vertex   8.577163e+00 -3.962752e+01 -2.000010e+01
      vertex   6.178718e+00 -4.052947e+01 -2.000010e+01
    endloop
  endfacet
  facet normal 0.000000e+00 0.000000e+00 1.000000e+00
    outer loop
      vertex   6.178718e+00 -4.052947e+01 -2.000010e+01
      vertex   8.577163e+00 -3.962752e+01 -2.000010e+01
      vertex   8.432308e+00 -3.927781e+01 -2.000010e+01
    endloop
  endfacet
  facet normal 0.000000e+00 -0.000000e+00 1.000000e+00
    outer loop
      vertex   6.178718e+00 -4.052947e+01 -2.000010e+01
      vertex   8.432308e+00 -3.927781e+01 -2.000010e+01
      vertex   5.920310e+00 -3.973417e+01 -2.000010e+01
    endloop
  endfacet
  facet normal 0.000000e+00 0.000000e+00 1.000000e+00
    outer loop
      vertex   5.920310e+00 -3.973417e+01 -2.000010e+01
      vertex   8.432308e+00 -3.927781e+01 -2.000010e+01
      vertex   8.382900e+00 -3.890252e+01 -2.000010e+01
    endloop
  endfacet
  facet normal 0.000000e+00 0.000000e+00 1.000000e+00
    outer loop
      vertex   5.249950e+00 -4.865257e+01 -2.400010e+01
      vertex   -2.225451e+01 -3.973417e+01 -2.400010e+01
      vertex   -2.158415e+01 -4.865257e+01 -2.400010e+01
    endloop
  endfacet
  facet normal 0.000000e+00 0.000000e+00 1.000000e+00
    outer loop
      vertex   -2.158415e+01 -4.865257e+01 -2.400010e+01
      vertex   -2.225451e+01 -3.973417e+01 -2.400010e+01
      vertex   -2.251292e+01 -4.052947e+01 -2.400010e+01
    endloop
  endfacet
  facet normal 0.000000e+00 0.000000e+00 1.000000e+00
    outer loop
      vertex   -2.158415e+01 -4.865257e+01 -2.400010e+01
      vertex   -2.251292e+01 -4.052947e+01 -2.400010e+01
      vertex   -2.293103e+01 -4.125366e+01 -2.400010e+01
    endloop
  endfacet
  facet normal 0.000000e+00 0.000000e+00 1.000000e+00
    outer loop
      vertex   7.000000e+00 -4.690252e+01 -2.400010e+01
      vertex   6.596832e+00 -4.125366e+01 -2.400010e+01
      vertex   5.249950e+00 -4.865257e+01 -2.400010e+01
    endloop
  endfacet
  facet normal 0.000000e+00 0.000000e+00 1.000000e+00
    outer loop
      vertex   5.249950e+00 -4.865257e+01 -2.400010e+01
      vertex   6.596832e+00 -4.125366e+01 -2.400010e+01
      vertex   6.178718e+00 -4.052947e+01 -2.400010e+01
    endloop
  endfacet
  facet normal 0.000000e+00 0.000000e+00 1.000000e+00
    outer loop
      vertex   5.249950e+00 -4.865257e+01 -2.400010e+01
      vertex   6.178718e+00 -4.052947e+01 -2.400010e+01
      vertex   5.920310e+00 -3.973417e+01 -2.400010e+01
    endloop
  endfacet
  facet normal 0.000000e+00 0.000000e+00 1.000000e+00
    outer loop
      vertex   2.683390e+01 -4.690252e+01 -2.400010e+01
      vertex   1.183290e+01 -4.236662e+01 -2.400010e+01
      vertex   7.000000e+00 -4.690252e+01 -2.400010e+01
    endloop
  endfacet
  facet normal 0.000000e+00 0.000000e+00 1.000000e+00
    outer loop
      vertex   7.000000e+00 -4.690252e+01 -2.400010e+01
      vertex   1.183290e+01 -4.236662e+01 -2.400010e+01
      vertex   1.106897e+01 -4.270675e+01 -2.400010e+01
    endloop
  endfacet
  facet normal 0.000000e+00 0.000000e+00 1.000000e+00
    outer loop
      vertex   7.000000e+00 -4.690252e+01 -2.400010e+01
      vertex   1.106897e+01 -4.270675e+01 -2.400010e+01
      vertex   1.025101e+01 -4.288061e+01 -2.400010e+01
    endloop
  endfacet
  facet normal 0.000000e+00 -0.000000e+00 1.000000e+00
    outer loop
      vertex   2.858395e+01 -4.865257e+01 -2.400010e+01
      vertex   3.033400e+01 -4.865257e+01 -2.400010e+01
      vertex   2.683390e+01 -4.690252e+01 -2.400010e+01
    endloop
  endfacet
  facet normal 0.000000e+00 0.000000e+00 1.000000e+00
    outer loop
      vertex   2.683390e+01 -4.690252e+01 -2.400010e+01
      vertex   3.033400e+01 -4.865257e+01 -2.400010e+01
      vertex   3.130703e+01 -4.856740e+01 -2.400010e+01
    endloop
  endfacet
  facet normal 0.000000e+00 0.000000e+00 1.000000e+00
    outer loop
      vertex   2.683390e+01 -4.690252e+01 -2.400010e+01
      vertex   3.130703e+01 -4.856740e+01 -2.400010e+01
      vertex   3.224972e+01 -4.831540e+01 -2.400010e+01
    endloop
  endfacet
  facet normal 0.000000e+00 -0.000000e+00 1.000000e+00
    outer loop
      vertex   3.224972e+01 -4.831540e+01 -2.400010e+01
      vertex   3.313408e+01 -4.790238e+01 -2.400010e+01
      vertex   2.683390e+01 -4.690252e+01 -2.400010e+01
    endloop
  endfacet
  facet normal 0.000000e+00 0.000000e+00 1.000000e+00
    outer loop
      vertex   2.683390e+01 -4.690252e+01 -2.400010e+01
      vertex   3.313408e+01 -4.790238e+01 -2.400010e+01
      vertex   3.393327e+01 -4.734236e+01 -2.400010e+01
    endloop
  endfacet
  facet normal -0.000000e+00 0.000000e+00 1.000000e+00
    outer loop
      vertex   2.683390e+01 -4.690252e+01 -2.400010e+01
      vertex   3.393327e+01 -4.734236e+01 -2.400010e+01
      vertex   3.462395e+01 -4.665168e+01 -2.400010e+01
    endloop
  endfacet
  facet normal 0.000000e+00 -0.000000e+00 1.000000e+00
    outer loop
      vertex   3.462395e+01 -4.665168e+01 -2.400010e+01
      vertex   3.518397e+01 -4.585249e+01 -2.400010e+01
      vertex   2.683390e+01 -4.690252e+01 -2.400010e+01
    endloop
  endfacet
  facet normal 0.000000e+00 0.000000e+00 1.000000e+00
    outer loop
      vertex   2.683390e+01 -4.690252e+01 -2.400010e+01
      vertex   3.518397e+01 -4.585249e+01 -2.400010e+01
      vertex   3.559699e+01 -4.496813e+01 -2.400010e+01
    endloop
  endfacet
  facet normal 0.000000e+00 0.000000e+00 1.000000e+00
    outer loop
      vertex   2.683390e+01 -4.690252e+01 -2.400010e+01
      vertex   3.559699e+01 -4.496813e+01 -2.400010e+01
      vertex   3.584899e+01 -4.402544e+01 -2.400010e+01
    endloop
  endfacet
  facet normal 0.000000e+00 -0.000000e+00 1.000000e+00
    outer loop
      vertex   3.584899e+01 -4.402544e+01 -2.400010e+01
      vertex   3.593416e+01 -4.305241e+01 -2.400010e+01
      vertex   2.683390e+01 -4.690252e+01 -2.400010e+01
    endloop
  endfacet
  facet normal 0.000000e+00 0.000000e+00 1.000000e+00
    outer loop
      vertex   2.683390e+01 -4.690252e+01 -2.400010e+01
      vertex   3.593416e+01 -4.305241e+01 -2.400010e+01
      vertex   3.593416e+01 -2.730196e+01 -2.400010e+01
    endloop
  endfacet
  facet normal 0.000000e+00 0.000000e+00 1.000000e+00
    outer loop
      vertex   2.683390e+01 -4.690252e+01 -2.400010e+01
      vertex   3.593416e+01 -2.730196e+01 -2.400010e+01
      vertex   3.418411e+01 -2.555191e+01 -2.400010e+01
    endloop
  endfacet
  facet normal 0.000000e+00 0.000000e+00 1.000000e+00
    outer loop
      vertex   3.418411e+01 1.644929e+01 -2.400010e+01
      vertex   1.183290e+01 1.363338e+01 -2.400010e+01
      vertex   3.418411e+01 -2.555191e+01 -2.400010e+01
    endloop
  endfacet
  facet normal 0.000000e+00 0.000000e+00 1.000000e+00
    outer loop
      vertex   3.418411e+01 -2.555191e+01 -2.400010e+01
      vertex   1.183290e+01 1.363338e+01 -2.400010e+01
      vertex   1.106897e+01 1.329325e+01 -2.400010e+01
    endloop
  endfacet
  facet normal 0.000000e+00 0.000000e+00 1.000000e+00
    outer loop
      vertex   3.418411e+01 -2.555191e+01 -2.400010e+01
      vertex   1.106897e+01 1.329325e+01 -2.400010e+01
      vertex   1.025101e+01 1.311939e+01 -2.400010e+01
    endloop
  endfacet
  facet normal 0.000000e+00 0.000000e+00 1.000000e+00
    outer loop
      vertex   3.593416e+01 1.819934e+01 -2.400010e+01
      vertex   2.683390e+01 3.779990e+01 -2.400010e+01
      vertex   3.418411e+01 1.644929e+01 -2.400010e+01
    endloop
  endfacet
  facet normal 0.000000e+00 0.000000e+00 1.000000e+00
    outer loop
      vertex   3.418411e+01 1.644929e+01 -2.400010e+01
      vertex   2.683390e+01 3.779990e+01 -2.400010e+01
      vertex   1.348708e+01 1.872443e+01 -2.400010e+01
    endloop
  endfacet
  facet normal 0.000000e+00 0.000000e+00 1.000000e+00
    outer loop
      vertex   3.418411e+01 1.644929e+01 -2.400010e+01
      vertex   1.348708e+01 1.872443e+01 -2.400010e+01
      vertex   1.374549e+01 1.792913e+01 -2.400010e+01
    endloop
  endfacet
  facet normal 0.000000e+00 -0.000000e+00 1.000000e+00
    outer loop
      vertex   3.593416e+01 1.819934e+01 -2.400010e+01
      vertex   3.593416e+01 3.394979e+01 -2.400010e+01
      vertex   2.683390e+01 3.779990e+01 -2.400010e+01
    endloop
  endfacet
  facet normal 0.000000e+00 0.000000e+00 1.000000e+00
    outer loop
      vertex   2.683390e+01 3.779990e+01 -2.400010e+01
      vertex   3.593416e+01 3.394979e+01 -2.400010e+01
      vertex   3.584899e+01 3.492282e+01 -2.400010e+01
    endloop
  endfacet
  facet normal 0.000000e+00 0.000000e+00 1.000000e+00
    outer loop
      vertex   2.683390e+01 3.779990e+01 -2.400010e+01
      vertex   3.584899e+01 3.492282e+01 -2.400010e+01
      vertex   3.559699e+01 3.586551e+01 -2.400010e+01
    endloop
  endfacet
  facet normal 0.000000e+00 0.000000e+00 1.000000e+00
    outer loop
      vertex   3.559699e+01 3.586551e+01 -2.400010e+01
      vertex   3.518397e+01 3.674987e+01 -2.400010e+01
      vertex   2.683390e+01 3.779990e+01 -2.400010e+01
    endloop
  endfacet
  facet normal 0.000000e+00 0.000000e+00 1.000000e+00
    outer loop
      vertex   2.683390e+01 3.779990e+01 -2.400010e+01
      vertex   3.518397e+01 3.674987e+01 -2.400010e+01
      vertex   3.462395e+01 3.754906e+01 -2.400010e+01
    endloop
  endfacet
  facet normal -0.000000e+00 0.000000e+00 1.000000e+00
    outer loop
      vertex   2.683390e+01 3.779990e+01 -2.400010e+01
      vertex   3.462395e+01 3.754906e+01 -2.400010e+01
      vertex   3.393327e+01 3.823974e+01 -2.400010e+01
    endloop
  endfacet
  facet normal 0.000000e+00 0.000000e+00 1.000000e+00
    outer loop
      vertex   3.393327e+01 3.823974e+01 -2.400010e+01
      vertex   3.313408e+01 3.879976e+01 -2.400010e+01
      vertex   2.683390e+01 3.779990e+01 -2.400010e+01
    endloop
  endfacet
  facet normal 0.000000e+00 0.000000e+00 1.000000e+00
    outer loop
      vertex   2.683390e+01 3.779990e+01 -2.400010e+01
      vertex   3.313408e+01 3.879976e+01 -2.400010e+01
      vertex   3.224972e+01 3.921278e+01 -2.400010e+01
    endloop
  endfacet
  facet normal 0.000000e+00 0.000000e+00 1.000000e+00
    outer loop
      vertex   2.683390e+01 3.779990e+01 -2.400010e+01
      vertex   3.224972e+01 3.921278e+01 -2.400010e+01
      vertex   3.130703e+01 3.946478e+01 -2.400010e+01
    endloop
  endfacet
  facet normal 0.000000e+00 0.000000e+00 1.000000e+00
    outer loop
      vertex   3.130703e+01 3.946478e+01 -2.400010e+01
      vertex   3.033400e+01 3.954995e+01 -2.400010e+01
      vertex   2.683390e+01 3.779990e+01 -2.400010e+01
    endloop
  endfacet
  facet normal 0.000000e+00 0.000000e+00 1.000000e+00
    outer loop
      vertex   2.683390e+01 3.779990e+01 -2.400010e+01
      vertex   3.033400e+01 3.954995e+01 -2.400010e+01
      vertex   2.858395e+01 3.954995e+01 -2.400010e+01
    endloop
  endfacet
  facet normal -0.000000e+00 0.000000e+00 1.000000e+00
    outer loop
      vertex   7.000000e+00 3.779990e+01 -2.400010e+01
      vertex   1.183290e+01 2.056158e+01 -2.400010e+01
      vertex   2.683390e+01 3.779990e+01 -2.400010e+01
    endloop
  endfacet
  facet normal 0.000000e+00 0.000000e+00 1.000000e+00
    outer loop
      vertex   2.683390e+01 3.779990e+01 -2.400010e+01
      vertex   1.183290e+01 2.056158e+01 -2.400010e+01
      vertex   1.250942e+01 2.007006e+01 -2.400010e+01
    endloop
  endfacet
  facet normal 0.000000e+00 0.000000e+00 1.000000e+00
    outer loop
      vertex   2.683390e+01 3.779990e+01 -2.400010e+01
      vertex   1.250942e+01 2.007006e+01 -2.400010e+01
      vertex   1.306897e+01 1.944862e+01 -2.400010e+01
    endloop
  endfacet
  facet normal 0.000000e+00 0.000000e+00 1.000000e+00
    outer loop
      vertex   5.249950e+00 3.954995e+01 -2.400010e+01
      vertex   6.596832e+00 1.944862e+01 -2.400010e+01
      vertex   7.000000e+00 3.779990e+01 -2.400010e+01
    endloop
  endfacet
  facet normal 0.000000e+00 0.000000e+00 1.000000e+00
    outer loop
      vertex   7.000000e+00 3.779990e+01 -2.400010e+01
      vertex   6.596832e+00 1.944862e+01 -2.400010e+01
      vertex   7.156378e+00 2.007006e+01 -2.400010e+01
    endloop
  endfacet
  facet normal 0.000000e+00 0.000000e+00 1.000000e+00
    outer loop
      vertex   7.000000e+00 3.779990e+01 -2.400010e+01
      vertex   7.156378e+00 2.007006e+01 -2.400010e+01
      vertex   7.832900e+00 2.056158e+01 -2.400010e+01
    endloop
  endfacet
  facet normal 0.000000e+00 0.000000e+00 1.000000e+00
    outer loop
      vertex   5.249950e+00 3.954995e+01 -2.400010e+01
      vertex   -2.158415e+01 3.954995e+01 -2.400010e+01
      vertex   6.596832e+00 1.944862e+01 -2.400010e+01
    endloop
  endfacet
  facet normal 0.000000e+00 0.000000e+00 1.000000e+00
    outer loop
      vertex   6.596832e+00 1.944862e+01 -2.400010e+01
      vertex   -2.158415e+01 3.954995e+01 -2.400010e+01
      vertex   -2.293103e+01 1.944862e+01 -2.400010e+01
    endloop
  endfacet
  facet normal 0.000000e+00 0.000000e+00 1.000000e+00
    outer loop
      vertex   6.596832e+00 1.944862e+01 -2.400010e+01
      vertex   -2.293103e+01 1.944862e+01 -2.400010e+01
      vertex   6.178718e+00 1.872443e+01 -2.400010e+01
    endloop
  endfacet
  facet normal 0.000000e+00 0.000000e+00 1.000000e+00
    outer loop
      vertex   6.178718e+00 1.872443e+01 -2.400010e+01
      vertex   -2.293103e+01 1.944862e+01 -2.400010e+01
      vertex   -2.251292e+01 1.872443e+01 -2.400010e+01
    endloop
  endfacet
  facet normal 0.000000e+00 0.000000e+00 1.000000e+00
    outer loop
      vertex   6.178718e+00 1.872443e+01 -2.400010e+01
      vertex   -2.251292e+01 1.872443e+01 -2.400010e+01
      vertex   5.920310e+00 1.792913e+01 -2.400010e+01
    endloop
  endfacet
  facet normal 0.000000e+00 0.000000e+00 1.000000e+00
    outer loop
      vertex   5.920310e+00 1.792913e+01 -2.400010e+01
      vertex   -2.251292e+01 1.872443e+01 -2.400010e+01
      vertex   -2.225451e+01 1.792913e+01 -2.400010e+01
    endloop
  endfacet
  facet normal 0.000000e+00 0.000000e+00 1.000000e+00
    outer loop
      vertex   5.920310e+00 1.792913e+01 -2.400010e+01
      vertex   -2.225451e+01 1.792913e+01 -2.400010e+01
      vertex   5.832900e+00 1.709748e+01 -2.400010e+01
    endloop
  endfacet
  facet normal 0.000000e+00 0.000000e+00 1.000000e+00
    outer loop
      vertex   5.832900e+00 1.709748e+01 -2.400010e+01
      vertex   -2.225451e+01 1.792913e+01 -2.400010e+01
      vertex   -2.216710e+01 1.709748e+01 -2.400010e+01
    endloop
  endfacet
  facet normal 0.000000e+00 0.000000e+00 1.000000e+00
    outer loop
      vertex   5.832900e+00 1.709748e+01 -2.400010e+01
      vertex   -2.216710e+01 1.709748e+01 -2.400010e+01
      vertex   5.920310e+00 1.626583e+01 -2.400010e+01
    endloop
  endfacet
  facet normal 0.000000e+00 0.000000e+00 1.000000e+00
    outer loop
      vertex   5.920310e+00 1.626583e+01 -2.400010e+01
      vertex   -2.216710e+01 1.709748e+01 -2.400010e+01
      vertex   -2.225451e+01 1.626583e+01 -2.400010e+01
    endloop
  endfacet
  facet normal 0.000000e+00 0.000000e+00 1.000000e+00
    outer loop
      vertex   5.920310e+00 1.626583e+01 -2.400010e+01
      vertex   -2.225451e+01 1.626583e+01 -2.400010e+01
      vertex   6.178718e+00 1.547053e+01 -2.400010e+01
    endloop
  endfacet
  facet normal 0.000000e+00 0.000000e+00 1.000000e+00
    outer loop
      vertex   6.178718e+00 1.547053e+01 -2.400010e+01
      vertex   -2.225451e+01 1.626583e+01 -2.400010e+01
      vertex   -2.251292e+01 1.547053e+01 -2.400010e+01
    endloop
  endfacet
  facet normal 0.000000e+00 0.000000e+00 1.000000e+00
    outer loop
      vertex   6.178718e+00 1.547053e+01 -2.400010e+01
      vertex   -2.251292e+01 1.547053e+01 -2.400010e+01
      vertex   6.596832e+00 1.474634e+01 -2.400010e+01
    endloop
  endfacet
  facet normal 0.000000e+00 0.000000e+00 1.000000e+00
    outer loop
      vertex   6.596832e+00 1.474634e+01 -2.400010e+01
      vertex   -2.251292e+01 1.547053e+01 -2.400010e+01
      vertex   -2.293103e+01 1.474634e+01 -2.400010e+01
    endloop
  endfacet
  facet normal 0.000000e+00 0.000000e+00 1.000000e+00
    outer loop
      vertex   6.596832e+00 1.474634e+01 -2.400010e+01
      vertex   -2.293103e+01 1.474634e+01 -2.400010e+01
      vertex   7.156378e+00 1.412490e+01 -2.400010e+01
    endloop
  endfacet
  facet normal 0.000000e+00 0.000000e+00 1.000000e+00
    outer loop
      vertex   7.156378e+00 1.412490e+01 -2.400010e+01
      vertex   -2.293103e+01 1.474634e+01 -2.400010e+01
      vertex   -2.349058e+01 1.412490e+01 -2.400010e+01
    endloop
  endfacet
  facet normal 0.000000e+00 0.000000e+00 1.000000e+00
    outer loop
      vertex   7.156378e+00 1.412490e+01 -2.400010e+01
      vertex   -2.349058e+01 1.412490e+01 -2.400010e+01
      vertex   7.832900e+00 1.363338e+01 -2.400010e+01
    endloop
  endfacet
  facet normal 0.000000e+00 0.000000e+00 1.000000e+00
    outer loop
      vertex   7.832900e+00 1.363338e+01 -2.400010e+01
      vertex   -2.349058e+01 1.412490e+01 -2.400010e+01
      vertex   -2.416710e+01 1.363338e+01 -2.400010e+01
    endloop
  endfacet
  facet normal 0.000000e+00 0.000000e+00 1.000000e+00
    outer loop
      vertex   7.832900e+00 1.363338e+01 -2.400010e+01
      vertex   -2.416710e+01 1.363338e+01 -2.400010e+01
      vertex   7.832900e+00 -3.543842e+01 -2.400010e+01
    endloop
  endfacet
  facet normal 0.000000e+00 0.000000e+00 1.000000e+00
    outer loop
      vertex   7.832900e+00 -3.543842e+01 -2.400010e+01
      vertex   -2.416710e+01 1.363338e+01 -2.400010e+01
      vertex   -2.416710e+01 -3.543842e+01 -2.400010e+01
    endloop
  endfacet
  facet normal 0.000000e+00 0.000000e+00 1.000000e+00
    outer loop
      vertex   7.832900e+00 -3.543842e+01 -2.400010e+01
      vertex   -2.416710e+01 -3.543842e+01 -2.400010e+01
      vertex   7.156378e+00 -3.592994e+01 -2.400010e+01
    endloop
  endfacet
  facet normal 0.000000e+00 0.000000e+00 1.000000e+00
    outer loop
      vertex   7.156378e+00 -3.592994e+01 -2.400010e+01
      vertex   -2.416710e+01 -3.543842e+01 -2.400010e+01
      vertex   -2.349058e+01 -3.592994e+01 -2.400010e+01
    endloop
  endfacet
  facet normal 0.000000e+00 0.000000e+00 1.000000e+00
    outer loop
      vertex   7.156378e+00 -3.592994e+01 -2.400010e+01
      vertex   -2.349058e+01 -3.592994e+01 -2.400010e+01
      vertex   6.596832e+00 -3.655138e+01 -2.400010e+01
    endloop
  endfacet
  facet normal 0.000000e+00 0.000000e+00 1.000000e+00
    outer loop
      vertex   6.596832e+00 -3.655138e+01 -2.400010e+01
      vertex   -2.349058e+01 -3.592994e+01 -2.400010e+01
      vertex   -2.293103e+01 -3.655138e+01 -2.400010e+01
    endloop
  endfacet
  facet normal 0.000000e+00 0.000000e+00 1.000000e+00
    outer loop
      vertex   6.596832e+00 -3.655138e+01 -2.400010e+01
      vertex   -2.293103e+01 -3.655138e+01 -2.400010e+01
      vertex   6.178718e+00 -3.727557e+01 -2.400010e+01
    endloop
  endfacet
  facet normal 0.000000e+00 0.000000e+00 1.000000e+00
    outer loop
      vertex   6.178718e+00 -3.727557e+01 -2.400010e+01
      vertex   -2.293103e+01 -3.655138e+01 -2.400010e+01
      vertex   -2.251292e+01 -3.727557e+01 -2.400010e+01
    endloop
  endfacet
  facet normal 0.000000e+00 0.000000e+00 1.000000e+00
    outer loop
      vertex   6.178718e+00 -3.727557e+01 -2.400010e+01
      vertex   -2.251292e+01 -3.727557e+01 -2.400010e+01
      vertex   5.920310e+00 -3.807087e+01 -2.400010e+01
    endloop
  endfacet
  facet normal 0.000000e+00 0.000000e+00 1.000000e+00
    outer loop
      vertex   5.920310e+00 -3.807087e+01 -2.400010e+01
      vertex   -2.251292e+01 -3.727557e+01 -2.400010e+01
      vertex   -2.225451e+01 -3.807087e+01 -2.400010e+01
    endloop
  endfacet
  facet normal 0.000000e+00 0.000000e+00 1.000000e+00
    outer loop
      vertex   5.920310e+00 -3.807087e+01 -2.400010e+01
      vertex   -2.225451e+01 -3.807087e+01 -2.400010e+01
      vertex   5.832900e+00 -3.890252e+01 -2.400010e+01
    endloop
  endfacet
  facet normal 0.000000e+00 0.000000e+00 1.000000e+00
    outer loop
      vertex   5.832900e+00 -3.890252e+01 -2.400010e+01
      vertex   -2.225451e+01 -3.807087e+01 -2.400010e+01
      vertex   -2.216710e+01 -3.890252e+01 -2.400010e+01
    endloop
  endfacet
  facet normal 0.000000e+00 0.000000e+00 1.000000e+00
    outer loop
      vertex   5.832900e+00 -3.890252e+01 -2.400010e+01
      vertex   -2.216710e+01 -3.890252e+01 -2.400010e+01
      vertex   5.920310e+00 -3.973417e+01 -2.400010e+01
    endloop
  endfacet
  facet normal 0.000000e+00 0.000000e+00 1.000000e+00
    outer loop
      vertex   5.920310e+00 -3.973417e+01 -2.400010e+01
      vertex   -2.216710e+01 -3.890252e+01 -2.400010e+01
      vertex   -2.225451e+01 -3.973417e+01 -2.400010e+01
    endloop
  endfacet
  facet normal 0.000000e+00 0.000000e+00 1.000000e+00
    outer loop
      vertex   5.920310e+00 -3.973417e+01 -2.400010e+01
      vertex   -2.225451e+01 -3.973417e+01 -2.400010e+01
      vertex   5.249950e+00 -4.865257e+01 -2.400010e+01
    endloop
  endfacet
  facet normal 0.000000e+00 0.000000e+00 1.000000e+00
    outer loop
      vertex   -2.158415e+01 3.954995e+01 -2.400010e+01
      vertex   -2.333420e+01 3.779990e+01 -2.400010e+01
      vertex   -2.293103e+01 1.944862e+01 -2.400010e+01
    endloop
  endfacet
  facet normal 0.000000e+00 0.000000e+00 1.000000e+00
    outer loop
      vertex   -2.293103e+01 1.944862e+01 -2.400010e+01
      vertex   -2.333420e+01 3.779990e+01 -2.400010e+01
      vertex   -2.349058e+01 2.007006e+01 -2.400010e+01
    endloop
  endfacet
  facet normal 0.000000e+00 -0.000000e+00 1.000000e+00
    outer loop
      vertex   -2.349058e+01 2.007006e+01 -2.400010e+01
      vertex   -2.333420e+01 3.779990e+01 -2.400010e+01
      vertex   -2.416710e+01 2.056158e+01 -2.400010e+01
    endloop
  endfacet
  facet normal 0.000000e+00 -0.000000e+00 1.000000e+00
    outer loop
      vertex   -2.416710e+01 2.056158e+01 -2.400010e+01
      vertex   -2.333420e+01 3.779990e+01 -2.400010e+01
      vertex   -2.493103e+01 2.090171e+01 -2.400010e+01
    endloop
  endfacet
  facet normal 0.000000e+00 -0.000000e+00 1.000000e+00
    outer loop
      vertex   -2.493103e+01 2.090171e+01 -2.400010e+01
      vertex   -2.333420e+01 3.779990e+01 -2.400010e+01
      vertex   -2.574899e+01 2.107557e+01 -2.400010e+01
    endloop
  endfacet
  facet normal 0.000000e+00 -0.000000e+00 1.000000e+00
    outer loop
      vertex   -2.574899e+01 2.107557e+01 -2.400010e+01
      vertex   -2.333420e+01 3.779990e+01 -2.400010e+01
      vertex   -2.658521e+01 2.107557e+01 -2.400010e+01
    endloop
  endfacet
  facet normal 0.000000e+00 -0.000000e+00 1.000000e+00
    outer loop
      vertex   -2.658521e+01 2.107557e+01 -2.400010e+01
      vertex   -2.333420e+01 3.779990e+01 -2.400010e+01
      vertex   -2.740317e+01 2.090171e+01 -2.400010e+01
    endloop
  endfacet
  facet normal 0.000000e+00 -0.000000e+00 1.000000e+00
    outer loop
      vertex   -2.740317e+01 2.090171e+01 -2.400010e+01
      vertex   -2.333420e+01 3.779990e+01 -2.400010e+01
      vertex   -2.816710e+01 2.056158e+01 -2.400010e+01
    endloop
  endfacet
  facet normal 0.000000e+00 -0.000000e+00 1.000000e+00
    outer loop
      vertex   -2.816710e+01 2.056158e+01 -2.400010e+01
      vertex   -2.333420e+01 3.779990e+01 -2.400010e+01
      vertex   -4.316810e+01 3.779990e+01 -2.400010e+01
    endloop
  endfacet
  facet normal 0.000000e+00 0.000000e+00 1.000000e+00
    outer loop
      vertex   -2.816710e+01 2.056158e+01 -2.400010e+01
      vertex   -4.316810e+01 3.779990e+01 -2.400010e+01
      vertex   -2.884362e+01 2.007006e+01 -2.400010e+01
    endloop
  endfacet
  facet normal 0.000000e+00 0.000000e+00 1.000000e+00
    outer loop
      vertex   -2.884362e+01 2.007006e+01 -2.400010e+01
      vertex   -4.316810e+01 3.779990e+01 -2.400010e+01
      vertex   -2.940317e+01 1.944862e+01 -2.400010e+01
    endloop
  endfacet
  facet normal 0.000000e+00 0.000000e+00 1.000000e+00
    outer loop
      vertex   -2.940317e+01 1.944862e+01 -2.400010e+01
      vertex   -4.316810e+01 3.779990e+01 -2.400010e+01
      vertex   -2.982128e+01 1.872443e+01 -2.400010e+01
    endloop
  endfacet
  facet normal 0.000000e+00 0.000000e+00 1.000000e+00
    outer loop
      vertex   -2.982128e+01 1.872443e+01 -2.400010e+01
      vertex   -4.316810e+01 3.779990e+01 -2.400010e+01
      vertex   -5.051831e+01 1.644929e+01 -2.400010e+01
    endloop
  endfacet
  facet normal 0.000000e+00 0.000000e+00 1.000000e+00
    outer loop
      vertex   -2.982128e+01 1.872443e+01 -2.400010e+01
      vertex   -5.051831e+01 1.644929e+01 -2.400010e+01
      vertex   -3.007969e+01 1.792913e+01 -2.400010e+01
    endloop
  endfacet
  facet normal 0.000000e+00 0.000000e+00 1.000000e+00
    outer loop
      vertex   -3.007969e+01 1.792913e+01 -2.400010e+01
      vertex   -5.051831e+01 1.644929e+01 -2.400010e+01
      vertex   -3.016710e+01 1.709748e+01 -2.400010e+01
    endloop
  endfacet
  facet normal 0.000000e+00 0.000000e+00 1.000000e+00
    outer loop
      vertex   -3.016710e+01 1.709748e+01 -2.400010e+01
      vertex   -5.051831e+01 1.644929e+01 -2.400010e+01
      vertex   -3.007969e+01 1.626583e+01 -2.400010e+01
    endloop
  endfacet
  facet normal 0.000000e+00 0.000000e+00 1.000000e+00
    outer loop
      vertex   -3.007969e+01 1.626583e+01 -2.400010e+01
      vertex   -5.051831e+01 1.644929e+01 -2.400010e+01
      vertex   -2.982128e+01 1.547053e+01 -2.400010e+01
    endloop
  endfacet
  facet normal 0.000000e+00 0.000000e+00 1.000000e+00
    outer loop
      vertex   -2.982128e+01 1.547053e+01 -2.400010e+01
      vertex   -5.051831e+01 1.644929e+01 -2.400010e+01
      vertex   -2.940317e+01 1.474634e+01 -2.400010e+01
    endloop
  endfacet
  facet normal 0.000000e+00 0.000000e+00 1.000000e+00
    outer loop
      vertex   -2.940317e+01 1.474634e+01 -2.400010e+01
      vertex   -5.051831e+01 1.644929e+01 -2.400010e+01
      vertex   -2.884362e+01 1.412490e+01 -2.400010e+01
    endloop
  endfacet
  facet normal 0.000000e+00 0.000000e+00 1.000000e+00
    outer loop
      vertex   -2.884362e+01 1.412490e+01 -2.400010e+01
      vertex   -5.051831e+01 1.644929e+01 -2.400010e+01
      vertex   -2.816710e+01 1.363338e+01 -2.400010e+01
    endloop
  endfacet
  facet normal 0.000000e+00 0.000000e+00 1.000000e+00
    outer loop
      vertex   -2.816710e+01 1.363338e+01 -2.400010e+01
      vertex   -5.051831e+01 1.644929e+01 -2.400010e+01
      vertex   -5.051831e+01 -2.555191e+01 -2.400010e+01
    endloop
  endfacet
  facet normal 0.000000e+00 0.000000e+00 1.000000e+00
    outer loop
      vertex   -2.816710e+01 1.363338e+01 -2.400010e+01
      vertex   -5.051831e+01 -2.555191e+01 -2.400010e+01
      vertex   -2.740317e+01 1.329325e+01 -2.400010e+01
    endloop
  endfacet
  facet normal 0.000000e+00 0.000000e+00 1.000000e+00
    outer loop
      vertex   -2.740317e+01 1.329325e+01 -2.400010e+01
      vertex   -5.051831e+01 -2.555191e+01 -2.400010e+01
      vertex   -2.658521e+01 1.311939e+01 -2.400010e+01
    endloop
  endfacet
  facet normal 0.000000e+00 0.000000e+00 1.000000e+00
    outer loop
      vertex   -2.658521e+01 1.311939e+01 -2.400010e+01
      vertex   -5.051831e+01 -2.555191e+01 -2.400010e+01
      vertex   -2.658521e+01 -3.492443e+01 -2.400010e+01
    endloop
  endfacet
  facet normal 0.000000e+00 0.000000e+00 1.000000e+00
    outer loop
      vertex   -2.658521e+01 1.311939e+01 -2.400010e+01
      vertex   -2.658521e+01 -3.492443e+01 -2.400010e+01
      vertex   -2.574899e+01 -3.492443e+01 -2.400010e+01
    endloop
  endfacet
  facet normal 0.000000e+00 0.000000e+00 1.000000e+00
    outer loop
      vertex   -4.491815e+01 3.954995e+01 -2.400010e+01
      vertex   -4.666820e+01 3.954995e+01 -2.400010e+01
      vertex   -4.316810e+01 3.779990e+01 -2.400010e+01
    endloop
  endfacet
  facet normal 0.000000e+00 0.000000e+00 1.000000e+00
    outer loop
      vertex   -4.316810e+01 3.779990e+01 -2.400010e+01
      vertex   -4.666820e+01 3.954995e+01 -2.400010e+01
      vertex   -4.764123e+01 3.946478e+01 -2.400010e+01
    endloop
  endfacet
  facet normal 0.000000e+00 0.000000e+00 1.000000e+00
    outer loop
      vertex   -4.316810e+01 3.779990e+01 -2.400010e+01
      vertex   -4.764123e+01 3.946478e+01 -2.400010e+01
      vertex   -4.858392e+01 3.921278e+01 -2.400010e+01
    endloop
  endfacet
  facet normal 0.000000e+00 0.000000e+00 1.000000e+00
    outer loop
      vertex   -4.858392e+01 3.921278e+01 -2.400010e+01
      vertex   -4.946828e+01 3.879976e+01 -2.400010e+01
      vertex   -4.316810e+01 3.779990e+01 -2.400010e+01
    endloop
  endfacet
  facet normal 0.000000e+00 0.000000e+00 1.000000e+00
    outer loop
      vertex   -4.316810e+01 3.779990e+01 -2.400010e+01
      vertex   -4.946828e+01 3.879976e+01 -2.400010e+01
      vertex   -5.026747e+01 3.823974e+01 -2.400010e+01
    endloop
  endfacet
  facet normal 0.000000e+00 0.000000e+00 1.000000e+00
    outer loop
      vertex   -4.316810e+01 3.779990e+01 -2.400010e+01
      vertex   -5.026747e+01 3.823974e+01 -2.400010e+01
      vertex   -5.095815e+01 3.754906e+01 -2.400010e+01
    endloop
  endfacet
  facet normal -0.000000e+00 0.000000e+00 1.000000e+00
    outer loop
      vertex   -5.095815e+01 3.754906e+01 -2.400010e+01
      vertex   -5.151817e+01 3.674987e+01 -2.400010e+01
      vertex   -4.316810e+01 3.779990e+01 -2.400010e+01
    endloop
  endfacet
  facet normal 0.000000e+00 0.000000e+00 1.000000e+00
    outer loop
      vertex   -4.316810e+01 3.779990e+01 -2.400010e+01
      vertex   -5.151817e+01 3.674987e+01 -2.400010e+01
      vertex   -5.193119e+01 3.586551e+01 -2.400010e+01
    endloop
  endfacet
  facet normal 0.000000e+00 0.000000e+00 1.000000e+00
    outer loop
      vertex   -4.316810e+01 3.779990e+01 -2.400010e+01
      vertex   -5.193119e+01 3.586551e+01 -2.400010e+01
      vertex   -5.218319e+01 3.492282e+01 -2.400010e+01
    endloop
  endfacet
  facet normal -0.000000e+00 0.000000e+00 1.000000e+00
    outer loop
      vertex   -5.218319e+01 3.492282e+01 -2.400010e+01
      vertex   -5.226836e+01 3.394979e+01 -2.400010e+01
      vertex   -4.316810e+01 3.779990e+01 -2.400010e+01
    endloop
  endfacet
  facet normal 0.000000e+00 0.000000e+00 1.000000e+00
    outer loop
      vertex   -4.316810e+01 3.779990e+01 -2.400010e+01
      vertex   -5.226836e+01 3.394979e+01 -2.400010e+01
      vertex   -5.226836e+01 1.819934e+01 -2.400010e+01
    endloop
  endfacet
  facet normal 0.000000e+00 0.000000e+00 1.000000e+00
    outer loop
      vertex   -4.316810e+01 3.779990e+01 -2.400010e+01
      vertex   -5.226836e+01 1.819934e+01 -2.400010e+01
      vertex   -5.051831e+01 1.644929e+01 -2.400010e+01
    endloop
  endfacet
  facet normal -0.000000e+00 0.000000e+00 1.000000e+00
    outer loop
      vertex   -5.226836e+01 -2.730196e+01 -2.400010e+01
      vertex   -4.316810e+01 -4.690252e+01 -2.400010e+01
      vertex   -5.051831e+01 -2.555191e+01 -2.400010e+01
    endloop
  endfacet
  facet normal 0.000000e+00 0.000000e+00 1.000000e+00
    outer loop
      vertex   -5.051831e+01 -2.555191e+01 -2.400010e+01
      vertex   -4.316810e+01 -4.690252e+01 -2.400010e+01
      vertex   -3.007969e+01 -3.807087e+01 -2.400010e+01
    endloop
  endfacet
  facet normal 0.000000e+00 0.000000e+00 1.000000e+00
    outer loop
      vertex   -5.051831e+01 -2.555191e+01 -2.400010e+01
      vertex   -3.007969e+01 -3.807087e+01 -2.400010e+01
      vertex   -2.982128e+01 -3.727557e+01 -2.400010e+01
    endloop
  endfacet
  facet normal 0.000000e+00 0.000000e+00 1.000000e+00
    outer loop
      vertex   -5.226836e+01 -2.730196e+01 -2.400010e+01
      vertex   -5.226836e+01 -4.305241e+01 -2.400010e+01
      vertex   -4.316810e+01 -4.690252e+01 -2.400010e+01
    endloop
  endfacet
  facet normal 0.000000e+00 0.000000e+00 1.000000e+00
    outer loop
      vertex   -4.316810e+01 -4.690252e+01 -2.400010e+01
      vertex   -5.226836e+01 -4.305241e+01 -2.400010e+01
      vertex   -5.218319e+01 -4.402544e+01 -2.400010e+01
    endloop
  endfacet
  facet normal 0.000000e+00 0.000000e+00 1.000000e+00
    outer loop
      vertex   -4.316810e+01 -4.690252e+01 -2.400010e+01
      vertex   -5.218319e+01 -4.402544e+01 -2.400010e+01
      vertex   -5.193119e+01 -4.496813e+01 -2.400010e+01
    endloop
  endfacet
  facet normal 0.000000e+00 0.000000e+00 1.000000e+00
    outer loop
      vertex   -5.193119e+01 -4.496813e+01 -2.400010e+01
      vertex   -5.151817e+01 -4.585249e+01 -2.400010e+01
      vertex   -4.316810e+01 -4.690252e+01 -2.400010e+01
    endloop
  endfacet
  facet normal 0.000000e+00 0.000000e+00 1.000000e+00
    outer loop
      vertex   -4.316810e+01 -4.690252e+01 -2.400010e+01
      vertex   -5.151817e+01 -4.585249e+01 -2.400010e+01
      vertex   -5.095815e+01 -4.665168e+01 -2.400010e+01
    endloop
  endfacet
  facet normal 0.000000e+00 0.000000e+00 1.000000e+00
    outer loop
      vertex   -4.316810e+01 -4.690252e+01 -2.400010e+01
      vertex   -5.095815e+01 -4.665168e+01 -2.400010e+01
      vertex   -5.026747e+01 -4.734236e+01 -2.400010e+01
    endloop
  endfacet
  facet normal -0.000000e+00 0.000000e+00 1.000000e+00
    outer loop
      vertex   -5.026747e+01 -4.734236e+01 -2.400010e+01
      vertex   -4.946828e+01 -4.790238e+01 -2.400010e+01
      vertex   -4.316810e+01 -4.690252e+01 -2.400010e+01
    endloop
  endfacet
  facet normal 0.000000e+00 0.000000e+00 1.000000e+00
    outer loop
      vertex   -4.316810e+01 -4.690252e+01 -2.400010e+01
      vertex   -4.946828e+01 -4.790238e+01 -2.400010e+01
      vertex   -4.858392e+01 -4.831540e+01 -2.400010e+01
    endloop
  endfacet
  facet normal 0.000000e+00 0.000000e+00 1.000000e+00
    outer loop
      vertex   -4.316810e+01 -4.690252e+01 -2.400010e+01
      vertex   -4.858392e+01 -4.831540e+01 -2.400010e+01
      vertex   -4.764123e+01 -4.856740e+01 -2.400010e+01
    endloop
  endfacet
  facet normal -0.000000e+00 0.000000e+00 1.000000e+00
    outer loop
      vertex   -4.764123e+01 -4.856740e+01 -2.400010e+01
      vertex   -4.666820e+01 -4.865257e+01 -2.400010e+01
      vertex   -4.316810e+01 -4.690252e+01 -2.400010e+01
    endloop
  endfacet
  facet normal 0.000000e+00 0.000000e+00 1.000000e+00
    outer loop
      vertex   -4.316810e+01 -4.690252e+01 -2.400010e+01
      vertex   -4.666820e+01 -4.865257e+01 -2.400010e+01
      vertex   -4.491815e+01 -4.865257e+01 -2.400010e+01
    endloop
  endfacet
  facet normal 0.000000e+00 0.000000e+00 1.000000e+00
    outer loop
      vertex   -2.333420e+01 -4.690252e+01 -2.400010e+01
      vertex   -2.816710e+01 -4.236662e+01 -2.400010e+01
      vertex   -4.316810e+01 -4.690252e+01 -2.400010e+01
    endloop
  endfacet
  facet normal 0.000000e+00 0.000000e+00 1.000000e+00
    outer loop
      vertex   -4.316810e+01 -4.690252e+01 -2.400010e+01
      vertex   -2.816710e+01 -4.236662e+01 -2.400010e+01
      vertex   -2.884362e+01 -4.187510e+01 -2.400010e+01
    endloop
  endfacet
  facet normal 0.000000e+00 0.000000e+00 1.000000e+00
    outer loop
      vertex   -4.316810e+01 -4.690252e+01 -2.400010e+01
      vertex   -2.884362e+01 -4.187510e+01 -2.400010e+01
      vertex   -2.940317e+01 -4.125366e+01 -2.400010e+01
    endloop
  endfacet
  facet normal 0.000000e+00 0.000000e+00 1.000000e+00
    outer loop
      vertex   -2.158415e+01 -4.865257e+01 -2.400010e+01
      vertex   -2.293103e+01 -4.125366e+01 -2.400010e+01
      vertex   -2.333420e+01 -4.690252e+01 -2.400010e+01
    endloop
  endfacet
  facet normal 0.000000e+00 -0.000000e+00 1.000000e+00
    outer loop
      vertex   -2.333420e+01 -4.690252e+01 -2.400010e+01
      vertex   -2.293103e+01 -4.125366e+01 -2.400010e+01
      vertex   -2.349058e+01 -4.187510e+01 -2.400010e+01
    endloop
  endfacet
  facet normal 0.000000e+00 0.000000e+00 1.000000e+00
    outer loop
      vertex   -2.333420e+01 -4.690252e+01 -2.400010e+01
      vertex   -2.349058e+01 -4.187510e+01 -2.400010e+01
      vertex   -2.416710e+01 -4.236662e+01 -2.400010e+01
    endloop
  endfacet
  facet normal 0.000000e+00 0.000000e+00 1.000000e+00
    outer loop
      vertex   -2.416710e+01 -3.543842e+01 -2.400010e+01
      vertex   -2.416710e+01 1.363338e+01 -2.400010e+01
      vertex   -2.493103e+01 -3.509829e+01 -2.400010e+01
    endloop
  endfacet
  facet normal 0.000000e+00 0.000000e+00 1.000000e+00
    outer loop
      vertex   -2.493103e+01 -3.509829e+01 -2.400010e+01
      vertex   -2.416710e+01 1.363338e+01 -2.400010e+01
      vertex   -2.493103e+01 1.329325e+01 -2.400010e+01
    endloop
  endfacet
  facet normal 0.000000e+00 -0.000000e+00 1.000000e+00
    outer loop
      vertex   -2.493103e+01 -3.509829e+01 -2.400010e+01
      vertex   -2.493103e+01 1.329325e+01 -2.400010e+01
      vertex   -2.574899e+01 -3.492443e+01 -2.400010e+01
    endloop
  endfacet
  facet normal 0.000000e+00 0.000000e+00 1.000000e+00
    outer loop
      vertex   -2.574899e+01 -3.492443e+01 -2.400010e+01
      vertex   -2.493103e+01 1.329325e+01 -2.400010e+01
      vertex   -2.574899e+01 1.311939e+01 -2.400010e+01
    endloop
  endfacet
  facet normal 0.000000e+00 -0.000000e+00 1.000000e+00
    outer loop
      vertex   -2.574899e+01 -3.492443e+01 -2.400010e+01
      vertex   -2.574899e+01 1.311939e+01 -2.400010e+01
      vertex   -2.658521e+01 1.311939e+01 -2.400010e+01
    endloop
  endfacet
  facet normal 0.000000e+00 0.000000e+00 1.000000e+00
    outer loop
      vertex   1.374549e+01 -3.807087e+01 -2.400010e+01
      vertex   1.383290e+01 -3.890252e+01 -2.400010e+01
      vertex   2.683390e+01 -4.690252e+01 -2.400010e+01
    endloop
  endfacet
  facet normal 0.000000e+00 0.000000e+00 1.000000e+00
    outer loop
      vertex   2.683390e+01 -4.690252e+01 -2.400010e+01
      vertex   1.383290e+01 -3.890252e+01 -2.400010e+01
      vertex   1.374549e+01 -3.973417e+01 -2.400010e+01
    endloop
  endfacet
  facet normal 0.000000e+00 0.000000e+00 1.000000e+00
    outer loop
      vertex   2.683390e+01 -4.690252e+01 -2.400010e+01
      vertex   1.374549e+01 -3.973417e+01 -2.400010e+01
      vertex   1.348708e+01 -4.052947e+01 -2.400010e+01
    endloop
  endfacet
  facet normal 0.000000e+00 0.000000e+00 1.000000e+00
    outer loop
      vertex   1.348708e+01 -4.052947e+01 -2.400010e+01
      vertex   1.306897e+01 -4.125366e+01 -2.400010e+01
      vertex   2.683390e+01 -4.690252e+01 -2.400010e+01
    endloop
  endfacet
  facet normal 0.000000e+00 0.000000e+00 1.000000e+00
    outer loop
      vertex   2.683390e+01 -4.690252e+01 -2.400010e+01
      vertex   1.306897e+01 -4.125366e+01 -2.400010e+01
      vertex   1.250942e+01 -4.187510e+01 -2.400010e+01
    endloop
  endfacet
  facet normal 0.000000e+00 0.000000e+00 1.000000e+00
    outer loop
      vertex   2.683390e+01 -4.690252e+01 -2.400010e+01
      vertex   1.250942e+01 -4.187510e+01 -2.400010e+01
      vertex   1.183290e+01 -4.236662e+01 -2.400010e+01
    endloop
  endfacet
  facet normal 0.000000e+00 0.000000e+00 1.000000e+00
    outer loop
      vertex   1.025101e+01 -4.288061e+01 -2.400010e+01
      vertex   9.414786e+00 -4.288061e+01 -2.400010e+01
      vertex   7.000000e+00 -4.690252e+01 -2.400010e+01
    endloop
  endfacet
  facet normal 0.000000e+00 0.000000e+00 1.000000e+00
    outer loop
      vertex   7.000000e+00 -4.690252e+01 -2.400010e+01
      vertex   9.414786e+00 -4.288061e+01 -2.400010e+01
      vertex   8.596832e+00 -4.270675e+01 -2.400010e+01
    endloop
  endfacet
  facet normal 0.000000e+00 0.000000e+00 1.000000e+00
    outer loop
      vertex   7.000000e+00 -4.690252e+01 -2.400010e+01
      vertex   8.596832e+00 -4.270675e+01 -2.400010e+01
      vertex   7.832900e+00 -4.236662e+01 -2.400010e+01
    endloop
  endfacet
  facet normal 0.000000e+00 0.000000e+00 1.000000e+00
    outer loop
      vertex   7.832900e+00 -4.236662e+01 -2.400010e+01
      vertex   7.156378e+00 -4.187510e+01 -2.400010e+01
      vertex   7.000000e+00 -4.690252e+01 -2.400010e+01
    endloop
  endfacet
  facet normal 0.000000e+00 -0.000000e+00 1.000000e+00
    outer loop
      vertex   7.000000e+00 -4.690252e+01 -2.400010e+01
      vertex   7.156378e+00 -4.187510e+01 -2.400010e+01
      vertex   6.596832e+00 -4.125366e+01 -2.400010e+01
    endloop
  endfacet
  facet normal 0.000000e+00 -0.000000e+00 1.000000e+00
    outer loop
      vertex   7.832900e+00 -3.543842e+01 -2.400010e+01
      vertex   8.596832e+00 -3.509829e+01 -2.400010e+01
      vertex   7.832900e+00 1.363338e+01 -2.400010e+01
    endloop
  endfacet
  facet normal 0.000000e+00 0.000000e+00 1.000000e+00
    outer loop
      vertex   7.832900e+00 1.363338e+01 -2.400010e+01
      vertex   8.596832e+00 -3.509829e+01 -2.400010e+01
      vertex   8.596832e+00 1.329325e+01 -2.400010e+01
    endloop
  endfacet
  facet normal 0.000000e+00 0.000000e+00 1.000000e+00
    outer loop
      vertex   8.596832e+00 1.329325e+01 -2.400010e+01
      vertex   8.596832e+00 -3.509829e+01 -2.400010e+01
      vertex   9.414786e+00 -3.492443e+01 -2.400010e+01
    endloop
  endfacet
  facet normal 0.000000e+00 0.000000e+00 1.000000e+00
    outer loop
      vertex   8.596832e+00 1.329325e+01 -2.400010e+01
      vertex   9.414786e+00 -3.492443e+01 -2.400010e+01
      vertex   9.414786e+00 1.311939e+01 -2.400010e+01
    endloop
  endfacet
  facet normal 0.000000e+00 0.000000e+00 1.000000e+00
    outer loop
      vertex   9.414786e+00 1.311939e+01 -2.400010e+01
      vertex   9.414786e+00 -3.492443e+01 -2.400010e+01
      vertex   1.025101e+01 -3.492443e+01 -2.400010e+01
    endloop
  endfacet
  facet normal -0.000000e+00 0.000000e+00 1.000000e+00
    outer loop
      vertex   9.414786e+00 1.311939e+01 -2.400010e+01
      vertex   1.025101e+01 -3.492443e+01 -2.400010e+01
      vertex   1.025101e+01 1.311939e+01 -2.400010e+01
    endloop
  endfacet
  facet normal 0.000000e+00 0.000000e+00 1.000000e+00
    outer loop
      vertex   1.025101e+01 1.311939e+01 -2.400010e+01
      vertex   1.025101e+01 -3.492443e+01 -2.400010e+01
      vertex   3.418411e+01 -2.555191e+01 -2.400010e+01
    endloop
  endfacet
  facet normal -0.000000e+00 0.000000e+00 1.000000e+00
    outer loop
      vertex   1.025101e+01 -3.492443e+01 -2.400010e+01
      vertex   1.106897e+01 -3.509829e+01 -2.400010e+01
      vertex   3.418411e+01 -2.555191e+01 -2.400010e+01
    endloop
  endfacet
  facet normal 0.000000e+00 0.000000e+00 1.000000e+00
    outer loop
      vertex   3.418411e+01 -2.555191e+01 -2.400010e+01
      vertex   1.106897e+01 -3.509829e+01 -2.400010e+01
      vertex   1.183290e+01 -3.543842e+01 -2.400010e+01
    endloop
  endfacet
  facet normal 0.000000e+00 0.000000e+00 1.000000e+00
    outer loop
      vertex   3.418411e+01 -2.555191e+01 -2.400010e+01
      vertex   1.183290e+01 -3.543842e+01 -2.400010e+01
      vertex   1.250942e+01 -3.592994e+01 -2.400010e+01
    endloop
  endfacet
  facet normal -0.000000e+00 0.000000e+00 1.000000e+00
    outer loop
      vertex   1.250942e+01 -3.592994e+01 -2.400010e+01
      vertex   1.306897e+01 -3.655138e+01 -2.400010e+01
      vertex   3.418411e+01 -2.555191e+01 -2.400010e+01
    endloop
  endfacet
  facet normal 0.000000e+00 0.000000e+00 1.000000e+00
    outer loop
      vertex   3.418411e+01 -2.555191e+01 -2.400010e+01
      vertex   1.306897e+01 -3.655138e+01 -2.400010e+01
      vertex   1.348708e+01 -3.727557e+01 -2.400010e+01
    endloop
  endfacet
  facet normal 0.000000e+00 0.000000e+00 1.000000e+00
    outer loop
      vertex   3.418411e+01 -2.555191e+01 -2.400010e+01
      vertex   1.348708e+01 -3.727557e+01 -2.400010e+01
      vertex   1.374549e+01 -3.807087e+01 -2.400010e+01
    endloop
  endfacet
  facet normal 0.000000e+00 0.000000e+00 1.000000e+00
    outer loop
      vertex   3.418411e+01 -2.555191e+01 -2.400010e+01
      vertex   1.374549e+01 -3.807087e+01 -2.400010e+01
      vertex   2.683390e+01 -4.690252e+01 -2.400010e+01
    endloop
  endfacet
  facet normal 0.000000e+00 0.000000e+00 1.000000e+00
    outer loop
      vertex   -2.416710e+01 -4.236662e+01 -2.400010e+01
      vertex   -2.493103e+01 -4.270675e+01 -2.400010e+01
      vertex   -2.333420e+01 -4.690252e+01 -2.400010e+01
    endloop
  endfacet
  facet normal 0.000000e+00 0.000000e+00 1.000000e+00
    outer loop
      vertex   -2.333420e+01 -4.690252e+01 -2.400010e+01
      vertex   -2.493103e+01 -4.270675e+01 -2.400010e+01
      vertex   -2.574899e+01 -4.288061e+01 -2.400010e+01
    endloop
  endfacet
  facet normal 0.000000e+00 0.000000e+00 1.000000e+00
    outer loop
      vertex   -2.333420e+01 -4.690252e+01 -2.400010e+01
      vertex   -2.574899e+01 -4.288061e+01 -2.400010e+01
      vertex   -2.658521e+01 -4.288061e+01 -2.400010e+01
    endloop
  endfacet
  facet normal 0.000000e+00 0.000000e+00 1.000000e+00
    outer loop
      vertex   -2.658521e+01 -4.288061e+01 -2.400010e+01
      vertex   -2.740317e+01 -4.270675e+01 -2.400010e+01
      vertex   -2.333420e+01 -4.690252e+01 -2.400010e+01
    endloop
  endfacet
  facet normal 0.000000e+00 0.000000e+00 1.000000e+00
    outer loop
      vertex   -2.333420e+01 -4.690252e+01 -2.400010e+01
      vertex   -2.740317e+01 -4.270675e+01 -2.400010e+01
      vertex   -2.816710e+01 -4.236662e+01 -2.400010e+01
    endloop
  endfacet
  facet normal 0.000000e+00 0.000000e+00 1.000000e+00
    outer loop
      vertex   -2.940317e+01 -4.125366e+01 -2.400010e+01
      vertex   -2.982128e+01 -4.052947e+01 -2.400010e+01
      vertex   -4.316810e+01 -4.690252e+01 -2.400010e+01
    endloop
  endfacet
  facet normal 0.000000e+00 0.000000e+00 1.000000e+00
    outer loop
      vertex   -4.316810e+01 -4.690252e+01 -2.400010e+01
      vertex   -2.982128e+01 -4.052947e+01 -2.400010e+01
      vertex   -3.007969e+01 -3.973417e+01 -2.400010e+01
    endloop
  endfacet
  facet normal 0.000000e+00 0.000000e+00 1.000000e+00
    outer loop
      vertex   -4.316810e+01 -4.690252e+01 -2.400010e+01
      vertex   -3.007969e+01 -3.973417e+01 -2.400010e+01
      vertex   -3.016710e+01 -3.890252e+01 -2.400010e+01
    endloop
  endfacet
  facet normal 0.000000e+00 -0.000000e+00 1.000000e+00
    outer loop
      vertex   -3.016710e+01 -3.890252e+01 -2.400010e+01
      vertex   -3.007969e+01 -3.807087e+01 -2.400010e+01
      vertex   -4.316810e+01 -4.690252e+01 -2.400010e+01
    endloop
  endfacet
  facet normal 0.000000e+00 -0.000000e+00 1.000000e+00
    outer loop
      vertex   -2.982128e+01 -3.727557e+01 -2.400010e+01
      vertex   -2.940317e+01 -3.655138e+01 -2.400010e+01
      vertex   -5.051831e+01 -2.555191e+01 -2.400010e+01
    endloop
  endfacet
  facet normal 0.000000e+00 0.000000e+00 1.000000e+00
    outer loop
      vertex   -5.051831e+01 -2.555191e+01 -2.400010e+01
      vertex   -2.940317e+01 -3.655138e+01 -2.400010e+01
      vertex   -2.884362e+01 -3.592994e+01 -2.400010e+01
    endloop
  endfacet
  facet normal 0.000000e+00 0.000000e+00 1.000000e+00
    outer loop
      vertex   -5.051831e+01 -2.555191e+01 -2.400010e+01
      vertex   -2.884362e+01 -3.592994e+01 -2.400010e+01
      vertex   -2.816710e+01 -3.543842e+01 -2.400010e+01
    endloop
  endfacet
  facet normal 0.000000e+00 -0.000000e+00 1.000000e+00
    outer loop
      vertex   -2.816710e+01 -3.543842e+01 -2.400010e+01
      vertex   -2.740317e+01 -3.509829e+01 -2.400010e+01
      vertex   -5.051831e+01 -2.555191e+01 -2.400010e+01
    endloop
  endfacet
  facet normal 0.000000e+00 0.000000e+00 1.000000e+00
    outer loop
      vertex   -5.051831e+01 -2.555191e+01 -2.400010e+01
      vertex   -2.740317e+01 -3.509829e+01 -2.400010e+01
      vertex   -2.658521e+01 -3.492443e+01 -2.400010e+01
    endloop
  endfacet
  facet normal 0.000000e+00 0.000000e+00 1.000000e+00
    outer loop
      vertex   1.374549e+01 1.792913e+01 -2.400010e+01
      vertex   1.383290e+01 1.709748e+01 -2.400010e+01
      vertex   3.418411e+01 1.644929e+01 -2.400010e+01
    endloop
  endfacet
  facet normal 0.000000e+00 0.000000e+00 1.000000e+00
    outer loop
      vertex   3.418411e+01 1.644929e+01 -2.400010e+01
      vertex   1.383290e+01 1.709748e+01 -2.400010e+01
      vertex   1.374549e+01 1.626583e+01 -2.400010e+01
    endloop
  endfacet
  facet normal 0.000000e+00 0.000000e+00 1.000000e+00
    outer loop
      vertex   3.418411e+01 1.644929e+01 -2.400010e+01
      vertex   1.374549e+01 1.626583e+01 -2.400010e+01
      vertex   1.348708e+01 1.547053e+01 -2.400010e+01
    endloop
  endfacet
  facet normal -0.000000e+00 0.000000e+00 1.000000e+00
    outer loop
      vertex   1.348708e+01 1.547053e+01 -2.400010e+01
      vertex   1.306897e+01 1.474634e+01 -2.400010e+01
      vertex   3.418411e+01 1.644929e+01 -2.400010e+01
    endloop
  endfacet
  facet normal 0.000000e+00 0.000000e+00 1.000000e+00
    outer loop
      vertex   3.418411e+01 1.644929e+01 -2.400010e+01
      vertex   1.306897e+01 1.474634e+01 -2.400010e+01
      vertex   1.250942e+01 1.412490e+01 -2.400010e+01
    endloop
  endfacet
  facet normal 0.000000e+00 0.000000e+00 1.000000e+00
    outer loop
      vertex   3.418411e+01 1.644929e+01 -2.400010e+01
      vertex   1.250942e+01 1.412490e+01 -2.400010e+01
      vertex   1.183290e+01 1.363338e+01 -2.400010e+01
    endloop
  endfacet
  facet normal 0.000000e+00 -0.000000e+00 1.000000e+00
    outer loop
      vertex   7.832900e+00 2.056158e+01 -2.400010e+01
      vertex   8.596832e+00 2.090171e+01 -2.400010e+01
      vertex   7.000000e+00 3.779990e+01 -2.400010e+01
    endloop
  endfacet
  facet normal 0.000000e+00 0.000000e+00 1.000000e+00
    outer loop
      vertex   7.000000e+00 3.779990e+01 -2.400010e+01
      vertex   8.596832e+00 2.090171e+01 -2.400010e+01
      vertex   9.414786e+00 2.107557e+01 -2.400010e+01
    endloop
  endfacet
  facet normal 0.000000e+00 0.000000e+00 1.000000e+00
    outer loop
      vertex   7.000000e+00 3.779990e+01 -2.400010e+01
      vertex   9.414786e+00 2.107557e+01 -2.400010e+01
      vertex   1.025101e+01 2.107557e+01 -2.400010e+01
    endloop
  endfacet
  facet normal -0.000000e+00 -0.000000e+00 1.000000e+00
    outer loop
      vertex   1.025101e+01 2.107557e+01 -2.400010e+01
      vertex   1.106897e+01 2.090171e+01 -2.400010e+01
      vertex   7.000000e+00 3.779990e+01 -2.400010e+01
    endloop
  endfacet
  facet normal 0.000000e+00 0.000000e+00 1.000000e+00
    outer loop
      vertex   7.000000e+00 3.779990e+01 -2.400010e+01
      vertex   1.106897e+01 2.090171e+01 -2.400010e+01
      vertex   1.183290e+01 2.056158e+01 -2.400010e+01
    endloop
  endfacet
  facet normal -0.000000e+00 0.000000e+00 1.000000e+00
    outer loop
      vertex   1.306897e+01 1.944862e+01 -2.400010e+01
      vertex   1.348708e+01 1.872443e+01 -2.400010e+01
      vertex   2.683390e+01 3.779990e+01 -2.400010e+01
    endloop
  endfacet
  facet normal -0.000000e+00 -0.000000e+00 -1.000000e+00
    outer loop
      vertex   3.601583e+01 4.135484e+01 -2.575015e+01
      vertex   3.693402e+01 4.054981e+01 -2.575015e+01
      vertex   3.033400e+01 4.328339e+01 -2.575015e+01
    endloop
  endfacet
  facet normal 0.000000e+00 0.000000e+00 -1.000000e+00
    outer loop
      vertex   3.033400e+01 4.328339e+01 -2.575015e+01
      vertex   3.693402e+01 4.054981e+01 -2.575015e+01
      vertex   3.773905e+01 3.963162e+01 -2.575015e+01
    endloop
  endfacet
  facet normal 0.000000e+00 0.000000e+00 -1.000000e+00
    outer loop
      vertex   3.033400e+01 4.328339e+01 -2.575015e+01
      vertex   3.773905e+01 3.963162e+01 -2.575015e+01
      vertex   3.841690e+01 3.861659e+01 -2.575015e+01
    endloop
  endfacet
  facet normal -0.000000e+00 -0.000000e+00 -1.000000e+00
    outer loop
      vertex   3.841690e+01 3.861659e+01 -2.575015e+01
      vertex   3.895708e+01 3.752106e+01 -2.575015e+01
      vertex   3.033400e+01 4.328339e+01 -2.575015e+01
    endloop
  endfacet
  facet normal 0.000000e+00 0.000000e+00 -1.000000e+00
    outer loop
      vertex   3.033400e+01 4.328339e+01 -2.575015e+01
      vertex   3.895708e+01 3.752106e+01 -2.575015e+01
      vertex   3.934909e+01 3.636602e+01 -2.575015e+01
    endloop
  endfacet
  facet normal 0.000000e+00 0.000000e+00 -1.000000e+00
    outer loop
      vertex   3.033400e+01 4.328339e+01 -2.575015e+01
      vertex   3.934909e+01 3.636602e+01 -2.575015e+01
      vertex   3.958826e+01 3.516782e+01 -2.575015e+01
    endloop
  endfacet
  facet normal -0.000000e+00 -0.000000e+00 -1.000000e+00
    outer loop
      vertex   3.958826e+01 3.516782e+01 -2.575015e+01
      vertex   3.966760e+01 3.394979e+01 -2.575015e+01
      vertex   3.033400e+01 4.328339e+01 -2.575015e+01
    endloop
  endfacet
  facet normal 0.000000e+00 -0.000000e+00 -1.000000e+00
    outer loop
      vertex   3.033400e+01 4.328339e+01 -2.575015e+01
      vertex   3.966760e+01 3.394979e+01 -2.575015e+01
      vertex   -5.600180e+01 -4.305241e+01 -2.575015e+01
    endloop
  endfacet
  facet normal 0.000000e+00 0.000000e+00 -1.000000e+00
    outer loop
      vertex   3.033400e+01 4.328339e+01 -2.575015e+01
      vertex   -5.600180e+01 -4.305241e+01 -2.575015e+01
      vertex   -5.600180e+01 3.394979e+01 -2.575015e+01
    endloop
  endfacet
  facet normal 0.000000e+00 0.000000e+00 -1.000000e+00
    outer loop
      vertex   -5.600180e+01 -4.305241e+01 -2.575015e+01
      vertex   3.966760e+01 3.394979e+01 -2.575015e+01
      vertex   -4.666820e+01 -5.238601e+01 -2.575015e+01
    endloop
  endfacet
  facet normal 0.000000e+00 0.000000e+00 -1.000000e+00
    outer loop
      vertex   -4.666820e+01 -5.238601e+01 -2.575015e+01
      vertex   3.966760e+01 3.394979e+01 -2.575015e+01
      vertex   3.966760e+01 -4.305241e+01 -2.575015e+01
    endloop
  endfacet
  facet normal 0.000000e+00 0.000000e+00 -1.000000e+00
    outer loop
      vertex   -4.666820e+01 -5.238601e+01 -2.575015e+01
      vertex   3.966760e+01 -4.305241e+01 -2.575015e+01
      vertex   3.033400e+01 -5.238601e+01 -2.575015e+01
    endloop
  endfacet
  facet normal 0.000000e+00 0.000000e+00 -1.000000e+00
    outer loop
      vertex   3.033400e+01 -5.238601e+01 -2.575015e+01
      vertex   3.966760e+01 -4.305241e+01 -2.575015e+01
      vertex   3.155203e+01 -5.230667e+01 -2.575015e+01
    endloop
  endfacet
  facet normal 0.000000e+00 0.000000e+00 -1.000000e+00
    outer loop
      vertex   3.155203e+01 -5.230667e+01 -2.575015e+01
      vertex   3.966760e+01 -4.305241e+01 -2.575015e+01
      vertex   3.275023e+01 -5.206750e+01 -2.575015e+01
    endloop
  endfacet
  facet normal 0.000000e+00 0.000000e+00 -1.000000e+00
    outer loop
      vertex   3.275023e+01 -5.206750e+01 -2.575015e+01
      vertex   3.966760e+01 -4.305241e+01 -2.575015e+01
      vertex   3.390527e+01 -5.167549e+01 -2.575015e+01
    endloop
  endfacet
  facet normal 0.000000e+00 0.000000e+00 -1.000000e+00
    outer loop
      vertex   3.390527e+01 -5.167549e+01 -2.575015e+01
      vertex   3.966760e+01 -4.305241e+01 -2.575015e+01
      vertex   3.500080e+01 -5.113531e+01 -2.575015e+01
    endloop
  endfacet
  facet normal 0.000000e+00 0.000000e+00 -1.000000e+00
    outer loop
      vertex   3.500080e+01 -5.113531e+01 -2.575015e+01
      vertex   3.966760e+01 -4.305241e+01 -2.575015e+01
      vertex   3.601583e+01 -5.045745e+01 -2.575015e+01
    endloop
  endfacet
  facet normal 0.000000e+00 0.000000e+00 -1.000000e+00
    outer loop
      vertex   3.601583e+01 -5.045745e+01 -2.575015e+01
      vertex   3.966760e+01 -4.305241e+01 -2.575015e+01
      vertex   3.693402e+01 -4.965243e+01 -2.575015e+01
    endloop
  endfacet
  facet normal 0.000000e+00 0.000000e+00 -1.000000e+00
    outer loop
      vertex   3.693402e+01 -4.965243e+01 -2.575015e+01
      vertex   3.966760e+01 -4.305241e+01 -2.575015e+01
      vertex   3.773905e+01 -4.873424e+01 -2.575015e+01
    endloop
  endfacet
  facet normal 0.000000e+00 0.000000e+00 -1.000000e+00
    outer loop
      vertex   3.773905e+01 -4.873424e+01 -2.575015e+01
      vertex   3.966760e+01 -4.305241e+01 -2.575015e+01
      vertex   3.841690e+01 -4.771921e+01 -2.575015e+01
    endloop
  endfacet
  facet normal 0.000000e+00 0.000000e+00 -1.000000e+00
    outer loop
      vertex   3.841690e+01 -4.771921e+01 -2.575015e+01
      vertex   3.966760e+01 -4.305241e+01 -2.575015e+01
      vertex   3.895708e+01 -4.662368e+01 -2.575015e+01
    endloop
  endfacet
  facet normal 0.000000e+00 0.000000e+00 -1.000000e+00
    outer loop
      vertex   3.895708e+01 -4.662368e+01 -2.575015e+01
      vertex   3.966760e+01 -4.305241e+01 -2.575015e+01
      vertex   3.934909e+01 -4.546864e+01 -2.575015e+01
    endloop
  endfacet
  facet normal 0.000000e+00 0.000000e+00 -1.000000e+00
    outer loop
      vertex   3.934909e+01 -4.546864e+01 -2.575015e+01
      vertex   3.966760e+01 -4.305241e+01 -2.575015e+01
      vertex   3.958826e+01 -4.427044e+01 -2.575015e+01
    endloop
  endfacet
  facet normal 0.000000e+00 0.000000e+00 -1.000000e+00
    outer loop
      vertex   -4.666820e+01 -5.238601e+01 -2.575015e+01
      vertex   -4.788623e+01 -5.230667e+01 -2.575015e+01
      vertex   -5.600180e+01 -4.305241e+01 -2.575015e+01
    endloop
  endfacet
  facet normal 0.000000e+00 0.000000e+00 -1.000000e+00
    outer loop
      vertex   -5.600180e+01 -4.305241e+01 -2.575015e+01
      vertex   -4.788623e+01 -5.230667e+01 -2.575015e+01
      vertex   -4.908443e+01 -5.206750e+01 -2.575015e+01
    endloop
  endfacet
  facet normal 0.000000e+00 0.000000e+00 -1.000000e+00
    outer loop
      vertex   -5.600180e+01 -4.305241e+01 -2.575015e+01
      vertex   -4.908443e+01 -5.206750e+01 -2.575015e+01
      vertex   -5.023947e+01 -5.167549e+01 -2.575015e+01
    endloop
  endfacet
  facet normal 0.000000e+00 0.000000e+00 -1.000000e+00
    outer loop
      vertex   -5.023947e+01 -5.167549e+01 -2.575015e+01
      vertex   -5.133500e+01 -5.113531e+01 -2.575015e+01
      vertex   -5.600180e+01 -4.305241e+01 -2.575015e+01
    endloop
  endfacet
  facet normal 0.000000e+00 0.000000e+00 -1.000000e+00
    outer loop
      vertex   -5.600180e+01 -4.305241e+01 -2.575015e+01
      vertex   -5.133500e+01 -5.113531e+01 -2.575015e+01
      vertex   -5.235003e+01 -5.045745e+01 -2.575015e+01
    endloop
  endfacet
  facet normal 0.000000e+00 0.000000e+00 -1.000000e+00
    outer loop
      vertex   -5.600180e+01 -4.305241e+01 -2.575015e+01
      vertex   -5.235003e+01 -5.045745e+01 -2.575015e+01
      vertex   -5.326822e+01 -4.965243e+01 -2.575015e+01
    endloop
  endfacet
  facet normal 0.000000e+00 0.000000e+00 -1.000000e+00
    outer loop
      vertex   -5.326822e+01 -4.965243e+01 -2.575015e+01
      vertex   -5.407325e+01 -4.873424e+01 -2.575015e+01
      vertex   -5.600180e+01 -4.305241e+01 -2.575015e+01
    endloop
  endfacet
  facet normal 0.000000e+00 0.000000e+00 -1.000000e+00
    outer loop
      vertex   -5.600180e+01 -4.305241e+01 -2.575015e+01
      vertex   -5.407325e+01 -4.873424e+01 -2.575015e+01
      vertex   -5.475110e+01 -4.771921e+01 -2.575015e+01
    endloop
  endfacet
  facet normal 0.000000e+00 0.000000e+00 -1.000000e+00
    outer loop
      vertex   -5.600180e+01 -4.305241e+01 -2.575015e+01
      vertex   -5.475110e+01 -4.771921e+01 -2.575015e+01
      vertex   -5.529128e+01 -4.662368e+01 -2.575015e+01
    endloop
  endfacet
  facet normal 0.000000e+00 0.000000e+00 -1.000000e+00
    outer loop
      vertex   -5.529128e+01 -4.662368e+01 -2.575015e+01
      vertex   -5.568329e+01 -4.546864e+01 -2.575015e+01
      vertex   -5.600180e+01 -4.305241e+01 -2.575015e+01
    endloop
  endfacet
  facet normal 0.000000e+00 0.000000e+00 -1.000000e+00
    outer loop
      vertex   -5.600180e+01 -4.305241e+01 -2.575015e+01
      vertex   -5.568329e+01 -4.546864e+01 -2.575015e+01
      vertex   -5.592246e+01 -4.427044e+01 -2.575015e+01
    endloop
  endfacet
  facet normal -0.000000e+00 0.000000e+00 -1.000000e+00
    outer loop
      vertex   3.033400e+01 4.328339e+01 -2.575015e+01
      vertex   -5.600180e+01 3.394979e+01 -2.575015e+01
      vertex   -4.666820e+01 4.328339e+01 -2.575015e+01
    endloop
  endfacet
  facet normal 0.000000e+00 0.000000e+00 -1.000000e+00
    outer loop
      vertex   -4.666820e+01 4.328339e+01 -2.575015e+01
      vertex   -5.600180e+01 3.394979e+01 -2.575015e+01
      vertex   -5.592246e+01 3.516782e+01 -2.575015e+01
    endloop
  endfacet
  facet normal 0.000000e+00 0.000000e+00 -1.000000e+00
    outer loop
      vertex   -4.666820e+01 4.328339e+01 -2.575015e+01
      vertex   -5.592246e+01 3.516782e+01 -2.575015e+01
      vertex   -5.568329e+01 3.636602e+01 -2.575015e+01
    endloop
  endfacet
  facet normal 0.000000e+00 0.000000e+00 -1.000000e+00
    outer loop
      vertex   -5.568329e+01 3.636602e+01 -2.575015e+01
      vertex   -5.529128e+01 3.752106e+01 -2.575015e+01
      vertex   -4.666820e+01 4.328339e+01 -2.575015e+01
    endloop
  endfacet
  facet normal 0.000000e+00 0.000000e+00 -1.000000e+00
    outer loop
      vertex   -4.666820e+01 4.328339e+01 -2.575015e+01
      vertex   -5.529128e+01 3.752106e+01 -2.575015e+01
      vertex   -5.475110e+01 3.861659e+01 -2.575015e+01
    endloop
  endfacet
  facet normal 0.000000e+00 0.000000e+00 -1.000000e+00
    outer loop
      vertex   -4.666820e+01 4.328339e+01 -2.575015e+01
      vertex   -5.475110e+01 3.861659e+01 -2.575015e+01
      vertex   -5.407325e+01 3.963162e+01 -2.575015e+01
    endloop
  endfacet
  facet normal 0.000000e+00 0.000000e+00 -1.000000e+00
    outer loop
      vertex   -5.407325e+01 3.963162e+01 -2.575015e+01
      vertex   -5.326822e+01 4.054981e+01 -2.575015e+01
      vertex   -4.666820e+01 4.328339e+01 -2.575015e+01
    endloop
  endfacet
  facet normal 0.000000e+00 0.000000e+00 -1.000000e+00
    outer loop
      vertex   -4.666820e+01 4.328339e+01 -2.575015e+01
      vertex   -5.326822e+01 4.054981e+01 -2.575015e+01
      vertex   -5.235003e+01 4.135484e+01 -2.575015e+01
    endloop
  endfacet
  facet normal 0.000000e+00 0.000000e+00 -1.000000e+00
    outer loop
      vertex   -4.666820e+01 4.328339e+01 -2.575015e+01
      vertex   -5.235003e+01 4.135484e+01 -2.575015e+01
      vertex   -5.133500e+01 4.203269e+01 -2.575015e+01
    endloop
  endfacet
  facet normal 0.000000e+00 0.000000e+00 -1.000000e+00
    outer loop
      vertex   -5.133500e+01 4.203269e+01 -2.575015e+01
      vertex   -5.023947e+01 4.257287e+01 -2.575015e+01
      vertex   -4.666820e+01 4.328339e+01 -2.575015e+01
    endloop
  endfacet
  facet normal 0.000000e+00 0.000000e+00 -1.000000e+00
    outer loop
      vertex   -4.666820e+01 4.328339e+01 -2.575015e+01
      vertex   -5.023947e+01 4.257287e+01 -2.575015e+01
      vertex   -4.908443e+01 4.296488e+01 -2.575015e+01
    endloop
  endfacet
  facet normal 0.000000e+00 0.000000e+00 -1.000000e+00
    outer loop
      vertex   -4.666820e+01 4.328339e+01 -2.575015e+01
      vertex   -4.908443e+01 4.296488e+01 -2.575015e+01
      vertex   -4.788623e+01 4.320405e+01 -2.575015e+01
    endloop
  endfacet
  facet normal -0.000000e+00 -0.000000e+00 -1.000000e+00
    outer loop
      vertex   3.155203e+01 4.320405e+01 -2.575015e+01
      vertex   3.275023e+01 4.296488e+01 -2.575015e+01
      vertex   3.033400e+01 4.328339e+01 -2.575015e+01
    endloop
  endfacet
  facet normal 0.000000e+00 0.000000e+00 -1.000000e+00
    outer loop
      vertex   3.033400e+01 4.328339e+01 -2.575015e+01
      vertex   3.275023e+01 4.296488e+01 -2.575015e+01
      vertex   3.390527e+01 4.257287e+01 -2.575015e+01
    endloop
  endfacet
  facet normal 0.000000e+00 0.000000e+00 -1.000000e+00
    outer loop
      vertex   3.033400e+01 4.328339e+01 -2.575015e+01
      vertex   3.390527e+01 4.257287e+01 -2.575015e+01
      vertex   3.500080e+01 4.203269e+01 -2.575015e+01
    endloop
  endfacet
  facet normal -0.000000e+00 -0.000000e+00 -1.000000e+00
    outer loop
      vertex   3.500080e+01 4.203269e+01 -2.575015e+01
      vertex   3.601583e+01 4.135484e+01 -2.575015e+01
      vertex   3.033400e+01 4.328339e+01 -2.575015e+01
    endloop
  endfacet
  facet normal -1.045269e-01 -9.945070e-01 5.478022e-03
    outer loop
      vertex   9.001253e+00 1.318489e+01 -2.000010e+01
      vertex   9.414786e+00 1.311939e+01 -2.400010e+01
      vertex   9.832900e+00 1.309748e+01 -2.000010e+01
    endloop
  endfacet
  facet normal 0.000000e+00 -9.999850e-01 -5.478022e-03
    outer loop
      vertex   9.832900e+00 1.309748e+01 -2.000010e+01
      vertex   9.414786e+00 1.311939e+01 -2.400010e+01
      vertex   1.025101e+01 1.311939e+01 -2.400010e+01
    endloop
  endfacet
  facet normal 1.045269e-01 -9.945070e-01 5.478022e-03
    outer loop
      vertex   9.832900e+00 1.309748e+01 -2.000010e+01
      vertex   1.025101e+01 1.311939e+01 -2.400010e+01
      vertex   1.066455e+01 1.318489e+01 -2.000010e+01
    endloop
  endfacet
  facet normal 2.079086e-01 -9.781329e-01 -5.478022e-03
    outer loop
      vertex   1.066455e+01 1.318489e+01 -2.000010e+01
      vertex   1.025101e+01 1.311939e+01 -2.400010e+01
      vertex   1.106897e+01 1.329325e+01 -2.400010e+01
    endloop
  endfacet
  facet normal 3.090124e-01 -9.510422e-01 5.478022e-03
    outer loop
      vertex   1.066455e+01 1.318489e+01 -2.000010e+01
      vertex   1.106897e+01 1.329325e+01 -2.400010e+01
      vertex   1.145985e+01 1.344330e+01 -2.000010e+01
    endloop
  endfacet
  facet normal 4.067305e-01 -9.135318e-01 -5.478022e-03
    outer loop
      vertex   1.145985e+01 1.344330e+01 -2.000010e+01
      vertex   1.106897e+01 1.329325e+01 -2.400010e+01
      vertex   1.183290e+01 1.363338e+01 -2.400010e+01
    endloop
  endfacet
  facet normal 4.999925e-01 -8.660124e-01 5.478022e-03
    outer loop
      vertex   1.145985e+01 1.344330e+01 -2.000010e+01
      vertex   1.183290e+01 1.363338e+01 -2.400010e+01
      vertex   1.218404e+01 1.386141e+01 -2.000010e+01
    endloop
  endfacet
  facet normal 5.877764e-01 -8.090049e-01 -5.478022e-03
    outer loop
      vertex   1.218404e+01 1.386141e+01 -2.000010e+01
      vertex   1.183290e+01 1.363338e+01 -2.400010e+01
      vertex   1.250942e+01 1.412490e+01 -2.400010e+01
    endloop
  endfacet
  facet normal 6.691206e-01 -7.431337e-01 5.478022e-03
    outer loop
      vertex   1.218404e+01 1.386141e+01 -2.000010e+01
      vertex   1.250942e+01 1.412490e+01 -2.400010e+01
      vertex   1.280548e+01 1.442096e+01 -2.000010e+01
    endloop
  endfacet
  facet normal 7.431337e-01 -6.691206e-01 -5.478022e-03
    outer loop
      vertex   1.280548e+01 1.442096e+01 -2.000010e+01
      vertex   1.250942e+01 1.412490e+01 -2.400010e+01
      vertex   1.306897e+01 1.474634e+01 -2.400010e+01
    endloop
  endfacet
  facet normal 8.090049e-01 -5.877764e-01 5.478022e-03
    outer loop
      vertex   1.280548e+01 1.442096e+01 -2.000010e+01
      vertex   1.306897e+01 1.474634e+01 -2.400010e+01
      vertex   1.329700e+01 1.509748e+01 -2.000010e+01
    endloop
  endfacet
  facet normal 8.660124e-01 -4.999925e-01 -5.478022e-03
    outer loop
      vertex   1.329700e+01 1.509748e+01 -2.000010e+01
      vertex   1.306897e+01 1.474634e+01 -2.400010e+01
      vertex   1.348708e+01 1.547053e+01 -2.400010e+01
    endloop
  endfacet
  facet normal 9.135318e-01 -4.067305e-01 5.478022e-03
    outer loop
      vertex   1.329700e+01 1.509748e+01 -2.000010e+01
      vertex   1.348708e+01 1.547053e+01 -2.400010e+01
      vertex   1.363713e+01 1.586141e+01 -2.000010e+01
    endloop
  endfacet
  facet normal 9.510422e-01 -3.090124e-01 -5.478022e-03
    outer loop
      vertex   1.363713e+01 1.586141e+01 -2.000010e+01
      vertex   1.348708e+01 1.547053e+01 -2.400010e+01
      vertex   1.374549e+01 1.626583e+01 -2.400010e+01
    endloop
  endfacet
  facet normal 9.781329e-01 -2.079086e-01 5.478022e-03
    outer loop
      vertex   1.363713e+01 1.586141e+01 -2.000010e+01
      vertex   1.374549e+01 1.626583e+01 -2.400010e+01
      vertex   1.381099e+01 1.667937e+01 -2.000010e+01
    endloop
  endfacet
  facet normal 9.945070e-01 -1.045269e-01 -5.478022e-03
    outer loop
      vertex   1.381099e+01 1.667937e+01 -2.000010e+01
      vertex   1.374549e+01 1.626583e+01 -2.400010e+01
      vertex   1.383290e+01 1.709748e+01 -2.400010e+01
    endloop
  endfacet
  facet normal 9.999850e-01 -0.000000e+00 5.478022e-03
    outer loop
      vertex   1.381099e+01 1.667937e+01 -2.000010e+01
      vertex   1.383290e+01 1.709748e+01 -2.400010e+01
      vertex   1.381099e+01 1.751559e+01 -2.000010e+01
    endloop
  endfacet
  facet normal 9.945070e-01 1.045269e-01 -5.478022e-03
    outer loop
      vertex   1.381099e+01 1.751559e+01 -2.000010e+01
      vertex   1.383290e+01 1.709748e+01 -2.400010e+01
      vertex   1.374549e+01 1.792913e+01 -2.400010e+01
    endloop
  endfacet
  facet normal 9.781329e-01 2.079086e-01 5.478022e-03
    outer loop
      vertex   1.381099e+01 1.751559e+01 -2.000010e+01
      vertex   1.374549e+01 1.792913e+01 -2.400010e+01
      vertex   1.363713e+01 1.833355e+01 -2.000010e+01
    endloop
  endfacet
  facet normal 9.510422e-01 3.090124e-01 -5.478022e-03
    outer loop
      vertex   1.363713e+01 1.833355e+01 -2.000010e+01
      vertex   1.374549e+01 1.792913e+01 -2.400010e+01
      vertex   1.348708e+01 1.872443e+01 -2.400010e+01
    endloop
  endfacet
  facet normal 9.135318e-01 4.067305e-01 5.478022e-03
    outer loop
      vertex   1.363713e+01 1.833355e+01 -2.000010e+01
      vertex   1.348708e+01 1.872443e+01 -2.400010e+01
      vertex   1.329700e+01 1.909748e+01 -2.000010e+01
    endloop
  endfacet
  facet normal 8.660124e-01 4.999925e-01 -5.478022e-03
    outer loop
      vertex   1.329700e+01 1.909748e+01 -2.000010e+01
      vertex   1.348708e+01 1.872443e+01 -2.400010e+01
      vertex   1.306897e+01 1.944862e+01 -2.400010e+01
    endloop
  endfacet
  facet normal 8.090049e-01 5.877764e-01 5.478022e-03
    outer loop
      vertex   1.329700e+01 1.909748e+01 -2.000010e+01
      vertex   1.306897e+01 1.944862e+01 -2.400010e+01
      vertex   1.280548e+01 1.977400e+01 -2.000010e+01
    endloop
  endfacet
  facet normal 7.431337e-01 6.691206e-01 -5.478022e-03
    outer loop
      vertex   1.280548e+01 1.977400e+01 -2.000010e+01
      vertex   1.306897e+01 1.944862e+01 -2.400010e+01
      vertex   1.250942e+01 2.007006e+01 -2.400010e+01
    endloop
  endfacet
  facet normal 6.691206e-01 7.431337e-01 5.478022e-03
    outer loop
      vertex   1.280548e+01 1.977400e+01 -2.000010e+01
      vertex   1.250942e+01 2.007006e+01 -2.400010e+01
      vertex   1.218404e+01 2.033355e+01 -2.000010e+01
    endloop
  endfacet
  facet normal 5.877764e-01 8.090049e-01 -5.478022e-03
    outer loop
      vertex   1.218404e+01 2.033355e+01 -2.000010e+01
      vertex   1.250942e+01 2.007006e+01 -2.400010e+01
      vertex   1.183290e+01 2.056158e+01 -2.400010e+01
    endloop
  endfacet
  facet normal 4.999925e-01 8.660124e-01 5.478022e-03
    outer loop
      vertex   1.218404e+01 2.033355e+01 -2.000010e+01
      vertex   1.183290e+01 2.056158e+01 -2.400010e+01
      vertex   1.145985e+01 2.075166e+01 -2.000010e+01
    endloop
  endfacet
  facet normal 4.067305e-01 9.135318e-01 -5.478022e-03
    outer loop
      vertex   1.145985e+01 2.075166e+01 -2.000010e+01
      vertex   1.183290e+01 2.056158e+01 -2.400010e+01
      vertex   1.106897e+01 2.090171e+01 -2.400010e+01
    endloop
  endfacet
  facet normal 3.090124e-01 9.510422e-01 5.478022e-03
    outer loop
      vertex   1.145985e+01 2.075166e+01 -2.000010e+01
      vertex   1.106897e+01 2.090171e+01 -2.400010e+01
      vertex   1.066455e+01 2.101007e+01 -2.000010e+01
    endloop
  endfacet
  facet normal 2.079086e-01 9.781329e-01 -5.478022e-03
    outer loop
      vertex   1.066455e+01 2.101007e+01 -2.000010e+01
      vertex   1.106897e+01 2.090171e+01 -2.400010e+01
      vertex   1.025101e+01 2.107557e+01 -2.400010e+01
    endloop
  endfacet
  facet normal 1.045269e-01 9.945070e-01 5.478022e-03
    outer loop
      vertex   1.066455e+01 2.101007e+01 -2.000010e+01
      vertex   1.025101e+01 2.107557e+01 -2.400010e+01
      vertex   9.832900e+00 2.109748e+01 -2.000010e+01
    endloop
  endfacet
  facet normal 0.000000e+00 9.999850e-01 -5.478022e-03
    outer loop
      vertex   9.832900e+00 2.109748e+01 -2.000010e+01
      vertex   1.025101e+01 2.107557e+01 -2.400010e+01
      vertex   9.414786e+00 2.107557e+01 -2.400010e+01
    endloop
  endfacet
  facet normal -1.045269e-01 9.945070e-01 5.478022e-03
    outer loop
      vertex   9.832900e+00 2.109748e+01 -2.000010e+01
      vertex   9.414786e+00 2.107557e+01 -2.400010e+01
      vertex   9.001253e+00 2.101007e+01 -2.000010e+01
    endloop
  endfacet
  facet normal -2.079086e-01 9.781329e-01 -5.478022e-03
    outer loop
      vertex   9.001253e+00 2.101007e+01 -2.000010e+01
      vertex   9.414786e+00 2.107557e+01 -2.400010e+01
      vertex   8.596832e+00 2.090171e+01 -2.400010e+01
    endloop
  endfacet
  facet normal -3.090124e-01 9.510422e-01 5.478022e-03
    outer loop
      vertex   9.001253e+00 2.101007e+01 -2.000010e+01
      vertex   8.596832e+00 2.090171e+01 -2.400010e+01
      vertex   8.205953e+00 2.075166e+01 -2.000010e+01
    endloop
  endfacet
  facet normal -4.067305e-01 9.135318e-01 -5.478022e-03
    outer loop
      vertex   8.205953e+00 2.075166e+01 -2.000010e+01
      vertex   8.596832e+00 2.090171e+01 -2.400010e+01
      vertex   7.832900e+00 2.056158e+01 -2.400010e+01
    endloop
  endfacet
  facet normal -4.999925e-01 8.660124e-01 5.478022e-03
    outer loop
      vertex   8.205953e+00 2.075166e+01 -2.000010e+01
      vertex   7.832900e+00 2.056158e+01 -2.400010e+01
      vertex   7.481759e+00 2.033355e+01 -2.000010e+01
    endloop
  endfacet
  facet normal -5.877764e-01 8.090049e-01 -5.478022e-03
    outer loop
      vertex   7.481759e+00 2.033355e+01 -2.000010e+01
      vertex   7.832900e+00 2.056158e+01 -2.400010e+01
      vertex   7.156378e+00 2.007006e+01 -2.400010e+01
    endloop
  endfacet
  facet normal -6.691206e-01 7.431337e-01 5.478022e-03
    outer loop
      vertex   7.481759e+00 2.033355e+01 -2.000010e+01
      vertex   7.156378e+00 2.007006e+01 -2.400010e+01
      vertex   6.860321e+00 1.977400e+01 -2.000010e+01
    endloop
  endfacet
  facet normal -7.431337e-01 6.691206e-01 -5.478022e-03
    outer loop
      vertex   6.860321e+00 1.977400e+01 -2.000010e+01
      vertex   7.156378e+00 2.007006e+01 -2.400010e+01
      vertex   6.596832e+00 1.944862e+01 -2.400010e+01
    endloop
  endfacet
  facet normal -8.090049e-01 5.877764e-01 5.478022e-03
    outer loop
      vertex   6.860321e+00 1.977400e+01 -2.000010e+01
      vertex   6.596832e+00 1.944862e+01 -2.400010e+01
      vertex   6.368798e+00 1.909748e+01 -2.000010e+01
    endloop
  endfacet
  facet normal -8.660124e-01 4.999925e-01 -5.478022e-03
    outer loop
      vertex   6.368798e+00 1.909748e+01 -2.000010e+01
      vertex   6.596832e+00 1.944862e+01 -2.400010e+01
      vertex   6.178718e+00 1.872443e+01 -2.400010e+01
    endloop
  endfacet
  facet normal -9.135318e-01 4.067305e-01 5.478022e-03
    outer loop
      vertex   6.368798e+00 1.909748e+01 -2.000010e+01
      vertex   6.178718e+00 1.872443e+01 -2.400010e+01
      vertex   6.028674e+00 1.833355e+01 -2.000010e+01
    endloop
  endfacet
  facet normal -9.510422e-01 3.090124e-01 -5.478022e-03
    outer loop
      vertex   6.028674e+00 1.833355e+01 -2.000010e+01
      vertex   6.178718e+00 1.872443e+01 -2.400010e+01
      vertex   5.920310e+00 1.792913e+01 -2.400010e+01
    endloop
  endfacet
  facet normal -9.781329e-01 2.079086e-01 5.478022e-03
    outer loop
      vertex   6.028674e+00 1.833355e+01 -2.000010e+01
      vertex   5.920310e+00 1.792913e+01 -2.400010e+01
      vertex   5.854812e+00 1.751559e+01 -2.000010e+01
    endloop
  endfacet
  facet normal -9.945070e-01 1.045269e-01 -5.478022e-03
    outer loop
      vertex   5.854812e+00 1.751559e+01 -2.000010e+01
      vertex   5.920310e+00 1.792913e+01 -2.400010e+01
      vertex   5.832900e+00 1.709748e+01 -2.400010e+01
    endloop
  endfacet
  facet normal -9.999850e-01 0.000000e+00 5.478022e-03
    outer loop
      vertex   5.854812e+00 1.751559e+01 -2.000010e+01
      vertex   5.832900e+00 1.709748e+01 -2.400010e+01
      vertex   5.854812e+00 1.667937e+01 -2.000010e+01
    endloop
  endfacet
  facet normal -9.945070e-01 -1.045269e-01 -5.478022e-03
    outer loop
      vertex   5.854812e+00 1.667937e+01 -2.000010e+01
      vertex   5.832900e+00 1.709748e+01 -2.400010e+01
      vertex   5.920310e+00 1.626583e+01 -2.400010e+01
    endloop
  endfacet
  facet normal -9.781329e-01 -2.079086e-01 5.478022e-03
    outer loop
      vertex   5.854812e+00 1.667937e+01 -2.000010e+01
      vertex   5.920310e+00 1.626583e+01 -2.400010e+01
      vertex   6.028674e+00 1.586141e+01 -2.000010e+01
    endloop
  endfacet
  facet normal -9.510422e-01 -3.090124e-01 -5.478022e-03
    outer loop
      vertex   6.028674e+00 1.586141e+01 -2.000010e+01
      vertex   5.920310e+00 1.626583e+01 -2.400010e+01
      vertex   6.178718e+00 1.547053e+01 -2.400010e+01
    endloop
  endfacet
  facet normal -9.135318e-01 -4.067305e-01 5.478022e-03
    outer loop
      vertex   6.028674e+00 1.586141e+01 -2.000010e+01
      vertex   6.178718e+00 1.547053e+01 -2.400010e+01
      vertex   6.368798e+00 1.509748e+01 -2.000010e+01
    endloop
  endfacet
  facet normal -8.660124e-01 -4.999925e-01 -5.478022e-03
    outer loop
      vertex   6.368798e+00 1.509748e+01 -2.000010e+01
      vertex   6.178718e+00 1.547053e+01 -2.400010e+01
      vertex   6.596832e+00 1.474634e+01 -2.400010e+01
    endloop
  endfacet
  facet normal -8.090049e-01 -5.877764e-01 5.478022e-03
    outer loop
      vertex   6.368798e+00 1.509748e+01 -2.000010e+01
      vertex   6.596832e+00 1.474634e+01 -2.400010e+01
      vertex   6.860321e+00 1.442096e+01 -2.000010e+01
    endloop
  endfacet
  facet normal -7.431337e-01 -6.691206e-01 -5.478022e-03
    outer loop
      vertex   6.860321e+00 1.442096e+01 -2.000010e+01
      vertex   6.596832e+00 1.474634e+01 -2.400010e+01
      vertex   7.156378e+00 1.412490e+01 -2.400010e+01
    endloop
  endfacet
  facet normal -6.691206e-01 -7.431337e-01 5.478022e-03
    outer loop
      vertex   6.860321e+00 1.442096e+01 -2.000010e+01
      vertex   7.156378e+00 1.412490e+01 -2.400010e+01
      vertex   7.481759e+00 1.386141e+01 -2.000010e+01
    endloop
  endfacet
  facet normal -5.877764e-01 -8.090049e-01 -5.478022e-03
    outer loop
      vertex   7.481759e+00 1.386141e+01 -2.000010e+01
      vertex   7.156378e+00 1.412490e+01 -2.400010e+01
      vertex   7.832900e+00 1.363338e+01 -2.400010e+01
    endloop
  endfacet
  facet normal -4.999925e-01 -8.660124e-01 5.478022e-03
    outer loop
      vertex   7.481759e+00 1.386141e+01 -2.000010e+01
      vertex   7.832900e+00 1.363338e+01 -2.400010e+01
      vertex   8.205953e+00 1.344330e+01 -2.000010e+01
    endloop
  endfacet
  facet normal -4.067305e-01 -9.135318e-01 -5.478022e-03
    outer loop
      vertex   8.205953e+00 1.344330e+01 -2.000010e+01
      vertex   7.832900e+00 1.363338e+01 -2.400010e+01
      vertex   8.596832e+00 1.329325e+01 -2.400010e+01
    endloop
  endfacet
  facet normal -3.090124e-01 -9.510422e-01 5.478022e-03
    outer loop
      vertex   8.205953e+00 1.344330e+01 -2.000010e+01
      vertex   8.596832e+00 1.329325e+01 -2.400010e+01
      vertex   9.001253e+00 1.318489e+01 -2.000010e+01
    endloop
  endfacet
  facet normal -2.079086e-01 -9.781329e-01 -5.478022e-03
    outer loop
      vertex   9.001253e+00 1.318489e+01 -2.000010e+01
      vertex   8.596832e+00 1.329325e+01 -2.400010e+01
      vertex   9.414786e+00 1.311939e+01 -2.400010e+01
    endloop
  endfacet
  facet normal 1.045269e-01 9.945070e-01 5.478022e-03
    outer loop
      vertex   -2.533545e+01 -3.498993e+01 -2.000010e+01
      vertex   -2.574899e+01 -3.492443e+01 -2.400010e+01
      vertex   -2.616710e+01 -3.490252e+01 -2.000010e+01
    endloop
  endfacet
  facet normal 0.000000e+00 9.999850e-01 -5.478022e-03
    outer loop
      vertex   -2.616710e+01 -3.490252e+01 -2.000010e+01
      vertex   -2.574899e+01 -3.492443e+01 -2.400010e+01
      vertex   -2.658521e+01 -3.492443e+01 -2.400010e+01
    endloop
  endfacet
  facet normal -1.045269e-01 9.945070e-01 5.478022e-03
    outer loop
      vertex   -2.616710e+01 -3.490252e+01 -2.000010e+01
      vertex   -2.658521e+01 -3.492443e+01 -2.400010e+01
      vertex   -2.699875e+01 -3.498993e+01 -2.000010e+01
    endloop
  endfacet
  facet normal -2.079086e-01 9.781329e-01 -5.478022e-03
    outer loop
      vertex   -2.699875e+01 -3.498993e+01 -2.000010e+01
      vertex   -2.658521e+01 -3.492443e+01 -2.400010e+01
      vertex   -2.740317e+01 -3.509829e+01 -2.400010e+01
    endloop
  endfacet
  facet normal -3.090124e-01 9.510422e-01 5.478022e-03
    outer loop
      vertex   -2.699875e+01 -3.498993e+01 -2.000010e+01
      vertex   -2.740317e+01 -3.509829e+01 -2.400010e+01
      vertex   -2.779405e+01 -3.524834e+01 -2.000010e+01
    endloop
  endfacet
  facet normal -4.067305e-01 9.135318e-01 -5.478022e-03
    outer loop
      vertex   -2.779405e+01 -3.524834e+01 -2.000010e+01
      vertex   -2.740317e+01 -3.509829e+01 -2.400010e+01
      vertex   -2.816710e+01 -3.543842e+01 -2.400010e+01
    endloop
  endfacet
  facet normal -4.999925e-01 8.660124e-01 5.478022e-03
    outer loop
      vertex   -2.779405e+01 -3.524834e+01 -2.000010e+01
      vertex   -2.816710e+01 -3.543842e+01 -2.400010e+01
      vertex   -2.851824e+01 -3.566645e+01 -2.000010e+01
    endloop
  endfacet
  facet normal -5.877764e-01 8.090049e-01 -5.478022e-03
    outer loop
      vertex   -2.851824e+01 -3.566645e+01 -2.000010e+01
      vertex   -2.816710e+01 -3.543842e+01 -2.400010e+01
      vertex   -2.884362e+01 -3.592994e+01 -2.400010e+01
    endloop
  endfacet
  facet normal -6.691206e-01 7.431337e-01 5.478022e-03
    outer loop
      vertex   -2.851824e+01 -3.566645e+01 -2.000010e+01
      vertex   -2.884362e+01 -3.592994e+01 -2.400010e+01
      vertex   -2.913968e+01 -3.622600e+01 -2.000010e+01
    endloop
  endfacet
  facet normal -7.431337e-01 6.691206e-01 -5.478022e-03
    outer loop
      vertex   -2.913968e+01 -3.622600e+01 -2.000010e+01
      vertex   -2.884362e+01 -3.592994e+01 -2.400010e+01
      vertex   -2.940317e+01 -3.655138e+01 -2.400010e+01
    endloop
  endfacet
  facet normal -8.090049e-01 5.877764e-01 5.478022e-03
    outer loop
      vertex   -2.913968e+01 -3.622600e+01 -2.000010e+01
      vertex   -2.940317e+01 -3.655138e+01 -2.400010e+01
      vertex   -2.963120e+01 -3.690252e+01 -2.000010e+01
    endloop
  endfacet
  facet normal -8.660124e-01 4.999925e-01 -5.478022e-03
    outer loop
      vertex   -2.963120e+01 -3.690252e+01 -2.000010e+01
      vertex   -2.940317e+01 -3.655138e+01 -2.400010e+01
      vertex   -2.982128e+01 -3.727557e+01 -2.400010e+01
    endloop
  endfacet
  facet normal -9.135318e-01 4.067305e-01 5.478022e-03
    outer loop
      vertex   -2.963120e+01 -3.690252e+01 -2.000010e+01
      vertex   -2.982128e+01 -3.727557e+01 -2.400010e+01
      vertex   -2.997133e+01 -3.766645e+01 -2.000010e+01
    endloop
  endfacet
  facet normal -9.510422e-01 3.090124e-01 -5.478022e-03
    outer loop
      vertex   -2.997133e+01 -3.766645e+01 -2.000010e+01
      vertex   -2.982128e+01 -3.727557e+01 -2.400010e+01
      vertex   -3.007969e+01 -3.807087e+01 -2.400010e+01
    endloop
  endfacet
  facet normal -9.781329e-01 2.079086e-01 5.478022e-03
    outer loop
      vertex   -2.997133e+01 -3.766645e+01 -2.000010e+01
      vertex   -3.007969e+01 -3.807087e+01 -2.400010e+01
      vertex   -3.014519e+01 -3.848441e+01 -2.000010e+01
    endloop
  endfacet
  facet normal -9.945070e-01 1.045269e-01 -5.478022e-03
    outer loop
      vertex   -3.014519e+01 -3.848441e+01 -2.000010e+01
      vertex   -3.007969e+01 -3.807087e+01 -2.400010e+01
      vertex   -3.016710e+01 -3.890252e+01 -2.400010e+01
    endloop
  endfacet
  facet normal -9.999850e-01 0.000000e+00 5.478022e-03
    outer loop
      vertex   -3.014519e+01 -3.848441e+01 -2.000010e+01
      vertex   -3.016710e+01 -3.890252e+01 -2.400010e+01
      vertex   -3.014519e+01 -3.932063e+01 -2.000010e+01
    endloop
  endfacet
  facet normal -9.945070e-01 -1.045269e-01 -5.478022e-03
    outer loop
      vertex   -3.014519e+01 -3.932063e+01 -2.000010e+01
      vertex   -3.016710e+01 -3.890252e+01 -2.400010e+01
      vertex   -3.007969e+01 -3.973417e+01 -2.400010e+01
    endloop
  endfacet
  facet normal -9.781329e-01 -2.079086e-01 5.478022e-03
    outer loop
      vertex   -3.014519e+01 -3.932063e+01 -2.000010e+01
      vertex   -3.007969e+01 -3.973417e+01 -2.400010e+01
      vertex   -2.997133e+01 -4.013859e+01 -2.000010e+01
    endloop
  endfacet
  facet normal -9.510422e-01 -3.090124e-01 -5.478022e-03
    outer loop
      vertex   -2.997133e+01 -4.013859e+01 -2.000010e+01
      vertex   -3.007969e+01 -3.973417e+01 -2.400010e+01
      vertex   -2.982128e+01 -4.052947e+01 -2.400010e+01
    endloop
  endfacet
  facet normal -9.135318e-01 -4.067305e-01 5.478022e-03
    outer loop
      vertex   -2.997133e+01 -4.013859e+01 -2.000010e+01
      vertex   -2.982128e+01 -4.052947e+01 -2.400010e+01
      vertex   -2.963120e+01 -4.090252e+01 -2.000010e+01
    endloop
  endfacet
  facet normal -8.660124e-01 -4.999925e-01 -5.478022e-03
    outer loop
      vertex   -2.963120e+01 -4.090252e+01 -2.000010e+01
      vertex   -2.982128e+01 -4.052947e+01 -2.400010e+01
      vertex   -2.940317e+01 -4.125366e+01 -2.400010e+01
    endloop
  endfacet
  facet normal -8.090049e-01 -5.877764e-01 5.478022e-03
    outer loop
      vertex   -2.963120e+01 -4.090252e+01 -2.000010e+01
      vertex   -2.940317e+01 -4.125366e+01 -2.400010e+01
      vertex   -2.913968e+01 -4.157904e+01 -2.000010e+01
    endloop
  endfacet
  facet normal -7.431337e-01 -6.691206e-01 -5.478022e-03
    outer loop
      vertex   -2.913968e+01 -4.157904e+01 -2.000010e+01
      vertex   -2.940317e+01 -4.125366e+01 -2.400010e+01
      vertex   -2.884362e+01 -4.187510e+01 -2.400010e+01
    endloop
  endfacet
  facet normal -6.691206e-01 -7.431337e-01 5.478022e-03
    outer loop
      vertex   -2.913968e+01 -4.157904e+01 -2.000010e+01
      vertex   -2.884362e+01 -4.187510e+01 -2.400010e+01
      vertex   -2.851824e+01 -4.213859e+01 -2.000010e+01
    endloop
  endfacet
  facet normal -5.877764e-01 -8.090049e-01 -5.478022e-03
    outer loop
      vertex   -2.851824e+01 -4.213859e+01 -2.000010e+01
      vertex   -2.884362e+01 -4.187510e+01 -2.400010e+01
      vertex   -2.816710e+01 -4.236662e+01 -2.400010e+01
    endloop
  endfacet
  facet normal -4.999925e-01 -8.660124e-01 5.478022e-03
    outer loop
      vertex   -2.851824e+01 -4.213859e+01 -2.000010e+01
      vertex   -2.816710e+01 -4.236662e+01 -2.400010e+01
      vertex   -2.779405e+01 -4.255670e+01 -2.000010e+01
    endloop
  endfacet
  facet normal -4.067305e-01 -9.135318e-01 -5.478022e-03
    outer loop
      vertex   -2.779405e+01 -4.255670e+01 -2.000010e+01
      vertex   -2.816710e+01 -4.236662e+01 -2.400010e+01
      vertex   -2.740317e+01 -4.270675e+01 -2.400010e+01
    endloop
  endfacet
  facet normal -3.090124e-01 -9.510422e-01 5.478022e-03
    outer loop
      vertex   -2.779405e+01 -4.255670e+01 -2.000010e+01
      vertex   -2.740317e+01 -4.270675e+01 -2.400010e+01
      vertex   -2.699875e+01 -4.281511e+01 -2.000010e+01
    endloop
  endfacet
  facet normal -2.079086e-01 -9.781329e-01 -5.478022e-03
    outer loop
      vertex   -2.699875e+01 -4.281511e+01 -2.000010e+01
      vertex   -2.740317e+01 -4.270675e+01 -2.400010e+01
      vertex   -2.658521e+01 -4.288061e+01 -2.400010e+01
    endloop
  endfacet
  facet normal -1.045269e-01 -9.945070e-01 5.478022e-03
    outer loop
      vertex   -2.699875e+01 -4.281511e+01 -2.000010e+01
      vertex   -2.658521e+01 -4.288061e+01 -2.400010e+01
      vertex   -2.616710e+01 -4.290252e+01 -2.000010e+01
    endloop
  endfacet
  facet normal 0.000000e+00 -9.999850e-01 -5.478022e-03
    outer loop
      vertex   -2.616710e+01 -4.290252e+01 -2.000010e+01
      vertex   -2.658521e+01 -4.288061e+01 -2.400010e+01
      vertex   -2.574899e+01 -4.288061e+01 -2.400010e+01
    endloop
  endfacet
  facet normal 1.045269e-01 -9.945070e-01 5.478022e-03
    outer loop
      vertex   -2.616710e+01 -4.290252e+01 -2.000010e+01
      vertex   -2.574899e+01 -4.288061e+01 -2.400010e+01
      vertex   -2.533545e+01 -4.281511e+01 -2.000010e+01
    endloop
  endfacet
  facet normal 2.079086e-01 -9.781329e-01 -5.478022e-03
    outer loop
      vertex   -2.533545e+01 -4.281511e+01 -2.000010e+01
      vertex   -2.574899e+01 -4.288061e+01 -2.400010e+01
      vertex   -2.493103e+01 -4.270675e+01 -2.400010e+01
    endloop
  endfacet
  facet normal 3.090124e-01 -9.510422e-01 5.478022e-03
    outer loop
      vertex   -2.533545e+01 -4.281511e+01 -2.000010e+01
      vertex   -2.493103e+01 -4.270675e+01 -2.400010e+01
      vertex   -2.454015e+01 -4.255670e+01 -2.000010e+01
    endloop
  endfacet
  facet normal 4.067305e-01 -9.135318e-01 -5.478022e-03
    outer loop
      vertex   -2.454015e+01 -4.255670e+01 -2.000010e+01
      vertex   -2.493103e+01 -4.270675e+01 -2.400010e+01
      vertex   -2.416710e+01 -4.236662e+01 -2.400010e+01
    endloop
  endfacet
  facet normal 4.999925e-01 -8.660124e-01 5.478022e-03
    outer loop
      vertex   -2.454015e+01 -4.255670e+01 -2.000010e+01
      vertex   -2.416710e+01 -4.236662e+01 -2.400010e+01
      vertex   -2.381596e+01 -4.213859e+01 -2.000010e+01
    endloop
  endfacet
  facet normal 5.877764e-01 -8.090049e-01 -5.478022e-03
    outer loop
      vertex   -2.381596e+01 -4.213859e+01 -2.000010e+01
      vertex   -2.416710e+01 -4.236662e+01 -2.400010e+01
      vertex   -2.349058e+01 -4.187510e+01 -2.400010e+01
    endloop
  endfacet
  facet normal 6.691206e-01 -7.431337e-01 5.478022e-03
    outer loop
      vertex   -2.381596e+01 -4.213859e+01 -2.000010e+01
      vertex   -2.349058e+01 -4.187510e+01 -2.400010e+01
      vertex   -2.319452e+01 -4.157904e+01 -2.000010e+01
    endloop
  endfacet
  facet normal 7.431337e-01 -6.691206e-01 -5.478022e-03
    outer loop
      vertex   -2.319452e+01 -4.157904e+01 -2.000010e+01
      vertex   -2.349058e+01 -4.187510e+01 -2.400010e+01
      vertex   -2.293103e+01 -4.125366e+01 -2.400010e+01
    endloop
  endfacet
  facet normal 8.090049e-01 -5.877764e-01 5.478022e-03
    outer loop
      vertex   -2.319452e+01 -4.157904e+01 -2.000010e+01
      vertex   -2.293103e+01 -4.125366e+01 -2.400010e+01
      vertex   -2.270300e+01 -4.090252e+01 -2.000010e+01
    endloop
  endfacet
  facet normal 8.660124e-01 -4.999925e-01 -5.478022e-03
    outer loop
      vertex   -2.270300e+01 -4.090252e+01 -2.000010e+01
      vertex   -2.293103e+01 -4.125366e+01 -2.400010e+01
      vertex   -2.251292e+01 -4.052947e+01 -2.400010e+01
    endloop
  endfacet
  facet normal 9.135318e-01 -4.067305e-01 5.478022e-03
    outer loop
      vertex   -2.270300e+01 -4.090252e+01 -2.000010e+01
      vertex   -2.251292e+01 -4.052947e+01 -2.400010e+01
      vertex   -2.236287e+01 -4.013859e+01 -2.000010e+01
    endloop
  endfacet
  facet normal 9.510422e-01 -3.090124e-01 -5.478022e-03
    outer loop
      vertex   -2.236287e+01 -4.013859e+01 -2.000010e+01
      vertex   -2.251292e+01 -4.052947e+01 -2.400010e+01
      vertex   -2.225451e+01 -3.973417e+01 -2.400010e+01
    endloop
  endfacet
  facet normal 9.781329e-01 -2.079086e-01 5.478022e-03
    outer loop
      vertex   -2.236287e+01 -4.013859e+01 -2.000010e+01
      vertex   -2.225451e+01 -3.973417e+01 -2.400010e+01
      vertex   -2.218901e+01 -3.932063e+01 -2.000010e+01
    endloop
  endfacet
  facet normal 9.945070e-01 -1.045269e-01 -5.478022e-03
    outer loop
      vertex   -2.218901e+01 -3.932063e+01 -2.000010e+01
      vertex   -2.225451e+01 -3.973417e+01 -2.400010e+01
      vertex   -2.216710e+01 -3.890252e+01 -2.400010e+01
    endloop
  endfacet
  facet normal 9.999850e-01 -0.000000e+00 5.478022e-03
    outer loop
      vertex   -2.218901e+01 -3.932063e+01 -2.000010e+01
      vertex   -2.216710e+01 -3.890252e+01 -2.400010e+01
      vertex   -2.218901e+01 -3.848441e+01 -2.000010e+01
    endloop
  endfacet
  facet normal 9.945070e-01 1.045269e-01 -5.478022e-03
    outer loop
      vertex   -2.218901e+01 -3.848441e+01 -2.000010e+01
      vertex   -2.216710e+01 -3.890252e+01 -2.400010e+01
      vertex   -2.225451e+01 -3.807087e+01 -2.400010e+01
    endloop
  endfacet
  facet normal 9.781329e-01 2.079086e-01 5.478022e-03
    outer loop
      vertex   -2.218901e+01 -3.848441e+01 -2.000010e+01
      vertex   -2.225451e+01 -3.807087e+01 -2.400010e+01
      vertex   -2.236287e+01 -3.766645e+01 -2.000010e+01
    endloop
  endfacet
  facet normal 9.510422e-01 3.090124e-01 -5.478022e-03
    outer loop
      vertex   -2.236287e+01 -3.766645e+01 -2.000010e+01
      vertex   -2.225451e+01 -3.807087e+01 -2.400010e+01
      vertex   -2.251292e+01 -3.727557e+01 -2.400010e+01
    endloop
  endfacet
  facet normal 9.135318e-01 4.067305e-01 5.478022e-03
    outer loop
      vertex   -2.236287e+01 -3.766645e+01 -2.000010e+01
      vertex   -2.251292e+01 -3.727557e+01 -2.400010e+01
      vertex   -2.270300e+01 -3.690252e+01 -2.000010e+01
    endloop
  endfacet
  facet normal 8.660124e-01 4.999925e-01 -5.478022e-03
    outer loop
      vertex   -2.270300e+01 -3.690252e+01 -2.000010e+01
      vertex   -2.251292e+01 -3.727557e+01 -2.400010e+01
      vertex   -2.293103e+01 -3.655138e+01 -2.400010e+01
    endloop
  endfacet
  facet normal 8.090049e-01 5.877764e-01 5.478022e-03
    outer loop
      vertex   -2.270300e+01 -3.690252e+01 -2.000010e+01
      vertex   -2.293103e+01 -3.655138e+01 -2.400010e+01
      vertex   -2.319452e+01 -3.622600e+01 -2.000010e+01
    endloop
  endfacet
  facet normal 7.431337e-01 6.691206e-01 -5.478022e-03
    outer loop
      vertex   -2.319452e+01 -3.622600e+01 -2.000010e+01
      vertex   -2.293103e+01 -3.655138e+01 -2.400010e+01
      vertex   -2.349058e+01 -3.592994e+01 -2.400010e+01
    endloop
  endfacet
  facet normal 6.691206e-01 7.431337e-01 5.478022e-03
    outer loop
      vertex   -2.319452e+01 -3.622600e+01 -2.000010e+01
      vertex   -2.349058e+01 -3.592994e+01 -2.400010e+01
      vertex   -2.381596e+01 -3.566645e+01 -2.000010e+01
    endloop
  endfacet
  facet normal 5.877764e-01 8.090049e-01 -5.478022e-03
    outer loop
      vertex   -2.381596e+01 -3.566645e+01 -2.000010e+01
      vertex   -2.349058e+01 -3.592994e+01 -2.400010e+01
      vertex   -2.416710e+01 -3.543842e+01 -2.400010e+01
    endloop
  endfacet
  facet normal 4.999925e-01 8.660124e-01 5.478022e-03
    outer loop
      vertex   -2.381596e+01 -3.566645e+01 -2.000010e+01
      vertex   -2.416710e+01 -3.543842e+01 -2.400010e+01
      vertex   -2.454015e+01 -3.524834e+01 -2.000010e+01
    endloop
  endfacet
  facet normal 4.067305e-01 9.135318e-01 -5.478022e-03
    outer loop
      vertex   -2.454015e+01 -3.524834e+01 -2.000010e+01
      vertex   -2.416710e+01 -3.543842e+01 -2.400010e+01
      vertex   -2.493103e+01 -3.509829e+01 -2.400010e+01
    endloop
  endfacet
  facet normal 3.090124e-01 9.510422e-01 5.478022e-03
    outer loop
      vertex   -2.454015e+01 -3.524834e+01 -2.000010e+01
      vertex   -2.493103e+01 -3.509829e+01 -2.400010e+01
      vertex   -2.533545e+01 -3.498993e+01 -2.000010e+01
    endloop
  endfacet
  facet normal 2.079086e-01 9.781329e-01 -5.478022e-03
    outer loop
      vertex   -2.533545e+01 -3.498993e+01 -2.000010e+01
      vertex   -2.493103e+01 -3.509829e+01 -2.400010e+01
      vertex   -2.574899e+01 -3.492443e+01 -2.400010e+01
    endloop
  endfacet
  facet normal -9.945219e-01 1.045285e-01 -2.208282e-16
    outer loop
      vertex   5.920310e+00 -3.807087e+01 -2.000010e+01
      vertex   5.920310e+00 -3.807087e+01 -2.400010e+01
      vertex   5.832900e+00 -3.890252e+01 -2.000010e+01
    endloop
  endfacet
  facet normal -9.945219e-01 1.045285e-01 0.000000e+00
    outer loop
      vertex   5.832900e+00 -3.890252e+01 -2.000010e+01
      vertex   5.920310e+00 -3.807087e+01 -2.400010e+01
      vertex   5.832900e+00 -3.890252e+01 -2.400010e+01
    endloop
  endfacet
  facet normal -9.945219e-01 -1.045285e-01 -0.000000e+00
    outer loop
      vertex   5.832900e+00 -3.890252e+01 -2.000010e+01
      vertex   5.832900e+00 -3.890252e+01 -2.400010e+01
      vertex   5.920310e+00 -3.973417e+01 -2.000010e+01
    endloop
  endfacet
  facet normal -9.945219e-01 -1.045285e-01 3.514837e-17
    outer loop
      vertex   5.920310e+00 -3.973417e+01 -2.000010e+01
      vertex   5.832900e+00 -3.890252e+01 -2.400010e+01
      vertex   5.920310e+00 -3.973417e+01 -2.400010e+01
    endloop
  endfacet
  facet normal -9.510565e-01 -3.090170e-01 -3.377475e-16
    outer loop
      vertex   5.920310e+00 -3.973417e+01 -2.000010e+01
      vertex   5.920310e+00 -3.973417e+01 -2.400010e+01
      vertex   6.178718e+00 -4.052947e+01 -2.000010e+01
    endloop
  endfacet
  facet normal -9.510565e-01 -3.090170e-01 2.111770e-16
    outer loop
      vertex   6.178718e+00 -4.052947e+01 -2.000010e+01
      vertex   5.920310e+00 -3.973417e+01 -2.400010e+01
      vertex   6.178718e+00 -4.052947e+01 -2.400010e+01
    endloop
  endfacet
  facet normal -8.660254e-01 -5.000000e-01 1.922963e-16
    outer loop
      vertex   6.178718e+00 -4.052947e+01 -2.000010e+01
      vertex   6.178718e+00 -4.052947e+01 -2.400010e+01
      vertex   6.596832e+00 -4.125366e+01 -2.000010e+01
    endloop
  endfacet
  facet normal -8.660254e-01 -5.000000e-01 -0.000000e+00
    outer loop
      vertex   6.596832e+00 -4.125366e+01 -2.000010e+01
      vertex   6.178718e+00 -4.052947e+01 -2.400010e+01
      vertex   6.596832e+00 -4.125366e+01 -2.400010e+01
    endloop
  endfacet
  facet normal -7.431448e-01 -6.691306e-01 -0.000000e+00
    outer loop
      vertex   6.596832e+00 -4.125366e+01 -2.000010e+01
      vertex   6.596832e+00 -4.125366e+01 -2.400010e+01
      vertex   7.156378e+00 -4.187510e+01 -2.000010e+01
    endloop
  endfacet
  facet normal -7.431448e-01 -6.691306e-01 3.300226e-16
    outer loop
      vertex   7.156378e+00 -4.187510e+01 -2.000010e+01
      vertex   6.596832e+00 -4.125366e+01 -2.400010e+01
      vertex   7.156378e+00 -4.187510e+01 -2.400010e+01
    endloop
  endfacet
  facet normal -5.877853e-01 -8.090170e-01 2.610291e-16
    outer loop
      vertex   7.156378e+00 -4.187510e+01 -2.000010e+01
      vertex   7.156378e+00 -4.187510e+01 -2.400010e+01
      vertex   7.832900e+00 -4.236662e+01 -2.000010e+01
    endloop
  endfacet
  facet normal -5.877853e-01 -8.090170e-01 5.220582e-16
    outer loop
      vertex   7.832900e+00 -4.236662e+01 -2.000010e+01
      vertex   7.156378e+00 -4.187510e+01 -2.400010e+01
      vertex   7.832900e+00 -4.236662e+01 -2.400010e+01
    endloop
  endfacet
  facet normal -4.067366e-01 -9.135455e-01 3.612547e-16
    outer loop
      vertex   7.832900e+00 -4.236662e+01 -2.000010e+01
      vertex   7.832900e+00 -4.236662e+01 -2.400010e+01
      vertex   8.596832e+00 -4.270675e+01 -2.000010e+01
    endloop
  endfacet
  facet normal -4.067366e-01 -9.135455e-01 1.806274e-16
    outer loop
      vertex   8.596832e+00 -4.270675e+01 -2.000010e+01
      vertex   7.832900e+00 -4.236662e+01 -2.400010e+01
      vertex   8.596832e+00 -4.270675e+01 -2.400010e+01
    endloop
  endfacet
  facet normal -2.079117e-01 -9.781476e-01 9.233134e-17
    outer loop
      vertex   8.596832e+00 -4.270675e+01 -2.000010e+01
      vertex   8.596832e+00 -4.270675e+01 -2.400010e+01
      vertex   9.414786e+00 -4.288061e+01 -2.000010e+01
    endloop
  endfacet
  facet normal -2.079117e-01 -9.781476e-01 1.846627e-16
    outer loop
      vertex   9.414786e+00 -4.288061e+01 -2.000010e+01
      vertex   8.596832e+00 -4.270675e+01 -2.400010e+01
      vertex   9.414786e+00 -4.288061e+01 -2.400010e+01
    endloop
  endfacet
  facet normal 0.000000e+00 -1.000000e+00 -0.000000e+00
    outer loop
      vertex   9.414786e+00 -4.288061e+01 -2.000010e+01
      vertex   9.414786e+00 -4.288061e+01 -2.400010e+01
      vertex   1.025101e+01 -4.288061e+01 -2.000010e+01
    endloop
  endfacet
  facet normal 0.000000e+00 -1.000000e+00 0.000000e+00
    outer loop
      vertex   1.025101e+01 -4.288061e+01 -2.000010e+01
      vertex   9.414786e+00 -4.288061e+01 -2.400010e+01
      vertex   1.025101e+01 -4.288061e+01 -2.400010e+01
    endloop
  endfacet
  facet normal 2.079117e-01 -9.781476e-01 -2.769940e-16
    outer loop
      vertex   1.025101e+01 -4.288061e+01 -2.000010e+01
      vertex   1.025101e+01 -4.288061e+01 -2.400010e+01
      vertex   1.106897e+01 -4.270675e+01 -2.000010e+01
    endloop
  endfacet
  facet normal 2.079117e-01 -9.781476e-01 0.000000e+00
    outer loop
      vertex   1.106897e+01 -4.270675e+01 -2.000010e+01
      vertex   1.025101e+01 -4.288061e+01 -2.400010e+01
      vertex   1.106897e+01 -4.270675e+01 -2.400010e+01
    endloop
  endfacet
  facet normal 4.067366e-01 -9.135455e-01 0.000000e+00
    outer loop
      vertex   1.106897e+01 -4.270675e+01 -2.000010e+01
      vertex   1.106897e+01 -4.270675e+01 -2.400010e+01
      vertex   1.183290e+01 -4.236662e+01 -2.000010e+01
    endloop
  endfacet
  facet normal 4.067366e-01 -9.135455e-01 -5.418821e-16
    outer loop
      vertex   1.183290e+01 -4.236662e+01 -2.000010e+01
      vertex   1.106897e+01 -4.270675e+01 -2.400010e+01
      vertex   1.183290e+01 -4.236662e+01 -2.400010e+01
    endloop
  endfacet
  facet normal 5.877853e-01 -8.090170e-01 -7.830873e-16
    outer loop
      vertex   1.183290e+01 -4.236662e+01 -2.000010e+01
      vertex   1.183290e+01 -4.236662e+01 -2.400010e+01
      vertex   1.250942e+01 -4.187510e+01 -2.000010e+01
    endloop
  endfacet
  facet normal 5.877853e-01 -8.090170e-01 -5.220582e-16
    outer loop
      vertex   1.250942e+01 -4.187510e+01 -2.000010e+01
      vertex   1.183290e+01 -4.236662e+01 -2.400010e+01
      vertex   1.250942e+01 -4.187510e+01 -2.400010e+01
    endloop
  endfacet
  facet normal 7.431448e-01 -6.691306e-01 -6.600452e-16
    outer loop
      vertex   1.250942e+01 -4.187510e+01 -2.000010e+01
      vertex   1.250942e+01 -4.187510e+01 -2.400010e+01
      vertex   1.306897e+01 -4.125366e+01 -2.000010e+01
    endloop
  endfacet
  facet normal 7.431448e-01 -6.691306e-01 0.000000e+00
    outer loop
      vertex   1.306897e+01 -4.125366e+01 -2.000010e+01
      vertex   1.250942e+01 -4.187510e+01 -2.400010e+01
      vertex   1.306897e+01 -4.125366e+01 -2.400010e+01
    endloop
  endfacet
  facet normal 8.660254e-01 -5.000000e-01 0.000000e+00
    outer loop
      vertex   1.306897e+01 -4.125366e+01 -2.000010e+01
      vertex   1.306897e+01 -4.125366e+01 -2.400010e+01
      vertex   1.348708e+01 -4.052947e+01 -2.000010e+01
    endloop
  endfacet
  facet normal 8.660254e-01 -5.000000e-01 0.000000e+00
    outer loop
      vertex   1.348708e+01 -4.052947e+01 -2.000010e+01
      vertex   1.306897e+01 -4.125366e+01 -2.400010e+01
      vertex   1.348708e+01 -4.052947e+01 -2.400010e+01
    endloop
  endfacet
  facet normal 9.510565e-01 -3.090170e-01 0.000000e+00
    outer loop
      vertex   1.348708e+01 -4.052947e+01 -2.000010e+01
      vertex   1.348708e+01 -4.052947e+01 -2.400010e+01
      vertex   1.374549e+01 -3.973417e+01 -2.000010e+01
    endloop
  endfacet
  facet normal 9.510565e-01 -3.090170e-01 5.489245e-16
    outer loop
      vertex   1.374549e+01 -3.973417e+01 -2.000010e+01
      vertex   1.348708e+01 -4.052947e+01 -2.400010e+01
      vertex   1.374549e+01 -3.973417e+01 -2.400010e+01
    endloop
  endfacet
  facet normal 9.945219e-01 -1.045285e-01 1.856799e-16
    outer loop
      vertex   1.374549e+01 -3.973417e+01 -2.000010e+01
      vertex   1.374549e+01 -3.973417e+01 -2.400010e+01
      vertex   1.383290e+01 -3.890252e+01 -2.000010e+01
    endloop
  endfacet
  facet normal 9.945219e-01 -1.045285e-01 0.000000e+00
    outer loop
      vertex   1.383290e+01 -3.890252e+01 -2.000010e+01
      vertex   1.374549e+01 -3.973417e+01 -2.400010e+01
      vertex   1.383290e+01 -3.890252e+01 -2.400010e+01
    endloop
  endfacet
  facet normal 9.945219e-01 1.045285e-01 0.000000e+00
    outer loop
      vertex   1.383290e+01 -3.890252e+01 -2.000010e+01
      vertex   1.383290e+01 -3.890252e+01 -2.400010e+01
      vertex   1.374549e+01 -3.807087e+01 -2.000010e+01
    endloop
  endfacet
  facet normal 9.945219e-01 1.045285e-01 -1.856799e-16
    outer loop
      vertex   1.374549e+01 -3.807087e+01 -2.000010e+01
      vertex   1.383290e+01 -3.890252e+01 -2.400010e+01
      vertex   1.374549e+01 -3.807087e+01 -2.400010e+01
    endloop
  endfacet
  facet normal 9.510565e-01 3.090170e-01 -5.489245e-16
    outer loop
      vertex   1.374549e+01 -3.807087e+01 -2.000010e+01
      vertex   1.374549e+01 -3.807087e+01 -2.400010e+01
      vertex   1.348708e+01 -3.727557e+01 -2.000010e+01
    endloop
  endfacet
  facet normal 9.510565e-01 3.090170e-01 0.000000e+00
    outer loop
      vertex   1.348708e+01 -3.727557e+01 -2.000010e+01
      vertex   1.374549e+01 -3.807087e+01 -2.400010e+01
      vertex   1.348708e+01 -3.727557e+01 -2.400010e+01
    endloop
  endfacet
  facet normal 8.660254e-01 5.000000e-01 0.000000e+00
    outer loop
      vertex   1.348708e+01 -3.727557e+01 -2.000010e+01
      vertex   1.348708e+01 -3.727557e+01 -2.400010e+01
      vertex   1.306897e+01 -3.655138e+01 -2.000010e+01
    endloop
  endfacet
  facet normal 8.660254e-01 5.000000e-01 0.000000e+00
    outer loop
      vertex   1.306897e+01 -3.655138e+01 -2.000010e+01
      vertex   1.348708e+01 -3.727557e+01 -2.400010e+01
      vertex   1.306897e+01 -3.655138e+01 -2.400010e+01
    endloop
  endfacet
  facet normal 7.431448e-01 6.691306e-01 0.000000e+00
    outer loop
      vertex   1.306897e+01 -3.655138e+01 -2.000010e+01
      vertex   1.306897e+01 -3.655138e+01 -2.400010e+01
      vertex   1.250942e+01 -3.592994e+01 -2.000010e+01
    endloop
  endfacet
  facet normal 7.431448e-01 6.691306e-01 0.000000e+00
    outer loop
      vertex   1.250942e+01 -3.592994e+01 -2.000010e+01
      vertex   1.306897e+01 -3.655138e+01 -2.400010e+01
      vertex   1.250942e+01 -3.592994e+01 -2.400010e+01
    endloop
  endfacet
  facet normal 5.877853e-01 8.090170e-01 0.000000e+00
    outer loop
      vertex   1.250942e+01 -3.592994e+01 -2.000010e+01
      vertex   1.250942e+01 -3.592994e+01 -2.400010e+01
      vertex   1.183290e+01 -3.543842e+01 -2.000010e+01
    endloop
  endfacet
  facet normal 5.877853e-01 8.090170e-01 5.220582e-16
    outer loop
      vertex   1.183290e+01 -3.543842e+01 -2.000010e+01
      vertex   1.250942e+01 -3.592994e+01 -2.400010e+01
      vertex   1.183290e+01 -3.543842e+01 -2.400010e+01
    endloop
  endfacet
  facet normal 4.067366e-01 9.135455e-01 3.612547e-16
    outer loop
      vertex   1.183290e+01 -3.543842e+01 -2.000010e+01
      vertex   1.183290e+01 -3.543842e+01 -2.400010e+01
      vertex   1.106897e+01 -3.509829e+01 -2.000010e+01
    endloop
  endfacet
  facet normal 4.067366e-01 9.135455e-01 0.000000e+00
    outer loop
      vertex   1.106897e+01 -3.509829e+01 -2.000010e+01
      vertex   1.183290e+01 -3.543842e+01 -2.400010e+01
      vertex   1.106897e+01 -3.509829e+01 -2.400010e+01
    endloop
  endfacet
  facet normal 2.079117e-01 9.781476e-01 0.000000e+00
    outer loop
      vertex   1.106897e+01 -3.509829e+01 -2.000010e+01
      vertex   1.106897e+01 -3.509829e+01 -2.400010e+01
      vertex   1.025101e+01 -3.492443e+01 -2.000010e+01
    endloop
  endfacet
  facet normal 2.079117e-01 9.781476e-01 0.000000e+00
    outer loop
      vertex   1.025101e+01 -3.492443e+01 -2.000010e+01
      vertex   1.106897e+01 -3.509829e+01 -2.400010e+01
      vertex   1.025101e+01 -3.492443e+01 -2.400010e+01
    endloop
  endfacet
  facet normal 0.000000e+00 1.000000e+00 0.000000e+00
    outer loop
      vertex   1.025101e+01 -3.492443e+01 -2.000010e+01
      vertex   1.025101e+01 -3.492443e+01 -2.400010e+01
      vertex   9.414786e+00 -3.492443e+01 -2.000010e+01
    endloop
  endfacet
  facet normal 0.000000e+00 1.000000e+00 0.000000e+00
    outer loop
      vertex   9.414786e+00 -3.492443e+01 -2.000010e+01
      vertex   1.025101e+01 -3.492443e+01 -2.400010e+01
      vertex   9.414786e+00 -3.492443e+01 -2.400010e+01
    endloop
  endfacet
  facet normal -2.079117e-01 9.781476e-01 0.000000e+00
    outer loop
      vertex   9.414786e+00 -3.492443e+01 -2.000010e+01
      vertex   9.414786e+00 -3.492443e+01 -2.400010e+01
      vertex   8.596832e+00 -3.509829e+01 -2.000010e+01
    endloop
  endfacet
  facet normal -2.079117e-01 9.781476e-01 0.000000e+00
    outer loop
      vertex   8.596832e+00 -3.509829e+01 -2.000010e+01
      vertex   9.414786e+00 -3.492443e+01 -2.400010e+01
      vertex   8.596832e+00 -3.509829e+01 -2.400010e+01
    endloop
  endfacet
  facet normal -4.067366e-01 9.135455e-01 0.000000e+00
    outer loop
      vertex   8.596832e+00 -3.509829e+01 -2.000010e+01
      vertex   8.596832e+00 -3.509829e+01 -2.400010e+01
      vertex   7.832900e+00 -3.543842e+01 -2.000010e+01
    endloop
  endfacet
  facet normal -4.067366e-01 9.135455e-01 -1.806274e-16
    outer loop
      vertex   7.832900e+00 -3.543842e+01 -2.000010e+01
      vertex   8.596832e+00 -3.509829e+01 -2.400010e+01
      vertex   7.832900e+00 -3.543842e+01 -2.400010e+01
    endloop
  endfacet
  facet normal -5.877853e-01 8.090170e-01 -2.610291e-16
    outer loop
      vertex   7.832900e+00 -3.543842e+01 -2.000010e+01
      vertex   7.832900e+00 -3.543842e+01 -2.400010e+01
      vertex   7.156378e+00 -3.592994e+01 -2.000010e+01
    endloop
  endfacet
  facet normal -5.877853e-01 8.090170e-01 -1.305145e-16
    outer loop
      vertex   7.156378e+00 -3.592994e+01 -2.000010e+01
      vertex   7.832900e+00 -3.543842e+01 -2.400010e+01
      vertex   7.156378e+00 -3.592994e+01 -2.400010e+01
    endloop
  endfacet
  facet normal -7.431448e-01 6.691306e-01 -1.650113e-16
    outer loop
      vertex   7.156378e+00 -3.592994e+01 -2.000010e+01
      vertex   7.156378e+00 -3.592994e+01 -2.400010e+01
      vertex   6.596832e+00 -3.655138e+01 -2.000010e+01
    endloop
  endfacet
  facet normal -7.431448e-01 6.691306e-01 0.000000e+00
    outer loop
      vertex   6.596832e+00 -3.655138e+01 -2.000010e+01
      vertex   7.156378e+00 -3.592994e+01 -2.400010e+01
      vertex   6.596832e+00 -3.655138e+01 -2.400010e+01
    endloop
  endfacet
  facet normal -8.660254e-01 5.000000e-01 0.000000e+00
    outer loop
      vertex   6.596832e+00 -3.655138e+01 -2.000010e+01
      vertex   6.596832e+00 -3.655138e+01 -2.400010e+01
      vertex   6.178718e+00 -3.727557e+01 -2.000010e+01
    endloop
  endfacet
  facet normal -8.660254e-01 5.000000e-01 0.000000e+00
    outer loop
      vertex   6.178718e+00 -3.727557e+01 -2.000010e+01
      vertex   6.596832e+00 -3.655138e+01 -2.400010e+01
      vertex   6.178718e+00 -3.727557e+01 -2.400010e+01
    endloop
  endfacet
  facet normal -9.510565e-01 3.090170e-01 0.000000e+00
    outer loop
      vertex   6.178718e+00 -3.727557e+01 -2.000010e+01
      vertex   6.178718e+00 -3.727557e+01 -2.400010e+01
      vertex   5.920310e+00 -3.807087e+01 -2.000010e+01
    endloop
  endfacet
  facet normal -9.510565e-01 3.090170e-01 -2.111770e-16
    outer loop
      vertex   5.920310e+00 -3.807087e+01 -2.000010e+01
      vertex   6.178718e+00 -3.727557e+01 -2.400010e+01
      vertex   5.920310e+00 -3.807087e+01 -2.400010e+01
    endloop
  endfacet
  facet normal 9.945219e-01 -1.045285e-01 9.283993e-17
    outer loop
      vertex   -2.225451e+01 1.626583e+01 -2.000010e+01
      vertex   -2.225451e+01 1.626583e+01 -2.400010e+01
      vertex   -2.216710e+01 1.709748e+01 -2.000010e+01
    endloop
  endfacet
  facet normal 9.945219e-01 -1.045285e-01 0.000000e+00
    outer loop
      vertex   -2.216710e+01 1.709748e+01 -2.000010e+01
      vertex   -2.225451e+01 1.626583e+01 -2.400010e+01
      vertex   -2.216710e+01 1.709748e+01 -2.400010e+01
    endloop
  endfacet
  facet normal 9.945219e-01 1.045285e-01 0.000000e+00
    outer loop
      vertex   -2.216710e+01 1.709748e+01 -2.000010e+01
      vertex   -2.216710e+01 1.709748e+01 -2.400010e+01
      vertex   -2.225451e+01 1.792913e+01 -2.000010e+01
    endloop
  endfacet
  facet normal 9.945219e-01 1.045285e-01 -9.283993e-17
    outer loop
      vertex   -2.225451e+01 1.792913e+01 -2.000010e+01
      vertex   -2.216710e+01 1.709748e+01 -2.400010e+01
      vertex   -2.225451e+01 1.792913e+01 -2.400010e+01
    endloop
  endfacet
  facet normal 9.510565e-01 3.090170e-01 -2.744622e-16
    outer loop
      vertex   -2.225451e+01 1.792913e+01 -2.000010e+01
      vertex   -2.225451e+01 1.792913e+01 -2.400010e+01
      vertex   -2.251292e+01 1.872443e+01 -2.000010e+01
    endloop
  endfacet
  facet normal 9.510565e-01 3.090170e-01 -2.744622e-16
    outer loop
      vertex   -2.251292e+01 1.872443e+01 -2.000010e+01
      vertex   -2.225451e+01 1.792913e+01 -2.400010e+01
      vertex   -2.251292e+01 1.872443e+01 -2.400010e+01
    endloop
  endfacet
  facet normal 8.660254e-01 5.000000e-01 -4.440892e-16
    outer loop
      vertex   -2.251292e+01 1.872443e+01 -2.000010e+01
      vertex   -2.251292e+01 1.872443e+01 -2.400010e+01
      vertex   -2.293103e+01 1.944862e+01 -2.000010e+01
    endloop
  endfacet
  facet normal 8.660254e-01 5.000000e-01 0.000000e+00
    outer loop
      vertex   -2.293103e+01 1.944862e+01 -2.000010e+01
      vertex   -2.251292e+01 1.872443e+01 -2.400010e+01
      vertex   -2.293103e+01 1.944862e+01 -2.400010e+01
    endloop
  endfacet
  facet normal 7.431448e-01 6.691306e-01 0.000000e+00
    outer loop
      vertex   -2.293103e+01 1.944862e+01 -2.000010e+01
      vertex   -2.293103e+01 1.944862e+01 -2.400010e+01
      vertex   -2.349058e+01 2.007006e+01 -2.000010e+01
    endloop
  endfacet
  facet normal 7.431448e-01 6.691306e-01 6.600452e-16
    outer loop
      vertex   -2.349058e+01 2.007006e+01 -2.000010e+01
      vertex   -2.293103e+01 1.944862e+01 -2.400010e+01
      vertex   -2.349058e+01 2.007006e+01 -2.400010e+01
    endloop
  endfacet
  facet normal 5.877853e-01 8.090170e-01 5.220582e-16
    outer loop
      vertex   -2.349058e+01 2.007006e+01 -2.000010e+01
      vertex   -2.349058e+01 2.007006e+01 -2.400010e+01
      vertex   -2.416710e+01 2.056158e+01 -2.000010e+01
    endloop
  endfacet
  facet normal 5.877853e-01 8.090170e-01 5.220582e-16
    outer loop
      vertex   -2.416710e+01 2.056158e+01 -2.000010e+01
      vertex   -2.349058e+01 2.007006e+01 -2.400010e+01
      vertex   -2.416710e+01 2.056158e+01 -2.400010e+01
    endloop
  endfacet
  facet normal 4.067366e-01 9.135455e-01 3.612547e-16
    outer loop
      vertex   -2.416710e+01 2.056158e+01 -2.000010e+01
      vertex   -2.416710e+01 2.056158e+01 -2.400010e+01
      vertex   -2.493103e+01 2.090171e+01 -2.000010e+01
    endloop
  endfacet
  facet normal 4.067366e-01 9.135455e-01 0.000000e+00
    outer loop
      vertex   -2.493103e+01 2.090171e+01 -2.000010e+01
      vertex   -2.416710e+01 2.056158e+01 -2.400010e+01
      vertex   -2.493103e+01 2.090171e+01 -2.400010e+01
    endloop
  endfacet
  facet normal 2.079117e-01 9.781476e-01 0.000000e+00
    outer loop
      vertex   -2.493103e+01 2.090171e+01 -2.000010e+01
      vertex   -2.493103e+01 2.090171e+01 -2.400010e+01
      vertex   -2.574899e+01 2.107557e+01 -2.000010e+01
    endloop
  endfacet
  facet normal 2.079117e-01 9.781476e-01 0.000000e+00
    outer loop
      vertex   -2.574899e+01 2.107557e+01 -2.000010e+01
      vertex   -2.493103e+01 2.090171e+01 -2.400010e+01
      vertex   -2.574899e+01 2.107557e+01 -2.400010e+01
    endloop
  endfacet
  facet normal 0.000000e+00 1.000000e+00 0.000000e+00
    outer loop
      vertex   -2.574899e+01 2.107557e+01 -2.000010e+01
      vertex   -2.574899e+01 2.107557e+01 -2.400010e+01
      vertex   -2.658521e+01 2.107557e+01 -2.000010e+01
    endloop
  endfacet
  facet normal 0.000000e+00 1.000000e+00 0.000000e+00
    outer loop
      vertex   -2.658521e+01 2.107557e+01 -2.000010e+01
      vertex   -2.574899e+01 2.107557e+01 -2.400010e+01
      vertex   -2.658521e+01 2.107557e+01 -2.400010e+01
    endloop
  endfacet
  facet normal -2.079117e-01 9.781476e-01 -1.846627e-16
    outer loop
      vertex   -2.658521e+01 2.107557e+01 -2.000010e+01
      vertex   -2.658521e+01 2.107557e+01 -2.400010e+01
      vertex   -2.740317e+01 2.090171e+01 -2.000010e+01
    endloop
  endfacet
  facet normal -2.079117e-01 9.781476e-01 0.000000e+00
    outer loop
      vertex   -2.740317e+01 2.090171e+01 -2.000010e+01
      vertex   -2.658521e+01 2.107557e+01 -2.400010e+01
      vertex   -2.740317e+01 2.090171e+01 -2.400010e+01
    endloop
  endfacet
  facet normal -4.067366e-01 9.135455e-01 0.000000e+00
    outer loop
      vertex   -2.740317e+01 2.090171e+01 -2.000010e+01
      vertex   -2.740317e+01 2.090171e+01 -2.400010e+01
      vertex   -2.816710e+01 2.056158e+01 -2.000010e+01
    endloop
  endfacet
  facet normal -4.067366e-01 9.135455e-01 -3.612547e-16
    outer loop
      vertex   -2.816710e+01 2.056158e+01 -2.000010e+01
      vertex   -2.740317e+01 2.090171e+01 -2.400010e+01
      vertex   -2.816710e+01 2.056158e+01 -2.400010e+01
    endloop
  endfacet
  facet normal -5.877853e-01 8.090170e-01 -5.220582e-16
    outer loop
      vertex   -2.816710e+01 2.056158e+01 -2.000010e+01
      vertex   -2.816710e+01 2.056158e+01 -2.400010e+01
      vertex   -2.884362e+01 2.007006e+01 -2.000010e+01
    endloop
  endfacet
  facet normal -5.877853e-01 8.090170e-01 -5.220582e-16
    outer loop
      vertex   -2.884362e+01 2.007006e+01 -2.000010e+01
      vertex   -2.816710e+01 2.056158e+01 -2.400010e+01
      vertex   -2.884362e+01 2.007006e+01 -2.400010e+01
    endloop
  endfacet
  facet normal -7.431448e-01 6.691306e-01 -6.600452e-16
    outer loop
      vertex   -2.884362e+01 2.007006e+01 -2.000010e+01
      vertex   -2.884362e+01 2.007006e+01 -2.400010e+01
      vertex   -2.940317e+01 1.944862e+01 -2.000010e+01
    endloop
  endfacet
  facet normal -7.431448e-01 6.691306e-01 0.000000e+00
    outer loop
      vertex   -2.940317e+01 1.944862e+01 -2.000010e+01
      vertex   -2.884362e+01 2.007006e+01 -2.400010e+01
      vertex   -2.940317e+01 1.944862e+01 -2.400010e+01
    endloop
  endfacet
  facet normal -8.660254e-01 5.000000e-01 0.000000e+00
    outer loop
      vertex   -2.940317e+01 1.944862e+01 -2.000010e+01
      vertex   -2.940317e+01 1.944862e+01 -2.400010e+01
      vertex   -2.982128e+01 1.872443e+01 -2.000010e+01
    endloop
  endfacet
  facet normal -8.660254e-01 5.000000e-01 4.440892e-16
    outer loop
      vertex   -2.982128e+01 1.872443e+01 -2.000010e+01
      vertex   -2.940317e+01 1.944862e+01 -2.400010e+01
      vertex   -2.982128e+01 1.872443e+01 -2.400010e+01
    endloop
  endfacet
  facet normal -9.510565e-01 3.090170e-01 2.744622e-16
    outer loop
      vertex   -2.982128e+01 1.872443e+01 -2.000010e+01
      vertex   -2.982128e+01 1.872443e+01 -2.400010e+01
      vertex   -3.007969e+01 1.792913e+01 -2.000010e+01
    endloop
  endfacet
  facet normal -9.510565e-01 3.090170e-01 2.744622e-16
    outer loop
      vertex   -3.007969e+01 1.792913e+01 -2.000010e+01
      vertex   -2.982128e+01 1.872443e+01 -2.400010e+01
      vertex   -3.007969e+01 1.792913e+01 -2.400010e+01
    endloop
  endfacet
  facet normal -9.945219e-01 1.045285e-01 9.283993e-17
    outer loop
      vertex   -3.007969e+01 1.792913e+01 -2.000010e+01
      vertex   -3.007969e+01 1.792913e+01 -2.400010e+01
      vertex   -3.016710e+01 1.709748e+01 -2.000010e+01
    endloop
  endfacet
  facet normal -9.945219e-01 1.045285e-01 0.000000e+00
    outer loop
      vertex   -3.016710e+01 1.709748e+01 -2.000010e+01
      vertex   -3.007969e+01 1.792913e+01 -2.400010e+01
      vertex   -3.016710e+01 1.709748e+01 -2.400010e+01
    endloop
  endfacet
  facet normal -9.945219e-01 -1.045285e-01 -0.000000e+00
    outer loop
      vertex   -3.016710e+01 1.709748e+01 -2.000010e+01
      vertex   -3.016710e+01 1.709748e+01 -2.400010e+01
      vertex   -3.007969e+01 1.626583e+01 -2.000010e+01
    endloop
  endfacet
  facet normal -9.945219e-01 -1.045285e-01 -9.283993e-17
    outer loop
      vertex   -3.007969e+01 1.626583e+01 -2.000010e+01
      vertex   -3.016710e+01 1.709748e+01 -2.400010e+01
      vertex   -3.007969e+01 1.626583e+01 -2.400010e+01
    endloop
  endfacet
  facet normal -9.510565e-01 -3.090170e-01 -2.744622e-16
    outer loop
      vertex   -3.007969e+01 1.626583e+01 -2.000010e+01
      vertex   -3.007969e+01 1.626583e+01 -2.400010e+01
      vertex   -2.982128e+01 1.547053e+01 -2.000010e+01
    endloop
  endfacet
  facet normal -9.510565e-01 -3.090170e-01 -1.372311e-16
    outer loop
      vertex   -2.982128e+01 1.547053e+01 -2.000010e+01
      vertex   -3.007969e+01 1.626583e+01 -2.400010e+01
      vertex   -2.982128e+01 1.547053e+01 -2.400010e+01
    endloop
  endfacet
  facet normal -8.660254e-01 -5.000000e-01 -2.220446e-16
    outer loop
      vertex   -2.982128e+01 1.547053e+01 -2.000010e+01
      vertex   -2.982128e+01 1.547053e+01 -2.400010e+01
      vertex   -2.940317e+01 1.474634e+01 -2.000010e+01
    endloop
  endfacet
  facet normal -8.660254e-01 -5.000000e-01 -0.000000e+00
    outer loop
      vertex   -2.940317e+01 1.474634e+01 -2.000010e+01
      vertex   -2.982128e+01 1.547053e+01 -2.400010e+01
      vertex   -2.940317e+01 1.474634e+01 -2.400010e+01
    endloop
  endfacet
  facet normal -7.431448e-01 -6.691306e-01 -0.000000e+00
    outer loop
      vertex   -2.940317e+01 1.474634e+01 -2.000010e+01
      vertex   -2.940317e+01 1.474634e+01 -2.400010e+01
      vertex   -2.884362e+01 1.412490e+01 -2.000010e+01
    endloop
  endfacet
  facet normal -7.431448e-01 -6.691306e-01 6.600452e-16
    outer loop
      vertex   -2.884362e+01 1.412490e+01 -2.000010e+01
      vertex   -2.940317e+01 1.474634e+01 -2.400010e+01
      vertex   -2.884362e+01 1.412490e+01 -2.400010e+01
    endloop
  endfacet
  facet normal -5.877853e-01 -8.090170e-01 5.220582e-16
    outer loop
      vertex   -2.884362e+01 1.412490e+01 -2.000010e+01
      vertex   -2.884362e+01 1.412490e+01 -2.400010e+01
      vertex   -2.816710e+01 1.363338e+01 -2.000010e+01
    endloop
  endfacet
  facet normal -5.877853e-01 -8.090170e-01 5.220582e-16
    outer loop
      vertex   -2.816710e+01 1.363338e+01 -2.000010e+01
      vertex   -2.884362e+01 1.412490e+01 -2.400010e+01
      vertex   -2.816710e+01 1.363338e+01 -2.400010e+01
    endloop
  endfacet
  facet normal -4.067366e-01 -9.135455e-01 3.612547e-16
    outer loop
      vertex   -2.816710e+01 1.363338e+01 -2.000010e+01
      vertex   -2.816710e+01 1.363338e+01 -2.400010e+01
      vertex   -2.740317e+01 1.329325e+01 -2.000010e+01
    endloop
  endfacet
  facet normal -4.067366e-01 -9.135455e-01 -0.000000e+00
    outer loop
      vertex   -2.740317e+01 1.329325e+01 -2.000010e+01
      vertex   -2.816710e+01 1.363338e+01 -2.400010e+01
      vertex   -2.740317e+01 1.329325e+01 -2.400010e+01
    endloop
  endfacet
  facet normal -2.079117e-01 -9.781476e-01 -0.000000e+00
    outer loop
      vertex   -2.740317e+01 1.329325e+01 -2.000010e+01
      vertex   -2.740317e+01 1.329325e+01 -2.400010e+01
      vertex   -2.658521e+01 1.311939e+01 -2.000010e+01
    endloop
  endfacet
  facet normal -2.079117e-01 -9.781476e-01 1.846627e-16
    outer loop
      vertex   -2.658521e+01 1.311939e+01 -2.000010e+01
      vertex   -2.740317e+01 1.329325e+01 -2.400010e+01
      vertex   -2.658521e+01 1.311939e+01 -2.400010e+01
    endloop
  endfacet
  facet normal 0.000000e+00 -1.000000e+00 -0.000000e+00
    outer loop
      vertex   -2.658521e+01 1.311939e+01 -2.000010e+01
      vertex   -2.658521e+01 1.311939e+01 -2.400010e+01
      vertex   -2.574899e+01 1.311939e+01 -2.000010e+01
    endloop
  endfacet
  facet normal 0.000000e+00 -1.000000e+00 -0.000000e+00
    outer loop
      vertex   -2.574899e+01 1.311939e+01 -2.000010e+01
      vertex   -2.658521e+01 1.311939e+01 -2.400010e+01
      vertex   -2.574899e+01 1.311939e+01 -2.400010e+01
    endloop
  endfacet
  facet normal 2.079117e-01 -9.781476e-01 0.000000e+00
    outer loop
      vertex   -2.574899e+01 1.311939e+01 -2.000010e+01
      vertex   -2.574899e+01 1.311939e+01 -2.400010e+01
      vertex   -2.493103e+01 1.329325e+01 -2.000010e+01
    endloop
  endfacet
  facet normal 2.079117e-01 -9.781476e-01 0.000000e+00
    outer loop
      vertex   -2.493103e+01 1.329325e+01 -2.000010e+01
      vertex   -2.574899e+01 1.311939e+01 -2.400010e+01
      vertex   -2.493103e+01 1.329325e+01 -2.400010e+01
    endloop
  endfacet
  facet normal 4.067366e-01 -9.135455e-01 0.000000e+00
    outer loop
      vertex   -2.493103e+01 1.329325e+01 -2.000010e+01
      vertex   -2.493103e+01 1.329325e+01 -2.400010e+01
      vertex   -2.416710e+01 1.363338e+01 -2.000010e+01
    endloop
  endfacet
  facet normal 4.067366e-01 -9.135455e-01 4.444097e-17
    outer loop
      vertex   -2.416710e+01 1.363338e+01 -2.000010e+01
      vertex   -2.493103e+01 1.329325e+01 -2.400010e+01
      vertex   -2.416710e+01 1.363338e+01 -2.400010e+01
    endloop
  endfacet
  facet normal 5.877853e-01 -8.090170e-01 -1.627825e-16
    outer loop
      vertex   -2.416710e+01 1.363338e+01 -2.000010e+01
      vertex   -2.416710e+01 1.363338e+01 -2.400010e+01
      vertex   -2.349058e+01 1.412490e+01 -2.000010e+01
    endloop
  endfacet
  facet normal 5.877853e-01 -8.090170e-01 -5.220582e-16
    outer loop
      vertex   -2.349058e+01 1.412490e+01 -2.000010e+01
      vertex   -2.416710e+01 1.363338e+01 -2.400010e+01
      vertex   -2.349058e+01 1.412490e+01 -2.400010e+01
    endloop
  endfacet
  facet normal 7.431448e-01 -6.691306e-01 -6.600452e-16
    outer loop
      vertex   -2.349058e+01 1.412490e+01 -2.000010e+01
      vertex   -2.349058e+01 1.412490e+01 -2.400010e+01
      vertex   -2.293103e+01 1.474634e+01 -2.000010e+01
    endloop
  endfacet
  facet normal 7.431448e-01 -6.691306e-01 0.000000e+00
    outer loop
      vertex   -2.293103e+01 1.474634e+01 -2.000010e+01
      vertex   -2.349058e+01 1.412490e+01 -2.400010e+01
      vertex   -2.293103e+01 1.474634e+01 -2.400010e+01
    endloop
  endfacet
  facet normal 8.660254e-01 -5.000000e-01 0.000000e+00
    outer loop
      vertex   -2.293103e+01 1.474634e+01 -2.000010e+01
      vertex   -2.293103e+01 1.474634e+01 -2.400010e+01
      vertex   -2.251292e+01 1.547053e+01 -2.000010e+01
    endloop
  endfacet
  facet normal 8.660254e-01 -5.000000e-01 2.220446e-16
    outer loop
      vertex   -2.251292e+01 1.547053e+01 -2.000010e+01
      vertex   -2.293103e+01 1.474634e+01 -2.400010e+01
      vertex   -2.251292e+01 1.547053e+01 -2.400010e+01
    endloop
  endfacet
  facet normal 9.510565e-01 -3.090170e-01 1.372311e-16
    outer loop
      vertex   -2.251292e+01 1.547053e+01 -2.000010e+01
      vertex   -2.251292e+01 1.547053e+01 -2.400010e+01
      vertex   -2.225451e+01 1.626583e+01 -2.000010e+01
    endloop
  endfacet
  facet normal 9.510565e-01 -3.090170e-01 2.744622e-16
    outer loop
      vertex   -2.225451e+01 1.626583e+01 -2.000010e+01
      vertex   -2.251292e+01 1.547053e+01 -2.400010e+01
      vertex   -2.225451e+01 1.626583e+01 -2.400010e+01
    endloop
  endfacet
  facet normal -9.978854e-01 6.499721e-02 0.000000e+00
    outer loop
      vertex   -5.600180e+01 3.394979e+01 -2.575015e+01
      vertex   -5.600180e+01 3.394979e+01 9.999000e-01
      vertex   -5.592246e+01 3.516782e+01 -2.575015e+01
    endloop
  endfacet
  facet normal -9.978854e-01 6.499721e-02 -5.301226e-16
    outer loop
      vertex   -5.592246e+01 3.516782e+01 -2.575015e+01
      vertex   -5.600180e+01 3.394979e+01 9.999000e-01
      vertex   -5.592246e+01 3.516782e+01 9.999000e-01
    endloop
  endfacet
  facet normal -9.469470e-01 3.213898e-01 0.000000e+00
    outer loop
      vertex   -5.529128e+01 3.752106e+01 9.999000e-01
      vertex   -5.529128e+01 3.752106e+01 -2.575015e+01
      vertex   -5.568329e+01 3.636602e+01 9.999000e-01
    endloop
  endfacet
  facet normal -9.469470e-01 3.213898e-01 -5.030617e-16
    outer loop
      vertex   -5.568329e+01 3.636602e+01 9.999000e-01
      vertex   -5.529128e+01 3.752106e+01 -2.575015e+01
      vertex   -5.568329e+01 3.636602e+01 -2.575015e+01
    endloop
  endfacet
  facet normal -9.806544e-01 1.957470e-01 -5.209687e-16
    outer loop
      vertex   -5.568329e+01 3.636602e+01 9.999000e-01
      vertex   -5.568329e+01 3.636602e+01 -2.575015e+01
      vertex   -5.592246e+01 3.516782e+01 9.999000e-01
    endloop
  endfacet
  facet normal -9.806544e-01 1.957470e-01 -5.209687e-16
    outer loop
      vertex   -5.592246e+01 3.516782e+01 9.999000e-01
      vertex   -5.568329e+01 3.636602e+01 -2.575015e+01
      vertex   -5.592246e+01 3.516782e+01 -2.575015e+01
    endloop
  endfacet
  facet normal -9.974644e-01 7.116716e-02 0.000000e+00
    outer loop
      vertex   -5.394374e+01 3.499632e+01 4.500000e+00
      vertex   -5.394374e+01 3.499632e+01 9.999000e-01
      vertex   -5.401841e+01 3.394979e+01 4.500000e+00
    endloop
  endfacet
  facet normal -9.974644e-01 7.116716e-02 0.000000e+00
    outer loop
      vertex   -5.401841e+01 3.394979e+01 4.500000e+00
      vertex   -5.394374e+01 3.499632e+01 9.999000e-01
      vertex   -5.401841e+01 3.394979e+01 9.999000e-01
    endloop
  endfacet
  facet normal -9.771459e-01 2.125698e-01 0.000000e+00
    outer loop
      vertex   -5.372090e+01 3.602068e+01 4.500000e+00
      vertex   -5.372090e+01 3.602068e+01 9.999000e-01
      vertex   -5.394374e+01 3.499632e+01 4.500000e+00
    endloop
  endfacet
  facet normal -9.771459e-01 2.125698e-01 0.000000e+00
    outer loop
      vertex   -5.394374e+01 3.499632e+01 4.500000e+00
      vertex   -5.372090e+01 3.602068e+01 9.999000e-01
      vertex   -5.394374e+01 3.499632e+01 9.999000e-01
    endloop
  endfacet
  facet normal -9.369680e-01 3.494151e-01 0.000000e+00
    outer loop
      vertex   -5.372090e+01 3.602068e+01 9.999000e-01
      vertex   -5.372090e+01 3.602068e+01 4.500000e+00
      vertex   -5.335456e+01 3.700304e+01 9.999000e-01
    endloop
  endfacet
  facet normal -9.369680e-01 3.494151e-01 0.000000e+00
    outer loop
      vertex   -5.335456e+01 3.700304e+01 9.999000e-01
      vertex   -5.372090e+01 3.602068e+01 4.500000e+00
      vertex   -5.335456e+01 3.700304e+01 4.500000e+00
    endloop
  endfacet
  facet normal -8.775974e-01 4.793984e-01 0.000000e+00
    outer loop
      vertex   -5.335456e+01 3.700304e+01 9.999000e-01
      vertex   -5.335456e+01 3.700304e+01 4.500000e+00
      vertex   -5.285171e+01 3.792357e+01 9.999000e-01
    endloop
  endfacet
  facet normal -8.775974e-01 4.793984e-01 0.000000e+00
    outer loop
      vertex   -5.285171e+01 3.792357e+01 9.999000e-01
      vertex   -5.335456e+01 3.700304e+01 4.500000e+00
      vertex   -5.285171e+01 3.792357e+01 4.500000e+00
    endloop
  endfacet
  facet normal -8.005351e-01 5.992859e-01 0.000000e+00
    outer loop
      vertex   -5.222286e+01 3.876359e+01 4.500000e+00
      vertex   -5.222286e+01 3.876359e+01 9.999000e-01
      vertex   -5.285171e+01 3.792357e+01 4.500000e+00
    endloop
  endfacet
  facet normal -8.005351e-01 5.992859e-01 0.000000e+00
    outer loop
      vertex   -5.285171e+01 3.792357e+01 4.500000e+00
      vertex   -5.222286e+01 3.876359e+01 9.999000e-01
      vertex   -5.285171e+01 3.792357e+01 9.999000e-01
    endloop
  endfacet
  facet normal 9.961913e-01 -8.719431e-02 -4.347724e-17
    outer loop
      vertex   -5.226836e+01 3.394979e+01 4.500000e+00
      vertex   -5.226836e+01 3.394979e+01 -2.400010e+01
      vertex   -5.218319e+01 3.492282e+01 4.500000e+00
    endloop
  endfacet
  facet normal 9.961913e-01 -8.719431e-02 0.000000e+00
    outer loop
      vertex   -5.218319e+01 3.492282e+01 4.500000e+00
      vertex   -5.226836e+01 3.394979e+01 -2.400010e+01
      vertex   -5.218319e+01 3.492282e+01 -2.400010e+01
    endloop
  endfacet
  facet normal 9.660760e-01 -2.582579e-01 0.000000e+00
    outer loop
      vertex   -5.218319e+01 3.492282e+01 4.500000e+00
      vertex   -5.218319e+01 3.492282e+01 -2.400010e+01
      vertex   -5.193119e+01 3.586551e+01 4.500000e+00
    endloop
  endfacet
  facet normal 9.660760e-01 -2.582579e-01 0.000000e+00
    outer loop
      vertex   -5.193119e+01 3.586551e+01 4.500000e+00
      vertex   -5.218319e+01 3.492282e+01 -2.400010e+01
      vertex   -5.193119e+01 3.586551e+01 -2.400010e+01
    endloop
  endfacet
  facet normal 9.060616e-01 -4.231458e-01 -1.054955e-16
    outer loop
      vertex   -5.151817e+01 3.674987e+01 -2.400010e+01
      vertex   -5.151817e+01 3.674987e+01 4.500000e+00
      vertex   -5.193119e+01 3.586551e+01 -2.400010e+01
    endloop
  endfacet
  facet normal 9.060616e-01 -4.231458e-01 0.000000e+00
    outer loop
      vertex   -5.193119e+01 3.586551e+01 -2.400010e+01
      vertex   -5.151817e+01 3.674987e+01 4.500000e+00
      vertex   -5.193119e+01 3.586551e+01 4.500000e+00
    endloop
  endfacet
  facet normal 1.000000e+00 -0.000000e+00 0.000000e+00
    outer loop
      vertex   -5.226836e+01 1.819934e+01 4.500000e+00
      vertex   -5.226836e+01 1.819934e+01 -2.400010e+01
      vertex   -5.226836e+01 3.394979e+01 4.500000e+00
    endloop
  endfacet
  facet normal 1.000000e+00 0.000000e+00 0.000000e+00
    outer loop
      vertex   -5.226836e+01 3.394979e+01 4.500000e+00
      vertex   -5.226836e+01 1.819934e+01 -2.400010e+01
      vertex   -5.226836e+01 3.394979e+01 -2.400010e+01
    endloop
  endfacet
  facet normal 8.189481e-01 -5.738675e-01 -1.430723e-16
    outer loop
      vertex   -5.151817e+01 3.674987e+01 4.500000e+00
      vertex   -5.151817e+01 3.674987e+01 -2.400010e+01
      vertex   -5.095815e+01 3.754906e+01 4.500000e+00
    endloop
  endfacet
  facet normal 8.189481e-01 -5.738675e-01 2.861445e-16
    outer loop
      vertex   -5.095815e+01 3.754906e+01 4.500000e+00
      vertex   -5.151817e+01 3.674987e+01 -2.400010e+01
      vertex   -5.095815e+01 3.754906e+01 -2.400010e+01
    endloop
  endfacet
  facet normal 7.071068e-01 -7.071068e-01 1.762905e-16
    outer loop
      vertex   -5.026747e+01 3.823974e+01 -2.400010e+01
      vertex   -5.026747e+01 3.823974e+01 4.500000e+00
      vertex   -5.095815e+01 3.754906e+01 -2.400010e+01
    endloop
  endfacet
  facet normal 7.071068e-01 -7.071068e-01 3.525809e-16
    outer loop
      vertex   -5.095815e+01 3.754906e+01 -2.400010e+01
      vertex   -5.026747e+01 3.823974e+01 4.500000e+00
      vertex   -5.095815e+01 3.754906e+01 4.500000e+00
    endloop
  endfacet
  facet normal -5.553631e-01 8.316080e-01 0.000000e+00
    outer loop
      vertex   -5.133500e+01 4.203269e+01 9.999000e-01
      vertex   -5.133500e+01 4.203269e+01 -2.575015e+01
      vertex   -5.235003e+01 4.135484e+01 9.999000e-01
    endloop
  endfacet
  facet normal -5.553631e-01 8.316080e-01 0.000000e+00
    outer loop
      vertex   -5.235003e+01 4.135484e+01 9.999000e-01
      vertex   -5.133500e+01 4.203269e+01 -2.575015e+01
      vertex   -5.235003e+01 4.135484e+01 -2.575015e+01
    endloop
  endfacet
  facet normal -6.592464e-01 7.519270e-01 0.000000e+00
    outer loop
      vertex   -5.235003e+01 4.135484e+01 9.999000e-01
      vertex   -5.235003e+01 4.135484e+01 -2.575015e+01
      vertex   -5.326822e+01 4.054981e+01 9.999000e-01
    endloop
  endfacet
  facet normal -6.592464e-01 7.519270e-01 -3.502219e-16
    outer loop
      vertex   -5.326822e+01 4.054981e+01 9.999000e-01
      vertex   -5.235003e+01 4.135484e+01 -2.575015e+01
      vertex   -5.326822e+01 4.054981e+01 -2.575015e+01
    endloop
  endfacet
  facet normal -7.519270e-01 6.592464e-01 -3.994581e-16
    outer loop
      vertex   -5.326822e+01 4.054981e+01 9.999000e-01
      vertex   -5.326822e+01 4.054981e+01 -2.575015e+01
      vertex   -5.407325e+01 3.963162e+01 9.999000e-01
    endloop
  endfacet
  facet normal -7.519270e-01 6.592464e-01 0.000000e+00
    outer loop
      vertex   -5.407325e+01 3.963162e+01 9.999000e-01
      vertex   -5.326822e+01 4.054981e+01 -2.575015e+01
      vertex   -5.407325e+01 3.963162e+01 -2.575015e+01
    endloop
  endfacet
  facet normal -8.316080e-01 5.553631e-01 0.000000e+00
    outer loop
      vertex   -5.407325e+01 3.963162e+01 9.999000e-01
      vertex   -5.407325e+01 3.963162e+01 -2.575015e+01
      vertex   -5.475110e+01 3.861659e+01 9.999000e-01
    endloop
  endfacet
  facet normal -8.316080e-01 5.553631e-01 0.000000e+00
    outer loop
      vertex   -5.475110e+01 3.861659e+01 9.999000e-01
      vertex   -5.407325e+01 3.963162e+01 -2.575015e+01
      vertex   -5.475110e+01 3.861659e+01 -2.575015e+01
    endloop
  endfacet
  facet normal -8.968976e-01 4.422382e-01 0.000000e+00
    outer loop
      vertex   -5.475110e+01 3.861659e+01 9.999000e-01
      vertex   -5.475110e+01 3.861659e+01 -2.575015e+01
      vertex   -5.529128e+01 3.752106e+01 9.999000e-01
    endloop
  endfacet
  facet normal -8.968976e-01 4.422382e-01 0.000000e+00
    outer loop
      vertex   -5.529128e+01 3.752106e+01 9.999000e-01
      vertex   -5.475110e+01 3.861659e+01 -2.575015e+01
      vertex   -5.529128e+01 3.752106e+01 -2.575015e+01
    endloop
  endfacet
  facet normal -7.071068e-01 7.071068e-01 0.000000e+00
    outer loop
      vertex   -5.222286e+01 3.876359e+01 9.999000e-01
      vertex   -5.222286e+01 3.876359e+01 4.500000e+00
      vertex   -5.148200e+01 3.950445e+01 9.999000e-01
    endloop
  endfacet
  facet normal -7.071068e-01 7.071068e-01 0.000000e+00
    outer loop
      vertex   -5.148200e+01 3.950445e+01 9.999000e-01
      vertex   -5.222286e+01 3.876359e+01 4.500000e+00
      vertex   -5.148200e+01 3.950445e+01 4.500000e+00
    endloop
  endfacet
  facet normal -5.992859e-01 8.005351e-01 0.000000e+00
    outer loop
      vertex   -5.064198e+01 4.013330e+01 4.500000e+00
      vertex   -5.064198e+01 4.013330e+01 9.999000e-01
      vertex   -5.148200e+01 3.950445e+01 4.500000e+00
    endloop
  endfacet
  facet normal -5.992859e-01 8.005351e-01 0.000000e+00
    outer loop
      vertex   -5.148200e+01 3.950445e+01 4.500000e+00
      vertex   -5.064198e+01 4.013330e+01 9.999000e-01
      vertex   -5.148200e+01 3.950445e+01 9.999000e-01
    endloop
  endfacet
  facet normal -4.793984e-01 8.775974e-01 0.000000e+00
    outer loop
      vertex   -4.972145e+01 4.063615e+01 4.500000e+00
      vertex   -4.972145e+01 4.063615e+01 9.999000e-01
      vertex   -5.064198e+01 4.013330e+01 4.500000e+00
    endloop
  endfacet
  facet normal -4.793984e-01 8.775974e-01 0.000000e+00
    outer loop
      vertex   -5.064198e+01 4.013330e+01 4.500000e+00
      vertex   -4.972145e+01 4.063615e+01 9.999000e-01
      vertex   -5.064198e+01 4.013330e+01 9.999000e-01
    endloop
  endfacet
  facet normal 0.000000e+00 -1.000000e+00 0.000000e+00
    outer loop
      vertex   -4.491815e+01 3.954995e+01 -2.400010e+01
      vertex   -4.491815e+01 3.954995e+01 4.500000e+00
      vertex   -4.666820e+01 3.954995e+01 -2.400010e+01
    endloop
  endfacet
  facet normal 0.000000e+00 -1.000000e+00 0.000000e+00
    outer loop
      vertex   -4.666820e+01 3.954995e+01 -2.400010e+01
      vertex   -4.491815e+01 3.954995e+01 4.500000e+00
      vertex   -4.666820e+01 3.954995e+01 4.500000e+00
    endloop
  endfacet
  facet normal 8.719431e-02 -9.961913e-01 0.000000e+00
    outer loop
      vertex   -4.764123e+01 3.946478e+01 4.500000e+00
      vertex   -4.764123e+01 3.946478e+01 -2.400010e+01
      vertex   -4.666820e+01 3.954995e+01 4.500000e+00
    endloop
  endfacet
  facet normal 8.719431e-02 -9.961913e-01 0.000000e+00
    outer loop
      vertex   -4.666820e+01 3.954995e+01 4.500000e+00
      vertex   -4.764123e+01 3.946478e+01 -2.400010e+01
      vertex   -4.666820e+01 3.954995e+01 -2.400010e+01
    endloop
  endfacet
  facet normal -7.116716e-02 9.974644e-01 0.000000e+00
    outer loop
      vertex   -4.771473e+01 4.122533e+01 9.999000e-01
      vertex   -4.771473e+01 4.122533e+01 4.500000e+00
      vertex   -4.666820e+01 4.130000e+01 9.999000e-01
    endloop
  endfacet
  facet normal -7.116716e-02 9.974644e-01 0.000000e+00
    outer loop
      vertex   -4.666820e+01 4.130000e+01 9.999000e-01
      vertex   -4.771473e+01 4.122533e+01 4.500000e+00
      vertex   -4.666820e+01 4.130000e+01 4.500000e+00
    endloop
  endfacet
  facet normal -1.957470e-01 9.806544e-01 0.000000e+00
    outer loop
      vertex   -4.788623e+01 4.320405e+01 9.999000e-01
      vertex   -4.788623e+01 4.320405e+01 -2.575015e+01
      vertex   -4.908443e+01 4.296488e+01 9.999000e-01
    endloop
  endfacet
  facet normal -1.957470e-01 9.806544e-01 0.000000e+00
    outer loop
      vertex   -4.908443e+01 4.296488e+01 9.999000e-01
      vertex   -4.788623e+01 4.320405e+01 -2.575015e+01
      vertex   -4.908443e+01 4.296488e+01 -2.575015e+01
    endloop
  endfacet
  facet normal -3.213898e-01 9.469470e-01 0.000000e+00
    outer loop
      vertex   -4.908443e+01 4.296488e+01 9.999000e-01
      vertex   -4.908443e+01 4.296488e+01 -2.575015e+01
      vertex   -5.023947e+01 4.257287e+01 9.999000e-01
    endloop
  endfacet
  facet normal -3.213898e-01 9.469470e-01 -8.536850e-17
    outer loop
      vertex   -5.023947e+01 4.257287e+01 9.999000e-01
      vertex   -4.908443e+01 4.296488e+01 -2.575015e+01
      vertex   -5.023947e+01 4.257287e+01 -2.575015e+01
    endloop
  endfacet
  facet normal -4.422382e-01 8.968976e-01 -1.174686e-16
    outer loop
      vertex   -5.023947e+01 4.257287e+01 9.999000e-01
      vertex   -5.023947e+01 4.257287e+01 -2.575015e+01
      vertex   -5.133500e+01 4.203269e+01 9.999000e-01
    endloop
  endfacet
  facet normal -4.422382e-01 8.968976e-01 0.000000e+00
    outer loop
      vertex   -5.133500e+01 4.203269e+01 9.999000e-01
      vertex   -5.023947e+01 4.257287e+01 -2.575015e+01
      vertex   -5.133500e+01 4.203269e+01 -2.575015e+01
    endloop
  endfacet
  facet normal -3.494151e-01 9.369680e-01 0.000000e+00
    outer loop
      vertex   -4.873909e+01 4.100249e+01 4.500000e+00
      vertex   -4.873909e+01 4.100249e+01 9.999000e-01
      vertex   -4.972145e+01 4.063615e+01 4.500000e+00
    endloop
  endfacet
  facet normal -3.494151e-01 9.369680e-01 0.000000e+00
    outer loop
      vertex   -4.972145e+01 4.063615e+01 4.500000e+00
      vertex   -4.873909e+01 4.100249e+01 9.999000e-01
      vertex   -4.972145e+01 4.063615e+01 9.999000e-01
    endloop
  endfacet
  facet normal -2.125698e-01 9.771459e-01 0.000000e+00
    outer loop
      vertex   -4.873909e+01 4.100249e+01 9.999000e-01
      vertex   -4.873909e+01 4.100249e+01 4.500000e+00
      vertex   -4.771473e+01 4.122533e+01 9.999000e-01
    endloop
  endfacet
  facet normal -2.125698e-01 9.771459e-01 0.000000e+00
    outer loop
      vertex   -4.771473e+01 4.122533e+01 9.999000e-01
      vertex   -4.873909e+01 4.100249e+01 4.500000e+00
      vertex   -4.771473e+01 4.122533e+01 4.500000e+00
    endloop
  endfacet
  facet normal 5.738675e-01 -8.189481e-01 4.083478e-16
    outer loop
      vertex   -4.946828e+01 3.879976e+01 -2.400010e+01
      vertex   -4.946828e+01 3.879976e+01 4.500000e+00
      vertex   -5.026747e+01 3.823974e+01 -2.400010e+01
    endloop
  endfacet
  facet normal 5.738675e-01 -8.189481e-01 2.041739e-16
    outer loop
      vertex   -5.026747e+01 3.823974e+01 -2.400010e+01
      vertex   -4.946828e+01 3.879976e+01 4.500000e+00
      vertex   -5.026747e+01 3.823974e+01 4.500000e+00
    endloop
  endfacet
  facet normal 4.231458e-01 -9.060616e-01 4.517847e-16
    outer loop
      vertex   -4.946828e+01 3.879976e+01 4.500000e+00
      vertex   -4.946828e+01 3.879976e+01 -2.400010e+01
      vertex   -4.858392e+01 3.921278e+01 4.500000e+00
    endloop
  endfacet
  facet normal 4.231458e-01 -9.060616e-01 0.000000e+00
    outer loop
      vertex   -4.858392e+01 3.921278e+01 4.500000e+00
      vertex   -4.946828e+01 3.879976e+01 -2.400010e+01
      vertex   -4.858392e+01 3.921278e+01 -2.400010e+01
    endloop
  endfacet
  facet normal 2.582579e-01 -9.660760e-01 0.000000e+00
    outer loop
      vertex   -4.858392e+01 3.921278e+01 4.500000e+00
      vertex   -4.858392e+01 3.921278e+01 -2.400010e+01
      vertex   -4.764123e+01 3.946478e+01 4.500000e+00
    endloop
  endfacet
  facet normal 2.582579e-01 -9.660760e-01 0.000000e+00
    outer loop
      vertex   -4.764123e+01 3.946478e+01 4.500000e+00
      vertex   -4.858392e+01 3.921278e+01 -2.400010e+01
      vertex   -4.764123e+01 3.946478e+01 -2.400010e+01
    endloop
  endfacet
  facet normal -6.499721e-02 9.978854e-01 0.000000e+00
    outer loop
      vertex   -4.788623e+01 4.320405e+01 -2.575015e+01
      vertex   -4.788623e+01 4.320405e+01 9.999000e-01
      vertex   -4.666820e+01 4.328339e+01 -2.575015e+01
    endloop
  endfacet
  facet normal -6.499721e-02 9.978854e-01 1.726475e-17
    outer loop
      vertex   -4.666820e+01 4.328339e+01 -2.575015e+01
      vertex   -4.788623e+01 4.320405e+01 9.999000e-01
      vertex   -4.666820e+01 4.328339e+01 9.999000e-01
    endloop
  endfacet
  facet normal -7.071068e-01 -7.071068e-01 -0.000000e+00
    outer loop
      vertex   -4.491815e+01 3.954995e+01 4.500000e+00
      vertex   -4.491815e+01 3.954995e+01 -2.400010e+01
      vertex   -4.316810e+01 3.779990e+01 4.500000e+00
    endloop
  endfacet
  facet normal -7.071068e-01 -7.071068e-01 -0.000000e+00
    outer loop
      vertex   -4.316810e+01 3.779990e+01 4.500000e+00
      vertex   -4.491815e+01 3.954995e+01 -2.400010e+01
      vertex   -4.316810e+01 3.779990e+01 -2.400010e+01
    endloop
  endfacet
  facet normal 0.000000e+00 1.000000e+00 0.000000e+00
    outer loop
      vertex   -4.316810e+01 4.130000e+01 4.500000e+00
      vertex   -4.316810e+01 4.130000e+01 9.999000e-01
      vertex   -4.666820e+01 4.130000e+01 4.500000e+00
    endloop
  endfacet
  facet normal 0.000000e+00 1.000000e+00 0.000000e+00
    outer loop
      vertex   -4.666820e+01 4.130000e+01 4.500000e+00
      vertex   -4.316810e+01 4.130000e+01 9.999000e-01
      vertex   -4.666820e+01 4.130000e+01 9.999000e-01
    endloop
  endfacet
  facet normal 7.071068e-01 7.071068e-01 -0.000000e+00
    outer loop
      vertex   -4.316810e+01 4.130000e+01 9.999000e-01
      vertex   -4.316810e+01 4.130000e+01 4.500000e+00
      vertex   -4.141805e+01 3.954995e+01 2.749950e+00
    endloop
  endfacet
  facet normal 0.000000e+00 -1.000000e+00 0.000000e+00
    outer loop
      vertex   -4.316810e+01 3.779990e+01 4.500000e+00
      vertex   -4.316810e+01 3.779990e+01 -2.400010e+01
      vertex   -2.333420e+01 3.779990e+01 4.500000e+00
    endloop
  endfacet
  facet normal 0.000000e+00 -1.000000e+00 -0.000000e+00
    outer loop
      vertex   -2.333420e+01 3.779990e+01 4.500000e+00
      vertex   -4.316810e+01 3.779990e+01 -2.400010e+01
      vertex   -2.333420e+01 3.779990e+01 -2.400010e+01
    endloop
  endfacet
  facet normal -0.000000e+00 7.071068e-01 7.071068e-01
    outer loop
      vertex   -4.141805e+01 3.954995e+01 2.749950e+00
      vertex   -2.508425e+01 3.954995e+01 2.749950e+00
      vertex   -4.316810e+01 4.130000e+01 9.999000e-01
    endloop
  endfacet
  facet normal -0.000000e+00 7.071068e-01 7.071068e-01
    outer loop
      vertex   -4.316810e+01 4.130000e+01 9.999000e-01
      vertex   -2.508425e+01 3.954995e+01 2.749950e+00
      vertex   -2.333420e+01 4.130000e+01 9.999000e-01
    endloop
  endfacet
  facet normal 0.000000e+00 7.071068e-01 -7.071068e-01
    outer loop
      vertex   -2.508425e+01 3.954995e+01 2.749950e+00
      vertex   -4.141805e+01 3.954995e+01 2.749950e+00
      vertex   -2.333420e+01 4.130000e+01 4.500000e+00
    endloop
  endfacet
  facet normal 0.000000e+00 7.071068e-01 -7.071068e-01
    outer loop
      vertex   -2.333420e+01 4.130000e+01 4.500000e+00
      vertex   -4.141805e+01 3.954995e+01 2.749950e+00
      vertex   -4.316810e+01 4.130000e+01 4.500000e+00
    endloop
  endfacet
  facet normal 7.071068e-01 -7.071068e-01 0.000000e+00
    outer loop
      vertex   -2.158415e+01 3.954995e+01 -2.400010e+01
      vertex   -2.158415e+01 3.954995e+01 4.500000e+00
      vertex   -2.333420e+01 3.779990e+01 -2.400010e+01
    endloop
  endfacet
  facet normal 7.071068e-01 -7.071068e-01 0.000000e+00
    outer loop
      vertex   -2.333420e+01 3.779990e+01 -2.400010e+01
      vertex   -2.158415e+01 3.954995e+01 4.500000e+00
      vertex   -2.333420e+01 3.779990e+01 4.500000e+00
    endloop
  endfacet
  facet normal 0.000000e+00 -1.000000e+00 0.000000e+00
    outer loop
      vertex   5.249950e+00 3.954995e+01 -2.400010e+01
      vertex   5.249950e+00 3.954995e+01 4.500000e+00
      vertex   -2.158415e+01 3.954995e+01 -2.400010e+01
    endloop
  endfacet
  facet normal 0.000000e+00 -1.000000e+00 0.000000e+00
    outer loop
      vertex   -2.158415e+01 3.954995e+01 -2.400010e+01
      vertex   5.249950e+00 3.954995e+01 4.500000e+00
      vertex   -2.158415e+01 3.954995e+01 4.500000e+00
    endloop
  endfacet
  facet normal 0.000000e+00 1.000000e+00 0.000000e+00
    outer loop
      vertex   -2.333420e+01 4.130000e+01 9.999000e-01
      vertex   -2.333420e+01 4.130000e+01 4.500000e+00
      vertex   7.000000e+00 4.130000e+01 9.999000e-01
    endloop
  endfacet
  facet normal 0.000000e+00 1.000000e+00 -0.000000e+00
    outer loop
      vertex   7.000000e+00 4.130000e+01 9.999000e-01
      vertex   -2.333420e+01 4.130000e+01 4.500000e+00
      vertex   7.000000e+00 4.130000e+01 4.500000e+00
    endloop
  endfacet
  facet normal -7.071068e-01 7.071068e-01 0.000000e+00
    outer loop
      vertex   -2.508425e+01 3.954995e+01 2.749950e+00
      vertex   -2.333420e+01 4.130000e+01 4.500000e+00
      vertex   -2.333420e+01 4.130000e+01 9.999000e-01
    endloop
  endfacet
  facet normal 7.071068e-01 -7.071068e-01 0.000000e+00
    outer loop
      vertex   -5.051831e+01 -2.555191e+01 -2.400010e+01
      vertex   -5.051831e+01 -2.555191e+01 4.500000e+00
      vertex   -5.226836e+01 -2.730196e+01 -2.400010e+01
    endloop
  endfacet
  facet normal 7.071068e-01 -7.071068e-01 0.000000e+00
    outer loop
      vertex   -5.226836e+01 -2.730196e+01 -2.400010e+01
      vertex   -5.051831e+01 -2.555191e+01 4.500000e+00
      vertex   -5.226836e+01 -2.730196e+01 4.500000e+00
    endloop
  endfacet
  facet normal 1.000000e+00 -0.000000e+00 0.000000e+00
    outer loop
      vertex   -5.226836e+01 -4.305241e+01 4.500000e+00
      vertex   -5.226836e+01 -4.305241e+01 -2.400010e+01
      vertex   -5.226836e+01 -2.730196e+01 4.500000e+00
    endloop
  endfacet
  facet normal 1.000000e+00 0.000000e+00 0.000000e+00
    outer loop
      vertex   -5.226836e+01 -2.730196e+01 4.500000e+00
      vertex   -5.226836e+01 -4.305241e+01 -2.400010e+01
      vertex   -5.226836e+01 -2.730196e+01 -2.400010e+01
    endloop
  endfacet
  facet normal -1.000000e+00 0.000000e+00 0.000000e+00
    outer loop
      vertex   3.499900e+00 -5.040262e+01 9.999000e-01
      vertex   3.499900e+00 -5.040262e+01 4.500000e+00
      vertex   3.499900e+00 -4.865257e+01 9.999000e-01
    endloop
  endfacet
  facet normal -1.000000e+00 0.000000e+00 0.000000e+00
    outer loop
      vertex   3.499900e+00 -4.865257e+01 9.999000e-01
      vertex   3.499900e+00 -5.040262e+01 4.500000e+00
      vertex   3.499900e+00 -4.865257e+01 4.500000e+00
    endloop
  endfacet
  facet normal -1.000000e+00 0.000000e+00 0.000000e+00
    outer loop
      vertex   -5.401841e+01 -4.305241e+01 9.999000e-01
      vertex   -5.401841e+01 -4.305241e+01 4.500000e+00
      vertex   -5.401841e+01 -2.555191e+01 9.999000e-01
    endloop
  endfacet
  facet normal -1.000000e+00 0.000000e+00 0.000000e+00
    outer loop
      vertex   -5.401841e+01 -2.555191e+01 9.999000e-01
      vertex   -5.401841e+01 -4.305241e+01 4.500000e+00
      vertex   -5.401841e+01 -2.555191e+01 4.500000e+00
    endloop
  endfacet
  facet normal -7.071068e-01 7.071068e-01 0.000000e+00
    outer loop
      vertex   -5.401841e+01 -2.555191e+01 9.999000e-01
      vertex   -5.401841e+01 -2.555191e+01 4.500000e+00
      vertex   -5.226836e+01 -2.380186e+01 2.749950e+00
    endloop
  endfacet
  facet normal -7.071068e-01 7.071068e-01 0.000000e+00
    outer loop
      vertex   7.000000e+00 -4.690252e+01 4.500000e+00
      vertex   7.000000e+00 -4.690252e+01 -2.400010e+01
      vertex   5.249950e+00 -4.865257e+01 4.500000e+00
    endloop
  endfacet
  facet normal -7.071068e-01 7.071068e-01 0.000000e+00
    outer loop
      vertex   5.249950e+00 -4.865257e+01 4.500000e+00
      vertex   7.000000e+00 -4.690252e+01 -2.400010e+01
      vertex   5.249950e+00 -4.865257e+01 -2.400010e+01
    endloop
  endfacet
  facet normal 0.000000e+00 1.000000e+00 0.000000e+00
    outer loop
      vertex   -4.666820e+01 4.328339e+01 -2.575015e+01
      vertex   -4.666820e+01 4.328339e+01 9.999000e-01
      vertex   3.033400e+01 4.328339e+01 -2.575015e+01
    endloop
  endfacet
  facet normal 0.000000e+00 1.000000e+00 -0.000000e+00
    outer loop
      vertex   3.033400e+01 4.328339e+01 -2.575015e+01
      vertex   -4.666820e+01 4.328339e+01 9.999000e-01
      vertex   3.033400e+01 4.328339e+01 9.999000e-01
    endloop
  endfacet
  facet normal 1.000000e+00 -0.000000e+00 0.000000e+00
    outer loop
      vertex   3.966760e+01 -4.305241e+01 9.999000e-01
      vertex   3.966760e+01 -4.305241e+01 -2.575015e+01
      vertex   3.966760e+01 3.394979e+01 9.999000e-01
    endloop
  endfacet
  facet normal 1.000000e+00 0.000000e+00 0.000000e+00
    outer loop
      vertex   3.966760e+01 3.394979e+01 9.999000e-01
      vertex   3.966760e+01 -4.305241e+01 -2.575015e+01
      vertex   3.966760e+01 3.394979e+01 -2.575015e+01
    endloop
  endfacet
  facet normal 9.771459e-01 2.125698e-01 0.000000e+00
    outer loop
      vertex   3.760954e+01 3.499632e+01 4.500000e+00
      vertex   3.760954e+01 3.499632e+01 9.999000e-01
      vertex   3.738670e+01 3.602068e+01 4.500000e+00
    endloop
  endfacet
  facet normal 9.771459e-01 2.125698e-01 0.000000e+00
    outer loop
      vertex   3.738670e+01 3.602068e+01 4.500000e+00
      vertex   3.760954e+01 3.499632e+01 9.999000e-01
      vertex   3.738670e+01 3.602068e+01 9.999000e-01
    endloop
  endfacet
  facet normal 9.974644e-01 7.116716e-02 -0.000000e+00
    outer loop
      vertex   3.760954e+01 3.499632e+01 9.999000e-01
      vertex   3.760954e+01 3.499632e+01 4.500000e+00
      vertex   3.768421e+01 3.394979e+01 9.999000e-01
    endloop
  endfacet
  facet normal 9.974644e-01 7.116716e-02 -0.000000e+00
    outer loop
      vertex   3.768421e+01 3.394979e+01 9.999000e-01
      vertex   3.760954e+01 3.499632e+01 4.500000e+00
      vertex   3.768421e+01 3.394979e+01 4.500000e+00
    endloop
  endfacet
  facet normal 1.000000e+00 0.000000e+00 -0.000000e+00
    outer loop
      vertex   3.768421e+01 3.394979e+01 9.999000e-01
      vertex   3.768421e+01 3.394979e+01 4.500000e+00
      vertex   3.768421e+01 1.644929e+01 9.999000e-01
    endloop
  endfacet
  facet normal 1.000000e+00 0.000000e+00 0.000000e+00
    outer loop
      vertex   3.768421e+01 1.644929e+01 9.999000e-01
      vertex   3.768421e+01 3.394979e+01 4.500000e+00
      vertex   3.768421e+01 1.644929e+01 4.500000e+00
    endloop
  endfacet
  facet normal 9.806544e-01 1.957470e-01 0.000000e+00
    outer loop
      vertex   3.958826e+01 3.516782e+01 9.999000e-01
      vertex   3.958826e+01 3.516782e+01 -2.575015e+01
      vertex   3.934909e+01 3.636602e+01 9.999000e-01
    endloop
  endfacet
  facet normal 9.806544e-01 1.957470e-01 0.000000e+00
    outer loop
      vertex   3.934909e+01 3.636602e+01 9.999000e-01
      vertex   3.958826e+01 3.516782e+01 -2.575015e+01
      vertex   3.934909e+01 3.636602e+01 -2.575015e+01
    endloop
  endfacet
  facet normal 9.469470e-01 3.213898e-01 0.000000e+00
    outer loop
      vertex   3.934909e+01 3.636602e+01 9.999000e-01
      vertex   3.934909e+01 3.636602e+01 -2.575015e+01
      vertex   3.895708e+01 3.752106e+01 9.999000e-01
    endloop
  endfacet
  facet normal 9.469470e-01 3.213898e-01 0.000000e+00
    outer loop
      vertex   3.895708e+01 3.752106e+01 9.999000e-01
      vertex   3.934909e+01 3.636602e+01 -2.575015e+01
      vertex   3.895708e+01 3.752106e+01 -2.575015e+01
    endloop
  endfacet
  facet normal 8.968976e-01 4.422382e-01 0.000000e+00
    outer loop
      vertex   3.895708e+01 3.752106e+01 9.999000e-01
      vertex   3.895708e+01 3.752106e+01 -2.575015e+01
      vertex   3.841690e+01 3.861659e+01 9.999000e-01
    endloop
  endfacet
  facet normal 8.968976e-01 4.422382e-01 0.000000e+00
    outer loop
      vertex   3.841690e+01 3.861659e+01 9.999000e-01
      vertex   3.895708e+01 3.752106e+01 -2.575015e+01
      vertex   3.841690e+01 3.861659e+01 -2.575015e+01
    endloop
  endfacet
  facet normal 0.000000e+00 -1.000000e+00 0.000000e+00
    outer loop
      vertex   3.499900e+00 -5.040262e+01 4.500000e+00
      vertex   3.499900e+00 -5.040262e+01 9.999000e-01
      vertex   7.000000e+00 -5.040262e+01 4.500000e+00
    endloop
  endfacet
  facet normal 0.000000e+00 -1.000000e+00 -0.000000e+00
    outer loop
      vertex   7.000000e+00 -5.040262e+01 4.500000e+00
      vertex   3.499900e+00 -5.040262e+01 9.999000e-01
      vertex   7.000000e+00 -5.040262e+01 9.999000e-01
    endloop
  endfacet
  facet normal 7.071068e-01 -7.071068e-01 0.000000e+00
    outer loop
      vertex   8.750050e+00 -4.865257e+01 2.749950e+00
      vertex   7.000000e+00 -5.040262e+01 4.500000e+00
      vertex   7.000000e+00 -5.040262e+01 9.999000e-01
    endloop
  endfacet
  facet normal 0.000000e+00 -7.071068e-01 7.071068e-01
    outer loop
      vertex   7.000000e+00 -5.040262e+01 9.999000e-01
      vertex   2.683390e+01 -5.040262e+01 9.999000e-01
      vertex   8.750050e+00 -4.865257e+01 2.749950e+00
    endloop
  endfacet
  facet normal 0.000000e+00 -7.071068e-01 7.071068e-01
    outer loop
      vertex   8.750050e+00 -4.865257e+01 2.749950e+00
      vertex   2.683390e+01 -5.040262e+01 9.999000e-01
      vertex   2.508385e+01 -4.865257e+01 2.749950e+00
    endloop
  endfacet
  facet normal 0.000000e+00 -7.071068e-01 -7.071068e-01
    outer loop
      vertex   8.750050e+00 -4.865257e+01 2.749950e+00
      vertex   2.508385e+01 -4.865257e+01 2.749950e+00
      vertex   7.000000e+00 -5.040262e+01 4.500000e+00
    endloop
  endfacet
  facet normal 0.000000e+00 -7.071068e-01 -7.071068e-01
    outer loop
      vertex   7.000000e+00 -5.040262e+01 4.500000e+00
      vertex   2.508385e+01 -4.865257e+01 2.749950e+00
      vertex   2.683390e+01 -5.040262e+01 4.500000e+00
    endloop
  endfacet
  facet normal 0.000000e+00 1.000000e+00 0.000000e+00
    outer loop
      vertex   2.683390e+01 -4.690252e+01 4.500000e+00
      vertex   2.683390e+01 -4.690252e+01 -2.400010e+01
      vertex   7.000000e+00 -4.690252e+01 4.500000e+00
    endloop
  endfacet
  facet normal 0.000000e+00 1.000000e+00 0.000000e+00
    outer loop
      vertex   7.000000e+00 -4.690252e+01 4.500000e+00
      vertex   2.683390e+01 -4.690252e+01 -2.400010e+01
      vertex   7.000000e+00 -4.690252e+01 -2.400010e+01
    endloop
  endfacet
  facet normal 7.071068e-01 7.071068e-01 0.000000e+00
    outer loop
      vertex   2.858395e+01 -4.865257e+01 4.500000e+00
      vertex   2.858395e+01 -4.865257e+01 -2.400010e+01
      vertex   2.683390e+01 -4.690252e+01 4.500000e+00
    endloop
  endfacet
  facet normal 7.071068e-01 7.071068e-01 0.000000e+00
    outer loop
      vertex   2.683390e+01 -4.690252e+01 4.500000e+00
      vertex   2.858395e+01 -4.865257e+01 -2.400010e+01
      vertex   2.683390e+01 -4.690252e+01 -2.400010e+01
    endloop
  endfacet
  facet normal -7.071068e-01 -7.071068e-01 0.000000e+00
    outer loop
      vertex   2.683390e+01 -5.040262e+01 9.999000e-01
      vertex   2.683390e+01 -5.040262e+01 4.500000e+00
      vertex   2.508385e+01 -4.865257e+01 2.749950e+00
    endloop
  endfacet
  facet normal 6.499721e-02 -9.978854e-01 5.301226e-16
    outer loop
      vertex   3.033400e+01 -5.238601e+01 9.999000e-01
      vertex   3.033400e+01 -5.238601e+01 -2.575015e+01
      vertex   3.155203e+01 -5.230667e+01 9.999000e-01
    endloop
  endfacet
  facet normal 6.499721e-02 -9.978854e-01 0.000000e+00
    outer loop
      vertex   3.155203e+01 -5.230667e+01 9.999000e-01
      vertex   3.033400e+01 -5.238601e+01 -2.575015e+01
      vertex   3.155203e+01 -5.230667e+01 -2.575015e+01
    endloop
  endfacet
  facet normal 1.957470e-01 -9.806544e-01 0.000000e+00
    outer loop
      vertex   3.155203e+01 -5.230667e+01 9.999000e-01
      vertex   3.155203e+01 -5.230667e+01 -2.575015e+01
      vertex   3.275023e+01 -5.206750e+01 9.999000e-01
    endloop
  endfacet
  facet normal 1.957470e-01 -9.806544e-01 0.000000e+00
    outer loop
      vertex   3.275023e+01 -5.206750e+01 9.999000e-01
      vertex   3.155203e+01 -5.230667e+01 -2.575015e+01
      vertex   3.275023e+01 -5.206750e+01 -2.575015e+01
    endloop
  endfacet
  facet normal 3.213898e-01 -9.469470e-01 0.000000e+00
    outer loop
      vertex   3.275023e+01 -5.206750e+01 9.999000e-01
      vertex   3.275023e+01 -5.206750e+01 -2.575015e+01
      vertex   3.390527e+01 -5.167549e+01 9.999000e-01
    endloop
  endfacet
  facet normal 3.213898e-01 -9.469470e-01 -2.515309e-16
    outer loop
      vertex   3.390527e+01 -5.167549e+01 9.999000e-01
      vertex   3.275023e+01 -5.206750e+01 -2.575015e+01
      vertex   3.390527e+01 -5.167549e+01 -2.575015e+01
    endloop
  endfacet
  facet normal 2.125698e-01 -9.771459e-01 0.000000e+00
    outer loop
      vertex   3.138053e+01 -5.032795e+01 4.500000e+00
      vertex   3.138053e+01 -5.032795e+01 9.999000e-01
      vertex   3.240489e+01 -5.010511e+01 4.500000e+00
    endloop
  endfacet
  facet normal 2.125698e-01 -9.771459e-01 0.000000e+00
    outer loop
      vertex   3.240489e+01 -5.010511e+01 4.500000e+00
      vertex   3.138053e+01 -5.032795e+01 9.999000e-01
      vertex   3.240489e+01 -5.010511e+01 9.999000e-01
    endloop
  endfacet
  facet normal 7.116716e-02 -9.974644e-01 0.000000e+00
    outer loop
      vertex   3.138053e+01 -5.032795e+01 9.999000e-01
      vertex   3.138053e+01 -5.032795e+01 4.500000e+00
      vertex   3.033400e+01 -5.040262e+01 9.999000e-01
    endloop
  endfacet
  facet normal 7.116716e-02 -9.974644e-01 0.000000e+00
    outer loop
      vertex   3.033400e+01 -5.040262e+01 9.999000e-01
      vertex   3.138053e+01 -5.032795e+01 4.500000e+00
      vertex   3.033400e+01 -5.040262e+01 4.500000e+00
    endloop
  endfacet
  facet normal -4.231458e-01 9.060616e-01 0.000000e+00
    outer loop
      vertex   3.313408e+01 -4.790238e+01 4.500000e+00
      vertex   3.313408e+01 -4.790238e+01 -2.400010e+01
      vertex   3.224972e+01 -4.831540e+01 4.500000e+00
    endloop
  endfacet
  facet normal -4.231458e-01 9.060616e-01 0.000000e+00
    outer loop
      vertex   3.224972e+01 -4.831540e+01 4.500000e+00
      vertex   3.313408e+01 -4.790238e+01 -2.400010e+01
      vertex   3.224972e+01 -4.831540e+01 -2.400010e+01
    endloop
  endfacet
  facet normal -2.582579e-01 9.660760e-01 0.000000e+00
    outer loop
      vertex   3.224972e+01 -4.831540e+01 4.500000e+00
      vertex   3.224972e+01 -4.831540e+01 -2.400010e+01
      vertex   3.130703e+01 -4.856740e+01 4.500000e+00
    endloop
  endfacet
  facet normal -2.582579e-01 9.660760e-01 0.000000e+00
    outer loop
      vertex   3.130703e+01 -4.856740e+01 4.500000e+00
      vertex   3.224972e+01 -4.831540e+01 -2.400010e+01
      vertex   3.130703e+01 -4.856740e+01 -2.400010e+01
    endloop
  endfacet
  facet normal -8.719431e-02 9.961913e-01 0.000000e+00
    outer loop
      vertex   3.130703e+01 -4.856740e+01 4.500000e+00
      vertex   3.130703e+01 -4.856740e+01 -2.400010e+01
      vertex   3.033400e+01 -4.865257e+01 4.500000e+00
    endloop
  endfacet
  facet normal -8.719431e-02 9.961913e-01 0.000000e+00
    outer loop
      vertex   3.033400e+01 -4.865257e+01 4.500000e+00
      vertex   3.130703e+01 -4.856740e+01 -2.400010e+01
      vertex   3.033400e+01 -4.865257e+01 -2.400010e+01
    endloop
  endfacet
  facet normal 4.793984e-01 -8.775974e-01 0.000000e+00
    outer loop
      vertex   3.338725e+01 -4.973877e+01 4.500000e+00
      vertex   3.338725e+01 -4.973877e+01 9.999000e-01
      vertex   3.430778e+01 -4.923592e+01 4.500000e+00
    endloop
  endfacet
  facet normal 4.793984e-01 -8.775974e-01 0.000000e+00
    outer loop
      vertex   3.430778e+01 -4.923592e+01 4.500000e+00
      vertex   3.338725e+01 -4.973877e+01 9.999000e-01
      vertex   3.430778e+01 -4.923592e+01 9.999000e-01
    endloop
  endfacet
  facet normal 3.494151e-01 -9.369680e-01 0.000000e+00
    outer loop
      vertex   3.338725e+01 -4.973877e+01 9.999000e-01
      vertex   3.338725e+01 -4.973877e+01 4.500000e+00
      vertex   3.240489e+01 -5.010511e+01 9.999000e-01
    endloop
  endfacet
  facet normal 3.494151e-01 -9.369680e-01 0.000000e+00
    outer loop
      vertex   3.240489e+01 -5.010511e+01 9.999000e-01
      vertex   3.338725e+01 -4.973877e+01 4.500000e+00
      vertex   3.240489e+01 -5.010511e+01 4.500000e+00
    endloop
  endfacet
  facet normal 5.992859e-01 -8.005351e-01 0.000000e+00
    outer loop
      vertex   3.514780e+01 -4.860707e+01 9.999000e-01
      vertex   3.514780e+01 -4.860707e+01 4.500000e+00
      vertex   3.430778e+01 -4.923592e+01 9.999000e-01
    endloop
  endfacet
  facet normal 5.992859e-01 -8.005351e-01 0.000000e+00
    outer loop
      vertex   3.430778e+01 -4.923592e+01 9.999000e-01
      vertex   3.514780e+01 -4.860707e+01 4.500000e+00
      vertex   3.430778e+01 -4.923592e+01 4.500000e+00
    endloop
  endfacet
  facet normal 0.000000e+00 1.000000e+00 0.000000e+00
    outer loop
      vertex   2.858395e+01 -4.865257e+01 -2.400010e+01
      vertex   2.858395e+01 -4.865257e+01 4.500000e+00
      vertex   3.033400e+01 -4.865257e+01 -2.400010e+01
    endloop
  endfacet
  facet normal 0.000000e+00 1.000000e+00 -0.000000e+00
    outer loop
      vertex   3.033400e+01 -4.865257e+01 -2.400010e+01
      vertex   2.858395e+01 -4.865257e+01 4.500000e+00
      vertex   3.033400e+01 -4.865257e+01 4.500000e+00
    endloop
  endfacet
  facet normal -5.738675e-01 8.189481e-01 0.000000e+00
    outer loop
      vertex   3.393327e+01 -4.734236e+01 4.500000e+00
      vertex   3.393327e+01 -4.734236e+01 -2.400010e+01
      vertex   3.313408e+01 -4.790238e+01 4.500000e+00
    endloop
  endfacet
  facet normal -5.738675e-01 8.189481e-01 0.000000e+00
    outer loop
      vertex   3.313408e+01 -4.790238e+01 4.500000e+00
      vertex   3.393327e+01 -4.734236e+01 -2.400010e+01
      vertex   3.313408e+01 -4.790238e+01 -2.400010e+01
    endloop
  endfacet
  facet normal 0.000000e+00 -1.000000e+00 0.000000e+00
    outer loop
      vertex   3.033400e+01 -5.040262e+01 9.999000e-01
      vertex   3.033400e+01 -5.040262e+01 4.500000e+00
      vertex   2.683390e+01 -5.040262e+01 9.999000e-01
    endloop
  endfacet
  facet normal 0.000000e+00 -1.000000e+00 0.000000e+00
    outer loop
      vertex   2.683390e+01 -5.040262e+01 9.999000e-01
      vertex   3.033400e+01 -5.040262e+01 4.500000e+00
      vertex   2.683390e+01 -5.040262e+01 4.500000e+00
    endloop
  endfacet
  facet normal 4.422382e-01 -8.968976e-01 -2.382366e-16
    outer loop
      vertex   3.500080e+01 -5.113531e+01 -2.575015e+01
      vertex   3.500080e+01 -5.113531e+01 9.999000e-01
      vertex   3.390527e+01 -5.167549e+01 -2.575015e+01
    endloop
  endfacet
  facet normal 4.422382e-01 -8.968976e-01 -2.382366e-16
    outer loop
      vertex   3.390527e+01 -5.167549e+01 -2.575015e+01
      vertex   3.500080e+01 -5.113531e+01 9.999000e-01
      vertex   3.390527e+01 -5.167549e+01 9.999000e-01
    endloop
  endfacet
  facet normal 5.553631e-01 -8.316080e-01 -2.208942e-16
    outer loop
      vertex   3.500080e+01 -5.113531e+01 9.999000e-01
      vertex   3.500080e+01 -5.113531e+01 -2.575015e+01
      vertex   3.601583e+01 -5.045745e+01 9.999000e-01
    endloop
  endfacet
  facet normal 5.553631e-01 -8.316080e-01 0.000000e+00
    outer loop
      vertex   3.601583e+01 -5.045745e+01 9.999000e-01
      vertex   3.500080e+01 -5.113531e+01 -2.575015e+01
      vertex   3.601583e+01 -5.045745e+01 -2.575015e+01
    endloop
  endfacet
  facet normal 6.592464e-01 -7.519270e-01 0.000000e+00
    outer loop
      vertex   3.601583e+01 -5.045745e+01 9.999000e-01
      vertex   3.601583e+01 -5.045745e+01 -2.575015e+01
      vertex   3.693402e+01 -4.965243e+01 9.999000e-01
    endloop
  endfacet
  facet normal 6.592464e-01 -7.519270e-01 0.000000e+00
    outer loop
      vertex   3.693402e+01 -4.965243e+01 9.999000e-01
      vertex   3.601583e+01 -5.045745e+01 -2.575015e+01
      vertex   3.693402e+01 -4.965243e+01 -2.575015e+01
    endloop
  endfacet
  facet normal 7.519270e-01 -6.592464e-01 0.000000e+00
    outer loop
      vertex   3.693402e+01 -4.965243e+01 9.999000e-01
      vertex   3.693402e+01 -4.965243e+01 -2.575015e+01
      vertex   3.773905e+01 -4.873424e+01 9.999000e-01
    endloop
  endfacet
  facet normal 7.519270e-01 -6.592464e-01 -1.751110e-16
    outer loop
      vertex   3.773905e+01 -4.873424e+01 9.999000e-01
      vertex   3.693402e+01 -4.965243e+01 -2.575015e+01
      vertex   3.773905e+01 -4.873424e+01 -2.575015e+01
    endloop
  endfacet
  facet normal 8.316080e-01 -5.553631e-01 -1.475172e-16
    outer loop
      vertex   3.773905e+01 -4.873424e+01 9.999000e-01
      vertex   3.773905e+01 -4.873424e+01 -2.575015e+01
      vertex   3.841690e+01 -4.771921e+01 9.999000e-01
    endloop
  endfacet
  facet normal 8.316080e-01 -5.553631e-01 0.000000e+00
    outer loop
      vertex   3.841690e+01 -4.771921e+01 9.999000e-01
      vertex   3.773905e+01 -4.873424e+01 -2.575015e+01
      vertex   3.841690e+01 -4.771921e+01 -2.575015e+01
    endloop
  endfacet
  facet normal 7.071068e-01 -7.071068e-01 0.000000e+00
    outer loop
      vertex   3.588866e+01 -4.786621e+01 9.999000e-01
      vertex   3.588866e+01 -4.786621e+01 4.500000e+00
      vertex   3.514780e+01 -4.860707e+01 9.999000e-01
    endloop
  endfacet
  facet normal 7.071068e-01 -7.071068e-01 0.000000e+00
    outer loop
      vertex   3.514780e+01 -4.860707e+01 9.999000e-01
      vertex   3.588866e+01 -4.786621e+01 4.500000e+00
      vertex   3.514780e+01 -4.860707e+01 4.500000e+00
    endloop
  endfacet
  facet normal -8.189481e-01 5.738675e-01 0.000000e+00
    outer loop
      vertex   3.462395e+01 -4.665168e+01 -2.400010e+01
      vertex   3.462395e+01 -4.665168e+01 4.500000e+00
      vertex   3.518397e+01 -4.585249e+01 -2.400010e+01
    endloop
  endfacet
  facet normal -8.189481e-01 5.738675e-01 0.000000e+00
    outer loop
      vertex   3.518397e+01 -4.585249e+01 -2.400010e+01
      vertex   3.462395e+01 -4.665168e+01 4.500000e+00
      vertex   3.518397e+01 -4.585249e+01 4.500000e+00
    endloop
  endfacet
  facet normal -7.071068e-01 7.071068e-01 0.000000e+00
    outer loop
      vertex   3.393327e+01 -4.734236e+01 -2.400010e+01
      vertex   3.393327e+01 -4.734236e+01 4.500000e+00
      vertex   3.462395e+01 -4.665168e+01 -2.400010e+01
    endloop
  endfacet
  facet normal -7.071068e-01 7.071068e-01 0.000000e+00
    outer loop
      vertex   3.462395e+01 -4.665168e+01 -2.400010e+01
      vertex   3.393327e+01 -4.734236e+01 4.500000e+00
      vertex   3.462395e+01 -4.665168e+01 4.500000e+00
    endloop
  endfacet
  facet normal 8.968976e-01 -4.422382e-01 -1.174686e-16
    outer loop
      vertex   3.895708e+01 -4.662368e+01 -2.575015e+01
      vertex   3.895708e+01 -4.662368e+01 9.999000e-01
      vertex   3.841690e+01 -4.771921e+01 -2.575015e+01
    endloop
  endfacet
  facet normal 8.968976e-01 -4.422382e-01 0.000000e+00
    outer loop
      vertex   3.841690e+01 -4.771921e+01 -2.575015e+01
      vertex   3.895708e+01 -4.662368e+01 9.999000e-01
      vertex   3.841690e+01 -4.771921e+01 9.999000e-01
    endloop
  endfacet
  facet normal 9.469470e-01 -3.213898e-01 -8.536850e-17
    outer loop
      vertex   3.895708e+01 -4.662368e+01 9.999000e-01
      vertex   3.895708e+01 -4.662368e+01 -2.575015e+01
      vertex   3.934909e+01 -4.546864e+01 9.999000e-01
    endloop
  endfacet
  facet normal 9.469470e-01 -3.213898e-01 0.000000e+00
    outer loop
      vertex   3.934909e+01 -4.546864e+01 9.999000e-01
      vertex   3.895708e+01 -4.662368e+01 -2.575015e+01
      vertex   3.934909e+01 -4.546864e+01 -2.575015e+01
    endloop
  endfacet
  facet normal 8.775974e-01 -4.793984e-01 0.000000e+00
    outer loop
      vertex   3.651751e+01 -4.702619e+01 4.500000e+00
      vertex   3.651751e+01 -4.702619e+01 9.999000e-01
      vertex   3.702036e+01 -4.610566e+01 4.500000e+00
    endloop
  endfacet
  facet normal 8.775974e-01 -4.793984e-01 0.000000e+00
    outer loop
      vertex   3.702036e+01 -4.610566e+01 4.500000e+00
      vertex   3.651751e+01 -4.702619e+01 9.999000e-01
      vertex   3.702036e+01 -4.610566e+01 9.999000e-01
    endloop
  endfacet
  facet normal 8.005351e-01 -5.992859e-01 0.000000e+00
    outer loop
      vertex   3.651751e+01 -4.702619e+01 9.999000e-01
      vertex   3.651751e+01 -4.702619e+01 4.500000e+00
      vertex   3.588866e+01 -4.786621e+01 9.999000e-01
    endloop
  endfacet
  facet normal 8.005351e-01 -5.992859e-01 0.000000e+00
    outer loop
      vertex   3.588866e+01 -4.786621e+01 9.999000e-01
      vertex   3.651751e+01 -4.702619e+01 4.500000e+00
      vertex   3.588866e+01 -4.786621e+01 4.500000e+00
    endloop
  endfacet
  facet normal 9.806544e-01 -1.957470e-01 0.000000e+00
    outer loop
      vertex   3.958826e+01 -4.427044e+01 -2.575015e+01
      vertex   3.958826e+01 -4.427044e+01 9.999000e-01
      vertex   3.934909e+01 -4.546864e+01 -2.575015e+01
    endloop
  endfacet
  facet normal 9.806544e-01 -1.957470e-01 0.000000e+00
    outer loop
      vertex   3.934909e+01 -4.546864e+01 -2.575015e+01
      vertex   3.958826e+01 -4.427044e+01 9.999000e-01
      vertex   3.934909e+01 -4.546864e+01 9.999000e-01
    endloop
  endfacet
  facet normal 9.978854e-01 -6.499721e-02 3.452950e-17
    outer loop
      vertex   3.966760e+01 -4.305241e+01 -2.575015e+01
      vertex   3.966760e+01 -4.305241e+01 9.999000e-01
      vertex   3.958826e+01 -4.427044e+01 -2.575015e+01
    endloop
  endfacet
  facet normal 9.978854e-01 -6.499721e-02 0.000000e+00
    outer loop
      vertex   3.958826e+01 -4.427044e+01 -2.575015e+01
      vertex   3.966760e+01 -4.305241e+01 9.999000e-01
      vertex   3.958826e+01 -4.427044e+01 9.999000e-01
    endloop
  endfacet
  facet normal 9.974644e-01 -7.116716e-02 0.000000e+00
    outer loop
      vertex   3.760954e+01 -4.409894e+01 4.500000e+00
      vertex   3.760954e+01 -4.409894e+01 9.999000e-01
      vertex   3.768421e+01 -4.305241e+01 4.500000e+00
    endloop
  endfacet
  facet normal 9.974644e-01 -7.116716e-02 0.000000e+00
    outer loop
      vertex   3.768421e+01 -4.305241e+01 4.500000e+00
      vertex   3.760954e+01 -4.409894e+01 9.999000e-01
      vertex   3.768421e+01 -4.305241e+01 9.999000e-01
    endloop
  endfacet
  facet normal 9.771459e-01 -2.125698e-01 0.000000e+00
    outer loop
      vertex   3.760954e+01 -4.409894e+01 9.999000e-01
      vertex   3.760954e+01 -4.409894e+01 4.500000e+00
      vertex   3.738670e+01 -4.512330e+01 9.999000e-01
    endloop
  endfacet
  facet normal 9.771459e-01 -2.125698e-01 0.000000e+00
    outer loop
      vertex   3.738670e+01 -4.512330e+01 9.999000e-01
      vertex   3.760954e+01 -4.409894e+01 4.500000e+00
      vertex   3.738670e+01 -4.512330e+01 4.500000e+00
    endloop
  endfacet
  facet normal 9.369680e-01 -3.494151e-01 0.000000e+00
    outer loop
      vertex   3.738670e+01 -4.512330e+01 9.999000e-01
      vertex   3.738670e+01 -4.512330e+01 4.500000e+00
      vertex   3.702036e+01 -4.610566e+01 9.999000e-01
    endloop
  endfacet
  facet normal 9.369680e-01 -3.494151e-01 0.000000e+00
    outer loop
      vertex   3.702036e+01 -4.610566e+01 9.999000e-01
      vertex   3.738670e+01 -4.512330e+01 4.500000e+00
      vertex   3.702036e+01 -4.610566e+01 4.500000e+00
    endloop
  endfacet
  facet normal -1.000000e+00 -0.000000e+00 -0.000000e+00
    outer loop
      vertex   3.593416e+01 -2.730196e+01 4.500000e+00
      vertex   3.593416e+01 -2.730196e+01 -2.400010e+01
      vertex   3.593416e+01 -4.305241e+01 4.500000e+00
    endloop
  endfacet
  facet normal -1.000000e+00 0.000000e+00 0.000000e+00
    outer loop
      vertex   3.593416e+01 -4.305241e+01 4.500000e+00
      vertex   3.593416e+01 -2.730196e+01 -2.400010e+01
      vertex   3.593416e+01 -4.305241e+01 -2.400010e+01
    endloop
  endfacet
  facet normal -9.961913e-01 8.719431e-02 0.000000e+00
    outer loop
      vertex   3.584899e+01 -4.402544e+01 -2.400010e+01
      vertex   3.584899e+01 -4.402544e+01 4.500000e+00
      vertex   3.593416e+01 -4.305241e+01 -2.400010e+01
    endloop
  endfacet
  facet normal -9.961913e-01 8.719431e-02 0.000000e+00
    outer loop
      vertex   3.593416e+01 -4.305241e+01 -2.400010e+01
      vertex   3.584899e+01 -4.402544e+01 4.500000e+00
      vertex   3.593416e+01 -4.305241e+01 4.500000e+00
    endloop
  endfacet
  facet normal -9.660760e-01 2.582579e-01 0.000000e+00
    outer loop
      vertex   3.559699e+01 -4.496813e+01 -2.400010e+01
      vertex   3.559699e+01 -4.496813e+01 4.500000e+00
      vertex   3.584899e+01 -4.402544e+01 -2.400010e+01
    endloop
  endfacet
  facet normal -9.660760e-01 2.582579e-01 0.000000e+00
    outer loop
      vertex   3.584899e+01 -4.402544e+01 -2.400010e+01
      vertex   3.559699e+01 -4.496813e+01 4.500000e+00
      vertex   3.584899e+01 -4.402544e+01 4.500000e+00
    endloop
  endfacet
  facet normal -9.060616e-01 4.231458e-01 0.000000e+00
    outer loop
      vertex   3.559699e+01 -4.496813e+01 4.500000e+00
      vertex   3.559699e+01 -4.496813e+01 -2.400010e+01
      vertex   3.518397e+01 -4.585249e+01 4.500000e+00
    endloop
  endfacet
  facet normal -9.060616e-01 4.231458e-01 0.000000e+00
    outer loop
      vertex   3.518397e+01 -4.585249e+01 4.500000e+00
      vertex   3.559699e+01 -4.496813e+01 -2.400010e+01
      vertex   3.518397e+01 -4.585249e+01 -2.400010e+01
    endloop
  endfacet
  facet normal -7.071068e-01 -7.071068e-01 0.000000e+00
    outer loop
      vertex   3.593416e+01 -2.730196e+01 -2.400010e+01
      vertex   3.593416e+01 -2.730196e+01 4.500000e+00
      vertex   3.418411e+01 -2.555191e+01 -2.400010e+01
    endloop
  endfacet
  facet normal -7.071068e-01 -7.071068e-01 0.000000e+00
    outer loop
      vertex   3.418411e+01 -2.555191e+01 -2.400010e+01
      vertex   3.593416e+01 -2.730196e+01 4.500000e+00
      vertex   3.418411e+01 -2.555191e+01 4.500000e+00
    endloop
  endfacet
  facet normal 1.000000e+00 -0.000000e+00 0.000000e+00
    outer loop
      vertex   3.768421e+01 -4.305241e+01 4.500000e+00
      vertex   3.768421e+01 -4.305241e+01 9.999000e-01
      vertex   3.768421e+01 -2.555191e+01 4.500000e+00
    endloop
  endfacet
  facet normal 1.000000e+00 0.000000e+00 0.000000e+00
    outer loop
      vertex   3.768421e+01 -2.555191e+01 4.500000e+00
      vertex   3.768421e+01 -4.305241e+01 9.999000e-01
      vertex   3.768421e+01 -2.555191e+01 9.999000e-01
    endloop
  endfacet
  facet normal 7.071068e-01 7.071068e-01 0.000000e+00
    outer loop
      vertex   3.593416e+01 -2.380186e+01 2.749950e+00
      vertex   3.768421e+01 -2.555191e+01 4.500000e+00
      vertex   3.768421e+01 -2.555191e+01 9.999000e-01
    endloop
  endfacet
  facet normal 1.000000e+00 0.000000e+00 -0.000000e+00
    outer loop
      vertex   -5.051831e+01 1.644929e+01 -2.400010e+01
      vertex   -5.051831e+01 1.644929e+01 4.500000e+00
      vertex   -5.051831e+01 -2.555191e+01 -2.400010e+01
    endloop
  endfacet
  facet normal 1.000000e+00 0.000000e+00 0.000000e+00
    outer loop
      vertex   -5.051831e+01 -2.555191e+01 -2.400010e+01
      vertex   -5.051831e+01 1.644929e+01 4.500000e+00
      vertex   -5.051831e+01 -2.555191e+01 4.500000e+00
    endloop
  endfacet
  facet normal 7.071068e-01 7.071068e-01 -8.814523e-17
    outer loop
      vertex   -5.226836e+01 1.819934e+01 -2.400010e+01
      vertex   -5.226836e+01 1.819934e+01 4.500000e+00
      vertex   -5.051831e+01 1.644929e+01 -2.400010e+01
    endloop
  endfacet
  facet normal 7.071068e-01 7.071068e-01 -0.000000e+00
    outer loop
      vertex   -5.051831e+01 1.644929e+01 -2.400010e+01
      vertex   -5.226836e+01 1.819934e+01 4.500000e+00
      vertex   -5.051831e+01 1.644929e+01 4.500000e+00
    endloop
  endfacet
  facet normal -7.071068e-01 0.000000e+00 7.071068e-01
    outer loop
      vertex   -5.226836e+01 -2.380186e+01 2.749950e+00
      vertex   -5.226836e+01 1.469924e+01 2.749950e+00
      vertex   -5.401841e+01 -2.555191e+01 9.999000e-01
    endloop
  endfacet
  facet normal -7.071068e-01 0.000000e+00 7.071068e-01
    outer loop
      vertex   -5.401841e+01 -2.555191e+01 9.999000e-01
      vertex   -5.226836e+01 1.469924e+01 2.749950e+00
      vertex   -5.401841e+01 1.644929e+01 9.999000e-01
    endloop
  endfacet
  facet normal -7.071068e-01 -0.000000e+00 -7.071068e-01
    outer loop
      vertex   -5.401841e+01 1.644929e+01 4.500000e+00
      vertex   -5.226836e+01 1.469924e+01 2.749950e+00
      vertex   -5.401841e+01 -2.555191e+01 4.500000e+00
    endloop
  endfacet
  facet normal -7.071068e-01 0.000000e+00 -7.071068e-01
    outer loop
      vertex   -5.401841e+01 -2.555191e+01 4.500000e+00
      vertex   -5.226836e+01 1.469924e+01 2.749950e+00
      vertex   -5.226836e+01 -2.380186e+01 2.749950e+00
    endloop
  endfacet
  facet normal -1.000000e+00 0.000000e+00 0.000000e+00
    outer loop
      vertex   -5.401841e+01 1.644929e+01 9.999000e-01
      vertex   -5.401841e+01 1.644929e+01 4.500000e+00
      vertex   -5.401841e+01 3.394979e+01 9.999000e-01
    endloop
  endfacet
  facet normal -1.000000e+00 0.000000e+00 0.000000e+00
    outer loop
      vertex   -5.401841e+01 3.394979e+01 9.999000e-01
      vertex   -5.401841e+01 1.644929e+01 4.500000e+00
      vertex   -5.401841e+01 3.394979e+01 4.500000e+00
    endloop
  endfacet
  facet normal -7.071068e-01 -7.071068e-01 -0.000000e+00
    outer loop
      vertex   -5.401841e+01 1.644929e+01 4.500000e+00
      vertex   -5.401841e+01 1.644929e+01 9.999000e-01
      vertex   -5.226836e+01 1.469924e+01 2.749950e+00
    endloop
  endfacet
  facet normal -1.000000e+00 0.000000e+00 0.000000e+00
    outer loop
      vertex   -5.600180e+01 -4.305241e+01 -2.575015e+01
      vertex   -5.600180e+01 -4.305241e+01 9.999000e-01
      vertex   -5.600180e+01 3.394979e+01 -2.575015e+01
    endloop
  endfacet
  facet normal -1.000000e+00 0.000000e+00 0.000000e+00
    outer loop
      vertex   -5.600180e+01 3.394979e+01 -2.575015e+01
      vertex   -5.600180e+01 -4.305241e+01 9.999000e-01
      vertex   -5.600180e+01 3.394979e+01 9.999000e-01
    endloop
  endfacet
  facet normal -1.000000e+00 -0.000000e+00 -0.000000e+00
    outer loop
      vertex   3.418411e+01 1.644929e+01 4.500000e+00
      vertex   3.418411e+01 1.644929e+01 -2.400010e+01
      vertex   3.418411e+01 -2.555191e+01 4.500000e+00
    endloop
  endfacet
  facet normal -1.000000e+00 0.000000e+00 0.000000e+00
    outer loop
      vertex   3.418411e+01 -2.555191e+01 4.500000e+00
      vertex   3.418411e+01 1.644929e+01 -2.400010e+01
      vertex   3.418411e+01 -2.555191e+01 -2.400010e+01
    endloop
  endfacet
  facet normal -7.071068e-01 7.071068e-01 -8.814523e-17
    outer loop
      vertex   3.593416e+01 1.819934e+01 4.500000e+00
      vertex   3.593416e+01 1.819934e+01 -2.400010e+01
      vertex   3.418411e+01 1.644929e+01 4.500000e+00
    endloop
  endfacet
  facet normal -7.071068e-01 7.071068e-01 0.000000e+00
    outer loop
      vertex   3.418411e+01 1.644929e+01 4.500000e+00
      vertex   3.593416e+01 1.819934e+01 -2.400010e+01
      vertex   3.418411e+01 1.644929e+01 -2.400010e+01
    endloop
  endfacet
  facet normal -1.000000e+00 0.000000e+00 0.000000e+00
    outer loop
      vertex   3.593416e+01 1.819934e+01 -2.400010e+01
      vertex   3.593416e+01 1.819934e+01 4.500000e+00
      vertex   3.593416e+01 3.394979e+01 -2.400010e+01
    endloop
  endfacet
  facet normal -1.000000e+00 0.000000e+00 0.000000e+00
    outer loop
      vertex   3.593416e+01 3.394979e+01 -2.400010e+01
      vertex   3.593416e+01 1.819934e+01 4.500000e+00
      vertex   3.593416e+01 3.394979e+01 4.500000e+00
    endloop
  endfacet
  facet normal 8.775974e-01 4.793984e-01 -0.000000e+00
    outer loop
      vertex   3.651751e+01 3.792357e+01 9.999000e-01
      vertex   3.651751e+01 3.792357e+01 4.500000e+00
      vertex   3.702036e+01 3.700304e+01 9.999000e-01
    endloop
  endfacet
  facet normal 8.775974e-01 4.793984e-01 -0.000000e+00
    outer loop
      vertex   3.702036e+01 3.700304e+01 9.999000e-01
      vertex   3.651751e+01 3.792357e+01 4.500000e+00
      vertex   3.702036e+01 3.700304e+01 4.500000e+00
    endloop
  endfacet
  facet normal 7.071068e-01 0.000000e+00 7.071068e-01
    outer loop
      vertex   3.768421e+01 1.644929e+01 9.999000e-01
      vertex   3.593416e+01 1.469924e+01 2.749950e+00
      vertex   3.768421e+01 -2.555191e+01 9.999000e-01
    endloop
  endfacet
  facet normal 7.071068e-01 0.000000e+00 7.071068e-01
    outer loop
      vertex   3.768421e+01 -2.555191e+01 9.999000e-01
      vertex   3.593416e+01 1.469924e+01 2.749950e+00
      vertex   3.593416e+01 -2.380186e+01 2.749950e+00
    endloop
  endfacet
  facet normal 9.369680e-01 3.494151e-01 0.000000e+00
    outer loop
      vertex   3.738670e+01 3.602068e+01 4.500000e+00
      vertex   3.738670e+01 3.602068e+01 9.999000e-01
      vertex   3.702036e+01 3.700304e+01 4.500000e+00
    endloop
  endfacet
  facet normal 9.369680e-01 3.494151e-01 0.000000e+00
    outer loop
      vertex   3.702036e+01 3.700304e+01 4.500000e+00
      vertex   3.738670e+01 3.602068e+01 9.999000e-01
      vertex   3.702036e+01 3.700304e+01 9.999000e-01
    endloop
  endfacet
  facet normal 7.071068e-01 0.000000e+00 -7.071068e-01
    outer loop
      vertex   3.593416e+01 -2.380186e+01 2.749950e+00
      vertex   3.593416e+01 1.469924e+01 2.749950e+00
      vertex   3.768421e+01 -2.555191e+01 4.500000e+00
    endloop
  endfacet
  facet normal 7.071068e-01 0.000000e+00 -7.071068e-01
    outer loop
      vertex   3.768421e+01 -2.555191e+01 4.500000e+00
      vertex   3.593416e+01 1.469924e+01 2.749950e+00
      vertex   3.768421e+01 1.644929e+01 4.500000e+00
    endloop
  endfacet
  facet normal 7.071068e-01 -7.071068e-01 0.000000e+00
    outer loop
      vertex   3.768421e+01 1.644929e+01 9.999000e-01
      vertex   3.768421e+01 1.644929e+01 4.500000e+00
      vertex   3.593416e+01 1.469924e+01 2.749950e+00
    endloop
  endfacet
  facet normal -8.189481e-01 -5.738675e-01 2.861445e-16
    outer loop
      vertex   3.462395e+01 3.754906e+01 4.500000e+00
      vertex   3.462395e+01 3.754906e+01 -2.400010e+01
      vertex   3.518397e+01 3.674987e+01 4.500000e+00
    endloop
  endfacet
  facet normal -8.189481e-01 -5.738675e-01 -1.430723e-16
    outer loop
      vertex   3.518397e+01 3.674987e+01 4.500000e+00
      vertex   3.462395e+01 3.754906e+01 -2.400010e+01
      vertex   3.518397e+01 3.674987e+01 -2.400010e+01
    endloop
  endfacet
  facet normal -9.060616e-01 -4.231458e-01 -1.054955e-16
    outer loop
      vertex   3.518397e+01 3.674987e+01 4.500000e+00
      vertex   3.518397e+01 3.674987e+01 -2.400010e+01
      vertex   3.559699e+01 3.586551e+01 4.500000e+00
    endloop
  endfacet
  facet normal -9.060616e-01 -4.231458e-01 -0.000000e+00
    outer loop
      vertex   3.559699e+01 3.586551e+01 4.500000e+00
      vertex   3.518397e+01 3.674987e+01 -2.400010e+01
      vertex   3.559699e+01 3.586551e+01 -2.400010e+01
    endloop
  endfacet
  facet normal -9.660760e-01 -2.582579e-01 0.000000e+00
    outer loop
      vertex   3.584899e+01 3.492282e+01 -2.400010e+01
      vertex   3.584899e+01 3.492282e+01 4.500000e+00
      vertex   3.559699e+01 3.586551e+01 -2.400010e+01
    endloop
  endfacet
  facet normal -9.660760e-01 -2.582579e-01 0.000000e+00
    outer loop
      vertex   3.559699e+01 3.586551e+01 -2.400010e+01
      vertex   3.584899e+01 3.492282e+01 4.500000e+00
      vertex   3.559699e+01 3.586551e+01 4.500000e+00
    endloop
  endfacet
  facet normal -7.071068e-01 -7.071068e-01 -2.203631e-17
    outer loop
      vertex   7.000000e+00 3.779990e+01 -2.400010e+01
      vertex   7.000000e+00 3.779990e+01 4.500000e+00
      vertex   5.249950e+00 3.954995e+01 -2.400010e+01
    endloop
  endfacet
  facet normal -7.071068e-01 -7.071068e-01 0.000000e+00
    outer loop
      vertex   5.249950e+00 3.954995e+01 -2.400010e+01
      vertex   7.000000e+00 3.779990e+01 4.500000e+00
      vertex   5.249950e+00 3.954995e+01 4.500000e+00
    endloop
  endfacet
  facet normal -9.961913e-01 -8.719431e-02 -0.000000e+00
    outer loop
      vertex   3.584899e+01 3.492282e+01 4.500000e+00
      vertex   3.584899e+01 3.492282e+01 -2.400010e+01
      vertex   3.593416e+01 3.394979e+01 4.500000e+00
    endloop
  endfacet
  facet normal -9.961913e-01 -8.719431e-02 -4.347724e-17
    outer loop
      vertex   3.593416e+01 3.394979e+01 4.500000e+00
      vertex   3.584899e+01 3.492282e+01 -2.400010e+01
      vertex   3.593416e+01 3.394979e+01 -2.400010e+01
    endloop
  endfacet
  facet normal 7.071068e-01 7.071068e-01 0.000000e+00
    outer loop
      vertex   7.000000e+00 4.130000e+01 4.500000e+00
      vertex   8.750050e+00 3.954995e+01 2.749950e+00
      vertex   7.000000e+00 4.130000e+01 9.999000e-01
    endloop
  endfacet
  facet normal -0.000000e+00 7.071068e-01 7.071068e-01
    outer loop
      vertex   8.750050e+00 3.954995e+01 2.749950e+00
      vertex   2.508385e+01 3.954995e+01 2.749950e+00
      vertex   7.000000e+00 4.130000e+01 9.999000e-01
    endloop
  endfacet
  facet normal -0.000000e+00 7.071068e-01 7.071068e-01
    outer loop
      vertex   7.000000e+00 4.130000e+01 9.999000e-01
      vertex   2.508385e+01 3.954995e+01 2.749950e+00
      vertex   2.683390e+01 4.130000e+01 9.999000e-01
    endloop
  endfacet
  facet normal 0.000000e+00 -1.000000e+00 0.000000e+00
    outer loop
      vertex   2.683390e+01 3.779990e+01 -2.400010e+01
      vertex   2.683390e+01 3.779990e+01 4.500000e+00
      vertex   7.000000e+00 3.779990e+01 -2.400010e+01
    endloop
  endfacet
  facet normal 0.000000e+00 -1.000000e+00 0.000000e+00
    outer loop
      vertex   7.000000e+00 3.779990e+01 -2.400010e+01
      vertex   2.683390e+01 3.779990e+01 4.500000e+00
      vertex   7.000000e+00 3.779990e+01 4.500000e+00
    endloop
  endfacet
  facet normal 0.000000e+00 7.071068e-01 -7.071068e-01
    outer loop
      vertex   7.000000e+00 4.130000e+01 4.500000e+00
      vertex   2.683390e+01 4.130000e+01 4.500000e+00
      vertex   8.750050e+00 3.954995e+01 2.749950e+00
    endloop
  endfacet
  facet normal 0.000000e+00 7.071068e-01 -7.071068e-01
    outer loop
      vertex   8.750050e+00 3.954995e+01 2.749950e+00
      vertex   2.683390e+01 4.130000e+01 4.500000e+00
      vertex   2.508385e+01 3.954995e+01 2.749950e+00
    endloop
  endfacet
  facet normal 0.000000e+00 -1.000000e+00 0.000000e+00
    outer loop
      vertex   2.858395e+01 3.954995e+01 4.500000e+00
      vertex   2.858395e+01 3.954995e+01 -2.400010e+01
      vertex   3.033400e+01 3.954995e+01 4.500000e+00
    endloop
  endfacet
  facet normal 0.000000e+00 -1.000000e+00 -0.000000e+00
    outer loop
      vertex   3.033400e+01 3.954995e+01 4.500000e+00
      vertex   2.858395e+01 3.954995e+01 -2.400010e+01
      vertex   3.033400e+01 3.954995e+01 -2.400010e+01
    endloop
  endfacet
  facet normal 4.793984e-01 8.775974e-01 -0.000000e+00
    outer loop
      vertex   3.338725e+01 4.063615e+01 9.999000e-01
      vertex   3.338725e+01 4.063615e+01 4.500000e+00
      vertex   3.430778e+01 4.013330e+01 9.999000e-01
    endloop
  endfacet
  facet normal 4.793984e-01 8.775974e-01 -0.000000e+00
    outer loop
      vertex   3.430778e+01 4.013330e+01 9.999000e-01
      vertex   3.338725e+01 4.063615e+01 4.500000e+00
      vertex   3.430778e+01 4.013330e+01 4.500000e+00
    endloop
  endfacet
  facet normal 7.071068e-01 -7.071068e-01 0.000000e+00
    outer loop
      vertex   2.858395e+01 3.954995e+01 -2.400010e+01
      vertex   2.858395e+01 3.954995e+01 4.500000e+00
      vertex   2.683390e+01 3.779990e+01 -2.400010e+01
    endloop
  endfacet
  facet normal 7.071068e-01 -7.071068e-01 0.000000e+00
    outer loop
      vertex   2.683390e+01 3.779990e+01 -2.400010e+01
      vertex   2.858395e+01 3.954995e+01 4.500000e+00
      vertex   2.683390e+01 3.779990e+01 4.500000e+00
    endloop
  endfacet
  facet normal 0.000000e+00 1.000000e+00 0.000000e+00
    outer loop
      vertex   3.033400e+01 4.130000e+01 4.500000e+00
      vertex   3.033400e+01 4.130000e+01 9.999000e-01
      vertex   2.683390e+01 4.130000e+01 4.500000e+00
    endloop
  endfacet
  facet normal 0.000000e+00 1.000000e+00 0.000000e+00
    outer loop
      vertex   2.683390e+01 4.130000e+01 4.500000e+00
      vertex   3.033400e+01 4.130000e+01 9.999000e-01
      vertex   2.683390e+01 4.130000e+01 9.999000e-01
    endloop
  endfacet
  facet normal -7.071068e-01 7.071068e-01 0.000000e+00
    outer loop
      vertex   2.508385e+01 3.954995e+01 2.749950e+00
      vertex   2.683390e+01 4.130000e+01 4.500000e+00
      vertex   2.683390e+01 4.130000e+01 9.999000e-01
    endloop
  endfacet
  facet normal -5.738675e-01 -8.189481e-01 2.041739e-16
    outer loop
      vertex   3.393327e+01 3.823974e+01 -2.400010e+01
      vertex   3.393327e+01 3.823974e+01 4.500000e+00
      vertex   3.313408e+01 3.879976e+01 -2.400010e+01
    endloop
  endfacet
  facet normal -5.738675e-01 -8.189481e-01 4.083478e-16
    outer loop
      vertex   3.313408e+01 3.879976e+01 -2.400010e+01
      vertex   3.393327e+01 3.823974e+01 4.500000e+00
      vertex   3.313408e+01 3.879976e+01 4.500000e+00
    endloop
  endfacet
  facet normal 3.213898e-01 9.469470e-01 0.000000e+00
    outer loop
      vertex   3.390527e+01 4.257287e+01 9.999000e-01
      vertex   3.390527e+01 4.257287e+01 -2.575015e+01
      vertex   3.275023e+01 4.296488e+01 9.999000e-01
    endloop
  endfacet
  facet normal 3.213898e-01 9.469470e-01 0.000000e+00
    outer loop
      vertex   3.275023e+01 4.296488e+01 9.999000e-01
      vertex   3.390527e+01 4.257287e+01 -2.575015e+01
      vertex   3.275023e+01 4.296488e+01 -2.575015e+01
    endloop
  endfacet
  facet normal 1.957470e-01 9.806544e-01 0.000000e+00
    outer loop
      vertex   3.275023e+01 4.296488e+01 9.999000e-01
      vertex   3.275023e+01 4.296488e+01 -2.575015e+01
      vertex   3.155203e+01 4.320405e+01 9.999000e-01
    endloop
  endfacet
  facet normal 1.957470e-01 9.806544e-01 0.000000e+00
    outer loop
      vertex   3.155203e+01 4.320405e+01 9.999000e-01
      vertex   3.275023e+01 4.296488e+01 -2.575015e+01
      vertex   3.155203e+01 4.320405e+01 -2.575015e+01
    endloop
  endfacet
  facet normal -7.071068e-01 -7.071068e-01 3.525809e-16
    outer loop
      vertex   3.462395e+01 3.754906e+01 -2.400010e+01
      vertex   3.462395e+01 3.754906e+01 4.500000e+00
      vertex   3.393327e+01 3.823974e+01 -2.400010e+01
    endloop
  endfacet
  facet normal -7.071068e-01 -7.071068e-01 1.762905e-16
    outer loop
      vertex   3.393327e+01 3.823974e+01 -2.400010e+01
      vertex   3.462395e+01 3.754906e+01 4.500000e+00
      vertex   3.393327e+01 3.823974e+01 4.500000e+00
    endloop
  endfacet
  facet normal 9.978854e-01 6.499721e-02 0.000000e+00
    outer loop
      vertex   3.966760e+01 3.394979e+01 9.999000e-01
      vertex   3.966760e+01 3.394979e+01 -2.575015e+01
      vertex   3.958826e+01 3.516782e+01 9.999000e-01
    endloop
  endfacet
  facet normal 9.978854e-01 6.499721e-02 0.000000e+00
    outer loop
      vertex   3.958826e+01 3.516782e+01 9.999000e-01
      vertex   3.966760e+01 3.394979e+01 -2.575015e+01
      vertex   3.958826e+01 3.516782e+01 -2.575015e+01
    endloop
  endfacet
  facet normal 2.125698e-01 9.771459e-01 -0.000000e+00
    outer loop
      vertex   3.138053e+01 4.122533e+01 9.999000e-01
      vertex   3.138053e+01 4.122533e+01 4.500000e+00
      vertex   3.240489e+01 4.100249e+01 9.999000e-01
    endloop
  endfacet
  facet normal 2.125698e-01 9.771459e-01 -0.000000e+00
    outer loop
      vertex   3.240489e+01 4.100249e+01 9.999000e-01
      vertex   3.138053e+01 4.122533e+01 4.500000e+00
      vertex   3.240489e+01 4.100249e+01 4.500000e+00
    endloop
  endfacet
  facet normal 7.116716e-02 9.974644e-01 -0.000000e+00
    outer loop
      vertex   3.033400e+01 4.130000e+01 9.999000e-01
      vertex   3.033400e+01 4.130000e+01 4.500000e+00
      vertex   3.138053e+01 4.122533e+01 9.999000e-01
    endloop
  endfacet
  facet normal 7.116716e-02 9.974644e-01 -0.000000e+00
    outer loop
      vertex   3.138053e+01 4.122533e+01 9.999000e-01
      vertex   3.033400e+01 4.130000e+01 4.500000e+00
      vertex   3.138053e+01 4.122533e+01 4.500000e+00
    endloop
  endfacet
  facet normal 3.494151e-01 9.369680e-01 -0.000000e+00
    outer loop
      vertex   3.240489e+01 4.100249e+01 9.999000e-01
      vertex   3.240489e+01 4.100249e+01 4.500000e+00
      vertex   3.338725e+01 4.063615e+01 9.999000e-01
    endloop
  endfacet
  facet normal 3.494151e-01 9.369680e-01 -0.000000e+00
    outer loop
      vertex   3.338725e+01 4.063615e+01 9.999000e-01
      vertex   3.240489e+01 4.100249e+01 4.500000e+00
      vertex   3.338725e+01 4.063615e+01 4.500000e+00
    endloop
  endfacet
  facet normal 5.992859e-01 8.005351e-01 0.000000e+00
    outer loop
      vertex   3.514780e+01 3.950445e+01 4.500000e+00
      vertex   3.514780e+01 3.950445e+01 9.999000e-01
      vertex   3.430778e+01 4.013330e+01 4.500000e+00
    endloop
  endfacet
  facet normal 5.992859e-01 8.005351e-01 0.000000e+00
    outer loop
      vertex   3.430778e+01 4.013330e+01 4.500000e+00
      vertex   3.514780e+01 3.950445e+01 9.999000e-01
      vertex   3.430778e+01 4.013330e+01 9.999000e-01
    endloop
  endfacet
  facet normal -8.719431e-02 -9.961913e-01 0.000000e+00
    outer loop
      vertex   3.130703e+01 3.946478e+01 -2.400010e+01
      vertex   3.130703e+01 3.946478e+01 4.500000e+00
      vertex   3.033400e+01 3.954995e+01 -2.400010e+01
    endloop
  endfacet
  facet normal -8.719431e-02 -9.961913e-01 0.000000e+00
    outer loop
      vertex   3.033400e+01 3.954995e+01 -2.400010e+01
      vertex   3.130703e+01 3.946478e+01 4.500000e+00
      vertex   3.033400e+01 3.954995e+01 4.500000e+00
    endloop
  endfacet
  facet normal -2.582579e-01 -9.660760e-01 0.000000e+00
    outer loop
      vertex   3.224972e+01 3.921278e+01 -2.400010e+01
      vertex   3.224972e+01 3.921278e+01 4.500000e+00
      vertex   3.130703e+01 3.946478e+01 -2.400010e+01
    endloop
  endfacet
  facet normal -2.582579e-01 -9.660760e-01 0.000000e+00
    outer loop
      vertex   3.130703e+01 3.946478e+01 -2.400010e+01
      vertex   3.224972e+01 3.921278e+01 4.500000e+00
      vertex   3.130703e+01 3.946478e+01 4.500000e+00
    endloop
  endfacet
  facet normal -4.231458e-01 -9.060616e-01 -0.000000e+00
    outer loop
      vertex   3.224972e+01 3.921278e+01 4.500000e+00
      vertex   3.224972e+01 3.921278e+01 -2.400010e+01
      vertex   3.313408e+01 3.879976e+01 4.500000e+00
    endloop
  endfacet
  facet normal -4.231458e-01 -9.060616e-01 4.517847e-16
    outer loop
      vertex   3.313408e+01 3.879976e+01 4.500000e+00
      vertex   3.224972e+01 3.921278e+01 -2.400010e+01
      vertex   3.313408e+01 3.879976e+01 -2.400010e+01
    endloop
  endfacet
  facet normal 8.316080e-01 5.553631e-01 0.000000e+00
    outer loop
      vertex   3.841690e+01 3.861659e+01 9.999000e-01
      vertex   3.841690e+01 3.861659e+01 -2.575015e+01
      vertex   3.773905e+01 3.963162e+01 9.999000e-01
    endloop
  endfacet
  facet normal 8.316080e-01 5.553631e-01 0.000000e+00
    outer loop
      vertex   3.773905e+01 3.963162e+01 9.999000e-01
      vertex   3.841690e+01 3.861659e+01 -2.575015e+01
      vertex   3.773905e+01 3.963162e+01 -2.575015e+01
    endloop
  endfacet
  facet normal 7.519270e-01 6.592464e-01 0.000000e+00
    outer loop
      vertex   3.773905e+01 3.963162e+01 9.999000e-01
      vertex   3.773905e+01 3.963162e+01 -2.575015e+01
      vertex   3.693402e+01 4.054981e+01 9.999000e-01
    endloop
  endfacet
  facet normal 7.519270e-01 6.592464e-01 0.000000e+00
    outer loop
      vertex   3.693402e+01 4.054981e+01 9.999000e-01
      vertex   3.773905e+01 3.963162e+01 -2.575015e+01
      vertex   3.693402e+01 4.054981e+01 -2.575015e+01
    endloop
  endfacet
  facet normal 6.592464e-01 7.519270e-01 0.000000e+00
    outer loop
      vertex   3.693402e+01 4.054981e+01 9.999000e-01
      vertex   3.693402e+01 4.054981e+01 -2.575015e+01
      vertex   3.601583e+01 4.135484e+01 9.999000e-01
    endloop
  endfacet
  facet normal 6.592464e-01 7.519270e-01 0.000000e+00
    outer loop
      vertex   3.601583e+01 4.135484e+01 9.999000e-01
      vertex   3.693402e+01 4.054981e+01 -2.575015e+01
      vertex   3.601583e+01 4.135484e+01 -2.575015e+01
    endloop
  endfacet
  facet normal 5.553631e-01 8.316080e-01 0.000000e+00
    outer loop
      vertex   3.601583e+01 4.135484e+01 9.999000e-01
      vertex   3.601583e+01 4.135484e+01 -2.575015e+01
      vertex   3.500080e+01 4.203269e+01 9.999000e-01
    endloop
  endfacet
  facet normal 5.553631e-01 8.316080e-01 0.000000e+00
    outer loop
      vertex   3.500080e+01 4.203269e+01 9.999000e-01
      vertex   3.601583e+01 4.135484e+01 -2.575015e+01
      vertex   3.500080e+01 4.203269e+01 -2.575015e+01
    endloop
  endfacet
  facet normal 4.422382e-01 8.968976e-01 0.000000e+00
    outer loop
      vertex   3.500080e+01 4.203269e+01 9.999000e-01
      vertex   3.500080e+01 4.203269e+01 -2.575015e+01
      vertex   3.390527e+01 4.257287e+01 9.999000e-01
    endloop
  endfacet
  facet normal 4.422382e-01 8.968976e-01 0.000000e+00
    outer loop
      vertex   3.390527e+01 4.257287e+01 9.999000e-01
      vertex   3.500080e+01 4.203269e+01 -2.575015e+01
      vertex   3.390527e+01 4.257287e+01 -2.575015e+01
    endloop
  endfacet
  facet normal 7.071068e-01 7.071068e-01 -0.000000e+00
    outer loop
      vertex   3.514780e+01 3.950445e+01 9.999000e-01
      vertex   3.514780e+01 3.950445e+01 4.500000e+00
      vertex   3.588866e+01 3.876359e+01 9.999000e-01
    endloop
  endfacet
  facet normal 7.071068e-01 7.071068e-01 -0.000000e+00
    outer loop
      vertex   3.588866e+01 3.876359e+01 9.999000e-01
      vertex   3.514780e+01 3.950445e+01 4.500000e+00
      vertex   3.588866e+01 3.876359e+01 4.500000e+00
    endloop
  endfacet
  facet normal 8.005351e-01 5.992859e-01 -0.000000e+00
    outer loop
      vertex   3.588866e+01 3.876359e+01 9.999000e-01
      vertex   3.588866e+01 3.876359e+01 4.500000e+00
      vertex   3.651751e+01 3.792357e+01 9.999000e-01
    endloop
  endfacet
  facet normal 8.005351e-01 5.992859e-01 -0.000000e+00
    outer loop
      vertex   3.651751e+01 3.792357e+01 9.999000e-01
      vertex   3.588866e+01 3.876359e+01 4.500000e+00
      vertex   3.651751e+01 3.792357e+01 4.500000e+00
    endloop
  endfacet
  facet normal 6.499721e-02 9.978854e-01 -0.000000e+00
    outer loop
      vertex   3.033400e+01 4.328339e+01 -2.575015e+01
      vertex   3.033400e+01 4.328339e+01 9.999000e-01
      vertex   3.155203e+01 4.320405e+01 -2.575015e+01
    endloop
  endfacet
  facet normal 6.499721e-02 9.978854e-01 -0.000000e+00
    outer loop
      vertex   3.155203e+01 4.320405e+01 -2.575015e+01
      vertex   3.033400e+01 4.328339e+01 9.999000e-01
      vertex   3.155203e+01 4.320405e+01 9.999000e-01
    endloop
  endfacet
  facet normal -0.000000e+00 0.000000e+00 1.000000e+00
    outer loop
      vertex   3.393327e+01 -4.734236e+01 4.500000e+00
      vertex   3.588866e+01 -4.786621e+01 4.500000e+00
      vertex   3.462395e+01 -4.665168e+01 4.500000e+00
    endloop
  endfacet
  facet normal 0.000000e+00 0.000000e+00 1.000000e+00
    outer loop
      vertex   3.462395e+01 -4.665168e+01 4.500000e+00
      vertex   3.588866e+01 -4.786621e+01 4.500000e+00
      vertex   3.651751e+01 -4.702619e+01 4.500000e+00
    endloop
  endfacet
  facet normal -0.000000e+00 0.000000e+00 1.000000e+00
    outer loop
      vertex   3.462395e+01 -4.665168e+01 4.500000e+00
      vertex   3.651751e+01 -4.702619e+01 4.500000e+00
      vertex   3.518397e+01 -4.585249e+01 4.500000e+00
    endloop
  endfacet
  facet normal 0.000000e+00 0.000000e+00 1.000000e+00
    outer loop
      vertex   3.518397e+01 -4.585249e+01 4.500000e+00
      vertex   3.651751e+01 -4.702619e+01 4.500000e+00
      vertex   3.702036e+01 -4.610566e+01 4.500000e+00
    endloop
  endfacet
  facet normal -0.000000e+00 0.000000e+00 1.000000e+00
    outer loop
      vertex   3.518397e+01 -4.585249e+01 4.500000e+00
      vertex   3.702036e+01 -4.610566e+01 4.500000e+00
      vertex   3.559699e+01 -4.496813e+01 4.500000e+00
    endloop
  endfacet
  facet normal 0.000000e+00 0.000000e+00 1.000000e+00
    outer loop
      vertex   3.559699e+01 -4.496813e+01 4.500000e+00
      vertex   3.702036e+01 -4.610566e+01 4.500000e+00
      vertex   3.738670e+01 -4.512330e+01 4.500000e+00
    endloop
  endfacet
  facet normal -0.000000e+00 0.000000e+00 1.000000e+00
    outer loop
      vertex   3.559699e+01 -4.496813e+01 4.500000e+00
      vertex   3.738670e+01 -4.512330e+01 4.500000e+00
      vertex   3.584899e+01 -4.402544e+01 4.500000e+00
    endloop
  endfacet
  facet normal 0.000000e+00 0.000000e+00 1.000000e+00
    outer loop
      vertex   3.584899e+01 -4.402544e+01 4.500000e+00
      vertex   3.738670e+01 -4.512330e+01 4.500000e+00
      vertex   3.760954e+01 -4.409894e+01 4.500000e+00
    endloop
  endfacet
  facet normal -0.000000e+00 0.000000e+00 1.000000e+00
    outer loop
      vertex   3.584899e+01 -4.402544e+01 4.500000e+00
      vertex   3.760954e+01 -4.409894e+01 4.500000e+00
      vertex   3.593416e+01 -4.305241e+01 4.500000e+00
    endloop
  endfacet
  facet normal -0.000000e+00 0.000000e+00 1.000000e+00
    outer loop
      vertex   3.593416e+01 -4.305241e+01 4.500000e+00
      vertex   3.760954e+01 -4.409894e+01 4.500000e+00
      vertex   3.768421e+01 -4.305241e+01 4.500000e+00
    endloop
  endfacet
  facet normal 0.000000e+00 0.000000e+00 1.000000e+00
    outer loop
      vertex   3.593416e+01 -4.305241e+01 4.500000e+00
      vertex   3.768421e+01 -4.305241e+01 4.500000e+00
      vertex   3.593416e+01 -2.730196e+01 4.500000e+00
    endloop
  endfacet
  facet normal -0.000000e+00 0.000000e+00 1.000000e+00
    outer loop
      vertex   3.593416e+01 -2.730196e+01 4.500000e+00
      vertex   3.768421e+01 -4.305241e+01 4.500000e+00
      vertex   3.768421e+01 -2.555191e+01 4.500000e+00
    endloop
  endfacet
  facet normal 0.000000e+00 -0.000000e+00 1.000000e+00
    outer loop
      vertex   3.593416e+01 -2.730196e+01 4.500000e+00
      vertex   3.768421e+01 -2.555191e+01 4.500000e+00
      vertex   3.418411e+01 -2.555191e+01 4.500000e+00
    endloop
  endfacet
  facet normal 0.000000e+00 0.000000e+00 1.000000e+00
    outer loop
      vertex   3.418411e+01 -2.555191e+01 4.500000e+00
      vertex   3.768421e+01 -2.555191e+01 4.500000e+00
      vertex   3.418411e+01 1.644929e+01 4.500000e+00
    endloop
  endfacet
  facet normal -0.000000e+00 0.000000e+00 1.000000e+00
    outer loop
      vertex   3.418411e+01 1.644929e+01 4.500000e+00
      vertex   3.768421e+01 -2.555191e+01 4.500000e+00
      vertex   3.768421e+01 1.644929e+01 4.500000e+00
    endloop
  endfacet
  facet normal 0.000000e+00 0.000000e+00 1.000000e+00
    outer loop
      vertex   3.418411e+01 1.644929e+01 4.500000e+00
      vertex   3.768421e+01 1.644929e+01 4.500000e+00
      vertex   3.593416e+01 1.819934e+01 4.500000e+00
    endloop
  endfacet
  facet normal -0.000000e+00 0.000000e+00 1.000000e+00
    outer loop
      vertex   3.593416e+01 1.819934e+01 4.500000e+00
      vertex   3.768421e+01 1.644929e+01 4.500000e+00
      vertex   3.768421e+01 3.394979e+01 4.500000e+00
    endloop
  endfacet
  facet normal 0.000000e+00 0.000000e+00 1.000000e+00
    outer loop
      vertex   3.593416e+01 1.819934e+01 4.500000e+00
      vertex   3.768421e+01 3.394979e+01 4.500000e+00
      vertex   3.593416e+01 3.394979e+01 4.500000e+00
    endloop
  endfacet
  facet normal 0.000000e+00 0.000000e+00 1.000000e+00
    outer loop
      vertex   3.593416e+01 3.394979e+01 4.500000e+00
      vertex   3.768421e+01 3.394979e+01 4.500000e+00
      vertex   3.760954e+01 3.499632e+01 4.500000e+00
    endloop
  endfacet
  facet normal 0.000000e+00 -0.000000e+00 1.000000e+00
    outer loop
      vertex   3.593416e+01 3.394979e+01 4.500000e+00
      vertex   3.760954e+01 3.499632e+01 4.500000e+00
      vertex   3.584899e+01 3.492282e+01 4.500000e+00
    endloop
  endfacet
  facet normal 0.000000e+00 0.000000e+00 1.000000e+00
    outer loop
      vertex   3.584899e+01 3.492282e+01 4.500000e+00
      vertex   3.760954e+01 3.499632e+01 4.500000e+00
      vertex   3.738670e+01 3.602068e+01 4.500000e+00
    endloop
  endfacet
  facet normal 0.000000e+00 -0.000000e+00 1.000000e+00
    outer loop
      vertex   3.584899e+01 3.492282e+01 4.500000e+00
      vertex   3.738670e+01 3.602068e+01 4.500000e+00
      vertex   3.559699e+01 3.586551e+01 4.500000e+00
    endloop
  endfacet
  facet normal 0.000000e+00 0.000000e+00 1.000000e+00
    outer loop
      vertex   3.559699e+01 3.586551e+01 4.500000e+00
      vertex   3.738670e+01 3.602068e+01 4.500000e+00
      vertex   3.702036e+01 3.700304e+01 4.500000e+00
    endloop
  endfacet
  facet normal 0.000000e+00 -0.000000e+00 1.000000e+00
    outer loop
      vertex   3.559699e+01 3.586551e+01 4.500000e+00
      vertex   3.702036e+01 3.700304e+01 4.500000e+00
      vertex   3.518397e+01 3.674987e+01 4.500000e+00
    endloop
  endfacet
  facet normal 0.000000e+00 0.000000e+00 1.000000e+00
    outer loop
      vertex   3.518397e+01 3.674987e+01 4.500000e+00
      vertex   3.702036e+01 3.700304e+01 4.500000e+00
      vertex   3.651751e+01 3.792357e+01 4.500000e+00
    endloop
  endfacet
  facet normal 0.000000e+00 -0.000000e+00 1.000000e+00
    outer loop
      vertex   3.518397e+01 3.674987e+01 4.500000e+00
      vertex   3.651751e+01 3.792357e+01 4.500000e+00
      vertex   3.462395e+01 3.754906e+01 4.500000e+00
    endloop
  endfacet
  facet normal 0.000000e+00 0.000000e+00 1.000000e+00
    outer loop
      vertex   3.462395e+01 3.754906e+01 4.500000e+00
      vertex   3.651751e+01 3.792357e+01 4.500000e+00
      vertex   3.588866e+01 3.876359e+01 4.500000e+00
    endloop
  endfacet
  facet normal 0.000000e+00 -0.000000e+00 1.000000e+00
    outer loop
      vertex   3.462395e+01 3.754906e+01 4.500000e+00
      vertex   3.588866e+01 3.876359e+01 4.500000e+00
      vertex   3.393327e+01 3.823974e+01 4.500000e+00
    endloop
  endfacet
  facet normal 0.000000e+00 0.000000e+00 1.000000e+00
    outer loop
      vertex   3.393327e+01 3.823974e+01 4.500000e+00
      vertex   3.588866e+01 3.876359e+01 4.500000e+00
      vertex   3.514780e+01 3.950445e+01 4.500000e+00
    endloop
  endfacet
  facet normal 0.000000e+00 0.000000e+00 1.000000e+00
    outer loop
      vertex   3.393327e+01 3.823974e+01 4.500000e+00
      vertex   3.514780e+01 3.950445e+01 4.500000e+00
      vertex   3.430778e+01 4.013330e+01 4.500000e+00
    endloop
  endfacet
  facet normal -0.000000e+00 0.000000e+00 1.000000e+00
    outer loop
      vertex   3.313408e+01 -4.790238e+01 4.500000e+00
      vertex   3.430778e+01 -4.923592e+01 4.500000e+00
      vertex   3.393327e+01 -4.734236e+01 4.500000e+00
    endloop
  endfacet
  facet normal 0.000000e+00 0.000000e+00 1.000000e+00
    outer loop
      vertex   3.393327e+01 -4.734236e+01 4.500000e+00
      vertex   3.430778e+01 -4.923592e+01 4.500000e+00
      vertex   3.514780e+01 -4.860707e+01 4.500000e+00
    endloop
  endfacet
  facet normal 0.000000e+00 0.000000e+00 1.000000e+00
    outer loop
      vertex   3.393327e+01 -4.734236e+01 4.500000e+00
      vertex   3.514780e+01 -4.860707e+01 4.500000e+00
      vertex   3.588866e+01 -4.786621e+01 4.500000e+00
    endloop
  endfacet
  facet normal 0.000000e+00 0.000000e+00 1.000000e+00
    outer loop
      vertex   3.430778e+01 -4.923592e+01 4.500000e+00
      vertex   3.313408e+01 -4.790238e+01 4.500000e+00
      vertex   3.338725e+01 -4.973877e+01 4.500000e+00
    endloop
  endfacet
  facet normal 0.000000e+00 0.000000e+00 1.000000e+00
    outer loop
      vertex   3.338725e+01 -4.973877e+01 4.500000e+00
      vertex   3.313408e+01 -4.790238e+01 4.500000e+00
      vertex   3.224972e+01 -4.831540e+01 4.500000e+00
    endloop
  endfacet
  facet normal 0.000000e+00 0.000000e+00 1.000000e+00
    outer loop
      vertex   3.338725e+01 -4.973877e+01 4.500000e+00
      vertex   3.224972e+01 -4.831540e+01 4.500000e+00
      vertex   3.240489e+01 -5.010511e+01 4.500000e+00
    endloop
  endfacet
  facet normal 0.000000e+00 0.000000e+00 1.000000e+00
    outer loop
      vertex   3.240489e+01 -5.010511e+01 4.500000e+00
      vertex   3.224972e+01 -4.831540e+01 4.500000e+00
      vertex   3.130703e+01 -4.856740e+01 4.500000e+00
    endloop
  endfacet
  facet normal 0.000000e+00 0.000000e+00 1.000000e+00
    outer loop
      vertex   3.240489e+01 -5.010511e+01 4.500000e+00
      vertex   3.130703e+01 -4.856740e+01 4.500000e+00
      vertex   3.138053e+01 -5.032795e+01 4.500000e+00
    endloop
  endfacet
  facet normal 0.000000e+00 0.000000e+00 1.000000e+00
    outer loop
      vertex   3.138053e+01 -5.032795e+01 4.500000e+00
      vertex   3.130703e+01 -4.856740e+01 4.500000e+00
      vertex   3.033400e+01 -4.865257e+01 4.500000e+00
    endloop
  endfacet
  facet normal 0.000000e+00 0.000000e+00 1.000000e+00
    outer loop
      vertex   3.138053e+01 -5.032795e+01 4.500000e+00
      vertex   3.033400e+01 -4.865257e+01 4.500000e+00
      vertex   3.033400e+01 -5.040262e+01 4.500000e+00
    endloop
  endfacet
  facet normal 0.000000e+00 -0.000000e+00 1.000000e+00
    outer loop
      vertex   3.033400e+01 -5.040262e+01 4.500000e+00
      vertex   3.033400e+01 -4.865257e+01 4.500000e+00
      vertex   2.858395e+01 -4.865257e+01 4.500000e+00
    endloop
  endfacet
  facet normal 0.000000e+00 0.000000e+00 1.000000e+00
    outer loop
      vertex   3.033400e+01 -5.040262e+01 4.500000e+00
      vertex   2.858395e+01 -4.865257e+01 4.500000e+00
      vertex   2.683390e+01 -5.040262e+01 4.500000e+00
    endloop
  endfacet
  facet normal 0.000000e+00 0.000000e+00 1.000000e+00
    outer loop
      vertex   2.683390e+01 -5.040262e+01 4.500000e+00
      vertex   2.858395e+01 -4.865257e+01 4.500000e+00
      vertex   2.683390e+01 -4.690252e+01 4.500000e+00
    endloop
  endfacet
  facet normal 0.000000e+00 -0.000000e+00 1.000000e+00
    outer loop
      vertex   2.683390e+01 -5.040262e+01 4.500000e+00
      vertex   2.683390e+01 -4.690252e+01 4.500000e+00
      vertex   7.000000e+00 -4.690252e+01 4.500000e+00
    endloop
  endfacet
  facet normal 0.000000e+00 0.000000e+00 1.000000e+00
    outer loop
      vertex   2.683390e+01 -5.040262e+01 4.500000e+00
      vertex   7.000000e+00 -4.690252e+01 4.500000e+00
      vertex   7.000000e+00 -5.040262e+01 4.500000e+00
    endloop
  endfacet
  facet normal 0.000000e+00 -0.000000e+00 1.000000e+00
    outer loop
      vertex   7.000000e+00 -5.040262e+01 4.500000e+00
      vertex   7.000000e+00 -4.690252e+01 4.500000e+00
      vertex   5.249950e+00 -4.865257e+01 4.500000e+00
    endloop
  endfacet
  facet normal 0.000000e+00 0.000000e+00 1.000000e+00
    outer loop
      vertex   7.000000e+00 -5.040262e+01 4.500000e+00
      vertex   5.249950e+00 -4.865257e+01 4.500000e+00
      vertex   3.499900e+00 -5.040262e+01 4.500000e+00
    endloop
  endfacet
  facet normal 0.000000e+00 0.000000e+00 1.000000e+00
    outer loop
      vertex   3.499900e+00 -5.040262e+01 4.500000e+00
      vertex   5.249950e+00 -4.865257e+01 4.500000e+00
      vertex   3.499900e+00 -4.865257e+01 4.500000e+00
    endloop
  endfacet
  facet normal 0.000000e+00 -0.000000e+00 1.000000e+00
    outer loop
      vertex   3.393327e+01 3.823974e+01 4.500000e+00
      vertex   3.430778e+01 4.013330e+01 4.500000e+00
      vertex   3.313408e+01 3.879976e+01 4.500000e+00
    endloop
  endfacet
  facet normal 0.000000e+00 0.000000e+00 1.000000e+00
    outer loop
      vertex   3.313408e+01 3.879976e+01 4.500000e+00
      vertex   3.430778e+01 4.013330e+01 4.500000e+00
      vertex   3.338725e+01 4.063615e+01 4.500000e+00
    endloop
  endfacet
  facet normal 0.000000e+00 -0.000000e+00 1.000000e+00
    outer loop
      vertex   3.313408e+01 3.879976e+01 4.500000e+00
      vertex   3.338725e+01 4.063615e+01 4.500000e+00
      vertex   3.224972e+01 3.921278e+01 4.500000e+00
    endloop
  endfacet
  facet normal 0.000000e+00 0.000000e+00 1.000000e+00
    outer loop
      vertex   3.224972e+01 3.921278e+01 4.500000e+00
      vertex   3.338725e+01 4.063615e+01 4.500000e+00
      vertex   3.240489e+01 4.100249e+01 4.500000e+00
    endloop
  endfacet
  facet normal 0.000000e+00 -0.000000e+00 1.000000e+00
    outer loop
      vertex   3.224972e+01 3.921278e+01 4.500000e+00
      vertex   3.240489e+01 4.100249e+01 4.500000e+00
      vertex   3.130703e+01 3.946478e+01 4.500000e+00
    endloop
  endfacet
  facet normal 0.000000e+00 0.000000e+00 1.000000e+00
    outer loop
      vertex   3.130703e+01 3.946478e+01 4.500000e+00
      vertex   3.240489e+01 4.100249e+01 4.500000e+00
      vertex   3.138053e+01 4.122533e+01 4.500000e+00
    endloop
  endfacet
  facet normal 0.000000e+00 -0.000000e+00 1.000000e+00
    outer loop
      vertex   3.130703e+01 3.946478e+01 4.500000e+00
      vertex   3.138053e+01 4.122533e+01 4.500000e+00
      vertex   3.033400e+01 3.954995e+01 4.500000e+00
    endloop
  endfacet
  facet normal 0.000000e+00 0.000000e+00 1.000000e+00
    outer loop
      vertex   3.033400e+01 3.954995e+01 4.500000e+00
      vertex   3.138053e+01 4.122533e+01 4.500000e+00
      vertex   3.033400e+01 4.130000e+01 4.500000e+00
    endloop
  endfacet
  facet normal 0.000000e+00 -0.000000e+00 1.000000e+00
    outer loop
      vertex   3.033400e+01 3.954995e+01 4.500000e+00
      vertex   3.033400e+01 4.130000e+01 4.500000e+00
      vertex   2.858395e+01 3.954995e+01 4.500000e+00
    endloop
  endfacet
  facet normal 0.000000e+00 -0.000000e+00 1.000000e+00
    outer loop
      vertex   2.858395e+01 3.954995e+01 4.500000e+00
      vertex   3.033400e+01 4.130000e+01 4.500000e+00
      vertex   2.683390e+01 4.130000e+01 4.500000e+00
    endloop
  endfacet
  facet normal 0.000000e+00 0.000000e+00 1.000000e+00
    outer loop
      vertex   2.858395e+01 3.954995e+01 4.500000e+00
      vertex   2.683390e+01 4.130000e+01 4.500000e+00
      vertex   2.683390e+01 3.779990e+01 4.500000e+00
    endloop
  endfacet
  facet normal 0.000000e+00 -0.000000e+00 1.000000e+00
    outer loop
      vertex   2.683390e+01 3.779990e+01 4.500000e+00
      vertex   2.683390e+01 4.130000e+01 4.500000e+00
      vertex   7.000000e+00 4.130000e+01 4.500000e+00
    endloop
  endfacet
  facet normal 0.000000e+00 0.000000e+00 1.000000e+00
    outer loop
      vertex   2.683390e+01 3.779990e+01 4.500000e+00
      vertex   7.000000e+00 4.130000e+01 4.500000e+00
      vertex   7.000000e+00 3.779990e+01 4.500000e+00
    endloop
  endfacet
  facet normal 0.000000e+00 -0.000000e+00 1.000000e+00
    outer loop
      vertex   7.000000e+00 3.779990e+01 4.500000e+00
      vertex   7.000000e+00 4.130000e+01 4.500000e+00
      vertex   5.249950e+00 3.954995e+01 4.500000e+00
    endloop
  endfacet
  facet normal 0.000000e+00 -0.000000e+00 1.000000e+00
    outer loop
      vertex   5.249950e+00 3.954995e+01 4.500000e+00
      vertex   7.000000e+00 4.130000e+01 4.500000e+00
      vertex   -2.333420e+01 4.130000e+01 4.500000e+00
    endloop
  endfacet
  facet normal 0.000000e+00 0.000000e+00 1.000000e+00
    outer loop
      vertex   5.249950e+00 3.954995e+01 4.500000e+00
      vertex   -2.333420e+01 4.130000e+01 4.500000e+00
      vertex   -2.158415e+01 3.954995e+01 4.500000e+00
    endloop
  endfacet
  facet normal 0.000000e+00 0.000000e+00 1.000000e+00
    outer loop
      vertex   -2.158415e+01 3.954995e+01 4.500000e+00
      vertex   -2.333420e+01 4.130000e+01 4.500000e+00
      vertex   -2.333420e+01 3.779990e+01 4.500000e+00
    endloop
  endfacet
  facet normal 0.000000e+00 -0.000000e+00 1.000000e+00
    outer loop
      vertex   -2.333420e+01 3.779990e+01 4.500000e+00
      vertex   -2.333420e+01 4.130000e+01 4.500000e+00
      vertex   -4.316810e+01 4.130000e+01 4.500000e+00
    endloop
  endfacet
  facet normal 0.000000e+00 0.000000e+00 1.000000e+00
    outer loop
      vertex   -2.333420e+01 3.779990e+01 4.500000e+00
      vertex   -4.316810e+01 4.130000e+01 4.500000e+00
      vertex   -4.316810e+01 3.779990e+01 4.500000e+00
    endloop
  endfacet
  facet normal 0.000000e+00 -0.000000e+00 1.000000e+00
    outer loop
      vertex   -4.316810e+01 3.779990e+01 4.500000e+00
      vertex   -4.316810e+01 4.130000e+01 4.500000e+00
      vertex   -4.491815e+01 3.954995e+01 4.500000e+00
    endloop
  endfacet
  facet normal 0.000000e+00 -0.000000e+00 1.000000e+00
    outer loop
      vertex   -4.491815e+01 3.954995e+01 4.500000e+00
      vertex   -4.316810e+01 4.130000e+01 4.500000e+00
      vertex   -4.666820e+01 4.130000e+01 4.500000e+00
    endloop
  endfacet
  facet normal 0.000000e+00 0.000000e+00 1.000000e+00
    outer loop
      vertex   -4.491815e+01 3.954995e+01 4.500000e+00
      vertex   -4.666820e+01 4.130000e+01 4.500000e+00
      vertex   -4.666820e+01 3.954995e+01 4.500000e+00
    endloop
  endfacet
  facet normal 0.000000e+00 -0.000000e+00 1.000000e+00
    outer loop
      vertex   -4.666820e+01 3.954995e+01 4.500000e+00
      vertex   -4.666820e+01 4.130000e+01 4.500000e+00
      vertex   -4.771473e+01 4.122533e+01 4.500000e+00
    endloop
  endfacet
  facet normal 0.000000e+00 0.000000e+00 1.000000e+00
    outer loop
      vertex   -4.666820e+01 3.954995e+01 4.500000e+00
      vertex   -4.771473e+01 4.122533e+01 4.500000e+00
      vertex   -4.764123e+01 3.946478e+01 4.500000e+00
    endloop
  endfacet
  facet normal 0.000000e+00 0.000000e+00 1.000000e+00
    outer loop
      vertex   -4.764123e+01 3.946478e+01 4.500000e+00
      vertex   -4.771473e+01 4.122533e+01 4.500000e+00
      vertex   -4.873909e+01 4.100249e+01 4.500000e+00
    endloop
  endfacet
  facet normal 0.000000e+00 0.000000e+00 1.000000e+00
    outer loop
      vertex   -4.764123e+01 3.946478e+01 4.500000e+00
      vertex   -4.873909e+01 4.100249e+01 4.500000e+00
      vertex   -4.858392e+01 3.921278e+01 4.500000e+00
    endloop
  endfacet
  facet normal 0.000000e+00 0.000000e+00 1.000000e+00
    outer loop
      vertex   -4.858392e+01 3.921278e+01 4.500000e+00
      vertex   -4.873909e+01 4.100249e+01 4.500000e+00
      vertex   -4.972145e+01 4.063615e+01 4.500000e+00
    endloop
  endfacet
  facet normal 0.000000e+00 0.000000e+00 1.000000e+00
    outer loop
      vertex   -4.858392e+01 3.921278e+01 4.500000e+00
      vertex   -4.972145e+01 4.063615e+01 4.500000e+00
      vertex   -4.946828e+01 3.879976e+01 4.500000e+00
    endloop
  endfacet
  facet normal 0.000000e+00 0.000000e+00 1.000000e+00
    outer loop
      vertex   -4.946828e+01 3.879976e+01 4.500000e+00
      vertex   -4.972145e+01 4.063615e+01 4.500000e+00
      vertex   -5.064198e+01 4.013330e+01 4.500000e+00
    endloop
  endfacet
  facet normal 0.000000e+00 0.000000e+00 1.000000e+00
    outer loop
      vertex   -4.946828e+01 3.879976e+01 4.500000e+00
      vertex   -5.064198e+01 4.013330e+01 4.500000e+00
      vertex   -5.026747e+01 3.823974e+01 4.500000e+00
    endloop
  endfacet
  facet normal 0.000000e+00 0.000000e+00 1.000000e+00
    outer loop
      vertex   -5.026747e+01 3.823974e+01 4.500000e+00
      vertex   -5.064198e+01 4.013330e+01 4.500000e+00
      vertex   -5.148200e+01 3.950445e+01 4.500000e+00
    endloop
  endfacet
  facet normal 0.000000e+00 0.000000e+00 1.000000e+00
    outer loop
      vertex   -5.026747e+01 3.823974e+01 4.500000e+00
      vertex   -5.148200e+01 3.950445e+01 4.500000e+00
      vertex   -5.222286e+01 3.876359e+01 4.500000e+00
    endloop
  endfacet
  facet normal 0.000000e+00 0.000000e+00 1.000000e+00
    outer loop
      vertex   -5.026747e+01 3.823974e+01 4.500000e+00
      vertex   -5.222286e+01 3.876359e+01 4.500000e+00
      vertex   -5.095815e+01 3.754906e+01 4.500000e+00
    endloop
  endfacet
  facet normal 0.000000e+00 0.000000e+00 1.000000e+00
    outer loop
      vertex   -5.095815e+01 3.754906e+01 4.500000e+00
      vertex   -5.222286e+01 3.876359e+01 4.500000e+00
      vertex   -5.285171e+01 3.792357e+01 4.500000e+00
    endloop
  endfacet
  facet normal 0.000000e+00 0.000000e+00 1.000000e+00
    outer loop
      vertex   -5.095815e+01 3.754906e+01 4.500000e+00
      vertex   -5.285171e+01 3.792357e+01 4.500000e+00
      vertex   -5.151817e+01 3.674987e+01 4.500000e+00
    endloop
  endfacet
  facet normal 0.000000e+00 0.000000e+00 1.000000e+00
    outer loop
      vertex   -5.151817e+01 3.674987e+01 4.500000e+00
      vertex   -5.285171e+01 3.792357e+01 4.500000e+00
      vertex   -5.335456e+01 3.700304e+01 4.500000e+00
    endloop
  endfacet
  facet normal 0.000000e+00 0.000000e+00 1.000000e+00
    outer loop
      vertex   -5.151817e+01 3.674987e+01 4.500000e+00
      vertex   -5.335456e+01 3.700304e+01 4.500000e+00
      vertex   -5.193119e+01 3.586551e+01 4.500000e+00
    endloop
  endfacet
  facet normal 0.000000e+00 0.000000e+00 1.000000e+00
    outer loop
      vertex   -5.193119e+01 3.586551e+01 4.500000e+00
      vertex   -5.335456e+01 3.700304e+01 4.500000e+00
      vertex   -5.372090e+01 3.602068e+01 4.500000e+00
    endloop
  endfacet
  facet normal 0.000000e+00 0.000000e+00 1.000000e+00
    outer loop
      vertex   -5.193119e+01 3.586551e+01 4.500000e+00
      vertex   -5.372090e+01 3.602068e+01 4.500000e+00
      vertex   -5.218319e+01 3.492282e+01 4.500000e+00
    endloop
  endfacet
  facet normal 0.000000e+00 0.000000e+00 1.000000e+00
    outer loop
      vertex   -5.218319e+01 3.492282e+01 4.500000e+00
      vertex   -5.372090e+01 3.602068e+01 4.500000e+00
      vertex   -5.394374e+01 3.499632e+01 4.500000e+00
    endloop
  endfacet
  facet normal 0.000000e+00 0.000000e+00 1.000000e+00
    outer loop
      vertex   -5.218319e+01 3.492282e+01 4.500000e+00
      vertex   -5.394374e+01 3.499632e+01 4.500000e+00
      vertex   -5.226836e+01 3.394979e+01 4.500000e+00
    endloop
  endfacet
  facet normal 0.000000e+00 0.000000e+00 1.000000e+00
    outer loop
      vertex   -5.226836e+01 3.394979e+01 4.500000e+00
      vertex   -5.394374e+01 3.499632e+01 4.500000e+00
      vertex   -5.401841e+01 3.394979e+01 4.500000e+00
    endloop
  endfacet
  facet normal 0.000000e+00 0.000000e+00 1.000000e+00
    outer loop
      vertex   -5.226836e+01 3.394979e+01 4.500000e+00
      vertex   -5.401841e+01 3.394979e+01 4.500000e+00
      vertex   -5.226836e+01 1.819934e+01 4.500000e+00
    endloop
  endfacet
  facet normal 0.000000e+00 0.000000e+00 1.000000e+00
    outer loop
      vertex   -5.226836e+01 1.819934e+01 4.500000e+00
      vertex   -5.401841e+01 3.394979e+01 4.500000e+00
      vertex   -5.401841e+01 1.644929e+01 4.500000e+00
    endloop
  endfacet
  facet normal 0.000000e+00 0.000000e+00 1.000000e+00
    outer loop
      vertex   -5.226836e+01 1.819934e+01 4.500000e+00
      vertex   -5.401841e+01 1.644929e+01 4.500000e+00
      vertex   -5.051831e+01 1.644929e+01 4.500000e+00
    endloop
  endfacet
  facet normal 0.000000e+00 0.000000e+00 1.000000e+00
    outer loop
      vertex   -5.051831e+01 1.644929e+01 4.500000e+00
      vertex   -5.401841e+01 1.644929e+01 4.500000e+00
      vertex   -5.051831e+01 -2.555191e+01 4.500000e+00
    endloop
  endfacet
  facet normal 0.000000e+00 0.000000e+00 1.000000e+00
    outer loop
      vertex   -5.051831e+01 -2.555191e+01 4.500000e+00
      vertex   -5.401841e+01 1.644929e+01 4.500000e+00
      vertex   -5.401841e+01 -2.555191e+01 4.500000e+00
    endloop
  endfacet
  facet normal 0.000000e+00 0.000000e+00 1.000000e+00
    outer loop
      vertex   -5.051831e+01 -2.555191e+01 4.500000e+00
      vertex   -5.401841e+01 -2.555191e+01 4.500000e+00
      vertex   -5.226836e+01 -2.730196e+01 4.500000e+00
    endloop
  endfacet
  facet normal 0.000000e+00 0.000000e+00 1.000000e+00
    outer loop
      vertex   -5.226836e+01 -2.730196e+01 4.500000e+00
      vertex   -5.401841e+01 -2.555191e+01 4.500000e+00
      vertex   -5.401841e+01 -4.305241e+01 4.500000e+00
    endloop
  endfacet
  facet normal 0.000000e+00 0.000000e+00 1.000000e+00
    outer loop
      vertex   -5.226836e+01 -2.730196e+01 4.500000e+00
      vertex   -5.401841e+01 -4.305241e+01 4.500000e+00
      vertex   -5.226836e+01 -4.305241e+01 4.500000e+00
    endloop
  endfacet
  facet normal 0.000000e+00 0.000000e+00 1.000000e+00
    outer loop
      vertex   -5.226836e+01 -4.305241e+01 4.500000e+00
      vertex   -5.401841e+01 -4.305241e+01 4.500000e+00
      vertex   -5.394374e+01 -4.409894e+01 4.500000e+00
    endloop
  endfacet
  facet normal 0.000000e+00 0.000000e+00 1.000000e+00
    outer loop
      vertex   -5.226836e+01 -4.305241e+01 4.500000e+00
      vertex   -5.394374e+01 -4.409894e+01 4.500000e+00
      vertex   -5.218319e+01 -4.402544e+01 4.500000e+00
    endloop
  endfacet
  facet normal 0.000000e+00 0.000000e+00 1.000000e+00
    outer loop
      vertex   -5.218319e+01 -4.402544e+01 4.500000e+00
      vertex   -5.394374e+01 -4.409894e+01 4.500000e+00
      vertex   -5.372090e+01 -4.512330e+01 4.500000e+00
    endloop
  endfacet
  facet normal 0.000000e+00 0.000000e+00 1.000000e+00
    outer loop
      vertex   -5.218319e+01 -4.402544e+01 4.500000e+00
      vertex   -5.372090e+01 -4.512330e+01 4.500000e+00
      vertex   -5.193119e+01 -4.496813e+01 4.500000e+00
    endloop
  endfacet
  facet normal 0.000000e+00 0.000000e+00 1.000000e+00
    outer loop
      vertex   -5.193119e+01 -4.496813e+01 4.500000e+00
      vertex   -5.372090e+01 -4.512330e+01 4.500000e+00
      vertex   -5.335456e+01 -4.610566e+01 4.500000e+00
    endloop
  endfacet
  facet normal 0.000000e+00 0.000000e+00 1.000000e+00
    outer loop
      vertex   -5.193119e+01 -4.496813e+01 4.500000e+00
      vertex   -5.335456e+01 -4.610566e+01 4.500000e+00
      vertex   -5.151817e+01 -4.585249e+01 4.500000e+00
    endloop
  endfacet
  facet normal 0.000000e+00 0.000000e+00 1.000000e+00
    outer loop
      vertex   -5.151817e+01 -4.585249e+01 4.500000e+00
      vertex   -5.335456e+01 -4.610566e+01 4.500000e+00
      vertex   -5.285171e+01 -4.702619e+01 4.500000e+00
    endloop
  endfacet
  facet normal 0.000000e+00 0.000000e+00 1.000000e+00
    outer loop
      vertex   -5.151817e+01 -4.585249e+01 4.500000e+00
      vertex   -5.285171e+01 -4.702619e+01 4.500000e+00
      vertex   -5.095815e+01 -4.665168e+01 4.500000e+00
    endloop
  endfacet
  facet normal 0.000000e+00 0.000000e+00 1.000000e+00
    outer loop
      vertex   -5.095815e+01 -4.665168e+01 4.500000e+00
      vertex   -5.285171e+01 -4.702619e+01 4.500000e+00
      vertex   -5.222286e+01 -4.786621e+01 4.500000e+00
    endloop
  endfacet
  facet normal 0.000000e+00 0.000000e+00 1.000000e+00
    outer loop
      vertex   -5.095815e+01 -4.665168e+01 4.500000e+00
      vertex   -5.222286e+01 -4.786621e+01 4.500000e+00
      vertex   -5.026747e+01 -4.734236e+01 4.500000e+00
    endloop
  endfacet
  facet normal 0.000000e+00 0.000000e+00 1.000000e+00
    outer loop
      vertex   -5.026747e+01 -4.734236e+01 4.500000e+00
      vertex   -5.222286e+01 -4.786621e+01 4.500000e+00
      vertex   -5.148200e+01 -4.860707e+01 4.500000e+00
    endloop
  endfacet
  facet normal 0.000000e+00 0.000000e+00 1.000000e+00
    outer loop
      vertex   -5.026747e+01 -4.734236e+01 4.500000e+00
      vertex   -5.148200e+01 -4.860707e+01 4.500000e+00
      vertex   -5.064198e+01 -4.923592e+01 4.500000e+00
    endloop
  endfacet
  facet normal 0.000000e+00 0.000000e+00 1.000000e+00
    outer loop
      vertex   -5.026747e+01 -4.734236e+01 4.500000e+00
      vertex   -5.064198e+01 -4.923592e+01 4.500000e+00
      vertex   -4.946828e+01 -4.790238e+01 4.500000e+00
    endloop
  endfacet
  facet normal 0.000000e+00 0.000000e+00 1.000000e+00
    outer loop
      vertex   -4.946828e+01 -4.790238e+01 4.500000e+00
      vertex   -5.064198e+01 -4.923592e+01 4.500000e+00
      vertex   -4.972145e+01 -4.973877e+01 4.500000e+00
    endloop
  endfacet
  facet normal 0.000000e+00 0.000000e+00 1.000000e+00
    outer loop
      vertex   -4.946828e+01 -4.790238e+01 4.500000e+00
      vertex   -4.972145e+01 -4.973877e+01 4.500000e+00
      vertex   -4.858392e+01 -4.831540e+01 4.500000e+00
    endloop
  endfacet
  facet normal 0.000000e+00 0.000000e+00 1.000000e+00
    outer loop
      vertex   -4.858392e+01 -4.831540e+01 4.500000e+00
      vertex   -4.972145e+01 -4.973877e+01 4.500000e+00
      vertex   -4.873909e+01 -5.010511e+01 4.500000e+00
    endloop
  endfacet
  facet normal 0.000000e+00 0.000000e+00 1.000000e+00
    outer loop
      vertex   -4.858392e+01 -4.831540e+01 4.500000e+00
      vertex   -4.873909e+01 -5.010511e+01 4.500000e+00
      vertex   -4.764123e+01 -4.856740e+01 4.500000e+00
    endloop
  endfacet
  facet normal 0.000000e+00 0.000000e+00 1.000000e+00
    outer loop
      vertex   -4.764123e+01 -4.856740e+01 4.500000e+00
      vertex   -4.873909e+01 -5.010511e+01 4.500000e+00
      vertex   -4.771473e+01 -5.032795e+01 4.500000e+00
    endloop
  endfacet
  facet normal 0.000000e+00 0.000000e+00 1.000000e+00
    outer loop
      vertex   -4.764123e+01 -4.856740e+01 4.500000e+00
      vertex   -4.771473e+01 -5.032795e+01 4.500000e+00
      vertex   -4.666820e+01 -4.865257e+01 4.500000e+00
    endloop
  endfacet
  facet normal 0.000000e+00 0.000000e+00 1.000000e+00
    outer loop
      vertex   -4.666820e+01 -4.865257e+01 4.500000e+00
      vertex   -4.771473e+01 -5.032795e+01 4.500000e+00
      vertex   -4.666820e+01 -5.040262e+01 4.500000e+00
    endloop
  endfacet
  facet normal -0.000000e+00 0.000000e+00 1.000000e+00
    outer loop
      vertex   -4.666820e+01 -4.865257e+01 4.500000e+00
      vertex   -4.666820e+01 -5.040262e+01 4.500000e+00
      vertex   -4.491815e+01 -4.865257e+01 4.500000e+00
    endloop
  endfacet
  facet normal 0.000000e+00 0.000000e+00 1.000000e+00
    outer loop
      vertex   -4.491815e+01 -4.865257e+01 4.500000e+00
      vertex   -4.666820e+01 -5.040262e+01 4.500000e+00
      vertex   -4.316810e+01 -5.040262e+01 4.500000e+00
    endloop
  endfacet
  facet normal -0.000000e+00 0.000000e+00 1.000000e+00
    outer loop
      vertex   -4.491815e+01 -4.865257e+01 4.500000e+00
      vertex   -4.316810e+01 -5.040262e+01 4.500000e+00
      vertex   -4.316810e+01 -4.690252e+01 4.500000e+00
    endloop
  endfacet
  facet normal 0.000000e+00 0.000000e+00 1.000000e+00
    outer loop
      vertex   -4.316810e+01 -4.690252e+01 4.500000e+00
      vertex   -4.316810e+01 -5.040262e+01 4.500000e+00
      vertex   -2.333420e+01 -5.040262e+01 4.500000e+00
    endloop
  endfacet
  facet normal -0.000000e+00 0.000000e+00 1.000000e+00
    outer loop
      vertex   -4.316810e+01 -4.690252e+01 4.500000e+00
      vertex   -2.333420e+01 -5.040262e+01 4.500000e+00
      vertex   -2.333420e+01 -4.690252e+01 4.500000e+00
    endloop
  endfacet
  facet normal 0.000000e+00 0.000000e+00 1.000000e+00
    outer loop
      vertex   -2.333420e+01 -4.690252e+01 4.500000e+00
      vertex   -2.333420e+01 -5.040262e+01 4.500000e+00
      vertex   -2.158415e+01 -4.865257e+01 4.500000e+00
    endloop
  endfacet
  facet normal 0.000000e+00 0.000000e+00 1.000000e+00
    outer loop
      vertex   -2.158415e+01 -4.865257e+01 4.500000e+00
      vertex   -2.333420e+01 -5.040262e+01 4.500000e+00
      vertex   -1.983410e+01 -5.040262e+01 4.500000e+00
    endloop
  endfacet
  facet normal -0.000000e+00 0.000000e+00 1.000000e+00
    outer loop
      vertex   -2.158415e+01 -4.865257e+01 4.500000e+00
      vertex   -1.983410e+01 -5.040262e+01 4.500000e+00
      vertex   -1.983410e+01 -4.865257e+01 4.500000e+00
    endloop
  endfacet
  facet normal -6.499721e-02 -9.978854e-01 -0.000000e+00
    outer loop
      vertex   -4.788623e+01 -5.230667e+01 9.999000e-01
      vertex   -4.788623e+01 -5.230667e+01 -2.575015e+01
      vertex   -4.666820e+01 -5.238601e+01 9.999000e-01
    endloop
  endfacet
  facet normal -6.499721e-02 -9.978854e-01 5.473873e-16
    outer loop
      vertex   -4.666820e+01 -5.238601e+01 9.999000e-01
      vertex   -4.788623e+01 -5.230667e+01 -2.575015e+01
      vertex   -4.666820e+01 -5.238601e+01 -2.575015e+01
    endloop
  endfacet
  facet normal -9.978854e-01 -6.499721e-02 3.452950e-17
    outer loop
      vertex   -5.600180e+01 -4.305241e+01 9.999000e-01
      vertex   -5.600180e+01 -4.305241e+01 -2.575015e+01
      vertex   -5.592246e+01 -4.427044e+01 9.999000e-01
    endloop
  endfacet
  facet normal -9.978854e-01 -6.499721e-02 -5.301226e-16
    outer loop
      vertex   -5.592246e+01 -4.427044e+01 9.999000e-01
      vertex   -5.600180e+01 -4.305241e+01 -2.575015e+01
      vertex   -5.592246e+01 -4.427044e+01 -2.575015e+01
    endloop
  endfacet
  facet normal -8.968976e-01 -4.422382e-01 -1.174686e-16
    outer loop
      vertex   -5.529128e+01 -4.662368e+01 9.999000e-01
      vertex   -5.529128e+01 -4.662368e+01 -2.575015e+01
      vertex   -5.475110e+01 -4.771921e+01 9.999000e-01
    endloop
  endfacet
  facet normal -8.968976e-01 -4.422382e-01 -0.000000e+00
    outer loop
      vertex   -5.475110e+01 -4.771921e+01 9.999000e-01
      vertex   -5.529128e+01 -4.662368e+01 -2.575015e+01
      vertex   -5.475110e+01 -4.771921e+01 -2.575015e+01
    endloop
  endfacet
  facet normal -8.316080e-01 -5.553631e-01 -0.000000e+00
    outer loop
      vertex   -5.475110e+01 -4.771921e+01 9.999000e-01
      vertex   -5.475110e+01 -4.771921e+01 -2.575015e+01
      vertex   -5.407325e+01 -4.873424e+01 9.999000e-01
    endloop
  endfacet
  facet normal -8.316080e-01 -5.553631e-01 -1.475172e-16
    outer loop
      vertex   -5.407325e+01 -4.873424e+01 9.999000e-01
      vertex   -5.475110e+01 -4.771921e+01 -2.575015e+01
      vertex   -5.407325e+01 -4.873424e+01 -2.575015e+01
    endloop
  endfacet
  facet normal -7.519270e-01 -6.592464e-01 -1.751110e-16
    outer loop
      vertex   -5.407325e+01 -4.873424e+01 9.999000e-01
      vertex   -5.407325e+01 -4.873424e+01 -2.575015e+01
      vertex   -5.326822e+01 -4.965243e+01 9.999000e-01
    endloop
  endfacet
  facet normal -7.519270e-01 -6.592464e-01 -3.994581e-16
    outer loop
      vertex   -5.326822e+01 -4.965243e+01 9.999000e-01
      vertex   -5.407325e+01 -4.873424e+01 -2.575015e+01
      vertex   -5.326822e+01 -4.965243e+01 -2.575015e+01
    endloop
  endfacet
  facet normal -6.592464e-01 -7.519270e-01 -3.502219e-16
    outer loop
      vertex   -5.326822e+01 -4.965243e+01 9.999000e-01
      vertex   -5.326822e+01 -4.965243e+01 -2.575015e+01
      vertex   -5.235003e+01 -5.045745e+01 9.999000e-01
    endloop
  endfacet
  facet normal -6.592464e-01 -7.519270e-01 -0.000000e+00
    outer loop
      vertex   -5.235003e+01 -5.045745e+01 9.999000e-01
      vertex   -5.326822e+01 -4.965243e+01 -2.575015e+01
      vertex   -5.235003e+01 -5.045745e+01 -2.575015e+01
    endloop
  endfacet
  facet normal -5.553631e-01 -8.316080e-01 -0.000000e+00
    outer loop
      vertex   -5.235003e+01 -5.045745e+01 9.999000e-01
      vertex   -5.235003e+01 -5.045745e+01 -2.575015e+01
      vertex   -5.133500e+01 -5.113531e+01 9.999000e-01
    endloop
  endfacet
  facet normal -5.553631e-01 -8.316080e-01 -2.208942e-16
    outer loop
      vertex   -5.133500e+01 -5.113531e+01 9.999000e-01
      vertex   -5.235003e+01 -5.045745e+01 -2.575015e+01
      vertex   -5.133500e+01 -5.113531e+01 -2.575015e+01
    endloop
  endfacet
  facet normal -4.422382e-01 -8.968976e-01 -3.557052e-16
    outer loop
      vertex   -5.023947e+01 -5.167549e+01 -2.575015e+01
      vertex   -5.023947e+01 -5.167549e+01 9.999000e-01
      vertex   -5.133500e+01 -5.113531e+01 -2.575015e+01
    endloop
  endfacet
  facet normal -4.422382e-01 -8.968976e-01 -2.382366e-16
    outer loop
      vertex   -5.133500e+01 -5.113531e+01 -2.575015e+01
      vertex   -5.023947e+01 -5.167549e+01 9.999000e-01
      vertex   -5.133500e+01 -5.113531e+01 9.999000e-01
    endloop
  endfacet
  facet normal -5.992859e-01 -8.005351e-01 0.000000e+00
    outer loop
      vertex   -5.064198e+01 -4.923592e+01 9.999000e-01
      vertex   -5.064198e+01 -4.923592e+01 4.500000e+00
      vertex   -5.148200e+01 -4.860707e+01 9.999000e-01
    endloop
  endfacet
  facet normal -5.992859e-01 -8.005351e-01 0.000000e+00
    outer loop
      vertex   -5.148200e+01 -4.860707e+01 9.999000e-01
      vertex   -5.064198e+01 -4.923592e+01 4.500000e+00
      vertex   -5.148200e+01 -4.860707e+01 4.500000e+00
    endloop
  endfacet
  facet normal -7.071068e-01 -7.071068e-01 0.000000e+00
    outer loop
      vertex   -5.148200e+01 -4.860707e+01 9.999000e-01
      vertex   -5.148200e+01 -4.860707e+01 4.500000e+00
      vertex   -5.222286e+01 -4.786621e+01 9.999000e-01
    endloop
  endfacet
  facet normal -7.071068e-01 -7.071068e-01 0.000000e+00
    outer loop
      vertex   -5.222286e+01 -4.786621e+01 9.999000e-01
      vertex   -5.148200e+01 -4.860707e+01 4.500000e+00
      vertex   -5.222286e+01 -4.786621e+01 4.500000e+00
    endloop
  endfacet
  facet normal -8.005351e-01 -5.992859e-01 0.000000e+00
    outer loop
      vertex   -5.222286e+01 -4.786621e+01 9.999000e-01
      vertex   -5.222286e+01 -4.786621e+01 4.500000e+00
      vertex   -5.285171e+01 -4.702619e+01 9.999000e-01
    endloop
  endfacet
  facet normal -8.005351e-01 -5.992859e-01 0.000000e+00
    outer loop
      vertex   -5.285171e+01 -4.702619e+01 9.999000e-01
      vertex   -5.222286e+01 -4.786621e+01 4.500000e+00
      vertex   -5.285171e+01 -4.702619e+01 4.500000e+00
    endloop
  endfacet
  facet normal -3.213898e-01 -9.469470e-01 -3.368994e-16
    outer loop
      vertex   -5.023947e+01 -5.167549e+01 9.999000e-01
      vertex   -5.023947e+01 -5.167549e+01 -2.575015e+01
      vertex   -4.908443e+01 -5.206750e+01 9.999000e-01
    endloop
  endfacet
  facet normal -3.213898e-01 -9.469470e-01 -0.000000e+00
    outer loop
      vertex   -4.908443e+01 -5.206750e+01 9.999000e-01
      vertex   -5.023947e+01 -5.167549e+01 -2.575015e+01
      vertex   -4.908443e+01 -5.206750e+01 -2.575015e+01
    endloop
  endfacet
  facet normal -1.957470e-01 -9.806544e-01 -0.000000e+00
    outer loop
      vertex   -4.908443e+01 -5.206750e+01 9.999000e-01
      vertex   -4.908443e+01 -5.206750e+01 -2.575015e+01
      vertex   -4.788623e+01 -5.230667e+01 9.999000e-01
    endloop
  endfacet
  facet normal -1.957470e-01 -9.806544e-01 -0.000000e+00
    outer loop
      vertex   -4.788623e+01 -5.230667e+01 9.999000e-01
      vertex   -4.908443e+01 -5.206750e+01 -2.575015e+01
      vertex   -4.788623e+01 -5.230667e+01 -2.575015e+01
    endloop
  endfacet
  facet normal 0.000000e+00 -1.000000e+00 0.000000e+00
    outer loop
      vertex   -4.666820e+01 -5.040262e+01 4.500000e+00
      vertex   -4.666820e+01 -5.040262e+01 9.999000e-01
      vertex   -4.316810e+01 -5.040262e+01 4.500000e+00
    endloop
  endfacet
  facet normal 0.000000e+00 -1.000000e+00 -0.000000e+00
    outer loop
      vertex   -4.316810e+01 -5.040262e+01 4.500000e+00
      vertex   -4.666820e+01 -5.040262e+01 9.999000e-01
      vertex   -4.316810e+01 -5.040262e+01 9.999000e-01
    endloop
  endfacet
  facet normal -3.494151e-01 -9.369680e-01 -0.000000e+00
    outer loop
      vertex   -4.972145e+01 -4.973877e+01 4.500000e+00
      vertex   -4.972145e+01 -4.973877e+01 9.999000e-01
      vertex   -4.873909e+01 -5.010511e+01 4.500000e+00
    endloop
  endfacet
  facet normal -3.494151e-01 -9.369680e-01 -0.000000e+00
    outer loop
      vertex   -4.873909e+01 -5.010511e+01 4.500000e+00
      vertex   -4.972145e+01 -4.973877e+01 9.999000e-01
      vertex   -4.873909e+01 -5.010511e+01 9.999000e-01
    endloop
  endfacet
  facet normal -4.793984e-01 -8.775974e-01 0.000000e+00
    outer loop
      vertex   -4.972145e+01 -4.973877e+01 9.999000e-01
      vertex   -4.972145e+01 -4.973877e+01 4.500000e+00
      vertex   -5.064198e+01 -4.923592e+01 9.999000e-01
    endloop
  endfacet
  facet normal -4.793984e-01 -8.775974e-01 0.000000e+00
    outer loop
      vertex   -5.064198e+01 -4.923592e+01 9.999000e-01
      vertex   -4.972145e+01 -4.973877e+01 4.500000e+00
      vertex   -5.064198e+01 -4.923592e+01 4.500000e+00
    endloop
  endfacet
  facet normal 0.000000e+00 1.000000e+00 0.000000e+00
    outer loop
      vertex   -4.666820e+01 -4.865257e+01 -2.400010e+01
      vertex   -4.666820e+01 -4.865257e+01 4.500000e+00
      vertex   -4.491815e+01 -4.865257e+01 -2.400010e+01
    endloop
  endfacet
  facet normal 0.000000e+00 1.000000e+00 -0.000000e+00
    outer loop
      vertex   -4.491815e+01 -4.865257e+01 -2.400010e+01
      vertex   -4.666820e+01 -4.865257e+01 4.500000e+00
      vertex   -4.491815e+01 -4.865257e+01 4.500000e+00
    endloop
  endfacet
  facet normal 8.719431e-02 9.961913e-01 -0.000000e+00
    outer loop
      vertex   -4.764123e+01 -4.856740e+01 -2.400010e+01
      vertex   -4.764123e+01 -4.856740e+01 4.500000e+00
      vertex   -4.666820e+01 -4.865257e+01 -2.400010e+01
    endloop
  endfacet
  facet normal 8.719431e-02 9.961913e-01 -0.000000e+00
    outer loop
      vertex   -4.666820e+01 -4.865257e+01 -2.400010e+01
      vertex   -4.764123e+01 -4.856740e+01 4.500000e+00
      vertex   -4.666820e+01 -4.865257e+01 4.500000e+00
    endloop
  endfacet
  facet normal 2.582579e-01 9.660760e-01 -0.000000e+00
    outer loop
      vertex   -4.858392e+01 -4.831540e+01 -2.400010e+01
      vertex   -4.858392e+01 -4.831540e+01 4.500000e+00
      vertex   -4.764123e+01 -4.856740e+01 -2.400010e+01
    endloop
  endfacet
  facet normal 2.582579e-01 9.660760e-01 -0.000000e+00
    outer loop
      vertex   -4.764123e+01 -4.856740e+01 -2.400010e+01
      vertex   -4.858392e+01 -4.831540e+01 4.500000e+00
      vertex   -4.764123e+01 -4.856740e+01 4.500000e+00
    endloop
  endfacet
  facet normal 4.231458e-01 9.060616e-01 0.000000e+00
    outer loop
      vertex   -4.858392e+01 -4.831540e+01 4.500000e+00
      vertex   -4.858392e+01 -4.831540e+01 -2.400010e+01
      vertex   -4.946828e+01 -4.790238e+01 4.500000e+00
    endloop
  endfacet
  facet normal 4.231458e-01 9.060616e-01 0.000000e+00
    outer loop
      vertex   -4.946828e+01 -4.790238e+01 4.500000e+00
      vertex   -4.858392e+01 -4.831540e+01 -2.400010e+01
      vertex   -4.946828e+01 -4.790238e+01 -2.400010e+01
    endloop
  endfacet
  facet normal -7.116716e-02 -9.974644e-01 -0.000000e+00
    outer loop
      vertex   -4.771473e+01 -5.032795e+01 4.500000e+00
      vertex   -4.771473e+01 -5.032795e+01 9.999000e-01
      vertex   -4.666820e+01 -5.040262e+01 4.500000e+00
    endloop
  endfacet
  facet normal -7.116716e-02 -9.974644e-01 -0.000000e+00
    outer loop
      vertex   -4.666820e+01 -5.040262e+01 4.500000e+00
      vertex   -4.771473e+01 -5.032795e+01 9.999000e-01
      vertex   -4.666820e+01 -5.040262e+01 9.999000e-01
    endloop
  endfacet
  facet normal -2.125698e-01 -9.771459e-01 0.000000e+00
    outer loop
      vertex   -4.771473e+01 -5.032795e+01 9.999000e-01
      vertex   -4.771473e+01 -5.032795e+01 4.500000e+00
      vertex   -4.873909e+01 -5.010511e+01 9.999000e-01
    endloop
  endfacet
  facet normal -2.125698e-01 -9.771459e-01 0.000000e+00
    outer loop
      vertex   -4.873909e+01 -5.010511e+01 9.999000e-01
      vertex   -4.771473e+01 -5.032795e+01 4.500000e+00
      vertex   -4.873909e+01 -5.010511e+01 4.500000e+00
    endloop
  endfacet
  facet normal -9.469470e-01 -3.213898e-01 -5.030617e-16
    outer loop
      vertex   -5.568329e+01 -4.546864e+01 9.999000e-01
      vertex   -5.568329e+01 -4.546864e+01 -2.575015e+01
      vertex   -5.529128e+01 -4.662368e+01 9.999000e-01
    endloop
  endfacet
  facet normal -9.469470e-01 -3.213898e-01 -8.536850e-17
    outer loop
      vertex   -5.529128e+01 -4.662368e+01 9.999000e-01
      vertex   -5.568329e+01 -4.546864e+01 -2.575015e+01
      vertex   -5.529128e+01 -4.662368e+01 -2.575015e+01
    endloop
  endfacet
  facet normal -8.775974e-01 -4.793984e-01 -0.000000e+00
    outer loop
      vertex   -5.335456e+01 -4.610566e+01 4.500000e+00
      vertex   -5.335456e+01 -4.610566e+01 9.999000e-01
      vertex   -5.285171e+01 -4.702619e+01 4.500000e+00
    endloop
  endfacet
  facet normal -8.775974e-01 -4.793984e-01 -0.000000e+00
    outer loop
      vertex   -5.285171e+01 -4.702619e+01 4.500000e+00
      vertex   -5.335456e+01 -4.610566e+01 9.999000e-01
      vertex   -5.285171e+01 -4.702619e+01 9.999000e-01
    endloop
  endfacet
  facet normal -9.806544e-01 -1.957470e-01 -5.209687e-16
    outer loop
      vertex   -5.592246e+01 -4.427044e+01 9.999000e-01
      vertex   -5.592246e+01 -4.427044e+01 -2.575015e+01
      vertex   -5.568329e+01 -4.546864e+01 9.999000e-01
    endloop
  endfacet
  facet normal -9.806544e-01 -1.957470e-01 -5.209687e-16
    outer loop
      vertex   -5.568329e+01 -4.546864e+01 9.999000e-01
      vertex   -5.592246e+01 -4.427044e+01 -2.575015e+01
      vertex   -5.568329e+01 -4.546864e+01 -2.575015e+01
    endloop
  endfacet
  facet normal 9.060616e-01 4.231458e-01 0.000000e+00
    outer loop
      vertex   -5.151817e+01 -4.585249e+01 4.500000e+00
      vertex   -5.151817e+01 -4.585249e+01 -2.400010e+01
      vertex   -5.193119e+01 -4.496813e+01 4.500000e+00
    endloop
  endfacet
  facet normal 9.060616e-01 4.231458e-01 0.000000e+00
    outer loop
      vertex   -5.193119e+01 -4.496813e+01 4.500000e+00
      vertex   -5.151817e+01 -4.585249e+01 -2.400010e+01
      vertex   -5.193119e+01 -4.496813e+01 -2.400010e+01
    endloop
  endfacet
  facet normal -9.369680e-01 -3.494151e-01 -0.000000e+00
    outer loop
      vertex   -5.372090e+01 -4.512330e+01 4.500000e+00
      vertex   -5.372090e+01 -4.512330e+01 9.999000e-01
      vertex   -5.335456e+01 -4.610566e+01 4.500000e+00
    endloop
  endfacet
  facet normal -9.369680e-01 -3.494151e-01 -0.000000e+00
    outer loop
      vertex   -5.335456e+01 -4.610566e+01 4.500000e+00
      vertex   -5.372090e+01 -4.512330e+01 9.999000e-01
      vertex   -5.335456e+01 -4.610566e+01 9.999000e-01
    endloop
  endfacet
  facet normal -9.974644e-01 -7.116716e-02 0.000000e+00
    outer loop
      vertex   -5.394374e+01 -4.409894e+01 9.999000e-01
      vertex   -5.394374e+01 -4.409894e+01 4.500000e+00
      vertex   -5.401841e+01 -4.305241e+01 9.999000e-01
    endloop
  endfacet
  facet normal -9.974644e-01 -7.116716e-02 0.000000e+00
    outer loop
      vertex   -5.401841e+01 -4.305241e+01 9.999000e-01
      vertex   -5.394374e+01 -4.409894e+01 4.500000e+00
      vertex   -5.401841e+01 -4.305241e+01 4.500000e+00
    endloop
  endfacet
  facet normal 9.660760e-01 2.582579e-01 0.000000e+00
    outer loop
      vertex   -5.193119e+01 -4.496813e+01 4.500000e+00
      vertex   -5.193119e+01 -4.496813e+01 -2.400010e+01
      vertex   -5.218319e+01 -4.402544e+01 4.500000e+00
    endloop
  endfacet
  facet normal 9.660760e-01 2.582579e-01 0.000000e+00
    outer loop
      vertex   -5.218319e+01 -4.402544e+01 4.500000e+00
      vertex   -5.193119e+01 -4.496813e+01 -2.400010e+01
      vertex   -5.218319e+01 -4.402544e+01 -2.400010e+01
    endloop
  endfacet
  facet normal 9.961913e-01 8.719431e-02 0.000000e+00
    outer loop
      vertex   -5.218319e+01 -4.402544e+01 4.500000e+00
      vertex   -5.218319e+01 -4.402544e+01 -2.400010e+01
      vertex   -5.226836e+01 -4.305241e+01 4.500000e+00
    endloop
  endfacet
  facet normal 9.961913e-01 8.719431e-02 0.000000e+00
    outer loop
      vertex   -5.226836e+01 -4.305241e+01 4.500000e+00
      vertex   -5.218319e+01 -4.402544e+01 -2.400010e+01
      vertex   -5.226836e+01 -4.305241e+01 -2.400010e+01
    endloop
  endfacet
  facet normal -9.771459e-01 -2.125698e-01 0.000000e+00
    outer loop
      vertex   -5.372090e+01 -4.512330e+01 9.999000e-01
      vertex   -5.372090e+01 -4.512330e+01 4.500000e+00
      vertex   -5.394374e+01 -4.409894e+01 9.999000e-01
    endloop
  endfacet
  facet normal -9.771459e-01 -2.125698e-01 0.000000e+00
    outer loop
      vertex   -5.394374e+01 -4.409894e+01 9.999000e-01
      vertex   -5.372090e+01 -4.512330e+01 4.500000e+00
      vertex   -5.394374e+01 -4.409894e+01 4.500000e+00
    endloop
  endfacet
  facet normal 8.189481e-01 5.738675e-01 0.000000e+00
    outer loop
      vertex   -5.095815e+01 -4.665168e+01 4.500000e+00
      vertex   -5.095815e+01 -4.665168e+01 -2.400010e+01
      vertex   -5.151817e+01 -4.585249e+01 4.500000e+00
    endloop
  endfacet
  facet normal 8.189481e-01 5.738675e-01 0.000000e+00
    outer loop
      vertex   -5.151817e+01 -4.585249e+01 4.500000e+00
      vertex   -5.095815e+01 -4.665168e+01 -2.400010e+01
      vertex   -5.151817e+01 -4.585249e+01 -2.400010e+01
    endloop
  endfacet
  facet normal 5.738675e-01 8.189481e-01 -0.000000e+00
    outer loop
      vertex   -5.026747e+01 -4.734236e+01 -2.400010e+01
      vertex   -5.026747e+01 -4.734236e+01 4.500000e+00
      vertex   -4.946828e+01 -4.790238e+01 -2.400010e+01
    endloop
  endfacet
  facet normal 5.738675e-01 8.189481e-01 -0.000000e+00
    outer loop
      vertex   -4.946828e+01 -4.790238e+01 -2.400010e+01
      vertex   -5.026747e+01 -4.734236e+01 4.500000e+00
      vertex   -4.946828e+01 -4.790238e+01 4.500000e+00
    endloop
  endfacet
  facet normal 7.071068e-01 7.071068e-01 -0.000000e+00
    outer loop
      vertex   -5.095815e+01 -4.665168e+01 -2.400010e+01
      vertex   -5.095815e+01 -4.665168e+01 4.500000e+00
      vertex   -5.026747e+01 -4.734236e+01 -2.400010e+01
    endloop
  endfacet
  facet normal 7.071068e-01 7.071068e-01 -0.000000e+00
    outer loop
      vertex   -5.026747e+01 -4.734236e+01 -2.400010e+01
      vertex   -5.095815e+01 -4.665168e+01 4.500000e+00
      vertex   -5.026747e+01 -4.734236e+01 4.500000e+00
    endloop
  endfacet
  facet normal 0.000000e+00 1.000000e+00 0.000000e+00
    outer loop
      vertex   -4.316810e+01 -4.690252e+01 -2.400010e+01
      vertex   -4.316810e+01 -4.690252e+01 4.500000e+00
      vertex   -2.333420e+01 -4.690252e+01 -2.400010e+01
    endloop
  endfacet
  facet normal 0.000000e+00 1.000000e+00 -0.000000e+00
    outer loop
      vertex   -2.333420e+01 -4.690252e+01 -2.400010e+01
      vertex   -4.316810e+01 -4.690252e+01 4.500000e+00
      vertex   -2.333420e+01 -4.690252e+01 4.500000e+00
    endloop
  endfacet
  facet normal -7.071068e-01 7.071068e-01 0.000000e+00
    outer loop
      vertex   -4.491815e+01 -4.865257e+01 -2.400010e+01
      vertex   -4.491815e+01 -4.865257e+01 4.500000e+00
      vertex   -4.316810e+01 -4.690252e+01 -2.400010e+01
    endloop
  endfacet
  facet normal -7.071068e-01 7.071068e-01 0.000000e+00
    outer loop
      vertex   -4.316810e+01 -4.690252e+01 -2.400010e+01
      vertex   -4.491815e+01 -4.865257e+01 4.500000e+00
      vertex   -4.316810e+01 -4.690252e+01 4.500000e+00
    endloop
  endfacet
  facet normal 0.000000e+00 -7.071068e-01 7.071068e-01
    outer loop
      vertex   -4.316810e+01 -5.040262e+01 9.999000e-01
      vertex   -2.333420e+01 -5.040262e+01 9.999000e-01
      vertex   -4.141805e+01 -4.865257e+01 2.749950e+00
    endloop
  endfacet
  facet normal 0.000000e+00 -7.071068e-01 7.071068e-01
    outer loop
      vertex   -4.141805e+01 -4.865257e+01 2.749950e+00
      vertex   -2.333420e+01 -5.040262e+01 9.999000e-01
      vertex   -2.508425e+01 -4.865257e+01 2.749950e+00
    endloop
  endfacet
  facet normal -0.000000e+00 -7.071068e-01 -7.071068e-01
    outer loop
      vertex   -2.333420e+01 -5.040262e+01 4.500000e+00
      vertex   -4.316810e+01 -5.040262e+01 4.500000e+00
      vertex   -2.508425e+01 -4.865257e+01 2.749950e+00
    endloop
  endfacet
  facet normal -0.000000e+00 -7.071068e-01 -7.071068e-01
    outer loop
      vertex   -2.508425e+01 -4.865257e+01 2.749950e+00
      vertex   -4.316810e+01 -5.040262e+01 4.500000e+00
      vertex   -4.141805e+01 -4.865257e+01 2.749950e+00
    endloop
  endfacet
  facet normal 7.071068e-01 -7.071068e-01 0.000000e+00
    outer loop
      vertex   -4.316810e+01 -5.040262e+01 4.500000e+00
      vertex   -4.316810e+01 -5.040262e+01 9.999000e-01
      vertex   -4.141805e+01 -4.865257e+01 2.749950e+00
    endloop
  endfacet
  facet normal 7.071068e-01 7.071068e-01 -0.000000e+00
    outer loop
      vertex   -2.333420e+01 -4.690252e+01 -2.400010e+01
      vertex   -2.333420e+01 -4.690252e+01 4.500000e+00
      vertex   -2.158415e+01 -4.865257e+01 -2.400010e+01
    endloop
  endfacet
  facet normal 7.071068e-01 7.071068e-01 -0.000000e+00
    outer loop
      vertex   -2.158415e+01 -4.865257e+01 -2.400010e+01
      vertex   -2.333420e+01 -4.690252e+01 4.500000e+00
      vertex   -2.158415e+01 -4.865257e+01 4.500000e+00
    endloop
  endfacet
  facet normal -7.071068e-01 -7.071068e-01 0.000000e+00
    outer loop
      vertex   -2.333420e+01 -5.040262e+01 9.999000e-01
      vertex   -2.333420e+01 -5.040262e+01 4.500000e+00
      vertex   -2.508425e+01 -4.865257e+01 2.749950e+00
    endloop
  endfacet
  facet normal 1.000000e+00 0.000000e+00 -0.000000e+00
    outer loop
      vertex   -1.983410e+01 -4.865257e+01 9.999000e-01
      vertex   -1.983410e+01 -4.865257e+01 4.500000e+00
      vertex   -1.983410e+01 -5.040262e+01 9.999000e-01
    endloop
  endfacet
  facet normal 1.000000e+00 0.000000e+00 0.000000e+00
    outer loop
      vertex   -1.983410e+01 -5.040262e+01 9.999000e-01
      vertex   -1.983410e+01 -4.865257e+01 4.500000e+00
      vertex   -1.983410e+01 -5.040262e+01 4.500000e+00
    endloop
  endfacet
  facet normal 0.000000e+00 1.000000e+00 -0.000000e+00
    outer loop
      vertex   -1.516710e+01 -4.865257e+01 -1.500000e-04
      vertex   -1.983410e+01 -4.865257e+01 9.999000e-01
      vertex   -1.167100e+00 -4.865257e+01 -1.500000e-04
    endloop
  endfacet
  facet normal 0.000000e+00 1.000000e+00 -0.000000e+00
    outer loop
      vertex   -1.167100e+00 -4.865257e+01 -1.500000e-04
      vertex   -1.983410e+01 -4.865257e+01 9.999000e-01
      vertex   3.499900e+00 -4.865257e+01 9.999000e-01
    endloop
  endfacet
  facet normal -0.000000e+00 1.000000e+00 0.000000e+00
    outer loop
      vertex   -1.167100e+00 -4.865257e+01 -1.500000e-04
      vertex   3.499900e+00 -4.865257e+01 9.999000e-01
      vertex   -1.167100e+00 -4.865257e+01 -1.000015e+01
    endloop
  endfacet
  facet normal -0.000000e+00 1.000000e+00 0.000000e+00
    outer loop
      vertex   -1.167100e+00 -4.865257e+01 -1.000015e+01
      vertex   3.499900e+00 -4.865257e+01 9.999000e-01
      vertex   5.249950e+00 -4.865257e+01 -2.400010e+01
    endloop
  endfacet
  facet normal 0.000000e+00 1.000000e+00 0.000000e+00
    outer loop
      vertex   -1.167100e+00 -4.865257e+01 -1.000015e+01
      vertex   5.249950e+00 -4.865257e+01 -2.400010e+01
      vertex   -8.167100e+00 -4.865257e+01 -1.000015e+01
    endloop
  endfacet
  facet normal 0.000000e+00 1.000000e+00 0.000000e+00
    outer loop
      vertex   -8.167100e+00 -4.865257e+01 -1.000015e+01
      vertex   5.249950e+00 -4.865257e+01 -2.400010e+01
      vertex   -2.158415e+01 -4.865257e+01 -2.400010e+01
    endloop
  endfacet
  facet normal 0.000000e+00 1.000000e+00 0.000000e+00
    outer loop
      vertex   -8.167100e+00 -4.865257e+01 -1.000015e+01
      vertex   -2.158415e+01 -4.865257e+01 -2.400010e+01
      vertex   -1.516710e+01 -4.865257e+01 -1.000000e+01
    endloop
  endfacet
  facet normal 0.000000e+00 1.000000e+00 0.000000e+00
    outer loop
      vertex   -1.516710e+01 -4.865257e+01 -1.000000e+01
      vertex   -2.158415e+01 -4.865257e+01 -2.400010e+01
      vertex   -1.983410e+01 -4.865257e+01 9.999000e-01
    endloop
  endfacet
  facet normal 0.000000e+00 1.000000e+00 -0.000000e+00
    outer loop
      vertex   -1.516710e+01 -4.865257e+01 -1.000000e+01
      vertex   -1.983410e+01 -4.865257e+01 9.999000e-01
      vertex   -1.516710e+01 -4.865257e+01 -1.500000e-04
    endloop
  endfacet
  facet normal 0.000000e+00 1.000000e+00 0.000000e+00
    outer loop
      vertex   -2.158415e+01 -4.865257e+01 -2.400010e+01
      vertex   -2.158415e+01 -4.865257e+01 4.500000e+00
      vertex   -1.983410e+01 -4.865257e+01 9.999000e-01
    endloop
  endfacet
  facet normal 0.000000e+00 1.000000e+00 -0.000000e+00
    outer loop
      vertex   -1.983410e+01 -4.865257e+01 9.999000e-01
      vertex   -2.158415e+01 -4.865257e+01 4.500000e+00
      vertex   -1.983410e+01 -4.865257e+01 4.500000e+00
    endloop
  endfacet
  facet normal -0.000000e+00 1.000000e+00 0.000000e+00
    outer loop
      vertex   3.499900e+00 -4.865257e+01 4.500000e+00
      vertex   5.249950e+00 -4.865257e+01 4.500000e+00
      vertex   3.499900e+00 -4.865257e+01 9.999000e-01
    endloop
  endfacet
  facet normal -0.000000e+00 1.000000e+00 0.000000e+00
    outer loop
      vertex   3.499900e+00 -4.865257e+01 9.999000e-01
      vertex   5.249950e+00 -4.865257e+01 4.500000e+00
      vertex   5.249950e+00 -4.865257e+01 -2.400010e+01
    endloop
  endfacet
  facet normal 0.000000e+00 -1.000000e+00 0.000000e+00
    outer loop
      vertex   -1.983410e+01 -5.040262e+01 9.999000e-01
      vertex   -1.983410e+01 -5.040262e+01 4.500000e+00
      vertex   -2.333420e+01 -5.040262e+01 9.999000e-01
    endloop
  endfacet
  facet normal 0.000000e+00 -1.000000e+00 0.000000e+00
    outer loop
      vertex   -2.333420e+01 -5.040262e+01 9.999000e-01
      vertex   -1.983410e+01 -5.040262e+01 4.500000e+00
      vertex   -2.333420e+01 -5.040262e+01 4.500000e+00
    endloop
  endfacet
  facet normal 0.000000e+00 0.000000e+00 1.000000e+00
    outer loop
      vertex   3.499900e+00 -4.865257e+01 9.999000e-01
      vertex   -1.983410e+01 -4.865257e+01 9.999000e-01
      vertex   3.499900e+00 -5.040262e+01 9.999000e-01
    endloop
  endfacet
  facet normal 0.000000e+00 0.000000e+00 1.000000e+00
    outer loop
      vertex   3.499900e+00 -5.040262e+01 9.999000e-01
      vertex   -1.983410e+01 -4.865257e+01 9.999000e-01
      vertex   -1.983410e+01 -5.040262e+01 9.999000e-01
    endloop
  endfacet
  facet normal 0.000000e+00 0.000000e+00 1.000000e+00
    outer loop
      vertex   3.499900e+00 -5.040262e+01 9.999000e-01
      vertex   -1.983410e+01 -5.040262e+01 9.999000e-01
      vertex   3.033400e+01 -5.238601e+01 9.999000e-01
    endloop
  endfacet
  facet normal 0.000000e+00 0.000000e+00 1.000000e+00
    outer loop
      vertex   3.033400e+01 -5.238601e+01 9.999000e-01
      vertex   -1.983410e+01 -5.040262e+01 9.999000e-01
      vertex   -4.666820e+01 -5.238601e+01 9.999000e-01
    endloop
  endfacet
  facet normal 0.000000e+00 0.000000e+00 1.000000e+00
    outer loop
      vertex   -4.666820e+01 -5.238601e+01 9.999000e-01
      vertex   -1.983410e+01 -5.040262e+01 9.999000e-01
      vertex   -2.333420e+01 -5.040262e+01 9.999000e-01
    endloop
  endfacet
  facet normal 0.000000e+00 0.000000e+00 1.000000e+00
    outer loop
      vertex   -4.666820e+01 -5.238601e+01 9.999000e-01
      vertex   -2.333420e+01 -5.040262e+01 9.999000e-01
      vertex   -4.316810e+01 -5.040262e+01 9.999000e-01
    endloop
  endfacet
  facet normal 0.000000e+00 0.000000e+00 1.000000e+00
    outer loop
      vertex   -4.316810e+01 -5.040262e+01 9.999000e-01
      vertex   -4.666820e+01 -5.040262e+01 9.999000e-01
      vertex   -4.666820e+01 -5.238601e+01 9.999000e-01
    endloop
  endfacet
  facet normal 0.000000e+00 -0.000000e+00 1.000000e+00
    outer loop
      vertex   -4.666820e+01 -5.238601e+01 9.999000e-01
      vertex   -4.666820e+01 -5.040262e+01 9.999000e-01
      vertex   -4.788623e+01 -5.230667e+01 9.999000e-01
    endloop
  endfacet
  facet normal 0.000000e+00 0.000000e+00 1.000000e+00
    outer loop
      vertex   -4.788623e+01 -5.230667e+01 9.999000e-01
      vertex   -4.666820e+01 -5.040262e+01 9.999000e-01
      vertex   -4.771473e+01 -5.032795e+01 9.999000e-01
    endloop
  endfacet
  facet normal 0.000000e+00 -0.000000e+00 1.000000e+00
    outer loop
      vertex   -4.788623e+01 -5.230667e+01 9.999000e-01
      vertex   -4.771473e+01 -5.032795e+01 9.999000e-01
      vertex   -4.908443e+01 -5.206750e+01 9.999000e-01
    endloop
  endfacet
  facet normal 0.000000e+00 0.000000e+00 1.000000e+00
    outer loop
      vertex   -4.908443e+01 -5.206750e+01 9.999000e-01
      vertex   -4.771473e+01 -5.032795e+01 9.999000e-01
      vertex   -4.873909e+01 -5.010511e+01 9.999000e-01
    endloop
  endfacet
  facet normal 0.000000e+00 -0.000000e+00 1.000000e+00
    outer loop
      vertex   -4.908443e+01 -5.206750e+01 9.999000e-01
      vertex   -4.873909e+01 -5.010511e+01 9.999000e-01
      vertex   -5.023947e+01 -5.167549e+01 9.999000e-01
    endloop
  endfacet
  facet normal 0.000000e+00 0.000000e+00 1.000000e+00
    outer loop
      vertex   -5.023947e+01 -5.167549e+01 9.999000e-01
      vertex   -4.873909e+01 -5.010511e+01 9.999000e-01
      vertex   -4.972145e+01 -4.973877e+01 9.999000e-01
    endloop
  endfacet
  facet normal 0.000000e+00 -0.000000e+00 1.000000e+00
    outer loop
      vertex   -5.023947e+01 -5.167549e+01 9.999000e-01
      vertex   -4.972145e+01 -4.973877e+01 9.999000e-01
      vertex   -5.133500e+01 -5.113531e+01 9.999000e-01
    endloop
  endfacet
  facet normal 0.000000e+00 0.000000e+00 1.000000e+00
    outer loop
      vertex   -5.133500e+01 -5.113531e+01 9.999000e-01
      vertex   -4.972145e+01 -4.973877e+01 9.999000e-01
      vertex   -5.064198e+01 -4.923592e+01 9.999000e-01
    endloop
  endfacet
  facet normal 0.000000e+00 -0.000000e+00 1.000000e+00
    outer loop
      vertex   -5.133500e+01 -5.113531e+01 9.999000e-01
      vertex   -5.064198e+01 -4.923592e+01 9.999000e-01
      vertex   -5.235003e+01 -5.045745e+01 9.999000e-01
    endloop
  endfacet
  facet normal 0.000000e+00 0.000000e+00 1.000000e+00
    outer loop
      vertex   -5.235003e+01 -5.045745e+01 9.999000e-01
      vertex   -5.064198e+01 -4.923592e+01 9.999000e-01
      vertex   -5.148200e+01 -4.860707e+01 9.999000e-01
    endloop
  endfacet
  facet normal 0.000000e+00 -0.000000e+00 1.000000e+00
    outer loop
      vertex   -5.235003e+01 -5.045745e+01 9.999000e-01
      vertex   -5.148200e+01 -4.860707e+01 9.999000e-01
      vertex   -5.326822e+01 -4.965243e+01 9.999000e-01
    endloop
  endfacet
  facet normal 0.000000e+00 0.000000e+00 1.000000e+00
    outer loop
      vertex   -5.326822e+01 -4.965243e+01 9.999000e-01
      vertex   -5.148200e+01 -4.860707e+01 9.999000e-01
      vertex   -5.222286e+01 -4.786621e+01 9.999000e-01
    endloop
  endfacet
  facet normal 0.000000e+00 -0.000000e+00 1.000000e+00
    outer loop
      vertex   -5.326822e+01 -4.965243e+01 9.999000e-01
      vertex   -5.222286e+01 -4.786621e+01 9.999000e-01
      vertex   -5.407325e+01 -4.873424e+01 9.999000e-01
    endloop
  endfacet
  facet normal 0.000000e+00 0.000000e+00 1.000000e+00
    outer loop
      vertex   -5.407325e+01 -4.873424e+01 9.999000e-01
      vertex   -5.222286e+01 -4.786621e+01 9.999000e-01
      vertex   -5.285171e+01 -4.702619e+01 9.999000e-01
    endloop
  endfacet
  facet normal 0.000000e+00 -0.000000e+00 1.000000e+00
    outer loop
      vertex   -5.407325e+01 -4.873424e+01 9.999000e-01
      vertex   -5.285171e+01 -4.702619e+01 9.999000e-01
      vertex   -5.475110e+01 -4.771921e+01 9.999000e-01
    endloop
  endfacet
  facet normal 0.000000e+00 0.000000e+00 1.000000e+00
    outer loop
      vertex   -5.475110e+01 -4.771921e+01 9.999000e-01
      vertex   -5.285171e+01 -4.702619e+01 9.999000e-01
      vertex   -5.335456e+01 -4.610566e+01 9.999000e-01
    endloop
  endfacet
  facet normal 0.000000e+00 -0.000000e+00 1.000000e+00
    outer loop
      vertex   -5.475110e+01 -4.771921e+01 9.999000e-01
      vertex   -5.335456e+01 -4.610566e+01 9.999000e-01
      vertex   -5.529128e+01 -4.662368e+01 9.999000e-01
    endloop
  endfacet
  facet normal 0.000000e+00 0.000000e+00 1.000000e+00
    outer loop
      vertex   -5.529128e+01 -4.662368e+01 9.999000e-01
      vertex   -5.335456e+01 -4.610566e+01 9.999000e-01
      vertex   -5.372090e+01 -4.512330e+01 9.999000e-01
    endloop
  endfacet
  facet normal 0.000000e+00 -0.000000e+00 1.000000e+00
    outer loop
      vertex   -5.529128e+01 -4.662368e+01 9.999000e-01
      vertex   -5.372090e+01 -4.512330e+01 9.999000e-01
      vertex   -5.568329e+01 -4.546864e+01 9.999000e-01
    endloop
  endfacet
  facet normal 0.000000e+00 0.000000e+00 1.000000e+00
    outer loop
      vertex   -5.568329e+01 -4.546864e+01 9.999000e-01
      vertex   -5.372090e+01 -4.512330e+01 9.999000e-01
      vertex   -5.394374e+01 -4.409894e+01 9.999000e-01
    endloop
  endfacet
  facet normal 0.000000e+00 -0.000000e+00 1.000000e+00
    outer loop
      vertex   -5.568329e+01 -4.546864e+01 9.999000e-01
      vertex   -5.394374e+01 -4.409894e+01 9.999000e-01
      vertex   -5.592246e+01 -4.427044e+01 9.999000e-01
    endloop
  endfacet
  facet normal 0.000000e+00 0.000000e+00 1.000000e+00
    outer loop
      vertex   -5.592246e+01 -4.427044e+01 9.999000e-01
      vertex   -5.394374e+01 -4.409894e+01 9.999000e-01
      vertex   -5.401841e+01 -4.305241e+01 9.999000e-01
    endloop
  endfacet
  facet normal 0.000000e+00 -0.000000e+00 1.000000e+00
    outer loop
      vertex   -5.592246e+01 -4.427044e+01 9.999000e-01
      vertex   -5.401841e+01 -4.305241e+01 9.999000e-01
      vertex   -5.600180e+01 -4.305241e+01 9.999000e-01
    endloop
  endfacet
  facet normal 0.000000e+00 0.000000e+00 1.000000e+00
    outer loop
      vertex   -5.600180e+01 -4.305241e+01 9.999000e-01
      vertex   -5.401841e+01 -4.305241e+01 9.999000e-01
      vertex   -5.401841e+01 -2.555191e+01 9.999000e-01
    endloop
  endfacet
  facet normal 0.000000e+00 0.000000e+00 1.000000e+00
    outer loop
      vertex   -5.600180e+01 -4.305241e+01 9.999000e-01
      vertex   -5.401841e+01 -2.555191e+01 9.999000e-01
      vertex   -5.401841e+01 1.644929e+01 9.999000e-01
    endloop
  endfacet
  facet normal 0.000000e+00 0.000000e+00 1.000000e+00
    outer loop
      vertex   -5.600180e+01 -4.305241e+01 9.999000e-01
      vertex   -5.401841e+01 1.644929e+01 9.999000e-01
      vertex   -5.600180e+01 3.394979e+01 9.999000e-01
    endloop
  endfacet
  facet normal -0.000000e+00 0.000000e+00 1.000000e+00
    outer loop
      vertex   -5.600180e+01 3.394979e+01 9.999000e-01
      vertex   -5.401841e+01 1.644929e+01 9.999000e-01
      vertex   -5.401841e+01 3.394979e+01 9.999000e-01
    endloop
  endfacet
  facet normal 0.000000e+00 0.000000e+00 1.000000e+00
    outer loop
      vertex   -5.600180e+01 3.394979e+01 9.999000e-01
      vertex   -5.401841e+01 3.394979e+01 9.999000e-01
      vertex   -5.592246e+01 3.516782e+01 9.999000e-01
    endloop
  endfacet
  facet normal 0.000000e+00 0.000000e+00 1.000000e+00
    outer loop
      vertex   -5.592246e+01 3.516782e+01 9.999000e-01
      vertex   -5.401841e+01 3.394979e+01 9.999000e-01
      vertex   -5.394374e+01 3.499632e+01 9.999000e-01
    endloop
  endfacet
  facet normal -0.000000e+00 0.000000e+00 1.000000e+00
    outer loop
      vertex   -5.592246e+01 3.516782e+01 9.999000e-01
      vertex   -5.394374e+01 3.499632e+01 9.999000e-01
      vertex   -5.568329e+01 3.636602e+01 9.999000e-01
    endloop
  endfacet
  facet normal 0.000000e+00 0.000000e+00 1.000000e+00
    outer loop
      vertex   -5.568329e+01 3.636602e+01 9.999000e-01
      vertex   -5.394374e+01 3.499632e+01 9.999000e-01
      vertex   -5.372090e+01 3.602068e+01 9.999000e-01
    endloop
  endfacet
  facet normal -0.000000e+00 0.000000e+00 1.000000e+00
    outer loop
      vertex   -5.568329e+01 3.636602e+01 9.999000e-01
      vertex   -5.372090e+01 3.602068e+01 9.999000e-01
      vertex   -5.529128e+01 3.752106e+01 9.999000e-01
    endloop
  endfacet
  facet normal 0.000000e+00 0.000000e+00 1.000000e+00
    outer loop
      vertex   -5.529128e+01 3.752106e+01 9.999000e-01
      vertex   -5.372090e+01 3.602068e+01 9.999000e-01
      vertex   -5.335456e+01 3.700304e+01 9.999000e-01
    endloop
  endfacet
  facet normal -0.000000e+00 0.000000e+00 1.000000e+00
    outer loop
      vertex   -5.529128e+01 3.752106e+01 9.999000e-01
      vertex   -5.335456e+01 3.700304e+01 9.999000e-01
      vertex   -5.475110e+01 3.861659e+01 9.999000e-01
    endloop
  endfacet
  facet normal 0.000000e+00 0.000000e+00 1.000000e+00
    outer loop
      vertex   -5.475110e+01 3.861659e+01 9.999000e-01
      vertex   -5.335456e+01 3.700304e+01 9.999000e-01
      vertex   -5.285171e+01 3.792357e+01 9.999000e-01
    endloop
  endfacet
  facet normal -0.000000e+00 0.000000e+00 1.000000e+00
    outer loop
      vertex   -5.475110e+01 3.861659e+01 9.999000e-01
      vertex   -5.285171e+01 3.792357e+01 9.999000e-01
      vertex   -5.407325e+01 3.963162e+01 9.999000e-01
    endloop
  endfacet
  facet normal 0.000000e+00 0.000000e+00 1.000000e+00
    outer loop
      vertex   -5.407325e+01 3.963162e+01 9.999000e-01
      vertex   -5.285171e+01 3.792357e+01 9.999000e-01
      vertex   -5.222286e+01 3.876359e+01 9.999000e-01
    endloop
  endfacet
  facet normal -0.000000e+00 0.000000e+00 1.000000e+00
    outer loop
      vertex   -5.407325e+01 3.963162e+01 9.999000e-01
      vertex   -5.222286e+01 3.876359e+01 9.999000e-01
      vertex   -5.326822e+01 4.054981e+01 9.999000e-01
    endloop
  endfacet
  facet normal 0.000000e+00 0.000000e+00 1.000000e+00
    outer loop
      vertex   -5.326822e+01 4.054981e+01 9.999000e-01
      vertex   -5.222286e+01 3.876359e+01 9.999000e-01
      vertex   -5.148200e+01 3.950445e+01 9.999000e-01
    endloop
  endfacet
  facet normal -0.000000e+00 0.000000e+00 1.000000e+00
    outer loop
      vertex   -5.326822e+01 4.054981e+01 9.999000e-01
      vertex   -5.148200e+01 3.950445e+01 9.999000e-01
      vertex   -5.235003e+01 4.135484e+01 9.999000e-01
    endloop
  endfacet
  facet normal 0.000000e+00 0.000000e+00 1.000000e+00
    outer loop
      vertex   -5.235003e+01 4.135484e+01 9.999000e-01
      vertex   -5.148200e+01 3.950445e+01 9.999000e-01
      vertex   -5.064198e+01 4.013330e+01 9.999000e-01
    endloop
  endfacet
  facet normal -0.000000e+00 0.000000e+00 1.000000e+00
    outer loop
      vertex   -5.235003e+01 4.135484e+01 9.999000e-01
      vertex   -5.064198e+01 4.013330e+01 9.999000e-01
      vertex   -5.133500e+01 4.203269e+01 9.999000e-01
    endloop
  endfacet
  facet normal 0.000000e+00 0.000000e+00 1.000000e+00
    outer loop
      vertex   -5.133500e+01 4.203269e+01 9.999000e-01
      vertex   -5.064198e+01 4.013330e+01 9.999000e-01
      vertex   -4.972145e+01 4.063615e+01 9.999000e-01
    endloop
  endfacet
  facet normal -0.000000e+00 0.000000e+00 1.000000e+00
    outer loop
      vertex   -5.133500e+01 4.203269e+01 9.999000e-01
      vertex   -4.972145e+01 4.063615e+01 9.999000e-01
      vertex   -5.023947e+01 4.257287e+01 9.999000e-01
    endloop
  endfacet
  facet normal 0.000000e+00 0.000000e+00 1.000000e+00
    outer loop
      vertex   -5.023947e+01 4.257287e+01 9.999000e-01
      vertex   -4.972145e+01 4.063615e+01 9.999000e-01
      vertex   -4.873909e+01 4.100249e+01 9.999000e-01
    endloop
  endfacet
  facet normal -0.000000e+00 0.000000e+00 1.000000e+00
    outer loop
      vertex   -5.023947e+01 4.257287e+01 9.999000e-01
      vertex   -4.873909e+01 4.100249e+01 9.999000e-01
      vertex   -4.908443e+01 4.296488e+01 9.999000e-01
    endloop
  endfacet
  facet normal 0.000000e+00 0.000000e+00 1.000000e+00
    outer loop
      vertex   -4.908443e+01 4.296488e+01 9.999000e-01
      vertex   -4.873909e+01 4.100249e+01 9.999000e-01
      vertex   -4.771473e+01 4.122533e+01 9.999000e-01
    endloop
  endfacet
  facet normal -0.000000e+00 0.000000e+00 1.000000e+00
    outer loop
      vertex   -4.908443e+01 4.296488e+01 9.999000e-01
      vertex   -4.771473e+01 4.122533e+01 9.999000e-01
      vertex   -4.788623e+01 4.320405e+01 9.999000e-01
    endloop
  endfacet
  facet normal 0.000000e+00 0.000000e+00 1.000000e+00
    outer loop
      vertex   -4.788623e+01 4.320405e+01 9.999000e-01
      vertex   -4.771473e+01 4.122533e+01 9.999000e-01
      vertex   -4.666820e+01 4.130000e+01 9.999000e-01
    endloop
  endfacet
  facet normal -0.000000e+00 0.000000e+00 1.000000e+00
    outer loop
      vertex   -4.788623e+01 4.320405e+01 9.999000e-01
      vertex   -4.666820e+01 4.130000e+01 9.999000e-01
      vertex   -4.666820e+01 4.328339e+01 9.999000e-01
    endloop
  endfacet
  facet normal 0.000000e+00 0.000000e+00 1.000000e+00
    outer loop
      vertex   -4.666820e+01 4.328339e+01 9.999000e-01
      vertex   -4.666820e+01 4.130000e+01 9.999000e-01
      vertex   -4.316810e+01 4.130000e+01 9.999000e-01
    endloop
  endfacet
  facet normal 0.000000e+00 0.000000e+00 1.000000e+00
    outer loop
      vertex   -4.666820e+01 4.328339e+01 9.999000e-01
      vertex   -4.316810e+01 4.130000e+01 9.999000e-01
      vertex   -2.333420e+01 4.130000e+01 9.999000e-01
    endloop
  endfacet
  facet normal 0.000000e+00 -0.000000e+00 1.000000e+00
    outer loop
      vertex   -2.333420e+01 4.130000e+01 9.999000e-01
      vertex   7.000000e+00 4.130000e+01 9.999000e-01
      vertex   -4.666820e+01 4.328339e+01 9.999000e-01
    endloop
  endfacet
  facet normal -0.000000e+00 0.000000e+00 1.000000e+00
    outer loop
      vertex   -4.666820e+01 4.328339e+01 9.999000e-01
      vertex   7.000000e+00 4.130000e+01 9.999000e-01
      vertex   3.033400e+01 4.328339e+01 9.999000e-01
    endloop
  endfacet
  facet normal 0.000000e+00 0.000000e+00 1.000000e+00
    outer loop
      vertex   3.033400e+01 4.328339e+01 9.999000e-01
      vertex   7.000000e+00 4.130000e+01 9.999000e-01
      vertex   2.683390e+01 4.130000e+01 9.999000e-01
    endloop
  endfacet
  facet normal 0.000000e+00 0.000000e+00 1.000000e+00
    outer loop
      vertex   3.033400e+01 4.328339e+01 9.999000e-01
      vertex   2.683390e+01 4.130000e+01 9.999000e-01
      vertex   3.033400e+01 4.130000e+01 9.999000e-01
    endloop
  endfacet
  facet normal 0.000000e+00 0.000000e+00 1.000000e+00
    outer loop
      vertex   3.033400e+01 4.328339e+01 9.999000e-01
      vertex   3.033400e+01 4.130000e+01 9.999000e-01
      vertex   3.155203e+01 4.320405e+01 9.999000e-01
    endloop
  endfacet
  facet normal 0.000000e+00 0.000000e+00 1.000000e+00
    outer loop
      vertex   3.155203e+01 4.320405e+01 9.999000e-01
      vertex   3.033400e+01 4.130000e+01 9.999000e-01
      vertex   3.138053e+01 4.122533e+01 9.999000e-01
    endloop
  endfacet
  facet normal 0.000000e+00 0.000000e+00 1.000000e+00
    outer loop
      vertex   3.155203e+01 4.320405e+01 9.999000e-01
      vertex   3.138053e+01 4.122533e+01 9.999000e-01
      vertex   3.275023e+01 4.296488e+01 9.999000e-01
    endloop
  endfacet
  facet normal 0.000000e+00 0.000000e+00 1.000000e+00
    outer loop
      vertex   3.275023e+01 4.296488e+01 9.999000e-01
      vertex   3.138053e+01 4.122533e+01 9.999000e-01
      vertex   3.240489e+01 4.100249e+01 9.999000e-01
    endloop
  endfacet
  facet normal 0.000000e+00 0.000000e+00 1.000000e+00
    outer loop
      vertex   3.275023e+01 4.296488e+01 9.999000e-01
      vertex   3.240489e+01 4.100249e+01 9.999000e-01
      vertex   3.390527e+01 4.257287e+01 9.999000e-01
    endloop
  endfacet
  facet normal 0.000000e+00 0.000000e+00 1.000000e+00
    outer loop
      vertex   3.390527e+01 4.257287e+01 9.999000e-01
      vertex   3.240489e+01 4.100249e+01 9.999000e-01
      vertex   3.338725e+01 4.063615e+01 9.999000e-01
    endloop
  endfacet
  facet normal 0.000000e+00 0.000000e+00 1.000000e+00
    outer loop
      vertex   3.390527e+01 4.257287e+01 9.999000e-01
      vertex   3.338725e+01 4.063615e+01 9.999000e-01
      vertex   3.500080e+01 4.203269e+01 9.999000e-01
    endloop
  endfacet
  facet normal 0.000000e+00 0.000000e+00 1.000000e+00
    outer loop
      vertex   3.500080e+01 4.203269e+01 9.999000e-01
      vertex   3.338725e+01 4.063615e+01 9.999000e-01
      vertex   3.430778e+01 4.013330e+01 9.999000e-01
    endloop
  endfacet
  facet normal 0.000000e+00 0.000000e+00 1.000000e+00
    outer loop
      vertex   3.500080e+01 4.203269e+01 9.999000e-01
      vertex   3.430778e+01 4.013330e+01 9.999000e-01
      vertex   3.601583e+01 4.135484e+01 9.999000e-01
    endloop
  endfacet
  facet normal 0.000000e+00 0.000000e+00 1.000000e+00
    outer loop
      vertex   3.601583e+01 4.135484e+01 9.999000e-01
      vertex   3.430778e+01 4.013330e+01 9.999000e-01
      vertex   3.514780e+01 3.950445e+01 9.999000e-01
    endloop
  endfacet
  facet normal 0.000000e+00 0.000000e+00 1.000000e+00
    outer loop
      vertex   3.601583e+01 4.135484e+01 9.999000e-01
      vertex   3.514780e+01 3.950445e+01 9.999000e-01
      vertex   3.693402e+01 4.054981e+01 9.999000e-01
    endloop
  endfacet
  facet normal 0.000000e+00 0.000000e+00 1.000000e+00
    outer loop
      vertex   3.693402e+01 4.054981e+01 9.999000e-01
      vertex   3.514780e+01 3.950445e+01 9.999000e-01
      vertex   3.588866e+01 3.876359e+01 9.999000e-01
    endloop
  endfacet
  facet normal 0.000000e+00 0.000000e+00 1.000000e+00
    outer loop
      vertex   3.693402e+01 4.054981e+01 9.999000e-01
      vertex   3.588866e+01 3.876359e+01 9.999000e-01
      vertex   3.773905e+01 3.963162e+01 9.999000e-01
    endloop
  endfacet
  facet normal 0.000000e+00 0.000000e+00 1.000000e+00
    outer loop
      vertex   3.773905e+01 3.963162e+01 9.999000e-01
      vertex   3.588866e+01 3.876359e+01 9.999000e-01
      vertex   3.651751e+01 3.792357e+01 9.999000e-01
    endloop
  endfacet
  facet normal 0.000000e+00 0.000000e+00 1.000000e+00
    outer loop
      vertex   3.773905e+01 3.963162e+01 9.999000e-01
      vertex   3.651751e+01 3.792357e+01 9.999000e-01
      vertex   3.841690e+01 3.861659e+01 9.999000e-01
    endloop
  endfacet
  facet normal 0.000000e+00 0.000000e+00 1.000000e+00
    outer loop
      vertex   3.841690e+01 3.861659e+01 9.999000e-01
      vertex   3.651751e+01 3.792357e+01 9.999000e-01
      vertex   3.702036e+01 3.700304e+01 9.999000e-01
    endloop
  endfacet
  facet normal 0.000000e+00 0.000000e+00 1.000000e+00
    outer loop
      vertex   3.841690e+01 3.861659e+01 9.999000e-01
      vertex   3.702036e+01 3.700304e+01 9.999000e-01
      vertex   3.895708e+01 3.752106e+01 9.999000e-01
    endloop
  endfacet
  facet normal 0.000000e+00 0.000000e+00 1.000000e+00
    outer loop
      vertex   3.895708e+01 3.752106e+01 9.999000e-01
      vertex   3.702036e+01 3.700304e+01 9.999000e-01
      vertex   3.738670e+01 3.602068e+01 9.999000e-01
    endloop
  endfacet
  facet normal 0.000000e+00 0.000000e+00 1.000000e+00
    outer loop
      vertex   3.895708e+01 3.752106e+01 9.999000e-01
      vertex   3.738670e+01 3.602068e+01 9.999000e-01
      vertex   3.934909e+01 3.636602e+01 9.999000e-01
    endloop
  endfacet
  facet normal 0.000000e+00 0.000000e+00 1.000000e+00
    outer loop
      vertex   3.934909e+01 3.636602e+01 9.999000e-01
      vertex   3.738670e+01 3.602068e+01 9.999000e-01
      vertex   3.760954e+01 3.499632e+01 9.999000e-01
    endloop
  endfacet
  facet normal 0.000000e+00 0.000000e+00 1.000000e+00
    outer loop
      vertex   3.934909e+01 3.636602e+01 9.999000e-01
      vertex   3.760954e+01 3.499632e+01 9.999000e-01
      vertex   3.958826e+01 3.516782e+01 9.999000e-01
    endloop
  endfacet
  facet normal 0.000000e+00 0.000000e+00 1.000000e+00
    outer loop
      vertex   3.958826e+01 3.516782e+01 9.999000e-01
      vertex   3.760954e+01 3.499632e+01 9.999000e-01
      vertex   3.768421e+01 3.394979e+01 9.999000e-01
    endloop
  endfacet
  facet normal 0.000000e+00 0.000000e+00 1.000000e+00
    outer loop
      vertex   3.958826e+01 3.516782e+01 9.999000e-01
      vertex   3.768421e+01 3.394979e+01 9.999000e-01
      vertex   3.966760e+01 3.394979e+01 9.999000e-01
    endloop
  endfacet
  facet normal 0.000000e+00 0.000000e+00 1.000000e+00
    outer loop
      vertex   3.966760e+01 3.394979e+01 9.999000e-01
      vertex   3.768421e+01 3.394979e+01 9.999000e-01
      vertex   3.768421e+01 1.644929e+01 9.999000e-01
    endloop
  endfacet
  facet normal 0.000000e+00 0.000000e+00 1.000000e+00
    outer loop
      vertex   3.966760e+01 3.394979e+01 9.999000e-01
      vertex   3.768421e+01 1.644929e+01 9.999000e-01
      vertex   3.966760e+01 -4.305241e+01 9.999000e-01
    endloop
  endfacet
  facet normal 0.000000e+00 0.000000e+00 1.000000e+00
    outer loop
      vertex   3.966760e+01 -4.305241e+01 9.999000e-01
      vertex   3.768421e+01 1.644929e+01 9.999000e-01
      vertex   3.768421e+01 -2.555191e+01 9.999000e-01
    endloop
  endfacet
  facet normal 0.000000e+00 0.000000e+00 1.000000e+00
    outer loop
      vertex   3.966760e+01 -4.305241e+01 9.999000e-01
      vertex   3.768421e+01 -2.555191e+01 9.999000e-01
      vertex   3.768421e+01 -4.305241e+01 9.999000e-01
    endloop
  endfacet
  facet normal 0.000000e+00 0.000000e+00 1.000000e+00
    outer loop
      vertex   3.966760e+01 -4.305241e+01 9.999000e-01
      vertex   3.768421e+01 -4.305241e+01 9.999000e-01
      vertex   3.958826e+01 -4.427044e+01 9.999000e-01
    endloop
  endfacet
  facet normal 0.000000e+00 0.000000e+00 1.000000e+00
    outer loop
      vertex   3.958826e+01 -4.427044e+01 9.999000e-01
      vertex   3.768421e+01 -4.305241e+01 9.999000e-01
      vertex   3.760954e+01 -4.409894e+01 9.999000e-01
    endloop
  endfacet
  facet normal 0.000000e+00 0.000000e+00 1.000000e+00
    outer loop
      vertex   3.958826e+01 -4.427044e+01 9.999000e-01
      vertex   3.760954e+01 -4.409894e+01 9.999000e-01
      vertex   3.934909e+01 -4.546864e+01 9.999000e-01
    endloop
  endfacet
  facet normal 0.000000e+00 0.000000e+00 1.000000e+00
    outer loop
      vertex   3.934909e+01 -4.546864e+01 9.999000e-01
      vertex   3.760954e+01 -4.409894e+01 9.999000e-01
      vertex   3.738670e+01 -4.512330e+01 9.999000e-01
    endloop
  endfacet
  facet normal 0.000000e+00 0.000000e+00 1.000000e+00
    outer loop
      vertex   3.934909e+01 -4.546864e+01 9.999000e-01
      vertex   3.738670e+01 -4.512330e+01 9.999000e-01
      vertex   3.895708e+01 -4.662368e+01 9.999000e-01
    endloop
  endfacet
  facet normal 0.000000e+00 0.000000e+00 1.000000e+00
    outer loop
      vertex   3.895708e+01 -4.662368e+01 9.999000e-01
      vertex   3.738670e+01 -4.512330e+01 9.999000e-01
      vertex   3.702036e+01 -4.610566e+01 9.999000e-01
    endloop
  endfacet
  facet normal 0.000000e+00 0.000000e+00 1.000000e+00
    outer loop
      vertex   3.895708e+01 -4.662368e+01 9.999000e-01
      vertex   3.702036e+01 -4.610566e+01 9.999000e-01
      vertex   3.841690e+01 -4.771921e+01 9.999000e-01
    endloop
  endfacet
  facet normal 0.000000e+00 0.000000e+00 1.000000e+00
    outer loop
      vertex   3.841690e+01 -4.771921e+01 9.999000e-01
      vertex   3.702036e+01 -4.610566e+01 9.999000e-01
      vertex   3.651751e+01 -4.702619e+01 9.999000e-01
    endloop
  endfacet
  facet normal 0.000000e+00 0.000000e+00 1.000000e+00
    outer loop
      vertex   3.841690e+01 -4.771921e+01 9.999000e-01
      vertex   3.651751e+01 -4.702619e+01 9.999000e-01
      vertex   3.773905e+01 -4.873424e+01 9.999000e-01
    endloop
  endfacet
  facet normal 0.000000e+00 0.000000e+00 1.000000e+00
    outer loop
      vertex   3.773905e+01 -4.873424e+01 9.999000e-01
      vertex   3.651751e+01 -4.702619e+01 9.999000e-01
      vertex   3.588866e+01 -4.786621e+01 9.999000e-01
    endloop
  endfacet
  facet normal 0.000000e+00 0.000000e+00 1.000000e+00
    outer loop
      vertex   3.773905e+01 -4.873424e+01 9.999000e-01
      vertex   3.588866e+01 -4.786621e+01 9.999000e-01
      vertex   3.693402e+01 -4.965243e+01 9.999000e-01
    endloop
  endfacet
  facet normal 0.000000e+00 0.000000e+00 1.000000e+00
    outer loop
      vertex   3.693402e+01 -4.965243e+01 9.999000e-01
      vertex   3.588866e+01 -4.786621e+01 9.999000e-01
      vertex   3.514780e+01 -4.860707e+01 9.999000e-01
    endloop
  endfacet
  facet normal 0.000000e+00 0.000000e+00 1.000000e+00
    outer loop
      vertex   3.693402e+01 -4.965243e+01 9.999000e-01
      vertex   3.514780e+01 -4.860707e+01 9.999000e-01
      vertex   3.601583e+01 -5.045745e+01 9.999000e-01
    endloop
  endfacet
  facet normal 0.000000e+00 0.000000e+00 1.000000e+00
    outer loop
      vertex   3.601583e+01 -5.045745e+01 9.999000e-01
      vertex   3.514780e+01 -4.860707e+01 9.999000e-01
      vertex   3.430778e+01 -4.923592e+01 9.999000e-01
    endloop
  endfacet
  facet normal 0.000000e+00 0.000000e+00 1.000000e+00
    outer loop
      vertex   3.601583e+01 -5.045745e+01 9.999000e-01
      vertex   3.430778e+01 -4.923592e+01 9.999000e-01
      vertex   3.500080e+01 -5.113531e+01 9.999000e-01
    endloop
  endfacet
  facet normal 0.000000e+00 0.000000e+00 1.000000e+00
    outer loop
      vertex   3.500080e+01 -5.113531e+01 9.999000e-01
      vertex   3.430778e+01 -4.923592e+01 9.999000e-01
      vertex   3.338725e+01 -4.973877e+01 9.999000e-01
    endloop
  endfacet
  facet normal 0.000000e+00 0.000000e+00 1.000000e+00
    outer loop
      vertex   3.500080e+01 -5.113531e+01 9.999000e-01
      vertex   3.338725e+01 -4.973877e+01 9.999000e-01
      vertex   3.390527e+01 -5.167549e+01 9.999000e-01
    endloop
  endfacet
  facet normal 0.000000e+00 0.000000e+00 1.000000e+00
    outer loop
      vertex   3.390527e+01 -5.167549e+01 9.999000e-01
      vertex   3.338725e+01 -4.973877e+01 9.999000e-01
      vertex   3.240489e+01 -5.010511e+01 9.999000e-01
    endloop
  endfacet
  facet normal 0.000000e+00 0.000000e+00 1.000000e+00
    outer loop
      vertex   3.390527e+01 -5.167549e+01 9.999000e-01
      vertex   3.240489e+01 -5.010511e+01 9.999000e-01
      vertex   3.275023e+01 -5.206750e+01 9.999000e-01
    endloop
  endfacet
  facet normal 0.000000e+00 0.000000e+00 1.000000e+00
    outer loop
      vertex   3.275023e+01 -5.206750e+01 9.999000e-01
      vertex   3.240489e+01 -5.010511e+01 9.999000e-01
      vertex   3.138053e+01 -5.032795e+01 9.999000e-01
    endloop
  endfacet
  facet normal 0.000000e+00 0.000000e+00 1.000000e+00
    outer loop
      vertex   3.275023e+01 -5.206750e+01 9.999000e-01
      vertex   3.138053e+01 -5.032795e+01 9.999000e-01
      vertex   3.155203e+01 -5.230667e+01 9.999000e-01
    endloop
  endfacet
  facet normal 0.000000e+00 0.000000e+00 1.000000e+00
    outer loop
      vertex   3.155203e+01 -5.230667e+01 9.999000e-01
      vertex   3.138053e+01 -5.032795e+01 9.999000e-01
      vertex   3.033400e+01 -5.040262e+01 9.999000e-01
    endloop
  endfacet
  facet normal 0.000000e+00 0.000000e+00 1.000000e+00
    outer loop
      vertex   3.155203e+01 -5.230667e+01 9.999000e-01
      vertex   3.033400e+01 -5.040262e+01 9.999000e-01
      vertex   3.033400e+01 -5.238601e+01 9.999000e-01
    endloop
  endfacet
  facet normal 0.000000e+00 -0.000000e+00 1.000000e+00
    outer loop
      vertex   3.033400e+01 -5.238601e+01 9.999000e-01
      vertex   3.033400e+01 -5.040262e+01 9.999000e-01
      vertex   2.683390e+01 -5.040262e+01 9.999000e-01
    endloop
  endfacet
  facet normal 0.000000e+00 0.000000e+00 1.000000e+00
    outer loop
      vertex   3.033400e+01 -5.238601e+01 9.999000e-01
      vertex   2.683390e+01 -5.040262e+01 9.999000e-01
      vertex   7.000000e+00 -5.040262e+01 9.999000e-01
    endloop
  endfacet
  facet normal 0.000000e+00 0.000000e+00 1.000000e+00
    outer loop
      vertex   7.000000e+00 -5.040262e+01 9.999000e-01
      vertex   3.499900e+00 -5.040262e+01 9.999000e-01
      vertex   3.033400e+01 -5.238601e+01 9.999000e-01
    endloop
  endfacet
endsolid
